10.089000
2.459564
2.459429
2.459747
2.460137
2.460690
2.460689
2.461616
2.460676
2.459251
2.459376
2.458891
2.459107
2.458979
2.457819
2.458469
2.458824
2.458302
2.458168
2.458637
2.458310
2.459099
2.458214
2.458375
2.458622
2.458620
2.458324
2.458478
2.458723
2.458507
2.458699
2.457482
2.457249
2.457834
2.458081
2.457896
2.456747
2.456701
2.456897
2.457202
2.456793
2.457644
2.458035
2.458810
2.458853
2.456824
2.456996
2.456799
2.458118
2.457557
2.458666
2.459689
2.460300
2.460405
2.459872
2.459776
2.459980
2.460458
2.458828
2.458473
2.457805
2.457781
2.459297
2.458885
2.459659
2.459928
2.459979
2.459922
2.459826
2.459566
2.459773
2.460501
2.459368
2.459935
2.460331
2.459547
2.459393
2.459256
2.459043
2.460649
2.461008
2.460364
2.460185
2.460266
2.460217
2.459968
2.460056
2.459975
2.459637
2.460104
2.458591
2.458140
2.458122
2.458832
2.458846
2.458453
2.458397
2.457877
2.457581
2.457016
2.470285
2.477517
2.477779
2.478017
2.479230
2.477315
2.478136
2.475365
2.476405
2.475142
2.476479
2.477130
2.477983
2.478499
2.479303
2.479135
2.478772
2.478851
2.478352
2.479680
2.477977
2.478722
2.478991
2.479289
2.479376
2.479199
2.479063
2.478932
2.479511
2.478867
2.478924
2.479023
2.478936
2.478013
2.477415
2.478051
2.478340
2.480071
2.477824
2.471460
2.457795
2.457730
2.458853
2.458330
2.458506
2.458209
2.459044
2.458653
2.458192
2.457588
2.457740
2.459384
2.458532
2.458266
2.458436
2.459229
2.458631
2.458479
2.458552
2.458814
2.459599
2.459224
2.459254
2.458585
2.458155
2.457186
2.457004
2.457026
2.456730
2.457024
2.457389
2.459347
2.458936
2.458604
2.458873
2.458345
2.458608
2.457641
2.456852
2.456327
2.456031
2.456890
2.457545
2.458254
2.458223
2.456770
2.457027
2.456189
2.455740
2.456208
2.456028
2.455155
2.455304
2.455547
2.455218
2.455872
2.456280
2.456483
2.455726
2.455915
2.455656
2.456141
2.456214
2.454693
2.455108
2.455679
2.454482
2.454554
2.454638
2.455534
2.455547
2.455214
2.455282
2.455250
2.455617
2.454661
2.455364
2.455892
2.456068
2.455984
2.455445
2.455802
2.456762
2.457668
2.457163
2.455614
2.454756
2.454844
2.455185
2.454705
2.455204
2.454464
2.457263
2.456511
2.455702
2.455566
2.455636
2.457040
2.454653
2.454814
2.454533
2.455031
2.456144
2.455930
2.456223
2.456269
2.456890
2.455983
2.455416
2.459612
2.477701
2.477818
2.478015
2.477872
2.478135
2.478709
2.478144
2.478347
2.478297
2.478623
2.479187
2.477829
2.477527
2.476936
2.476610
2.473479
2.473878
2.474725
2.474474
2.476501
2.477059
2.477249
2.478202
2.478028
2.477833
2.478052
2.478020
2.477918
2.477214
2.477513
2.477608
2.477652
2.478130
2.478151
2.477656
2.477680
2.477958
2.478626
2.477875
2.477689
2.472351
2.461284
2.454596
2.453843
2.453468
2.452925
2.454252
2.453174
2.452875
2.453030
2.453612
2.453801
2.453039
2.454198
2.455072
2.456130
2.456024
2.455860
2.454771
2.453955
2.454739
2.454550
2.454555
2.455381
2.455798
2.455157
2.455254
2.455023
2.455149
2.454505
2.453689
2.452114
2.453168
2.455720
2.455059
2.454895
2.454863
2.456088
2.456083
2.456031
2.455986
2.456368
2.456547
2.456272
2.456189
2.456242
2.456221
2.457083
2.455468
2.455065
2.454679
2.455791
2.456827
2.456633
2.456713
2.456788
2.457129
2.456690
2.456642
2.456328
2.456698
2.457165
2.456480
2.455486
2.455518
2.455854
2.454959
2.454274
2.454559
2.454551
2.454093
2.452873
2.453620
2.453546
2.454768
2.454127
2.453814
2.453067
2.452349
2.453012
2.453187
2.454026
2.454866
2.454448
2.453755
2.452409
2.453892
2.453900
2.454348
2.454545
2.454578
2.455021
2.453667
2.453819
2.453712
2.454531
2.454044
2.453894
2.453934
2.454814
2.454193
2.454637
2.454086
2.454569
2.453734
2.452913
2.453544
2.454043
2.453156
2.452932
2.453238
2.453437
2.470449
2.477290
2.477331
2.477344
2.477975
2.477536
2.477682
2.476952
2.477423
2.476403
2.475017
2.474557
2.474288
2.475561
2.474204
2.475303
2.476177
2.476817
2.476788
2.477109
2.476739
2.476688
2.476372
2.475905
2.475622
2.475790
2.476346
2.476451
2.475655
2.475451
2.476547
2.475579
2.476606
2.476171
2.476133
2.476478
2.477016
2.475967
2.476718
2.476724
2.475125
2.468203
2.453048
2.452578
2.453145
2.453611
2.452626
2.452452
2.452735
2.452524
2.453454
2.453228
2.453121
2.452821
2.453557
2.452838
2.453689
2.454763
2.455385
2.454447
2.455066
2.455434
2.455493
2.456258
2.455808
2.456040
2.456234
2.455844
2.455472
2.455018
2.454783
2.455655
2.456494
2.456099
2.455502
2.455485
2.455308
2.455674
2.455460
2.455260
2.455316
2.456206
2.454782
2.454072
2.454624
2.454913
2.456399
2.456014
2.454826
2.453871
2.454541
2.453627
2.453601
2.453085
2.454114
2.453855
2.455103
2.454975
2.454858
2.455390
2.455040
2.454442
2.454697
2.453709
2.456277
2.456127
2.455640
2.454448
2.455792
2.454858
2.455283
2.455482
2.455202
2.456071
2.455429
2.455184
2.456455
2.456837
2.456877
2.456440
2.456092
2.455806
2.455474
2.455775
2.455723
2.455985
2.456142
2.455826
2.455420
2.454978
2.455386
2.457028
2.456837
2.456561
2.456232
2.456841
2.457122
2.456560
2.456652
2.455744
2.456989
2.456837
2.456057
2.455173
2.455138
2.455885
2.455689
2.455563
2.455140
2.455148
2.454334
2.453640
2.453684
2.453508
2.453914
2.454643
2.459982
2.476911
2.476648
2.476851
2.477359
2.476686
2.476175
2.476516
2.474376
2.475280
2.475776
2.476157
2.476528
2.475505
2.475243
2.476559
2.477068
2.477220
2.476993
2.477125
2.477171
2.477550
2.477125
2.477744
2.477573
2.477124
2.477393
2.476869
2.476528
2.476512
2.477289
2.476686
2.477067
2.476225
2.477423
2.476861
2.477110
2.477433
2.477315
2.477936
2.477095
2.471427
2.458163
2.453331
2.453227
2.453091
2.452528
2.452961
2.453458
2.452781
2.452871
2.453427
2.453907
2.454049
2.454018
2.453659
2.453379
2.454165
2.454010
2.453663
2.453530
2.453722
2.454003
2.453730
2.453752
2.453724
2.454724
2.454526
2.454454
2.454227
2.453978
2.454866
2.454228
2.454321
2.454131
2.454647
2.454031
2.453577
2.453119
2.452719
2.453689
2.453597
2.453774
2.453948
2.454211
2.454334
2.454202
2.453915
2.453920
2.454687
2.453803
2.453443
2.454436
2.454699
2.454592
2.452417
2.450771
2.452742
2.453319
2.453623
2.454126
2.454317
2.454063
2.453974
2.453858
2.454035
2.455214
2.454645
2.454091
2.454153
2.455315
2.456767
2.456061
2.456180
2.455963
2.454535
2.456130
2.455795
2.455848
2.456041
2.455909
2.454703
2.455078
2.454767
2.456209
2.456678
2.456270
2.455391
2.456334
2.457064
2.456500
2.456427
2.456504
2.457023
2.456107
2.454256
2.455567
2.455779
2.456219
2.456703
2.455031
2.455173
2.455357
2.455619
2.453874
2.455124
2.455710
2.455876
2.455735
2.455843
2.455239
2.454951
2.454718
2.454172
2.455102
2.456033
2.474300
2.479236
2.478752
2.478657
2.478691
2.479439
2.479351
2.478890
2.478757
2.477933
2.477805
2.475250
2.474179
2.475790
2.476948
2.476376
2.476295
2.476332
2.476572
2.476217
2.475451
2.474251
2.475996
2.476522
2.475706
2.477567
2.478642
2.479410
2.479430
2.479184
2.478960
2.479241
2.478247
2.477456
2.477385
2.476613
2.479274
2.478862
2.478349
2.476276
2.469001
2.456095
2.454934
2.454763
2.454015
2.454073
2.453470
2.453107
2.453801
2.454037
2.453995
2.454084
2.453780
2.453873
2.454094
2.453321
2.453424
2.453606
2.454174
2.454817
2.454621
2.454759
2.454537
2.454942
2.454367
2.454593
2.454700
2.455019
2.454836
2.454144
2.454241
2.453816
2.454847
2.454682
2.454083
2.453856
2.454023
2.453791
2.452957
2.452827
2.453496
2.453304
2.452874
2.452893
2.452363
2.451702
2.452478
2.453398
2.453321
2.453555
2.453161
2.453615
2.453250
2.454959
2.455095
2.454828
2.454685
2.454506
2.454617
2.454520
2.454103
2.454789
2.454671
2.455637
2.455233
2.454672
2.454600
2.455298
2.455093
2.455031
2.454762
2.454655
2.454931
2.453750
2.453926
2.453820
2.454910
2.455209
2.454481
2.454317
2.454690
2.455128
2.454746
2.454501
2.454316
2.455094
2.455603
2.454701
2.454241
2.454289
2.455098
2.455265
2.455079
2.455581
2.455580
2.455685
2.455475
2.455065
2.454892
2.455575
2.455510
2.454911
2.454274
2.453775
2.454301
2.453635
2.453855
2.453294
2.453275
2.453872
2.453015
2.453312
2.453362
2.453590
2.460781
2.477043
2.477058
2.477797
2.477816
2.476497
2.477129
2.473512
2.475061
2.475278
2.474254
2.474961
2.476801
2.477540
2.478290
2.477238
2.477500
2.477347
2.477751
2.478937
2.478806
2.478110
2.478545
2.478168
2.478474
2.479177
2.479324
2.478876
2.478842
2.479289
2.479058
2.479873
2.479034
2.478702
2.479032
2.479862
2.479240
2.479014
2.479112
2.479303
2.479360
2.473754
2.459574
2.455201
2.455730
2.455930
2.454876
2.453983
2.453985
2.454423
2.454743
2.455206
2.455157
2.455317
2.455835
2.455034
2.454978
2.455438
2.455474
2.454498
2.452990
2.453623
2.453590
2.453752
2.454562
2.455254
2.454984
2.455698
2.454978
2.455965
2.456605
2.455975
2.456010
2.456082
2.456467
2.455498
2.454666
2.454587
2.454690
2.455793
2.455559
2.455958
2.455677
2.456304
2.456112
2.455792
2.455910
2.456233
2.455913
2.455873
2.455810
2.455426
2.454808
2.455005
2.453727
2.453584
2.453896
2.454227
2.454146
2.454141
2.454172
2.454703
2.455093
2.454637
2.454801
2.454574
2.454486
2.453679
2.453996
2.453899
2.453933
2.455139
2.454379
2.454123
2.454231
2.454842
2.454236
2.454031
2.454243
2.454263
2.454379
2.453381
2.453800
2.454137
2.454216
2.452900
2.452807
2.453116
2.453841
2.454393
2.453461
2.453479
2.453746
2.453630
2.453986
2.454227
2.453696
2.453498
2.454025
2.453582
2.454385
2.454094
2.454199
2.453279
2.453542
2.453456
2.453042
2.454461
2.454420
2.454412
2.454305
2.453886
2.453985
2.453497
2.453706
2.473665
2.478281
2.478024
2.477892
2.477891
2.477390
2.478474
2.477126
2.476976
2.477628
2.478402
2.477563
2.474292
2.476192
2.476489
2.476961
2.478399
2.477434
2.478034
2.477941
2.478476
2.478049
2.477646
2.477882
2.478279
2.478172
2.478183
2.478142
2.478119
2.478333
2.477964
2.477989
2.477307
2.476699
2.477614
2.476854
2.473328
2.465521
2.453918
2.453033
2.453759
2.454138
2.454178
2.454680
2.454000
2.454206
2.453709
2.454320
2.453977
2.453557
2.453558
2.453515
2.453701
2.452547
2.452529
2.453338
2.453483
2.455969
2.455657
2.455653
2.454361
2.455019
2.454898
2.454342
2.455202
2.455911
2.456435
2.454242
2.454718
2.454827
2.455242
2.455445
2.454766
2.453914
2.454348
2.455861
2.454997
2.455326
2.454937
2.454668
2.454217
2.453834
2.454047
2.454625
2.455111
2.454823
2.455729
2.455850
2.456133
2.455649
2.455590
2.455503
2.454873
2.456156
2.455343
2.455578
2.455479
2.454708
2.454045
2.453623
2.454219
2.455274
2.455100
2.453741
2.453533
2.453537
2.453585
2.452906
2.452996
2.453130
2.454292
2.454808
2.454027
2.454089
2.454137
2.454557
2.455646
2.454777
2.455099
2.455337
2.455538
2.455056
2.455072
2.455041
2.455296
2.455799
2.455522
2.454949
2.454618
2.455129
2.454492
2.455257
2.455507
2.455444
2.456066
2.456310
2.456183
2.456136
2.456357
2.456163
2.455888
2.455383
2.454863
2.455153
2.454017
2.453688
2.453450
2.454169
2.454035
2.453610
2.452579
2.454267
2.462984
2.477522
2.477257
2.477373
2.477877
2.477646
2.477319
2.477302
2.475230
2.475271
2.473851
2.476032
2.476304
2.475690
2.475300
2.475618
2.475528
2.475249
2.474945
2.475157
2.475435
2.475130
2.475159
2.475231
2.474899
2.475172
2.475334
2.476277
2.476701
2.475899
2.474548
2.474743
2.476336
2.476271
2.475907
2.475429
2.473568
2.475530
2.476371
2.475611
2.476236
2.477048
2.476810
2.477006
2.477039
2.477238
2.477095
2.476441
2.476749
2.477163
2.477469
2.476815
2.476857
2.476974
2.477433
2.476867
2.476811
2.477108
2.476820
2.477093
2.476282
2.476828
2.476881
2.477424
2.477034
2.477144
2.475139
2.468879
2.453462
2.452284
2.452363
2.452651
2.452657
2.453175
2.452831
2.452621
2.452135
2.453032
2.453241
2.452653
2.452433
2.451884
2.451625
2.452320
2.452036
2.451906
2.452699
2.451894
2.452262
2.453123
2.452945
2.453300
2.453812
2.454809
2.453814
2.451924
2.453862
2.455250
2.455256
2.453324
2.454597
2.454718
2.454957
2.453598
2.453820
2.453658
2.453696
2.455001
2.454110
2.454666
2.454619
2.455051
2.454991
2.454749
2.454817
2.455037
2.455665
2.454875
2.454497
2.453575
2.453818
2.454197
2.454905
2.455142
2.454875
2.455577
2.454759
2.454925
2.454948
2.455533
2.455711
2.455088
2.455176
2.454132
2.454743
2.454311
2.454582
2.455267
2.455478
2.455840
2.454665
2.453924
2.453062
2.453348
2.452930
2.452497
2.453383
2.453613
2.454354
2.453153
2.453402
2.453197
2.454433
2.454263
2.454507
2.454563
2.454564
2.455244
2.453703
2.454435
2.454767
2.454954
2.454946
2.454374
2.454100
2.454036
2.454648
2.454392
2.454348
2.454014
2.453851
2.454675
2.453672
2.453626
2.453524
2.454305
2.453960
2.453884
2.453637
2.453405
2.457664
2.477006
2.477387
2.477151
2.478407
2.477883
2.477989
2.478357
2.477818
2.477389
2.477083
2.476289
2.476468
2.476956
2.475471
2.476525
2.476144
2.475355
2.474853
2.476278
2.476010
2.475487
2.476380
2.475831
2.475746
2.476224
2.476940
2.476295
2.475977
2.476073
2.476178
2.476450
2.476379
2.475848
2.475545
2.476056
2.475885
2.475858
2.476066
2.476537
2.476452
2.475941
2.475537
2.475940
2.476270
2.474776
2.475014
2.474961
2.476028
2.475744
2.474992
2.476112
2.476124
2.476934
2.476475
2.476226
2.476224
2.475737
2.476547
2.475749
2.476758
2.477079
2.477862
2.476090
2.476540
2.477252
2.477396
2.477787
2.477825
2.477757
2.477372
2.472605
2.457009
2.452790
2.453297
2.451947
2.452591
2.452339
2.452271
2.452279
2.453003
2.453685
2.453111
2.453404
2.453642
2.454170
2.453518
2.453192
2.452883
2.453065
2.453676
2.453877
2.454507
2.454356
2.454898
2.454538
2.454330
2.454326
2.453530
2.453861
2.453782
2.453005
2.453663
2.454171
2.453616
2.453651
2.454027
2.454147
2.454722
2.453988
2.453759
2.453228
2.454104
2.453989
2.453351
2.453957
2.454085
2.453291
2.453157
2.453586
2.453815
2.453976
2.453695
2.453537
2.453151
2.452564
2.453056
2.451814
2.452681
2.453146
2.454621
2.455030
2.454734
2.454575
2.454605
2.454897
2.455652
2.455873
2.455757
2.455543
2.456320
2.455634
2.455536
2.455341
2.456093
2.455531
2.455060
2.454689
2.453983
2.454456
2.454160
2.454911
2.454954
2.455686
2.455477
2.454864
2.455107
2.455086
2.456088
2.455081
2.455677
2.455650
2.455916
2.455292
2.454467
2.454889
2.455882
2.456380
2.455968
2.455677
2.455709
2.456204
2.456236
2.455374
2.455209
2.455472
2.455469
2.453449
2.452749
2.452495
2.452626
2.453396
2.452229
2.452768
2.453113
2.453040
2.453163
2.473900
2.476466
2.476403
2.476903
2.476791
2.476534
2.477350
2.477158
2.475091
2.474013
2.473367
2.475240
2.475075
2.474298
2.476062
2.475625
2.475848
2.475782
2.475444
2.475196
2.476238
2.476715
2.476996
2.476266
2.476890
2.478002
2.477316
2.477720
2.477387
2.477647
2.477584
2.477513
2.477506
2.477393
2.477522
2.476467
2.476597
2.477224
2.478352
2.477520
2.477711
2.477909
2.477720
2.478120
2.477263
2.477588
2.477433
2.478055
2.477951
2.477558
2.477583
2.477679
2.478133
2.477999
2.477683
2.477601
2.478281
2.478008
2.477708
2.477559
2.477689
2.478274
2.477632
2.476536
2.476521
2.476643
2.476636
2.476448
2.476288
2.471892
2.458809
2.453704
2.453599
2.454606
2.453840
2.453144
2.453852
2.453892
2.454001
2.453111
2.453403
2.453706
2.454045
2.454231
2.452480
2.453781
2.452930
2.454524
2.453791
2.454270
2.454314
2.454529
2.455029
2.453769
2.453295
2.452762
2.453318
2.453721
2.454529
2.454683
2.454193
2.454042
2.453223
2.453554
2.453629
2.454448
2.454167
2.453574
2.453594
2.453169
2.453509
2.453281
2.453382
2.453502
2.455374
2.455859
2.454808
2.455043
2.455177
2.455822
2.455054
2.455326
2.455148
2.454774
2.454507
2.454056
2.453886
2.455051
2.455808
2.455541
2.455397
2.454600
2.453331
2.453445
2.453130
2.452919
2.453358
2.453480
2.453697
2.453946
2.454279
2.454250
2.455939
2.455199
2.454250
2.454382
2.455100
2.454225
2.454864
2.454837
2.454073
2.455851
2.454965
2.454678
2.454404
2.454348
2.454700
2.455330
2.454342
2.454081
2.454176
2.453416
2.453098
2.452496
2.454188
2.454286
2.453965
2.454526
2.454119
2.454528
2.453821
2.453537
2.453502
2.453988
2.454304
2.453265
2.453768
2.453966
2.453705
2.453521
2.453409
2.453837
2.454087
2.452909
2.469759
2.477063
2.477288
2.477620
2.477779
2.477244
2.477480
2.478175
2.477332
2.477366
2.477244
2.477646
2.477000
2.475883
2.475906
2.476367
2.477188
2.475581
2.475260
2.474033
2.475041
2.475658
2.474588
2.475527
2.475925
2.476451
2.476115
2.475995
2.475566
2.476886
2.477260
2.477909
2.477733
2.477732
2.478656
2.478034
2.477761
2.477986
2.477827
2.478241
2.477219
2.477791
2.477814
2.478135
2.478504
2.477770
2.477731
2.478072
2.478742
2.478032
2.478079
2.478073
2.478275
2.477992
2.477834
2.477985
2.477709
2.478471
2.477561
2.477777
2.478113
2.478280
2.478329
2.478026
2.477725
2.477708
2.477625
2.477239
2.476705
2.477296
2.477854
2.474599
2.464681
2.453020
2.453490
2.453983
2.453462
2.453253
2.452859
2.453231
2.453814
2.452359
2.451931
2.451867
2.452481
2.452630
2.453242
2.452854
2.452970
2.452934
2.452741
2.453684
2.454209
2.455638
2.455432
2.455258
2.455382
2.455029
2.455698
2.455098
2.455049
2.455171
2.455625
2.454473
2.453796
2.453907
2.454084
2.454662
2.453345
2.453912
2.453829
2.454761
2.454889
2.454426
2.454907
2.454710
2.455594
2.455212
2.454179
2.453996
2.454306
2.454585
2.454938
2.455173
2.455281
2.455924
2.455088
2.455297
2.454531
2.455183
2.455608
2.455162
2.455341
2.454192
2.453578
2.453610
2.453584
2.455062
2.455414
2.456087
2.455176
2.455345
2.455091
2.455229
2.455513
2.455150
2.455196
2.455005
2.454591
2.452334
2.452613
2.452432
2.452452
2.453299
2.453853
2.454930
2.454691
2.455226
2.454798
2.454858
2.454983
2.455245
2.455146
2.454625
2.454528
2.453708
2.454935
2.455318
2.455621
2.455496
2.455584
2.456287
2.455545
2.455487
2.455481
2.455968
2.455411
2.455125
2.453331
2.454114
2.454451
2.453141
2.453418
2.452812
2.453319
2.453527
2.452279
2.464436
2.476928
2.477661
2.477068
2.477009
2.477321
2.477739
2.477627
2.477172
2.476626
2.474742
2.475153
2.474603
2.475811
2.474982
2.475890
2.476221
2.475531
2.475634
2.475512
2.475665
2.475967
2.476175
2.476478
2.476315
2.477141
2.476712
2.476660
2.476233
2.476571
2.476215
2.475771
2.475831
2.476373
2.476050
2.476244
2.476295
2.476866
2.476383
2.475504
2.474888
2.475700
2.477368
2.477669
2.477304
2.477068
2.476219
2.477719
2.477515
2.477627
2.477185
2.477975
2.477123
2.477761
2.477624
2.477816
2.477944
2.477688
2.477759
2.477826
2.478272
2.477803
2.477604
2.477882
2.477924
2.477955
2.477797
2.477858
2.477915
2.478256
2.475598
2.468424
2.454363
2.453613
2.454234
2.453126
2.453249
2.453108
2.453769
2.453922
2.453092
2.452890
2.452933
2.454072
2.452759
2.453368
2.453415
2.453964
2.454145
2.453675
2.453144
2.453999
2.454733
2.453744
2.454051
2.453057
2.453024
2.453499
2.452868
2.452887
2.453080
2.454655
2.454206
2.453303
2.453671
2.453955
2.453904
2.453676
2.454612
2.454903
2.454672
2.453842
2.453775
2.453042
2.453316
2.454271
2.454314
2.454461
2.454788
2.455238
2.454693
2.454964
2.455087
2.454920
2.455735
2.454100
2.454290
2.453873
2.454599
2.455747
2.455538
2.455471
2.455308
2.456322
2.455599
2.455305
2.455583
2.455614
2.455842
2.455664
2.454462
2.454554
2.454993
2.454441
2.455599
2.455398
2.455721
2.455495
2.455091
2.455334
2.455347
2.456079
2.454125
2.453905
2.453803
2.454332
2.454478
2.454489
2.454530
2.455434
2.456199
2.454671
2.454485
2.454607
2.454784
2.454994
2.454844
2.454951
2.454494
2.455071
2.454919
2.454144
2.453724
2.453814
2.454920
2.454348
2.454091
2.453647
2.454155
2.454387
2.453755
2.454252
2.454120
2.454672
2.454275
2.453624
2.459706
2.477697
2.477462
2.477673
2.477660
2.477718
2.478471
2.478596
2.477759
2.477602
2.478101
2.478188
2.478003
2.477471
2.476700
2.476783
2.475533
2.474391
2.475086
2.475194
2.475480
2.475170
2.475799
2.476129
2.476574
2.476203
2.475854
2.476975
2.476996
2.477548
2.476992
2.477093
2.477149
2.477866
2.477532
2.477492
2.477471
2.477248
2.477064
2.476235
2.476236
2.475786
2.476332
2.476565
2.476743
2.477077
2.477134
2.477594
2.477279
2.477105
2.476869
2.477157
2.477190
2.476665
2.476338
2.476093
2.474933
2.474391
2.475446
2.475793
2.476574
2.477034
2.476405
2.476125
2.476434
2.477123
2.476134
2.476096
2.477353
2.477353
2.478014
2.476576
2.471299
2.454789
2.453101
2.452475
2.452717
2.452749
2.452771
2.452583
2.452795
2.452295
2.452100
2.453626
2.453373
2.452831
2.453113
2.453413
2.453983
2.453074
2.452566
2.452528
2.453285
2.453508
2.454036
2.453983
2.453928
2.454700
2.453993
2.453758
2.453697
2.454086
2.454439
2.453949
2.452570
2.453367
2.453531
2.453397
2.453536
2.453386
2.453541
2.454079
2.453396
2.453402
2.452967
2.454227
2.453277
2.453697
2.453864
2.452761
2.452777
2.452356
2.452376
2.452855
2.454205
2.454416
2.453437
2.453952
2.453741
2.454271
2.453787
2.453815
2.452789
2.452580
2.452400
2.452573
2.452444
2.452654
2.453394
2.452812
2.453566
2.452669
2.453841
2.454429
2.454678
2.454775
2.454864
2.455218
2.454942
2.454476
2.453952
2.454079
2.454243
2.454503
2.454014
2.454739
2.454963
2.454555
2.454849
2.455007
2.455040
2.455713
2.454977
2.455161
2.454676
2.454752
2.454751
2.454459
2.455115
2.455437
2.456089
2.455453
2.455275
2.455262
2.455462
2.455220
2.454710
2.454587
2.454322
2.454179
2.453507
2.453369
2.453693
2.454901
2.455238
2.454746
2.454678
2.457002
2.477022
2.477673
2.477659
2.477364
2.477877
2.478361
2.476820
2.476521
2.476450
2.477043
2.476057
2.476804
2.476560
2.476470
2.475783
2.475239
2.475394
2.475677
2.475499
2.476500
2.476044
2.475789
2.475920
2.477107
2.476376
2.476584
2.476603
2.476951
2.476931
2.476196
2.477501
2.477361
2.478375
2.477598
2.477377
2.477496
2.477509
2.478102
2.477649
2.477335
2.477683
2.477819
2.477502
2.477810
2.478080
2.477922
2.477811
2.477654
2.477505
2.477399
2.478315
2.477264
2.477471
2.477155
2.477117
2.477895
2.477921
2.477936
2.477762
2.478297
2.477861
2.477664
2.477689
2.476979
2.478551
2.477800
2.477855
2.477883
2.478205
2.478117
2.477751
2.473052
2.458709
2.453478
2.453220
2.453121
2.452456
2.452110
2.452186
2.452624
2.452277
2.452659
2.452620
2.452251
2.451565
2.453459
2.453930
2.453554
2.452914
2.453526
2.453584
2.454064
2.454084
2.453816
2.454106
2.454300
2.454544
2.453303
2.453437
2.453238
2.454244
2.454403
2.454104
2.454262
2.454041
2.454556
2.453721
2.453941
2.453242
2.453753
2.453630
2.453433
2.453098
2.452781
2.453370
2.453215
2.453788
2.454661
2.455050
2.454932
2.454643
2.454579
2.454720
2.454279
2.453047
2.453681
2.453758
2.454096
2.454029
2.454233
2.455137
2.455221
2.456060
2.455412
2.455262
2.455323
2.455162
2.455574
2.455035
2.455158
2.455032
2.454330
2.454044
2.453930
2.454112
2.453910
2.453640
2.452934
2.452665
2.452914
2.452776
2.454447
2.454079
2.454613
2.455319
2.454067
2.453989
2.454026
2.453791
2.454326
2.454113
2.455439
2.455766
2.455634
2.453911
2.455433
2.455876
2.455846
2.455327
2.454528
2.454137
2.454841
2.454000
2.455026
2.454826
2.454865
2.454670
2.454860
2.455014
2.454606
2.455128
2.454830
2.454480
2.454196
2.454168
2.474214
2.478335
2.478588
2.479376
2.478919
2.479244
2.479351
2.479528
2.479228
2.480081
2.479571
2.479159
2.479128
2.479542
2.478199
2.475984
2.475222
2.475199
2.475470
2.475573
2.476375
2.477472
2.478194
2.478665
2.478123
2.477058
2.476892
2.477732
2.476465
2.476828
2.476797
2.477849
2.478840
2.478592
2.478091
2.477602
2.477735
2.477740
2.477233
2.476381
2.477998
2.478537
2.478136
2.478496
2.478013
2.478040
2.478173
2.477902
2.478129
2.477965
2.478567
2.478122
2.477973
2.478094
2.478302
2.477981
2.478045
2.477859
2.478169
2.478065
2.477581
2.477686
2.477586
2.478144
2.478090
2.477809
2.477863
2.477438
2.477129
2.477307
2.472411
2.461230
2.452115
2.451558
2.451925
2.452208
2.452860
2.452083
2.451058
2.452041
2.453049
2.453392
2.451668
2.453018
2.452066
2.452536
2.453539
2.453237
2.453326
2.452687
2.452893
2.452325
2.452666
2.452566
2.453344
2.452915
2.452694
2.452636
2.453010
2.454486
2.453722
2.453792
2.453838
2.453519
2.453389
2.453062
2.452848
2.453152
2.454554
2.453384
2.453343
2.452861
2.453331
2.453554
2.452505
2.452917
2.453386
2.454224
2.453342
2.452897
2.452841
2.453198
2.454137
2.453467
2.453635
2.453448
2.454133
2.452686
2.452371
2.452366
2.452688
2.453317
2.453318
2.453130
2.452927
2.453284
2.452564
2.452828
2.453202
2.454582
2.454075
2.454449
2.454703
2.454758
2.454829
2.454863
2.454621
2.454502
2.454066
2.454368
2.453217
2.452977
2.454293
2.454095
2.454689
2.454472
2.454404
2.454384
2.454992
2.453147
2.452023
2.452325
2.452801
2.452729
2.453121
2.453501
2.453800
2.455127
2.454838
2.454721
2.454838
2.454519
2.454893
2.454243
2.454082
2.454075
2.454522
2.453760
2.452703
2.452877
2.453288
2.453804
2.453732
2.452646
2.452841
2.453870
2.468625
2.478444
2.478549
2.478514
2.479098
2.478445
2.478529
2.477873
2.478476
2.477702
2.473916
2.473663
2.474646
2.474746
2.476033
2.476445
2.477149
2.477924
2.478236
2.477887
2.477886
2.477989
2.478135
2.477891
2.478045
2.477717
2.478389
2.478279
2.478048
2.477773
2.478045
2.478486
2.478088
2.477757
2.477757
2.478088
2.478068
2.477183
2.477685
2.477602
2.477354
2.476552
2.476519
2.475898
2.476148
2.477664
2.476385
2.475439
2.476028
2.476425
2.475971
2.476956
2.477027
2.476816
2.477077
2.477034
2.477207
2.477257
2.476932
2.476974
2.477060
2.477998
2.477307
2.477478
2.476934
2.476751
2.477470
2.476856
2.477022
2.473996
2.465992
2.451674
2.452042
2.452838
2.452701
2.453120
2.452656
2.452340
2.451874
2.452727
2.452332
2.451876
2.451762
2.451615
2.452483
2.453034
2.453461
2.453518
2.454283
2.453829
2.453232
2.453830
2.453939
2.454700
2.453922
2.453340
2.452964
2.453544
2.453315
2.453493
2.453623
2.453914
2.454537
2.453834
2.453855
2.452810
2.451981
2.451562
2.451446
2.451564
2.451721
2.452414
2.452102
2.452320
2.453282
2.452998
2.452991
2.453476
2.453388
2.453290
2.453862
2.453547
2.453625
2.453750
2.453860
2.453544
2.451435
2.452574
2.452483
2.453499
2.453861
2.452971
2.452562
2.452564
2.453448
2.452913
2.454678
2.454758
2.454905
2.455027
2.454004
2.453781
2.453872
2.454413
2.454674
2.454814
2.454740
2.455106
2.455226
2.454740
2.454774
2.454627
2.454377
2.454652
2.454865
2.454201
2.454013
2.454474
2.454286
2.455162
2.455088
2.455956
2.455420
2.455135
2.454965
2.454932
2.455527
2.455276
2.455074
2.455056
2.455211
2.454286
2.454093
2.452267
2.452854
2.453927
2.453098
2.453359
2.453465
2.453833
2.452953
2.452898
2.453131
2.454005
2.454382
2.462648
2.477526
2.477490
2.477689
2.478138
2.477738
2.478294
2.478609
2.478698
2.478055
2.477994
2.478138
2.478181
2.478388
2.478146
2.477640
2.476466
2.475778
2.475235
2.475740
2.475319
2.475854
2.477084
2.477220
2.478046
2.477973
2.478702
2.478302
2.478257
2.478091
2.477826
2.478935
2.478118
2.478121
2.478320
2.478417
2.478177
2.478244
2.478088
2.478350
2.478560
2.478247
2.476909
2.477558
2.477095
2.476856
2.477014
2.476753
2.476178
2.477839
2.477110
2.477457
2.476881
2.477517
2.477025
2.476654
2.477162
2.477280
2.478004
2.477258
2.476854
2.477072
2.477603
2.477483
2.477131
2.477394
2.476941
2.477660
2.476928
2.476998
2.476624
2.475381
2.469556
2.452263
2.451672
2.451061
2.451195
2.451303
2.451015
2.451527
2.450636
2.450843
2.449610
2.449265
2.449166
2.450085
2.449253
2.450141
2.449819
2.451199
2.451813
2.450768
2.451504
2.451018
2.451703
2.451494
2.451240
2.450727
2.451017
2.452184
2.451473
2.452212
2.452728
2.452507
2.452282
2.450944
2.450880
2.447405
2.447767
2.447797
2.447778
2.448652
2.449296
2.449789
2.449609
2.449490
2.449542
2.449688
2.450614
2.450439
2.450103
2.449749
2.450730
2.450313
2.450718
2.451009
2.451544
2.451432
2.451269
2.451195
2.450510
2.451849
2.451023
2.451041
2.451120
2.451205
2.451019
2.450632
2.450376
2.450157
2.451216
2.450554
2.450783
2.451761
2.451406
2.451538
2.451202
2.451238
2.451119
2.452361
2.451839
2.451325
2.451266
2.451420
2.452313
2.451279
2.452245
2.452292
2.452862
2.452200
2.450548
2.451274
2.450526
2.451660
2.450479
2.452314
2.452048
2.452111
2.452572
2.453100
2.453194
2.453663
2.453937
2.453330
2.452967
2.453188
2.453576
2.453321
2.452810
2.452720
2.452273
2.452648
2.451872
2.452185
2.452986
2.453182
2.453396
2.457199
2.477798
2.477537
2.477669
2.476956
2.478523
2.478980
2.479498
2.477780
2.477097
2.476969
2.474117
2.474611
2.475526
2.474576
2.475938
2.477168
2.477915
2.477203
2.477971
2.477695
2.478563
2.478272
2.477557
2.477877
2.478055
2.478394
2.478099
2.477989
2.478008
2.477935
2.478459
2.478068
2.477832
2.478149
2.478597
2.477714
2.478207
2.477668
2.477521
2.476553
2.476829
2.477106
2.476456
2.477819
2.477686
2.477175
2.478799
2.478668
2.477617
2.478411
2.478350
2.478334
2.478846
2.478418
2.477100
2.477220
2.476983
2.477048
2.476443
2.475855
2.476259
2.476872
2.475556
2.476349
2.476722
2.476369
2.476547
2.476230
2.476468
2.471464
2.454379
2.451516
2.451348
2.451522
2.450835
2.451262
2.450948
2.451184
2.451546
2.451503
2.451591
2.450935
2.451710
2.451117
2.451507
2.451620
2.451775
2.451952
2.451703
2.451712
2.451203
2.452348
2.452001
2.451578
2.451865
2.452744
2.452275
2.451588
2.451929
2.452317
2.453397
2.453213
2.452599
2.452541
2.451802
2.451118
2.450582
2.450598
2.450332
2.450773
2.450976
2.450801
2.451189
2.451325
2.452762
2.452055
2.452408
2.451766
2.451906
2.452303
2.452065
2.452180
2.452337
2.452776
2.452266
2.452227
2.451357
2.451356
2.452055
2.452436
2.452338
2.452346
2.452803
2.452345
2.452206
2.452186
2.452705
2.452756
2.452534
2.452699
2.451485
2.451833
2.451162
2.451248
2.451385
2.451637
2.453292
2.452238
2.452429
2.452572
2.452613
2.452406
2.451955
2.452247
2.452626
2.453229
2.452639
2.452511
2.453033
2.454494
2.454558
2.454380
2.454346
2.454333
2.455088
2.452962
2.454341
2.454154
2.454428
2.454469
2.453272
2.452525
2.451478
2.452481
2.450714
2.451245
2.452362
2.452450
2.453119
2.453642
2.453386
2.453458
2.454112
2.453699
2.454194
2.475839
2.478620
2.478391
2.477809
2.476059
2.474257
2.476245
2.475173
2.475529
2.476181
2.476136
2.478026
2.478044
2.477930
2.479005
2.478704
2.478201
2.477835
2.478351
2.479258
2.479649
2.479035
2.478822
2.479000
2.479441
2.479344
2.479230
2.479066
2.479160
2.479779
2.478690
2.479034
2.479207
2.479393
2.479414
2.479112
2.479187
2.479155
2.479873
2.479197
2.478984
2.479117
2.479438
2.479337
2.479229
2.478999
2.479032
2.479721
2.479352
2.479194
2.479288
2.479381
2.479773
2.478196
2.477079
2.476970
2.477671
2.477292
2.476599
2.478350
2.478850
2.479581
2.478772
2.477716
2.477740
2.477259
2.477124
2.476703
2.476347
2.476185
2.477764
2.472051
2.458923
2.451354
2.451946
2.451587
2.450823
2.451227
2.451406
2.452400
2.451380
2.451688
2.451866
2.451779
2.451730
2.451551
2.451403
2.451161
2.451789
2.451656
2.451348
2.451283
2.451745
2.452098
2.451935
2.452021
2.452305
2.452590
2.452235
2.452201
2.452130
2.451863
2.452701
2.451854
2.451364
2.451928
2.451558
2.451050
2.450826
2.451698
2.452390
2.451710
2.451711
2.451463
2.451916
2.452099
2.451203
2.451522
2.451985
2.452042
2.450487
2.450560
2.451062
2.450869
2.449932
2.450975
2.451590
2.453271
2.452324
2.452748
2.452774
2.453300
2.452930
2.452176
2.451031
2.451512
2.452137
2.452834
2.452978
2.452855
2.452598
2.453599
2.452624
2.452587
2.452490
2.452887
2.451918
2.450966
2.451385
2.451127
2.451975
2.451546
2.451978
2.452064
2.452813
2.452531
2.452366
2.452036
2.452138
2.452940
2.452313
2.452652
2.452474
2.452898
2.452694
2.452686
2.452745
2.453279
2.454646
2.453890
2.453765
2.453890
2.453913
2.453815
2.453372
2.453311
2.453464
2.453808
2.452442
2.452224
2.452058
2.452691
2.453703
2.453053
2.453182
2.471786
2.479565
2.478117
2.477022
2.477074
2.476932
2.477275
2.478294
2.478208
2.478157
2.477136
2.474278
2.475247
2.474881
2.474909
2.475830
2.476076
2.477399
2.477292
2.478262
2.478870
2.479077
2.478995
2.477996
2.478341
2.477540
2.478475
2.478895
2.479003
2.479180
2.478241
2.479317
2.478978
2.479290
2.478864
2.478757
2.478665
2.479198
2.478871
2.478611
2.478809
2.478724
2.479204
2.478661
2.478749
2.478631
2.478932
2.479453
2.478408
2.478670
2.478752
2.479333
2.479008
2.478584
2.478750
2.478642
2.478944
2.478734
2.478663
2.478748
2.479189
2.479202
2.478980
2.478851
2.478898
2.479669
2.478884
2.479149
2.478102
2.478738
2.477295
2.473066
2.461978
2.449833
2.450366
2.450173
2.449380
2.449170
2.451177
2.451141
2.450917
2.451508
2.451910
2.451829
2.451079
2.450907
2.450824
2.451780
2.452152
2.451524
2.451837
2.451736
2.451794
2.452523
2.452488
2.452067
2.452565
2.453255
2.452590
2.451955
2.451864
2.452484
2.452708
2.452763
2.452347
2.452229
2.452852
2.451774
2.451690
2.451676
2.451868
2.452198
2.451302
2.451692
2.452407
2.451391
2.451707
2.452012
2.452666
2.452894
2.452031
2.451527
2.452590
2.453161
2.452614
2.452445
2.452534
2.452487
2.452168
2.451537
2.451783
2.452052
2.452922
2.452904
2.452741
2.452554
2.451572
2.451741
2.451011
2.451372
2.450613
2.451550
2.451176
2.452241
2.452071
2.451863
2.453268
2.452767
2.452495
2.452486
2.452883
2.452126
2.451499
2.451548
2.451574
2.452957
2.452688
2.452618
2.451785
2.452553
2.452689
2.453082
2.453259
2.453065
2.453929
2.453341
2.452737
2.452722
2.453310
2.453690
2.453488
2.453446
2.453167
2.453929
2.453134
2.452580
2.453806
2.453982
2.454361
2.453708
2.453972
2.453985
2.454717
2.454470
2.453969
2.454043
2.466316
2.479041
2.478318
2.478163
2.478058
2.475692
2.475044
2.476311
2.475072
2.476240
2.478205
2.477710
2.477876
2.478138
2.478489
2.478495
2.478292
2.477406
2.476906
2.477531
2.477067
2.477429
2.477749
2.477785
2.477794
2.477502
2.477278
2.477294
2.478060
2.477521
2.477298
2.476910
2.477120
2.477232
2.477363
2.477477
2.478307
2.479048
2.478270
2.478295
2.478309
2.478212
2.479177
2.477810
2.478323
2.478368
2.478794
2.478696
2.478337
2.478545
2.478384
2.478810
2.478631
2.478335
2.478412
2.478738
2.478380
2.478199
2.478579
2.478507
2.479076
2.478333
2.478435
2.478365
2.478567
2.478899
2.478786
2.478524
2.478474
2.478994
2.478413
2.475713
2.468979
2.452875
2.452963
2.452351
2.451902
2.451707
2.452302
2.451539
2.450988
2.450783
2.451388
2.451495
2.450364
2.451446
2.451126
2.452092
2.451947
2.451521
2.451679
2.452643
2.451802
2.452236
2.452055
2.451374
2.449638
2.450612
2.450806
2.450602
2.451746
2.451084
2.451475
2.451900
2.452202
2.452353
2.451610
2.451645
2.451633
2.452858
2.451982
2.452261
2.452780
2.453062
2.452869
2.452729
2.452934
2.452790
2.453157
2.452669
2.452595
2.453157
2.453518
2.453234
2.454066
2.454242
2.455149
2.454431
2.454207
2.453275
2.454251
2.454580
2.454017
2.454048
2.453828
2.453578
2.453824
2.453136
2.453952
2.454175
2.454884
2.453881
2.454245
2.454025
2.454386
2.454600
2.454025
2.454405
2.454260
2.454561
2.453346
2.453172
2.452817
2.453761
2.454093
2.453379
2.452747
2.453106
2.453886
2.453716
2.454277
2.454469
2.454287
2.454874
2.454062
2.453763
2.453574
2.453962
2.453207
2.452831
2.452767
2.453049
2.453121
2.452441
2.452518
2.452717
2.453446
2.453447
2.454073
2.453830
2.453766
2.454560
2.453560
2.454358
2.454802
2.461977
2.479556
2.479475
2.479423
2.479547
2.479959
2.479202
2.479529
2.479344
2.478836
2.478858
2.476872
2.474111
2.475828
2.475758
2.476054
2.477190
2.477767
2.478604
2.478609
2.478703
2.478606
2.478821
2.479299
2.478564
2.478525
2.478526
2.478493
2.479280
2.478812
2.478727
2.478315
2.478966
2.478907
2.478263
2.478322
2.478828
2.478146
2.477101
2.477317
2.478316
2.478651
2.478811
2.479029
2.479123
2.479071
2.480007
2.479045
2.479032
2.478902
2.479174
2.479049
2.477761
2.477143
2.477238
2.477250
2.476571
2.477027
2.476702
2.479212
2.479581
2.479192
2.479317
2.479374
2.479740
2.479166
2.479200
2.479314
2.479209
2.478740
2.478982
2.478047
2.473054
2.456717
2.454224
2.454318
2.454096
2.454371
2.454476
2.453888
2.453965
2.454053
2.454667
2.454378
2.452981
2.452378
2.451662
2.452377
2.451603
2.451988
2.451398
2.453242
2.453072
2.453011
2.452958
2.453173
2.453620
2.453054
2.453368
2.453169
2.453029
2.453089
2.452698
2.452953
2.453402
2.453951
2.452891
2.453082
2.452785
2.452778
2.453089
2.452703
2.452325
2.452635
2.453100
2.452841
2.452827
2.452339
2.452206
2.452483
2.451450
2.451334
2.452273
2.452552
2.451711
2.451193
2.451515
2.452561
2.453901
2.453150
2.452821
2.452675
2.453002
2.451661
2.453408
2.453914
2.453663
2.454477
2.453262
2.453305
2.453536
2.453904
2.454252
2.453713
2.453219
2.452546
2.453349
2.453018
2.453318
2.453609
2.453544
2.453780
2.453504
2.453395
2.453197
2.454115
2.453048
2.453572
2.453265
2.453266
2.453554
2.452962
2.452490
2.452763
2.453967
2.453449
2.453632
2.454145
2.453845
2.454056
2.454029
2.454065
2.454127
2.454538
2.453615
2.452811
2.452819
2.452480
2.453710
2.453234
2.453244
2.452703
2.454038
2.454013
2.453340
2.453297
2.453269
2.456706
2.476330
2.477440
2.477018
2.477909
2.477708
2.476968
2.476986
2.475953
2.476178
2.475781
2.475947
2.475491
2.477309
2.478262
2.478072
2.478273
2.478017
2.478898
2.478468
2.478212
2.478484
2.478573
2.479041
2.478344
2.478371
2.478384
2.478797
2.478647
2.478351
2.478474
2.478680
2.478114
2.478331
2.478627
2.478448
2.478905
2.478789
2.478456
2.478470
2.478562
2.478845
2.478051
2.477678
2.477359
2.476984
2.478036
2.478220
2.479213
2.479631
2.480118
2.479652
2.479196
2.478422
2.479280
2.479652
2.479337
2.478952
2.479240
2.479881
2.479423
2.479334
2.478940
2.479176
2.479774
2.479432
2.479663
2.478455
2.477894
2.477648
2.476938
2.477890
2.472808
2.458674
2.454171
2.454216
2.453510
2.453749
2.453974
2.454199
2.454032
2.454355
2.454545
2.454349
2.454286
2.454295
2.454344
2.454239
2.453593
2.454015
2.453859
2.455007
2.453268
2.452527
2.451991
2.452453
2.452813
2.452562
2.452174
2.453210
2.453503
2.453516
2.453297
2.453046
2.453434
2.453824
2.452282
2.452583
2.452875
2.452281
2.452607
2.452478
2.452576
2.453058
2.453135
2.453098
2.453266
2.453807
2.453400
2.452826
2.453310
2.453336
2.453912
2.453251
2.452918
2.452853
2.453896
2.453793
2.453667
2.453372
2.453745
2.453041
2.451548
2.453048
2.452832
2.452927
2.453558
2.452946
2.452648
2.452654
2.453755
2.452888
2.454013
2.453489
2.453777
2.453888
2.453246
2.453188
2.453337
2.453586
2.453400
2.452711
2.452267
2.452205
2.452055
2.452365
2.453170
2.453158
2.453703
2.453262
2.453290
2.453364
2.453218
2.454019
2.453111
2.453346
2.452303
2.452320
2.452297
2.451863
2.452208
2.453060
2.453995
2.453212
2.453068
2.453045
2.453159
2.453123
2.452718
2.452626
2.452723
2.452801
2.451937
2.452013
2.451887
2.452937
2.453599
2.474114
2.478433
2.478235
2.478780
2.478119
2.478098
2.478028
2.478446
2.478878
2.477970
2.478060
2.476962
2.476050
2.476263
2.476404
2.475919
2.476820
2.477145
2.476311
2.476898
2.476934
2.476957
2.476897
2.478186
2.478092
2.478496
2.479048
2.478335
2.478644
2.478436
2.478627
2.478564
2.478343
2.478399
2.478509
2.478402
2.478059
2.478404
2.478117
2.478437
2.478538
2.478435
2.478209
2.478305
2.479047
2.478657
2.478396
2.478383
2.478884
2.479491
2.478999
2.479045
2.478998
2.479674
2.478554
2.478181
2.477741
2.478028
2.478851
2.478709
2.479093
2.479022
2.479635
2.479249
2.479251
2.479264
2.479348
2.479902
2.479063
2.479032
2.479217
2.475450
2.463499
2.453524
2.453600
2.453262
2.454116
2.453635
2.453468
2.453273
2.452126
2.452022
2.451376
2.451084
2.452613
2.452729
2.452451
2.453137
2.453861
2.454446
2.454458
2.454097
2.454127
2.454125
2.454684
2.454456
2.454517
2.454547
2.454537
2.454274
2.453290
2.452973
2.452591
2.452860
2.452143
2.450793
2.450887
2.451181
2.450941
2.450815
2.451335
2.450975
2.451559
2.450983
2.451074
2.450851
2.450978
2.451870
2.451399
2.451499
2.452213
2.452965
2.452962
2.452087
2.452660
2.452388
2.452884
2.452502
2.452676
2.452827
2.452441
2.452559
2.452056
2.452211
2.453436
2.454061
2.453312
2.453225
2.452950
2.453103
2.453477
2.453039
2.452875
2.452327
2.452170
2.452221
2.451841
2.451648
2.452176
2.451785
2.451720
2.450958
2.450145
2.451917
2.450337
2.449148
2.452033
2.453416
2.452597
2.452580
2.452700
2.452641
2.452883
2.452807
2.452630
2.452639
2.453124
2.452405
2.452326
2.452714
2.452621
2.452316
2.451533
2.451917
2.450800
2.450995
2.449862
2.449099
2.450112
2.451228
2.451041
2.450962
2.450432
2.450371
2.450620
2.450603
2.466508
2.477194
2.477040
2.477112
2.476503
2.476219
2.473485
2.475529
2.474481
2.474630
2.474161
2.475111
2.475686
2.475361
2.476327
2.475905
2.476661
2.476553
2.476165
2.476016
2.476323
2.477834
2.477527
2.477466
2.477377
2.478023
2.478087
2.477506
2.476217
2.476102
2.476948
2.476429
2.476434
2.476728
2.476991
2.477307
2.476597
2.476664
2.476458
2.477093
2.476779
2.477261
2.477248
2.477630
2.477622
2.477368
2.477453
2.477435
2.477981
2.477399
2.477193
2.477466
2.477844
2.478104
2.477502
2.477339
2.477393
2.477731
2.477751
2.477487
2.477552
2.477461
2.478036
2.477487
2.477669
2.476843
2.477180
2.477347
2.477054
2.476949
2.477474
2.474814
2.465023
2.450879
2.450459
2.451520
2.451497
2.450836
2.450502
2.451019
2.451565
2.451238
2.451093
2.451358
2.451535
2.452089
2.451249
2.451249
2.451321
2.451777
2.451761
2.451748
2.451558
2.451552
2.452188
2.451365
2.451780
2.451490
2.452212
2.449519
2.447568
2.448982
2.450960
2.452571
2.451597
2.451068
2.451034
2.451733
2.451615
2.451987
2.451379
2.453462
2.453623
2.452828
2.452050
2.452235
2.452371
2.452590
2.452185
2.452962
2.452703
2.453851
2.453359
2.452982
2.453226
2.453290
2.453517
2.453566
2.453779
2.453390
2.454113
2.453731
2.452990
2.453408
2.453427
2.453938
2.453415
2.453119
2.453200
2.452782
2.452759
2.453082
2.453947
2.453929
2.453228
2.453122
2.453222
2.453584
2.453214
2.453129
2.453276
2.452694
2.452234
2.452366
2.452484
2.452543
2.453921
2.453572
2.453700
2.453948
2.454531
2.454039
2.453887
2.453988
2.454299
2.453824
2.453311
2.452566
2.452223
2.452734
2.452189
2.452070
2.451715
2.452039
2.452901
2.451795
2.451881
2.452089
2.452871
2.453202
2.452790
2.452413
2.452638
2.452982
2.451962
2.462640
2.477915
2.478576
2.478287
2.478159
2.477847
2.478403
2.478256
2.478116
2.478209
2.477480
2.477888
2.476445
2.474370
2.475616
2.475186
2.476697
2.476665
2.476817
2.477207
2.477586
2.478238
2.477378
2.477255
2.477324
2.477779
2.477081
2.477215
2.477501
2.477654
2.477917
2.477890
2.477350
2.478662
2.479309
2.478498
2.478563
2.478212
2.478695
2.479140
2.478196
2.478633
2.478238
2.479434
2.479497
2.478693
2.479174
2.479196
2.479914
2.479115
2.479021
2.478911
2.477896
2.477446
2.477046
2.476873
2.477626
2.479168
2.478305
2.479273
2.479115
2.479724
2.479401
2.479290
2.479221
2.479205
2.479879
2.479162
2.479469
2.479189
2.478738
2.478159
2.471306
2.454559
2.453467
2.454278
2.453852
2.452726
2.453102
2.453277
2.454565
2.454426
2.453491
2.454374
2.454755
2.453737
2.453178
2.453296
2.453864
2.454866
2.454366
2.454739
2.454669
2.455128
2.455173
2.454677
2.455007
2.454909
2.455573
2.454957
2.453989
2.453729
2.453976
2.453913
2.454653
2.454672
2.454747
2.454934
2.454328
2.454143
2.454276
2.454579
2.454362
2.454253
2.454314
2.453372
2.453740
2.453302
2.452753
2.452456
2.452171
2.452707
2.451721
2.452198
2.452198
2.452891
2.452174
2.451468
2.451686
2.450982
2.451984
2.451169
2.451678
2.452092
2.452151
2.452092
2.452753
2.452983
2.453297
2.452518
2.452761
2.452428
2.453077
2.453032
2.451777
2.451847
2.451813
2.452111
2.451270
2.451702
2.452075
2.451409
2.451565
2.451045
2.451315
2.451503
2.451496
2.450025
2.451925
2.452356
2.452459
2.452514
2.452173
2.451980
2.452142
2.453086
2.453378
2.453560
2.453108
2.452606
2.453902
2.452856
2.452819
2.453092
2.453205
2.452477
2.452414
2.452015
2.452776
2.453619
2.452719
2.452108
2.452632
2.453121
2.453109
2.452303
2.456812
2.477252
2.478083
2.476851
2.477676
2.477542
2.476730
2.476169
2.475982
2.475893
2.475075
2.476258
2.475208
2.476599
2.477511
2.477352
2.477557
2.477252
2.477095
2.477575
2.477691
2.477219
2.477258
2.477567
2.477756
2.477603
2.477119
2.477314
2.477250
2.477818
2.477471
2.477399
2.477690
2.477149
2.478247
2.477193
2.477157
2.477344
2.477987
2.477460
2.477639
2.477471
2.477335
2.478804
2.478610
2.478146
2.478493
2.479146
2.478574
2.478676
2.478609
2.478805
2.479240
2.478595
2.479686
2.479361
2.479939
2.479901
2.478715
2.479319
2.479470
2.479859
2.479312
2.479164
2.479672
2.479085
2.477694
2.477321
2.477726
2.477568
2.479001
2.478270
2.473941
2.457122
2.453983
2.454326
2.453521
2.453106
2.452071
2.452184
2.452649
2.452624
2.452389
2.451738
2.453111
2.452973
2.453116
2.452357
2.451950
2.451578
2.452821
2.453636
2.454293
2.454414
2.453912
2.453198
2.452760
2.455097
2.455513
2.455545
2.455377
2.454987
2.455789
2.454911
2.454820
2.454552
2.454783
2.455007
2.453012
2.452973
2.452542
2.453222
2.453464
2.453446
2.453659
2.453701
2.453804
2.453407
2.453609
2.453427
2.452428
2.451102
2.450254
2.452424
2.453232
2.453895
2.453257
2.454768
2.454769
2.455069
2.454885
2.454746
2.454534
2.454271
2.455049
2.453436
2.452326
2.453156
2.453352
2.452167
2.452701
2.452827
2.453493
2.453597
2.452728
2.453243
2.453422
2.453200
2.453017
2.452587
2.452756
2.453624
2.452716
2.452536
2.452248
2.452462
2.452601
2.452812
2.453140
2.452786
2.453749
2.453269
2.452859
2.453377
2.453653
2.453930
2.453026
2.453022
2.452182
2.452733
2.452408
2.452028
2.452069
2.452725
2.452283
2.451843
2.452435
2.452852
2.453319
2.453448
2.452991
2.453204
2.452416
2.453181
2.452277
2.451885
2.452828
2.475607
2.478278
2.477625
2.478145
2.478130
2.478826
2.478323
2.478176
2.477984
2.478330
2.478061
2.477013
2.474510
2.476197
2.476743
2.476013
2.476539
2.476363
2.476462
2.476525
2.476260
2.477296
2.478006
2.477708
2.477270
2.477568
2.477446
2.477822
2.477522
2.477548
2.477731
2.477727
2.477573
2.477495
2.477304
2.477536
2.477816
2.477197
2.477225
2.476881
2.477598
2.477828
2.477211
2.477120
2.476928
2.477787
2.477107
2.476962
2.477456
2.477456
2.479036
2.478931
2.478938
2.479228
2.479516
2.479507
2.478259
2.479035
2.479490
2.479548
2.479272
2.479304
2.479374
2.479835
2.479218
2.479246
2.479002
2.479421
2.479919
2.478429
2.474699
2.461380
2.454826
2.454264
2.453729
2.454094
2.453587
2.454196
2.453914
2.453544
2.451665
2.452023
2.452292
2.451572
2.452661
2.452267
2.452697
2.452959
2.453641
2.453578
2.454658
2.454234
2.454228
2.452350
2.453620
2.452989
2.453982
2.453981
2.453697
2.453862
2.453317
2.453149
2.454128
2.454525
2.454531
2.453765
2.453378
2.453220
2.453397
2.452784
2.452875
2.452993
2.453462
2.452821
2.452018
2.451689
2.451693
2.453039
2.452017
2.452537
2.452391
2.452471
2.451967
2.451099
2.451466
2.451766
2.452531
2.452304
2.452223
2.450879
2.450569
2.451737
2.451603
2.451764
2.453131
2.453886
2.453458
2.453663
2.453772
2.454191
2.453639
2.452779
2.451029
2.452613
2.451509
2.451339
2.452770
2.452270
2.453318
2.452280
2.453414
2.452618
2.453460
2.453450
2.452714
2.453216
2.453561
2.454233
2.453687
2.453660
2.453583
2.453935
2.453915
2.454204
2.453912
2.453801
2.454208
2.453269
2.453451
2.453653
2.453793
2.453474
2.453315
2.453228
2.452528
2.453175
2.452648
2.453048
2.453324
2.453229
2.453089
2.452794
2.452551
2.452287
2.471058
2.478033
2.477674
2.477117
2.477474
2.477644
2.476914
2.475796
2.475265
2.475778
2.475633
2.475104
2.475752
2.476346
2.476926
2.477130
2.477164
2.477114
2.477158
2.477518
2.476730
2.477046
2.477454
2.478070
2.477366
2.477469
2.477557
2.477823
2.477608
2.477194
2.476589
2.476569
2.477642
2.476709
2.477588
2.477453
2.477773
2.477922
2.477525
2.477836
2.477463
2.478141
2.477595
2.477902
2.478359
2.478051
2.478414
2.478023
2.478193
2.478559
2.478686
2.478338
2.478948
2.479447
2.479558
2.480025
2.479193
2.479310
2.479117
2.480149
2.479686
2.479331
2.479395
2.479222
2.479897
2.479296
2.479408
2.479531
2.479878
2.480029
2.479307
2.475830
2.465870
2.455675
2.454630
2.454727
2.454779
2.454706
2.454239
2.453778
2.453980
2.454053
2.454968
2.452929
2.453972
2.454203
2.454305
2.454360
2.453934
2.454232
2.453892
2.455022
2.454672
2.454183
2.454191
2.453697
2.453430
2.453017
2.452554
2.453320
2.454365
2.453870
2.453558
2.453396
2.453239
2.454005
2.453182
2.452946
2.452030
2.452701
2.452298
2.451607
2.452127
2.452495
2.453218
2.452621
2.452646
2.452829
2.453308
2.453258
2.452323
2.452932
2.453036
2.453224
2.452383
2.452255
2.452400
2.453278
2.453458
2.453185
2.452640
2.453076
2.453803
2.453070
2.453141
2.453265
2.453462
2.453571
2.452766
2.452626
2.452251
2.452485
2.452868
2.452561
2.452152
2.451823
2.451592
2.450873
2.450540
2.450733
2.450176
2.451586
2.451180
2.451036
2.451147
2.451704
2.450914
2.451058
2.450512
2.451807
2.451668
2.451290
2.451339
2.451510
2.452224
2.451493
2.451494
2.451501
2.452198
2.451578
2.451188
2.451314
2.451488
2.451438
2.451282
2.448909
2.448645
2.449614
2.448456
2.450372
2.451090
2.451757
2.450950
2.451313
2.450826
2.464366
2.476745
2.477030
2.477680
2.477649
2.477917
2.477920
2.478193
2.477325
2.478089
2.477552
2.477314
2.476880
2.475078
2.474205
2.475516
2.474850
2.475865
2.476616
2.476056
2.476615
2.476482
2.477342
2.477227
2.477015
2.477838
2.477409
2.478347
2.477836
2.477639
2.477878
2.477950
2.478290
2.477208
2.477643
2.477760
2.478241
2.477951
2.477588
2.477813
2.477868
2.477865
2.477977
2.477403
2.477574
2.477919
2.476875
2.477624
2.477598
2.477780
2.478120
2.477345
2.477292
2.477430
2.477841
2.477647
2.477399
2.477700
2.477325
2.477313
2.476326
2.476580
2.476596
2.477342
2.477641
2.477396
2.477750
2.477731
2.478329
2.477610
2.477371
2.474865
2.469501
2.454103
2.453130
2.453301
2.453176
2.453760
2.453666
2.453369
2.453512
2.453358
2.454104
2.452833
2.453309
2.453408
2.453571
2.452559
2.452444
2.452508
2.453731
2.454297
2.453979
2.453873
2.453920
2.454211
2.454025
2.454281
2.454367
2.454427
2.454981
2.453778
2.453350
2.453190
2.453794
2.454717
2.454692
2.454492
2.454124
2.454930
2.454196
2.454222
2.454313
2.454672
2.454718
2.454752
2.453569
2.452998
2.454271
2.453841
2.454731
2.454603
2.455913
2.455800
2.455128
2.455010
2.454577
2.455332
2.454131
2.452807
2.453237
2.453358
2.453725
2.453263
2.453212
2.454113
2.455412
2.455279
2.454864
2.454697
2.454506
2.455215
2.454914
2.454624
2.454672
2.455181
2.454295
2.453969
2.454033
2.453915
2.455223
2.454557
2.454684
2.454522
2.455221
2.454894
2.454771
2.454669
2.454340
2.455700
2.455222
2.454305
2.454173
2.453673
2.453763
2.453112
2.453535
2.453055
2.453283
2.452866
2.453285
2.453050
2.453576
2.453640
2.453187
2.452917
2.452711
2.452640
2.452262
2.451915
2.452132
2.452986
2.454314
2.452820
2.452827
2.452937
2.453131
2.460023
2.477701
2.477670
2.478043
2.478194
2.477353
2.477461
2.477789
2.477333
2.477038
2.475358
2.475442
2.476088
2.477408
2.475855
2.475429
2.476606
2.476362
2.477003
2.477045
2.477041
2.476906
2.477413
2.476665
2.476104
2.475731
2.475915
2.476521
2.476545
2.476642
2.476947
2.477720
2.477391
2.477234
2.476944
2.477721
2.477646
2.477168
2.477221
2.477319
2.478024
2.477988
2.478255
2.478223
2.478064
2.478864
2.477452
2.478167
2.478158
2.478259
2.478541
2.478464
2.478270
2.478404
2.478859
2.478332
2.478564
2.478380
2.478735
2.478217
2.478620
2.478351
2.478516
2.478693
2.478211
2.478223
2.478316
2.478528
2.478593
2.478301
2.478288
2.476733
2.472382
2.453969
2.451994
2.452323
2.452204
2.452032
2.450855
2.451307
2.451959
2.452266
2.451789
2.451456
2.452303
2.452925
2.452874
2.452648
2.453561
2.453235
2.453700
2.453440
2.453514
2.453519
2.453216
2.453372
2.452090
2.452928
2.453575
2.454211
2.454196
2.453748
2.453846
2.453494
2.454480
2.453599
2.454144
2.454517
2.454684
2.453968
2.453483
2.453705
2.453685
2.455599
2.454699
2.454879
2.454719
2.455137
2.455029
2.454548
2.454637
2.454224
2.455204
2.454754
2.454029
2.453390
2.453735
2.453833
2.453956
2.454347
2.453714
2.454102
2.452397
2.452202
2.452042
2.453800
2.454122
2.453689
2.453952
2.453224
2.453154
2.453036
2.452428
2.453445
2.452643
2.453053
2.452142
2.453488
2.453592
2.453985
2.453749
2.453350
2.452738
2.452084
2.452515
2.450910
2.450848
2.450132
2.451889
2.452379
2.452274
2.452164
2.452556
2.452892
2.452410
2.452391
2.452281
2.452668
2.453203
2.451839
2.451325
2.451346
2.451833
2.452417
2.452731
2.452317
2.452630
2.453085
2.452258
2.450898
2.451228
2.450852
2.450630
2.450588
2.450162
2.451395
2.453109
2.475405
2.476952
2.477111
2.477493
2.477396
2.477531
2.477521
2.477873
2.476953
2.477099
2.477643
2.477172
2.476989
2.476357
2.473589
2.474335
2.475514
2.475107
2.474371
2.475621
2.475998
2.476779
2.476343
2.476221
2.475738
2.476182
2.475705
2.475369
2.475476
2.475612
2.476558
2.475865
2.475311
2.475691
2.476516
2.476373
2.476531
2.476593
2.476916
2.477456
2.476901
2.476603
2.476994
2.477359
2.477052
2.476640
2.476901
2.477720
2.478356
2.477801
2.477728
2.477629
2.478043
2.478001
2.477781
2.477658
2.477727
2.478110
2.477212
2.477900
2.477821
2.477967
2.478521
2.477790
2.477732
2.477641
2.478655
2.477781
2.477748
2.477925
2.477947
2.472494
2.457211
2.451881
2.452331
2.452688
2.452121
2.451735
2.451560
2.451743
2.452308
2.451542
2.451696
2.451039
2.451401
2.450825
2.449802
2.450595
2.451466
2.450861
2.450670
2.450687
2.451264
2.449938
2.451285
2.452030
2.452044
2.452362
2.452686
2.453245
2.452318
2.451674
2.451747
2.451019
2.451223
2.451547
2.451553
2.450756
2.450302
2.450990
2.450371
2.451025
2.451343
2.451893
2.451910
2.452326
2.451245
2.451040
2.451189
2.452440
2.452918
2.452506
2.452462
2.452537
2.452791
2.452769
2.452032
2.452292
2.452486
2.453394
2.452001
2.451672
2.451284
2.451828
2.452341
2.451854
2.452726
2.452632
2.452413
2.451738
2.452142
2.452633
2.453015
2.452940
2.453040
2.452182
2.451560
2.452006
2.451372
2.452220
2.452120
2.451960
2.451972
2.451812
2.451789
2.451565
2.450330
2.449973
2.450684
2.451103
2.451556
2.451587
2.451076
2.451605
2.452281
2.453191
2.452605
2.452623
2.452500
2.452502
2.452079
2.452320
2.452421
2.452103
2.452589
2.451992
2.450829
2.450855
2.450948
2.452542
2.452098
2.452386
2.451499
2.452615
2.451822
2.451006
2.471921
2.476894
2.477213
2.476035
2.477069
2.477311
2.477548
2.476553
2.476527
2.474940
2.474353
2.474080
2.475235
2.474699
2.474781
2.475929
2.474985
2.475256
2.475074
2.475485
2.475687
2.475838
2.476000
2.476022
2.476609
2.475879
2.476128
2.475856
2.476847
2.476571
2.476169
2.476099
2.476118
2.476310
2.475846
2.476003
2.475629
2.475481
2.475159
2.474902
2.475582
2.475951
2.476881
2.475799
2.476120
2.476449
2.477122
2.477508
2.477280
2.477593
2.478354
2.477683
2.477701
2.478001
2.478157
2.478169
2.477821
2.477081
2.477412
2.478006
2.477345
2.477598
2.476673
2.477861
2.478178
2.477460
2.477490
2.477859
2.478040
2.472761
2.460580
2.450881
2.450157
2.450437
2.450958
2.451227
2.451156
2.451453
2.450640
2.450427
2.451041
2.450783
2.450845
2.450027
2.449740
2.449577
2.449864
2.450598
2.450510
2.451172
2.451379
2.452310
2.451242
2.451038
2.451118
2.451530
2.451817
2.451458
2.451959
2.452737
2.453024
2.452356
2.451846
2.451822
2.451587
2.450914
2.449858
2.449669
2.449483
2.450783
2.450123
2.449297
2.450590
2.451733
2.452332
2.451394
2.451863
2.451534
2.452207
2.452354
2.452123
2.451905
2.451543
2.451988
2.451204
2.451312
2.451967
2.452347
2.452816
2.452317
2.452121
2.452272
2.452698
2.452468
2.452451
2.452300
2.452789
2.452545
2.451896
2.451741
2.452066
2.453160
2.452908
2.452576
2.451765
2.452008
2.452788
2.452766
2.452208
2.452301
2.453102
2.452333
2.451931
2.451094
2.450088
2.450205
2.450706
2.451665
2.452491
2.453173
2.452958
2.452454
2.451959
2.451982
2.453064
2.451827
2.452140
2.451539
2.451625
2.451174
2.451130
2.451680
2.451186
2.451456
2.450710
2.450660
2.450772
2.448904
2.446669
2.446413
2.447768
2.449486
2.451352
2.451105
2.451500
2.467009
2.477561
2.477230
2.478328
2.478399
2.478189
2.477766
2.477385
2.477071
2.476783
2.477080
2.477911
2.476423
2.476195
2.475829
2.475607
2.473728
2.474895
2.474771
2.476510
2.475637
2.474561
2.475644
2.475144
2.476284
2.476411
2.476097
2.476168
2.476242
2.476861
2.476165
2.476383
2.476063
2.476988
2.476453
2.476002
2.476286
2.476100
2.476705
2.476206
2.476124
2.476112
2.476177
2.476512
2.476366
2.476496
2.476116
2.476850
2.476379
2.475777
2.476395
2.476873
2.476304
2.476200
2.476454
2.476343
2.476837
2.476486
2.476519
2.475649
2.475941
2.477299
2.476863
2.477098
2.477131
2.477530
2.477150
2.475795
2.476367
2.476822
2.477667
2.473954
2.464240
2.451465
2.449612
2.448260
2.446712
2.445865
2.446389
2.447826
2.447883
2.447963
2.447864
2.447411
2.447566
2.447286
2.447733
2.447304
2.447546
2.447656
2.447463
2.449383
2.449579
2.450404
2.449930
2.450120
2.449946
2.450381
2.450119
2.449973
2.449901
2.450051
2.450206
2.449032
2.448949
2.448771
2.449906
2.449288
2.449203
2.448679
2.449049
2.449675
2.448555
2.448760
2.448792
2.449709
2.450068
2.449717
2.449703
2.449788
2.450435
2.450089
2.450351
2.450429
2.451977
2.452095
2.451454
2.451413
2.451670
2.452241
2.451450
2.451808
2.450711
2.450321
2.450116
2.449642
2.450782
2.450415
2.451483
2.452220
2.452115
2.451864
2.452106
2.452275
2.451909
2.451879
2.451514
2.450627
2.450638
2.450069
2.450024
2.451195
2.451445
2.450606
2.450535
2.450542
2.450970
2.450774
2.450191
2.449864
2.450753
2.451862
2.450815
2.450854
2.450992
2.451549
2.452716
2.452122
2.451192
2.451370
2.452508
2.451516
2.452486
2.452707
2.452589
2.451615
2.450746
2.449877
2.449952
2.449661
2.451284
2.451298
2.451602
2.451147
2.451189
2.451420
2.460991
2.477373
2.477199
2.477155
2.477083
2.476294
2.476857
2.476488
2.473423
2.471889
2.474087
2.473132
2.473251
2.474488
2.474315
2.475044
2.474508
2.473913
2.476394
2.477303
2.477129
2.476897
2.476301
2.477378
2.477409
2.477063
2.476941
2.477080
2.476481
2.476056
2.475029
2.474990
2.475103
2.475099
2.475314
2.475162
2.475945
2.476118
2.475690
2.475803
2.475445
2.476107
2.475988
2.475896
2.475647
2.475582
2.476308
2.475625
2.475652
2.475477
2.475906
2.475716
2.475852
2.474734
2.474990
2.475556
2.474825
2.475748
2.475634
2.476078
2.475811
2.475609
2.475727
2.475571
2.476238
2.475711
2.475547
2.474893
2.475283
2.475989
2.473730
2.465900
2.450051
2.450114
2.449399
2.449233
2.448182
2.448954
2.448762
2.445682
2.446016
2.446682
2.447240
2.446373
2.446913
2.447687
2.448863
2.449782
2.449613
2.449424
2.449223
2.449418
2.449347
2.449501
2.449230
2.448878
2.449263
2.448329
2.448012
2.449054
2.449142
2.449048
2.449363
2.448616
2.448789
2.449553
2.448089
2.447331
2.447513
2.447028
2.446452
2.445560
2.447215
2.445571
2.445207
2.444618
2.444606
2.445242
2.445129
2.442751
2.442951
2.443428
2.444732
2.444768
2.444922
2.444460
2.443101
2.444630
2.445582
2.447115
2.448634
2.448758
2.449494
2.448262
2.447014
2.447722
2.448198
2.449009
2.448453
2.447923
2.447541
2.448085
2.448142
2.448849
2.449535
2.449304
2.448069
2.447145
2.448116
2.448303
2.449898
2.449973
2.449247
2.449545
2.449020
2.449329
2.448648
2.448928
2.449956
2.449961
2.450920
2.450766
2.451004
2.450899
2.451742
2.451271
2.451120
2.451288
2.451574
2.451152
2.450473
2.449880
2.450271
2.451433
2.450137
2.449527
2.449861
2.450909
2.451281
2.450812
2.450860
2.451133
2.451993
2.451270
2.450505
2.450171
2.455140
2.476074
2.477121
2.477099
2.477044
2.477664
2.477238
2.477534
2.476943
2.477199
2.477168
2.476904
2.477186
2.476321
2.475845
2.472462
2.472597
2.473469
2.472845
2.474947
2.474633
2.475234
2.476162
2.475870
2.476881
2.477401
2.477323
2.477053
2.477340
2.476398
2.475126
2.475665
2.475857
2.477689
2.476929
2.476619
2.476180
2.476043
2.475391
2.474964
2.475178
2.474394
2.476100
2.475532
2.475863
2.475793
2.475694
2.475225
2.475638
2.475927
2.476470
2.475495
2.475459
2.475627
2.476253
2.475613
2.475550
2.475497
2.475508
2.475556
2.474573
2.474731
2.474873
2.475152
2.475387
2.476051
2.475903
2.475515
2.476279
2.475419
2.474778
2.469192
2.451437
2.449599
2.449393
2.448289
2.448242
2.450544
2.450057
2.450099
2.450336
2.450150
2.450409
2.450003
2.450011
2.449505
2.450615
2.450203
2.449383
2.449655
2.449543
2.451068
2.450851
2.450435
2.449479
2.449076
2.449762
2.449306
2.450457
2.450582
2.451118
2.450560
2.449964
2.449550
2.449737
2.449372
2.449493
2.449978
2.450046
2.450244
2.449919
2.449805
2.449751
2.449730
2.450444
2.449676
2.449998
2.450588
2.450843
2.450699
2.450420
2.450851
2.450922
2.451984
2.451659
2.451423
2.451097
2.451604
2.451125
2.450823
2.450926
2.450828
2.450055
2.450518
2.450190
2.450787
2.451447
2.451162
2.450827
2.451693
2.453026
2.452140
2.452068
2.452408
2.452387
2.452494
2.451221
2.451139
2.451339
2.451776
2.451937
2.451850
2.451602
2.451971
2.451720
2.451698
2.451467
2.451693
2.451988
2.451890
2.452191
2.451496
2.451034
2.450477
2.450247
2.450468
2.451665
2.452447
2.452259
2.451757
2.451238
2.450180
2.451478
2.450105
2.449011
2.445742
2.440720
2.440099
2.439955
2.442196
2.443764
2.445945
2.445428
2.445977
2.446420
2.448470
2.472033
2.474856
2.475129
2.474973
2.475770
2.474228
2.474997
2.474258
2.470946
2.470440
2.472060
2.470943
2.471550
2.473050
2.472323
2.473524
2.474386
2.474240
2.475433
2.474969
2.474509
2.474917
2.474810
2.474824
2.474931
2.474986
2.475375
2.475360
2.474723
2.475021
2.474816
2.475711
2.474976
2.474972
2.475083
2.474631
2.475678
2.475001
2.474987
2.474990
2.475559
2.475271
2.473775
2.473103
2.473423
2.473210
2.472959
2.472679
2.473172
2.472554
2.473731
2.473513
2.473746
2.473865
2.474282
2.473964
2.473913
2.473621
2.473999
2.473957
2.473063
2.473881
2.473887
2.474856
2.473786
2.472841
2.473180
2.473143
2.473632
2.472813
2.473193
2.466792
2.452644
2.445050
2.444894
2.445227
2.444971
2.445485
2.445779
2.446280
2.446496
2.446356
2.446116
2.446061
2.445598
2.445350
2.447320
2.446843
2.447285
2.447353
2.447274
2.447363
2.447348
2.447327
2.447117
2.447623
2.447084
2.446659
2.446101
2.446797
2.448695
2.447986
2.447836
2.447247
2.447542
2.447135
2.447334
2.447309
2.447377
2.448006
2.446989
2.446312
2.446078
2.446573
2.446234
2.446697
2.447624
2.448233
2.448882
2.448207
2.448434
2.448298
2.448517
2.448200
2.448158
2.447632
2.447414
2.447775
2.447231
2.447520
2.447821
2.448524
2.448156
2.447414
2.447670
2.447123
2.449077
2.448596
2.448400
2.448359
2.448118
2.448041
2.447817
2.447921
2.447879
2.449359
2.449882
2.449913
2.450314
2.450253
2.450537
2.450215
2.450036
2.450043
2.450696
2.449696
2.449474
2.449270
2.449396
2.450847
2.450014
2.450835
2.450892
2.451267
2.451296
2.450985
2.451196
2.451158
2.451484
2.451057
2.450607
2.450073
2.449992
2.450000
2.450470
2.450923
2.450563
2.451168
2.449350
2.449403
2.449384
2.450301
2.450648
2.450156
2.450075
2.449955
2.450258
2.468188
2.475853
2.475944
2.476487
2.475919
2.475657
2.475488
2.476124
2.476776
2.476585
2.475923
2.476223
2.476475
2.476515
2.475230
2.473154
2.473826
2.473950
2.474262
2.473287
2.474611
2.475112
2.475904
2.474948
2.475293
2.475389
2.475824
2.475786
2.476083
2.476005
2.476020
2.476873
2.476264
2.476253
2.476204
2.475871
2.476537
2.476120
2.476246
2.476004
2.476704
2.476031
2.475984
2.475913
2.476379
2.475692
2.476157
2.476172
2.476001
2.476799
2.476107
2.475593
2.475677
2.475185
2.475390
2.474662
2.474661
2.473956
2.475956
2.474558
2.475009
2.475475
2.475486
2.475795
2.475203
2.475258
2.475177
2.475666
2.474946
2.474752
2.474598
2.469429
2.459020
2.447776
2.446809
2.447479
2.446967
2.447646
2.447379
2.447834
2.448605
2.449110
2.448955
2.449304
2.450157
2.449509
2.450193
2.449154
2.449509
2.449360
2.449764
2.449296
2.449372
2.449461
2.449946
2.451219
2.450969
2.450888
2.450305
2.451128
2.450505
2.450801
2.450578
2.450551
2.450429
2.449498
2.449441
2.449797
2.450422
2.449791
2.449224
2.449387
2.449785
2.450221
2.449475
2.449265
2.449328
2.449768
2.449417
2.448609
2.448345
2.448452
2.449557
2.448569
2.449003
2.449032
2.449018
2.448595
2.448497
2.448400
2.448826
2.449613
2.449172
2.448835
2.448415
2.448273
2.449048
2.448995
2.449316
2.449405
2.450167
2.449626
2.448660
2.449219
2.449585
2.450076
2.449540
2.449421
2.448589
2.448730
2.448704
2.448520
2.448419
2.448695
2.449551
2.449734
2.449649
2.450640
2.451417
2.450771
2.450156
2.451097
2.451128
2.451260
2.449929
2.449392
2.449532
2.451099
2.451381
2.451190
2.451147
2.450890
2.451660
2.450649
2.450604
2.450429
2.451015
2.450940
2.450507
2.449693
2.449471
2.450062
2.450517
2.449934
2.450113
2.449492
2.450426
2.462077
2.474839
2.475318
2.475693
2.475105
2.475292
2.474928
2.474934
2.474490
2.470681
2.471123
2.472141
2.470918
2.471460
2.472048
2.472348
2.472808
2.473508
2.472858
2.474760
2.474804
2.474846
2.475156
2.474428
2.474940
2.474722
2.475525
2.474319
2.472886
2.473555
2.474329
2.474936
2.475002
2.475033
2.475241
2.475693
2.474117
2.474856
2.474920
2.475511
2.475497
2.474953
2.474842
2.475103
2.475539
2.475064
2.474769
2.474971
2.474709
2.475310
2.475268
2.474557
2.474938
2.475782
2.475708
2.475377
2.475121
2.475394
2.475658
2.475027
2.475277
2.474298
2.475550
2.474232
2.474221
2.473150
2.473372
2.473778
2.472705
2.472736
2.473558
2.469891
2.460557
2.446337
2.446437
2.446436
2.446414
2.445447
2.443794
2.439802
2.440947
2.442082
2.444605
2.444459
2.443873
2.444115
2.444770
2.445651
2.446416
2.447162
2.447554
2.447349
2.447937
2.447861
2.448971
2.448341
2.448142
2.447081
2.446775
2.447419
2.446779
2.446521
2.447221
2.447493
2.447366
2.447637
2.448689
2.448360
2.448851
2.448338
2.448613
2.447733
2.448582
2.448840
2.448241
2.448959
2.449285
2.450102
2.449387
2.449567
2.449455
2.449763
2.449670
2.448261
2.448965
2.448973
2.449560
2.448343
2.448428
2.448304
2.449790
2.449539
2.449216
2.449341
2.449220
2.449578
2.447948
2.448881
2.448660
2.448905
2.449664
2.448386
2.447994
2.447916
2.448409
2.448739
2.449145
2.448927
2.448124
2.448568
2.447723
2.447287
2.447095
2.447615
2.447796
2.446855
2.445343
2.445768
2.446097
2.445458
2.445129
2.446439
2.447864
2.448295
2.447751
2.447969
2.447815
2.449006
2.448002
2.450129
2.449745
2.449412
2.449061
2.448511
2.448686
2.449675
2.450396
2.449770
2.449664
2.449416
2.449601
2.450125
2.449554
2.449759
2.448924
2.449576
2.448640
2.455403
2.473765
2.474424
2.475600
2.474967
2.475235
2.475075
2.475651
2.475173
2.474937
2.475017
2.474827
2.476072
2.475007
2.474557
2.473360
2.470356
2.471464
2.471103
2.471359
2.472534
2.474211
2.473576
2.473090
2.473211
2.473959
2.474971
2.475171
2.475339
2.475461
2.476103
2.475171
2.475468
2.475364
2.475628
2.475642
2.474694
2.475471
2.475381
2.475802
2.475572
2.475207
2.475409
2.474785
2.473808
2.474000
2.474094
2.474873
2.475675
2.475387
2.475447
2.475587
2.475584
2.475963
2.475495
2.475310
2.475410
2.475724
2.475531
2.475193
2.475446
2.474909
2.476256
2.475060
2.475252
2.475461
2.475466
2.475739
2.475517
2.474931
2.474335
2.472755
2.464721
2.445706
2.445067
2.443452
2.442564
2.445193
2.445419
2.444140
2.445791
2.444685
2.445970
2.446115
2.446981
2.447435
2.447200
2.447128
2.447371
2.447771
2.446672
2.446942
2.446963
2.447378
2.448788
2.448108
2.449038
2.448942
2.449413
2.449102
2.449563
2.449551
2.449430
2.449736
2.448713
2.448565
2.448173
2.448408
2.448312
2.448443
2.447942
2.447917
2.448472
2.447991
2.447155
2.447803
2.448098
2.449355
2.449322
2.448969
2.448454
2.449437
2.448699
2.448941
2.449445
2.449776
2.450100
2.449558
2.449665
2.449276
2.449929
2.449709
2.449287
2.449278
2.448831
2.448326
2.447500
2.446929
2.446259
2.446150
2.445042
2.445443
2.445625
2.446004
2.446874
2.445456
2.445154
2.445728
2.446992
2.446320
2.446152
2.446278
2.446088
2.447461
2.447122
2.447192
2.447703
2.447969
2.448499
2.448289
2.448598
2.448332
2.449104
2.448786
2.448788
2.448560
2.449065
2.449132
2.448974
2.449456
2.449368
2.450559
2.449880
2.449549
2.450213
2.450523
2.450894
2.450291
2.450472
2.449151
2.448347
2.448389
2.447816
2.449124
2.450389
2.450776
2.449712
2.452044
2.474546
2.476588
2.476392
2.476344
2.476484
2.476383
2.476687
2.475370
2.475134
2.471352
2.471901
2.473699
2.471596
2.472753
2.473428
2.474087
2.474840
2.475336
2.475383
2.476532
2.476405
2.475792
2.476318
2.475537
2.476664
2.476121
2.476248
2.476051
2.476278
2.475826
2.474970
2.474962
2.476251
2.476871
2.476411
2.476437
2.475829
2.476355
2.476950
2.476241
2.476323
2.476013
2.476314
2.476549
2.476143
2.476540
2.476521
2.477139
2.476493
2.476267
2.476366
2.476412
2.476965
2.476729
2.476513
2.476541
2.477149
2.476307
2.476463
2.476277
2.476355
2.475279
2.474809
2.474902
2.475179
2.477026
2.476001
2.476483
2.475170
2.473551
2.475889
2.470179
2.454301
2.449390
2.450209
2.449423
2.448825
2.448452
2.448124
2.448430
2.447740
2.448400
2.449846
2.449245
2.448910
2.449277
2.449906
2.450411
2.450232
2.449763
2.450088
2.449324
2.449482
2.449216
2.449660
2.450377
2.449799
2.450259
2.450818
2.452013
2.452129
2.451418
2.451552
2.451390
2.451775
2.451672
2.451438
2.451369
2.450020
2.450161
2.449682
2.449669
2.450290
2.450219
2.449357
2.449236
2.451057
2.451516
2.450607
2.450830
2.450336
2.451150
2.451090
2.450086
2.449446
2.449357
2.449822
2.448981
2.449521
2.450997
2.451186
2.449986
2.449288
2.448664
2.448843
2.447385
2.441675
2.441567
2.441804
2.441562
2.442124
2.442487
2.443532
2.444052
2.444981
2.444839
2.445537
2.445877
2.446132
2.446340
2.445518
2.445825
2.446279
2.446914
2.446263
2.446094
2.446475
2.447695
2.448584
2.448364
2.448308
2.448581
2.449451
2.448415
2.448122
2.447585
2.448355
2.449072
2.447644
2.447087
2.446193
2.446796
2.447864
2.448867
2.449005
2.448903
2.449638
2.449171
2.449376
2.449394
2.449706
2.449838
2.449711
2.449489
2.470754
2.476569
2.476137
2.477028
2.476879
2.477189
2.477239
2.477038
2.476087
2.475369
2.476048
2.475163
2.475850
2.475647
2.475632
2.474621
2.472661
2.472944
2.473785
2.473589
2.473842
2.474233
2.473985
2.474580
2.475590
2.474970
2.475089
2.475142
2.475418
2.475653
2.475812
2.475767
2.476133
2.476376
2.476109
2.475947
2.475876
2.476321
2.476259
2.475992
2.476116
2.476117
2.476541
2.475730
2.476017
2.475601
2.476260
2.476240
2.476124
2.475354
2.476303
2.476549
2.475677
2.475649
2.476016
2.475902
2.475881
2.475733
2.475541
2.475487
2.476217
2.475352
2.475730
2.475535
2.476106
2.475974
2.475667
2.475706
2.475765
2.476382
2.475972
2.470436
2.457293
2.447060
2.447550
2.446351
2.445170
2.443283
2.443970
2.444205
2.443439
2.445650
2.445848
2.446458
2.445814
2.444814
2.443909
2.443078
2.443008
2.442551
2.441903
2.442463
2.442045
2.441527
2.442728
2.443724
2.444063
2.444367
2.444920
2.444616
2.444480
2.445332
2.445822
2.445616
2.446396
2.446597
2.446669
2.445965
2.446214
2.446592
2.448323
2.447693
2.448141
2.448712
2.448448
2.448221
2.448011
2.449110
2.449364
2.449620
2.449015
2.449034
2.448871
2.449250
2.449818
2.449830
2.450150
2.450119
2.450542
2.450110
2.449818
2.449695
2.449847
2.450623
2.449986
2.449331
2.449257
2.449923
2.450455
2.450943
2.450305
2.450432
2.451113
2.450570
2.450722
2.450519
2.450089
2.450324
2.450372
2.449722
2.449675
2.450379
2.449703
2.450088
2.450117
2.450452
2.450767
2.450585
2.450550
2.450630
2.451317
2.450725
2.450590
2.450556
2.449526
2.450206
2.449566
2.450007
2.450690
2.451606
2.451451
2.451062
2.450969
2.451224
2.450770
2.450770
2.450839
2.450457
2.450579
2.450599
2.449895
2.450660
2.450508
2.452335
2.451533
2.451728
2.450973
2.467818
2.478148
2.477593
2.477679
2.477546
2.478115
2.478174
2.477102
2.476647
2.476331
2.473047
2.472646
2.474186
2.473225
2.475048
2.475368
2.475239
2.476115
2.476574
2.477037
2.476783
2.476877
2.476860
2.477730
2.477424
2.477288
2.477558
2.477269
2.478024
2.477573
2.477478
2.477573
2.477880
2.477970
2.477317
2.477587
2.477779
2.477769
2.476357
2.476102
2.475972
2.477443
2.477375
2.476984
2.476907
2.476850
2.476273
2.475066
2.475730
2.476192
2.477357
2.478002
2.477285
2.477528
2.477537
2.478026
2.477839
2.477437
2.477567
2.477745
2.478167
2.477652
2.477481
2.477268
2.477769
2.477608
2.477466
2.477243
2.477531
2.478126
2.477345
2.473958
2.464756
2.451867
2.451410
2.451355
2.451507
2.450722
2.451514
2.450602
2.450731
2.450368
2.450194
2.449172
2.447248
2.446755
2.445070
2.444475
2.445409
2.444311
2.444444
2.444546
2.445162
2.444676
2.445120
2.445039
2.444836
2.444220
2.444653
2.445153
2.445499
2.446508
2.446249
2.446969
2.447278
2.447875
2.447608
2.447402
2.447973
2.447607
2.448308
2.446759
2.447313
2.447543
2.447883
2.447959
2.447478
2.448212
2.448881
2.448436
2.448884
2.449517
2.449696
2.449167
2.449352
2.448761
2.449434
2.448733
2.448706
2.448278
2.448862
2.448983
2.448480
2.448283
2.448282
2.449189
2.448950
2.448679
2.448793
2.449016
2.448897
2.446020
2.446318
2.448570
2.450499
2.450247
2.450377
2.450919
2.450835
2.451082
2.450306
2.450435
2.450314
2.450975
2.450575
2.450337
2.449828
2.450007
2.450801
2.450569
2.450752
2.450353
2.450694
2.450427
2.450280
2.449964
2.450048
2.450728
2.450094
2.449714
2.449760
2.449661
2.449436
2.449110
2.449184
2.449513
2.449944
2.448101
2.448902
2.449183
2.449375
2.450758
2.450234
2.451041
2.450759
2.461039
2.476454
2.476628
2.476428
2.477192
2.478038
2.477496
2.477500
2.477800
2.477947
2.477250
2.477486
2.476899
2.477638
2.478162
2.476590
2.474218
2.472434
2.474059
2.473241
2.473987
2.474953
2.475829
2.476884
2.476732
2.476512
2.476850
2.477062
2.476888
2.476609
2.476323
2.477353
2.477797
2.477251
2.477388
2.477365
2.477644
2.477558
2.477388
2.477171
2.476918
2.477928
2.477219
2.477360
2.477454
2.476631
2.476501
2.476406
2.476695
2.477369
2.477955
2.477505
2.477232
2.477056
2.477329
2.477482
2.477077
2.477136
2.476972
2.477363
2.476924
2.475656
2.475116
2.476171
2.476676
2.477084
2.477199
2.477344
2.477389
2.477552
2.477010
2.475170
2.468703
2.453096
2.451701
2.450731
2.451176
2.452586
2.452284
2.452013
2.452181
2.452079
2.452862
2.452037
2.451942
2.451958
2.451875
2.452459
2.451873
2.452056
2.451854
2.451855
2.451692
2.451068
2.451369
2.451145
2.451537
2.451588
2.449214
2.451578
2.451703
2.451134
2.451500
2.451531
2.451705
2.452129
2.450923
2.450646
2.450594
2.451306
2.451567
2.451494
2.451266
2.451324
2.451786
2.451414
2.451134
2.451376
2.451785
2.451769
2.451379
2.451404
2.450458
2.451647
2.450978
2.450771
2.450781
2.450885
2.450924
2.450988
2.450555
2.451434
2.452296
2.451209
2.450905
2.451826
2.451698
2.451009
2.451169
2.452149
2.452662
2.452459
2.452176
2.452071
2.452308
2.452653
2.452009
2.451842
2.451060
2.451679
2.451572
2.451317
2.451099
2.451406
2.452520
2.451580
2.452012
2.452085
2.452012
2.452065
2.452101
2.451665
2.452394
2.453135
2.451962
2.451999
2.452661
2.452987
2.453546
2.452943
2.453156
2.453040
2.453759
2.452800
2.452157
2.452793
2.452086
2.452619
2.452221
2.452258
2.451882
2.451836
2.451248
2.451543
2.451970
2.452866
2.457281
2.476113
2.476897
2.476626
2.477294
2.477112
2.476780
2.477425
2.476459
2.476625
2.475385
2.475129
2.474041
2.474619
2.474586
2.474843
2.473550
2.474107
2.475076
2.476622
2.476693
2.476810
2.477174
2.476722
2.476921
2.476141
2.476560
2.477399
2.476986
2.477816
2.477678
2.478015
2.478276
2.477717
2.477636
2.477642
2.478342
2.477837
2.477232
2.478226
2.477946
2.478212
2.477927
2.477885
2.477930
2.478518
2.478024
2.477868
2.477664
2.477783
2.477919
2.477431
2.477567
2.477276
2.477300
2.476643
2.476510
2.476903
2.477484
2.478313
2.477425
2.477906
2.477981
2.478181
2.478223
2.478124
2.478063
2.477946
2.478489
2.477732
2.478034
2.476923
2.472240
2.454795
2.451903
2.451804
2.451959
2.451710
2.449896
2.449927
2.450204
2.451081
2.452086
2.451427
2.450899
2.451000
2.452586
2.451973
2.451322
2.452458
2.452326
2.453057
2.452467
2.452686
2.452502
2.452872
2.452536
2.452247
2.452117
2.451470
2.452090
2.451460
2.451302
2.450963
2.450761
2.450811
2.450208
2.449511
2.450985
2.451362
2.450938
2.451183
2.451345
2.451336
2.451176
2.450575
2.450784
2.450694
2.452157
2.450983
2.451088
2.451327
2.451338
2.451736
2.451217
2.450704
2.450678
2.450972
2.450300
2.449709
2.449867
2.449939
2.450948
2.450523
2.450917
2.451051
2.451355
2.451014
2.450523
2.450389
2.450414
2.450947
2.450153
2.449991
2.449953
2.449799
2.449496
2.450126
2.450091
2.451494
2.451094
2.450864
2.450714
2.451188
2.450966
2.450762
2.450984
2.451090
2.451202
2.450783
2.450460
2.451315
2.451764
2.452172
2.451855
2.451551
2.451515
2.452596
2.451617
2.451721
2.451691
2.451705
2.450809
2.450222
2.450102
2.450809
2.451335
2.450833
2.451028
2.451197
2.451565
2.450953
2.451492
2.451056
2.451455
2.452667
2.473779
2.475823
2.476022
2.476674
2.475311
2.473538
2.473851
2.474537
2.473755
2.474581
2.474976
2.475053
2.476206
2.475618
2.475871
2.476206
2.476324
2.476186
2.476041
2.476748
2.477226
2.477267
2.475630
2.475618
2.475649
2.476482
2.477632
2.477037
2.476816
2.477036
2.477320
2.476844
2.477067
2.476956
2.477109
2.477540
2.477102
2.476611
2.477030
2.477387
2.476970
2.476964
2.477150
2.477066
2.477715
2.476908
2.477112
2.477065
2.477162
2.477440
2.476669
2.476822
2.477044
2.477573
2.477065
2.477085
2.476757
2.477153
2.477164
2.476845
2.476808
2.477032
2.477104
2.476425
2.476224
2.476463
2.476999
2.477675
2.476889
2.477247
2.476656
2.472106
2.457791
2.451660
2.451425
2.451276
2.451560
2.451661
2.451392
2.451460
2.452009
2.451814
2.451513
2.451739
2.451595
2.452049
2.451379
2.451237
2.451400
2.452105
2.451370
2.450660
2.449942
2.448414
2.449958
2.451032
2.451506
2.451152
2.451853
2.451701
2.451493
2.451653
2.453120
2.453973
2.453086
2.452458
2.451811
2.452251
2.451981
2.452874
2.452558
2.451865
2.452062
2.451110
2.450990
2.450881
2.450833
2.450882
2.451782
2.451382
2.451991
2.451843
2.451205
2.451027
2.450988
2.451555
2.452149
2.451599
2.451610
2.451447
2.451754
2.451442
2.450730
2.450394
2.450896
2.451466
2.450855
2.450593
2.450715
2.451115
2.451606
2.451822
2.451762
2.451765
2.452592
2.451582
2.451361
2.451515
2.451879
2.451576
2.449890
2.449948
2.451068
2.451382
2.451183
2.452022
2.452512
2.452759
2.451902
2.451975
2.452285
2.452331
2.451695
2.450957
2.451011
2.451524
2.452325
2.451898
2.451454
2.451379
2.452772
2.452508
2.452422
2.452005
2.451451
2.452219
2.451341
2.451279
2.451197
2.451409
2.450758
2.450481
2.450111
2.450866
2.452332
2.451429
2.469659
2.477353
2.477395
2.477200
2.477090
2.477095
2.477518
2.478181
2.476740
2.476406
2.475802
2.474046
2.474226
2.474641
2.474884
2.475119
2.474454
2.475334
2.475870
2.476180
2.476303
2.476807
2.476085
2.475792
2.475920
2.476272
2.476030
2.476153
2.476048
2.476062
2.476660
2.477435
2.477037
2.476990
2.477779
2.477705
2.477450
2.477407
2.476946
2.477958
2.477229
2.477404
2.477152
2.477742
2.477838
2.477321
2.476543
2.476033
2.476633
2.475941
2.476873
2.477288
2.477525
2.477422
2.477392
2.477440
2.477595
2.478518
2.477899
2.477700
2.477980
2.477887
2.478201
2.477058
2.477622
2.477490
2.478392
2.477737
2.477435
2.477555
2.478464
2.474733
2.463095
2.452396
2.452760
2.452146
2.451643
2.451660
2.451965
2.452555
2.453535
2.451893
2.451476
2.449840
2.449623
2.450135
2.451202
2.452273
2.452701
2.453504
2.452859
2.453105
2.453620
2.453712
2.453550
2.453370
2.453337
2.453294
2.453374
2.452474
2.452187
2.452192
2.453147
2.453244
2.453205
2.452579
2.451997
2.452767
2.452739
2.451910
2.451823
2.452143
2.451338
2.450521
2.449180
2.449121
2.451084
2.452085
2.452385
2.452850
2.453934
2.454183
2.453182
2.452688
2.451924
2.451911
2.451552
2.450576
2.451431
2.451248
2.450700
2.450347
2.450319
2.450500
2.450215
2.448980
2.448099
2.447962
2.448843
2.448058
2.447815
2.448966
2.449028
2.449005
2.448136
2.447233
2.446951
2.448269
2.448047
2.447976
2.447985
2.449020
2.449621
2.448348
2.447672
2.446902
2.442417
2.431157
2.432447
2.437031
2.430660
2.433625
2.431345
2.431230
2.432229
2.432041
2.432745
2.431751
2.431799
2.431592
2.432837
2.432072
2.430871
2.431976
2.431242
2.431991
2.431212
2.433833
2.437087
2.438040
2.434379
2.434127
2.435476
2.438606
2.440202
2.443925
2.457492
2.470478
2.472049
2.471380
2.471697
2.472070
2.472669
2.473705
2.472100
2.472356
2.472368
2.472512
2.472560
2.471812
2.471998
2.472380
2.472228
2.471993
2.472484
2.472612
2.473102
2.472594
2.472678
2.472236
2.472479
2.473029
2.472098
2.472289
2.472157
2.472638
2.472543
2.471699
2.472370
2.471976
2.472776
2.471976
2.472282
2.473280
2.473289
2.473215
2.473216
2.472952
2.473026
2.473628
2.473114
2.472693
2.472488
2.473446
2.473403
2.472954
2.472736
2.472360
2.473471
2.472808
2.472841
2.472644
2.472749
2.473241
2.472619
2.472508
2.472355
2.471842
2.470928
2.471101
2.471298
2.472851
2.473279
2.472767
2.472637
2.472582
2.473027
2.468685
2.459120
2.446036
2.446297
2.447473
2.446434
2.446692
2.447823
2.448375
2.448549
2.447692
2.447938
2.447707
2.449659
2.449113
2.449461
2.449261
2.449382
2.450062
2.449293
2.449588
2.448651
2.449577
2.449123
2.450337
2.450695
2.450686
2.450997
2.450437
2.450244
2.450388
2.450725
2.450491
2.450625
2.450225
2.449946
2.449629
2.448798
2.448939
2.449938
2.450310
2.449712
2.449489
2.449590
2.449411
2.450320
2.449741
2.449738
2.449735
2.450293
2.449908
2.448827
2.448605
2.449056
2.450919
2.449893
2.450042
2.449527
2.449218
2.448518
2.447302
2.447549
2.447560
2.449581
2.449213
2.448812
2.448397
2.447725
2.448055
2.448678
2.449051
2.448307
2.448405
2.448694
2.448593
2.449323
2.449571
2.450065
2.449454
2.449173
2.448707
2.449140
2.448950
2.448096
2.449896
2.450097
2.450757
2.450159
2.450345
2.450132
2.451018
2.450362
2.450258
2.450718
2.451204
2.451509
2.450309
2.450030
2.450118
2.451508
2.451430
2.451072
2.451326
2.451012
2.450916
2.449006
2.449254
2.449034
2.450318
2.451088
2.449690
2.449231
2.449127
2.449710
2.450370
2.450152
2.457922
2.476603
2.477502
2.477497
2.476900
2.476761
2.477586
2.477657
2.477362
2.475863
2.475128
2.474859
2.472615
2.473040
2.473571
2.474015
2.474488
2.475209
2.476081
2.476068
2.476718
2.476116
2.476037
2.476273
2.475998
2.476164
2.475513
2.476210
2.476116
2.476757
2.476116
2.475876
2.476028
2.476702
2.476417
2.475929
2.475499
2.475162
2.476107
2.475322
2.476286
2.476140
2.476513
2.477094
2.476273
2.476450
2.476300
2.477063
2.476637
2.476208
2.476233
2.476444
2.476782
2.476287
2.475729
2.475984
2.476531
2.476092
2.476959
2.477193
2.477000
2.477676
2.476866
2.477268
2.476716
2.477417
2.477338
2.476935
2.476672
2.476180
2.476921
2.474979
2.468736
2.450963
2.449177
2.449718
2.449210
2.449392
2.448751
2.448030
2.447293
2.447641
2.448472
2.448059
2.448123
2.447289
2.447096
2.447909
2.449134
2.448629
2.449040
2.449101
2.449463
2.450002
2.449484
2.449515
2.449512
2.450627
2.450035
2.449693
2.449295
2.448941
2.449431
2.449686
2.449871
2.449677
2.449782
2.449868
2.449359
2.449545
2.449672
2.450249
2.449979
2.449452
2.448802
2.449238
2.449551
2.449040
2.449808
2.449888
2.450400
2.449853
2.450239
2.450187
2.450520
2.450654
2.449889
2.450117
2.450305
2.450294
2.448526
2.447351
2.448018
2.448266
2.448820
2.447562
2.448324
2.448197
2.448905
2.448620
2.448848
2.448509
2.449090
2.449146
2.447959
2.448036
2.448209
2.447946
2.447991
2.447734
2.447371
2.448533
2.446980
2.447184
2.447401
2.448641
2.448850
2.448819
2.448336
2.449779
2.448961
2.448281
2.448925
2.449703
2.449714
2.449265
2.449204
2.449180
2.449450
2.448483
2.448544
2.449138
2.448861
2.448283
2.448247
2.448317
2.449452
2.448936
2.449098
2.449221
2.449254
2.450051
2.449250
2.449182
2.452497
2.475421
2.475292
2.475445
2.475640
2.475339
2.474305
2.472926
2.473308
2.474020
2.473542
2.474456
2.474946
2.475142
2.475163
2.475905
2.475166
2.475032
2.475312
2.475474
2.475532
2.475341
2.475340
2.475168
2.475249
2.474312
2.474435
2.474529
2.474712
2.475399
2.475438
2.475211
2.475164
2.475764
2.475812
2.475294
2.475272
2.475610
2.475860
2.475553
2.475504
2.475463
2.475744
2.475544
2.475457
2.475176
2.475457
2.475698
2.475116
2.475398
2.475360
2.475646
2.475064
2.475785
2.476959
2.477342
2.477958
2.477151
2.477315
2.477334
2.477632
2.477257
2.476835
2.477188
2.477124
2.477661
2.477093
2.476985
2.476920
2.477235
2.477586
2.476830
2.471082
2.454925
2.451230
2.450124
2.450130
2.448606
2.449492
2.450902
2.450370
2.449952
2.450367
2.450834
2.449999
2.449831
2.449932
2.450214
2.450892
2.449818
2.450306
2.449912
2.449733
2.449444
2.449422
2.449722
2.450424
2.451319
2.450617
2.450001
2.450266
2.450854
2.450421
2.450505
2.450569
2.450115
2.451012
2.450030
2.449514
2.449364
2.449158
2.449346
2.449457
2.449204
2.449058
2.450174
2.449318
2.449233
2.448804
2.449506
2.449884
2.449424
2.449471
2.449469
2.450026
2.449303
2.449697
2.449652
2.449967
2.450251
2.449912
2.449529
2.449496
2.450432
2.449769
2.449648
2.449751
2.449716
2.449826
2.449119
2.449523
2.449906
2.450450
2.450336
2.450008
2.449954
2.449391
2.449360
2.448612
2.448527
2.448568
2.448754
2.448847
2.448396
2.448466
2.449473
2.448801
2.448671
2.449236
2.449814
2.449868
2.449244
2.449433
2.449219
2.449731
2.449838
2.449688
2.448534
2.448964
2.449563
2.448801
2.448727
2.447877
2.448384
2.447662
2.445642
2.445569
2.447456
2.447851
2.447674
2.448056
2.448490
2.448614
2.448335
2.447864
2.448274
2.449419
2.472042
2.475187
2.475433
2.474796
2.475285
2.476079
2.476331
2.476298
2.476096
2.476655
2.475619
2.475113
2.471893
2.473116
2.474056
2.473240
2.472808
2.474291
2.474938
2.474107
2.475073
2.474763
2.475064
2.474953
2.474762
2.474583
2.474704
2.475465
2.475061
2.475080
2.475166
2.475289
2.475643
2.475343
2.475120
2.475151
2.475696
2.475591
2.475441
2.474907
2.475417
2.475817
2.475485
2.475565
2.475467
2.475727
2.476058
2.476156
2.476207
2.475936
2.476866
2.475850
2.476029
2.475980
2.476290
2.476014
2.476017
2.476052
2.476303
2.476323
2.474686
2.474883
2.475225
2.476052
2.476220
2.475823
2.475575
2.475999
2.476581
2.476000
2.476135
2.471156
2.459174
2.450875
2.450629
2.450234
2.449916
2.450225
2.450017
2.449610
2.449513
2.449433
2.449796
2.449239
2.449316
2.448646
2.448850
2.449447
2.449417
2.449178
2.450178
2.451266
2.450702
2.450918
2.450895
2.450885
2.450770
2.450251
2.450330
2.449692
2.450238
2.449012
2.449037
2.449996
2.450717
2.450604
2.449611
2.450129
2.449881
2.450230
2.449719
2.449247
2.449328
2.449809
2.449201
2.448271
2.448084
2.447802
2.448728
2.449324
2.449813
2.449706
2.449919
2.450481
2.449800
2.448593
2.447652
2.448989
2.449046
2.449675
2.448940
2.449211
2.449849
2.450319
2.449961
2.450172
2.450584
2.450182
2.450208
2.449889
2.450148
2.450766
2.449723
2.450176
2.449893
2.449613
2.449419
2.449227
2.450118
2.450207
2.451091
2.450397
2.450384
2.450411
2.450407
2.450518
2.450129
2.450252
2.450477
2.450752
2.449836
2.449958
2.449687
2.450904
2.449974
2.449204
2.448329
2.448759
2.449388
2.448198
2.448177
2.447917
2.447922
2.448724
2.447202
2.447329
2.447318
2.447964
2.447599
2.447377
2.447177
2.447572
2.448139
2.448286
2.448418
2.448257
2.448727
2.465696
2.475445
2.475346
2.474857
2.475471
2.474708
2.474867
2.473381
2.473286
2.473657
2.473888
2.473626
2.473708
2.475116
2.474362
2.473830
2.473795
2.473779
2.473375
2.473136
2.474027
2.475230
2.475623
2.475157
2.475078
2.475498
2.475056
2.475156
2.475173
2.475272
2.475213
2.475839
2.475373
2.475249
2.475141
2.475432
2.475630
2.475207
2.475140
2.474793
2.475526
2.475562
2.474859
2.474898
2.475151
2.476541
2.475785
2.475774
2.475926
2.476450
2.476268
2.476161
2.475527
2.475901
2.476615
2.476221
2.475866
2.475734
2.476035
2.475989
2.475810
2.475727
2.474739
2.475930
2.475297
2.476103
2.475774
2.475871
2.476177
2.476144
2.475865
2.472210
2.462972
2.448819
2.448535
2.448576
2.447528
2.448161
2.447872
2.448300
2.448995
2.449761
2.450423
2.450408
2.450079
2.450325
2.450986
2.450492
2.450134
2.449487
2.450467
2.450978
2.450150
2.449825
2.449775
2.450936
2.450248
2.450525
2.450966
2.451383
2.451025
2.450932
2.450767
2.451059
2.451943
2.451287
2.450941
2.450340
2.450151
2.449691
2.449341
2.450612
2.450601
2.451130
2.450634
2.450762
2.450628
2.450843
2.450917
2.450671
2.450874
2.450721
2.450864
2.449670
2.448766
2.448955
2.449164
2.450852
2.450541
2.450216
2.450194
2.450851
2.450508
2.449391
2.449482
2.449691
2.450048
2.448886
2.448621
2.448145
2.447796
2.448014
2.448301
2.448581
2.450061
2.450392
2.449834
2.449893
2.449703
2.449871
2.450035
2.449586
2.448922
2.448530
2.449374
2.448625
2.449694
2.449173
2.448669
2.450332
2.449818
2.450309
2.450112
2.450492
2.450435
2.449991
2.450542
2.450323
2.450313
2.449468
2.449930
2.449765
2.450083
2.449318
2.448618
2.448297
2.448224
2.447729
2.447561
2.448057
2.447831
2.448519
2.447693
2.447252
2.447272
2.448256
2.458911
2.474838
2.475060
2.475471
2.475944
2.475075
2.475367
2.476072
2.476071
2.475287
2.474982
2.474679
2.474487
2.473820
2.472159
2.472839
2.473246
2.474479
2.472492
2.472543
2.473685
2.474162
2.474350
2.473792
2.473990
2.474284
2.473756
2.473940
2.473658
2.474714
2.474764
2.475330
2.474484
2.474754
2.474476
2.474663
2.475061
2.474279
2.474356
2.474362
2.474642
2.474595
2.474427
2.474471
2.475019
2.474925
2.474574
2.474358
2.474265
2.475095
2.474486
2.474499
2.474284
2.474764
2.475721
2.475111
2.475359
2.474895
2.475844
2.475424
2.475500
2.475371
2.475535
2.476020
2.475218
2.474961
2.475495
2.475923
2.475501
2.475585
2.475085
2.473369
2.466838
2.449284
2.448735
2.448996
2.449754
2.449020
2.448426
2.448260
2.447990
2.448777
2.448263
2.448132
2.447968
2.448419
2.447540
2.446919
2.446339
2.447317
2.447425
2.448916
2.449272
2.449706
2.450097
2.449524
2.449404
2.449301
2.450495
2.449773
2.449412
2.449039
2.449363
2.450383
2.449993
2.450678
2.449827
2.450052
2.449604
2.449198
2.449173
2.449258
2.449680
2.448914
2.448940
2.447525
2.448386
2.448142
2.449408
2.449569
2.449522
2.449772
2.449216
2.449373
2.449205
2.449195
2.448807
2.448932
2.448714
2.448633
2.448074
2.447450
2.447700
2.448486
2.449103
2.449356
2.448832
2.448760
2.448193
2.449144
2.448741
2.448644
2.448577
2.448394
2.448170
2.447054
2.447065
2.446796
2.448637
2.448176
2.448058
2.447639
2.447738
2.448286
2.448122
2.447648
2.447615
2.447739
2.446520
2.447508
2.447479
2.448088
2.448462
2.448557
2.448904
2.449066
2.449557
2.449690
2.449276
2.449324
2.449152
2.449347
2.448703
2.448508
2.447847
2.447599
2.446883
2.446264
2.446647
2.445948
2.446387
2.445909
2.445274
2.445638
2.446589
2.446465
2.451456
2.472680
2.472614
2.472688
2.471882
2.471751
2.471737
2.472438
2.470316
2.469406
2.470225
2.470505
2.470089
2.470968
2.471001
2.470771
2.471094
2.472207
2.471620
2.471444
2.471389
2.472004
2.472054
2.471631
2.471460
2.471496
2.472211
2.471446
2.471210
2.471080
2.471808
2.471189
2.470801
2.470791
2.471811
2.472346
2.471899
2.471206
2.471190
2.471192
2.471544
2.470995
2.471532
2.472001
2.472565
2.472020
2.471963
2.472249
2.471746
2.472460
2.472011
2.472015
2.471923
2.472190
2.472014
2.472259
2.472767
2.473280
2.473155
2.472515
2.472699
2.472666
2.473001
2.472704
2.472621
2.472064
2.471987
2.473455
2.472496
2.472723
2.472609
2.472134
2.465232
2.447700
2.444577
2.444519
2.445239
2.444741
2.444205
2.444108
2.444752
2.444634
2.444561
2.444249
2.443978
2.444816
2.444129
2.444339
2.444224
2.444082
2.444429
2.444228
2.444533
2.444612
2.444178
2.444442
2.446001
2.446626
2.446964
2.446792
2.446772
2.446699
2.445818
2.445658
2.444722
2.444858
2.445409
2.445397
2.444095
2.443962
2.444284
2.444927
2.445105
2.444994
2.445462
2.446222
2.447010
2.445782
2.445525
2.445797
2.446687
2.446672
2.446127
2.445861
2.446066
2.446136
2.445700
2.445560
2.446225
2.446772
2.446822
2.445791
2.446092
2.445891
2.446024
2.445281
2.445061
2.444738
2.445264
2.445765
2.445649
2.445704
2.445923
2.446709
2.446632
2.446021
2.446005
2.445869
2.446379
2.445635
2.445921
2.446032
2.445669
2.445583
2.444475
2.444772
2.445068
2.445186
2.444829
2.444260
2.444673
2.445557
2.445765
2.445155
2.444176
2.445222
2.445706
2.445241
2.445027
2.444885
2.445240
2.445859
2.444806
2.444755
2.443027
2.441291
2.440839
2.442999
2.443110
2.444806
2.444504
2.443936
2.443506
2.443588
2.443412
2.443364
2.444621
2.468562
2.471370
2.472949
2.472067
2.472581
2.472506
2.473242
2.472632
2.472249
2.472117
2.472056
2.472478
2.471319
2.469019
2.469451
2.470816
2.470729
2.469954
2.469959
2.470537
2.471150
2.470409
2.470757
2.470985
2.471118
2.471158
2.471355
2.471595
2.471611
2.471998
2.471495
2.471253
2.471492
2.471477
2.471823
2.471181
2.470570
2.470852
2.471831
2.472115
2.471606
2.472497
2.472253
2.472665
2.472233
2.472283
2.472169
2.472786
2.472523
2.472204
2.472045
2.472092
2.473192
2.472846
2.472933
2.472643
2.473247
2.472910
2.471324
2.471538
2.471833
2.472974
2.472917
2.472799
2.472994
2.472659
2.473273
2.473161
2.472838
2.472953
2.473299
2.466893
2.451954
2.445253
2.445372
2.445386
2.444877
2.444431
2.444453
2.445306
2.444623
2.445041
2.444739
2.444635
2.445081
2.443965
2.443098
2.443629
2.444199
2.444926
2.445233
2.445035
2.445120
2.445986
2.445542
2.445152
2.445322
2.446011
2.445880
2.445549
2.444716
2.444395
2.444793
2.443348
2.442226
2.441514
2.440715
2.438524
2.436288
2.438101
2.439705
2.441070
2.443185
2.445068
2.445790
2.446052
2.446187
2.446186
2.446263
2.447265
2.448052
2.447510
2.447342
2.447772
2.447591
2.447047
2.446254
2.444198
2.443544
2.445326
2.444460
2.445017
2.444924
2.444000
2.444583
2.444776
2.445558
2.444992
2.445276
2.443707
2.443053
2.443898
2.443159
2.441189
2.438607
2.438667
2.432371
2.433034
2.432694
2.434695
2.435139
2.433043
2.432163
2.431312
2.432305
2.432909
2.433506
2.434308
2.433593
2.435624
2.435367
2.436474
2.437880
2.438508
2.439394
2.440175
2.439892
2.439185
2.437140
2.438067
2.439134
2.438694
2.438919
2.439823
2.439871
2.438772
2.436133
2.432637
2.434408
2.435469
2.433914
2.434373
2.435063
2.435307
2.436559
2.430435
2.432083
2.450809
2.458967
2.460167
2.459760
2.459768
2.459565
2.460004
2.459087
2.459249
2.459891
2.459514
2.460821
2.460552
2.460349
2.460505
2.460905
2.460368
2.460447
2.460273
2.461078
2.460796
2.460492
2.460409
2.461160
2.461542
2.460166
2.459854
2.459738
2.460350
2.460185
2.459687
2.460455
2.460712
2.460189
2.460819
2.461174
2.461390
2.462180
2.461240
2.461118
2.460804
2.461823
2.461562
2.461319
2.461476
2.461209
2.461640
2.460973
2.461185
2.461155
2.461410
2.461413
2.461345
2.461413
2.461216
2.461790
2.461200
2.461229
2.460920
2.461404
2.461575
2.461273
2.460923
2.461234
2.461957
2.461297
2.461036
2.461342
2.461392
2.461424
2.454872
2.442819
2.434058
2.437292
2.436540
2.434872
2.435414
2.436712
2.438163
2.436743
2.436152
2.437380
2.437631
2.438592
2.437454
2.438573
2.438157
2.438073
2.436092
2.433761
2.432189
2.433571
2.434403
2.436375
2.436298
2.435953
2.434531
2.433856
2.434352
2.435891
2.438838
2.440253
2.440240
2.441370
2.441828
2.442136
2.441631
2.440863
2.440591
2.440131
2.441334
2.440459
2.438552
2.437673
2.438947
2.438771
2.439629
2.440798
2.441840
2.442423
2.442588
2.443107
2.442949
2.443633
2.444083
2.444736
2.445913
2.446322
2.447302
2.446460
2.447258
2.447349
2.447634
2.447504
2.447441
2.447530
2.448108
2.448068
2.447119
2.446730
2.446981
2.446567
2.446020
2.446088
2.446388
2.447140
2.448982
2.447574
2.447925
2.448198
2.448243
2.448402
2.447299
2.446832
2.446749
2.447270
2.447897
2.447718
2.447881
2.448183
2.448840
2.447160
2.448626
2.448742
2.448573
2.448644
2.449057
2.448500
2.447875
2.448134
2.447708
2.448940
2.448766
2.448992
2.448633
2.448205
2.448345
2.447242
2.448350
2.447711
2.448109
2.447953
2.447876
2.447361
2.447010
2.446907
2.461724
2.475286
2.474019
2.473443
2.473460
2.473829
2.474314
2.475213
2.474732
2.474801
2.475283
2.474230
2.474107
2.474680
2.474951
2.475079
2.473660
2.474427
2.474672
2.475005
2.474754
2.474395
2.474478
2.474728
2.474724
2.472527
2.473029
2.473055
2.474378
2.474328
2.474439
2.473744
2.473047
2.474071
2.473418
2.473966
2.474381
2.474703
2.474661
2.474614
2.474272
2.474006
2.474837
2.474548
2.474477
2.474250
2.474527
2.474378
2.473848
2.473568
2.472657
2.473187
2.473414
2.473843
2.474071
2.473891
2.473845
2.473625
2.473706
2.474002
2.474518
2.473874
2.473800
2.473891
2.473845
2.474150
2.473399
2.473483
2.473180
2.474028
2.473038
2.469804
2.460752
2.445796
2.446314
2.445958
2.445773
2.445826
2.446130
2.446042
2.445369
2.445286
2.445539
2.445979
2.445533
2.445406
2.445601
2.445661
2.445568
2.445810
2.445455
2.444351
2.445816
2.445155
2.446169
2.446808
2.446371
2.446073
2.445625
2.446564
2.446827
2.447307
2.445965
2.445794
2.445953
2.446376
2.446640
2.445632
2.445526
2.445425
2.446281
2.446048
2.445810
2.445884
2.446273
2.446749
2.445766
2.445649
2.445489
2.445770
2.446621
2.446083
2.446157
2.446086
2.446740
2.446017
2.446217
2.446386
2.446870
2.446178
2.445825
2.445325
2.444571
2.445414
2.445037
2.446169
2.445833
2.445819
2.446314
2.446083
2.445937
2.444943
2.446445
2.445534
2.444614
2.444694
2.445593
2.445298
2.444499
2.444167
2.445448
2.446154
2.445877
2.445942
2.446547
2.446548
2.444890
2.443803
2.445338
2.445443
2.447422
2.446874
2.446346
2.446520
2.446676
2.447925
2.446885
2.447287
2.447470
2.447076
2.447392
2.447272
2.446911
2.446571
2.446631
2.445145
2.444701
2.443634
2.443919
2.444077
2.445281
2.444915
2.445138
2.445468
2.444602
2.444699
2.444299
2.452301
2.472712
2.472132
2.471852
2.470971
2.471617
2.470860
2.471078
2.467804
2.467585
2.469062
2.467860
2.469517
2.469782
2.470064
2.471304
2.471156
2.471793
2.472244
2.472393
2.472170
2.472142
2.472045
2.472585
2.472177
2.471861
2.472098
2.471827
2.472543
2.471482
2.471642
2.471606
2.472144
2.472252
2.471623
2.471812
2.470863
2.471144
2.470803
2.469796
2.470816
2.471281
2.472773
2.472584
2.471941
2.471913
2.472791
2.472036
2.471836
2.471606
2.472406
2.471182
2.470838
2.471051
2.471727
2.472683
2.471989
2.471997
2.472066
2.472016
2.472391
2.471153
2.471493
2.471954
2.472301
2.472013
2.471555
2.471836
2.471552
2.472116
2.472151
2.469667
2.462422
2.445089
2.444058
2.443866
2.443661
2.443096
2.443710
2.442423
2.442312
2.442731
2.443709
2.444305
2.443780
2.443538
2.443287
2.444238
2.443528
2.443448
2.442793
2.443554
2.445177
2.443353
2.442690
2.443393
2.444270
2.443742
2.443738
2.444065
2.445564
2.446189
2.445604
2.445724
2.443910
2.443260
2.443669
2.443082
2.443790
2.443268
2.443456
2.442254
2.442496
2.443827
2.444677
2.444686
2.444927
2.445078
2.445296
2.446235
2.445442
2.445537
2.446083
2.446563
2.445877
2.444651
2.444605
2.444722
2.445976
2.445448
2.445891
2.446077
2.446133
2.446450
2.446029
2.445804
2.445667
2.446406
2.445602
2.445430
2.444320
2.444469
2.444928
2.445033
2.443523
2.442788
2.443392
2.443330
2.444125
2.444257
2.444226
2.444854
2.444283
2.444364
2.443601
2.443923
2.443573
2.443348
2.444454
2.444897
2.445125
2.444674
2.444836
2.444998
2.444729
2.444510
2.444474
2.444507
2.444203
2.444345
2.442822
2.441987
2.441711
2.442689
2.441516
2.441558
2.442036
2.442102
2.442529
2.441495
2.441296
2.441341
2.441424
2.440957
2.440379
2.439389
2.439104
2.443238
2.467356
2.469135
2.468855
2.468747
2.468570
2.467895
2.468074
2.467948
2.467967
2.467310
2.467923
2.467900
2.466986
2.466633
2.466778
2.466992
2.466667
2.466302
2.466669
2.466930
2.466778
2.466992
2.467631
2.467282
2.467417
2.467548
2.467520
2.467377
2.467446
2.467948
2.467658
2.467534
2.467745
2.468108
2.468504
2.468259
2.467553
2.467483
2.468328
2.467906
2.467765
2.467599
2.467713
2.468285
2.467291
2.467141
2.467887
2.468545
2.468457
2.467842
2.467950
2.468050
2.468868
2.468789
2.468719
2.468576
2.469155
2.468914
2.469201
2.468469
2.468669
2.469480
2.468904
2.468843
2.467947
2.468520
2.468417
2.468440
2.468153
2.459723
2.442696
2.437500
2.437801
2.436411
2.435210
2.436026
2.437409
2.436271
2.434294
2.433017
2.432836
2.433765
2.434502
2.432829
2.431432
2.427375
2.429494
2.431226
2.432873
2.433917
2.435451
2.434673
2.436315
2.435731
2.435327
2.436411
2.436250
2.437868
2.438098
2.438642
2.438368
2.438510
2.440872
2.440301
2.440209
2.440196
2.441289
2.441223
2.440308
2.440422
2.440792
2.441686
2.440617
2.439854
2.439100
2.441095
2.440946
2.441400
2.441496
2.441881
2.442771
2.442096
2.442182
2.441496
2.442257
2.442080
2.440937
2.441198
2.440985
2.441568
2.440214
2.439466
2.434939
2.437406
2.439873
2.439913
2.439926
2.439895
2.439304
2.438819
2.438631
2.439215
2.440388
2.440045
2.439265
2.439870
2.439829
2.439398
2.439845
2.440456
2.440675
2.440838
2.442123
2.441798
2.441173
2.441114
2.439926
2.440225
2.439636
2.439328
2.439188
2.440112
2.439501
2.440935
2.441413
2.442034
2.442114
2.441769
2.441619
2.441164
2.441460
2.440261
2.439972
2.439165
2.439242
2.438818
2.438498
2.438932
2.439926
2.439734
2.439409
2.439647
2.439516
2.439487
2.439460
2.462064
2.467508
2.465919
2.465737
2.465573
2.466137
2.467179
2.467993
2.468315
2.467710
2.467803
2.467695
2.468151
2.468177
2.467673
2.467754
2.467560
2.468797
2.468219
2.467734
2.468007
2.467875
2.467237
2.466204
2.466418
2.466466
2.466621
2.465526
2.466050
2.466142
2.465253
2.465284
2.465591
2.466654
2.466539
2.466142
2.466557
2.466856
2.466717
2.466541
2.465850
2.466257
2.466431
2.466243
2.466445
2.466461
2.466097
2.466727
2.466276
2.466313
2.466210
2.466716
2.465714
2.466251
2.466015
2.466027
2.466508
2.465997
2.465613
2.465934
2.465252
2.465420
2.465395
2.465959
2.466068
2.466564
2.466019
2.465912
2.465987
2.458843
2.445827
2.436935
2.436799
2.437796
2.438453
2.437707
2.437585
2.436821
2.435382
2.433077
2.431306
2.430851
2.428450
2.432256
2.433921
2.433040
2.432779
2.433361
2.434801
2.432190
2.434642
2.436326
2.437347
2.436693
2.436026
2.435994
2.436549
2.437679
2.438562
2.438744
2.438803
2.439144
2.438189
2.437000
2.434386
2.430372
2.429697
2.427959
2.430790
2.433298
2.435049
2.436727
2.437201
2.438336
2.438491
2.439699
2.439553
2.438999
2.439538
2.439376
2.439696
2.439180
2.438478
2.438317
2.439371
2.438765
2.438828
2.439464
2.440021
2.440211
2.439741
2.439558
2.439674
2.440583
2.440013
2.439682
2.439428
2.439158
2.439775
2.438322
2.438436
2.439281
2.440049
2.439148
2.439052
2.439304
2.439005
2.439288
2.438430
2.438021
2.437562
2.437012
2.436351
2.435972
2.435256
2.432209
2.432662
2.431932
2.431694
2.432972
2.432988
2.432973
2.431833
2.431063
2.429719
2.434106
2.434203
2.432260
2.430432
2.429540
2.429076
2.430912
2.430273
2.430276
2.426940
2.426077
2.425353
2.424674
2.425177
2.426128
2.433504
2.436344
2.435320
2.435646
2.435851
2.453087
2.462707
2.463712
2.464177
2.463202
2.463174
2.463697
2.464034
2.463825
2.463125
2.463098
2.462836
2.463485
2.462056
2.462981
2.462388
2.462862
2.462704
2.462795
2.462566
2.462713
2.462866
2.462778
2.462124
2.462442
2.462687
2.462782
2.461585
2.462270
2.461668
2.460655
2.460877
2.461951
2.462075
2.461761
2.462153
2.462054
2.462144
2.462102
2.462513
2.462016
2.462042
2.460503
2.459604
2.460625
2.460401
2.461504
2.460945
2.460637
2.460344
2.459555
2.459794
2.460228
2.461351
2.460609
2.461254
2.461605
2.461922
2.462146
2.461410
2.461486
2.461656
2.462155
2.461527
2.461269
2.461566
2.461306
2.460820
2.461239
2.461122
2.461011
2.457182
2.446640
2.432857
2.430449
2.427846
2.422593
2.420986
2.421359
2.421329
2.422667
2.422804
2.422232
2.421372
2.421750
2.422017
2.423446
2.424673
2.424019
2.425138
2.423741
2.423123
2.421939
2.422820
2.423170
2.421973
2.421224
2.420881
2.421287
2.418724
2.418680
2.418947
2.418865
2.419178
2.417648
2.417883
2.418251
2.418385
2.418318
2.417356
2.421991
2.424612
2.423619
2.423803
2.419381
2.417502
2.422812
2.422579
2.420729
2.415230
2.418393
2.421388
2.420797
2.422242
2.417474
2.414086
2.414969
2.415409
2.415367
2.416036
2.416248
2.416118
2.415124
2.416173
2.417205
2.417803
2.417808
2.418147
2.417572
2.417325
2.416444
2.417485
2.418280
2.418163
2.419652
2.419701
2.420664
2.420618
2.422071
2.422215
2.421368
2.421570
2.421985
2.422001
2.421448
2.420950
2.422229
2.423009
2.423683
2.423940
2.424179
2.421832
2.421364
2.420290
2.417214
2.416696
2.416641
2.416579
2.417122
2.418577
2.416452
2.415185
2.410794
2.413554
2.419369
2.420523
2.421114
2.418775
2.417176
2.417653
2.418473
2.420000
2.419860
2.419938
2.419695
2.419942
2.419440
2.431447
2.449132
2.449093
2.449288
2.448412
2.448143
2.448345
2.448838
2.448037
2.447980
2.447617
2.447716
2.448069
2.447750
2.447170
2.446817
2.447926
2.447258
2.447515
2.447088
2.446885
2.447707
2.447017
2.446823
2.446325
2.447242
2.447136
2.446849
2.446634
2.446817
2.447055
2.445772
2.445506
2.445866
2.447281
2.446775
2.447044
2.446985
2.447159
2.448013
2.447467
2.447165
2.447115
2.448160
2.448082
2.447449
2.447815
2.448124
2.449198
2.448587
2.447779
2.449002
2.450085
2.449777
2.449179
2.449294
2.450613
2.451569
2.450628
2.449586
2.449364
2.449782
2.450700
2.450561
2.451208
2.451439
2.452265
2.451411
2.451588
2.452340
2.452433
2.450507
2.441730
2.422220
2.421657
2.421983
2.421768
2.420644
2.418949
2.418944
2.419229
2.418383
2.419075
2.418713
2.419708
2.420509
2.420297
2.420219
2.419943
2.420983
2.419813
2.418910
2.417625
2.417287
2.418226
2.417099
2.416834
2.417598
2.418860
2.419004
2.419114
2.419183
2.420131
2.420529
2.419752
2.419119
2.419965
2.420805
2.420474
2.419817
2.419020
2.419695
2.419540
2.418844
2.419057
2.419382
2.420042
2.419192
2.417820
2.417961
2.418565
2.418733
2.417773
2.417607
2.418006
2.417228
2.416714
2.416315
2.416349
2.416438
2.417309
2.416445
2.413656
2.419144
2.422395
2.423324
2.423910
2.423950
2.424713
2.426493
2.425503
2.425635
2.426259
2.426627
2.426970
2.426440
2.426623
2.426838
2.427205
2.426959
2.426803
2.426582
2.426406
2.426559
2.426096
2.425230
2.424199
2.420552
2.416879
2.422418
2.423639
2.425495
2.427675
2.427778
2.429066
2.428262
2.428992
2.428858
2.428674
2.429100
2.429243
2.430111
2.428075
2.429187
2.430005
2.430907
2.430642
2.430123
2.430716
2.428783
2.429559
2.429607
2.428666
2.430187
2.430703
2.431555
2.429544
2.435787
2.460086
2.461377
2.461787
2.462110
2.461787
2.462357
2.462578
2.461129
2.460744
2.461544
2.462514
2.461787
2.461379
2.461569
2.462007
2.462490
2.462006
2.461559
2.462339
2.462710
2.462577
2.462337
2.462751
2.462447
2.462914
2.462021
2.462465
2.462661
2.462903
2.462549
2.462811
2.462456
2.462366
2.463019
2.462898
2.463135
2.463530
2.463528
2.463794
2.463303
2.463499
2.463431
2.463469
2.463712
2.463538
2.463542
2.463765
2.464010
2.463944
2.463924
2.464049
2.464181
2.464411
2.463842
2.463621
2.462941
2.464429
2.464023
2.464004
2.464011
2.464532
2.464250
2.464483
2.463958
2.464188
2.464774
2.464272
2.463818
2.464300
2.464394
2.462987
2.455065
2.435089
2.431899
2.432288
2.431417
2.430518
2.429143
2.426894
2.426845
2.428553
2.429522
2.430900
2.430350
2.429244
2.429838
2.431400
2.432261
2.432508
2.432746
2.433954
2.434492
2.435486
2.436079
2.436675
2.436661
2.436448
2.436463
2.436537
2.436472
2.437012
2.438235
2.437387
2.436677
2.436345
2.436458
2.437910
2.436803
2.436993
2.436414
2.436571
2.435780
2.435589
2.434927
2.435310
2.435258
2.434472
2.433333
2.433038
2.432922
2.432089
2.431698
2.431481
2.430344
2.430215
2.428536
2.427651
2.426487
2.425542
2.424332
2.422934
2.421847
2.421025
2.421511
2.421145
2.421089
2.422155
2.422016
2.422175
2.422007
2.421896
2.421929
2.421759
2.421066
2.420142
2.420173
2.419958
2.419509
2.418622
2.418417
2.418255
2.418435
2.417045
2.417550
2.418535
2.418544
2.418553
2.417419
2.416400
2.416063
2.417026
2.418105
2.417366
2.417641
2.417630
2.419308
2.420623
2.420856
2.421290
2.421833
2.421502
2.420413
2.419007
2.417940
2.418302
2.417176
2.416526
2.414663
2.415757
2.416046
2.415338
2.413524
2.418904
2.421350
2.420970
2.410041
2.419766
2.450933
2.453858
2.436475
2.436612
2.456599
2.456821
2.438307
2.433543
2.454841
2.459485
2.444632
2.443594
2.443984
2.459889
2.450343
2.448478
2.445986
2.457968
2.455527
2.449605
2.458842
2.452173
2.458845
2.451224
2.461772
2.456313
2.458578
2.453597
2.462129
2.461271
2.460452
2.461159
2.461981
2.462124
2.459787
2.459955
2.462062
2.463727
2.462474
2.462690
2.463727
2.465013
2.465044
2.465622
2.465830
2.466063
2.467020
2.466680
2.466962
2.466924
2.466362
2.467068
2.466542
2.466537
2.466063
2.465940
2.466014
2.465923
2.465699
2.465848
2.466172
2.465736
2.465314
2.465310
2.465547
2.465283
2.465093
2.465294
2.465721
2.466418
2.465634
2.459719
2.444869
2.437980
2.438162
2.437602
2.437434
2.437634
2.438360
2.437846
2.437221
2.436771
2.437123
2.438690
2.437806
2.437262
2.437356
2.439398
2.438997
2.439284
2.439451
2.440068
2.440314
2.440671
2.440870
2.440555
2.441173
2.440617
2.440683
2.440262
2.439950
2.440248
2.439924
2.441322
2.441154
2.441759
2.442500
2.442174
2.442120
2.442010
2.442344
2.440984
2.441369
2.440913
2.442492
2.442698
2.442796
2.442582
2.443389
2.443889
2.443150
2.443048
2.443431
2.443346
2.443749
2.442720
2.442304
2.442465
2.443058
2.443156
2.442988
2.442045
2.442381
2.442619
2.442806
2.442821
2.443205
2.443756
2.443321
2.443587
2.442728
2.442396
2.443058
2.442216
2.443425
2.443359
2.444060
2.443768
2.443832
2.443361
2.443540
2.444149
2.443933
2.443623
2.443874
2.443529
2.443598
2.443345
2.443665
2.444433
2.445666
2.444936
2.445274
2.445126
2.445326
2.445797
2.445273
2.444606
2.444384
2.443941
2.443194
2.443703
2.444047
2.444776
2.445818
2.445185
2.444898
2.444594
2.444800
2.443674
2.443002
2.443399
2.444587
2.445187
2.444706
2.444215
2.444253
2.465660
2.472062
2.473227
2.472951
2.473177
2.473257
2.473258
2.473476
2.473086
2.473419
2.473444
2.473108
2.473024
2.472519
2.473815
2.472547
2.473522
2.473411
2.473727
2.473790
2.473532
2.473626
2.473595
2.474024
2.473769
2.473451
2.473285
2.473995
2.473613
2.473485
2.473246
2.473351
2.474309
2.473639
2.474045
2.473776
2.473863
2.474424
2.473259
2.472426
2.472835
2.474074
2.473725
2.472731
2.473685
2.473523
2.474108
2.472503
2.471822
2.472363
2.473866
2.473990
2.473670
2.473467
2.473898
2.474159
2.473534
2.473744
2.473297
2.474295
2.474204
2.473685
2.473845
2.474008
2.474749
2.473939
2.474036
2.473931
2.474255
2.474220
2.473645
2.469392
2.457376
2.445790
2.445553
2.445813
2.445631
2.445700
2.446311
2.445670
2.445351
2.445642
2.445946
2.445529
2.445453
2.444713
2.444612
2.445553
2.445127
2.445052
2.445127
2.446043
2.446667
2.446833
2.446880
2.446772
2.447507
2.447183
2.447032
2.446931
2.446994
2.446793
2.446540
2.446338
2.445559
2.446383
2.444741
2.444546
2.445011
2.445598
2.445870
2.446331
2.445833
2.446250
2.446409
2.445679
2.444561
2.443502
2.444524
2.444592
2.444987
2.444928
2.445920
2.446855
2.445969
2.445837
2.445920
2.446103
2.446243
2.445713
2.445076
2.445044
2.445387
2.444713
2.444047
2.444767
2.445025
2.446498
2.445806
2.445725
2.445901
2.446248
2.446086
2.445518
2.445647
2.445143
2.446145
2.445564
2.445165
2.444860
2.444850
2.445023
2.444990
2.445351
2.445430
2.446074
2.445632
2.445583
2.445516
2.446149
2.446457
2.445877
2.446157
2.445381
2.445648
2.445164
2.445483
2.446094
2.446509
2.446685
2.446089
2.446443
2.446370
2.446546
2.445615
2.445194
2.445166
2.445256
2.445229
2.443550
2.443254
2.443221
2.443410
2.443601
2.443954
2.443996
2.445593
2.461099
2.473751
2.473940
2.473924
2.474059
2.474087
2.473297
2.473332
2.472858
2.474548
2.473728
2.473783
2.474040
2.474149
2.474198
2.474205
2.473676
2.473981
2.474254
2.473843
2.473884
2.473678
2.473590
2.474340
2.473993
2.474447
2.474188
2.474716
2.474187
2.474234
2.474470
2.474355
2.474845
2.474166
2.474188
2.474695
2.474490
2.474282
2.473945
2.473284
2.473210
2.473554
2.473822
2.474230
2.474310
2.475056
2.474259
2.474360
2.474000
2.474343
2.474833
2.473713
2.474055
2.474020
2.474524
2.474094
2.473898
2.474020
2.474098
2.474764
2.474138
2.473960
2.473912
2.474085
2.473306
2.471949
2.472345
2.472721
2.473825
2.474272
2.474239
2.470999
2.462509
2.446696
2.445637
2.446034
2.445738
2.446077
2.445726
2.445606
2.445449
2.445273
2.445361
2.444654
2.445763
2.445575
2.445151
2.444756
2.444645
2.445420
2.446173
2.446912
2.446268
2.445961
2.446612
2.446799
2.446635
2.445913
2.445951
2.446032
2.447391
2.446525
2.446937
2.446464
2.447403
2.447006
2.446170
2.446485
2.446294
2.446594
2.445729
2.444308
2.444141
2.444626
2.445654
2.445990
2.446282
2.446443
2.446613
2.446414
2.446584
2.446393
2.446517
2.446924
2.446301
2.446371
2.445946
2.445864
2.445514
2.445640
2.444752
2.444254
2.445610
2.444437
2.444845
2.445175
2.446204
2.446446
2.445925
2.446076
2.445988
2.446012
2.445052
2.444615
2.444718
2.445853
2.446102
2.445953
2.445983
2.445928
2.446820
2.446005
2.445746
2.445568
2.446113
2.446162
2.445224
2.445095
2.445353
2.446299
2.446495
2.446586
2.446626
2.447038
2.447324
2.446638
2.446882
2.446741
2.446767
2.446564
2.446597
2.446129
2.444942
2.446106
2.445484
2.446006
2.446184
2.446451
2.446095
2.445966
2.445379
2.444059
2.445273
2.445796
2.445784
2.445781
2.445741
2.453963
2.473317
2.473297
2.474638
2.475123
2.474411
2.474311
2.474758
2.474777
2.474316
2.474378
2.474316
2.473812
2.473320
2.472531
2.472833
2.473477
2.473506
2.473555
2.472883
2.473401
2.473267
2.473031
2.473129
2.472962
2.473077
2.473083
2.473552
2.472811
2.472720
2.472727
2.473111
2.472900
2.472833
2.472745
2.473472
2.473882
2.472870
2.472980
2.473094
2.473055
2.472598
2.472357
2.472345
2.472357
2.473319
2.473067
2.472895
2.472789
2.473421
2.473243
2.472842
2.472990
2.473224
2.473583
2.472989
2.472638
2.472708
2.473042
2.473233
2.472922
2.472722
2.472991
2.473564
2.473180
2.473277
2.473065
2.473283
2.473536
2.472994
2.473249
2.471429
2.465326
2.445806
2.443655
2.444309
2.444096
2.444854
2.444326
2.443971
2.444378
2.444343
2.444043
2.442019
2.440345
2.440454
2.443011
2.443136
2.443358
2.443551
2.443807
2.444385
2.444834
2.445869
2.444939
2.447212
2.446418
2.446317
2.446591
2.446706
2.446690
2.446156
2.446009
2.446153
2.446061
2.445179
2.444456
2.444435
2.445562
2.446169
2.445737
2.445747
2.445475
2.445905
2.445714
2.444913
2.444217
2.445019
2.445666
2.444831
2.445086
2.445162
2.445298
2.446442
2.445875
2.446212
2.446064
2.446681
2.446216
2.446060
2.445690
2.445539
2.445610
2.445304
2.445117
2.444457
2.444647
2.443909
2.445615
2.445592
2.446460
2.446315
2.445918
2.445807
2.445115
2.445840
2.445400
2.445137
2.445545
2.445373
2.445035
2.444527
2.444736
2.445292
2.445911
2.445352
2.444744
2.443227
2.443690
2.445104
2.445455
2.446092
2.446082
2.446370
2.446193
2.444820
2.445056
2.445315
2.446492
2.444807
2.446101
2.446133
2.446486
2.446334
2.446104
2.445378
2.445422
2.445821
2.445091
2.444629
2.443914
2.443640
2.443558
2.443966
2.443751
2.444869
2.444866
2.446942
2.472371
2.473577
2.474392
2.474194
2.474114
2.473572
2.473544
2.473343
2.474151
2.474145
2.474442
2.474757
2.474118
2.474164
2.474105
2.474832
2.474360
2.474024
2.474270
2.474203
2.474298
2.473949
2.474023
2.474022
2.474540
2.474390
2.474152
2.474388
2.474192
2.474961
2.473953
2.474065
2.474272
2.474611
2.474725
2.473926
2.473982
2.473036
2.472847
2.472764
2.472863
2.473235
2.473326
2.473869
2.474614
2.474095
2.474378
2.474763
2.474346
2.474054
2.473839
2.474490
2.474440
2.474071
2.474397
2.474118
2.474980
2.474295
2.474129
2.474034
2.474166
2.474704
2.474052
2.474083
2.474291
2.473982
2.474074
2.474040
2.474068
2.473796
2.468531
2.450440
2.445813
2.445958
2.446471
2.446058
2.445406
2.445409
2.445794
2.446632
2.445128
2.445288
2.444816
2.445886
2.446361
2.445751
2.445925
2.445135
2.445787
2.446083
2.446533
2.446498
2.446588
2.447075
2.447242
2.446523
2.446211
2.446742
2.446033
2.447112
2.447239
2.446974
2.447141
2.444801
2.444459
2.444796
2.446350
2.446272
2.446135
2.445740
2.445376
2.445686
2.444872
2.445184
2.445889
2.446632
2.446454
2.446184
2.445108
2.445293
2.446021
2.445415
2.445854
2.446329
2.446364
2.445720
2.445158
2.445107
2.445786
2.446814
2.445360
2.445709
2.445929
2.446333
2.445171
2.444910
2.445350
2.445811
2.446509
2.446036
2.445537
2.445027
2.444656
2.444746
2.444958
2.445548
2.445475
2.446077
2.445638
2.445476
2.445363
2.445247
2.445985
2.445318
2.445268
2.444772
2.445100
2.444965
2.445218
2.446105
2.445830
2.446898
2.446004
2.446387
2.445976
2.446834
2.446012
2.445338
2.445555
2.445144
2.445850
2.444633
2.443359
2.443092
2.443741
2.443998
2.444862
2.444926
2.444161
2.445247
2.443818
2.443008
2.442724
2.443255
2.444047
2.443925
2.467973
2.472539
2.473708
2.473497
2.473328
2.473187
2.473766
2.474110
2.473342
2.473430
2.473629
2.473808
2.473225
2.473481
2.472874
2.473224
2.473874
2.473085
2.472948
2.472460
2.473528
2.473562
2.473224
2.473171
2.473084
2.473818
2.473325
2.473220
2.472988
2.473047
2.473451
2.472674
2.473118
2.473446
2.473835
2.473078
2.473362
2.473193
2.473458
2.473305
2.473112
2.472810
2.472003
2.472882
2.472715
2.473191
2.473320
2.473463
2.473708
2.473522
2.473385
2.473233
2.472548
2.471779
2.471744
2.472249
2.473514
2.473851
2.473446
2.472991
2.473374
2.473673
2.473488
2.473434
2.473655
2.473414
2.474231
2.473222
2.473248
2.473301
2.473754
2.467925
2.453640
2.443843
2.443608
2.443857
2.443599
2.442733
2.443413
2.443936
2.444036
2.443478
2.443446
2.443237
2.443695
2.443530
2.442491
2.442814
2.442693
2.442408
2.441767
2.442423
2.443676
2.444347
2.444313
2.444298
2.444248
2.444090
2.444375
2.444098
2.443866
2.443534
2.444019
2.443801
2.443267
2.442459
2.442705
2.443137
2.442783
2.442642
2.442152
2.443213
2.442321
2.441854
2.442172
2.442498
2.443001
2.442599
2.442375
2.442055
2.441413
2.441767
2.439672
2.440522
2.439914
2.441158
2.440828
2.441539
2.442617
2.442237
2.442290
2.441468
2.441380
2.441350
2.441190
2.440197
2.439554
2.439475
2.441009
2.441766
2.440994
2.441015
2.441058
2.440789
2.440079
2.441067
2.440187
2.439671
2.440776
2.439263
2.439579
2.439818
2.439825
2.439685
2.439371
2.439783
2.438681
2.439830
2.438993
2.439352
2.439201
2.439865
2.439201
2.439224
2.438397
2.438138
2.438691
2.437971
2.438003
2.438117
2.437729
2.437404
2.435997
2.435018
2.433100
2.433834
2.435987
2.434787
2.439587
2.440759
2.442644
2.442479
2.442270
2.441970
2.443322
2.443883
2.443667
2.461544
2.471815
2.472921
2.472203
2.473621
2.473376
2.473848
2.473131
2.473377
2.473547
2.473527
2.474387
2.473610
2.473657
2.473866
2.474192
2.473821
2.473725
2.473606
2.473647
2.474309
2.473564
2.473471
2.473741
2.474216
2.474225
2.473782
2.474101
2.473831
2.474510
2.473987
2.473801
2.473875
2.474182
2.474247
2.473828
2.473729
2.473648
2.474205
2.473814
2.473840
2.473863
2.473043
2.473412
2.472783
2.472663
2.473784
2.474356
2.473773
2.473727
2.473703
2.473662
2.473874
2.473437
2.473829
2.473458
2.474304
2.473761
2.473465
2.473489
2.473502
2.474294
2.473411
2.473660
2.473350
2.473400
2.472278
2.471600
2.471870
2.472029
2.474256
2.468635
2.457256
2.443171
2.443414
2.444207
2.443359
2.443585
2.443807
2.444197
2.443866
2.444033
2.443436
2.443363
2.444299
2.444130
2.444639
2.444305
2.444940
2.444119
2.443469
2.443846
2.445445
2.446011
2.445417
2.445545
2.445650
2.445729
2.444597
2.444675
2.445159
2.445430
2.446153
2.445320
2.445511
2.445089
2.446066
2.444948
2.444790
2.444752
2.444645
2.445732
2.444252
2.443841
2.443926
2.444651
2.445217
2.444595
2.444938
2.445185
2.445908
2.445554
2.445043
2.445233
2.445285
2.445270
2.445179
2.444295
2.443221
2.443666
2.444272
2.444782
2.444522
2.445138
2.445378
2.444519
2.443081
2.443204
2.443568
2.444882
2.444696
2.444933
2.444658
2.444888
2.443927
2.444412
2.444827
2.445264
2.445005
2.445084
2.445251
2.445318
2.445571
2.445021
2.444878
2.445291
2.445389
2.444887
2.444232
2.444477
2.444891
2.446314
2.446126
2.445695
2.445779
2.446164
2.446318
2.445762
2.445956
2.445443
2.446394
2.446035
2.444576
2.444400
2.444673
2.445713
2.444995
2.444811
2.444879
2.445685
2.445603
2.445388
2.444621
2.444730
2.444634
2.444078
2.444997
2.457034
2.474440
2.474133
2.474232
2.475006
2.474992
2.475596
2.474947
2.474905
2.474728
2.474594
2.474728
2.474568
2.474331
2.473078
2.473336
2.473341
2.473692
2.474655
2.474656
2.474336
2.474359
2.474786
2.474599
2.475137
2.474538
2.474557
2.474508
2.474461
2.474992
2.474186
2.474769
2.474558
2.475249
2.474751
2.474518
2.474459
2.474874
2.475130
2.474408
2.474504
2.474446
2.474985
2.473850
2.473141
2.473340
2.474159
2.475746
2.474920
2.474964
2.474914
2.475225
2.474959
2.474852
2.474695
2.474592
2.475715
2.475179
2.474786
2.474776
2.474741
2.475299
2.474815
2.474898
2.474719
2.475542
2.474608
2.474880
2.474617
2.474992
2.474957
2.471929
2.464049
2.445787
2.445708
2.444959
2.444618
2.445090
2.445307
2.445567
2.444831
2.444938
2.445163
2.444662
2.443784
2.443551
2.443482
2.443982
2.444670
2.443957
2.444059
2.443261
2.444139
2.444559
2.444981
2.444837
2.444667
2.445949
2.445150
2.445220
2.445117
2.445465
2.445353
2.444692
2.444819
2.444208
2.444446
2.443621
2.443690
2.444291
2.444467
2.444813
2.444127
2.444045
2.444677
2.445022
2.444816
2.444546
2.444928
2.445004
2.445337
2.444484
2.444499
2.444979
2.445788
2.444931
2.445344
2.444773
2.445266
2.445901
2.445090
2.445115
2.444207
2.445289
2.445487
2.444711
2.444969
2.444414
2.444829
2.444207
2.444919
2.445490
2.445801
2.445693
2.445451
2.444662
2.445347
2.445366
2.444897
2.444795
2.445108
2.445058
2.444747
2.443771
2.444394
2.443684
2.443281
2.441515
2.442275
2.441666
2.443905
2.445242
2.445809
2.445562
2.446608
2.446838
2.446396
2.445856
2.446504
2.446784
2.446986
2.446845
2.446740
2.446335
2.446434
2.446014
2.445756
2.445216
2.445042
2.445826
2.445080
2.444689
2.444394
2.444856
2.445427
2.444665
2.444921
2.451726
2.475064
2.474900
2.474850
2.474890
2.475231
2.475456
2.475452
2.474121
2.474242
2.475062
2.474967
2.474989
2.475027
2.475266
2.475188
2.475066
2.475170
2.474961
2.475645
2.474562
2.475005
2.475080
2.474839
2.475396
2.474886
2.474790
2.475035
2.475834
2.475013
2.475315
2.475429
2.475427
2.475713
2.475161
2.474936
2.474818
2.475410
2.475260
2.474933
2.474937
2.474925
2.474815
2.473185
2.473990
2.473292
2.474203
2.474505
2.474870
2.474865
2.474973
2.475466
2.474710
2.474200
2.475021
2.475387
2.475167
2.474662
2.474325
2.474652
2.475371
2.474793
2.474683
2.474763
2.474877
2.474948
2.474798
2.474653
2.474912
2.475498
2.474828
2.473750
2.467824
2.449039
2.446374
2.446071
2.445850
2.446427
2.446545
2.446195
2.446396
2.446427
2.446071
2.446634
2.445016
2.445387
2.446319
2.446859
2.446598
2.446713
2.446748
2.446563
2.446766
2.446309
2.447750
2.447593
2.448066
2.448076
2.446618
2.445910
2.445416
2.446290
2.447183
2.447581
2.447702
2.447898
2.447848
2.447467
2.446961
2.447289
2.447242
2.446568
2.444742
2.445192
2.444679
2.445667
2.445652
2.446803
2.446601
2.447147
2.445178
2.445750
2.444526
2.444724
2.446275
2.445242
2.446766
2.445660
2.446278
2.445629
2.445818
2.446525
2.446865
2.446791
2.446791
2.446793
2.447262
2.446165
2.445626
2.445569
2.446463
2.447412
2.446297
2.445847
2.445372
2.445722
2.447250
2.446184
2.446442
2.446632
2.447006
2.446935
2.446452
2.446450
2.446371
2.447144
2.446452
2.445781
2.446092
2.446515
2.446603
2.447003
2.446179
2.446221
2.447125
2.446904
2.447701
2.447434
2.447711
2.447224
2.447467
2.447405
2.446830
2.446756
2.445199
2.446015
2.445641
2.445071
2.445704
2.445251
2.446640
2.446811
2.447293
2.446967
2.445772
2.445805
2.447603
2.472041
2.474094
2.474019
2.473691
2.475473
2.474917
2.475289
2.474313
2.474936
2.475291
2.474752
2.474766
2.474781
2.475341
2.474731
2.474519
2.474838
2.474829
2.475488
2.474543
2.474520
2.474962
2.475322
2.475027
2.474941
2.474878
2.474597
2.475173
2.474807
2.474679
2.474345
2.474837
2.474392
2.474303
2.474075
2.474499
2.474957
2.474452
2.474625
2.474203
2.474724
2.475119
2.474539
2.474465
2.473819
2.473692
2.473702
2.474818
2.474660
2.475122
2.475160
2.474907
2.474968
2.474819
2.475295
2.474563
2.474375
2.474672
2.474145
2.473268
2.473330
2.473546
2.473878
2.475119
2.475077
2.474961
2.474893
2.475058
2.475380
2.474511
2.474393
2.469003
2.453759
2.446979
2.446423
2.445671
2.445734
2.446781
2.446067
2.446123
2.446086
2.446437
2.446554
2.446095
2.445906
2.446157
2.446496
2.445935
2.445808
2.446002
2.445714
2.445372
2.444999
2.445021
2.446920
2.447071
2.446773
2.447196
2.446716
2.446937
2.447482
2.447166
2.446871
2.446644
2.447106
2.446491
2.445607
2.445400
2.445116
2.446564
2.445812
2.446060
2.446269
2.446481
2.448847
2.453307
2.454076
2.454272
2.455066
2.454461
2.454567
2.454186
2.454468
2.454554
2.454391
2.453335
2.454214
2.454395
2.455348
2.455384
2.455751
2.455843
2.455449
2.455614
2.455714
2.455508
2.455503
2.454683
2.453793
2.454289
2.454969
2.456385
2.456183
2.456141
2.456142
2.455975
2.456188
2.455493
2.455676
2.455410
2.456155
2.454843
2.454526
2.454513
2.456300
2.455980
2.456006
2.455561
2.456056
2.456544
2.456156
2.456265
2.456107
2.456502
2.456352
2.455761
2.455438
2.454527
2.455431
2.455137
2.456036
2.456016
2.456561
2.456358
2.455544
2.455403
2.455549
2.455773
2.455257
2.455336
2.454959
2.454850
2.454532
2.453750
2.454864
2.453965
2.455097
2.472243
2.477712
2.477645
2.476534
2.476622
2.476375
2.476424
2.477677
2.477634
2.477303
2.477354
2.477807
2.477945
2.478454
2.477850
2.477856
2.477946
2.478062
2.477874
2.477639
2.477786
2.477942
2.478518
2.477671
2.477793
2.477733
2.478083
2.478198
2.477807
2.478021
2.478006
2.478651
2.478117
2.477776
2.478017
2.478289
2.478339
2.478181
2.477984
2.477568
2.478396
2.477810
2.478058
2.478358
2.478312
2.477472
2.476909
2.476814
2.478050
2.478451
2.477724
2.477832
2.477842
2.477905
2.478744
2.478269
2.478175
2.477689
2.478444
2.478175
2.478003
2.478116
2.478053
2.478449
2.477895
2.477676
2.477911
2.478331
2.478008
2.477461
2.477419
2.474203
2.464854
2.453139
2.453566
2.453938
2.454910
2.455429
2.455326
2.455355
2.455245
2.455891
2.455608
2.454579
2.454360
2.454746
2.455361
2.455381
2.455437
2.455281
2.455452
2.455308
2.454228
2.453844
2.454864
2.454972
2.455075
2.455466
2.455246
2.455736
2.455873
2.455446
2.455998
2.456536
2.457196
2.456044
2.455820
2.455783
2.455025
2.456011
2.455409
2.456055
2.456027
2.456362
2.455378
2.455369
2.455491
2.457135
2.457023
2.456248
2.456295
2.456374
2.456992
2.456061
2.455994
2.455866
2.456033
2.456631
2.455580
2.455099
2.454872
2.455473
2.456260
2.455974
2.455965
2.455859
2.456344
2.455920
2.454480
2.453309
2.453846
2.453684
2.454296
2.454978
2.454581
2.454574
2.454021
2.455166
2.455116
2.455694
2.455553
2.455368
2.455155
2.455330
2.456047
2.455074
2.455199
2.455418
2.454681
2.454664
2.454459
2.454866
2.455665
2.456195
2.455565
2.455311
2.455387
2.455894
2.455940
2.455841
2.455053
2.453765
2.455017
2.454150
2.453681
2.453889
2.453395
2.454736
2.454628
2.454575
2.454534
2.455263
2.454925
2.454262
2.454564
2.454571
2.454824
2.466446
2.476536
2.476397
2.477193
2.476509
2.474658
2.472841
2.474579
2.474680
2.474176
2.475477
2.474961
2.476095
2.477140
2.476935
2.477597
2.477663
2.478510
2.477601
2.477977
2.477405
2.476320
2.476749
2.476578
2.477007
2.477944
2.478410
2.477825
2.477930
2.478073
2.477937
2.477620
2.477835
2.477503
2.477809
2.478745
2.477863
2.477791
2.478001
2.478386
2.478334
2.478023
2.477968
2.478027
2.478462
2.478166
2.476863
2.476646
2.476151
2.476609
2.475787
2.475849
2.475361
2.476853
2.476159
2.476651
2.476621
2.476490
2.477115
2.476419
2.476606
2.476497
2.476765
2.476839
2.476588
2.476691
2.476635
2.477236
2.476776
2.476240
2.476334
2.473588
2.467185
2.452757
2.452501
2.452676
2.453294
2.452473
2.452767
2.452677
2.452810
2.453194
2.452785
2.452632
2.452583
2.453631
2.452554
2.451522
2.451553
2.452369
2.452480
2.452587
2.452952
2.453032
2.453442
2.453059
2.452996
2.452906
2.453396
2.453684
2.453154
2.452934
2.452940
2.453259
2.452961
2.452855
2.452773
2.451913
2.452824
2.452027
2.451580
2.452369
2.452626
2.452550
2.452381
2.452607
2.452440
2.453119
2.452916
2.452285
2.452453
2.452334
2.452749
2.452413
2.452301
2.452475
2.453303
2.452584
2.452525
2.452511
2.452689
2.452872
2.452485
2.452154
2.452138
2.453114
2.452421
2.451707
2.452119
2.451651
2.452301
2.452387
2.452615
2.452558
2.453083
2.452775
2.451918
2.452388
2.451568
2.452631
2.452002
2.451583
2.452212
2.452299
2.451761
2.452115
2.452466
2.452816
2.452816
2.452367
2.452142
2.452081
2.451398
2.449288
2.450221
2.453164
2.453025
2.452542
2.452208
2.452923
2.453740
2.453409
2.453946
2.452938
2.452998
2.453110
2.452672
2.453046
2.453263
2.453530
2.452661
2.452709
2.452708
2.453807
2.453700
2.461681
2.476903
2.477216
2.477576
2.477389
2.477247
2.477295
2.477427
2.477332
2.476128
2.476315
2.474608
2.473124
2.473187
2.472786
2.473577
2.474587
2.475002
2.475969
2.476214
2.476384
2.476747
2.476816
2.477335
2.477003
2.477601
2.477888
2.477520
2.477660
2.477754
2.478266
2.477032
2.476285
2.475691
2.475299
2.476242
2.475377
2.474592
2.476472
2.476019
2.475888
2.476050
2.476164
2.476421
2.476287
2.475109
2.474687
2.475330
2.475590
2.475047
2.475353
2.475644
2.476413
2.475717
2.475846
2.475796
2.476012
2.475942
2.475341
2.475605
2.475681
2.476619
2.476301
2.475992
2.476047
2.475968
2.476212
2.475556
2.475726
2.475742
2.474722
2.467993
2.451646
2.451314
2.452430
2.452882
2.452227
2.452444
2.452634
2.452674
2.452506
2.452213
2.452552
2.451873
2.452518
2.451848
2.451832
2.452604
2.453369
2.452923
2.452919
2.453294
2.453435
2.453895
2.452713
2.453026
2.452987
2.452978
2.451752
2.451668
2.451878
2.452595
2.452706
2.452110
2.452192
2.452164
2.452027
2.451490
2.451107
2.450831
2.451166
2.451102
2.450879
2.450290
2.449697
2.449756
2.449428
2.449142
2.449834
2.451223
2.451144
2.451064
2.450815
2.450876
2.451137
2.450315
2.450079
2.449521
2.449569
2.449474
2.449158
2.449580
2.449914
2.450892
2.449849
2.449735
2.450058
2.450011
2.451130
2.450774
2.450711
2.450723
2.451383
2.450132
2.450283
2.450210
2.450976
2.450725
2.450932
2.450898
2.451218
2.451762
2.450935
2.450492
2.450622
2.451089
2.451519
2.450528
2.450559
2.450621
2.451347
2.451743
2.451292
2.451221
2.451653
2.451980
2.451665
2.451253
2.451279
2.451298
2.451243
2.451159
2.450745
2.450167
2.450541
2.449657
2.449896
2.448812
2.449499
2.449111
2.449444
2.449540
2.449260
2.450545
2.450220
2.453539
2.475744
2.476165
2.475876
2.475404
2.475177
2.472683
2.472941
2.473096
2.472745
2.472370
2.473634
2.473860
2.474958
2.475483
2.475454
2.477021
2.476187
2.476362
2.476385
2.476788
2.476937
2.475877
2.476300
2.476240
2.477006
2.476639
2.476257
2.476605
2.476571
2.476931
2.476195
2.475824
2.476419
2.476497
2.476158
2.476279
2.476147
2.476135
2.476667
2.476501
2.476043
2.476208
2.476446
2.475888
2.475588
2.474325
2.474864
2.474276
2.473648
2.474879
2.475129
2.475437
2.475084
2.474891
2.474886
2.475488
2.474812
2.474623
2.475034
2.475063
2.474972
2.474335
2.473760
2.474031
2.474697
2.474307
2.474845
2.474537
2.475331
2.475199
2.468867
2.452766
2.448333
2.449337
2.449187
2.448366
2.447940
2.448083
2.449443
2.448692
2.448415
2.448594
2.449216
2.447915
2.448391
2.449315
2.449675
2.450734
2.450137
2.449933
2.450167
2.449971
2.450142
2.449949
2.450308
2.450238
2.451290
2.450933
2.450695
2.450319
2.450513
2.450761
2.450169
2.450361
2.449963
2.450225
2.449155
2.449158
2.448704
2.449667
2.450232
2.449976
2.450107
2.450156
2.450977
2.450284
2.449800
2.449616
2.449706
2.450334
2.449613
2.449464
2.449363
2.449580
2.449812
2.449930
2.449839
2.449095
2.448633
2.449362
2.449108
2.449774
2.449971
2.450066
2.450114
2.450134
2.449691
2.450480
2.449276
2.449784
2.450137
2.450241
2.450495
2.450172
2.450225
2.449917
2.450898
2.450562
2.451423
2.451423
2.450920
2.451075
2.450312
2.450371
2.451017
2.451919
2.451652
2.451866
2.451733
2.451759
2.452518
2.451928
2.452011
2.452173
2.452250
2.451659
2.451047
2.450664
2.450744
2.452432
2.451329
2.451453
2.451112
2.451395
2.451307
2.450308
2.450548
2.450222
2.450911
2.450490
2.450276
2.449918
2.449600
2.448238
2.448196
2.448868
2.472064
2.476780
2.476445
2.476264
2.476439
2.476627
2.476137
2.475523
2.475751
2.475800
2.475913
2.474554
2.475171
2.475492
2.476934
2.477410
2.476900
2.476401
2.476476
2.476819
2.476937
2.476301
2.476810
2.476723
2.477092
2.476975
2.476836
2.477013
2.477188
2.477189
2.476966
2.476677
2.477030
2.477877
2.477033
2.476932
2.477121
2.477152
2.477311
2.476576
2.477240
2.476976
2.477570
2.477162
2.477230
2.477140
2.477512
2.477804
2.477172
2.476788
2.477188
2.477638
2.477131
2.476259
2.476321
2.476230
2.477335
2.477341
2.477424
2.477788
2.477990
2.477739
2.477669
2.477922
2.477924
2.478186
2.477772
2.477646
2.477730
2.478150
2.477927
2.472938
2.459977
2.451045
2.450145
2.449195
2.447978
2.447209
2.448500
2.448564
2.449378
2.448941
2.449178
2.449924
2.449114
2.448897
2.448891
2.449623
2.450392
2.450719
2.450070
2.450443
2.451061
2.450900
2.450861
2.450696
2.450476
2.450959
2.450845
2.450514
2.449142
2.450032
2.449480
2.450317
2.450935
2.450842
2.451535
2.450760
2.450491
2.450106
2.449694
2.449973
2.450268
2.450517
2.450091
2.450138
2.449338
2.449061
2.450562
2.451327
2.450814
2.450410
2.450566
2.450311
2.450802
2.449500
2.449193
2.449581
2.450390
2.450583
2.449635
2.449751
2.449785
2.450918
2.450193
2.449756
2.447295
2.448674
2.449453
2.447874
2.447068
2.448646
2.450033
2.450112
2.449973
2.449290
2.448684
2.449096
2.449437
2.449298
2.449733
2.452195
2.452013
2.451494
2.451624
2.451723
2.452192
2.451985
2.452180
2.451176
2.451859
2.452218
2.451813
2.452932
2.453107
2.453992
2.453480
2.452987
2.453312
2.453472
2.453493
2.452415
2.452516
2.452929
2.453150
2.451660
2.451407
2.451134
2.452520
2.452523
2.450129
2.451553
2.451954
2.452132
2.451077
2.452291
2.451918
2.469810
2.479292
2.477080
2.476650
2.476969
2.477853
2.478718
2.478275
2.477580
2.477207
2.478881
2.478895
2.478476
2.478704
2.479061
2.478781
2.478672
2.478358
2.478723
2.479274
2.478658
2.478928
2.478309
2.478886
2.478023
2.476711
2.477689
2.477585
2.479553
2.478567
2.478597
2.478073
2.478360
2.478631
2.477983
2.478446
2.478557
2.479216
2.478563
2.478682
2.478605
2.479010
2.479009
2.478813
2.478495
2.478908
2.479324
2.478278
2.478712
2.478820
2.478794
2.479616
2.478779
2.479042
2.478250
2.478355
2.477913
2.478055
2.478967
2.478756
2.479802
2.478753
2.478508
2.478964
2.479538
2.479110
2.478936
2.479258
2.479333
2.479785
2.479341
2.475431
2.465923
2.453144
2.452453
2.451891
2.451397
2.450903
2.451540
2.452437
2.452580
2.452531
2.452825
2.453012
2.452119
2.451766
2.451068
2.451628
2.450583
2.448760
2.448997
2.450265
2.450898
2.450376
2.450166
2.449787
2.451068
2.451368
2.451222
2.451215
2.451580
2.451437
2.450617
2.450328
2.450228
2.450901
2.450489
2.449432
2.449037
2.449324
2.449877
2.449521
2.450265
2.450191
2.450764
2.450808
2.450333
2.450454
2.450128
2.450336
2.449633
2.449027
2.447345
2.447891
2.444753
2.443994
2.446519
2.449089
2.450171
2.449697
2.449629
2.449759
2.450204
2.451021
2.449856
2.449533
2.449386
2.449860
2.449588
2.449365
2.449255
2.449493
2.450102
2.449723
2.449784
2.449666
2.450265
2.449331
2.449369
2.449232
2.449138
2.449816
2.448944
2.448888
2.449424
2.450039
2.450082
2.449918
2.449834
2.450372
2.450712
2.450415
2.450246
2.450418
2.450862
2.450420
2.446867
2.449003
2.450685
2.450259
2.450621
2.450537
2.451395
2.452316
2.452360
2.452241
2.452036
2.452430
2.451962
2.451804
2.452000
2.452058
2.451807
2.450907
2.450991
2.452260
2.464380
2.478502
2.478375
2.478410
2.478489
2.479071
2.477923
2.477139
2.477538
2.477297
2.476822
2.477005
2.478147
2.478628
2.479015
2.478365
2.478196
2.478337
2.479033
2.479054
2.478399
2.478234
2.478266
2.478794
2.478470
2.478259
2.478498
2.478568
2.478569
2.478294
2.478288
2.478820
2.479006
2.478477
2.478172
2.477696
2.478666
2.479044
2.478726
2.478650
2.478423
2.479191
2.478470
2.478620
2.478492
2.478798
2.479259
2.478535
2.478635
2.478667
2.478823
2.478717
2.477429
2.476129
2.477158
2.477130
2.477172
2.477592
2.477487
2.478639
2.478253
2.478369
2.478125
2.478088
2.478817
2.478094
2.478565
2.478259
2.478506
2.478520
2.477751
2.476123
2.469111
2.452191
2.450553
2.449896
2.451889
2.452155
2.452277
2.451969
2.451853
2.452047
2.452404
2.452006
2.451833
2.451439
2.451262
2.452106
2.451711
2.451993
2.451701
2.451469
2.451921
2.452841
2.453250
2.453082
2.453950
2.453073
2.452900
2.452905
2.453044
2.452581
2.451742
2.451289
2.451973
2.453269
2.453210
2.452952
2.452867
2.452855
2.452776
2.452891
2.452700
2.452645
2.453333
2.452707
2.451646
2.451847
2.451226
2.450869
2.451952
2.452483
2.452814
2.453973
2.453457
2.453131
2.452891
2.453030
2.453470
2.452847
2.453077
2.452064
2.452505
2.452331
2.453065
2.453417
2.453478
2.453946
2.453402
2.453065
2.453185
2.453521
2.453491
2.453168
2.453185
2.452804
2.452806
2.452097
2.452080
2.452636
2.452326
2.452075
2.452204
2.453044
2.453077
2.453658
2.452971
2.453032
2.453210
2.453539
2.453244
2.452788
2.452753
2.452765
2.454394
2.454001
2.454326
2.453814
2.454031
2.454458
2.453606
2.453365
2.453220
2.453926
2.452859
2.451319
2.449603
2.451227
2.452567
2.452270
2.452829
2.452826
2.453122
2.451820
2.452519
2.451639
2.451539
2.457358
2.475597
2.477207
2.476678
2.477264
2.477313
2.477838
2.478952
2.478472
2.478635
2.477159
2.476203
2.476153
2.476599
2.477541
2.477438
2.477995
2.478234
2.478665
2.478169
2.478300
2.478259
2.478533
2.477881
2.478410
2.478416
2.478508
2.478760
2.478171
2.478408
2.478293
2.478272
2.478800
2.477635
2.478153
2.477769
2.478529
2.478493
2.478099
2.478308
2.478448
2.478642
2.478229
2.478021
2.478257
2.478854
2.478661
2.478344
2.478108
2.478721
2.479118
2.478574
2.478552
2.478333
2.478775
2.478429
2.478274
2.477250
2.477508
2.477982
2.478288
2.478157
2.478372
2.478308
2.478942
2.478412
2.476800
2.476736
2.477964
2.478309
2.478638
2.477612
2.472529
2.453682
2.449765
2.450245
2.450324
2.450625
2.449401
2.448004
2.448860
2.448387
2.448601
2.445740
2.446244
2.446336
2.446585
2.446952
2.447499
2.445914
2.446889
2.447389
2.446572
2.446035
2.445480
2.445933
2.445292
2.445915
2.446005
2.445123
2.445748
2.444627
2.444034
2.444043
2.443487
2.443511
2.444404
2.447368
2.445180
2.443644
2.440333
2.441212
2.441617
2.441984
2.443290
2.444671
2.443265
2.440999
2.441413
2.440687
2.440791
2.440861
2.440796
2.443800
2.444465
2.445930
2.445499
2.446946
2.447132
2.447540
2.447416
2.446702
2.442263
2.439129
2.437087
2.435939
2.435400
2.436182
2.436395
2.437003
2.437950
2.438864
2.437539
2.437950
2.438520
2.439060
2.439043
2.440863
2.439209
2.439462
2.439000
2.436829
2.436239
2.435675
2.437664
2.439057
2.438940
2.438176
2.438461
2.439665
2.439610
2.439513
2.438709
2.438958
2.439702
2.439252
2.439442
2.439169
2.439077
2.439024
2.439250
2.438489
2.438638
2.439119
2.438872
2.438445
2.438200
2.438847
2.438763
2.438336
2.438282
2.437741
2.438516
2.437341
2.437370
2.436839
2.437158
2.438839
2.470365
2.473208
2.473595
2.473930
2.473130
2.473071
2.473276
2.473764
2.473841
2.473496
2.472054
2.472274
2.473987
2.471918
2.471319
2.471250
2.472110
2.472776
2.472811
2.473025
2.473345
2.473998
2.473447
2.473763
2.473613
2.473368
2.474123
2.473579
2.473519
2.473630
2.474027
2.473909
2.473803
2.473552
2.473713
2.474179
2.473612
2.473626
2.473705
2.474050
2.473620
2.473574
2.473792
2.473304
2.474116
2.473502
2.473713
2.473825
2.474170
2.473455
2.472301
2.473007
2.473604
2.474002
2.473498
2.473421
2.473287
2.472464
2.473025
2.472593
2.472419
2.473695
2.474104
2.473562
2.473476
2.473230
2.473580
2.474080
2.473179
2.473168
2.472955
2.465829
2.444086
2.434134
2.433592
2.434016
2.435563
2.434459
2.434025
2.432780
2.430465
2.430302
2.428167
2.425942
2.426142
2.425666
2.427214
2.427472
2.427298
2.428243
2.428867
2.428862
2.428981
2.429090
2.428847
2.428115
2.429201
2.428001
2.427157
2.427904
2.426135
2.426504
2.426006
2.427121
2.425873
2.425690
2.425447
2.426070
2.425902
2.424883
2.424573
2.424999
2.424578
2.423841
2.422495
2.421153
2.418056
2.421299
2.423207
2.423048
2.423599
2.423764
2.421033
2.414440
2.426059
2.427189
2.428297
2.427372
2.427360
2.427254
2.427278
2.428282
2.426549
2.425390
2.423389
2.418124
2.416841
2.417190
2.416894
2.416134
2.418968
2.417835
2.417529
2.415141
2.416927
2.415392
2.417159
2.417641
2.416274
2.418161
2.418608
2.416153
2.419227
2.417286
2.417814
2.419758
2.419769
2.417423
2.418453
2.418339
2.417132
2.417368
2.417927
2.416651
2.417358
2.417844
2.419534
2.419868
2.417563
2.414091
2.413688
2.412803
2.412992
2.413422
2.414371
2.412667
2.415757
2.414709
2.416054
2.414273
2.411800
2.414631
2.421754
2.422828
2.421947
2.421720
2.423618
2.459155
2.471492
2.471863
2.471572
2.471658
2.471484
2.471903
2.472926
2.471628
2.471647
2.470968
2.470384
2.470750
2.471088
2.471479
2.471425
2.472333
2.471932
2.471234
2.471267
2.470345
2.470684
2.470997
2.470485
2.471356
2.472123
2.471855
2.471307
2.471522
2.471555
2.471085
2.469548
2.470168
2.470627
2.471660
2.470672
2.471192
2.471756
2.471737
2.472346
2.471664
2.471321
2.471865
2.471454
2.471915
2.471668
2.471634
2.471876
2.471657
2.471828
2.471636
2.471495
2.471955
2.472075
2.471672
2.471823
2.471972
2.471982
2.470664
2.470691
2.470623
2.471697
2.472740
2.471067
2.471731
2.471782
2.472384
2.472305
2.471889
2.471731
2.472004
2.465465
2.445565
2.421578
2.421631
2.421656
2.421163
2.419733
2.417957
2.417708
2.414939
2.441328
2.463678
2.463580
2.463828
2.463910
2.463096
2.463893
2.463443
2.463909
2.463772
2.463335
2.464332
2.465745
2.464111
2.463875
2.463968
2.463878
2.463757
2.464054
2.464510
2.464834
2.464172
2.465878
2.479414
2.479279
2.480019
2.487798
2.487744
2.488041
2.487822
2.487529
2.487485
2.487835
2.487448
2.487344
2.487560
2.487856
2.488346
2.487075
2.487432
2.487739
2.487940
2.487646
2.487648
2.487704
2.487528
2.488119
2.487607
2.487439
2.487383
2.487823
2.488113
2.487773
2.487860
2.488606
2.489654
2.489051
2.489303
2.489370
2.489501
2.489555
2.489423
2.489541
2.489705
2.489353
2.489395
2.488635
2.489296
2.488701
2.489137
2.488492
2.488304
2.488611
2.488875
2.488829
2.488604
2.488147
2.487995
2.488452
2.488475
2.488438
2.488049
2.488989
2.488956
2.488187
2.488899
2.488919
2.489920
2.488847
2.487690
2.488737
2.488408
2.487839
2.486559
2.485096
2.486522
2.487930
2.488256
2.487763
2.488174
2.488130
2.488756
2.488466
2.488892
2.489605
2.489395
2.489001
2.489061
2.489052
2.489439
2.489101
2.489355
2.489181
2.488275
2.487618
2.488165
2.488661
2.489183
2.489966
2.489046
2.489346
2.489378
2.489727
2.489356
2.489233
2.489384
2.488266
2.489709
2.489179
2.489046
2.488409
2.488981
2.490330
2.490065
2.490129
2.490143
2.490700
2.490073
2.489082
2.490133
2.490415
2.490487
2.490048
2.490116
2.490124
2.490965
2.490011
2.490246
2.490583
2.490899
2.487978
2.488000
2.488209
2.487773
2.487916
2.487444
2.487553
2.487552
2.487884
2.487793
2.488212
2.487637
2.487804
2.487448
2.487748
2.487947
2.487608
2.487665
2.487502
2.487990
2.487745
2.487596
2.487690
2.488005
2.487726
2.488387
2.487809
2.487926
2.487679
2.487930
2.488357
2.487641
2.487487
2.488024
2.487947
2.487684
2.487465
2.487652
2.487761
2.488064
2.487803
2.487913
2.487705
2.488459
2.487878
2.487946
2.487992
2.487718
2.488344
2.487870
2.488102
2.488100
2.488293
2.488418
2.487672
2.487808
2.488114
2.488566
2.487898
2.487847
2.487789
2.488114
2.488111
2.487770
2.488106
2.487965
2.488573
2.487681
2.487617
2.487524
2.487507
2.488247
2.487788
2.487752
2.487170
2.488005
2.487784
2.487713
2.487732
2.487540
2.487911
2.487377
2.487569
2.487845
2.487678
2.487199
2.487745
2.486925
2.487259
2.487059
2.486675
2.486793
2.487263
2.487174
2.487224
2.487549
2.487516
2.487893
2.487550
2.487358
2.487401
2.488260
2.487940
2.487676
2.487823
2.488461
2.488190
2.488121
2.487669
2.487903
2.488151
2.487565
2.487884
2.487569
2.488307
2.487625
2.487935
2.487861
2.487879
2.488013
2.488025
2.487767
2.488257
2.488413
2.488018
2.487952
2.488205
2.488133
2.488174
2.487400
2.488022
2.487665
2.488086
2.487678
2.487994
2.488153
2.488202
2.489002
2.488123
2.487756
2.487833
2.488004
2.488354
2.487754
2.488194
2.487890
2.488245
2.488014
2.488121
2.487925
2.488719
2.488558
2.487774
2.487664
2.487705
2.488751
2.487940
2.487893
2.487921
2.488050
2.488530
2.487981
2.487975
2.488050
2.488666
2.488021
2.488352
2.488447
2.488169
2.488354
2.488295
2.487939
2.487975
2.488375
2.488560
2.488104
2.488160
2.487981
2.488652
2.488241
2.487895
2.488132
2.488719
2.488598
2.488659
2.488516
2.488515
2.488998
2.487915
2.487729
2.487515
2.488287
2.488362
2.487699
2.487385
2.487897
2.488376
2.487983
2.488546
2.489028
2.488453
2.489009
2.488887
2.488430
2.488235
2.488829
2.488443
2.488271
2.488310
2.488738
2.488832
2.488222
2.488349
2.488518
2.488827
2.488823
2.488492
2.488838
2.488973
2.489234
2.488658
2.488955
2.488845
2.489578
2.488925
2.488405
2.488639
2.488453
2.488669
2.487941
2.488055
2.487956
2.488461
2.488477
2.488222
2.488311
2.488751
2.488767
2.487969
2.488071
2.487882
2.488398
2.488661
2.488067
2.488648
2.488523
2.489026
2.488800
2.489408
2.489555
2.488905
2.490047
2.489741
2.489601
2.489163
2.489613
2.489192
2.489117
2.488985
2.488285
2.488786
2.488418
2.488667
2.488410
2.488978
2.488928
2.488642
2.488637
2.489256
2.489083
2.488652
2.488769
2.488784
2.489358
2.489268
2.488853
2.488540
2.488806
2.489609
2.488329
2.488559
2.488642
2.489300
2.489345
2.488813
2.488828
2.488655
2.489787
2.488965
2.488329
2.488238
2.488774
2.489007
2.488503
2.488396
2.488528
2.489884
2.488859
2.488757
2.488679
2.488841
2.489355
2.489475
2.489510
2.489684
2.490398
2.489881
2.489647
2.489895
2.489503
2.490690
2.490635
2.490489
2.490362
2.491339
2.490962
2.490771
2.490716
2.490730
2.491474
2.490788
2.490777
2.490723
2.490476
2.490122
2.489535
2.490650
2.491030
2.491522
2.490790
2.491031
2.490962
2.491485
2.491572
2.491248
2.491005
2.490925
2.491488
2.490093
2.489303
2.489250
2.490099
2.491469
2.491176
2.491181
2.491242
2.491632
2.491236
2.490906
2.490896
2.490221
2.491345
2.491122
2.491069
2.491010
2.491350
2.490923
2.491133
2.490849
2.491096
2.491467
2.491200
2.490931
2.489842
2.490994
2.491266
2.490876
2.490981
2.490670
2.491610
2.490106
2.489756
2.489900
2.490887
2.491111
2.490140
2.490881
2.491039
2.491295
2.490827
2.490881
2.490659
2.491122
2.491059
2.490504
2.490568
2.490348
2.491169
2.490547
2.490704
2.490578
2.490841
2.491278
2.490650
2.490797
2.490782
2.491245
2.491146
2.490754
2.490677
2.490698
2.491173
2.490541
2.490757
2.490885
2.491236
2.491090
2.490855
2.489524
2.488851
2.490354
2.490111
2.490475
2.490969
2.491254
2.490874
2.490844
2.489623
2.489679
2.490514
2.490848
2.490973
2.490672
2.490839
2.491154
2.490438
2.490632
2.490395
2.491128
2.490523
2.490745
2.490461
2.490798
2.491093
2.490660
2.490712
2.491012
2.491053
2.491001
2.490546
2.490742
2.490652
2.491173
2.490495
2.490523
2.490344
2.490951
2.490317
2.490429
2.490354
2.490418
2.491152
2.490328
2.490532
2.490185
2.490833
2.490934
2.490382
2.490361
2.490357
2.491006
2.490569
2.490274
2.490127
2.489573
2.489700
2.490534
2.489970
2.490174
2.490903
2.490395
2.490544
2.490534
2.490515
2.489175
2.488400
2.489462
2.489724
2.491038
2.490458
2.490444
2.490481
2.490741
2.490962
2.490454
2.490429
2.490430
2.490474
2.490009
2.490267
2.490587
2.490695
2.490029
2.489316
2.489676
2.489998
2.490752
2.490836
2.490428
2.490500
2.489036
2.488219
2.488359
2.487503
2.482562
2.482065
2.481809
2.481990
2.481799
2.482343
2.481009
2.480720
2.481174
2.482374
2.482640
2.481301
2.481102
2.481579
2.482373
2.481660
2.481919
2.481519
2.481667
2.481950
2.480248
2.480370
2.480286
2.481012
2.479309
2.479464
2.479818
2.479779
2.480353
2.479582
2.479840
2.479467
2.479641
2.479218
2.479494
2.479658
2.479848
2.480372
2.478637
2.477646
2.478698
2.478836
2.479962
2.479672
2.479831
2.479385
2.480481
2.479859
2.479805
2.479799
2.480227
2.480043
2.479624
2.478581
2.478725
2.479671
2.479846
2.479243
2.479643
2.479942
2.480106
2.479569
2.479755
2.479612
2.479904
2.479885
2.479770
2.479713
2.479673
2.480391
2.479342
2.479364
2.479496
2.480119
2.479614
2.479584
2.479661
2.479612
2.484558
2.484696
2.484457
2.484484
2.484754
2.484898
2.484563
2.484235
2.484416
2.484974
2.484404
2.484630
2.484344
2.484671
2.485068
2.484397
2.484635
2.484486
2.485095
2.484621
2.484369
2.483608
2.483243
2.483855
2.484243
2.483907
2.483096
2.483293
2.483217
2.483130
2.482964
2.483517
2.483807
2.483345
2.483321
2.483389
2.484136
2.483346
2.483250
2.483187
2.483280
2.484066
2.483100
2.483382
2.483239
2.483832
2.483711
2.483456
2.483503
2.483456
2.483907
2.483316
2.483067
2.483268
2.483482
2.483889
2.483631
2.483378
2.483418
2.484146
2.483643
2.483408
2.483442
2.484168
2.484131
2.483692
2.483708
2.483485
2.483713
2.483023
2.482954
2.478634
2.478768
2.478882
2.478375
2.478259
2.478547
2.479231
2.479033
2.478616
2.478926
2.478865
2.479128
2.478386
2.478510
2.478487
2.479040
2.478878
2.478452
2.478229
2.478799
2.479010
2.478608
2.478840
2.478259
2.478281
2.476733
2.476008
2.476489
2.475738
2.477816
2.477400
2.477132
2.477868
2.478132
2.479127
2.480103
2.480201
2.480181
2.480702
2.480326
2.479986
2.480206
2.480230
2.480721
2.479879
2.478977
2.478586
2.479953
2.480176
2.480378
2.480237
2.480196
2.481005
2.480441
2.480410
2.480440
2.480768
2.480175
2.479849
2.480088
2.480201
2.481017
2.480267
2.480482
2.480528
2.480747
2.480493
2.480313
2.480428
2.480395
2.481194
2.480032
2.480456
2.480593
2.480863
2.480670
2.480180
2.480389
2.480482
2.480853
2.480296
2.480227
2.480456
2.480384
2.480479
2.479928
2.480181
2.480060
2.480978
2.480237
2.480260
2.479751
2.479085
2.479891
2.480198
2.480277
2.479388
2.480515
2.479141
2.477718
2.478664
2.479368
2.480510
2.479810
2.479954
2.480075
2.480173
2.479941
2.479762
2.480035
2.479997
2.480810
2.479995
2.479946
2.480019
2.480148
2.483747
2.484969
2.485001
2.484910
2.485532
2.484887
2.485040
2.484968
2.485194
2.485485
2.484918
2.484986
2.484975
2.485101
2.484578
2.484670
2.485024
2.484949
2.485284
2.484716
2.484896
2.484635
2.484463
2.484022
2.483788
2.484557
2.484956
2.485439
2.484661
2.484536
2.484772
2.485400
2.484848
2.484583
2.484687
2.484673
2.485371
2.484961
2.484911
2.484779
2.485107
2.485111
2.484637
2.484748
2.484705
2.485448
2.484496
2.484673
2.484683
2.485067
2.485011
2.484185
2.482583
2.482894
2.484288
2.484196
2.484625
2.484817
2.484664
2.485048
2.484604
2.484895
2.484494
2.485002
2.484494
2.484436
2.484353
2.484363
2.484967
2.483493
2.483075
2.479753
2.479780
2.479403
2.479262
2.479218
2.479408
2.479723
2.479184
2.479221
2.479478
2.479634
2.479336
2.479073
2.479437
2.479460
2.480149
2.479497
2.479375
2.479442
2.479773
2.479470
2.478292
2.478794
2.479274
2.479777
2.479232
2.479333
2.479202
2.479440
2.479785
2.479507
2.479504
2.479588
2.480232
2.479167
2.478045
2.478191
2.478491
2.479391
2.479201
2.478774
2.479263
2.479796
2.479806
2.479783
2.478798
2.477770
2.478068
2.477443
2.477996
2.479279
2.479780
2.479696
2.479538
2.479474
2.479497
2.479984
2.479291
2.479528
2.478832
2.479624
2.479525
2.479158
2.479295
2.479208
2.480046
2.479256
2.479370
2.479237
2.479771
2.479436
2.478645
2.479065
2.479305
2.479790
2.479348
2.479144
2.479479
2.479536
2.479932
2.479323
2.479136
2.479284
2.479777
2.478700
2.479326
2.479457
2.479318
2.480031
2.479367
2.479488
2.479306
2.478845
2.478612
2.478824
2.479442
2.479081
2.479796
2.479573
2.479497
2.479054
2.479631
2.479621
2.479376
2.479542
2.479460
2.480212
2.479405
2.479961
2.479340
2.479663
2.479876
2.479510
2.479520
2.479500
2.479561
2.480126
2.482388
2.483132
2.483972
2.484782
2.484131
2.483946
2.484194
2.484639
2.484101
2.484180
2.484426
2.484760
2.485049
2.484519
2.484325
2.484230
2.484940
2.483168
2.482582
2.483576
2.484796
2.485281
2.483367
2.483920
2.484573
2.485304
2.485039
2.484626
2.484743
2.484124
2.483897
2.484141
2.483661
2.483774
2.483786
2.483702
2.483326
2.483434
2.483398
2.483941
2.483430
2.483628
2.482809
2.483445
2.483833
2.483338
2.483490
2.483222
2.483859
2.483256
2.483415
2.483162
2.483719
2.484017
2.483292
2.483373
2.483711
2.484072
2.483640
2.483618
2.483675
2.483531
2.483991
2.483538
2.482663
2.481268
2.482322
2.481804
2.483076
2.482048
2.480054
2.478934
2.477905
2.478045
2.477938
2.478131
2.478796
2.478719
2.478125
2.478112
2.478584
2.477939
2.478052
2.478435
2.478699
2.478715
2.478345
2.478185
2.478263
2.478913
2.478850
2.478318
2.478244
2.478536
2.478791
2.478335
2.478338
2.478369
2.478849
2.478266
2.478267
2.478183
2.478398
2.478652
2.478288
2.478085
2.478347
2.478899
2.478423
2.477410
2.477188
2.477338
2.478243
2.478111
2.478551
2.478241
2.477944
2.477365
2.478032
2.478505
2.478725
2.479029
2.478607
2.478606
2.478618
2.478893
2.478565
2.478415
2.478407
2.478430
2.478929
2.478315
2.478246
2.478278
2.477106
2.476998
2.477160
2.478552
2.478640
2.479353
2.478561
2.478566
2.478149
2.478757
2.479104
2.478629
2.478722
2.478738
2.479135
2.479003
2.478359
2.478402
2.478853
2.479306
2.478356
2.478449
2.478518
2.479059
2.478458
2.478818
2.478331
2.478507
2.478461
2.477292
2.477437
2.477675
2.478820
2.478685
2.478448
2.478462
2.478122
2.479066
2.478510
2.478623
2.478577
2.478687
2.478821
2.478210
2.478106
2.478473
2.478676
2.478460
2.478234
2.478429
2.478742
2.479032
2.479105
2.483488
2.483081
2.483976
2.483423
2.483525
2.483456
2.483293
2.483914
2.483481
2.483612
2.484328
2.484879
2.483909
2.482511
2.482975
2.483534
2.485132
2.484314
2.484382
2.484742
2.484965
2.485079
2.483997
2.483384
2.483523
2.485128
2.484700
2.484822
2.484760
2.484846
2.484915
2.484757
2.484347
2.484353
2.485292
2.484479
2.484508
2.484491
2.484648
2.484989
2.484218
2.484449
2.484461
2.484904
2.484671
2.484524
2.484913
2.484838
2.484992
2.484444
2.484556
2.484894
2.484294
2.484835
2.484918
2.484658
2.485187
2.485641
2.485027
2.485316
2.485125
2.485477
2.485163
2.484578
2.484542
2.484962
2.485408
2.484730
2.484815
2.484307
2.483003
2.480217
2.479761
2.479702
2.479523
2.480923
2.480124
2.479871
2.479683
2.479911
2.479929
2.479657
2.478103
2.477658
2.478718
2.479097
2.479615
2.479550
2.480001
2.480000
2.479711
2.479671
2.479278
2.480060
2.479734
2.479728
2.479766
2.479803
2.480235
2.479505
2.479904
2.479546
2.480032
2.479737
2.479517
2.479827
2.479672
2.480634
2.479966
2.479738
2.479891
2.479973
2.478895
2.478867
2.478322
2.479290
2.479316
2.478519
2.478678
2.479664
2.480645
2.480556
2.480021
2.480147
2.480222
2.480644
2.480192
2.480186
2.479997
2.480166
2.479835
2.479818
2.480019
2.480087
2.480481
2.480124
2.479896
2.479967
2.480131
2.480747
2.480125
2.480106
2.479637
2.480224
2.480042
2.479867
2.480097
2.479165
2.478155
2.478292
2.478913
2.479848
2.480383
2.480145
2.480022
2.479322
2.479966
2.480595
2.480108
2.480020
2.480137
2.480315
2.480186
2.479032
2.478840
2.479073
2.480565
2.479827
2.479554
2.480178
2.480476
2.480425
2.480226
2.479923
2.480012
2.480781
2.480278
2.480284
2.480170
2.480280
2.479921
2.480019
2.480372
2.480418
2.480962
2.480663
2.480318
2.484542
2.485104
2.486212
2.485396
2.485221
2.484725
2.485262
2.485471
2.485301
2.485349
2.485001
2.485768
2.485068
2.484787
2.485005
2.485441
2.485431
2.485140
2.484475
2.484882
2.485180
2.484789
2.485350
2.484143
2.484171
2.484940
2.484927
2.484840
2.484603
2.484807
2.482755
2.482948
2.483258
2.484385
2.484971
2.484754
2.484681
2.484680
2.485122
2.484956
2.484995
2.484865
2.485085
2.485549
2.484878
2.485031
2.485139
2.485673
2.485350
2.485061
2.484970
2.484688
2.485661
2.484773
2.485072
2.485199
2.485723
2.485331
2.485191
2.485303
2.485546
2.486111
2.484947
2.485201
2.485524
2.485742
2.485720
2.485150
2.484972
2.485193
2.484311
2.479792
2.479413
2.480265
2.480481
2.480722
2.480050
2.480058
2.480242
2.481105
2.480081
2.480471
2.480118
2.480401
2.480447
2.479886
2.480190
2.480010
2.480512
2.480003
2.480229
2.480268
2.480090
2.480338
2.480092
2.479352
2.478585
2.479229
2.479423
2.479226
2.479029
2.479211
2.479475
2.478814
2.479100
2.478989
2.479564
2.479509
2.478909
2.478893
2.479135
2.479569
2.478889
2.479045
2.479382
2.479551
2.479731
2.478446
2.478308
2.478447
2.479924
2.478911
2.479355
2.479047
2.479398
2.479611
2.479135
2.479151
2.479218
2.479789
2.479304
2.479014
2.479181
2.479340
2.479683
2.479320
2.479277
2.479391
2.479843
2.479738
2.479581
2.479240
2.479210
2.479605
2.479185
2.479378
2.479414
2.479575
2.479560
2.478957
2.478967
2.478765
2.479724
2.479266
2.479165
2.479059
2.479224
2.479421
2.478956
2.478806
2.478998
2.479466
2.478808
2.478218
2.477690
2.477729
2.476889
2.474950
2.476439
2.475804
2.477736
2.477909
2.477816
2.478119
2.479171
2.480152
2.479706
2.479667
2.479656
2.480002
2.479907
2.479352
2.480059
2.480047
2.480718
2.480000
2.479839
2.482855
2.485439
2.485654
2.485374
2.485119
2.484977
2.485327
2.484955
2.485179
2.485144
2.485316
2.485184
2.485048
2.485024
2.484995
2.485744
2.485057
2.485179
2.484980
2.485363
2.485511
2.485054
2.484981
2.484956
2.484337
2.484243
2.484099
2.484975
2.485331
2.485752
2.485084
2.484202
2.484388
2.484949
2.485752
2.486146
2.486358
2.486110
2.486246
2.486053
2.486553
2.485895
2.486080
2.486161
2.486162
2.486756
2.486007
2.486160
2.486047
2.486463
2.486722
2.484683
2.484018
2.484794
2.486168
2.486295
2.486334
2.486195
2.486268
2.486234
2.486484
2.486005
2.486163
2.486684
2.486439
2.486225
2.485606
2.485498
2.486196
2.481354
2.480043
2.479669
2.481146
2.481031
2.481226
2.480544
2.480552
2.479842
2.479442
2.479026
2.480062
2.480597
2.480401
2.480479
2.480483
2.480994
2.480290
2.480453
2.480554
2.480481
2.480259
2.479538
2.480145
2.480317
2.481814
2.481363
2.481348
2.481414
2.482098
2.481432
2.481101
2.481497
2.481465
2.481551
2.481480
2.481374
2.481408
2.481167
2.482038
2.481173
2.481388
2.480891
2.481439
2.481745
2.481420
2.480339
2.479597
2.480007
2.479844
2.479815
2.481378
2.481888
2.481478
2.481427
2.481388
2.481395
2.481881
2.481071
2.480487
2.481188
2.481546
2.481586
2.481297
2.481335
2.481315
2.481977
2.480961
2.480922
2.481204
2.481421
2.480750
2.480838
2.481221
2.481134
2.481943
2.481084
2.480806
2.481359
2.481678
2.481656
2.481216
2.481228
2.481351
2.481367
2.481227
2.481316
2.481200
2.481654
2.481719
2.481254
2.480613
2.482701
2.483515
2.482663
2.482846
2.483060
2.483149
2.484443
2.483628
2.483329
2.482711
2.481912
2.482439
2.483100
2.483373
2.484102
2.483705
2.482335
2.482143
2.484378
2.484473
2.484208
2.483792
2.483669
2.483410
2.482073
2.482765
2.483073
2.484108
2.483619
2.483867
2.484058
2.483986
2.484610
2.483852
2.483765
2.483872
2.483863
2.484350
2.483774
2.483742
2.483804
2.483353
2.483979
2.483820
2.483917
2.483906
2.484274
2.483205
2.482725
2.483033
2.484152
2.483710
2.483767
2.483092
2.483293
2.484473
2.483617
2.483588
2.483798
2.484418
2.484142
2.483763
2.483804
2.483921
2.484512
2.483634
2.482746
2.483891
2.484191
2.484237
2.483872
2.484081
2.484082
2.484525
2.484125
2.484038
2.483822
2.484313
2.484385
2.483555
2.484303
2.484388
2.484644
2.484255
2.484266
2.484167
2.484301
2.484943
2.483598
2.482416
2.482418
2.482386
2.481483
2.482060
2.482389
2.482727
2.482336
2.481697
2.481930
2.481765
2.482324
2.481975
2.481957
2.482453
2.482502
2.482561
2.481920
2.481562
2.481762
2.482112
2.481914
2.482497
2.483102
2.482784
2.482936
2.482975
2.482499
2.482588
2.483205
2.482181
2.482297
2.482671
2.482729
2.483284
2.481889
2.482449
2.483708
2.484219
2.484043
2.483630
2.483960
2.483890
2.484214
2.483698
2.483714
2.483883
2.483710
2.483001
2.483104
2.483016
2.483132
2.483552
2.483058
2.483179
2.483014
2.483487
2.483053
2.482781
2.483127
2.482551
2.483409
2.483983
2.484029
2.482712
2.482484
2.482780
2.482861
2.483833
2.484075
2.484295
2.483976
2.482516
2.483847
2.484250
2.484527
2.483781
2.483701
2.484018
2.484444
2.484007
2.483917
2.484120
2.484061
2.483811
2.483415
2.483765
2.483478
2.483810
2.483959
2.483147
2.483429
2.483888
2.484470
2.483634
2.482682
2.482764
2.482253
2.482659
2.482660
2.482520
2.482681
2.483929
2.483519
2.483619
2.483788
2.484146
2.482655
2.482469
2.482491
2.483107
2.484455
2.484065
2.484083
2.483992
2.483985
2.484171
2.483589
2.483827
2.483721
2.484193
2.483891
2.483514
2.483789
2.483810
2.483892
2.483450
2.483503
2.483711
2.483521
2.481678
2.482201
2.482226
2.483242
2.483456
2.483264
2.483777
2.483556
2.484280
2.483950
2.483675
2.483465
2.482712
2.483287
2.482485
2.482198
2.482269
2.482398
2.482945
2.482650
2.483441
2.483698
2.484336
2.483872
2.483577
2.483580
2.483910
2.484009
2.484054
2.483575
2.481718
2.482761
2.482657
2.482972
2.483903
2.484093
2.484202
2.483803
2.483835
2.483764
2.484422
2.484069
2.482989
2.484199
2.484198
2.484283
2.483615
2.483763
2.483755
2.484245
2.483876
2.483602
2.483618
2.483777
2.484319
2.483809
2.483414
2.483934
2.483949
2.482959
2.482636
2.482681
2.483860
2.484392
2.483638
2.483850
2.483588
2.483780
2.483758
2.482023
2.481639
2.482545
2.483510
2.483881
2.483428
2.483712
2.483739
2.484180
2.483218
2.483205
2.483019
2.483972
2.483763
2.483594
2.483827
2.483793
2.484207
2.483809
2.483872
2.484006
2.484375
2.484022
2.483172
2.483791
2.483993
2.484383
2.483597
2.483913
2.483785
2.484242
2.484257
2.483963
2.483055
2.484023
2.484527
2.484027
2.483054
2.482826
2.482951
2.483946
2.483828
2.484075
2.483726
2.484591
2.483358
2.483312
2.483695
2.483397
2.483910
2.483734
2.483557
2.483637
2.484247
2.483926
2.483484
2.483388
2.483810
2.483774
2.483452
2.483359
2.482970
2.483978
2.483704
2.483070
2.482484
2.481396
2.482945
2.481861
2.483194
2.483560
2.484113
2.483751
2.482752
2.483339
2.483562
2.484121
2.483529
2.483622
2.483655
2.483978
2.483729
2.483526
2.483553
2.482936
2.483028
2.482314
2.483201
2.483706
2.484125
2.484019
2.483796
2.483977
2.483885
2.484587
2.483947
2.484195
2.483883
2.483608
2.484172
2.482835
2.483233
2.483417
2.483591
2.483909
2.483885
2.483886
2.484323
2.484424
2.484116
2.483725
2.483793
2.484518
2.484028
2.483776
2.483818
2.484031
2.484360
2.483704
2.483804
2.484020
2.484401
2.484088
2.483298
2.483366
2.484584
2.483749
2.483596
2.483397
2.484029
2.483370
2.482620
2.482506
2.482796
2.482455
2.482199
2.482447
2.482599
2.484208
2.484375
2.483960
2.483971
2.483740
2.484424
2.483839
2.484112
2.483954
2.482820
2.484335
2.484142
2.483831
2.484033
2.484645
2.483982
2.483631
2.484145
2.483793
2.484464
2.484133
2.484177
2.484220
2.484502
2.484297
2.483800
2.483674
2.484210
2.484553
2.483898
2.483978
2.483965
2.484414
2.484264
2.484018
2.483840
2.484253
2.484513
2.483829
2.483319
2.482900
2.483311
2.483771
2.483749
2.483472
2.483558
2.483992
2.482814
2.483812
2.483710
2.483661
2.484217
2.483882
2.484009
2.483908
2.484417
2.484035
2.483854
2.483526
2.483732
2.484376
2.482896
2.481710
2.482461
2.482710
2.483590
2.483931
2.483695
2.483690
2.484298
2.483529
2.483435
2.483597
2.484161
2.483899
2.483450
2.483898
2.483896
2.484533
2.484049
2.483814
2.483829
2.484430
2.484417
2.483394
2.483627
2.483355
2.483091
2.482744
2.483411
2.484036
2.484164
2.484213
2.483878
2.484078
2.483858
2.484496
2.483866
2.483761
2.484100
2.483898
2.484506
2.484003
2.484055
2.484131
2.484298
2.483747
2.483957
2.483987
2.483966
2.484249
2.483842
2.484066
2.484037
2.484383
2.484304
2.483813
2.483623
2.483914
2.484846
2.484226
2.483910
2.483801
2.484470
2.484449
2.484245
2.484000
2.483884
2.484818
2.484073
2.483506
2.482819
2.482932
2.482582
2.482022
2.482529
2.482287
2.483630
2.483064
2.483070
2.483138
2.483344
2.483467
2.482921
2.483198
2.483354
2.483430
2.482736
2.483132
2.483109
2.483135
2.483854
2.482712
2.483016
2.483175
2.483559
2.483240
2.483062
2.483373
2.483145
2.483878
2.483222
2.483150
2.483003
2.483477
2.483495
2.482708
2.482861
2.482870
2.483456
2.483094
2.482474
2.482538
2.482774
2.482699
2.482765
2.482547
2.482445
2.483051
2.482615
2.482383
2.481766
2.482399
2.482752
2.483129
2.482967
2.483122
2.483373
2.482980
2.483203
2.482750
2.482996
2.483257
2.483102
2.483272
2.483233
2.483279
2.483032
2.483044
2.482811
2.483023
2.481627
2.481711
2.482325
2.482421
2.482362
2.482016
2.482273
2.481579
2.481610
2.481662
2.480932
2.480923
2.480999
2.480551
2.481149
2.481373
2.481171
2.481749
2.481666
2.482374
2.482759
2.482128
2.482485
2.482439
2.482507
2.481881
2.481551
2.481816
2.481930
2.482268
2.481418
2.481652
2.481724
2.482452
2.482042
2.482159
2.482497
2.482417
2.482997
2.482203
2.482330
2.481893
2.482474
2.481500
2.481661
2.481717
2.481851
2.483086
2.481800
2.482445
2.482375
2.482638
2.482663
2.482705
2.483233
2.482821
2.483752
2.481909
2.482673
2.483477
2.482472
2.482569
2.482061
2.482137
2.482184
2.482935
2.482226
2.482054
2.481843
2.482603
2.482226
2.481906
2.481819
2.481793
2.482201
2.481937
2.481710
2.481375
2.481434
2.481995
2.481180
2.481437
2.481675
2.482139
2.481992
2.481607
2.481570
2.481901
2.482256
2.482566
2.482328
2.482241
2.482305
2.481449
2.481175
2.481176
2.481168
2.481635
2.481247
2.481252
2.481152
2.481613
2.481704
2.481534
2.481863
2.481576
2.482222
2.481660
2.481706
2.481233
2.481380
2.481539
2.481351
2.481461
2.481444
2.481964
2.481536
2.481462
2.481944
2.481748
2.482017
2.481598
2.481817
2.481793
2.482033
2.481617
2.481765
2.481744
2.481773
2.482182
2.482377
2.481737
2.481679
2.481506
2.482176
2.481850
2.481567
2.481552
2.481766
2.481773
2.481723
2.481556
2.481499
2.482021
2.481528
2.481629
2.481515
2.481867
2.482119
2.481490
2.481812
2.481552
2.482040
2.481758
2.481754
2.481754
2.481338
2.482162
2.481524
2.481448
2.481914
2.482147
2.481921
2.481565
2.481976
2.481762
2.482311
2.481629
2.481811
2.481788
2.482385
2.482072
2.482018
2.481939
2.482081
2.482423
2.481655
2.481878
2.481768
2.482380
2.482136
2.481897
2.481717
2.481518
2.482545
2.481285
2.481306
2.481649
2.482005
2.482004
2.481812
2.482101
2.481965
2.481380
2.481608
2.481683
2.482335
2.481576
2.481817
2.481858
2.482165
2.481691
2.482060
2.481473
2.481549
2.482087
2.481607
2.481357
2.481489
2.481869
2.481762
2.481728
2.481666
2.481394
2.481976
2.481412
2.481483
2.481395
2.481648
2.481828
2.481425
2.481643
2.481561
2.482179
2.481374
2.481123
2.481250
2.481232
2.481654
2.481630
2.482632
2.481862
2.481678
2.481799
2.482144
2.482285
2.481822
2.481894
2.481844
2.482647
2.481987
2.481898
2.482011
2.482147
2.482374
2.481717
2.481711
2.481807
2.482193
2.482205
2.481868
2.481910
2.481842
2.482435
2.482136
2.481955
2.481851
2.482191
2.482133
2.482287
2.481875
2.482035
2.483072
2.482529
2.482809
2.482754
2.482873
2.483147
2.482581
2.483090
2.482951
2.483941
2.483537
2.483495
2.483329
2.483463
2.483369
2.483323
2.483193
2.483485
2.483548
2.483239
2.482565
2.482570
2.483388
2.483861
2.482786
2.482428
2.481869
2.483236
2.483237
2.483162
2.483234
2.483355
2.484066
2.483456
2.483342
2.483473
2.483922
2.483421
2.481975
2.481852
2.482172
2.482487
2.482376
2.482364
2.483423
2.483394
2.483501
2.483178
2.483339
2.483444
2.484009
2.482697
2.483283
2.483397
2.483912
2.483929
2.483763
2.483325
2.483397
2.483881
2.482958
2.482920
2.482845
2.482705
2.482582
2.482152
2.482237
2.481862
2.482349
2.482316
2.482117
2.482266
2.482304
2.482524
2.482162
2.482071
2.482060
2.482479
2.482526
2.482197
2.482373
2.482313
2.482958
2.482417
2.482694
2.482811
2.482505
2.482416
2.482540
2.481945
2.481984
2.482222
2.481766
2.482064
2.482093
2.482161
2.482542
2.481692
2.482002
2.482016
2.482419
2.482613
2.482360
2.482795
2.482867
2.483404
2.481915
2.482120
2.482155
2.482377
2.482138
2.482690
2.482500
2.482390
2.482900
2.482387
2.482629
2.482809
2.483177
2.482935
2.482485
2.482656
2.482850
2.483359
2.482796
2.483009
2.482307
2.483057
2.483093
2.482090
2.482616
2.482520
2.482944
2.482028
2.482123
2.482260
2.482402
2.483010
2.482718
2.482200
2.482296
2.482587
2.481931
2.481869
2.481998
2.482306
2.482341
2.482186
2.482357
2.482763
2.483022
2.482511
2.481911
2.482242
2.482175
2.483010
2.482261
2.482159
2.482094
2.482991
2.482849
2.482571
2.482346
2.482511
2.482998
2.482603
2.482008
2.482082
2.482333
2.482221
2.481948
2.482292
2.482191
2.482789
2.482355
2.482358
2.482229
2.482734
2.482821
2.482198
2.482024
2.482026
2.482619
2.482005
2.482380
2.481946
2.482169
2.482541
2.482147
2.482451
2.482222
2.482902
2.482176
2.482128
2.482300
2.482376
2.482572
2.482104
2.482231
2.482177
2.482405
2.482195
2.482145
2.481803
2.482280
2.482628
2.482014
2.482313
2.482434
2.482417
2.482404
2.482144
2.482092
2.482451
2.483067
2.482037
2.482007
2.482337
2.482554
2.482492
2.482435
2.482343
2.482294
2.482830
2.482477
2.482144
2.482049
2.482660
2.482903
2.482601
2.482458
2.482316
2.482826
2.482433
2.482543
2.482314
2.482595
2.482824
2.482430
2.482591
2.482576
2.483069
2.482193
2.482237
2.482964
2.482956
2.483540
2.482856
2.482458
2.482407
2.483411
2.482784
2.483605
2.483919
2.484057
2.484237
2.483624
2.483816
2.483827
2.484295
2.483975
2.483568
2.483822
2.483968
2.482396
2.483785
2.483759
2.483794
2.484130
2.484159
2.483531
2.483743
2.483633
2.484629
2.483770
2.483640
2.483228
2.483961
2.483684
2.483449
2.483569
2.483595
2.484009
2.483844
2.482833
2.482885
2.482664
2.483326
2.483367
2.482917
2.482824
2.483448
2.483321
2.482817
2.482393
2.482549
2.482884
2.482386
2.482551
2.483132
2.483529
2.483189
2.483159
2.483335
2.482835
2.483385
2.482573
2.482664
2.483060
2.483495
2.483748
2.483605
2.482845
2.482774
2.483617
2.482636
2.482630
2.482619
2.482761
2.483268
2.483055
2.482650
2.483020
2.483741
2.483066
2.483218
2.482645
2.483132
2.483613
2.483044
2.483084
2.482550
2.483139
2.482116
2.482142
2.482173
2.482272
2.482976
2.482834
2.482684
2.483302
2.483461
2.483674
2.483073
2.482925
2.483489
2.483943
2.482958
2.483096
2.482976
2.483214
2.483124
2.484410
2.484273
2.484244
2.484787
2.484239
2.484370
2.484519
2.484486
2.484508
2.484203
2.484347
2.484095
2.483647
2.484036
2.484268
2.484061
2.484189
2.484539
2.483841
2.483419
2.484311
2.484657
2.484244
2.483627
2.483205
2.484348
2.485142
2.484248
2.484256
2.483972
2.483969
2.483648
2.482935
2.483029
2.483061
2.483752
2.483170
2.483022
2.483215
2.484214
2.484324
2.483971
2.483917
2.483959
2.484723
2.484345
2.484253
2.484225
2.484435
2.483680
2.483769
2.484062
2.484156
2.484825
2.484137
2.484298
2.484374
2.484612
2.484291
2.484257
2.483953
2.483976
2.483366
2.484414
2.484257
2.484249
2.484682
2.484769
2.484034
2.484208
2.483651
2.484028
2.484125
2.483772
2.483313
2.483617
2.484202
2.483174
2.482775
2.483147
2.483178
2.484034
2.484022
2.484000
2.483945
2.484670
2.483898
2.483709
2.483701
2.484520
2.484341
2.484111
2.483792
2.483996
2.484810
2.484254
2.484484
2.484351
2.484612
2.483789
2.483057
2.483263
2.483217
2.483548
2.482570
2.482643
2.482377
2.483062
2.482429
2.482775
2.482479
2.483218
2.482817
2.482376
2.482680
2.482809
2.483205
2.482904
2.482590
2.482809
2.482905
2.480614
2.479975
2.482436
2.482410
2.482157
2.482300
2.482824
2.482936
2.482919
2.482767
2.482778
2.484105
2.483432
2.483267
2.483791
2.483627
2.484069
2.483605
2.483440
2.483450
2.483222
2.482937
2.482954
2.482534
2.482703
2.482925
2.482974
2.483100
2.482297
2.483139
2.483560
2.483429
2.483457
2.483157
2.482966
2.482438
2.482348
2.482234
2.482905
2.482961
2.482997
2.482712
2.482488
2.483070
2.483633
2.483377
2.482530
2.482728
2.482772
2.482471
2.482503
2.482664
2.483440
2.482712
2.482388
2.482441
2.482910
2.483217
2.483108
2.483228
2.483517
2.483574
2.482756
2.483124
2.482759
2.483033
2.483304
2.482985
2.483196
2.482966
2.483389
2.483054
2.482722
2.483386
2.483375
2.483184
2.482951
2.482936
2.483098
2.483412
2.483209
2.482472
2.482394
2.482819
2.482919
2.482411
2.482464
2.482797
2.483976
2.483804
2.483816
2.483801
2.483748
2.484554
2.483536
2.483631
2.483814
2.483931
2.483867
2.483884
2.482887
2.483630
2.484404
2.484314
2.484065
2.483917
2.484492
2.483485
2.483290
2.483464
2.483409
2.483888
2.483360
2.483416
2.483967
2.484522
2.484533
2.484016
2.484273
2.484219
2.484803
2.484435
2.484474
2.484556
2.484344
2.483774
2.483035
2.484235
2.483742
2.483928
2.483036
2.481627
2.480153
2.481270
2.482639
2.482161
2.483060
2.482820
2.483223
2.483342
2.482628
2.482688
2.482980
2.483491
2.482992
2.482653
2.483208
2.483101
2.483297
2.483050
2.482546
2.483302
2.484039
2.483375
2.483455
2.483177
2.483506
2.483507
2.482966
2.482771
2.482710
2.483330
2.482916
2.482392
2.482704
2.482986
2.482861
2.482335
2.482204
2.482680
2.483103
2.483206
2.482970
2.482686
2.483103
2.483324
2.483119
2.483143
2.483019
2.483560
2.483643
2.483200
2.483011
2.483093
2.483463
2.483029
2.483113
2.482699
2.482706
2.483129
2.482651
2.482713
2.483863
2.484465
2.483892
2.483382
2.482902
2.484009
2.483501
2.483898
2.483138
2.482972
2.483526
2.482755
2.483549
2.483074
2.483970
2.483534
2.482994
2.483199
2.483369
2.484407
2.483386
2.483782
2.483016
2.483954
2.484542
2.483073
2.483031
2.483388
2.483886
2.483767
2.482967
2.482692
2.482658
2.483239
2.482830
2.482592
2.482749
2.482991
2.482774
2.483102
2.482781
2.482849
2.483253
2.482835
2.482967
2.482828
2.483219
2.483161
2.481416
2.483092
2.482845
2.483805
2.483330
2.483618
2.483032
2.483261
2.483467
2.483443
2.482989
2.483531
2.483349
2.483287
2.483227
2.483346
2.483394
2.484051
2.483253
2.483171
2.483470
2.483792
2.483509
2.483201
2.483383
2.483275
2.483836
2.483596
2.483498
2.483676
2.483744
2.483091
2.482813
2.482891
2.482999
2.483761
2.483149
2.482947
2.483051
2.483178
2.483304
2.482914
2.482972
2.482795
2.483682
2.483335
2.483083
2.483590
2.483331
2.483035
2.483857
2.483302
2.483326
2.483494
2.484042
2.483320
2.483181
2.483785
2.483626
2.483441
2.483249
2.483137
2.483190
2.483855
2.483147
2.483378
2.483916
2.484142
2.483859
2.483812
2.484210
2.483678
2.483964
2.484202
2.483805
2.484754
2.484609
2.484882
2.484523
2.483994
2.483928
2.483882
2.484879
2.483568
2.484222
2.484588
2.484264
2.484257
2.484313
2.484829
2.484693
2.484015
2.484273
2.484666
2.484453
2.484652
2.484177
2.483999
2.484678
2.484436
2.484415
2.485158
2.484460
2.484511
2.484996
2.484148
2.485033
2.484609
2.484486
2.484832
2.484067
2.484173
2.484889
2.484201
2.484385
2.484484
2.484946
2.484423
2.484097
2.484518
2.483909
2.484247
2.484155
2.484340
2.484193
2.484174
2.484916
2.483878
2.483549
2.483789
2.485291
2.484803
2.484388
2.484193
2.484097
2.484775
2.484370
2.484200
2.484693
2.484802
2.484578
2.485170
2.485413
2.485575
2.485211
2.483971
2.484409
2.484253
2.485138
2.485573
2.485313
2.485394
2.485168
2.485785
2.485092
2.484617
2.484231
2.484378
2.484517
2.484710
2.484851
2.485565
2.485644
2.485110
2.484704
2.485044
2.484921
2.484799
2.484243
2.484111
2.484437
2.485428
2.485287
2.484314
2.484205
2.484802
2.485091
2.484215
2.484177
2.484332
2.484406
2.484974
2.484524
2.484544
2.484725
2.485597
2.484270
2.484687
2.484530
2.485089
2.484596
2.484444
2.484826
2.484770
2.485074
2.484644
2.484435
2.484161
2.484946
2.484943
2.484008
2.484611
2.484506
2.484427
2.484248
2.484128
2.484239
2.484733
2.485347
2.484725
2.484682
2.484556
2.484990
2.484842
2.484434
2.484665
2.484549
2.484944
2.484877
2.485361
2.485228
2.485750
2.485396
2.485271
2.485214
2.485316
2.485461
2.484846
2.485567
2.485312
2.485691
2.485476
2.485538
2.485017
2.485830
2.485855
2.485317
2.485201
2.485601
2.485524
2.485511
2.485909
2.486109
2.485183
2.486194
2.485981
2.485291
2.485358
2.485421
2.486416
2.486381
2.486200
2.485445
2.485883
2.485788
2.485155
2.486155
2.486340
2.486835
2.486368
2.486424
2.486541
2.486740
2.486373
2.486609
2.486765
2.486756
2.487121
2.486394
2.486572
2.486379
2.487018
2.486553
2.486537
2.486408
2.486022
2.485986
2.485406
2.485540
2.486123
2.486209
2.485420
2.485915
2.486165
2.485546
2.485722
2.486078
2.486393
2.486571
2.486036
2.485856
2.485492
2.486365
2.485541
2.485829
2.485942
2.485824
2.486179
2.485873
2.485668
2.485738
2.486424
2.486383
2.486050
2.485904
2.486014
2.487230
2.486480
2.486404
2.486382
2.486207
2.486222
2.485620
2.485851
2.485833
2.486467
2.485519
2.485442
2.485665
2.486062
2.486232
2.486015
2.485508
2.486919
2.487676
2.486830
2.486925
2.486804
2.487119
2.487332
2.486842
2.486956
2.486721
2.487209
2.485943
2.485921
2.485772
2.486064
2.486203
2.485701
2.485331
2.486014
2.486330
2.485831
2.485473
2.485459
2.485822
2.485967
2.485576
2.485167
2.485210
2.485923
2.485466
2.485518
2.485662
2.485646
2.486118
2.485736
2.485885
2.485449
2.485842
2.485932
2.485696
2.485578
2.485558
2.486090
2.485486
2.485467
2.485070
2.485412
2.485352
2.485497
2.485084
2.485437
2.485496
2.485147
2.485116
2.485246
2.485333
2.485341
2.485245
2.484808
2.484877
2.485719
2.485195
2.485034
2.484953
2.485637
2.485614
2.484874
2.485064
2.484805
2.485638
2.484982
2.484948
2.484966
2.485082
2.485354
2.485031
2.484951
2.484925
2.485011
2.484953
2.484741
2.484699
2.485007
2.485651
2.484796
2.484996
2.485046
2.485312
2.485200
2.484960
2.484986
2.485119
2.485684
2.484518
2.484402
2.484649
2.484764
2.484711
2.484205
2.484565
2.484639
2.485118
2.484713
2.484722
2.484460
2.484624
2.484882
2.484617
2.484519
2.484749
2.485141
2.484837
2.484679
2.484539
2.484726
2.485328
2.484756
2.484954
2.484260
2.484962
2.484682
2.484662
2.484525
2.484400
2.485106
2.484386
2.484207
2.484139
2.484581
2.484784
2.484277
2.484349
2.484488
2.485383
2.484854
2.484661
2.485053
2.484910
2.484697
2.484354
2.484801
2.484658
2.485367
2.484673
2.484537
2.484364
2.484754
2.484604
2.484449
2.484213
2.484566
2.485221
2.484305
2.484457
2.484538
2.484231
2.485073
2.484174
2.484449
2.484217
2.485012
2.484728
2.484363
2.484648
2.484898
2.485043
2.484854
2.484463
2.484472
2.484767
2.484633
2.484389
2.484566
2.484568
2.485119
2.484579
2.485295
2.484994
2.485128
2.485197
2.484422
2.484837
2.484871
2.485017
2.484664
2.484828
2.484825
2.485183
2.485553
2.485284
2.485310
2.485325
2.485732
2.484993
2.484643
2.484803
2.485625
2.485999
2.485078
2.485222
2.485394
2.485858
2.485574
2.485024
2.485105
2.484999
2.485679
2.485020
2.485219
2.485368
2.485951
2.485429
2.485155
2.485036
2.485567
2.486614
2.485396
2.485287
2.485377
2.485782
2.485519
2.485220
2.485523
2.485406
2.485564
2.485354
2.484851
2.484705
2.485319
2.485275
2.484536
2.484354
2.484411
2.485057
2.484393
2.484503
2.484623
2.484621
2.484899
2.484772
2.484677
2.484583
2.484754
2.484785
2.484878
2.484524
2.484881
2.485585
2.485242
2.485208
2.484941
2.485616
2.485145
2.484639
2.485067
2.485256
2.485158
2.485045
2.485130
2.484392
2.485521
2.485038
2.485183
2.485522
2.485554
2.486160
2.485838
2.485711
2.486066
2.486140
2.486000
2.485894
2.485754
2.485364
2.485796
2.485753
2.485312
2.485093
2.485700
2.486009
2.485905
2.486158
2.485850
2.486338
2.485830
2.486222
2.485803
2.486290
2.486546
2.486023
2.485963
2.485892
2.486470
2.486172
2.486072
2.486150
2.485723
2.486428
2.485939
2.486087
2.485868
2.486147
2.486675
2.485894
2.485998
2.486451
2.486498
2.485635
2.485772
2.485666
2.486006
2.486798
2.485916
2.485580
2.485897
2.486684
2.485865
2.486113
2.486003
2.485932
2.486451
2.486039
2.485887
2.485730
2.486401
2.486879
2.486004
2.486072
2.486126
2.486811
2.486466
2.487082
2.487242
2.487305
2.486685
2.470638
2.484319
2.485788
2.485979
2.486074
2.485670
2.486195
2.485389
2.485915
2.486038
2.486858
2.486569
2.486236
2.486240
2.487003
2.486432
2.486147
2.486388
2.485960
2.486148
2.486133
2.486407
2.486264
2.486601
2.486719
2.486183
2.486262
2.486116
2.486951
2.486094
2.486026
2.486053
2.486540
2.486585
2.486241
2.486091
2.486270
2.486678
2.485985
2.486365
2.486487
2.486492
2.486370
2.485682
2.485512
2.485282
2.486023
2.485580
2.485617
2.485732
2.486034
2.486145
2.486103
2.485409
2.485577
2.485806
2.485718
2.486261
2.485518
2.485533
2.485509
2.486401
2.486101
2.485737
2.485951
2.484702
2.484427
2.484916
2.484092
2.483973
2.483488
2.483862
2.483780
2.485908
2.485453
2.470650
2.485870
2.485875
2.486060
2.486529
2.485828
2.486408
2.487329
2.486584
2.486535
2.486659
2.486954
2.487248
2.486713
2.486509
2.485254
2.484105
2.484117
2.484260
2.484488
2.484921
2.485639
2.486535
2.486136
2.486954
2.486872
2.486680
2.486976
2.486626
2.486613
2.486667
2.487452
2.487007
2.486790
2.486798
2.487063
2.487303
2.486774
2.486753
2.486705
2.487424
2.487243
2.486783
2.486780
2.486864
2.487438
2.486800
2.486854
2.486259
2.486313
2.487220
2.486479
2.487119
2.487049
2.487577
2.487012
2.487134
2.487138
2.486826
2.487531
2.487204
2.487139
2.486964
2.487437
2.486600
2.486166
2.486281
2.486277
2.486761
2.486980
2.486597
2.486791
2.487121
2.487372
2.486947
2.487086
2.486340
2.487541
2.486963
2.487137
2.487162
2.487168
2.487556
2.487115
2.486935
2.486708
2.486610
2.485756
2.485718
2.485990
2.486516
2.487282
2.486693
2.486783
2.486981
2.487540
2.486936
2.486963
2.486957
2.486977
2.487103
2.486522
2.486977
2.487195
2.487314
2.487040
2.486928
2.486939
2.486913
2.487387
2.487159
2.486930
2.486563
2.486484
2.486234
2.486212
2.486966
2.487338
2.487659
2.486655
2.487054
2.486967
2.487028
2.487378
2.487403
2.487355
2.486603
2.487899
2.487472
2.487655
2.487049
2.487002
2.487591
2.487310
2.486969
2.487232
2.487846
2.487012
2.486761
2.486849
2.487096
2.487074
2.486853
2.486621
2.486869
2.487355
2.487230
2.486762
2.486749
2.486944
2.487153
2.486136
2.486491
2.486711
2.487155
2.486221
2.485246
2.485613
2.485321
2.486433
2.485520
2.485765
2.486022
2.486787
2.486522
2.486644
2.486686
2.486634
2.486476
2.486671
2.486475
2.486553
2.487078
2.487178
2.486745
2.486679
2.486300
2.487596
2.486636
2.486907
2.487088
2.486885
2.487068
2.486743
2.487037
2.486831
2.487178
2.487025
2.486851
2.487412
2.486882
2.487422
2.487000
2.486808
2.486762
2.487433
2.486627
2.486799
2.487104
2.487084
2.487540
2.486381
2.487164
2.487046
2.487189
2.486939
2.486988
2.486236
2.486073
2.486396
2.485666
2.486287
2.486201
2.487305
2.487336
2.487543
2.486700
2.486665
2.487482
2.486869
2.486799
2.486395
2.485973
2.486351
2.486282
2.486249
2.486147
2.487232
2.486989
2.486694
2.486893
2.486749
2.487533
2.487032
2.486909
2.486433
2.487249
2.486597
2.486581
2.485498
2.486618
2.487332
2.486545
2.486586
2.487093
2.487380
2.487030
2.486895
2.487074
2.486969
2.487615
2.486556
2.486981
2.487316
2.486670
2.486612
2.486242
2.486865
2.487243
2.487901
2.487286
2.487080
2.487113
2.487478
2.487522
2.486870
2.487249
2.487376
2.488365
2.487156
2.487191
2.487502
2.487758
2.488051
2.487464
2.487521
2.486961
2.487742
2.487316
2.487208
2.487276
2.487534
2.487960
2.487535
2.487178
2.487591
2.487956
2.487843
2.487403
2.486992
2.487539
2.486722
2.486065
2.486390
2.486450
2.487476
2.487606
2.487351
2.487192
2.486947
2.487878
2.486677
2.486514
2.486449
2.487271
2.487639
2.486874
2.487760
2.487075
2.487844
2.487006
2.487233
2.487040
2.487559
2.487491
2.487303
2.487139
2.487237
2.487459
2.487246
2.487250
2.487112
2.487298
2.487981
2.487479
2.487208
2.486852
2.488033
2.487476
2.487270
2.487666
2.487742
2.487993
2.487479
2.487549
2.487585
2.487896
2.487953
2.487335
2.487204
2.487420
2.488132
2.487494
2.487413
2.487418
2.487850
2.487690
2.487617
2.486666
2.486643
2.487219
2.487035
2.487509
2.487363
2.487792
2.487383
2.486875
2.485869
2.486102
2.486640
2.485879
2.486628
2.487069
2.487324
2.487783
2.486908
2.487205
2.487120
2.487636
2.487174
2.487103
2.487469
2.487508
2.488145
2.487195
2.487351
2.487209
2.487381
2.487388
2.487323
2.487251
2.487122
2.487936
2.487361
2.487151
2.486979
2.487658
2.487040
2.486400
2.486404
2.486759
2.487654
2.487037
2.487264
2.486882
2.486197
2.486606
2.485838
2.486491
2.486928
2.487509
2.486806
2.486662
2.486174
2.486581
2.487159
2.487166
2.487022
2.487568
2.488096
2.487835
2.487158
2.487175
2.487256
2.487453
2.486958
2.487114
2.487322
2.487664
2.487236
2.487254
2.487542
2.487621
2.488134
2.487308
2.487245
2.486324
2.486541
2.486961
2.486489
2.487348
2.487200
2.488223
2.487469
2.487150
2.487549
2.487558
2.487607
2.487369
2.487313
2.487310
2.487533
2.486607
2.486302
2.486334
2.486924
2.487665
2.487422
2.487522
2.487395
2.487862
2.486931
2.487535
2.487343
2.487503
2.488293
2.486835
2.487416
2.486467
2.487147
2.486796
2.487028
2.487082
2.486901
2.487001
2.487435
2.486874
2.487028
2.487705
2.486850
2.486609
2.486253
2.486694
2.487847
2.486886
2.487212
2.486974
2.487665
2.487562
2.487026
2.487188
2.487296
2.487788
2.487254
2.487172
2.487530
2.487481
2.487663
2.487202
2.487097
2.486314
2.486879
2.486228
2.485944
2.486370
2.487116
2.487308
2.487368
2.487600
2.487744
2.487776
2.487032
2.487859
2.487656
2.487443
2.487989
2.487139
2.487094
2.487551
2.487867
2.487999
2.487045
2.486479
2.486471
2.487906
2.487378
2.487733
2.486681
2.487208
2.487764
2.487611
2.487416
2.487561
2.488251
2.487727
2.487792
2.487119
2.487575
2.487763
2.487116
2.487590
2.487518
2.488236
2.487568
2.487914
2.487568
2.486956
2.486928
2.487051
2.486577
2.486821
2.487686
2.487182
2.487126
2.487264
2.487479
2.488035
2.487590
2.487748
2.487777
2.488419
2.487277
2.487705
2.487735
2.488109
2.488486
2.487937
2.488002
2.488084
2.488197
2.487792
2.487237
2.486821
2.487035
2.487747
2.487205
2.487367
2.487652
2.487831
2.487718
2.487709
2.487846
2.487894
2.487980
2.488629
2.487918
2.487568
2.488418
2.488216
2.487335
2.487352
2.487351
2.487864
2.488350
2.487036
2.487116
2.487743
2.488280
2.487755
2.488016
2.488301
2.488186
2.487722
2.487493
2.487211
2.487608
2.488128
2.488046
2.487936
2.488045
2.488435
2.487693
2.487552
2.487966
2.487559
2.488171
2.487559
2.487909
2.488003
2.488329
2.488306
2.487938
2.487783
2.487840
2.487831
2.487133
2.487757
2.487563
2.488163
2.488142
2.487861
2.488131
2.487395
2.488686
2.487662
2.487695
2.487422
2.486947
2.487435
2.487063
2.487681
2.487192
2.487221
2.487045
2.486745
2.487295
2.487293
2.487928
2.487844
2.487291
2.487199
2.487947
2.487705
2.487906
2.487580
2.487522
2.488375
2.487614
2.486733
2.487401
2.487302
2.487691
2.486867
2.487269
2.487139
2.488342
2.487430
2.487131
2.487825
2.487914
2.488119
2.487828
2.487915
2.487661
2.488169
2.487808
2.487559
2.487786
2.487649
2.488225
2.487504
2.487541
2.487823
2.487996
2.487888
2.486836
2.487060
2.487303
2.487012
2.486796
2.486601
2.486940
2.488194
2.487357
2.487155
2.486935
2.487512
2.487893
2.486275
2.486551
2.486709
2.487220
2.487175
2.486565
2.486964
2.487394
2.487333
2.485760
2.485545
2.486688
2.486873
2.486464
2.486761
2.486514
2.486653
2.487311
2.486691
2.486679
2.487516
2.487620
2.487581
2.487161
2.487463
2.487037
2.487509
2.487075
2.487105
2.486939
2.487337
2.487171
2.487057
2.486751
2.487095
2.487315
2.486905
2.486580
2.486221
2.486261
2.486717
2.486770
2.486718
2.486647
2.487197
2.486592
2.486464
2.486597
2.486379
2.487214
2.486116
2.485706
2.485966
2.486380
2.486471
2.486125
2.485967
2.485956
2.486386
2.486058
2.485766
2.485694
2.485941
2.485474
2.485253
2.484303
2.484393
2.484767
2.484139
2.484332
2.484019
2.484142
2.484100
2.484019
2.483408
2.483242
2.483780
2.483821
2.483527
2.483708
2.483191
2.483851
2.482725
2.482259
2.481966
2.482527
2.482291
2.482618
2.481389
2.480919
2.482933
2.482662
2.482831
2.482660
2.483112
2.482750
2.482359
2.482377
2.482535
2.483560
2.482558
2.482637
2.482462
2.482920
2.483019
2.483165
2.482642
2.482773
2.483587
2.482723
2.483038
2.483088
2.483095
2.482904
2.482745
2.483202
2.483187
2.483779
2.482446
2.482822
2.483262
2.483088
2.483661
2.483444
2.483530
2.483219
2.483901
2.483266
2.482301
2.482342
2.482342
2.483420
2.482654
2.482299
2.482566
2.483286
2.482799
2.482747
2.482847
2.483488
2.483850
2.483205
2.483637
2.483436
2.483540
2.483533
2.483205
2.483607
2.483436
2.484108
2.483371
2.483289
2.484218
2.483313
2.483912
2.483737
2.484067
2.484037
2.484590
2.483793
2.483042
2.483007
2.483839
2.482965
2.483029
2.483813
2.484206
2.484329
2.483962
2.483824
2.483541
2.483568
2.483904
2.483257
2.483426
2.483647
2.484318
2.483962
2.483974
2.484044
2.485026
2.484677
2.484774
2.484994
2.484829
2.484761
2.484550
2.485941
2.485145
2.485252
2.484840
2.485385
2.485489
2.485386
2.485499
2.485265
2.486248
2.485298
2.485360
2.485614
2.485958
2.486082
2.485455
2.485623
2.485721
2.486008
2.485768
2.486078
2.486582
2.487020
2.486603
2.485942
2.485521
2.485880
2.486624
2.486095
2.485844
2.485961
2.486748
2.486449
2.486473
2.486801
2.486834
2.486776
2.486641
2.486113
2.486187
2.486476
2.487021
2.485701
2.485548
2.486747
2.486883
2.486840
2.486371
2.485996
2.486467
2.484526
2.486415
2.487320
2.487351
2.487307
2.486613
2.486871
2.486665
2.486988
2.486070
2.486858
2.486754
2.487514
2.488405
2.487322
2.487805
2.487653
2.488020
2.487727
2.487757
2.487861
2.487915
2.487827
2.488083
2.488231
2.488077
2.488506
2.487962
2.487755
2.487963
2.487924
2.488206
2.486696
2.486696
2.486916
2.486528
2.486830
2.470649
2.486040
2.486736
2.486191
2.486578
2.486817
2.486997
2.487121
2.487050
2.486822
2.487954
2.487810
2.487651
2.487231
2.487130
2.486233
2.486666
2.486132
2.486560
2.486891
2.486955
2.487418
2.487814
2.486955
2.487442
2.487295
2.488206
2.488112
2.487864
2.487936
2.488129
2.488147
2.487893
2.487998
2.487789
2.488263
2.487881
2.487672
2.487696
2.487836
2.488217
2.488090
2.487215
2.487699
2.488136
2.487700
2.487965
2.488243
2.488430
2.488634
2.488244
2.487936
2.487964
2.488858
2.488039
2.487910
2.487837
2.488073
2.488561
2.487965
2.487984
2.488006
2.488831
2.488279
2.487264
2.487828
2.488004
2.487984
2.487997
2.488006
2.487782
2.488430
2.488331
2.488152
2.488043
2.487999
2.487879
2.487118
2.487022
2.487074
2.487366
2.487786
2.487584
2.487693
2.488236
2.488869
2.488391
2.488107
2.487908
2.487348
2.487949
2.487547
2.487743
2.488060
2.488647
2.487796
2.487807
2.488344
2.488551
2.488837
2.488559
2.487633
2.488727
2.488793
2.488517
2.488349
2.488345
2.488258
2.488919
2.488266
2.488193
2.487897
2.488992
2.488285
2.487319
2.487915
2.487943
2.488556
2.488037
2.487865
2.487758
2.488226
2.488297
2.487676
2.487964
2.488106
2.487975
2.487715
2.488066
2.488176
2.488346
2.488311
2.487867
2.487926
2.488185
2.488571
2.487946
2.487403
2.487293
2.487576
2.488210
2.488067
2.488089
2.487962
2.487677
2.487062
2.487042
2.487076
2.487239
2.487668
2.487257
2.487427
2.488181
2.488573
2.488050
2.487162
2.488252
2.488029
2.488853
2.488028
2.487910
2.488551
2.488422
2.488164
2.487273
2.488171
2.488087
2.488874
2.488115
2.487775
2.488042
2.488812
2.488508
2.487909
2.488347
2.488157
2.488245
2.488089
2.488089
2.488171
2.488397
2.488653
2.487944
2.488335
2.487717
2.488397
2.488022
2.488666
2.488499
2.488589
2.488726
2.488412
2.487839
2.487481
2.487804
2.487463
2.487599
2.488075
2.488463
2.489114
2.488641
2.488760
2.487844
2.489377
2.489382
2.489152
2.489041
2.488688
2.489485
2.489366
2.489356
2.488446
2.488299
2.488091
2.488158
2.488197
2.487901
2.488953
2.488061
2.488839
2.489218
2.489279
2.488717
2.488996
2.489095
2.489226
2.489672
2.489104
2.489286
2.488992
2.489164
2.488832
2.488484
2.488448
2.489056
2.489272
2.488973
2.488865
2.488846
2.488406
2.489155
2.488641
2.488519
2.488520
2.488723
2.488552
2.488433
2.488299
2.487876
2.488200
2.487841
2.487028
2.487446
2.487506
2.487460
2.487264
2.487155
2.487189
2.487836
2.487143
2.487775
2.487274
2.487883
2.487692
2.486905
2.487488
2.487617
2.488257
2.487667
2.487357
2.487826
2.488118
2.488136
2.487636
2.488002
2.487789
2.488005
2.487521
2.486477
2.486535
2.487094
2.487326
2.486852
2.486843
2.486873
2.486518
2.488055
2.488187
2.488391
2.488365
2.489201
2.488226
2.488299
2.488339
2.488982
2.488608
2.488170
2.488205
2.488148
2.489058
2.488545
2.487687
2.488127
2.488723
2.488459
2.488453
2.488576
2.488574
2.489177
2.488621
2.488749
2.488555
2.489069
2.488955
2.488506
2.488819
2.489024
2.489557
2.489419
2.489718
2.489588
2.489438
2.489023
2.489251
2.489602
2.488858
2.489241
2.489145
2.488757
2.489721
2.489703
2.490317
2.489437
2.489389
2.489773
2.490335
2.489699
2.489637
2.489574
2.489928
2.490507
2.489792
2.489844
2.489695
2.490045
2.489988
2.488896
2.488424
2.488619
2.489058
2.488393
2.488647
2.488825
2.489151
2.490218
2.489941
2.489988
2.489308
2.489640
2.489713
2.489520
2.490045
2.490612
2.491003
2.490442
2.490623
2.490140
2.490741
2.490391
2.489983
2.489587
2.489848
2.489314
2.489112
2.489224
2.489331
2.490176
2.490264
2.490017
2.490433
2.490579
2.490948
2.490438
2.490721
2.490596
2.490683
2.489840
2.489415
2.490017
2.489118
2.490954
2.490785
2.490686
2.490877
2.491224
2.491578
2.490847
2.490785
2.491320
2.491698
2.491053
2.490826
2.491218
2.491469
2.491669
2.490985
2.490914
2.490857
2.491709
2.491083
2.490732
2.490937
2.491431
2.490634
2.489381
2.489521
2.489288
2.489549
2.489741
2.489309
2.489917
2.490067
2.490703
2.490611
2.490677
2.490876
2.489362
2.490985
2.490951
2.490615
2.490932
2.491451
2.490914
2.490873
2.490661
2.491198
2.491139
2.490803
2.490821
2.490258
2.491450
2.490438
2.490225
2.490354
2.490857
2.491128
2.490956
2.490679
2.490534
2.490640
2.490488
2.490057
2.490346
2.490969
2.491030
2.490804
2.490625
2.490282
2.491818
2.490630
2.490719
2.490891
2.490726
2.490889
2.489960
2.490603
2.490521
2.490265
2.490274
2.489881
2.491093
2.491265
2.491540
2.490505
2.490995
2.490534
2.490702
2.490934
2.490582
2.490838
2.490768
2.490460
2.489997
2.490621
2.490208
2.490498
2.490532
2.490255
2.490215
2.489854
2.491084
2.490981
2.491118
2.491302
2.491265
2.491395
2.490979
2.491158
2.490973
2.491708
2.491088
2.490537
2.490942
2.491264
2.491419
2.490767
2.490978
2.491252
2.491235
2.490898
2.490913
2.490933
2.491165
2.491612
2.490193
2.490160
2.490056
2.491475
2.490917
2.490945
2.491025
2.491128
2.491486
2.490982
2.491149
2.491154
2.490788
2.491125
2.490989
2.491127
2.490932
2.491657
2.490951
2.490960
2.490742
2.491082
2.491122
2.490617
2.490522
2.490470
2.491388
2.490599
2.490497
2.490540
2.490848
2.490932
2.490643
2.490833
2.490414
2.490659
2.489967
2.489280
2.489323
2.489517
2.489369
2.489964
2.490324
2.489486
2.489489
2.489589
2.490501
2.490447
2.490521
2.490356
2.490587
2.490142
2.489498
2.489621
2.490119
2.491456
2.490366
2.490280
2.490115
2.491059
2.490534
2.489219
2.489390
2.490076
2.491011
2.490488
2.490447
2.490156
2.491252
2.491171
2.490370
2.490271
2.490261
2.491274
2.490113
2.490681
2.489989
2.489851
2.490193
2.490232
2.490166
2.490028
2.490166
2.490418
2.490017
2.489982
2.490079
2.490069
2.489349
2.489426
2.489817
2.490583
2.490270
2.489586
2.489492
2.489597
2.490351
2.490058
2.490340
2.490218
2.490491
2.490798
2.490386
2.490639
2.490596
2.490921
2.489470
2.489148
2.489485
2.489251
2.488572
2.489173
2.490240
2.490342
2.490354
2.490537
2.490259
2.490385
2.490646
2.490784
2.490481
2.489836
2.489081
2.490822
2.490246
2.490117
2.490314
2.490245
2.491066
2.489635
2.490096
2.490361
2.490826
2.490309
2.489399
2.489216
2.489737
2.490566
2.489960
2.490255
2.489113
2.490042
2.490438
2.490304
2.489904
2.489948
2.490593
2.489784
2.490415
2.489524
2.490104
2.490322
2.489981
2.489695
2.490025
2.490234
2.489846
2.489401
2.489901
2.489626
2.489934
2.490157
2.490259
2.489849
2.489668
2.489090
2.489404
2.489920
2.489821
2.489973
2.489601
2.489428
2.489107
2.488871
2.488120
2.488231
2.488517
2.488512
2.489170
2.487779
2.488419
2.489272
2.489261
2.489749
2.489098
2.489433
2.489674
2.489908
2.488845
2.488496
2.488969
2.489586
2.489718
2.489081
2.489149
2.488965
2.489357
2.488561
2.488472
2.489153
2.489354
2.488837
2.488911
2.488822
2.488413
2.489572
2.488844
2.488364
2.487870
2.487929
2.488795
2.488831
2.488409
2.488366
2.488783
2.488178
2.488432
2.488381
2.488241
2.488755
2.488237
2.488220
2.488172
2.488652
2.488107
2.487988
2.488074
2.488133
2.487915
2.487543
2.487892
2.487901
2.487949
2.487841
2.487200
2.486866
2.486967
2.487663
2.487651
2.487522
2.486911
2.487137
2.487207
2.486944
2.486654
2.486528
2.486975
2.485658
2.486402
2.487316
2.487460
2.487654
2.487463
2.486472
2.486963
2.487709
2.487948
2.487784
2.486965
2.487321
2.488468
2.487720
2.487198
2.487367
2.488176
2.487285
2.487587
2.488019
2.487982
2.488900
2.488131
2.488083
2.488555
2.488639
2.488239
2.487218
2.488157
2.487785
2.489073
2.488191
2.487977
2.488151
2.488392
2.488599
2.487780
2.488343
2.489393
2.489746
2.488813
2.489396
2.489517
2.489588
2.489653
2.489191
2.489269
2.489603
2.490052
2.489476
2.489969
2.489088
2.489515
2.489737
2.489467
2.489190
2.488938
2.489905
2.489370
2.489455
2.488748
2.488177
2.489112
2.488331
2.488468
2.488042
2.488776
2.488464
2.488945
2.488911
2.488845
2.489420
2.487645
2.488098
2.488115
2.489152
2.488193
2.488117
2.488133
2.487969
2.488214
2.487540
2.487717
2.488062
2.488583
2.488783
2.487789
2.488644
2.487844
2.488589
2.487914
2.487974
2.488220
2.488447
2.488597
2.487839
2.487847
2.488459
2.488418
2.488024
2.487566
2.488275
2.489022
2.488763
2.487904
2.488405
2.488753
2.489364
2.488362
2.487919
2.488673
2.488290
2.489555
2.488654
2.489228
2.488559
2.489532
2.489023
2.488784
2.489215
2.489362
2.490054
2.489340
2.489305
2.489528
2.489811
2.489458
2.489166
2.488606
2.488535
2.488879
2.488300
2.488715
2.488719
2.488973
2.490294
2.489211
2.490239
2.489402
2.490216
2.489718
2.490087
2.490018
2.490019
2.490567
2.489795
2.489787
2.490224
2.490436
2.489632
2.488868
2.489435
2.489449
2.490038
2.490113
2.489695
2.489758
2.489818
2.490127
2.489462
2.489977
2.489774
2.490475
2.489936
2.489470
2.489963
2.490243
2.490328
2.490050
2.489768
2.490060
2.490776
2.489999
2.489811
2.489575
2.489744
2.490727
2.490214
2.490190
2.489324
2.490942
2.490162
2.489730
2.489975
2.490386
2.490804
2.490011
2.490153
2.490081
2.490714
2.489874
2.489764
2.489517
2.489930
2.490104
2.489447
2.489417
2.489075
2.489649
2.489253
2.489071
2.488917
2.489633
2.491013
2.489632
2.489563
2.490309
2.490768
2.490249
2.490179
2.490402
2.489892
2.490926
2.490342
2.490249
2.490289
2.490516
2.490786
2.490290
2.490479
2.490037
2.490763
2.489439
2.489370
2.489358
2.489266
2.490616
2.490479
2.490306
2.490362
2.490825
2.490011
2.490364
2.490072
2.490573
2.490763
2.489460
2.490227
2.490092
2.490625
2.490583
2.489126
2.489256
2.488473
2.490085
2.490754
2.490069
2.490101
2.490758
2.490281
2.489573
2.489976
2.489824
2.490441
2.489752
2.490282
2.490139
2.490034
2.490481
2.490239
2.490113
2.489977
2.489778
2.489160
2.489051
2.489262
2.489175
2.489370
2.489116
2.489275
2.489691
2.490666
2.490076
2.490046
2.489962
2.490757
2.490171
2.489404
2.489218
2.489040
2.489152
2.488053
2.488372
2.488456
2.488741
2.488676
2.488857
2.489361
2.489575
2.490400
2.490393
2.490240
2.490224
2.490112
2.490246
2.489726
2.489911
2.490343
2.489907
2.489814
2.488930
2.488850
2.488803
2.489330
2.488899
2.489009
2.489470
2.489067
2.489135
2.489196
2.490094
2.489926
2.490062
2.490003
2.490240
2.490465
2.489529
2.489825
2.489620
2.491029
2.490572
2.489505
2.489878
2.490308
2.490880
2.490300
2.490315
2.490321
2.490912
2.490668
2.489628
2.489502
2.489871
2.489884
2.489445
2.489435
2.489898
2.490317
2.490122
2.490400
2.490344
2.490109
2.491128
2.490559
2.490733
2.490562
2.490815
2.490391
2.490466
2.490270
2.490310
2.490776
2.490461
2.489676
2.489844
2.490519
2.490829
2.490116
2.490539
2.489793
2.490724
2.490416
2.490134
2.489952
2.489895
2.491192
2.490655
2.490658
2.490454
2.490754
2.490579
2.490151
2.489659
2.490289
2.490932
2.490396
2.490414
2.490393
2.490938
2.490760
2.490582
2.490619
2.490730
2.491072
2.490084
2.490277
2.490640
2.490726
2.490384
2.489717
2.489700
2.490223
2.490577
2.490431
2.490573
2.490122
2.489854
2.490065
2.489763
2.489622
2.489523
2.490711
2.489868
2.489783
2.490120
2.490584
2.491193
2.491009
2.490473
2.489593
2.490472
2.490454
2.490242
2.490570
2.490966
2.491436
2.490641
2.490773
2.490774
2.491186
2.490492
2.489976
2.489922
2.489364
2.491010
2.490120
2.490640
2.490740
2.490668
2.490780
2.490309
2.489623
2.489877
2.491041
2.490242
2.490835
2.490510
2.490913
2.491258
2.490294
2.490634
2.490787
2.490978
2.490278
2.490408
2.490519
2.490631
2.489923
2.490118
2.490315
2.490180
2.491048
2.490424
2.490498
2.490172
2.490278
2.490556
2.489612
2.489597
2.489574
2.490501
2.490700
2.490259
2.489938
2.489257
2.490331
2.489325
2.489303
2.488653
2.489377
2.489868
2.489058
2.490192
2.490304
2.490982
2.490458
2.490493
2.490686
2.490861
2.490755
2.490712
2.490451
2.490613
2.491248
2.490373
2.491008
2.490699
2.490847
2.490882
2.490546
2.490798
2.490389
2.490768
2.490874
2.490436
2.489980
2.490125
2.490037
2.489641
2.488703
2.490469
2.490997
2.490819
2.490185
2.489776
2.490051
2.490734
2.489961
2.490427
2.490150
2.491136
2.490663
2.490281
2.490649
2.490388
2.491263
2.490683
2.490511
2.490334
2.490378
2.490718
2.489924
2.489832
2.490374
2.490714
2.490382
2.490343
2.490187
2.490258
2.490354
2.490060
2.489610
2.489359
2.489871
2.489602
2.489940
2.490111
2.489572
2.490165
2.489713
2.489845
2.489209
2.489979
2.489583
2.489617
2.489451
2.489576
2.490016
2.489463
2.489839
2.489087
2.489502
2.489336
2.489061
2.489430
2.490000
2.490405
2.489718
2.489685
2.490071
2.490062
2.490364
2.490101
2.489895
2.490001
2.490460
2.489970
2.489989
2.489774
2.490335
2.490157
2.489949
2.489886
2.489961
2.490499
2.490030
2.490079
2.489790
2.489704
2.490067
2.489497
2.489905
2.489417
2.490470
2.489854
2.490202
2.489941
2.489912
2.490193
2.489851
2.489573
2.489460
2.489925
2.489636
2.489681
2.489578
2.489266
2.489896
2.489039
2.489360
2.488877
2.489785
2.489647
2.489036
2.487642
2.487944
2.487535
2.488583
2.489024
2.488610
2.488358
2.488465
2.489562
2.488322
2.488602
2.489557
2.490082
2.490400
2.489599
2.489176
2.489923
2.490997
2.490407
2.489997
2.489882
2.490715
2.490663
2.490216
2.490022
2.490270
2.490957
2.490029
2.489958
2.489969
2.490689
2.491541
2.490391
2.490060
2.490348
2.490618
2.490522
2.489884
2.489108
2.489653
2.489821
2.490174
2.489539
2.490116
2.490442
2.490394
2.490001
2.489954
2.489933
2.490553
2.489713
2.490102
2.489487
2.490382
2.490240
2.490054
2.489947
2.489970
2.489824
2.489198
2.490011
2.489737
2.489930
2.490321
2.489536
2.489367
2.489838
2.490243
2.489654
2.489651
2.490034
2.489906
2.489344
2.488620
2.488827
2.489027
2.489366
2.488356
2.488715
2.488749
2.489395
2.490846
2.490038
2.490232
2.490175
2.489535
2.489587
2.489303
2.490132
2.489929
2.490398
2.490022
2.490045
2.490087
2.490277
2.489964
2.490053
2.489741
2.489830
2.490612
2.490025
2.489631
2.489525
2.490147
2.489997
2.489740
2.490007
2.489643
2.490194
2.490067
2.490115
2.489671
2.489112
2.489352
2.488679
2.489781
2.489877
2.490176
2.490302
2.489919
2.489622
2.489147
2.489963
2.489007
2.488938
2.488897
2.489250
2.488991
2.489040
2.489209
2.489363
2.489650
2.488304
2.488614
2.488477
2.489595
2.488506
2.488016
2.487947
2.488009
2.488824
2.487965
2.488687
2.487803
2.488264
2.488945
2.488586
2.488875
2.488753
2.489229
2.488982
2.488524
2.488171
2.488930
2.489366
2.488745
2.488636
2.488703
2.489212
2.488913
2.489008
2.488507
2.488151
2.488552
2.488613
2.488405
2.488586
2.489321
2.488469
2.487618
2.488531
2.488194
2.489161
2.488130
2.488386
2.488927
2.489319
2.488985
2.488724
2.488358
2.488240
2.489035
2.488398
2.488350
2.488394
2.489042
2.489875
2.489547
2.489036
2.489373
2.488863
2.489180
2.487984
2.488331
2.489079
2.489339
2.488991
2.488826
2.488983
2.489779
2.488932
2.488732
2.488409
2.489046
2.489250
2.488098
2.487902
2.487559
2.488006
2.488409
2.488292
2.488662
2.489014
2.489446
2.488708
2.488036
2.488446
2.488911
2.488856
2.488557
2.488860
2.488462
2.489243
2.488823
2.489043
2.488950
2.488118
2.488019
2.487887
2.488005
2.486926
2.487213
2.488025
2.487534
2.488063
2.488202
2.488592
2.488160
2.488164
2.488330
2.488758
2.488578
2.488249
2.488635
2.488781
2.488286
2.488616
2.488236
2.488412
2.489075
2.488925
2.488728
2.487752
2.488335
2.488779
2.488747
2.488726
2.488887
2.489436
2.488707
2.488934
2.489063
2.489019
2.489730
2.488760
2.489057
2.489175
2.489005
2.489170
2.488556
2.488791
2.488475
2.488484
2.487451
2.487195
2.487197
2.487472
2.487587
2.488159
2.487601
2.487345
2.488361
2.488181
2.488305
2.487906
2.487644
2.487946
2.487213
2.487559
2.487743
2.488236
2.487460
2.487957
2.487667
2.487007
2.488144
2.487437
2.486624
2.487349
2.487400
2.487141
2.486419
2.487444
2.487772
2.488448
2.487698
2.487587
2.487841
2.488257
2.487714
2.487586
2.487956
2.488171
2.488967
2.487802
2.487534
2.487530
2.488025
2.488214
2.487658
2.488040
2.487891
2.488921
2.488106
2.487903
2.487789
2.488090
2.488483
2.488500
2.488477
2.488405
2.488804
2.488183
2.488022
2.487929
2.488326
2.488645
2.488177
2.488216
2.488127
2.487721
2.487767
2.487356
2.487171
2.487296
2.487195
2.487636
2.488504
2.488142
2.488121
2.488164
2.487944
2.487742
2.488293
2.488035
2.487256
2.487696
2.487273
2.487811
2.488288
2.487839
2.487828
2.487928
2.488393
2.487793
2.487293
2.487041
2.487164
2.487243
2.487616
2.487341
2.486783
2.487332
2.487317
2.487594
2.486921
2.487289
2.487521
2.487643
2.487427
2.487615
2.488344
2.487906
2.487446
2.487340
2.487535
2.488076
2.487781
2.487388
2.487986
2.488169
2.487749
2.487918
2.487637
2.487797
2.488119
2.487044
2.487270
2.487165
2.487803
2.487942
2.487486
2.487440
2.487402
2.488419
2.487603
2.486894
2.487186
2.486749
2.487144
2.486171
2.486655
2.486572
2.487152
2.485965
2.485763
2.486538
2.486356
2.486387
2.486561
2.486745
2.486972
2.487799
2.487108
2.487056
2.486991
2.487648
2.487528
2.486778
2.486758
2.487255
2.487535
2.487310
2.486743
2.486851
2.486876
2.487476
2.486475
2.486895
2.487040
2.487267
2.487177
2.486923
2.486849
2.486475
2.486671
2.486361
2.486076
2.486601
2.486545
2.486897
2.486263
2.486390
2.486715
2.487559
2.486036
2.486860
2.486977
2.487353
2.487224
2.486871
2.486870
2.486828
2.487596
2.486712
2.486319
2.486270
2.486003
2.487398
2.486835
2.486557
2.486917
2.487113
2.487028
2.486379
2.486049
2.486339
2.486317
2.485859
2.486148
2.486981
2.487443
2.486553
2.485424
2.485870
2.486227
2.487058
2.486453
2.486534
2.486247
2.486224
2.486635
2.486595
2.486736
2.486438
2.487209
2.486429
2.486634
2.486637
2.486851
2.487324
2.486267
2.486422
2.486487
2.487151
2.486407
2.485995
2.486137
2.486981
2.486693
2.486706
2.486432
2.486728
2.487268
2.486644
2.486680
2.486455
2.486599
2.486333
2.486208
2.486023
2.485775
2.486795
2.485693
2.485640
2.485750
2.485869
2.486846
2.486588
2.486119
2.486363
2.486871
2.486460
2.486138
2.486299
2.486348
2.486627
2.486516
2.486253
2.486204
2.486485
2.486202
2.485299
2.485497
2.485471
2.485955
2.485099
2.485514
2.485189
2.485406
2.486950
2.486154
2.485585
2.485940
2.486672
2.486248
2.486160
2.486130
2.485562
2.485365
2.485360
2.485808
2.485559
2.485361
2.484443
2.484770
2.485940
2.485786
2.486537
2.485501
2.485191
2.485754
2.485917
2.485790
2.485669
2.485156
2.485273
2.486110
2.485237
2.485510
2.485585
2.486151
2.485812
2.485672
2.486047
2.485747
2.486382
2.485599
2.485340
2.485483
2.485519
2.485851
2.485476
2.485605
2.485942
2.485517
2.484643
2.484462
2.484658
2.484623
2.484900
2.484438
2.484468
2.484319
2.485004
2.485057
2.484491
2.484437
2.484681
2.485614
2.484530
2.484514
2.484733
2.484928
2.484620
2.484448
2.484424
2.484359
2.483888
2.484311
2.484395
2.484488
2.484992
2.484700
2.484533
2.484286
2.484456
2.485301
2.485183
2.484528
2.484907
2.485583
2.485942
2.485899
2.486034
2.485379
2.486429
2.485753
2.485694
2.485751
2.485725
2.486162
2.484985
2.485480
2.485139
2.485581
2.485225
2.485127
2.485206
2.485071
2.485746
2.484990
2.484218
2.484133
2.484676
2.484383
2.485171
2.485141
2.485242
2.485561
2.485123
2.484744
2.484565
2.485257
2.485029
2.484376
2.484967
2.485092
2.485592
2.484773
2.484773
2.484583
2.485083
2.485159
2.484128
2.484198
2.484814
2.485265
2.485350
2.484444
2.484223
2.484495
2.484530
2.484485
2.484379
2.484583
2.485057
2.484471
2.484274
2.484586
2.484483
2.484714
2.484270
2.484301
2.484584
2.485013
2.484543
2.484862
2.484609
2.484983
2.484756
2.484237
2.484211
2.484290
2.484465
2.484810
2.484539
2.484900
2.484602
2.485031
2.484591
2.484633
2.484760
2.484900
2.484969
2.484703
2.484912
2.484578
2.485277
2.484908
2.484669
2.484624
2.484936
2.484890
2.484733
2.484567
2.484936
2.485409
2.485313
2.484740
2.484676
2.484845
2.485203
2.484874
2.484645
2.484934
2.485168
2.484960
2.484517
2.484562
2.484741
2.484905
2.484725
2.484376
2.484682
2.485206
2.485015
2.484521
2.484269
2.484367
2.484927
2.484186
2.484651
2.484455
2.484900
2.484238
2.482910
2.483279
2.484045
2.484727
2.484405
2.484485
2.484445
2.484758
2.484869
2.484861
2.484943
2.484588
2.484989
2.484561
2.484800
2.484962
2.485758
2.485903
2.485843
2.485852
2.486010
2.486323
2.485605
2.485793
2.485123
2.485973
2.486570
2.485390
2.485921
2.485613
2.486462
2.486423
2.486011
2.485661
2.486010
2.486514
2.485666
2.485591
2.485570
2.485425
2.485131
2.485033
2.485921
2.485913
2.486240
2.485987
2.485301
2.485809
2.485936
2.486244
2.485935
2.485626
2.485905
2.486166
2.485592
2.485620
2.485128
2.485520
2.485738
2.485115
2.485436
2.485647
2.486009
2.485701
2.485604
2.485838
2.485717
2.485829
2.485414
2.485757
2.485828
2.486098
2.485709
2.486123
2.485205
2.484838
2.485341
2.484651
2.485247
2.484883
2.484860
2.484540
2.484485
2.484372
2.485467
2.486193
2.485106
2.485294
2.485196
2.486013
2.486072
2.485842
2.485799
2.485356
2.485749
2.484984
2.483933
2.484853
2.485831
2.485929
2.485566
2.485090
2.485222
2.486217
2.485732
2.485849
2.485837
2.485918
2.486162
2.485152
2.485701
2.485515
2.486364
2.485961
2.485679
2.485892
2.485769
2.486174
2.485669
2.485800
2.485864
2.485695
2.486151
2.485758
2.486277
2.486314
2.486657
2.486107
2.486090
2.486148
2.486517
2.486401
2.485868
2.485179
2.485296
2.485572
2.485745
2.486193
2.486126
2.486542
2.486340
2.485536
2.484701
2.484927
2.485457
2.485257
2.484866
2.484461
2.485679
2.484909
2.486188
2.486103
2.486255
2.486693
2.486818
2.486444
2.486115
2.486333
2.486812
2.486098
2.486542
2.486622
2.487035
2.486706
2.486411
2.486234
2.486729
2.486852
2.486258
2.486349
2.486520
2.486687
2.486815
2.486453
2.486491
2.486331
2.486994
2.486166
2.486217
2.486367
2.486276
2.485930
2.485449
2.485608
2.486325
2.486805
2.485887
2.485977
2.485760
2.486544
2.486510
2.486298
2.486237
2.486297
2.486954
2.486214
2.486065
2.486267
2.486538
2.486886
2.486452
2.486271
2.486343
2.486951
2.485482
2.484786
2.485287
2.485708
2.486690
2.486159
2.486505
2.486477
2.485961
2.485511
2.485079
2.485096
2.484580
2.485022
2.486149
2.486356
2.486286
2.486414
2.486504
2.486539
2.486132
2.486289
2.487122
2.485800
2.485645
2.485455
2.486425
2.486604
2.486361
2.486446
2.486127
2.486697
2.486582
2.486496
2.486300
2.486410
2.486743
2.486305
2.485964
2.486416
2.487022
2.486782
2.486272
2.486385
2.486646
2.487339
2.486399
2.486682
2.486835
2.486975
2.486647
2.486719
2.486969
2.486671
2.487008
2.486355
2.486567
2.486300
2.486949
2.486706
2.486166
2.486300
2.486435
2.487129
2.486521
2.486061
2.485687
2.485759
2.486553
2.486171
2.485720
2.485374
2.486287
2.485380
2.485548
2.485876
2.485744
2.485740
2.485477
2.484360
2.484226
2.485936
2.486211
2.485877
2.485779
2.486193
2.486641
2.485940
2.486475
2.486472
2.487133
2.486716
2.486102
2.486307
2.486700
2.486506
2.486530
2.486200
2.486323
2.486581
2.487113
2.486850
2.486423
2.487025
2.487285
2.486145
2.486312
2.486331
2.487085
2.486736
2.486548
2.486574
2.486754
2.487601
2.487229
2.486793
2.486737
2.486633
2.486652
2.485995
2.486108
2.486431
2.487482
2.486796
2.486799
2.486339
2.487077
2.487338
2.486870
2.486662
2.486870
2.487485
2.486710
2.486717
2.486393
2.486680
2.487041
2.486877
2.486820
2.486714
2.486224
2.486445
2.485641
2.486173
2.485676
2.486668
2.485979
2.486258
2.486344
2.486465
2.486233
2.486387
2.486421
2.486578
2.486346
2.485807
2.486182
2.486498
2.487023
2.487083
2.486897
2.487024
2.487139
2.487674
2.487028
2.486225
2.486207
2.486628
2.487420
2.487328
2.487172
2.487275
2.487764
2.487449
2.487234
2.487249
2.487566
2.488150
2.486722
2.486771
2.487106
2.487913
2.487530
2.487487
2.487311
2.487322
2.487186
2.486969
2.487051
2.487181
2.487957
2.487311
2.486485
2.486632
2.486854
2.487841
2.487415
2.487688
2.486767
2.486585
2.486802
2.487157
2.487108
2.486908
2.488057
2.486733
2.486864
2.486562
2.487450
2.487236
2.486672
2.486612
2.486434
2.487025
2.485330
2.485817
2.487165
2.487065
2.487363
2.486970
2.487036
2.487015
2.487324
2.487379
2.486579
2.486993
2.487363
2.487962
2.487050
2.487069
2.487261
2.487609
2.486839
2.486429
2.486515
2.487329
2.488118
2.486829
2.487348
2.487201
2.487785
2.487575
2.486908
2.487389
2.487248
2.487921
2.487622
2.487322
2.487446
2.487788
2.487459
2.487094
2.487409
2.487161
2.487602
2.486721
2.487470
2.487433
2.487288
2.487137
2.486333
2.486371
2.487115
2.487670
2.487614
2.487243
2.487777
2.487056
2.487423
2.487787
2.487685
2.487152
2.487999
2.487805
2.486765
2.486740
2.487096
2.487121
2.486668
2.486556
2.486780
2.487313
2.485976
2.486587
2.487456
2.487198
2.487653
2.487487
2.487393
2.487704
2.487833
2.488180
2.487210
2.487659
2.487544
2.488009
2.487257
2.487350
2.487382
2.488061
2.487994
2.487673
2.487804
2.487658
2.487772
2.487648
2.487186
2.487080
2.487017
2.487510
2.486924
2.487317
2.487546
2.487962
2.487800
2.487971
2.487492
2.487623
2.488472
2.487548
2.487739
2.488021
2.488001
2.487515
2.487762
2.487878
2.487733
2.487435
2.486841
2.487316
2.486791
2.487513
2.488061
2.487902
2.487435
2.487601
2.488131
2.487415
2.487494
2.487599
2.487830
2.487012
2.486840
2.487167
2.486998
2.487303
2.486705
2.486580
2.486677
2.487540
2.487730
2.486897
2.487456
2.486703
2.487054
2.487059
2.486910
2.487169
2.487334
2.488261
2.487427
2.487669
2.487453
2.488279
2.487895
2.487339
2.487069
2.487399
2.488398
2.487253
2.487516
2.487648
2.488344
2.487320
2.487865
2.487417
2.487498
2.487777
2.487445
2.487468
2.487065
2.487687
2.487555
2.486551
2.486631
2.486132
2.487235
2.486610
2.487696
2.486833
2.487168
2.487229
2.486672
2.487002
2.487488
2.487982
2.487223
2.487732
2.487684
2.487813
2.487659
2.487144
2.487230
2.487030
2.487558
2.487556
2.487115
2.487577
2.487128
2.487619
2.487395
2.487269
2.486920
2.487537
2.487246
2.487363
2.486847
2.487228
2.488073
2.487875
2.488150
2.487537
2.486466
2.487495
2.487373
2.487084
2.487925
2.487884
2.487289
2.487307
2.487637
2.487792
2.487637
2.487687
2.487822
2.487428
2.488217
2.487904
2.487841
2.487957
2.487895
2.488140
2.486889
2.488156
2.487399
2.488172
2.487633
2.487382
2.487336
2.487434
2.488102
2.487696
2.487539
2.487580
2.488110
2.487404
2.487924
2.487721
2.487727
2.488399
2.487203
2.487696
2.487156
2.487653
2.487658
2.487134
2.487030
2.487454
2.487320
2.487398
2.487203
2.488175
2.488293
2.488015
2.487556
2.487817
2.487759
2.488205
2.487225
2.486841
2.487001
2.487590
2.487895
2.487314
2.487487
2.486851
2.488152
2.487489
2.487434
2.487561
2.487435
2.488153
2.487379
2.487522
2.487318
2.487319
2.487550
2.487438
2.488092
2.488251
2.488567
2.488006
2.488071
2.488322
2.488453
2.488018
2.488074
2.487968
2.488078
2.488605
2.487903
2.487853
2.487698
2.488255
2.488306
2.487792
2.487981
2.487355
2.488400
2.487707
2.487723
2.487878
2.488284
2.488343
2.488123
2.488017
2.487682
2.488317
2.487720
2.487806
2.487473
2.488082
2.488465
2.487627
2.487677
2.488002
2.488552
2.488258
2.488225
2.488164
2.488311
2.488282
2.487113
2.487483
2.486778
2.487270
2.487451
2.486938
2.487140
2.487448
2.487844
2.486210
2.487084
2.486676
2.485424
2.485031
2.485151
2.486976
2.487036
2.488438
2.487161
2.487028
2.487056
2.487298
2.487539
2.486777
2.487738
2.487850
2.488568
2.488033
2.487714
2.487940
2.488298
2.488177
2.487214
2.487130
2.487197
2.488276
2.487294
2.487304
2.488092
2.488021
2.488319
2.487204
2.487470
2.487699
2.488133
2.487871
2.488149
2.486935
2.487072
2.487920
2.488007
2.487577
2.487785
2.488264
2.488448
2.487792
2.487725
2.487039
2.487365
2.487103
2.487849
2.487730
2.487756
2.487365
2.486746
2.487471
2.487286
2.488202
2.487849
2.488149
2.487913
2.487906
2.488227
2.487547
2.487783
2.487564
2.488437
2.487954
2.487754
2.487534
2.487783
2.488183
2.487886
2.488009
2.487763
2.487604
2.487991
2.487950
2.486866
2.486880
2.487699
2.486732
2.486849
2.486981
2.487445
2.487118
2.486721
2.486526
2.486357
2.487449
2.486771
2.486622
2.486563
2.486981
2.486901
2.486138
2.486285
2.486802
2.487305
2.486098
2.486342
2.486677
2.487253
2.486954
2.487286
2.487388
2.487943
2.487406
2.487595
2.487525
2.487356
2.488515
2.487919
2.487156
2.487354
2.487714
2.487025
2.487099
2.487051
2.487553
2.488700
2.487644
2.487654
2.487836
2.488174
2.487776
2.487482
2.487053
2.487288
2.488178
2.487553
2.487686
2.487714
2.488108
2.487513
2.487556
2.487919
2.488112
2.488374
2.487757
2.487787
2.487911
2.487239
2.487307
2.487116
2.487449
2.487004
2.487518
2.486810
2.486857
2.486610
2.487534
2.488365
2.487619
2.488005
2.487708
2.488541
2.488187
2.487289
2.487365
2.488032
2.488831
2.488437
2.488630
2.487922
2.488751
2.488675
2.488593
2.487952
2.488491
2.488976
2.488410
2.488161
2.487958
2.488884
2.488550
2.488200
2.488092
2.488498
2.489005
2.488543
2.488617
2.488509
2.488719
2.488793
2.488297
2.488241
2.488531
2.488902
2.487754
2.488177
2.488162
2.488633
2.488798
2.487404
2.487432
2.487587
2.488219
2.488143
2.488392
2.488323
2.488366
2.488257
2.488209
2.488273
2.487901
2.488962
2.488381
2.488254
2.487752
2.487274
2.487668
2.487575
2.486992
2.487310
2.486789
2.487496
2.486896
2.487485
2.488068
2.489228
2.488193
2.488298
2.488414
2.488585
2.488476
2.488427
2.488090
2.487819
2.488985
2.488480
2.488471
2.488506
2.488423
2.488910
2.488412
2.488575
2.488616
2.489268
2.488507
2.488725
2.488027
2.488091
2.488401
2.488098
2.488796
2.488676
2.489066
2.488725
2.488804
2.488825
2.488774
2.488702
2.488232
2.487916
2.488272
2.489306
2.488817
2.488335
2.488490
2.488553
2.489123
2.488367
2.488641
2.488233
2.488905
2.488806
2.488335
2.488396
2.488167
2.489135
2.488468
2.488609
2.488455
2.488865
2.488729
2.488417
2.487443
2.486753
2.487522
2.487419
2.487435
2.487279
2.486210
2.486972
2.486534
2.488045
2.488119
2.488346
2.487494
2.487685
2.488114
2.488226
2.488936
2.488197
2.488062
2.487645
2.487816
2.487152
2.487246
2.488422
2.488465
2.488832
2.488365
2.488636
2.488669
2.489114
2.488798
2.488864
2.488991
2.488763
2.488912
2.488290
2.488308
2.487656
2.489075
2.488591
2.488628
2.488542
2.488338
2.488987
2.488315
2.488288
2.488524
2.488509
2.489036
2.488396
2.488010
2.488599
2.488939
2.488320
2.488238
2.488431
2.488366
2.488813
2.488562
2.487468
2.487671
2.488279
2.487842
2.488613
2.488419
2.488342
2.488973
2.488028
2.487869
2.486848
2.487445
2.487479
2.487568
2.486813
2.486973
2.487829
2.488267
2.488264
2.488284
2.488427
2.488680
2.488293
2.488159
2.488174
2.488371
2.487673
2.487566
2.487590
2.488081
2.487441
2.487817
2.487779
2.487690
2.487772
2.487234
2.487197
2.486808
2.487540
2.487780
2.487410
2.487077
2.487376
2.487428
2.486765
2.487043
2.487182
2.486749
2.487603
2.487086
2.487067
2.487248
2.487719
2.487640
2.487358
2.487147
2.487277
2.487931
2.487787
2.487305
2.487190
2.487388
2.487273
2.487204
2.487028
2.486999
2.487855
2.487063
2.487800
2.487365
2.488576
2.487888
2.487504
2.487497
2.487660
2.488091
2.487732
2.487425
2.487740
2.488028
2.488476
2.487754
2.487956
2.488011
2.488560
2.488132
2.487853
2.487928
2.488017
2.488334
2.487853
2.487397
2.487746
2.488198
2.487661
2.488002
2.487891
2.487836
2.487909
2.486742
2.487324
2.487364
2.488291
2.488056
2.487799
2.487906
2.487817
2.488900
2.487872
2.487946
2.487769
2.488083
2.488157
2.487913
2.487470
2.487298
2.488361
2.488092
2.487856
2.488132
2.488174
2.488392
2.488301
2.488208
2.487964
2.488704
2.487884
2.487397
2.487287
2.488372
2.488731
2.488229
2.488376
2.488314
2.488822
2.488383
2.488009
2.488258
2.488466
2.488804
2.488304
2.487801
2.488061
2.488419
2.488256
2.487621
2.487519
2.487598
2.487895
2.487093
2.487938
2.488193
2.488065
2.486997
2.485894
2.486649
2.487604
2.488076
2.487596
2.487043
2.487437
2.486982
2.486916
2.487654
2.487055
2.486772
2.487299
2.487311
2.487752
2.487662
2.487532
2.487543
2.488207
2.487745
2.487306
2.486949
2.487683
2.488102
2.487566
2.487558
2.487270
2.488020
2.487599
2.487420
2.487293
2.486389
2.487214
2.487119
2.487044
2.486952
2.487447
2.487149
2.487618
2.487092
2.487515
2.487519
2.487504
2.487819
2.488008
2.487490
2.487361
2.487920
2.489281
2.489250
2.489133
2.488429
2.487051
2.486783
2.487155
2.487752
2.487236
2.487896
2.489263
2.488576
2.488354
2.487344
2.488553
2.488800
2.488909
2.487320
2.489011
2.489161
2.488453
2.487649
2.488386
2.489381
2.489211
2.488645
2.488747
2.488785
2.489557
2.488841
2.488700
2.489135
2.489259
2.489261
2.488797
2.488851
2.488690
2.489405
2.488172
2.488487
2.488549
2.489505
2.488973
2.488461
2.487619
2.489046
2.489473
2.488896
2.488934
2.488599
2.488535
2.488404
2.488040
2.488795
2.488891
2.488257
2.488434
2.488154
2.488143
2.487897
2.487724
2.488133
2.487442
2.485704
2.486126
2.485817
2.487029
2.487831
2.487881
2.488279
2.487921
2.488366
2.488613
2.487935
2.487965
2.488031
2.489318
2.487599
2.488261
2.488086
2.488618
2.488269
2.489290
2.488146
2.488058
2.488500
2.489684
2.489331
2.488694
2.488978
2.488203
2.487502
2.488170
2.488251
2.489252
2.488788
2.488644
2.488803
2.489213
2.489374
2.488846
2.488593
2.488555
2.488719
2.488863
2.488868
2.488581
2.488956
2.489361
2.488906
2.488817
2.488713
2.489281
2.488921
2.488971
2.488515
2.488990
2.489527
2.489018
2.488884
2.488884
2.489401
2.489275
2.488804
2.489126
2.488679
2.489449
2.489088
2.488393
2.488314
2.488617
2.488762
2.488480
2.489045
2.489007
2.489583
2.489163
2.489150
2.489021
2.489422
2.488902
2.489411
2.489089
2.489217
2.489598
2.489284
2.489041
2.489101
2.489172
2.489699
2.489252
2.489613
2.489054
2.489427
2.489399
2.489004
2.488993
2.489056
2.489786
2.488655
2.488866
2.489387
2.488856
2.488999
2.488341
2.487705
2.486424
2.487329
2.487096
2.485647
2.486350
2.487682
2.487658
2.487199
2.487373
2.487631
2.487975
2.487037
2.486874
2.487119
2.487869
2.488123
2.487565
2.487420
2.487944
2.488706
2.488215
2.487988
2.487828
2.488107
2.488222
2.487757
2.487949
2.487786
2.488660
2.488305
2.488075
2.470655
2.488188
2.488624
2.488274
2.488180
2.488322
2.488992
2.488003
2.487723
2.486624
2.486902
2.486694
2.485816
2.488058
2.488762
2.489328
2.488901
2.488452
2.488205
2.488561
2.489294
2.488794
2.489063
2.488903
2.489452
2.489173
2.489237
2.488436
2.488572
2.488959
2.487822
2.488238
2.489114
2.489515
2.489110
2.488992
2.489001
2.489278
2.488917
2.488953
2.488990
2.488874
2.488188
2.486749
2.488205
2.488189
2.488767
2.489269
2.488540
2.488160
2.487775
2.488346
2.488931
2.488353
2.488245
2.488384
2.488286
2.487536
2.487675
2.487852
2.486325
2.486630
2.486706
2.486986
2.487733
2.488529
2.486863
2.487490
2.488126
2.488074
2.488616
2.487654
2.488461
2.488427
2.488391
2.488319
2.487978
2.488896
2.488991
2.488910
2.488985
2.489700
2.489110
2.490059
2.489641
2.488928
2.488722
2.488374
2.489035
2.488775
2.489128
2.488935
2.489411
2.489570
2.488923
2.489115
2.489033
2.489669
2.489120
2.489038
2.489110
2.489275
2.489504
2.489215
2.488783
2.488419
2.489507
2.489181
2.489092
2.488488
2.489107
2.488865
2.488301
2.488486
2.489018
2.489328
2.488837
2.488230
2.489077
2.488705
2.489607
2.488987
2.489250
2.489354
2.489327
2.489357
2.489017
2.488903
2.488914
2.488731
2.488983
2.488982
2.488788
2.489111
2.489342
2.488838
2.488745
2.488983
2.489666
2.488901
2.488902
2.488956
2.489083
2.489481
2.489274
2.489060
2.489192
2.489713
2.489126
2.489092
2.488934
2.489257
2.489950
2.489230
2.488835
2.488868
2.489194
2.488806
2.486437
2.486566
2.487586
2.488207
2.487634
2.487432
2.488068
2.488407
2.488197
2.487866
2.487911
2.488245
2.488352
2.487315
2.487693
2.488464
2.487794
2.487770
2.487389
2.487978
2.488075
2.488551
2.487714
2.487986
2.488018
2.488951
2.488120
2.487471
2.488073
2.488192
2.488291
2.487757
2.487476
2.486998
2.487383
2.487649
2.487444
2.487508
2.487540
2.487666
2.488254
2.488263
2.487795
2.487789
2.488850
2.488026
2.488014
2.488070
2.488244
2.487902
2.486946
2.486519
2.487172
2.487196
2.488043
2.488330
2.489052
2.489215
2.489886
2.489420
2.489218
2.489264
2.489528
2.489456
2.489094
2.488854
2.488727
2.488517
2.488179
2.489263
2.489545
2.489746
2.489745
2.489244
2.489544
2.489237
2.489823
2.489657
2.489253
2.489368
2.489524
2.489851
2.489243
2.489358
2.489583
2.489867
2.489590
2.489462
2.489502
2.489404
2.489888
2.488735
2.488446
2.488945
2.489752
2.489049
2.488500
2.488453
2.487943
2.488868
2.488047
2.488450
2.488425
2.488496
2.488503
2.487491
2.488083
2.488158
2.488939
2.488161
2.487391
2.487977
2.488394
2.488173
2.486591
2.486500
2.487621
2.487760
2.488406
2.488694
2.488785
2.488096
2.488444
2.488356
2.488947
2.488776
2.488635
2.488567
2.488549
2.489227
2.488215
2.488890
2.489596
2.488995
2.489661
2.489608
2.489255
2.489057
2.489880
2.488177
2.488688
2.488700
2.488780
2.488845
2.488557
2.488512
2.488476
2.489578
2.488819
2.488664
2.489373
2.489936
2.489690
2.488950
2.489510
2.489265
2.489999
2.489403
2.489160
2.489342
2.489535
2.489830
2.488907
2.489002
2.489078
2.489304
2.489328
2.489316
2.489269
2.489310
2.489827
2.489343
2.488974
2.488997
2.489437
2.489452
2.488948
2.488961
2.488759
2.489632
2.488940
2.489081
2.488787
2.489444
2.489467
2.489229
2.489367
2.489133
2.489765
2.489118
2.488911
2.489477
2.489621
2.489586
2.488628
2.488728
2.488896
2.489889
2.489195
2.489001
2.489107
2.488785
2.488744
2.488050
2.488541
2.489215
2.489910
2.489401
2.489370
2.489050
2.489144
2.489144
2.488410
2.489196
2.489027
2.489064
2.488979
2.488491
2.488276
2.488334
2.489651
2.488624
2.488799
2.488276
2.489160
2.488708
2.488177
2.487791
2.488073
2.488512
2.487991
2.486523
2.487701
2.487537
2.487523
2.487967
2.488648
2.487549
2.487939
2.487717
2.488234
2.488122
2.487873
2.487448
2.487696
2.488978
2.488139
2.488335
2.488416
2.488694
2.488779
2.488546
2.488317
2.488450
2.488525
2.487887
2.488257
2.487959
2.488023
2.488286
2.487885
2.487607
2.487724
2.488091
2.487646
2.487637
2.487449
2.487700
2.487919
2.487326
2.487216
2.487525
2.487867
2.487755
2.487430
2.487702
2.487603
2.488424
2.487987
2.488047
2.487919
2.487991
2.487931
2.487780
2.488295
2.488228
2.489144
2.488557
2.488381
2.488456
2.488770
2.489036
2.488165
2.488452
2.488433
2.488711
2.488064
2.489019
2.488613
2.488497
2.486183
2.487369
2.488095
2.488415
2.488952
2.489399
2.489444
2.489955
2.489463
2.489504
2.489319
2.488603
2.488351
2.488769
2.489395
2.489412
2.489429
2.489299
2.489211
2.489259
2.489546
2.489668
2.489074
2.488933
2.488580
2.490138
2.489190
2.489319
2.489248
2.489656
2.489458
2.489393
2.489413
2.489334
2.489803
2.489719
2.488990
2.489195
2.489595
2.489635
2.488638
2.488777
2.488798
2.489591
2.489598
2.488379
2.488478
2.488303
2.489390
2.489152
2.488649
2.488395
2.489154
2.488548
2.488135
2.488169
2.488410
2.489390
2.488852
2.489586
2.488875
2.488579
2.489753
2.488859
2.489019
2.488856
2.489053
2.486905
2.485842
2.485676
2.487127
2.488388
2.488180
2.488194
2.488330
2.488230
2.488219
2.488993
2.489105
2.489547
2.489436
2.489222
2.489391
2.489341
2.489948
2.488724
2.488652
2.488120
2.488313
2.488871
2.488776
2.489003
2.489424
2.489634
2.489606
2.488911
2.489128
2.489215
2.489693
2.488549
2.489001
2.489102
2.489660
2.489243
2.489230
2.488847
2.488950
2.490023
2.489223
2.489347
2.489259
2.489188
2.489598
2.489061
2.489371
2.489284
2.489293
2.489098
2.489083
2.489023
2.489321
2.489520
2.489067
2.488939
2.488718
2.489702
2.489364
2.489249
2.489013
2.489362
2.489936
2.489209
2.488991
2.489263
2.489315
2.489047
2.488573
2.488862
2.489661
2.489884
2.489187
2.489225
2.489615
2.489635
2.488993
2.488727
2.489313
2.489319
2.489222
2.488394
2.488521
2.488009
2.488462
2.488439
2.488630
2.488633
2.488506
2.488844
2.488151
2.487999
2.487936
2.487632
2.487689
2.486637
2.485938
2.486150
2.487310
2.486693
2.487763
2.487679
2.487427
2.487801
2.487719
2.487823
2.487257
2.487761
2.487108
2.487151
2.487829
2.487788
2.488072
2.487440
2.487772
2.488258
2.487929
2.488363
2.487586
2.487701
2.487670
2.488473
2.487857
2.487553
2.488070
2.489095
2.488050
2.488077
2.488112
2.488580
2.488468
2.487701
2.487687
2.488110
2.488534
2.487836
2.487499
2.488025
2.488251
2.488939
2.488403
2.488393
2.488217
2.488510
2.488418
2.488438
2.488557
2.488193
2.488694
2.488421
2.488526
2.488112
2.488501
2.489014
2.488305
2.488243
2.488569
2.489223
2.488440
2.488356
2.488491
2.488732
2.489039
2.488730
2.489015
2.488480
2.488566
2.488713
2.488277
2.488440
2.488676
2.488882
2.487993
2.487862
2.488039
2.488506
2.487714
2.488163
2.489098
2.489367
2.489631
2.488691
2.489227
2.489128
2.489480
2.489079
2.488995
2.488984
2.488929
2.489946
2.489238
2.489138
2.488801
2.488378
2.488617
2.487451
2.487172
2.488801
2.489883
2.489623
2.489294
2.489404
2.489428
2.489671
2.488797
2.487066
2.488137
2.487175
2.487422
2.487994
2.488092
2.488292
2.489640
2.488923
2.488287
2.488526
2.488671
2.488682
2.488629
2.488402
2.486527
2.489237
2.488223
2.488559
2.488035
2.487954
2.488059
2.487068
2.487261
2.484838
2.485185
2.486544
2.486047
2.486885
2.488320
2.488580
2.487578
2.487346
2.488676
2.488568
2.488363
2.487757
2.488075
2.488515
2.488378
2.488498
2.488354
2.488472
2.489088
2.489115
2.489127
2.488940
2.489007
2.488741
2.488318
2.488328
2.487983
2.488514
2.488434
2.488456
2.488148
2.488505
2.488899
2.487839
2.488082
2.488189
2.488898
2.487901
2.488024
2.488387
2.488638
2.488760
2.488442
2.489046
2.488217
2.488450
2.488472
2.487833
2.487720
2.487628
2.488600
2.487662
2.487956
2.488856
2.488763
2.488955
2.488262
2.488272
2.488490
2.488703
2.488320
2.488355
2.488464
2.488030
2.488962
2.488374
2.488372
2.488393
2.488591
2.488409
2.487698
2.487003
2.488342
2.487946
2.488682
2.488658
2.489239
2.489879
2.489663
2.489311
2.489361
2.489079
2.489684
2.489040
2.489163
2.488882
2.489601
2.489427
2.489266
2.489274
2.489384
2.489774
2.489536
2.488938
2.489155
2.489429
2.489412
2.488987
2.488462
2.488358
2.488160
2.486745
2.488205
2.488798
2.489169
2.489638
2.489177
2.487661
2.488477
2.489367
2.489071
2.489001
2.488693
2.487821
2.489519
2.489081
2.489249
2.489138
2.489652
2.489476
2.488616
2.488484
2.488747
2.489648
2.489413
2.488796
2.488654
2.489169
2.488394
2.485765
2.486562
2.486253
2.487281
2.487138
2.487564
2.487714
2.487922
2.487713
2.487581
2.488256
2.487819
2.488586
2.488746
2.488656
2.488735
2.488893
2.489146
2.488601
2.489110
2.488461
2.488968
2.488641
2.488260
2.488361
2.488287
2.488734
2.487212
2.488016
2.488254
2.488689
2.488261
2.488459
2.488067
2.488081
2.488711
2.487901
2.487922
2.487811
2.487837
2.487944
2.487608
2.487965
2.487203
2.488376
2.487959
2.488114
2.488142
2.488263
2.488479
2.488111
2.487908
2.488150
2.488670
2.488169
2.487805
2.488257
2.488341
2.488628
2.487836
2.487852
2.488145
2.488406
2.487543
2.487822
2.487870
2.487184
2.488967
2.488643
2.488988
2.489082
2.489278
2.488269
2.488838
2.488062
2.487051
2.487891
2.487336
2.489083
2.488410
2.487642
2.487267
2.487937
2.489267
2.488860
2.489769
2.489218
2.489021
2.488621
2.488902
2.488794
2.489537
2.487144
2.486586
2.487510
2.488202
2.488924
2.488372
2.488922
2.488458
2.488322
2.488467
2.488546
2.488422
2.486310
2.485946
2.486652
2.487746
2.488801
2.487653
2.487704
2.488094
2.488519
2.487419
2.485826
2.486343
2.486783
2.487739
2.486710
2.486765
2.487437
2.488499
2.487829
2.487952
2.487946
2.488129
2.489290
2.488092
2.488025
2.487937
2.488559
2.489070
2.488514
2.489129
2.488333
2.489048
2.487991
2.488261
2.489800
2.489265
2.489355
2.488611
2.488061
2.488469
2.489316
2.489104
2.488952
2.488620
2.489191
2.489560
2.489014
2.489252
2.489076
2.489418
2.489475
2.489189
2.489511
2.489492
2.489992
2.488765
2.489374
2.489607
2.489368
2.489248
2.489274
2.489256
2.489265
2.489907
2.489405
2.489396
2.489441
2.489505
2.489353
2.489488
2.489322
2.489298
2.489648
2.488831
2.488994
2.488220
2.487209
2.486783
2.485847
2.485898
2.485958
2.487432
2.488751
2.488989
2.488965
2.489165
2.489622
2.488866
2.489014
2.488739
2.489375
2.489130
2.488804
2.488732
2.488739
2.488608
2.488963
2.488897
2.488924
2.489344
2.489049
2.489311
2.489246
2.489280
2.489666
2.488803
2.489370
2.489034
2.489655
2.489067
2.488601
2.488093
2.486948
2.486817
2.486018
2.486359
2.486082
2.487946
2.488074
2.487525
2.487862
2.487360
2.488495
2.488214
2.488480
2.488081
2.487634
2.487441
2.487687
2.487785
2.488254
2.489290
2.488855
2.488781
2.488773
2.488518
2.488688
2.488018
2.488406
2.488098
2.488119
2.487819
2.488494
2.488394
2.488554
2.488749
2.487992
2.488227
2.488491
2.488864
2.488852
2.488545
2.488509
2.488325
2.488685
2.488067
2.488114
2.488283
2.488532
2.488519
2.488198
2.488228
2.488090
2.488809
2.488343
2.488639
2.488151
2.488401
2.488230
2.487996
2.488217
2.488364
2.488952
2.487572
2.487554
2.487710
2.488033
2.488685
2.487910
2.487739
2.487718
2.488506
2.488512
2.488381
2.487535
2.489172
2.489679
2.489282
2.489487
2.489716
2.489621
2.489733
2.489240
2.488230
2.488563
2.489918
2.488366
2.489126
2.489282
2.489733
2.488828
2.488939
2.488648
2.489147
2.489325
2.488768
2.488611
2.487881
2.486821
2.486931
2.486503
2.488331
2.488669
2.489214
2.488308
2.488185
2.488385
2.488407
2.489022
2.488924
2.487894
2.488033
2.487964
2.487113
2.487821
2.487733
2.488363
2.488222
2.486483
2.485552
2.487146
2.487772
2.488047
2.486746
2.487941
2.488083
2.488352
2.487640
2.487690
2.488139
2.488709
2.488457
2.487510
2.487990
2.487997
2.489141
2.488995
2.488936
2.489288
2.489433
2.489461
2.488989
2.488524
2.487790
2.488236
2.487167
2.488045
2.489144
2.489259
2.489498
2.488946
2.488903
2.489243
2.489431
2.489107
2.488608
2.488726
2.488469
2.488422
2.488317
2.488722
2.489192
2.489569
2.489328
2.489179
2.488923
2.489004
2.489481
2.489101
2.489226
2.488742
2.489696
2.489607
2.489132
2.489403
2.489277
2.489995
2.488564
2.489081
2.489499
2.489762
2.489616
2.488910
2.488975
2.489412
2.489629
2.489027
2.489175
2.489180
2.489295
2.489361
2.489098
2.489101
2.488902
2.489390
2.489030
2.489026
2.488874
2.489294
2.489167
2.488211
2.488400
2.488158
2.489136
2.488413
2.487913
2.488146
2.488646
2.489021
2.488882
2.488973
2.488932
2.488637
2.489086
2.488252
2.487978
2.488155
2.488935
2.488412
2.488481
2.488156
2.489096
2.489135
2.488883
2.488909
2.488989
2.488231
2.488177
2.488595
2.488610
2.488524
2.488865
2.488775
2.488573
2.488256
2.488665
2.487908
2.487813
2.488548
2.488959
2.488500
2.488142
2.487826
2.488170
2.487894
2.487772
2.487646
2.485915
2.485871
2.486806
2.487162
2.487957
2.486969
2.488478
2.488838
2.488317
2.488229
2.488306
2.488761
2.488043
2.487530
2.487428
2.487913
2.487901
2.487655
2.487454
2.487568
2.488551
2.487643
2.488237
2.487853
2.488021
2.488183
2.487732
2.488064
2.487414
2.487745
2.487484
2.488104
2.487618
2.488236
2.487817
2.487924
2.487355
2.487629
2.488601
2.488155
2.487849
2.488202
2.488251
2.488417
2.487761
2.488331
2.488040
2.488573
2.487502
2.487355
2.487441
2.487469
2.487754
2.487416
2.487375
2.487921
2.487631
2.488045
2.487843
2.487607
2.487572
2.488769
2.487850
2.487660
2.489114
2.489319
2.489045
2.489109
2.489102
2.489057
2.489783
2.489270
2.487435
2.486439
2.487360
2.488293
2.488890
2.489026
2.489178
2.488907
2.489241
2.489276
2.489390
2.489551
2.489380
2.489171
2.488971
2.487696
2.489355
2.488464
2.488948
2.489070
2.488689
2.488902
2.487682
2.487906
2.488320
2.489240
2.488905
2.487512
2.488548
2.488282
2.488804
2.487509
2.487756
2.488250
2.489138
2.488992
2.488625
2.488694
2.488920
2.489021
2.488894
2.488284
2.488360
2.488495
2.488527
2.488389
2.487037
2.486658
2.487883
2.486855
2.486668
2.487502
2.488123
2.487750
2.487267
2.487069
2.487585
2.488182
2.487901
2.487957
2.488253
2.488256
2.488966
2.488304
2.487891
2.488195
2.488436
2.488197
2.487925
2.487999
2.488157
2.488409
2.488009
2.487612
2.487562
2.488179
2.488206
2.487912
2.488097
2.487773
2.488793
2.488292
2.488461
2.488217
2.488692
2.488617
2.488157
2.488291
2.488368
2.488794
2.488185
2.487986
2.488033
2.488028
2.487691
2.488215
2.487399
2.487248
2.488136
2.487675
2.487512
2.487626
2.487649
2.488291
2.488156
2.488187
2.488261
2.488769
2.488309
2.487822
2.487811
2.488413
2.488357
2.487708
2.487518
2.487969
2.488163
2.488258
2.488027
2.487174
2.487713
2.488558
2.486798
2.487747
2.486966
2.486536
2.486254
2.488108
2.489054
2.488545
2.489529
2.489115
2.488806
2.488378
2.488089
2.488148
2.487503
2.487242
2.487995
2.488697
2.488114
2.488080
2.487645
2.488696
2.488855
2.488394
2.487985
2.488092
2.488036
2.487964
2.488074
2.488037
2.487249
2.488315
2.487507
2.487639
2.487243
2.486658
2.486954
2.487324
2.486905
2.487411
2.487643
2.487619
2.487749
2.488311
2.488605
2.488152
2.487871
2.488067
2.487711
2.488296
2.487523
2.487493
2.487540
2.487838
2.488096
2.487553
2.488144
2.487884
2.488890
2.488607
2.488013
2.488734
2.488639
2.488430
2.487906
2.487721
2.487530
2.487758
2.488030
2.487421
2.487820
2.488143
2.488317
2.488089
2.488098
2.488140
2.488301
2.487684
2.488102
2.487845
2.487760
2.488500
2.487872
2.488240
2.488138
2.488717
2.488084
2.488349
2.488508
2.487882
2.489020
2.488384
2.487530
2.487682
2.488143
2.488425
2.487760
2.487629
2.488327
2.488782
2.488090
2.488030
2.488329
2.488528
2.488418
2.488443
2.488230
2.488372
2.488767
2.488112
2.488284
2.488512
2.488610
2.489133
2.488443
2.488402
2.488249
2.488639
2.488419
2.488420
2.488245
2.488260
2.488427
2.488163
2.488178
2.488185
2.488584
2.488024
2.488409
2.488087
2.488266
2.488749
2.488312
2.488195
2.488263
2.488607
2.488423
2.488544
2.488078
2.487868
2.488301
2.487639
2.487674
2.487364
2.485964
2.487004
2.486649
2.487383
2.486832
2.487599
2.487568
2.487447
2.487278
2.487669
2.487501
2.487226
2.487234
2.487549
2.487707
2.487759
2.488146
2.488195
2.487998
2.488560
2.488473
2.488700
2.488160
2.488298
2.487400
2.487599
2.487238
2.487453
2.487990
2.487649
2.488033
2.488148
2.488385
2.488874
2.488480
2.487853
2.487656
2.488107
2.487601
2.487589
2.487619
2.487853
2.487668
2.487528
2.487098
2.487528
2.488090
2.487580
2.487714
2.487949
2.488391
2.487953
2.487485
2.488068
2.487444
2.488620
2.488546
2.488587
2.489049
2.489164
2.488450
2.488970
2.488824
2.489055
2.489331
2.489210
2.489027
2.489001
2.489299
2.489752
2.489019
2.488930
2.488888
2.488384
2.488592
2.487409
2.487016
2.487553
2.488586
2.488594
2.488710
2.488938
2.489493
2.489080
2.487046
2.486810
2.487672
2.489695
2.489287
2.489059
2.489073
2.489436
2.489614
2.488930
2.488570
2.488836
2.489146
2.488378
2.487716
2.487696
2.488391
2.487915
2.488205
2.486543
2.487543
2.487992
2.487391
2.488092
2.488169
2.487848
2.488571
2.488351
2.488793
2.488141
2.488695
2.488649
2.488398
2.488087
2.488163
2.488592
2.486890
2.485581
2.485599
2.485918
2.486973
2.485943
2.485088
2.487105
2.488037
2.487530
2.486818
2.487757
2.488137
2.488812
2.488062
2.487745
2.488573
2.489115
2.487545
2.488195
2.488233
2.488189
2.488480
2.487986
2.488542
2.489344
2.489244
2.489296
2.488851
2.488439
2.488643
2.488638
2.487817
2.488010
2.487861
2.489385
2.489142
2.488757
2.488906
2.489084
2.489055
2.488929
2.488797
2.488849
2.489292
2.489185
2.489024
2.489157
2.489136
2.489674
2.488997
2.489483
2.489102
2.489120
2.489314
2.488840
2.489161
2.489216
2.489511
2.488805
2.488961
2.489050
2.489216
2.489293
2.488700
2.488399
2.488762
2.489206
2.488740
2.488862
2.489120
2.489669
2.489466
2.489224
2.489368
2.489282
2.489705
2.489315
2.488427
2.488408
2.488618
2.489719
2.489049
2.489058
2.489012
2.489520
2.489330
2.489150
2.489331
2.489133
2.488766
2.489005
2.489253
2.489004
2.489545
2.489471
2.489285
2.489215
2.489093
2.489601
2.489054
2.489259
2.488630
2.488546
2.488540
2.488710
2.489054
2.488958
2.489010
2.488348
2.488423
2.488005
2.488714
2.489042
2.488562
2.488359
2.488421
2.488984
2.488014
2.487476
2.487672
2.487893
2.487741
2.486154
2.485524
2.486989
2.487616
2.488064
2.487649
2.487524
2.487734
2.488387
2.487422
2.487932
2.487189
2.487815
2.488037
2.487963
2.487465
2.488182
2.488559
2.487888
2.488175
2.488568
2.488505
2.488832
2.488701
2.487672
2.487780
2.488787
2.488710
2.488044
2.488082
2.488225
2.488449
2.487919
2.488064
2.487918
2.488645
2.488229
2.487907
2.487843
2.487389
2.487727
2.487178
2.487261
2.487198
2.487666
2.487309
2.487811
2.487882
2.487918
2.488133
2.487865
2.487855
2.488232
2.487821
2.487378
2.487556
2.488522
2.488722
2.489070
2.488845
2.489333
2.488381
2.486848
2.486777
2.486791
2.487650
2.488158
2.488576
2.487546
2.488928
2.489374
2.489068
2.488742
2.488886
2.489738
2.488930
2.489051
2.488613
2.488433
2.488770
2.487959
2.488496
2.489203
2.488467
2.489030
2.488803
2.489058
2.489386
2.489614
2.489002
2.488511
2.489170
2.489593
2.488878
2.489251
2.489013
2.488558
2.489040
2.488312
2.489237
2.489246
2.489550
2.489533
2.488523
2.489135
2.489069
2.489516
2.488775
2.488818
2.488883
2.489077
2.488853
2.488581
2.488970
2.489219
2.489239
2.488936
2.489059
2.489302
2.489514
2.489365
2.489250
2.489071
2.488727
2.489509
2.488224
2.486951
2.486749
2.486538
2.486787
2.487313
2.487057
2.487364
2.488066
2.487854
2.487419
2.487405
2.487534
2.487550
2.487307
2.486933
2.487428
2.487286
2.487839
2.487940
2.488306
2.488253
2.488332
2.488309
2.488324
2.487862
2.487824
2.487547
2.488127
2.488207
2.488368
2.488647
2.487666
2.488151
2.488268
2.488456
2.488589
2.488212
2.488373
2.488305
2.488427
2.487507
2.487997
2.488261
2.488277
2.488707
2.488185
2.488055
2.488115
2.488701
2.488166
2.487914
2.487627
2.487738
2.488008
2.487465
2.487781
2.487565
2.488154
2.487773
2.487836
2.487750
2.487637
2.488185
2.487361
2.487575
2.487443
2.488195
2.487791
2.487658
2.488247
2.488360
2.488954
2.488377
2.488143
2.487595
2.487525
2.487803
2.487319
2.487011
2.487687
2.488264
2.487665
2.487699
2.487713
2.487803
2.487391
2.486741
2.487251
2.487366
2.488022
2.487466
2.487649
2.487658
2.487715
2.487829
2.487408
2.487839
2.488415
2.488267
2.487694
2.487992
2.488413
2.488235
2.487781
2.488198
2.488360
2.488294
2.488046
2.488396
2.488195
2.488774
2.488394
2.487950
2.488113
2.487634
2.487628
2.487717
2.487940
2.487878
2.488737
2.487769
2.487845
2.487946
2.488210
2.487867
2.486087
2.485728
2.485682
2.487826
2.487233
2.487152
2.487291
2.487709
2.487491
2.486666
2.487290
2.487108
2.488307
2.486768
2.486445
2.486973
2.487068
2.487003
2.487051
2.487968
2.488609
2.487441
2.486798
2.487793
2.488113
2.487765
2.488679
2.488102
2.488371
2.488215
2.488293
2.487943
2.487782
2.487610
2.487594
2.488283
2.488115
2.488597
2.488247
2.488186
2.488038
2.487701
2.487884
2.488233
2.487536
2.488510
2.488229
2.488714
2.488183
2.487029
2.487864
2.488809
2.489527
2.488340
2.488663
2.489521
2.489332
2.489955
2.489581
2.489370
2.489548
2.489337
2.489192
2.488207
2.488095
2.488132
2.489177
2.488388
2.488061
2.488217
2.488999
2.488953
2.488697
2.488502
2.488610
2.489151
2.488336
2.488405
2.488096
2.488319
2.488251
2.488213
2.489042
2.488909
2.488914
2.488452
2.488502
2.488507
2.488817
2.488755
2.488524
2.488402
2.488380
2.488535
2.488067
2.488036
2.487856
2.488467
2.488266
2.487589
2.488136
2.488639
2.488436
2.487466
2.488027
2.487876
2.488157
2.488034
2.488320
2.488266
2.488098
2.488934
2.488512
2.488412
2.488117
2.488675
2.488583
2.488129
2.488468
2.488319
2.488859
2.487859
2.487583
2.487634
2.487984
2.488199
2.488496
2.488338
2.487938
2.488447
2.487990
2.488266
2.488479
2.488396
2.488379
2.488346
2.488266
2.488244
2.488617
2.488117
2.487777
2.488223
2.487234
2.487178
2.486701
2.487170
2.488217
2.488056
2.487924
2.487605
2.487872
2.488375
2.489612
2.488796
2.488643
2.488542
2.488275
2.488199
2.488082
2.487087
2.486931
2.487813
2.487285
2.487367
2.487154
2.487534
2.487669
2.487641
2.487301
2.487224
2.487580
2.487426
2.487584
2.487558
2.487869
2.488003
2.487797
2.487676
2.487717
2.487633
2.488647
2.488072
2.488408
2.488317
2.488965
2.488196
2.488502
2.488743
2.488306
2.488241
2.487899
2.487636
2.487795
2.487922
2.487859
2.488506
2.489127
2.488679
2.488393
2.487950
2.489493
2.487496
2.486404
2.486236
2.486607
2.488441
2.488393
2.488549
2.488497
2.488657
2.488786
2.486736
2.486404
2.488399
2.489129
2.488790
2.488253
2.488214
2.489023
2.487968
2.487980
2.488078
2.486532
2.488136
2.487739
2.488105
2.487926
2.488151
2.488333
2.488267
2.488075
2.488159
2.489111
2.488313
2.488679
2.488602
2.488844
2.488726
2.488551
2.488618
2.488569
2.489368
2.488745
2.488385
2.488441
2.488427
2.488479
2.488411
2.488419
2.488579
2.489105
2.488963
2.488864
2.488914
2.489374
2.489488
2.488791
2.488131
2.488710
2.488918
2.488499
2.488262
2.488602
2.488410
2.489333
2.488376
2.488483
2.488107
2.488449
2.488719
2.488607
2.488490
2.489100
2.489561
2.488667
2.488882
2.488254
2.489087
2.488311
2.487092
2.487252
2.487070
2.487486
2.486721
2.487385
2.487331
2.487934
2.488555
2.487872
2.488138
2.488009
2.488471
2.487814
2.487757
2.487817
2.488049
2.488860
2.487710
2.487929
2.488281
2.488810
2.488859
2.488376
2.488062
2.487466
2.488382
2.488356
2.488248
2.488675
2.488780
2.488745
2.488242
2.488569
2.488757
2.489240
2.488538
2.488648
2.488590
2.489026
2.488829
2.488586
2.488213
2.488315
2.489146
2.487940
2.488086
2.488608
2.488633
2.488617
2.488149
2.488444
2.489706
2.489009
2.488766
2.488875
2.488989
2.489372
2.488991
2.488307
2.489018
2.489438
2.489018
2.489187
2.489392
2.489672
2.490263
2.489442
2.489671
2.488761
2.489171
2.487987
2.489095
2.489389
2.489402
2.489872
2.489403
2.489355
2.489702
2.489949
2.489758
2.489228
2.489641
2.489634
2.490425
2.489753
2.489442
2.489518
2.490228
2.489961
2.489650
2.489758
2.489353
2.489990
2.488351
2.489160
2.488682
2.488754
2.489200
2.488431
2.487918
2.488231
2.488611
2.488368
2.488458
2.488555
2.488110
2.487503
2.486513
2.487749
2.487561
2.488467
2.488762
2.488748
2.488995
2.488354
2.489115
2.488736
2.488550
2.488476
2.488909
2.488453
2.488727
2.487968
2.488666
2.489278
2.488916
2.489074
2.488827
2.489065
2.489057
2.488657
2.489079
2.489733
2.488830
2.488967
2.488971
2.488860
2.489017
2.488855
2.489051
2.488728
2.489177
2.488505
2.488567
2.488355
2.488420
2.488512
2.488976
2.488471
2.488274
2.488634
2.488439
2.489688
2.488598
2.488416
2.488832
2.488716
2.488433
2.487408
2.487969
2.488698
2.489386
2.488657
2.487944
2.488106
2.488283
2.487841
2.487808
2.488462
2.488881
2.489330
2.488598
2.488825
2.488769
2.489391
2.488790
2.488515
2.487895
2.488548
2.489041
2.488273
2.488215
2.488201
2.488481
2.488649
2.488285
2.488138
2.488091
2.488383
2.488058
2.488028
2.488080
2.487926
2.488336
2.487734
2.487584
2.487583
2.487807
2.487718
2.487959
2.487996
2.488357
2.488621
2.487915
2.488080
2.487873
2.488462
2.488726
2.488399
2.488360
2.488532
2.489367
2.488359
2.488460
2.488500
2.489070
2.488556
2.488418
2.488334
2.488841
2.488477
2.488539
2.488294
2.488621
2.489188
2.487333
2.488766
2.488374
2.489276
2.488669
2.488559
2.488431
2.489688
2.488868
2.488307
2.487709
2.487577
2.486277
2.485974
2.487848
2.488166
2.488505
2.487175
2.488024
2.487738
2.487814
2.487860
2.487848
2.486645
2.488111
2.488640
2.488370
2.488155
2.488260
2.488534
2.488610
2.488446
2.488252
2.488450
2.489203
2.488306
2.488075
2.488162
2.488908
2.489573
2.488926
2.488863
2.488759
2.488187
2.488046
2.488164
2.488630
2.488635
2.489216
2.489080
2.489656
2.489344
2.489638
2.489262
2.488934
2.489062
2.488967
2.489156
2.488809
2.489251
2.489309
2.489406
2.488957
2.489506
2.488568
2.489074
2.489655
2.488928
2.488868
2.489256
2.489374
2.489301
2.488978
2.489160
2.488541
2.489347
2.489032
2.488998
2.488904
2.489344
2.489292
2.488953
2.488847
2.489143
2.489506
2.488864
2.488959
2.488144
2.488729
2.488848
2.488797
2.488790
2.488495
2.489262
2.488739
2.488937
2.488832
2.489213
2.489398
2.488481
2.488856
2.488856
2.489336
2.489303
2.488602
2.488369
2.488651
2.489040
2.489013
2.488788
2.489166
2.489416
2.489297
2.489052
2.489064
2.489132
2.489592
2.489248
2.489315
2.489309
2.489133
2.489284
2.489142
2.488744
2.488582
2.487924
2.487640
2.487600
2.487237
2.487864
2.488937
2.488021
2.487727
2.487964
2.489136
2.488022
2.488478
2.488380
2.489006
2.489170
2.488485
2.488251
2.488514
2.488884
2.488475
2.487665
2.487998
2.488126
2.488842
2.488456
2.488313
2.488297
2.489083
2.488830
2.488525
2.488966
2.488929
2.489539
2.488919
2.489037
2.488796
2.489049
2.488637
2.487920
2.487920
2.487922
2.488768
2.488362
2.488320
2.488518
2.488826
2.488928
2.488864
2.488714
2.488499
2.488748
2.488480
2.488237
2.488261
2.488446
2.488868
2.488191
2.488635
2.487968
2.488680
2.488412
2.488541
2.488465
2.488673
2.488979
2.488233
2.488347
2.487974
2.488765
2.488754
2.488938
2.489256
2.489192
2.489852
2.488472
2.488406
2.488382
2.488974
2.489325
2.488968
2.489055
2.489204
2.489322
2.488796
2.489135
2.489072
2.489740
2.489028
2.488474
2.487550
2.487621
2.489110
2.488900
2.489064
2.488165
2.488471
2.489145
2.488202
2.487351
2.488377
2.488887
2.488712
2.489285
2.489689
2.489566
2.489408
2.490101
2.489997
2.489578
2.488586
2.489272
2.488988
2.488301
2.489163
2.489185
2.489653
2.489346
2.488995
2.489003
2.488733
2.489178
2.488862
2.489523
2.489613
2.489291
2.489460
2.489727
2.489746
2.489547
2.490230
2.489485
2.489713
2.489727
2.490215
2.489198
2.489641
2.489781
2.489860
2.490526
2.489862
2.489985
2.489602
2.489838
2.489760
2.489590
2.489637
2.489023
2.490093
2.490123
2.489657
2.489413
2.489750
2.490376
2.489517
2.489532
2.489663
2.490575
2.489955
2.489567
2.488912
2.489744
2.490122
2.489791
2.489794
2.489784
2.489208
2.488613
2.488270
2.488350
2.488272
2.490432
2.489297
2.490225
2.489608
2.489947
2.490022
2.489751
2.489858
2.489871
2.490512
2.489874
2.488868
2.489588
2.489677
2.489565
2.489619
2.489787
2.489820
2.490432
2.489870
2.489854
2.489640
2.489964
2.490116
2.489711
2.489765
2.489457
2.490306
2.489809
2.489920
2.489722
2.489724
2.490459
2.489741
2.489867
2.490037
2.490166
2.490007
2.489599
2.489743
2.489886
2.490441
2.489915
2.489550
2.488506
2.488965
2.489096
2.489320
2.489422
2.489755
2.490373
2.489239
2.489370
2.489704
2.489752
2.490007
2.489491
2.489830
2.489638
2.489748
2.489787
2.490111
2.489756
2.489874
2.489371
2.488461
2.488589
2.488703
2.489378
2.490050
2.489775
2.489517
2.490007
2.490180
2.489564
2.489863
2.489023
2.490205
2.489949
2.489614
2.489675
2.489855
2.490384
2.489800
2.489572
2.489702
2.490150
2.489904
2.489637
2.488854
2.489364
2.489498
2.488959
2.489054
2.490039
2.490194
2.490276
2.489959
2.489646
2.490123
2.490384
2.489289
2.489603
2.489824
2.490169
2.490286
2.489728
2.490013
2.489716
2.489963
2.489570
2.489907
2.489707
2.489648
2.489725
2.489652
2.489626
2.489541
2.489947
2.488911
2.487811
2.489593
2.488997
2.489862
2.489541
2.489833
2.489648
2.490462
2.489822
2.489553
2.489288
2.488413
2.489403
2.488720
2.489323
2.489975
2.490208
2.489955
2.488786
2.488983
2.489270
2.489495
2.489043
2.489262
2.489332
2.489527
2.489404
2.489771
2.489537
2.489213
2.490026
2.489116
2.488924
2.489070
2.489464
2.489697
2.489249
2.489224
2.489511
2.489993
2.489671
2.488959
2.489008
2.489048
2.489288
2.488656
2.489010
2.489112
2.489797
2.489529
2.489570
2.489140
2.489352
2.489818
2.489114
2.488986
2.488859
2.489563
2.489100
2.488981
2.489424
2.489361
2.490112
2.489120
2.489174
2.489215
2.488611
2.489036
2.488428
2.488632
2.489201
2.489785
2.489305
2.489432
2.489116
2.489683
2.489747
2.489340
2.489178
2.488911
2.488994
2.488631
2.488523
2.488589
2.489800
2.490089
2.489566
2.488694
2.488146
2.489696
2.489432
2.489398
2.489139
2.488798
2.489796
2.489107
2.489231
2.488615
2.489053
2.488764
2.488613
2.489250
2.489323
2.489822
2.489327
2.489313
2.488871
2.489508
2.489246
2.489259
2.489213
2.489241
2.489681
2.488760
2.488383
2.488729
2.489252
2.489744
2.489185
2.488619
2.488906
2.489142
2.489532
2.489325
2.489280
2.489644
2.489683
2.489573
2.488693
2.489134
2.489527
2.489094
2.489277
2.489062
2.488954
2.489491
2.489288
2.489576
2.489371
2.489156
2.488331
2.488441
2.488672
2.488814
2.489403
2.488732
2.489032
2.488658
2.489444
2.489000
2.488776
2.489254
2.489067
2.489824
2.489237
2.489388
2.488758
2.489291
2.489975
2.489287
2.488565
2.488476
2.489473
2.489536
2.489308
2.489147
2.489558
2.489886
2.488879
2.488689
2.488441
2.489438
2.489662
2.489480
2.489430
2.489393
2.489443
2.489097
2.489296
2.488945
2.489656
2.488956
2.489076
2.489254
2.489358
2.490007
2.489208
2.488900
2.489329
2.489217
2.488840
2.489157
2.488334
2.488509
2.488856
2.488793
2.489074
2.488438
2.489111
2.489013
2.488713
2.488871
2.488856
2.489725
2.489089
2.488372
2.488896
2.488269
2.488846
2.487901
2.488175
2.488632
2.487831
2.488695
2.488979
2.488436
2.489105
2.488376
2.488472
2.488961
2.489607
2.489287
2.489416
2.489011
2.489635
2.489877
2.489416
2.489706
2.489364
2.489833
2.489358
2.489563
2.489553
2.489802
2.490121
2.489483
2.489640
2.489849
2.489902
2.490025
2.489732
2.489641
2.489567
2.490066
2.489358
2.489582
2.489540
2.489461
2.489874
2.489579
2.489598
2.489760
2.490047
2.489457
2.489147
2.488903
2.489672
2.490098
2.489486
2.489609
2.489704
2.490042
2.489535
2.489556
2.489476
2.489917
2.490109
2.489226
2.488874
2.489704
2.490029
2.489517
2.489405
2.489293
2.489666
2.490123
2.489693
2.489334
2.488409
2.489015
2.489223
2.488646
2.489118
2.489006
2.489808
2.488672
2.489064
2.488372
2.489277
2.489655
2.489442
2.489141
2.489570
2.489573
2.489266
2.489416
2.489491
2.489721
2.490026
2.489455
2.489334
2.489237
2.489790
2.489792
2.490011
2.489250
2.489948
2.490122
2.489054
2.489886
2.489530
2.490392
2.489818
2.489744
2.489998
2.490275
2.490515
2.489586
2.489685
2.490013
2.488946
2.489486
2.488878
2.489324
2.489256
2.489699
2.488906
2.489625
2.489132
2.489722
2.489378
2.489318
2.489832
2.489592
2.490063
2.489676
2.489495
2.489472
2.489656
2.490069
2.489530
2.489678
2.488882
2.489312
2.488959
2.489300
2.488937
2.488706
2.488825
2.488804
2.488362
2.488713
2.490088
2.489094
2.489200
2.489414
2.489211
2.489517
2.488667
2.488811
2.489129
2.489919
2.489133
2.489398
2.488309
2.489120
2.490358
2.489783
2.489277
2.489675
2.489963
2.490067
2.489875
2.489522
2.489571
2.490286
2.489530
2.489750
2.488748
2.489507
2.489754
2.489067
2.489328
2.489531
2.489883
2.489728
2.489568
2.489381
2.489965
2.490068
2.488739
2.489107
2.488979
2.490227
2.489440
2.488604
2.488515
2.488943
2.490122
2.489403
2.489185
2.489803
2.490059
2.489705
2.489609
2.489116
2.489302
2.490045
2.489403
2.489281
2.489300
2.489973
2.489564
2.488948
2.489262
2.489349
2.489137
2.488482
2.488679
2.489377
2.489516
2.489835
2.489391
2.489305
2.489488
2.489374
2.489598
2.489098
2.488839
2.489977
2.489158
2.489423
2.488509
2.488923
2.489991
2.490291
2.489359
2.489467
2.489899
2.470661
2.489217
2.489057
2.489487
2.489592
2.489693
2.489544
2.489685
2.490501
2.489674
2.490044
2.489747
2.490175
2.489690
2.489835
2.488930
2.489974
2.490508
2.489680
2.489733
2.489752
2.490303
2.490188
2.489578
2.488984
2.489918
2.490284
2.489893
2.489183
2.488817
2.489103
2.490305
2.489877
2.489799
2.489563
2.489526
2.489483
2.488747
2.489296
2.489438
2.490119
2.489316
2.488839
2.488809
2.489815
2.489987
2.489898
2.489662
2.489758
2.489800
2.489190
2.489354
2.489471
2.489799
2.489721
2.489613
2.489768
2.489727
2.490747
2.489992
2.489794
2.489800
2.490017
2.490345
2.489870
2.489249
2.490063
2.490681
2.490053
2.490045
2.490036
2.490262
2.490489
2.490146
2.489884
2.489825
2.490581
2.490150
2.489559
2.489909
2.490265
2.490572
2.490117
2.489896
2.489900
2.490633
2.490006
2.489893
2.489941
2.490136
2.490147
2.489880
2.490051
2.490219
2.490212
2.489864
2.489300
2.489247
2.489591
2.490683
2.490031
2.489974
2.490097
2.489856
2.489972
2.489674
2.489604
2.489518
2.490152
2.489366
2.489190
2.489550
2.490385
2.489855
2.489486
2.489232
2.489833
2.490301
2.489744
2.489909
2.489411
2.488754
2.488914
2.488880
2.488575
2.488610
2.489048
2.488725
2.488428
2.488603
2.488633
2.488613
2.488402
2.488255
2.488114
2.488801
2.488878
2.488523
2.488213
2.488384
2.488784
2.488269
2.488641
2.488318
2.488946
2.488502
2.488575
2.487671
2.486662
2.488108
2.486644
2.488310
2.489114
2.488685
2.488952
2.488710
2.488903
2.488984
2.489358
2.488863
2.488863
2.489223
2.490810
2.491090
2.491021
2.490343
2.491270
2.491643
2.491236
2.491117
2.490983
2.491347
2.491632
2.490889
2.490978
2.491105
2.491530
2.491187
2.490562
2.491176
2.491082
2.491552
2.490882
2.491009
2.491011
2.491576
2.491269
2.491056
2.490954
2.491041
2.490841
2.489982
2.489817
2.490321
2.491386
2.491289
2.490827
2.490824
2.490930
2.491466
2.490821
2.490828
2.490780
2.490016
2.491189
2.490703
2.490813
2.490823
2.491310
2.490876
2.490949
2.491153
2.491068
2.491475
2.490689
2.490015
2.490287
2.491370
2.491025
2.490795
2.490209
2.489066
2.489796
2.489941
2.490711
2.490814
2.491315
2.491068
2.490249
2.490897
2.491070
2.491659
2.490610
2.490994
2.490990
2.491422
2.491242
2.491061
2.489849
2.489975
2.490308
2.490284
2.491127
2.491180
2.491382
2.491680
2.491347
2.491373
2.491515
2.491991
2.490658
2.490750
2.491120
2.490940
2.491894
2.491132
2.491279
2.491050
2.491399
2.490935
2.491014
2.491070
2.491267
2.491406
2.491030
2.490274
2.491013
2.491700
2.491007
2.490925
2.491094
2.491090
2.491531
2.490919
2.490974
2.490949
2.491220
2.490960
2.489787
2.490768
2.490881
2.491248
2.490666
2.490536
2.490860
2.490189
2.489032
2.488788
2.488729
2.489192
2.489343
2.488977
2.490097
2.490126
2.490240
2.490147
2.490059
2.489939
2.489750
2.489432
2.489250
2.489660
2.489103
2.489281
2.489507
2.488910
2.489102
2.488954
2.489549
2.489108
2.489295
2.488742
2.489192
2.489429
2.489253
2.489012
2.488897
2.489142
2.488969
2.489410
2.489532
2.489547
2.490444
2.489390
2.489362
2.488629
2.489394
2.489246
2.488918
2.489789
2.489288
2.490569
2.488787
2.488476
2.488058
2.490686
2.491032
2.490606
2.490602
2.491102
2.490579
2.490696
2.490926
2.490688
2.490259
2.488848
2.489218
2.490911
2.490978
2.489684
2.489943
2.490179
2.490617
2.490934
2.488543
2.488316
2.487957
2.489348
2.490482
2.490575
2.490915
2.490172
2.491164
2.490731
2.490275
2.491187
2.491779
2.491108
2.491078
2.490935
2.491102
2.491810
2.491042
2.491007
2.490990
2.491425
2.491236
2.489988
2.489850
2.489744
2.490774
2.491153
2.491022
2.491052
2.491372
2.491335
2.490829
2.491017
2.491413
2.491005
2.491076
2.491132
2.491444
2.491317
2.491612
2.491351
2.491250
2.491137
2.491479
2.491287
2.491074
2.491095
2.491042
2.491706
2.491025
2.491469
2.491066
2.491781
2.490273
2.490802
2.490744
2.490892
2.491640
2.491150
2.490799
2.490962
2.491297
2.491423
2.490973
2.490736
2.490855
2.490723
2.488796
2.488867
2.488422
2.488663
2.488696
2.489730
2.490656
2.491344
2.491040
2.491131
2.491373
2.491241
2.491515
2.491213
2.491377
2.490911
2.491079
2.491327
2.490791
2.490952
2.491353
2.491575
2.491052
2.491128
2.491397
2.491592
2.491250
2.491147
2.491009
2.491298
2.491584
2.491069
2.491128
2.491162
2.491714
2.490507
2.489614
2.489524
2.490109
2.491593
2.491223
2.491041
2.491177
2.491210
2.491578
2.490833
2.491180
2.490941
2.491786
2.490497
2.490093
2.490357
2.491553
2.491429
2.490659
2.491252
2.490955
2.491643
2.489966
2.491120
2.490983
2.491230
2.491518
2.491187
2.490945
2.490743
2.489924
2.488976
2.489077
2.488880
2.489703
2.491778
2.491243
2.491564
2.491183
2.491405
2.490335
2.489130
2.489687
2.490312
2.491776
2.491102
2.491012
2.491304
2.491399
2.491342
2.491140
2.491117
2.491213
2.491922
2.491181
2.490389
2.491060
2.491485
2.491189
2.491017
2.490211
2.490007
2.491035
2.491391
2.491315
2.490829
2.491140
2.491567
2.489985
2.490695
2.491071
2.491701
2.491323
2.491401
2.491508
2.491554
2.491800
2.491433
2.491126
2.491407
2.491030
2.490295
2.490118
2.490571
2.490686
2.491952
2.491387
2.491647
2.491226
2.492024
2.491844
2.491696
2.491708
2.491143
2.491942
2.491150
2.491345
2.489296
2.489606
2.489830
2.488990
2.490523
2.491179
2.491768
2.491198
2.490380
2.491443
2.490158
2.490751
2.489635
2.490757
2.491574
2.492065
2.491473
2.491148
2.491214
2.491683
2.491569
2.490841
2.490945
2.490936
2.491371
2.491167
2.491109
2.490941
2.490914
2.491781
2.490796
2.491019
2.490893
2.491648
2.491378
2.491412
2.491052
2.490956
2.491739
2.491239
2.491091
2.491456
2.491524
2.491375
2.491068
2.491122
2.491161
2.491743
2.491341
2.491216
2.491073
2.491422
2.491530
2.491212
2.491156
2.491270
2.491730
2.490229
2.490076
2.491376
2.491536
2.491843
2.491366
2.491714
2.491468
2.491800
2.490790
2.489617
2.489573
2.489656
2.489616
2.489423
2.489474
2.490351
2.491674
2.491670
2.491195
2.491315
2.491614
2.491688
2.491142
2.491400
2.490411
2.491091
2.491501
2.491263
2.491359
2.490975
2.492118
2.491122
2.490178
2.490466
2.491258
2.491683
2.491354
2.490932
2.490245
2.491180
2.490119
2.489396
2.490318
2.490435
2.491291
2.490448
2.489986
2.490176
2.490744
2.491097
2.490788
2.490989
2.491094
2.491810
2.491379
2.491540
2.491184
2.491851
2.491392
2.491460
2.491300
2.491360
2.491981
2.491024
2.491286
2.491536
2.491568
2.491569
2.491307
2.491467
2.491460
2.491910
2.491211
2.491361
2.491592
2.490866
2.490364
2.489440
2.489529
2.488981
2.491262
2.488965
2.491494
2.491435
2.491730
2.491911
2.491491
2.491496
2.490606
2.492005
2.491239
2.491277
2.491221
2.490562
2.490588
2.490991
2.491226
2.491031
2.491731
2.491792
2.490416
2.491412
2.491595
2.491907
2.490920
2.491052
2.491285
2.491770
2.491174
2.491140
2.490946
2.491059
2.491604
2.489504
2.490602
2.490728
2.491019
2.490274
2.489592
2.490737
2.490237
2.491465
2.491113
2.491110
2.491317
2.491273
2.491452
2.491192
2.491167
2.491514
2.491646
2.491365
2.491158
2.491291
2.491584
2.491861
2.491336
2.491155
2.491119
2.491254
2.490155
2.490117
2.490982
2.489982
2.490223
2.489505
2.489201
2.489763
2.490362
2.491523
2.490723
2.491166
2.491347
2.491897
2.491272
2.491308
2.491634
2.492012
2.491673
2.491686
2.491305
2.491577
2.492403
2.491637
2.491572
2.491316
2.491664
2.491727
2.490662
2.490866
2.491003
2.491816
2.491437
2.491344
2.491601
2.491384
2.491894
2.491243
2.491531
2.491084
2.491638
2.491222
2.491220
2.491414
2.491534
2.491799
2.490592
2.489913
2.489762
2.490281
2.490001
2.489985
2.490160
2.490875
2.491740
2.490879
2.491239
2.491248
2.491843
2.491309
2.490640
2.491114
2.491388
2.491788
2.491440
2.491580
2.491344
2.491614
2.491847
2.491420
2.491265
2.491510
2.492034
2.490950
2.490221
2.490093
2.490616
2.490900
2.490478
2.490224
2.490348
2.491068
2.490603
2.490596
2.490684
2.490664
2.491122
2.490767
2.490523
2.490280
2.490920
2.490683
2.490413
2.490324
2.489985
2.490449
2.489977
2.490726
2.490258
2.490702
2.490404
2.490498
2.490400
2.490305
2.490833
2.490073
2.490160
2.490322
2.490692
2.490712
2.490293
2.490588
2.490457
2.491038
2.490610
2.490234
2.490475
2.490951
2.490692
2.490452
2.490498
2.490394
2.491038
2.489999
2.490357
2.490319
2.490419
2.490821
2.490159
2.490261
2.490192
2.490807
2.490458
2.490435
2.490457
2.490550
2.490841
2.490298
2.490148
2.490415
2.490850
2.490126
2.489879
2.489251
2.489638
2.488431
2.486482
2.487734
2.489006
2.490455
2.489833
2.489789
2.489529
2.490526
2.490991
2.489787
2.491544
2.490022
2.490910
2.491673
2.490954
2.491448
2.491718
2.492656
2.491872
2.491578
2.492113
2.491837
2.491733
2.490433
2.491220
2.491269
2.492207
2.491744
2.491878
2.491785
2.492324
2.492313
2.491596
2.491593
2.491236
2.492091
2.491601
2.491392
2.491459
2.490820
2.491955
2.491201
2.490720
2.490217
2.490652
2.491881
2.491530
2.491468
2.491562
2.492298
2.491792
2.491286
2.490621
2.491803
2.491688
2.491384
2.491447
2.491356
2.492032
2.491190
2.491423
2.491196
2.491558
2.491617
2.491547
2.491602
2.491651
2.492291
2.491623
2.491475
2.491601
2.491761
2.491964
2.491785
2.490360
2.489563
2.489856
2.489317
2.489828
2.490975
2.491596
2.492092
2.491453
2.491556
2.491511
2.491956
2.491730
2.491647
2.491437
2.490937
2.491441
2.490575
2.491446
2.491096
2.491446
2.491859
2.491563
2.491466
2.491590
2.492761
2.491445
2.491620
2.491161
2.490789
2.491817
2.491690
2.491613
2.491515
2.492056
2.491812
2.491531
2.491663
2.491903
2.492018
2.491194
2.491753
2.491806
2.492133
2.491503
2.491527
2.491438
2.491537
2.491808
2.491455
2.491512
2.491649
2.491926
2.491023
2.491468
2.491389
2.491368
2.491993
2.491264
2.491320
2.491311
2.491714
2.490986
2.490164
2.490761
2.491273
2.491912
2.490681
2.489528
2.489163
2.489465
2.489413
2.489956
2.491087
2.491489
2.491915
2.491531
2.491382
2.490972
2.491816
2.491952
2.491685
2.491566
2.491340
2.492179
2.491446
2.490125
2.491358
2.491570
2.491895
2.491317
2.491730
2.491732
2.492040
2.491978
2.491323
2.491512
2.491678
2.492118
2.491651
2.491696
2.491525
2.491991
2.491583
2.491390
2.491252
2.491369
2.491854
2.491422
2.490206
2.490188
2.490733
2.491606
2.491315
2.491443
2.491215
2.491999
2.491286
2.491463
2.491342
2.491691
2.491889
2.491319
2.491263
2.491309
2.491974
2.491172
2.491187
2.490934
2.491718
2.491617
2.490442
2.490962
2.491610
2.491174
2.489455
2.489338
2.489154
2.489663
2.491292
2.489562
2.489185
2.490650
2.491090
2.491491
2.491328
2.491313
2.491291
2.491977
2.491434
2.491422
2.491297
2.491771
2.490895
2.491044
2.491270
2.490676
2.491141
2.490682
2.491662
2.491252
2.491526
2.491514
2.491479
2.491133
2.490659
2.490512
2.489526
2.490044
2.490772
2.491502
2.491114
2.491255
2.491269
2.491793
2.491414
2.491329
2.490735
2.491595
2.491922
2.491490
2.490877
2.491100
2.491560
2.491309
2.490981
2.491150
2.491235
2.491756
2.491118
2.491266
2.491229
2.491874
2.491276
2.491174
2.491386
2.491348
2.492083
2.491560
2.491714
2.491051
2.490046
2.489093
2.488697
2.488945
2.488928
2.489859
2.490938
2.491253
2.490203
2.491502
2.491817
2.491356
2.491640
2.491665
2.492245
2.491611
2.491695
2.491770
2.491903
2.492042
2.491929
2.491426
2.491435
2.492008
2.491736
2.491485
2.491441
2.491632
2.492170
2.491454
2.491731
2.491201
2.491847
2.491608
2.491253
2.491247
2.491406
2.492158
2.491460
2.491500
2.491824
2.491893
2.491760
2.491493
2.491682
2.491411
2.492251
2.491634
2.490600
2.490376
2.491244
2.491823
2.491532
2.491306
2.491674
2.492198
2.491856
2.491502
2.491255
2.491443
2.491929
2.491232
2.491586
2.491449
2.492023
2.491709
2.491663
2.490885
2.489645
2.490266
2.489635
2.489285
2.491396
2.491572
2.491339
2.490756
2.491122
2.491286
2.490618
2.491204
2.491047
2.491628
2.491413
2.491155
2.491139
2.491278
2.491818
2.490886
2.491292
2.491047
2.491611
2.491518
2.491268
2.491532
2.490427
2.490979
2.490429
2.491428
2.491586
2.491370
2.491662
2.491268
2.491364
2.491520
2.491921
2.491598
2.491521
2.491112
2.491598
2.492038
2.491748
2.491961
2.491685
2.492393
2.491879
2.491600
2.491602
2.491868
2.492455
2.491630
2.491498
2.491692
2.492093
2.492095
2.491804
2.491760
2.491878
2.492363
2.490850
2.490175
2.490172
2.490866
2.491074
2.491211
2.489705
2.489460
2.489665
2.489336
2.490686
2.491321
2.491778
2.490675
2.490010
2.489575
2.491415
2.491893
2.491170
2.491005
2.491043
2.491136
2.491249
2.491326
2.491205
2.491142
2.491519
2.491308
2.491294
2.491306
2.491179
2.491710
2.491274
2.491294
2.491324
2.491693
2.491453
2.491360
2.491419
2.491762
2.491794
2.491252
2.491101
2.491314
2.491701
2.491623
2.491260
2.491101
2.491295
2.492344
2.491070
2.491437
2.491466
2.491754
2.491556
2.491188
2.491280
2.491474
2.491846
2.491365
2.490073
2.490044
2.491230
2.491636
2.491304
2.491321
2.491369
2.491661
2.491413
2.491459
2.491351
2.491370
2.491640
2.489832
2.488804
2.489451
2.489910
2.489458
2.489432
2.491271
2.491419
2.491936
2.491449
2.491301
2.490843
2.492076
2.491524
2.491373
2.491739
2.491403
2.492028
2.491477
2.491593
2.491343
2.492005
2.491575
2.491153
2.490810
2.491311
2.491593
2.491192
2.491246
2.491308
2.491724
2.491580
2.491415
2.491101
2.490314
2.491235
2.489838
2.490804
2.491447
2.491636
2.492115
2.491886
2.491673
2.491613
2.492276
2.491841
2.491435
2.491740
2.491784
2.491453
2.491636
2.491733
2.491507
2.492072
2.491530
2.491812
2.491298
2.491325
2.491927
2.491478
2.491773
2.491544
2.492040
2.492141
2.491632
2.491981
2.491593
2.490915
2.489659
2.489797
2.489312
2.490010
2.489901
2.491183
2.490993
2.491366
2.491903
2.491454
2.491353
2.491385
2.491135
2.490694
2.490343
2.490939
2.491536
2.492000
2.491487
2.491493
2.491342
2.491513
2.492096
2.491106
2.491442
2.491212
2.492194
2.491172
2.491248
2.491409
2.491537
2.491703
2.491446
2.491247
2.491454
2.490796
2.491640
2.491286
2.491161
2.491568
2.492178
2.491657
2.491634
2.491670
2.492046
2.491974
2.491655
2.491346
2.491633
2.492381
2.491660
2.491005
2.490296
2.490669
2.491243
2.491350
2.491407
2.491645
2.492213
2.491507
2.490423
2.490417
2.491512
2.492104
2.491621
2.491741
2.490516
2.490132
2.490448
2.489395
2.489697
2.490427
2.491249
2.491748
2.491361
2.491232
2.491080
2.491581
2.491425
2.491552
2.491526
2.491868
2.491421
2.491157
2.491170
2.491885
2.491561
2.491345
2.491461
2.491449
2.491993
2.491344
2.491363
2.491460
2.491826
2.491858
2.491519
2.491521
2.491398
2.492223
2.491642
2.491381
2.491641
2.491752
2.491962
2.491699
2.490582
2.490294
2.490891
2.490885
2.491700
2.491417
2.491509
2.491651
2.491404
2.491642
2.491508
2.491789
2.491657
2.491654
2.491556
2.491664
2.492208
2.491558
2.491438
2.491831
2.491879
2.491701
2.491394
2.491421
2.491736
2.492071
2.491356
2.491035
2.489876
2.490111
2.489824
2.489322
2.489468
2.490051
2.491426
2.491367
2.490521
2.490733
2.492040
2.490676
2.491534
2.491499
2.491583
2.492129
2.491553
2.491499
2.491544
2.490954
2.490623
2.489496
2.489845
2.490378
2.492016
2.491871
2.491553
2.491415
2.490656
2.492015
2.491791
2.491485
2.491772
2.492090
2.491856
2.491903
2.491856
2.491831
2.492182
2.491517
2.491820
2.491686
2.491971
2.491682
2.491697
2.491545
2.491488
2.491921
2.491391
2.491224
2.491434
2.491779
2.491723
2.491568
2.491663
2.491686
2.492274
2.491742
2.491563
2.491389
2.492071
2.491909
2.491282
2.491637
2.491521
2.491872
2.491239
2.489697
2.489446
2.489901
2.491030
2.490467
2.490088
2.490429
2.490885
2.490626
2.490213
2.490398
2.490431
2.491278
2.490194
2.490579
2.490581
2.490910
2.491024
2.490643
2.490625
2.490757
2.491084
2.490789
2.490556
2.490547
2.491044
2.491077
2.491036
2.490848
2.490818
2.491082
2.490627
2.490536
2.490244
2.490922
2.490852
2.490407
2.490538
2.490414
2.491216
2.490407
2.490593
2.489860
2.490428
2.490828
2.490311
2.490002
2.489646
2.490379
2.490286
2.490411
2.490507
2.490453
2.491121
2.490277
2.489935
2.490069
2.490430
2.490312
2.490081
2.489994
2.490215
2.490981
2.490338
2.490319
2.490337
2.490749
2.490615
2.490221
2.489917
2.489682
2.489980
2.487431
2.485985
2.487528
2.489040
2.489851
2.489239
2.489291
2.489496
2.489787
2.491495
2.491041
2.491004
2.491248
2.491563
2.491224
2.491339
2.491260
2.491795
2.491480
2.491995
2.491110
2.491294
2.491317
2.490585
2.491351
2.491052
2.491972
2.491949
2.491242
2.491869
2.491831
2.492363
2.491448
2.491175
2.491996
2.492054
2.491907
2.490833
2.491482
2.491920
2.492294
2.491539
2.491355
2.491580
2.491971
2.491241
2.491217
2.491467
2.491521
2.492241
2.491547
2.491571
2.491617
2.491983
2.492026
2.491868
2.491713
2.491558
2.491418
2.491495
2.491426
2.491446
2.491531
2.492124
2.491456
2.491516
2.491520
2.492154
2.491518
2.490500
2.490290
2.490493
2.490028
2.489398
2.489296
2.489309
2.490664
2.491635
2.491791
2.491644
2.490904
2.492091
2.491731
2.491055
2.491819
2.491862
2.491225
2.491291
2.491789
2.491725
2.492448
2.491670
2.491888
2.491878
2.492317
2.491583
2.491528
2.492003
2.492073
2.492228
2.491985
2.491903
2.491742
2.491894
2.492291
2.491906
2.491908
2.491928
2.492430
2.492130
2.490861
2.491541
2.491750
2.492339
2.491620
2.490894
2.490595
2.490982
2.491922
2.491539
2.491024
2.491606
2.492286
2.492066
2.491974
2.491777
2.491941
2.492031
2.491737
2.491428
2.491516
2.492033
2.491512
2.490872
2.491295
2.491609
2.491736
2.491980
2.490829
2.490843
2.490389
2.490349
2.489882
2.489268
2.490570
2.491037
2.491767
2.491868
2.491311
2.492142
2.491329
2.491114
2.491517
2.491763
2.492280
2.491391
2.491645
2.491709
2.491419
2.491774
2.491630
2.491561
2.491120
2.491233
2.490780
2.491661
2.491791
2.492232
2.491946
2.491668
2.491623
2.492110
2.492558
2.491837
2.491807
2.491773
2.492066
2.492405
2.491887
2.491935
2.492085
2.492737
2.491913
2.491743
2.491705
2.491794
2.492259
2.491708
2.491534
2.491456
2.492269
2.491943
2.491623
2.491460
2.490293
2.490448
2.490681
2.490799
2.491182
2.491907
2.491649
2.491583
2.491648
2.491952
2.492034
2.491547
2.491590
2.489852
2.490488
2.489858
2.488956
2.489214
2.489756
2.491249
2.490481
2.491118
2.491644
2.491813
2.491958
2.491574
2.491497
2.491556
2.492404
2.491416
2.491479
2.491567
2.492015
2.491883
2.491555
2.491530
2.491763
2.492165
2.491549
2.491516
2.491327
2.491602
2.492013
2.491465
2.491496
2.491716
2.492105
2.491632
2.491773
2.491803
2.491584
2.492034
2.491924
2.491617
2.491717
2.492194
2.492015
2.491730
2.491786
2.491616
2.492555
2.492210
2.491942
2.491822
2.492049
2.491120
2.490518
2.491775
2.491617
2.492501
2.491723
2.491915
2.491697
2.492173
2.492073
2.492013
2.491565
2.491515
2.492056
2.491073
2.489997
2.490033
2.490219
2.489804
2.490234
2.490204
2.491692
2.492085
2.491759
2.491180
2.491486
2.491766
2.492002
2.491490
2.491441
2.491462
2.492045
2.491907
2.491714
2.491598
2.491456
2.491850
2.491182
2.491550
2.491528
2.491977
2.490873
2.491720
2.491832
2.491761
2.492379
2.491624
2.490301
2.490309
2.490787
2.491741
2.491472
2.491593
2.491305
2.491829
2.491410
2.491753
2.491500
2.491787
2.492217
2.491542
2.491382
2.491714
2.492163
2.491630
2.491534
2.491219
2.491571
2.491983
2.491407
2.491539
2.492004
2.492144
2.491698
2.491383
2.491704
2.491095
2.492026
2.491158
2.491295
2.491180
2.491727
2.490131
2.489375
2.489571
2.489173
2.490246
2.489670
2.490677
2.491341
2.491686
2.491536
2.490954
2.490695
2.490290
2.490854
2.490591
2.490320
2.491239
2.491210
2.491374
2.490882
2.491013
2.491187
2.491672
2.491350
2.490793
2.490941
2.491142
2.491752
2.491447
2.490967
2.491115
2.491600
2.491327
2.491129
2.491195
2.491512
2.491716
2.491190
2.491217
2.490963
2.491648
2.491494
2.491338
2.491183
2.490906
2.490435
2.490079
2.490414
2.490589
2.491680
2.491611
2.491255
2.491507
2.491428
2.491470
2.491457
2.491160
2.491322
2.491210
2.490637
2.490108
2.490702
2.491516
2.491766
2.491335
2.491356
2.491465
2.489886
2.489813
2.489846
2.489224
2.489557
2.489735
2.489755
2.491066
2.491277
2.491146
2.491626
2.491241
2.490681
2.491106
2.491566
2.491567
2.490979
2.490997
2.491282
2.491571
2.491332
2.491283
2.491269
2.491493
2.491251
2.490613
2.490820
2.490825
2.491853
2.491137
2.491165
2.490931
2.491103
2.491226
2.491114
2.490951
2.490788
2.491269
2.490411
2.489883
2.490038
2.490455
2.491260
2.490935
2.491496
2.490833
2.491480
2.491120
2.491118
2.491308
2.490489
2.491412
2.491094
2.491175
2.491298
2.491178
2.491025
2.490910
2.491141
2.491027
2.491627
2.490866
2.490286
2.491025
2.491802
2.491059
2.490777
2.490532
2.489051
2.490216
2.488919
2.489784
2.490183
2.491082
2.490508
2.490757
2.489874
2.491164
2.490541
2.490586
2.490440
2.490562
2.491047
2.490832
2.489954
2.489682
2.489946
2.490401
2.490853
2.490869
2.491100
2.490999
2.490806
2.490819
2.490523
2.491351
2.491032
2.490681
2.490845
2.489878
2.490975
2.490692
2.490556
2.490736
2.490649
2.491142
2.490997
2.490894
2.490888
2.491629
2.490879
2.490909
2.491081
2.491432
2.491075
2.490902
2.490838
2.490892
2.491677
2.490917
2.491041
2.490854
2.491460
2.491072
2.491106
2.490974
2.491452
2.491652
2.491208
2.490637
2.490946
2.490562
2.490496
2.489501
2.489108
2.488992
2.489397
2.488979
2.488916
2.490507
2.491077
2.491187
2.491148
2.490829
2.490855
2.491320
2.490807
2.490900
2.491031
2.490810
2.491097
2.490110
2.490688
2.490509
2.490704
2.490346
2.490370
2.490348
2.490330
2.490417
2.490047
2.490287
2.490100
2.490031
2.490311
2.489980
2.489685
2.490036
2.490313
2.488762
2.488730
2.489074
2.489343
2.490204
2.489275
2.489814
2.489463
2.490360
2.489067
2.488536
2.488204
2.489346
2.490045
2.489513
2.489510
2.489558
2.489915
2.489905
2.489410
2.489130
2.489479
2.489907
2.488732
2.489216
2.489377
2.490005
2.489436
2.489292
2.489313
2.488990
2.489449
2.489147
2.487953
2.487211
2.487441
2.487013
2.486830
2.488927
2.488825
2.489461
2.488707
2.488620
2.488855
2.489014
2.489128
2.488989
2.488093
2.488577
2.489153
2.488686
2.488816
2.489007
2.488906
2.489191
2.488732
2.488033
2.487663
2.488313
2.489012
2.489006
2.488717
2.489005
2.489350
2.488834
2.488488
2.488800
2.489132
2.488945
2.488530
2.488773
2.488758
2.488789
2.488076
2.488256
2.488427
2.488644
2.488273
2.487963
2.488022
2.488041
2.489011
2.487522
2.487859
2.488046
2.488155
2.488163
2.488126
2.488064
2.487669
2.488411
2.488027
2.487689
2.487666
2.487623
2.488047
2.487755
2.487433
2.487539
2.488205
2.487783
2.487414
2.486039
2.485616
2.485908
2.485271
2.485660
2.486622
2.487131
2.488034
2.487146
2.487100
2.487863
2.488191
2.487524
2.487584
2.487665
2.488171
2.488102
2.487561
2.487653
2.487550
2.488092
2.487251
2.487469
2.487676
2.488275
2.487862
2.487389
2.487456
2.487059
2.488255
2.487042
2.487179
2.487205
2.487580
2.487422
2.487115
2.487140
2.487094
2.487999
2.486729
2.486656
2.486844
2.487181
2.487309
2.487081
2.486913
2.486996
2.487237
2.487487
2.486934
2.487110
2.486310
2.486381
2.486234
2.487022
2.486861
2.487264
2.486880
2.487044
2.486679
2.486724
2.487417
2.486889
2.486989
2.486368
2.486010
2.485901
2.485588
2.485902
2.486050
2.486655
2.486114
2.485788
2.486000
2.486305
2.486241
2.485900
2.485809
2.485958
2.486465
2.485954
2.485589
2.485710
2.486046
2.486104
2.485766
2.485608
2.485727
2.486100
2.485244
2.485006
2.485455
2.485642
2.485908
2.485253
2.485412
2.485313
2.486140
2.484384
2.484430
2.484785
2.485288
2.486035
2.485241
2.485300
2.484958
2.485364
2.485515
2.484873
2.484679
2.484660
2.485493
2.484711
2.484801
2.484914
2.484465
2.484661
2.484831
2.484586
2.484546
2.485135
2.484521
2.484612
2.484434
2.484726
2.484730
2.484541
2.484522
2.483504
2.484753
2.484305
2.484381
2.484440
2.484384
2.484534
2.483644
2.482895
2.481027
2.481695
2.481790
2.482095
2.483641
2.483631
2.483993
2.483405
2.483649
2.483330
2.485241
2.485711
2.485386
2.485524
2.484921
2.485595
2.484238
2.485221
2.485465
2.486293
2.486020
2.485380
2.485734
2.485769
2.486163
2.485508
2.485666
2.485946
2.485219
2.486499
2.486066
2.486153
2.486060
2.486580
2.486092
2.486226
2.486182
2.486207
2.486574
2.486351
2.486126
2.485797
2.486494
2.486159
2.485992
2.485705
2.485796
2.486057
2.485751
2.485945
2.485768
2.486277
2.485933
2.485203
2.485574
2.484962
2.485390
2.485383
2.485386
2.485964
2.486070
2.485937
2.485541
2.485555
2.485644
2.486222
2.484866
2.485337
2.485700
2.485821
2.485583
2.485223
2.483639
2.483225
2.484141
2.483216
2.483800
2.485148
2.485170
2.485129
2.485788
2.485700
2.485853
2.486280
2.486007
2.485999
2.485709
2.485548
2.486475
2.486145
2.486039
2.485348
2.486439
2.486349
2.485905
2.485701
2.485805
2.486365
2.485901
2.485254
2.485414
2.485954
2.484981
2.484317
2.484692
2.485777
2.486416
2.485706
2.485678
2.485716
2.486352
2.486239
2.485850
2.485875
2.486039
2.486835
2.485884
2.485798
2.485958
2.486079
2.486197
2.485746
2.485871
2.485778
2.486342
2.485470
2.485676
2.485449
2.486241
2.485988
2.485549
2.485688
2.486077
2.486088
2.485566
2.485822
2.485941
2.484692
2.484273
2.483520
2.483405
2.483407
2.482949
2.482814
2.483741
2.485200
2.485201
2.485483
2.484903
2.484424
2.484227
2.484417
2.485526
2.485294
2.485126
2.485111
2.485878
2.484978
2.484270
2.483132
2.483420
2.484815
2.485375
2.484843
2.485022
2.485697
2.484964
2.484758
2.484753
2.485151
2.485465
2.484993
2.484698
2.485000
2.485605
2.485107
2.484654
2.484929
2.484794
2.485391
2.484740
2.484814
2.484671
2.485135
2.484479
2.484492
2.484572
2.484785
2.484904
2.484199
2.484004
2.482975
2.484255
2.483920
2.484292
2.484594
2.483962
2.484251
2.483943
2.484500
2.484761
2.484912
2.485112
2.484332
2.484791
2.484797
2.485251
2.483490
2.482329
2.482787
2.482486
2.483495
2.483161
2.483857
2.484466
2.485276
2.484583
2.484809
2.484696
2.484752
2.484702
2.484618
2.484881
2.484542
2.484907
2.484320
2.485094
2.484518
2.484256
2.484730
2.484573
2.484575
2.484487
2.484230
2.484713
2.484181
2.484231
2.483662
2.484540
2.484105
2.483944
2.483497
2.483525
2.482927
2.482269
2.482025
2.482945
2.483852
2.482815
2.482644
2.482414
2.482878
2.482889
2.482195
2.481934
2.481958
2.482596
2.481760
2.481322
2.481489
2.481357
2.481236
2.480674
2.480485
2.480563
2.480786
2.479482
2.479477
2.479495
2.479083
2.479276
2.478580
2.478478
2.478005
2.477096
2.475667
2.475351
2.474501
2.475141
2.476544
2.476168
2.475778
2.475389
2.475283
2.474556
2.474949
2.474547
2.474375
2.474871
2.474416
2.472907
2.472414
2.472847
2.474148
2.473352
2.473744
2.473271
2.474284
2.473483
2.473516
2.473537
2.474349
2.474301
2.473885
2.473764
2.474673
2.475089
2.474826
2.474550
2.475534
2.476435
2.477363
2.477708
2.478802
2.480121
2.481317
2.481760
2.482380
2.483573
2.484204
2.485196
2.485081
2.485919
2.485696
2.486179
2.486064
2.486011
2.486212
2.486216
2.486719
2.486329
2.486287
2.486177
2.486578
2.486774
2.486413
2.486171
2.485560
2.486153
2.486382
2.486249
2.485202
2.484345
2.484535
2.484056
2.484041
2.485605
2.486838
2.486123
2.485718
2.485795
2.486632
2.486869
2.485793
2.486410
2.486804
2.487378
2.487016
2.486883
2.487099
2.487154
2.487453
2.487025
2.486869
2.487179
2.487333
2.486796
2.486773
2.486948
2.486745
2.487301
2.486880
2.486621
2.486309
2.487379
2.486903
2.486850
2.486839
2.486106
2.487572
2.486826
2.486331
2.485486
2.486687
2.485700
2.485634
2.485955
2.486745
2.487476
2.487240
2.486961
2.485193
2.486100
2.487282
2.487031
2.486817
2.486744
2.487638
2.487077
2.487091
2.487208
2.486978
2.487344
2.486722
2.487063
2.486694
2.487618
2.487181
2.486203
2.484950
2.485184
2.485715
2.485517
2.486293
2.485678
2.487355
2.487339
2.487296
2.486826
2.487084
2.487830
2.487176
2.486081
2.486469
2.487381
2.487500
2.486891
2.486752
2.486524
2.487561
2.486569
2.484830
2.485061
2.485482
2.485915
2.485471
2.484907
2.485096
2.484958
2.483731
2.484390
2.484950
2.485363
2.485708
2.484969
2.484943
2.485386
2.485117
2.484784
2.484956
2.484876
2.484919
2.485594
2.485416
2.485750
2.485547
2.486264
2.486246
2.486166
2.485163
2.486085
2.486925
2.486892
2.486180
2.486591
2.486780
2.486970
2.487019
2.487012
2.486971
2.488069
2.487407
2.487459
2.486802
2.487391
2.486480
2.485219
2.484745
2.484779
2.485306
2.484843
2.485809
2.486610
2.487060
2.487197
2.486759
2.486395
2.486919
2.487001
2.486482
2.487063
2.486528
2.487929
2.487884
2.487696
2.488036
2.488271
2.488495
2.488336
2.488074
2.488438
2.488442
2.488870
2.488267
2.488281
2.488672
2.489098
2.489031
2.488653
2.489059
2.488477
2.489232
2.488534
2.488686
2.488660
2.489133
2.488862
2.488891
2.489002
2.489000
2.489824
2.489532
2.488866
2.488860
2.489503
2.489890
2.488612
2.487991
2.487739
2.490293
2.489258
2.489329
2.489001
2.489948
2.489983
2.489207
2.488981
2.489895
2.490020
2.489414
2.489163
2.489383
2.489827
2.488344
2.486867
2.487419
2.487645
2.487060
2.488179
2.489399
2.489722
2.489742
2.489650
2.488992
2.489843
2.489519
2.489774
2.489541
2.489515
2.489698
2.489369
2.489819
2.489471
2.489726
2.489425
2.489828
2.489711
2.489530
2.489336
2.489400
2.489775
2.489635
2.488933
2.487303
2.487167
2.488711
2.488416
2.489199
2.489389
2.490226
2.489952
2.489424
2.489382
2.489606
2.490234
2.489438
2.489545
2.489495
2.490132
2.489698
2.489680
2.489116
2.489491
2.490059
2.489536
2.489516
2.489827
2.490254
2.489617
2.489454
2.490214
2.489556
2.490476
2.489916
2.490122
2.490224
2.490410
2.490125
2.490191
2.489784
2.488973
2.488239
2.488040
2.487648
2.487836
2.489598
2.490347
2.489975
2.490150
2.490114
2.490327
2.489309
2.489313
2.490087
2.490433
2.490934
2.490447
2.490247
2.490240
2.491243
2.490895
2.490529
2.491037
2.491200
2.491383
2.490497
2.490349
2.490522
2.491103
2.490470
2.490595
2.490552
2.490855
2.490912
2.490422
2.490355
2.490577
2.490625
2.490657
2.490609
2.490331
2.490262
2.490857
2.490630
2.490656
2.490402
2.490525
2.490696
2.490367
2.490298
2.489993
2.490965
2.490613
2.490472
2.489583
2.489737
2.490527
2.489287
2.489041
2.490160
2.490572
2.490347
2.489910
2.490137
2.490479
2.490968
2.490336
2.489327
2.488078
2.488549
2.488031
2.487624
2.489887
2.490337
2.490863
2.490169
2.490309
2.490422
2.490510
2.490948
2.490339
2.490180
2.490436
2.491142
2.490678
2.490777
2.490507
2.490205
2.490368
2.490292
2.490405
2.490586
2.491276
2.490555
2.490798
2.490742
2.490913
2.490811
2.490649
2.490564
2.490417
2.490714
2.490860
2.490714
2.489570
2.489610
2.489921
2.490371
2.490543
2.490305
2.491087
2.490814
2.490737
2.490278
2.489926
2.491088
2.489491
2.490119
2.490299
2.490904
2.491015
2.490861
2.490718
2.490924
2.491379
2.490721
2.490787
2.490911
2.491189
2.491057
2.490841
2.490216
2.490547
2.491212
2.490060
2.488975
2.489541
2.489838
2.490321
2.489486
2.489851
2.489687
2.490206
2.489491
2.489867
2.489492
2.489664
2.490254
2.489812
2.489672
2.489843
2.489333
2.489210
2.489067
2.489623
2.488840
2.489687
2.489735
2.489381
2.489481
2.489714
2.489947
2.489960
2.490081
2.489749
2.490426
2.489623
2.489983
2.489008
2.490012
2.490102
2.489855
2.489686
2.489649
2.490451
2.489743
2.489727
2.489956
2.490373
2.490368
2.489998
2.489511
2.490046
2.490400
2.489650
2.489527
2.489507
2.489932
2.490116
2.489625
2.489767
2.489812
2.490314
2.489848
2.489842
2.489647
2.489849
2.490301
2.489217
2.489153
2.489472
2.490646
2.490218
2.489533
2.489622
2.489303
2.488305
2.485772
2.486336
2.488129
2.488896
2.489381
2.488874
2.488462
2.488096
2.489691
2.490395
2.490342
2.489946
2.491139
2.491130
2.490599
2.491071
2.490693
2.491500
2.490731
2.491027
2.490714
2.491041
2.491174
2.490842
2.490426
2.490659
2.491337
2.490894
2.490687
2.490903
2.490904
2.491118
2.491015
2.490696
2.490889
2.491348
2.490457
2.490699
2.489584
2.489889
2.490947
2.490945
2.490910
2.491027
2.491616
2.491586
2.491337
2.490903
2.491073
2.491264
2.490708
2.490620
2.490646
2.491323
2.491051
2.490888
2.490717
2.490897
2.491515
2.491003
2.490776
2.490456
2.491074
2.491220
2.491007
2.491210
2.490649
2.491276
2.490883
2.490605
2.490323
2.489045
2.489213
2.488332
2.488776
2.488098
2.490796
2.490756
2.490702
2.489585
2.490628
2.490991
2.490787
2.490799
2.490715
2.490078
2.489640
2.489427
2.490669
2.490774
2.491568
2.490759
2.490657
2.490737
2.491101
2.490867
2.490190
2.490703
2.491201
2.491370
2.490978
2.491058
2.491140
2.491250
2.491267
2.490828
2.490941
2.490595
2.491641
2.490786
2.491010
2.491184
2.491345
2.491518
2.491232
2.491094
2.491066
2.491758
2.491035
2.491094
2.491018
2.491262
2.491622
2.491230
2.491190
2.491341
2.491543
2.491593
2.490812
2.491018
2.490927
2.491946
2.490011
2.490191
2.491091
2.491533
2.491529
2.490765
2.489115
2.488832
2.489645
2.488883
2.489563
2.491277
2.491494
2.491172
2.491165
2.491288
2.490864
2.491198
2.491045
2.491065
2.491031
2.491044
2.491412
2.491091
2.490932
2.491089
2.491600
2.491386
2.491241
2.491170
2.491615
2.492099
2.491146
2.491297
2.491173
2.492054
2.491556
2.491397
2.491519
2.491728
2.492294
2.491640
2.491359
2.491345
2.491916
2.491618
2.490950
2.490205
2.490629
2.492021
2.491627
2.491738
2.491706
2.492080
2.492022
2.491899
2.492144
2.491983
2.492432
2.491855
2.491925
2.491226
2.490845
2.491110
2.491356
2.491360
2.492044
2.492289
2.492037
2.491690
2.491931
2.492095
2.492427
2.491916
2.492056
2.491696
2.491351
2.490157
2.490411
2.489483
2.489568
2.490342
2.491311
2.491865
2.491832
2.492183
2.492169
2.492235
2.491815
2.492015
2.492668
2.492025
2.490860
2.491171
2.490901
2.490762
2.490988
2.491297
2.491621
2.492368
2.491803
2.491438
2.491837
2.492268
2.491836
2.491728
2.491771
2.489639
2.489741
2.491682
2.492041
2.490825
2.492223
2.492500
2.491946
2.492014
2.491962
2.492504
2.492168
2.492139
2.492062
2.492152
2.492283
2.492104
2.491744
2.491789
2.492166
2.492030
2.490722
2.491944
2.492034
2.492536
2.491965
2.492391
2.491887
2.492504
2.492324
2.492076
2.492176
2.491984
2.492484
2.490479
2.490889
2.491379
2.490039
2.490149
2.489831
2.489795
2.491973
2.491394
2.491236
2.491626
2.491903
2.491127
2.492054
2.491975
2.491739
2.492825
2.491964
2.491909
2.491882
2.492118
2.492516
2.491754
2.491944
2.492139
2.492413
2.492043
2.492021
2.491832
2.491901
2.492473
2.491823
2.491813
2.491992
2.492275
2.492193
2.492001
2.491640
2.492017
2.492719
2.492143
2.492009
2.492210
2.492306
2.492596
2.491483
2.490941
2.490708
2.491643
2.492260
2.491876
2.492072
2.492400
2.492621
2.492344
2.492273
2.492308
2.492853
2.492208
2.492159
2.492180
2.492231
2.492125
2.492150
2.492178
2.492250
2.492839
2.492365
2.491548
2.489834
2.490503
2.490628
2.490253
2.490442
2.492514
2.492299
2.492892
2.491771
2.492414
2.492442
2.492974
2.492368
2.491463
2.491799
2.492816
2.493152
2.492777
2.492129
2.492621
2.493650
2.492868
2.492616
2.491705
2.491673
2.490909
2.491514
2.492630
2.493075
2.492391
2.491265
2.492695
2.493103
2.493199
2.492663
2.492759
2.492526
2.492956
2.492480
2.492123
2.492330
2.491578
2.491349
2.491760
2.491858
2.491749
2.492922
2.492390
2.492214
2.492266
2.492121
2.492935
2.492036
2.492080
2.492210
2.492502
2.492297
2.492212
2.492050
2.492497
2.492734
2.492384
2.492351
2.492403
2.492495
2.491825
2.490242
2.489995
2.490367
2.491081
2.490778
2.491201
2.492004
2.492874
2.493199
2.492582
2.492656
2.492594
2.493410
2.492521
2.491682
2.492567
2.492564
2.492987
2.492287
2.492530
2.492359
2.492822
2.492726
2.492303
2.491319
2.492586
2.492983
2.492778
2.492627
2.492588
2.492965
2.492455
2.492577
2.492208
2.492403
2.492890
2.492369
2.492494
2.492411
2.492758
2.492614
2.492388
2.492655
2.492203
2.493032
2.492223
2.492212
2.492409
2.492847
2.492934
2.492235
2.490958
2.491339
2.492614
2.492472
2.492450
2.492540
2.492751
2.492909
2.491787
2.491240
2.491497
2.492797
2.492259
2.491663
2.492053
2.491717
2.490806
2.490293
2.490125
2.490404
2.492386
2.492436
2.491937
2.491421
2.492110
2.492775
2.492493
2.492418
2.492515
2.492788
2.492839
2.492226
2.492377
2.492357
2.493326
2.492622
2.492408
2.492485
2.492983
2.493032
2.492629
2.492449
2.492458
2.493177
2.492335
2.492582
2.491820
2.491564
2.491561
2.491761
2.492402
2.492393
2.492868
2.492476
2.492445
2.492192
2.492778
2.493002
2.492401
2.492232
2.492756
2.492869
2.492622
2.492053
2.492178
2.492402
2.492958
2.492186
2.492284
2.492167
2.492877
2.492441
2.492381
2.492285
2.492297
2.492924
2.492386
2.492163
2.492343
2.492965
2.492683
2.492421
2.491706
2.490358
2.490902
2.489824
2.490839
2.490472
2.491993
2.492738
2.492090
2.492318
2.492289
2.492797
2.490906
2.490911
2.492059
2.492732
2.492710
2.492675
2.492166
2.492717
2.493327
2.492911
2.492505
2.492372
2.492529
2.493148
2.492360
2.492883
2.492470
2.493073
2.492796
2.492602
2.492321
2.492144
2.491885
2.491194
2.491657
2.491700
2.492276
2.492416
2.492208
2.492098
2.492136
2.492747
2.492407
2.492218
2.492470
2.492409
2.492341
2.492276
2.492282
2.492233
2.492785
2.492331
2.492288
2.492411
2.492460
2.492482
2.491776
2.490906
2.490705
2.492318
2.492003
2.491981
2.492245
2.492287
2.492935
2.491609
2.490427
2.490163
2.490677
2.490421
2.490616
2.492231
2.492210
2.492858
2.492400
2.491526
2.491442
2.492554
2.492419
2.491572
2.492195
2.492279
2.492933
2.492239
2.492362
2.492386
2.492499
2.492358
2.492148
2.492381
2.492414
2.492768
2.492492
2.492051
2.492614
2.492473
2.492785
2.492374
2.492616
2.492163
2.493007
2.492224
2.492378
2.492140
2.491590
2.492058
2.491297
2.492422
2.492270
2.492723
2.492184
2.492032
2.491909
2.492245
2.492357
2.491843
2.491953
2.491161
2.491999
2.492315
2.492121
2.492077
2.492372
2.493261
2.492028
2.491997
2.492117
2.492885
2.492422
2.491579
2.492357
2.492208
2.492887
2.491293
2.489935
2.489997
2.490488
2.490647
2.490669
2.491519
2.492004
2.492193
2.492074
2.492253
2.491910
2.492270
2.492687
2.492078
2.492256
2.492446
2.492633
2.491297
2.491035
2.492009
2.491979
2.492768
2.492353
2.492376
2.492594
2.492835
2.492438
2.492216
2.492363
2.492230
2.492716
2.492269
2.491672
2.492285
2.492986
2.492533
2.492216
2.492482
2.492504
2.493067
2.491989
2.492380
2.492199
2.492804
2.492772
2.492419
2.492434
2.492415
2.493020
2.492346
2.492282
2.492300
2.492337
2.492549
2.491924
2.492095
2.492019
2.492514
2.492397
2.491772
2.491981
2.492560
2.492658
2.492000
2.491122
2.491559
2.491627
2.491065
2.491036
2.491164
2.490811
2.491875
2.491367
2.491211
2.491115
2.491875
2.491496
2.491065
2.491458
2.491517
2.491623
2.491184
2.491166
2.491345
2.491786
2.491568
2.491218
2.491062
2.491453
2.491525
2.491345
2.491275
2.491371
2.491711
2.491713
2.491058
2.491201
2.491020
2.491869
2.490990
2.491160
2.491261
2.491458
2.491658
2.491091
2.491236
2.491179
2.491736
2.491176
2.491266
2.490955
2.490579
2.491314
2.490922
2.491323
2.491115
2.491549
2.491587
2.491215
2.491260
2.491046
2.491851
2.491441
2.491097
2.491241
2.491465
2.491223
2.491503
2.490959
2.491211
2.491847
2.491170
2.491432
2.491484
2.491460
2.491159
2.490750
2.490410
2.487894
2.487781
2.488595
2.489561
2.490378
2.490419
2.490308
2.489937
2.490048
2.490016
2.491862
2.491648
2.491944
2.491818
2.492182
2.492495
2.491897
2.492195
2.492334
2.491353
2.490861
2.491008
2.491366
2.492398
2.492811
2.491968
2.492067
2.491903
2.492654
2.492158
2.492031
2.491940
2.491719
2.492459
2.492076
2.492281
2.491912
2.492407
2.492127
2.491731
2.492032
2.492265
2.492945
2.492417
2.491472
2.492443
2.492444
2.492834
2.492331
2.492186
2.492419
2.492791
2.492341
2.492387
2.492676
2.493116
2.493121
2.491316
2.492341
2.491968
2.492606
2.492341
2.492183
2.492167
2.492152
2.492633
2.491678
2.490995
2.491257
2.492269
2.492284
2.490714
2.489983
2.490116
2.490679
2.490120
2.492179
2.492096
2.492589
2.492658
2.492291
2.492544
2.491708
2.492803
2.492200
2.492049
2.492062
2.492457
2.492414
2.491975
2.492200
2.492073
2.492895
2.491954
2.492192
2.491950
2.492421
2.493073
2.492118
2.492156
2.492333
2.493016
2.492751
2.492520
2.492149
2.492385
2.492815
2.492381
2.492008
2.492133
2.492737
2.492450
2.492187
2.491702
2.491392
2.491879
2.491753
2.492645
2.492171
2.492514
2.492452
2.492446
2.492520
2.492078
2.492942
2.492235
2.492544
2.492203
2.492467
2.492723
2.492464
2.492359
2.492312
2.492873
2.492031
2.492237
2.492198
2.492341
2.492631
2.491957
2.492182
2.491632
2.491066
2.490095
2.489473
2.490219
2.490626
2.490876
2.491776
2.491892
2.492238
2.492439
2.492227
2.491968
2.491842
2.491951
2.492698
2.491161
2.491583
2.491729
2.491573
2.490808
2.490755
2.491375
2.491945
2.492528
2.491970
2.492007
2.491857
2.492250
2.492270
2.491983
2.492004
2.492059
2.492614
2.492109
2.492305
2.492014
2.492328
2.492506
2.492437
2.492089
2.492203
2.492917
2.492391
2.492239
2.492408
2.492392
2.492706
2.492276
2.492283
2.492298
2.492725
2.491325
2.490541
2.491683
2.491639
2.492484
2.492213
2.492312
2.492301
2.492659
2.492417
2.492633
2.492440
2.492656
2.492703
2.491238
2.491350
2.490532
2.490529
2.490606
2.490394
2.490619
2.490306
2.491542
2.491813
2.490652
2.491974
2.491850
2.492424
2.491883
2.491397
2.492416
2.492885
2.492284
2.492196
2.492420
2.492570
2.492759
2.492582
2.492340
2.491778
2.492830
2.492309
2.492548
2.492153
2.492606
2.492728
2.492335
2.492607
2.492294
2.492923
2.492570
2.491985
2.492242
2.492302
2.492969
2.492348
2.492231
2.492412
2.492970
2.492574
2.492315
2.491672
2.491341
2.492031
2.491132
2.492249
2.492552
2.492909
2.492915
2.492319
2.492285
2.492523
2.492852
2.492364
2.492297
2.492169
2.492107
2.492657
2.492576
2.492651
2.492374
2.493529
2.492436
2.491809
2.490648
2.490832
2.490873
2.490150
2.491592
2.491450
2.491912
2.492272
2.491994
2.492202
2.492505
2.492980
2.492386
2.492456
2.492325
2.492593
2.492484
2.492129
2.492247
2.492442
2.493185
2.492438
2.492550
2.492363
2.492137
2.491397
2.491109
2.492468
2.492331
2.492900
2.492002
2.492523
2.492498
2.492636
2.492790
2.492205
2.492322
2.491987
2.492839
2.492394
2.492136
2.491921
2.492332
2.492564
2.492343
2.492177
2.492365
2.492619
2.492219
2.492169
2.492148
2.492484
2.492814
2.492130
2.492072
2.492089
2.493102
2.492251
2.492313
2.492233
2.492058
2.492657
2.492152
2.492325
2.492357
2.492577
2.492309
2.490296
2.489999
2.490052
2.490743
2.489873
2.490579
2.491099
2.492340
2.492478
2.492232
2.492265
2.492331
2.492821
2.491598
2.492717
2.492213
2.492619
2.492740
2.492397
2.492060
2.492534
2.492923
2.492848
2.492517
2.492496
2.492628
2.492895
2.492514
2.492605
2.492432
2.492728
2.492095
2.492104
2.492195
2.492191
2.492961
2.492002
2.492069
2.492414
2.492405
2.492209
2.491125
2.490661
2.490978
2.491790
2.491877
2.492254
2.492219
2.493088
2.492599
2.491995
2.491924
2.491267
2.491963
2.490832
2.491027
2.491028
2.491149
2.492352
2.491952
2.492062
2.492273
2.492675
2.491760
2.491934
2.492284
2.492041
2.491193
2.490240
2.490349
2.489738
2.491661
2.491025
2.492256
2.492130
2.492890
2.492501
2.492639
2.492648
2.493044
2.492737
2.492546
2.492602
2.492811
2.493498
2.492493
2.492636
2.492194
2.492902
2.492642
2.492636
2.492281
2.492182
2.493095
2.492252
2.492374
2.492452
2.491782
2.491362
2.490805
2.492046
2.492265
2.492951
2.492314
2.491897
2.492215
2.492660
2.492246
2.492238
2.492037
2.492169
2.492793
2.492121
2.491964
2.492069
2.492294
2.492617
2.491847
2.492086
2.492161
2.492779
2.492300
2.492104
2.492164
2.492312
2.492569
2.492147
2.491902
2.492052
2.492641
2.492551
2.492118
2.492220
2.491358
2.490740
2.490784
2.489482
2.490201
2.491301
2.491846
2.491951
2.491610
2.492275
2.492993
2.491720
2.491355
2.491195
2.492098
2.492708
2.492079
2.492296
2.492502
2.493064
2.492557
2.492506
2.492502
2.492648
2.492824
2.492437
2.492700
2.492399
2.492983
2.492728
2.492479
2.492280
2.493018
2.492716
2.492177
2.492366
2.492226
2.492666
2.492411
2.492242
2.492505
2.492320
2.493073
2.492390
2.492402
2.492651
2.492970
2.492728
2.492455
2.492545
2.492414
2.493060
2.492264
2.492056
2.492143
2.492568
2.492276
2.492139
2.491274
2.490879
2.492088
2.491822
2.492458
2.492020
2.492397
2.492654
2.491854
2.491596
2.490101
2.490921
2.490286
2.490599
2.491419
2.492501
2.493036
2.492642
2.492526
2.492748
2.493166
2.492407
2.492361
2.492747
2.492518
2.493179
2.492482
2.492604
2.491348
2.492796
2.492615
2.492549
2.492455
2.492253
2.492824
2.492527
2.492580
2.492606
2.493203
2.492717
2.492743
2.491620
2.491006
2.492707
2.491904
2.492373
2.492120
2.492051
2.491915
2.491622
2.492399
2.492307
2.492921
2.492657
2.492447
2.492544
2.492676
2.493050
2.491869
2.492508
2.492377
2.492956
2.491769
2.491638
2.492326
2.492567
2.492961
2.492322
2.492108
2.492297
2.492873
2.492198
2.492523
2.492183
2.492124
2.492819
2.491583
2.490313
2.490327
2.490461
2.490612
2.490317
2.492315
2.490529
2.492765
2.492236
2.492343
2.492361
2.492747
2.492753
2.492251
2.492242
2.492341
2.492463
2.490591
2.490306
2.490185
2.491525
2.492871
2.492356
2.492228
2.492238
2.493029
2.492827
2.492568
2.492436
2.491691
2.493022
2.491699
2.492394
2.492682
2.492771
2.492380
2.491437
2.490921
2.492354
2.493237
2.492519
2.492834
2.492767
2.493043
2.491832
2.492909
2.492471
2.492618
2.493238
2.492755
2.491957
2.492197
2.492688
2.491372
2.489681
2.489374
2.489595
2.490129
2.489780
2.489362
2.489812
2.489606
2.490324
2.490332
2.490441
2.490243
2.490523
2.489859
2.489806
2.489979
2.489736
2.490017
2.489301
2.489828
2.490382
2.490468
2.490059
2.489977
2.490304
2.490357
2.491022
2.490569
2.491189
2.490861
2.491761
2.491150
2.491146
2.491094
2.490804
2.491533
2.490983
2.490811
2.490778
2.491202
2.490717
2.490757
2.490918
2.491029
2.490975
2.490187
2.490306
2.492307
2.492248
2.492689
2.492126
2.492016
2.491441
2.492077
2.492653
2.492629
2.492504
2.492507
2.492951
2.492598
2.492045
2.492328
2.492915
2.492486
2.492363
2.491674
2.492512
2.492783
2.492331
2.491798
2.491358
2.491568
2.492319
2.492375
2.492597
2.492353
2.492914
2.491515
2.491359
2.492396
2.492607
2.492605
2.490988
2.490768
2.490913
2.492055
2.491589
2.491475
2.491730
2.491952
2.490698
2.491448
2.491361
2.491483
2.492115
2.491311
2.491542
2.491466
2.491735
2.492028
2.491603
2.491341
2.490732
2.492044
2.491489
2.491437
2.491592
2.491618
2.492015
2.491541
2.491357
2.491671
2.491844
2.491739
2.491568
2.491088
2.491150
2.491480
2.490991
2.490988
2.491341
2.491978
2.491969
2.491729
2.491779
2.491594
2.492210
2.491040
2.491359
2.491663
2.492109
2.492112
2.492076
2.491816
2.491910
2.492540
2.492018
2.491894
2.491983
2.491896
2.491624
2.491848
2.491562
2.491484
2.492126
2.491733
2.491670
2.491675
2.491856
2.491847
2.491480
2.491592
2.490793
2.491480
2.490292
2.486911
2.487356
2.489787
2.490832
2.490661
2.490668
2.490312
2.491286
2.491875
2.491570
2.491384
2.491992
2.493502
2.492335
2.492258
2.492261
2.492685
2.492940
2.492729
2.492804
2.492596
2.491917
2.492117
2.492374
2.492693
2.492956
2.493131
2.492705
2.492738
2.492900
2.493452
2.492804
2.493009
2.492727
2.492962
2.492632
2.492784
2.492832
2.493172
2.493292
2.492799
2.492757
2.493207
2.492775
2.493210
2.492796
2.493011
2.492203
2.493365
2.493131
2.492920
2.492872
2.493169
2.493622
2.493118
2.492679
2.492192
2.493002
2.493591
2.492996
2.492235
2.493290
2.493754
2.493091
2.493085
2.493109
2.493428
2.493386
2.492756
2.492836
2.492251
2.491501
2.490070
2.490420
2.490541
2.491210
2.491339
2.492734
2.492996
2.492357
2.492840
2.492766
2.492490
2.492551
2.492624
2.492061
2.492710
2.492393
2.492399
2.492924
2.492683
2.492773
2.492675
2.492397
2.493191
2.492604
2.492924
2.492430
2.493240
2.493153
2.492695
2.492847
2.491794
2.492301
2.491606
2.493305
2.492844
2.493137
2.493134
2.492846
2.492821
2.492813
2.493442
2.492946
2.492977
2.492840
2.493145
2.493139
2.492932
2.492703
2.493021
2.493566
2.492554
2.492951
2.492992
2.493196
2.493498
2.492909
2.492965
2.493036
2.493479
2.492861
2.492908
2.493003
2.493210
2.493668
2.492920
2.492805
2.492818
2.491931
2.490997
2.490341
2.490286
2.491122
2.493524
2.492650
2.492806
2.492296
2.492773
2.492055
2.491959
2.491507
2.492099
2.492509
2.492856
2.492832
2.492664
2.493220
2.493353
2.492992
2.492300
2.492080
2.493088
2.492705
2.492715
2.492873
2.493328
2.493515
2.492886
2.492784
2.492834
2.493168
2.492842
2.492858
2.492989
2.492812
2.493278
2.492937
2.492638
2.492824
2.493318
2.493117
2.492760
2.492942
2.492930
2.493189
2.492721
2.492896
2.492984
2.493454
2.493221
2.492967
2.493005
2.491758
2.492266
2.492028
2.491866
2.491185
2.492365
2.492675
2.493179
2.492945
2.493145
2.493964
2.493123
2.493283
2.492409
2.491421
2.491515
2.491040
2.491099
2.492199
2.492621
2.493543
2.493175
2.493389
2.493417
2.493753
2.493220
2.493448
2.492986
2.493497
2.492661
2.493253
2.493133
2.493568
2.494013
2.493138
2.493332
2.493675
2.493752
2.493263
2.493187
2.493387
2.493276
2.493756
2.493333
2.493119
2.493148
2.493339
2.493278
2.493008
2.493144
2.492347
2.492937
2.492400
2.493293
2.492801
2.493818
2.493532
2.492985
2.493199
2.493157
2.493830
2.493356
2.493313
2.493059
2.493436
2.493907
2.492985
2.493040
2.493303
2.493997
2.493655
2.493345
2.493284
2.493311
2.493889
2.493479
2.493097
2.493285
2.493863
2.493489
2.492599
2.491328
2.491088
2.491707
2.490717
2.492353
2.493047
2.493646
2.493463
2.493304
2.493387
2.493154
2.493010
2.493316
2.493341
2.493367
2.493492
2.492626
2.492184
2.492304
2.493474
2.493899
2.493420
2.493513
2.493280
2.493373
2.493440
2.493296
2.493373
2.493232
2.493885
2.493563
2.493432
2.493343
2.493598
2.494114
2.493478
2.493079
2.493088
2.493415
2.492902
2.492670
2.492968
2.492841
2.493801
2.492554
2.492770
2.492827
2.493386
2.493128
2.492936
2.492933
2.492799
2.493346
2.493085
2.492971
2.492926
2.493162
2.493109
2.493008
2.493158
2.493165
2.493460
2.493226
2.492456
2.492029
2.493466
2.491218
2.491290
2.491026
2.491223
2.491819
2.492924
2.492937
2.493505
2.493728
2.493599
2.493424
2.493787
2.494201
2.493637
2.493292
2.493445
2.493005
2.493300
2.493273
2.493218
2.493711
2.493697
2.493642
2.493308
2.493150
2.493650
2.494110
2.493446
2.493493
2.493483
2.494015
2.493420
2.493390
2.493262
2.493216
2.494470
2.493298
2.493528
2.493520
2.493628
2.493740
2.493481
2.493133
2.491547
2.491618
2.491632
2.491927
2.492492
2.493071
2.493598
2.493150
2.492992
2.493019
2.493768
2.493491
2.493491
2.492708
2.493266
2.493864
2.493040
2.493389
2.493138
2.493799
2.493103
2.493129
2.492886
2.492885
2.492299
2.490943
2.490880
2.491056
2.492045
2.493078
2.493538
2.492480
2.493263
2.493900
2.492817
2.492607
2.493388
2.493629
2.492687
2.493407
2.493383
2.493740
2.494045
2.493387
2.493370
2.493535
2.493814
2.492665
2.492658
2.492954
2.493458
2.494323
2.493283
2.493201
2.493135
2.493742
2.493928
2.493222
2.493324
2.493289
2.493691
2.493237
2.492942
2.492989
2.493384
2.493935
2.493160
2.493282
2.493278
2.493714
2.493580
2.493685
2.493216
2.493504
2.494180
2.493300
2.493659
2.493152
2.493568
2.493339
2.493063
2.493421
2.493262
2.493836
2.493356
2.493208
2.493241
2.493663
2.493857
2.493406
2.493252
2.491978
2.491658
2.491531
2.491356
2.490637
2.490753
2.491319
2.491827
2.491691
2.491469
2.493247
2.493314
2.493427
2.494004
2.493500
2.493378
2.493406
2.493998
2.492042
2.493203
2.492691
2.493536
2.494096
2.493557
2.493485
2.493339
2.493784
2.494144
2.493502
2.493621
2.493905
2.494261
2.493723
2.493788
2.493771
2.493953
2.493888
2.493671
2.493481
2.493268
2.494202
2.493473
2.493812
2.493635
2.493790
2.494038
2.493806
2.493374
2.493500
2.493210
2.492434
2.492381
2.492238
2.493491
2.493897
2.493801
2.493743
2.493452
2.493299
2.493683
2.493604
2.493490
2.493649
2.494290
2.493619
2.493355
2.493333
2.494044
2.493700
2.491545
2.491447
2.491693
2.492300
2.492360
2.492507
2.492535
2.494072
2.493579
2.493551
2.493719
2.492449
2.493401
2.493190
2.492558
2.493397
2.493668
2.494112
2.493582
2.493391
2.493526
2.494159
2.493185
2.492422
2.493371
2.493508
2.493107
2.492853
2.492507
2.492623
2.493016
2.492613
2.493144
2.492932
2.493383
2.494093
2.493512
2.493904
2.493621
2.493773
2.493804
2.493376
2.492666
2.493628
2.494209
2.493457
2.493683
2.493549
2.493965
2.493842
2.493699
2.493497
2.493609
2.494146
2.493680
2.493693
2.494096
2.493776
2.493918
2.493522
2.493749
2.493523
2.494335
2.493742
2.493401
2.493353
2.493584
2.492901
2.491277
2.491276
2.491304
2.491755
2.493297
2.493719
2.492667
2.492321
2.492545
2.492752
2.493563
2.492893
2.493772
2.493804
2.493705
2.493613
2.493843
2.494043
2.493781
2.493455
2.493843
2.493782
2.494015
2.493656
2.493726
2.493507
2.494388
2.493916
2.493432
2.493499
2.494097
2.494065
2.493634
2.493650
2.493952
2.494322
2.493746
2.494161
2.493661
2.493976
2.494220
2.493619
2.493956
2.493770
2.494462
2.493882
2.493657
2.494031
2.493802
2.494420
2.493944
2.493777
2.493795
2.493533
2.492717
2.493058
2.493585
2.494153
2.493847
2.493580
2.493547
2.493739
2.494118
2.493706
2.493501
2.493476
2.492470
2.492044
2.491883
2.490925
2.491403
2.492133
2.493703
2.493481
2.493370
2.493049
2.494041
2.493393
2.492468
2.492635
2.493652
2.493885
2.493512
2.493267
2.493578
2.494026
2.493350
2.493673
2.493406
2.493838
2.494134
2.493694
2.493595
2.493483
2.494110
2.493610
2.493555
2.493281
2.493555
2.494019
2.492387
2.492353
2.492498
2.493812
2.493713
2.493559
2.493774
2.493557
2.493895
2.493753
2.493871
2.494147
2.494330
2.494340
2.493769
2.493545
2.493910
2.494619
2.493876
2.493728
2.493725
2.493916
2.494459
2.493802
2.493752
2.493871
2.494557
2.494019
2.494203
2.494051
2.494138
2.494024
2.493721
2.492599
2.492196
2.492903
2.492680
2.492800
2.492557
2.492923
2.493286
2.492891
2.492630
2.492604
2.493069
2.492895
2.492247
2.491847
2.491829
2.492333
2.492582
2.492619
2.492827
2.493122
2.492233
2.492883
2.492732
2.492749
2.493391
2.492964
2.492749
2.492869
2.493049
2.493027
2.492660
2.492825
2.492808
2.493417
2.492865
2.492946
2.492967
2.492982
2.493155
2.492892
2.492855
2.492998
2.493277
2.492893
2.492935
2.492887
2.493109
2.493371
2.492910
2.492787
2.492825
2.493406
2.492903
2.492668
2.492903
2.492993
2.493534
2.493056
2.492978
2.492886
2.492638
2.492527
2.492096
2.493117
2.492847
2.493287
2.492482
2.492670
2.492335
2.492542
2.492161
2.490103
2.488570
2.489411
2.491540
2.491299
2.491550
2.491794
2.491747
2.491578
2.492472
2.491928
2.492881
2.494085
2.493521
2.493531
2.493702
2.493261
2.494048
2.493625
2.493647
2.493265
2.494150
2.493157
2.491503
2.491807
2.493173
2.494306
2.493448
2.493246
2.494166
2.494363
2.493345
2.493976
2.493756
2.493852
2.494507
2.492693
2.492766
2.493088
2.494327
2.494005
2.493280
2.493922
2.494310
2.494625
2.494011
2.494024
2.493887
2.494348
2.494398
2.493925
2.494186
2.493924
2.493964
2.494231
2.494161
2.493882
2.493963
2.494428
2.493664
2.493720
2.493782
2.494527
2.494122
2.494067
2.494297
2.494022
2.494558
2.494028
2.493869
2.493822
2.494456
2.494025
2.493665
2.493942
2.492554
2.492704
2.491801
2.491647
2.491534
2.492151
2.493877
2.493910
2.491863
2.492563
2.493356
2.493469
2.493020
2.493999
2.494208
2.493941
2.492857
2.493770
2.493952
2.494772
2.493622
2.493559
2.493764
2.493892
2.494079
2.493741
2.493850
2.493741
2.493608
2.493647
2.493567
2.493556
2.494349
2.494169
2.493699
2.493639
2.493834
2.494352
2.493987
2.493854
2.493913
2.493651
2.494736
2.493912
2.493843
2.493673
2.494246
2.493880
2.493707
2.493806
2.493786
2.494235
2.493904
2.492563
2.493554
2.493181
2.493231
2.492653
2.493899
2.493765
2.494609
2.493796
2.493936
2.493873
2.494037
2.494144
2.493246
2.492448
2.491781
2.492522
2.491494
2.491388
2.492568
2.493868
2.494102
2.493705
2.493625
2.493939
2.493635
2.493616
2.493968
2.494006
2.494125
2.494043
2.493570
2.493656
2.493647
2.493942
2.493791
2.493564
2.493708
2.493059
2.494035
2.493342
2.493563
2.493348
2.493906
2.493768
2.493258
2.493485
2.493529
2.494144
2.492025
2.491917
2.492656
2.494065
2.494074
2.493790
2.493653
2.493743
2.494181
2.494001
2.493336
2.493684
2.493892
2.494234
2.493160
2.493740
2.493420
2.493446
2.492480
2.493390
2.493049
2.493351
2.494143
2.493936
2.493903
2.493980
2.493899
2.493826
2.493839
2.494107
2.493816
2.494054
2.492393
2.492148
2.492032
2.491990
2.492619
2.493733
2.493989
2.493103
2.494941
2.494001
2.494026
2.494124
2.494269
2.494004
2.493422
2.492502
2.493006
2.493840
2.493360
2.493344
2.493923
2.494124
2.494010
2.493649
2.493714
2.493041
2.493840
2.493557
2.493614
2.493672
2.493851
2.494130
2.493402
2.493651
2.493556
2.494109
2.493999
2.493407
2.493558
2.493728
2.494208
2.493687
2.493638
2.493433
2.493849
2.493836
2.493875
2.493740
2.493954
2.494461
2.493770
2.492782
2.493908
2.494022
2.493929
2.493761
2.493824
2.493460
2.494056
2.493968
2.493691
2.493569
2.492950
2.492895
2.493571
2.493702
2.493554
2.493154
2.492154
2.491637
2.491877
2.492660
2.493447
2.494010
2.494076
2.494093
2.493582
2.493826
2.494149
2.494138
2.494209
2.494749
2.493863
2.493802
2.493699
2.494676
2.494045
2.493700
2.493568
2.493874
2.494322
2.493752
2.493832
2.493892
2.494102
2.494298
2.493669
2.493833
2.493790
2.494391
2.493699
2.493662
2.493850
2.494017
2.494045
2.493769
2.493771
2.492913
2.493772
2.492777
2.492570
2.493192
2.493979
2.494075
2.493585
2.494071
2.493865
2.494621
2.493737
2.493652
2.493956
2.494134
2.494258
2.493552
2.493981
2.493734
2.494251
2.494324
2.494054
2.494091
2.494107
2.494754
2.494212
2.493615
2.493089
2.492676
2.492309
2.491327
2.492229
2.492555
2.494647
2.493051
2.494026
2.493821
2.492885
2.493888
2.494025
2.494049
2.493997
2.494974
2.494078
2.493995
2.494140
2.494309
2.494609
2.493519
2.492933
2.492930
2.494491
2.494178
2.494025
2.493749
2.494160
2.494333
2.493873
2.493978
2.493663
2.494324
2.494053
2.493629
2.494138
2.493890
2.494179
2.493792
2.493818
2.493790
2.494052
2.492146
2.492346
2.493104
2.493114
2.493901
2.493330
2.493359
2.493744
2.493941
2.493707
2.493581
2.493703
2.493764
2.494311
2.493463
2.493709
2.494007
2.493635
2.494216
2.493936
2.493900
2.494055
2.494338
2.493832
2.492332
2.492080
2.491970
2.491709
2.491240
2.492697
2.491826
2.492311
2.494135
2.493877
2.494130
2.494006
2.494678
2.493567
2.492981
2.493618
2.494324
2.493975
2.492467
2.493623
2.494101
2.494553
2.493865
2.493618
2.493586
2.494410
2.493930
2.493950
2.494040
2.493864
2.494445
2.493681
2.492987
2.493745
2.493997
2.494109
2.493725
2.493876
2.493689
2.494335
2.493561
2.493735
2.493750
2.494109
2.494209
2.493900
2.493913
2.493844
2.494544
2.493041
2.492793
2.492762
2.493603
2.493010
2.493280
2.493939
2.493140
2.494546
2.493868
2.493513
2.493409
2.493976
2.494138
2.493565
2.493798
2.493612
2.494026
2.493789
2.493380
2.493565
2.493224
2.492457
2.491852
2.491633
2.491259
2.491319
2.493314
2.493362
2.493356
2.493476
2.494358
2.492829
2.493436
2.493629
2.493742
2.493755
2.493423
2.493709
2.493463
2.494016
2.493408
2.493584
2.493554
2.492898
2.494054
2.493884
2.492799
2.492687
2.493530
2.493990
2.493899
2.493750
2.494259
2.494553
2.493925
2.493717
2.493301
2.494488
2.494049
2.493603
2.494065
2.493644
2.494433
2.493771
2.493623
2.493669
2.493835
2.493895
2.493628
2.493629
2.493685
2.494041
2.493270
2.493283
2.493472
2.493892
2.494028
2.493538
2.493715
2.493587
2.494359
2.493429
2.493419
2.493528
2.493762
2.493951
2.493533
2.493034
2.491862
2.492073
2.491612
2.490506
2.490922
2.492172
2.492326
2.493011
2.493305
2.493800
2.493669
2.493386
2.493486
2.493938
2.494331
2.493634
2.493652
2.492998
2.493981
2.493643
2.493607
2.493337
2.493435
2.494215
2.493632
2.493760
2.493650
2.494166
2.493768
2.492054
2.492650
2.492732
2.493581
2.493072
2.493801
2.493773
2.494178
2.494146
2.493880
2.493547
2.494106
2.494466
2.493837
2.493613
2.493559
2.493818
2.494131
2.493541
2.493458
2.493549
2.494213
2.492865
2.492294
2.492259
2.493280
2.494128
2.493471
2.493399
2.493488
2.494165
2.493697
2.493560
2.493329
2.493518
2.494049
2.493457
2.492189
2.491170
2.491723
2.491589
2.491281
2.492881
2.493466
2.494074
2.493392
2.492624
2.493519
2.493660
2.493605
2.493288
2.493281
2.493279
2.493845
2.493499
2.493461
2.493649
2.493862
2.494032
2.493500
2.493711
2.493504
2.494063
2.493542
2.493476
2.493606
2.493675
2.493912
2.493606
2.492778
2.492459
2.492928
2.493062
2.493287
2.493775
2.493698
2.494332
2.493564
2.493699
2.493775
2.494154
2.493637
2.493623
2.493405
2.493581
2.494293
2.493740
2.493765
2.493798
2.494118
2.493860
2.493573
2.493555
2.493498
2.494384
2.493412
2.493336
2.493327
2.493502
2.493864
2.492914
2.493129
2.493221
2.493815
2.492331
2.492051
2.492034
2.492582
2.492791
2.492504
2.492393
2.492397
2.492783
2.492058
2.492345
2.492576
2.491973
2.492112
2.491676
2.492318
2.492284
2.492781
2.492558
2.492687
2.492545
2.492969
2.493101
2.492604
2.492518
2.493020
2.492858
2.492612
2.492556
2.492700
2.492518
2.493170
2.492514
2.492545
2.492065
2.492857
2.492593
2.492454
2.492580
2.492356
2.493063
2.492743
2.492579
2.492579
2.493044
2.492751
2.492081
2.492640
2.492494
2.492992
2.492636
2.492695
2.492522
2.492757
2.493131
2.492282
2.492729
2.492820
2.493254
2.492678
2.492213
2.492136
2.492231
2.493067
2.492715
2.492468
2.492624
2.493085
2.492793
2.492139
2.491955
2.490479
2.488518
2.487895
2.491038
2.491484
2.492548
2.491919
2.491361
2.491339
2.492169
2.492912
2.493080
2.493026
2.492417
2.493339
2.493543
2.493000
2.491942
2.492392
2.493253
2.492741
2.493599
2.493445
2.493521
2.493856
2.492892
2.493094
2.493403
2.493893
2.493480
2.492649
2.492157
2.492476
2.492839
2.493027
2.492446
2.491809
2.492570
2.491336
2.492362
2.493005
2.493086
2.493620
2.493102
2.493162
2.493321
2.493665
2.493422
2.493402
2.493417
2.492601
2.493570
2.493436
2.493264
2.493207
2.493710
2.493807
2.493255
2.493521
2.493448
2.494140
2.493380
2.493547
2.492779
2.493803
2.493864
2.493428
2.493402
2.493621
2.493966
2.493351
2.493290
2.493567
2.493488
2.493821
2.492344
2.491681
2.491044
2.491726
2.491544
2.492089
2.493456
2.492672
2.492441
2.492257
2.492147
2.492745
2.492729
2.492835
2.493272
2.493035
2.493298
2.493753
2.493286
2.493369
2.493252
2.493622
2.493801
2.493489
2.493240
2.492898
2.494102
2.493357
2.493210
2.493430
2.493694
2.493864
2.493182
2.493314
2.493268
2.493642
2.493434
2.493030
2.492706
2.493456
2.493550
2.493099
2.493370
2.493359
2.493836
2.493294
2.493445
2.493101
2.493311
2.493886
2.492660
2.493188
2.493422
2.493832
2.493406
2.492496
2.492087
2.492185
2.493659
2.493342
2.493379
2.493291
2.493617
2.493045
2.493222
2.493281
2.493147
2.493756
2.491706
2.491109
2.491242
2.491401
2.492751
2.493085
2.493482
2.493040
2.493849
2.492968
2.493299
2.493330
2.493532
2.493867
2.493492
2.493238
2.492955
2.493501
2.492602
2.493224
2.493069
2.493179
2.493635
2.493284
2.493291
2.493224
2.493435
2.493187
2.492967
2.492858
2.493332
2.493295
2.492157
2.491340
2.490993
2.492266
2.492191
2.493353
2.492747
2.492815
2.493983
2.493271
2.493194
2.493370
2.493511
2.493033
2.493277
2.493376
2.493308
2.494177
2.493517
2.493532
2.493683
2.493634
2.493749
2.493588
2.493659
2.492942
2.494150
2.493573
2.493724
2.493786
2.493878
2.494256
2.493691
2.492974
2.492279
2.492154
2.491599
2.491353
2.491881
2.491634
2.492288
2.492750
2.493024
2.492715
2.494048
2.493571
2.493509
2.493467
2.493520
2.493114
2.492244
2.492650
2.493300
2.494020
2.493869
2.493157
2.493353
2.493404
2.494279
2.493436
2.493340
2.493356
2.493628
2.493383
2.493508
2.493193
2.493325
2.494045
2.493526
2.493409
2.493169
2.493517
2.493978
2.493671
2.493033
2.493142
2.494013
2.493639
2.493446
2.493660
2.493557
2.493962
2.493309
2.493374
2.493079
2.493700
2.493587
2.493461
2.492911
2.493075
2.493830
2.493446
2.493386
2.493495
2.493921
2.493699
2.492551
2.492746
2.493644
2.494341
2.493100
2.493430
2.493028
2.492356
2.491976
2.491244
2.491325
2.493297
2.494028
2.493605
2.493749
2.494050
2.493498
2.493335
2.493259
2.493263
2.494018
2.493778
2.493368
2.493376
2.493737
2.494096
2.493300
2.492214
2.492320
2.493941
2.492601
2.493446
2.493454
2.493523
2.494209
2.493652
2.493578
2.492626
2.493231
2.493633
2.493701
2.493314
2.493585
2.494015
2.492943
2.492719
2.491727
2.492323
2.492693
2.491851
2.491836
2.493561
2.492715
2.493345
2.493731
2.493729
2.493758
2.493402
2.493321
2.493180
2.493916
2.493622
2.493449
2.493539
2.493886
2.493045
2.493340
2.493511
2.493649
2.494090
2.493504
2.492906
2.491444
2.491416
2.491691
2.491668
2.493013
2.492957
2.494121
2.493810
2.493856
2.493644
2.493563
2.494201
2.493500
2.493393
2.493973
2.494310
2.494109
2.493878
2.491453
2.491585
2.492017
2.492399
2.492495
2.493487
2.493032
2.493234
2.493376
2.493417
2.493237
2.494159
2.493297
2.493712
2.493209
2.493795
2.493876
2.493264
2.493548
2.493335
2.493869
2.493510
2.493621
2.493731
2.493345
2.492582
2.493468
2.493460
2.493325
2.493896
2.493469
2.493178
2.493250
2.493634
2.494219
2.493570
2.493106
2.492873
2.492557
2.492760
2.492999
2.492779
2.493749
2.493865
2.493362
2.493378
2.493629
2.493771
2.493321
2.491264
2.491298
2.491205
2.491999
2.491686
2.492846
2.493294
2.493600
2.494187
2.493823
2.493735
2.493250
2.493243
2.492991
2.493238
2.493400
2.493744
2.494084
2.493415
2.493780
2.493697
2.493968
2.493870
2.494097
2.493671
2.493843
2.494000
2.493790
2.493646
2.493709
2.494015
2.493653
2.493601
2.493955
2.493470
2.494205
2.493643
2.493522
2.493350
2.493841
2.493884
2.493551
2.493563
2.493487
2.494031
2.493547
2.493552
2.493570
2.493160
2.492951
2.492508
2.491885
2.492857
2.494016
2.493209
2.493243
2.493239
2.493329
2.493711
2.493325
2.493152
2.493050
2.493901
2.492927
2.491456
2.493112
2.492942
2.492091
2.491149
2.490786
2.490081
2.492913
2.493456
2.492965
2.493185
2.493154
2.493423
2.492898
2.492671
2.493264
2.493646
2.493338
2.493572
2.493016
2.493151
2.493776
2.493254
2.493188
2.492685
2.493367
2.493618
2.493485
2.493326
2.493175
2.493946
2.492239
2.492476
2.492343
2.493649
2.493837
2.493353
2.493164
2.493740
2.493647
2.493694
2.493325
2.493482
2.493533
2.494057
2.493619
2.493479
2.493839
2.493877
2.493054
2.493466
2.493508
2.493610
2.494199
2.493264
2.493304
2.493384
2.493799
2.493365
2.493415
2.493406
2.493246
2.493992
2.493414
2.493463
2.493320
2.493085
2.493539
2.493072
2.492800
2.491451
2.492576
2.491174
2.491280
2.490951
2.492189
2.493336
2.493500
2.492434
2.491919
2.492739
2.493448
2.493253
2.493523
2.493529
2.493917
2.493388
2.493488
2.493311
2.494036
2.493609
2.493595
2.493522
2.493684
2.493927
2.493223
2.493526
2.493821
2.492895
2.493578
2.493748
2.493644
2.493925
2.494643
2.493736
2.493669
2.493483
2.494215
2.494178
2.494173
2.493871
2.493795
2.494224
2.493830
2.493731
2.493638
2.493410
2.491285
2.492600
2.492833
2.493259
2.494338
2.493618
2.493598
2.492394
2.491838
2.493120
2.492971
2.493424
2.493510
2.494107
2.493566
2.493461
2.493524
2.493544
2.493923
2.493439
2.493017
2.493464
2.493657
2.492698
2.491343
2.492035
2.491528
2.492270
2.491676
2.492400
2.493309
2.492651
2.493325
2.493504
2.493430
2.493384
2.494097
2.493320
2.493382
2.493677
2.493674
2.493492
2.493454
2.493281
2.493467
2.493819
2.493289
2.493502
2.493960
2.493418
2.493848
2.493497
2.493812
2.493739
2.494049
2.492067
2.492250
2.492261
2.494283
2.494223
2.493870
2.493435
2.493432
2.493956
2.493589
2.493552
2.493647
2.493529
2.494503
2.493547
2.493813
2.493604
2.493675
2.493659
2.493406
2.493237
2.493028
2.493947
2.493584
2.493177
2.493086
2.493430
2.493405
2.493460
2.493322
2.493286
2.493360
2.492110
2.493119
2.493131
2.492676
2.492513
2.491841
2.492223
2.492211
2.491919
2.492161
2.492082
2.491868
2.492080
2.492658
2.491782
2.491376
2.491511
2.491750
2.492213
2.492087
2.491956
2.492210
2.492623
2.492127
2.492160
2.492321
2.492930
2.492502
2.492497
2.492306
2.492687
2.492837
2.492206
2.492169
2.492270
2.492669
2.492700
2.492211
2.492173
2.492299
2.492940
2.492183
2.492158
2.492234
2.492487
2.492520
2.492197
2.492514
2.492490
2.492983
2.492816
2.492248
2.492371
2.492689
2.492854
2.492413
2.492281
2.492443
2.492718
2.492628
2.492490
2.492192
2.491688
2.491962
2.491741
2.492201
2.492062
2.492514
2.492141
2.492191
2.492086
2.492187
2.492445
2.491817
2.489970
2.488043
2.488473
2.490993
2.491468
2.492028
2.490991
2.491371
2.490595
2.493067
2.493340
2.493180
2.492633
2.492738
2.493030
2.493162
2.492984
2.492927
2.493181
2.493128
2.492604
2.492201
2.492443
2.492679
2.493649
2.492518
2.492346
2.492846
2.492803
2.492171
2.491376
2.491895
2.492349
2.493007
2.492056
2.491484
2.492041
2.492948
2.493181
2.492914
2.492778
2.492767
2.493300
2.493151
2.492799
2.492181
2.492464
2.493710
2.493140
2.493005
2.492801
2.493429
2.493287
2.493271
2.492856
2.492829
2.493584
2.492899
2.492598
2.492939
2.493078
2.493133
2.492620
2.492783
2.492470
2.493342
2.492921
2.492716
2.492551
2.493100
2.493131
2.492775
2.492529
2.492784
2.492527
2.490858
2.490299
2.490476
2.491056
2.492498
2.492393
2.491325
2.491399
2.491441
2.491820
2.491553
2.492381
2.492327
2.493162
2.492566
2.492402
2.492309
2.493005
2.493027
2.492322
2.492167
2.492582
2.493191
2.492256
2.492356
2.492732
2.492961
2.492821
2.492766
2.492610
2.492508
2.493344
2.492579
2.492210
2.492549
2.492708
2.492874
2.492641
2.492011
2.492405
2.492990
2.492469
2.492512
2.492789
2.492731
2.492770
2.492561
2.492850
2.492591
2.493060
2.492839
2.492711
2.493058
2.491819
2.492393
2.491962
2.492870
2.493076
2.492784
2.493036
2.492563
2.492679
2.492920
2.493660
2.492779
2.492911
2.492638
2.492168
2.490833
2.491487
2.490786
2.490804
2.493152
2.492744
2.492869
2.492601
2.492850
2.493153
2.492417
2.491690
2.492622
2.493384
2.492855
2.492133
2.492751
2.492802
2.493082
2.492419
2.492747
2.492859
2.492896
2.492557
2.492608
2.492596
2.492680
2.492763
2.493055
2.492442
2.492464
2.492754
2.491572
2.491703
2.491894
2.491955
2.491834
2.491089
2.492169
2.492577
2.492774
2.492942
2.492826
2.492872
2.492929
2.493288
2.492797
2.492712
2.492864
2.493026
2.493058
2.492904
2.492532
2.492619
2.493293
2.493004
2.492826
2.492815
2.493343
2.493634
2.492828
2.493079
2.492936
2.493606
2.492729
2.491513
2.491486
2.491744
2.492870
2.492809
2.492796
2.492614
2.493299
2.492914
2.492635
2.492670
2.492739
2.492092
2.491172
2.490727
2.491220
2.492229
2.492959
2.492839
2.492678
2.492793
2.493167
2.492998
2.492612
2.492604
2.492564
2.492998
2.492829
2.493027
2.492818
2.493529
2.492757
2.492756
2.492310
2.491578
2.491484
2.491125
2.491864
2.492806
2.493179
2.492667
2.492524
2.492921
2.493108
2.493032
2.492747
2.492686
2.492685
2.493375
2.492814
2.492659
2.492763
2.493023
2.493259
2.492630
2.492632
2.493134
2.493344
2.492968
2.492818
2.492476
2.491999
2.492238
2.491522
2.492830
2.492696
2.493280
2.493030
2.492981
2.491295
2.490743
2.492238
2.491568
2.492704
2.492629
2.492748
2.492883
2.492502
2.492666
2.492287
2.493076
2.493028
2.492652
2.492564
2.492831
2.493058
2.492474
2.492570
2.492701
2.492990
2.492446
2.492598
2.492427
2.492716
2.493282
2.492718
2.492583
2.492524
2.493121
2.492715
2.492594
2.492833
2.492361
2.492913
2.492471
2.492486
2.492392
2.492626
2.491584
2.491467
2.492300
2.492652
2.493218
2.492732
2.492944
2.492825
2.492970
2.492835
2.492675
2.492624
2.492850
2.493094
2.492506
2.492835
2.492839
2.493011
2.493130
2.492674
2.492732
2.492509
2.493416
2.492760
2.492701
2.492706
2.492481
2.491727
2.491159
2.491590
2.492191
2.493297
2.493300
2.492623
2.492792
2.492872
2.493500
2.492985
2.492911
2.492942
2.493488
2.493108
2.492003
2.491978
2.492053
2.493369
2.492570
2.491691
2.491666
2.492696
2.493173
2.492748
2.492848
2.492571
2.493170
2.492761
2.492793
2.492983
2.492862
2.493098
2.492679
2.492600
2.492661
2.493181
2.493027
2.492633
2.492990
2.492858
2.493381
2.492703
2.492518
2.492804
2.493294
2.492899
2.492587
2.492456
2.492707
2.493217
2.492517
2.492588
2.492545
2.493188
2.492815
2.492552
2.492677
2.492732
2.493425
2.492645
2.492684
2.492539
2.492896
2.493067
2.491031
2.490891
2.490921
2.491269
2.490423
2.490438
2.490744
2.491161
2.491068
2.492610
2.492580
2.492618
2.492540
2.492743
2.492717
2.492892
2.493059
2.493243
2.492588
2.492910
2.492666
2.493422
2.493026
2.492869
2.492780
2.492762
2.493427
2.492436
2.492888
2.492408
2.493020
2.492749
2.492894
2.492705
2.492775
2.493265
2.492450
2.492498
2.492937
2.493047
2.492965
2.492741
2.493047
2.493117
2.493410
2.492697
2.492528
2.492708
2.492540
2.491767
2.491261
2.491747
2.492457
2.491497
2.491900
2.492397
2.492426
2.492683
2.493108
2.492208
2.492580
2.492659
2.492785
2.492622
2.492564
2.492445
2.492864
2.493246
2.492532
2.492549
2.492103
2.491215
2.491289
2.491162
2.492245
2.492270
2.493149
2.492592
2.492525
2.492208
2.492780
2.492723
2.492726
2.492691
2.492504
2.493207
2.492625
2.492348
2.492461
2.493069
2.493199
2.492794
2.493010
2.492967
2.493386
2.492351
2.491385
2.492045
2.492487
2.493370
2.492594
2.492894
2.492690
2.493505
2.493275
2.493010
2.492779
2.493169
2.492818
2.492855
2.492724
2.493051
2.493266
2.492921
2.492903
2.493083
2.492918
2.493488
2.492719
2.492894
2.492710
2.493337
2.493245
2.493098
2.492642
2.492455
2.493389
2.492656
2.492700
2.492692
2.493065
2.492765
2.492370
2.492342
2.492254
2.492839
2.490803
2.490512
2.491228
2.491692
2.492933
2.492560
2.492144
2.491098
2.492124
2.492146
2.492562
2.492504
2.492865
2.492871
2.492343
2.492571
2.492737
2.493383
2.492909
2.492703
2.492734
2.492636
2.492958
2.492529
2.492602
2.492445
2.493122
2.492687
2.492763
2.492536
2.493234
2.493453
2.492835
2.492814
2.492755
2.493301
2.492926
2.492896
2.492851
2.492560
2.493858
2.492679
2.492595
2.492732
2.493158
2.493179
2.492962
2.492645
2.492654
2.493184
2.492112
2.492392
2.492474
2.492387
2.491744
2.491719
2.492360
2.492704
2.493066
2.492792
2.491722
2.491238
2.491380
2.492072
2.491359
2.492307
2.492141
2.492477
2.492046
2.491891
2.490093
2.491009
2.491586
2.492373
2.492243
2.492247
2.492039
2.492552
2.492309
2.492667
2.492491
2.493206
2.492429
2.492495
2.492468
2.493111
2.492822
2.492312
2.492502
2.492265
2.493026
2.492480
2.492476
2.492700
2.492846
2.492574
2.491981
2.491884
2.490989
2.491774
2.491143
2.490882
2.491374
2.492097
2.492933
2.492096
2.492194
2.492460
2.493256
2.492394
2.492462
2.492486
2.492852
2.492810
2.492352
2.491853
2.491724
2.491395
2.491367
2.490829
2.492050
2.492173
2.492841
2.492319
2.492340
2.492183
2.492083
2.492452
2.492403
2.492144
2.492243
2.492785
2.492301
2.492203
2.492335
2.491434
2.491254
2.491118
2.491170
2.490668
2.491730
2.491275
2.491083
2.491074
2.491552
2.491814
2.491252
2.490748
2.490731
2.491136
2.491192
2.491052
2.491413
2.491556
2.491824
2.491322
2.491359
2.491308
2.491739
2.491550
2.491300
2.491309
2.491643
2.492170
2.491443
2.491586
2.491632
2.492051
2.491617
2.491321
2.491677
2.491450
2.491946
2.491466
2.491465
2.491332
2.491134
2.491688
2.491075
2.491311
2.490695
2.492124
2.491596
2.491523
2.491364
2.491676
2.491835
2.491751
2.491434
2.491173
2.492011
2.491299
2.491390
2.491329
2.491048
2.491097
2.490386
2.491072
2.490758
2.492107
2.491775
2.491409
2.491844
2.491615
2.492031
2.491431
2.490851
2.487825
2.487987
2.489817
2.490683
2.491372
2.491268
2.491988
2.491419
2.492735
2.493089
2.493052
2.492423
2.492563
2.492457
2.492360
2.493462
2.492583
2.492474
2.492427
2.492358
2.492746
2.492261
2.492260
2.492413
2.492809
2.492297
2.492271
2.492273
2.492638
2.493003
2.492107
2.492551
2.491830
2.492844
2.491918
2.491313
2.491073
2.491992
2.492601
2.492203
2.492208
2.492159
2.492769
2.492368
2.491553
2.491320
2.490876
2.492116
2.491493
2.491924
2.492387
2.492921
2.492670
2.492623
2.492649
2.492782
2.493210
2.491596
2.492415
2.492458
2.492683
2.492613
2.492208
2.492139
2.492319
2.493294
2.492576
2.492704
2.492698
2.492118
2.492645
2.492532
2.492621
2.491126
2.491723
2.491146
2.492625
2.492784
2.492860
2.493014
2.492577
2.492074
2.491142
2.491918
2.491883
2.492134
2.491781
2.491861
2.493061
2.491757
2.491532
2.492216
2.492901
2.492452
2.491997
2.492430
2.492431
2.492889
2.492616
2.492441
2.492394
2.492819
2.492744
2.492381
2.492303
2.492218
2.492968
2.492059
2.492592
2.492408
2.492532
2.492675
2.492121
2.492366
2.492205
2.493044
2.492301
2.492630
2.492123
2.492334
2.492779
2.492433
2.492570
2.492698
2.493185
2.492375
2.492462
2.492809
2.492185
2.492014
2.491572
2.491967
2.492316
2.493246
2.492800
2.493247
2.492808
2.493010
2.492397
2.490568
2.491449
2.491833
2.493154
2.492765
2.492403
2.492520
2.492464
2.493402
2.492647
2.492484
2.492402
2.493086
2.492944
2.492449
2.492709
2.492495
2.493212
2.491981
2.492472
2.492431
2.492493
2.492888
2.492389
2.492289
2.492425
2.492919
2.492535
2.492357
2.492266
2.492684
2.492955
2.492266
2.492442
2.492598
2.492900
2.491860
2.491055
2.491309
2.492480
2.492359
2.492568
2.492713
2.492509
2.493023
2.492993
2.492641
2.493047
2.492476
2.493336
2.492739
2.492726
2.492751
2.493195
2.493055
2.492587
2.492942
2.493045
2.493330
2.492790
2.492787
2.492895
2.493106
2.493391
2.493091
2.492915
2.492918
2.493817
2.492458
2.491098
2.490826
2.491610
2.493250
2.492572
2.492356
2.492564
2.493122
2.492789
2.492308
2.492399
2.492317
2.493024
2.492321
2.491694
2.491415
2.491722
2.492691
2.492253
2.492425
2.492329
2.492914
2.492514
2.492542
2.492020
2.492880
2.492812
2.492504
2.492104
2.491125
2.491860
2.491252
2.491854
2.492085
2.492705
2.492820
2.492283
2.492762
2.492440
2.492988
2.492688
2.492637
2.492571
2.492803
2.492923
2.492675
2.492276
2.492853
2.493128
2.492488
2.493066
2.493001
2.492797
2.493166
2.492628
2.492508
2.492538
2.493030
2.492668
2.492454
2.492614
2.492137
2.492019
2.491637
2.491475
2.490972
2.491208
2.490559
2.490659
2.492079
2.493050
2.493693
2.492706
2.492248
2.491924
2.493289
2.493126
2.492325
2.492189
2.492403
2.493143
2.492656
2.492516
2.492519
2.492619
2.492816
2.492582
2.492505
2.492532
2.493046
2.492813
2.492634
2.492675
2.492536
2.493114
2.492476
2.492744
2.492303
2.492783
2.492496
2.492594
2.492384
2.492552
2.492903
2.492363
2.492399
2.492208
2.493023
2.492058
2.491468
2.491768
2.492825
2.493538
2.492862
2.492658
2.492909
2.493181
2.492735
2.492792
2.492915
2.492839
2.493321
2.492877
2.492718
2.492486
2.492980
2.493126
2.492823
2.493061
2.492735
2.493268
2.492991
2.492727
2.492325
2.492627
2.492161
2.490126
2.490883
2.491471
2.492772
2.493040
2.492944
2.492773
2.492917
2.493075
2.493037
2.492929
2.493005
2.493611
2.492158
2.492712
2.492622
2.492481
2.492952
2.492149
2.491800
2.491052
2.491753
2.492890
2.492563
2.492308
2.492241
2.493134
2.492340
2.492326
2.492567
2.492634
2.492630
2.492714
2.492584
2.492614
2.492991
2.492318
2.492525
2.492667
2.492994
2.493076
2.492540
2.492450
2.492503
2.493048
2.492505
2.492560
2.492326
2.492729
2.492793
2.492427
2.492664
2.492411
2.492914
2.492824
2.492505
2.492344
2.492597
2.493515
2.492080
2.492170
2.492285
2.492905
2.492733
2.492610
2.491289
2.490304
2.491165
2.490525
2.491478
2.492496
2.492661
2.492473
2.492619
2.492315
2.491641
2.493200
2.492262
2.492512
2.492170
2.492501
2.492585
2.492344
2.492496
2.492139
2.491831
2.491524
2.491549
2.491264
2.492660
2.492660
2.492265
2.492296
2.492284
2.492574
2.492307
2.492358
2.492501
2.492377
2.493024
2.492064
2.492541
2.492591
2.493129
2.492702
2.492309
2.492260
2.492472
2.492801
2.492065
2.492201
2.492314
2.492473
2.490917
2.491043
2.490899
2.491539
2.492442
2.491705
2.490741
2.491913
2.492357
2.492334
2.491816
2.491803
2.491534
2.492612
2.492051
2.492039
2.492049
2.492428
2.492468
2.492111
2.491972
2.491406
2.490926
2.490541
2.490873
2.491050
2.492123
2.492661
2.492055
2.492044
2.492149
2.492638
2.492267
2.492211
2.492025
2.492025
2.492813
2.491836
2.492293
2.492229
2.492455
2.492444
2.492110
2.492641
2.491801
2.492578
2.492372
2.491583
2.491289
2.491474
2.492412
2.492451
2.492176
2.492438
2.492856
2.492035
2.492266
2.492217
2.492329
2.492446
2.492009
2.492187
2.491614
2.493032
2.491956
2.492068
2.492301
2.492347
2.492689
2.492192
2.492281
2.491825
2.492556
2.492185
2.491990
2.491848
2.492214
2.492661
2.491933
2.491986
2.491790
2.492082
2.491933
2.491623
2.491939
2.491983
2.492604
2.491016
2.489954
2.490774
2.490868
2.492076
2.492173
2.491598
2.490937
2.491587
2.490807
2.491717
2.492278
2.492222
2.490971
2.491652
2.492071
2.491713
2.492427
2.491920
2.492064
2.492329
2.492231
2.492203
2.491832
2.491794
2.491688
2.492536
2.491915
2.492077
2.491750
2.491944
2.492666
2.491848
2.491831
2.491956
2.492539
2.492306
2.492108
2.492084
2.492087
2.492498
2.491910
2.491863
2.492101
2.492304
2.492321
2.491767
2.491755
2.491829
2.492374
2.491535
2.491941
2.491720
2.492077
2.491633
2.490420
2.490852
2.491907
2.492486
2.491686
2.491642
2.491925
2.492103
2.492176
2.492041
2.491942
2.491709
2.492346
2.491753
2.491254
2.490472
2.489996
2.490970
2.491037
2.491951
2.491229
2.491672
2.490537
2.490870
2.490778
2.491321
2.492453
2.491875
2.491891
2.491865
2.492148
2.492319
2.491932
2.491345
2.492064
2.492853
2.492149
2.491757
2.491930
2.492104
2.492071
2.491809
2.491598
2.491550
2.492605
2.491426
2.490682
2.490694
2.490869
2.492104
2.491779
2.491899
2.491911
2.492518
2.491938
2.492170
2.492031
2.492098
2.491539
2.491574
2.491742
2.491776
2.492386
2.491931
2.491845
2.491878
2.491763
2.492317
2.491920
2.491772
2.491685
2.492113
2.491925
2.491676
2.491752
2.491491
2.492335
2.491356
2.491644
2.491168
2.491164
2.489929
2.490136
2.489901
2.490730
2.492112
2.491236
2.491167
2.491859
2.491884
2.491928
2.491570
2.491526
2.490619
2.490984
2.490440
2.491342
2.491688
2.492065
2.492180
2.491571
2.491886
2.491847
2.492522
2.491899
2.491688
2.491692
2.491949
2.491712
2.491660
2.491997
2.492466
2.492896
2.492532
2.492698
2.492726
2.492695
2.493349
2.492638
2.492832
2.492848
2.493338
2.493053
2.492603
2.492800
2.492836
2.493564
2.492966
2.492871
2.492950
2.493456
2.493158
2.492337
2.492685
2.492816
2.493539
2.492803
2.492787
2.492538
2.492751
2.492380
2.491391
2.490996
2.492529
2.493244
2.492704
2.492691
2.492617
2.493167
2.492858
2.491753
2.491373
2.491473
2.492477
2.491918
2.491775
2.492080
2.491933
2.492385
2.491866
2.491788
2.491605
2.491949
2.491830
2.491782
2.491785
2.491967
2.492684
2.491810
2.491848
2.491634
2.492060
2.492060
2.492045
2.491852
2.491872
2.492437
2.491995
2.491708
2.491717
2.491885
2.492295
2.491956
2.491659
2.491909
2.492346
2.491931
2.491336
2.491187
2.491266
2.492510
2.492054
2.491827
2.491937
2.492397
2.491679
2.491763
2.491822
2.492058
2.492415
2.491868
2.492025
2.492041
2.492445
2.492368
2.492099
2.491859
2.492182
2.492866
2.492253
2.491959
2.491907
2.492410
2.491578
2.492005
2.492014
2.491964
2.492515
2.491759
2.491572
2.491148
2.491355
2.488533
2.488024
2.489680
2.490922
2.491898
2.491114
2.491089
2.491813
2.493084
2.493129
2.492734
2.492217
2.491711
2.492326
2.491800
2.492524
2.492680
2.492551
2.492083
2.492096
2.492591
2.492632
2.492892
2.492300
2.492461
2.492743
2.492652
2.493238
2.492532
2.492889
2.492825
2.493096
2.492747
2.492641
2.492788
2.492999
2.492517
2.492447
2.492602
2.492605
2.493139
2.493137
2.493068
2.492911
2.492817
2.493243
2.492564
2.492698
2.492095
2.492520
2.492910
2.492637
2.492556
2.492614
2.493215
2.492986
2.492756
2.492745
2.493045
2.492499
2.491831
2.491603
2.492363
2.492914
2.492746
2.492669
2.492681
2.492585
2.493187
2.492625
2.492715
2.492735
2.493204
2.491587
2.491031
2.490935
2.491546
2.492477
2.492386
2.492434
2.492419
2.492864
2.492762
2.492458
2.492512
2.492154
2.492255
2.491945
2.492207
2.492024
2.492237
2.492723
2.492424
2.492318
2.492585
2.493003
2.492542
2.492223
2.491776
2.492728
2.492567
2.492064
2.492319
2.492366
2.493037
2.492357
2.491138
2.491404
2.491692
2.492781
2.492278
2.492492
2.492391
2.492892
2.492329
2.492484
2.492360
2.492581
2.493169
2.492535
2.492412
2.492657
2.493082
2.492515
2.492668
2.492716
2.492755
2.493256
2.492656
2.492585
2.492752
2.493163
2.492899
2.492693
2.492861
2.492769
2.493581
2.492882
2.492754
2.491819
2.490976
2.492006
2.491242
2.492794
2.492844
2.493380
2.492732
2.492962
2.492267
2.492765
2.493015
2.492694
2.492541
2.491436
2.491820
2.492043
2.492578
2.492427
2.492691
2.493230
2.492669
2.492369
2.492799
2.492819
2.492704
2.492346
2.492421
2.492345
2.493120
2.492377
2.492451
2.492409
2.492955
2.492736
2.492369
2.492538
2.492477
2.493191
2.492583
2.492595
2.492310
2.492856
2.493100
2.492738
2.492888
2.492827
2.493320
2.492566
2.492541
2.492567
2.492680
2.493321
2.492854
2.492750
2.491769
2.491704
2.491692
2.491539
2.491774
2.492782
2.492046
2.491760
2.491749
2.492899
2.493339
2.492931
2.492589
2.492833
2.492620
2.491944
2.491152
2.491404
2.491697
2.492946
2.492928
2.492654
2.492682
2.492498
2.493193
2.492423
2.492533
2.492530
2.492753
2.492747
2.492306
2.492546
2.492574
2.493374
2.492418
2.492578
2.492302
2.492647
2.492737
2.492558
2.492462
2.492236
2.493110
2.492500
2.492428
2.492754
2.492687
2.492986
2.492408
2.492270
2.492661
2.493047
2.492526
2.491140
2.491335
2.491242
2.493086
2.492491
2.492542
2.492427
2.492813
2.492511
2.492195
2.492458
2.492393
2.493020
2.492311
2.492309
2.492611
2.492977
2.492911
2.492518
2.492592
2.492550
2.492969
2.492453
2.492523
2.492608
2.492740
2.492718
2.491925
2.490169
2.491161
2.491850
2.492383
2.492773
2.492679
2.492831
2.493128
2.492785
2.492913
2.492725
2.492755
2.492861
2.491993
2.492266
2.492397
2.492985
2.492376
2.492501
2.491499
2.491712
2.491798
2.492535
2.492361
2.492658
2.493261
2.492675
2.492636
2.492682
2.493099
2.492880
2.492703
2.492728
2.492863
2.493635
2.492447
2.492468
2.492471
2.492810
2.492765
2.492414
2.492571
2.492335
2.492961
2.492299
2.492199
2.492325
2.492499
2.492494
2.492117
2.492733
2.492697
2.493027
2.492502
2.492228
2.492251
2.492599
2.493186
2.492321
2.492499
2.492477
2.492682
2.492475
2.492413
2.492254
2.492459
2.492075
2.491442
2.492034
2.490729
2.491223
2.491581
2.491829
2.492329
2.492611
2.493314
2.492697
2.492696
2.492762
2.493277
2.493222
2.492695
2.493030
2.492802
2.493462
2.492701
2.492662
2.492881
2.492988
2.492994
2.492729
2.492802
2.492752
2.493434
2.493048
2.492781
2.492694
2.493024
2.492982
2.492417
2.492760
2.492799
2.493431
2.492905
2.492810
2.492557
2.492851
2.493383
2.492769
2.492657
2.492881
2.491892
2.491474
2.491263
2.491294
2.491341
2.493171
2.492675
2.492507
2.492213
2.492569
2.492866
2.492601
2.492143
2.492427
2.493632
2.492660
2.492716
2.492838
2.492906
2.492816
2.492760
2.492555
2.492707
2.492626
2.491019
2.491594
2.491251
2.492843
2.493298
2.492884
2.492867
2.493114
2.493472
2.492980
2.492914
2.492974
2.493031
2.492948
2.492797
2.492659
2.492689
2.493205
2.493151
2.492918
2.493159
2.492741
2.493699
2.493159
2.492821
2.491759
2.492165
2.492456
2.493046
2.492785
2.492102
2.493474
2.492650
2.493105
2.492618
2.493155
2.493080
2.492876
2.492338
2.492266
2.493545
2.493051
2.493070
2.493175
2.492992
2.493165
2.492654
2.492774
2.492992
2.493336
2.492866
2.492607
2.492808
2.492856
2.493135
2.492665
2.492705
2.492675
2.493249
2.492890
2.492897
2.492852
2.492867
2.492788
2.492400
2.492622
2.492949
2.493355
2.492804
2.491418
2.491243
2.491193
2.492011
2.491802
2.492332
2.492864
2.492424
2.493101
2.492971
2.493096
2.493255
2.493607
2.492972
2.492808
2.493014
2.493286
2.493556
2.492988
2.492769
2.492710
2.493371
2.493139
2.492931
2.493121
2.493267
2.493582
2.492926
2.492905
2.493186
2.493780
2.493213
2.493289
2.493292
2.493123
2.493640
2.492872
2.492673
2.492592
2.493198
2.492941
2.492863
2.492549
2.492768
2.493374
2.492723
2.492529
2.492749
2.493196
2.492747
2.491654
2.491553
2.492691
2.493578
2.492725
2.492759
2.492623
2.492931
2.493253
2.492687
2.492522
2.492596
2.493292
2.492561
2.492406
2.491516
2.490648
2.491774
2.491136
2.492439
2.492679
2.493141
2.492687
2.492814
2.492586
2.492836
2.493436
2.492751
2.492847
2.492698
2.493382
2.493103
2.492835
2.492664
2.493083
2.493608
2.493149
2.492611
2.492952
2.493314
2.493038
2.492489
2.492888
2.493207
2.493353
2.493133
2.492492
2.491720
2.492006
2.491412
2.491550
2.492006
2.492192
2.493216
2.493173
2.493171
2.493088
2.493081
2.493494
2.493003
2.492851
2.492977
2.493622
2.493101
2.493137
2.492819
2.493420
2.493216
2.493001
2.492564
2.492864
2.493499
2.492989
2.492902
2.493106
2.493281
2.492447
2.492850
2.493014
2.493422
2.493196
2.492422
2.492824
2.492522
2.491833
2.491882
2.491801
2.492875
2.493227
2.493299
2.493001
2.492916
2.492442
2.492176
2.491825
2.492167
2.492972
2.493119
2.493328
2.492970
2.492856
2.492912
2.493542
2.493005
2.493010
2.492840
2.493123
2.493314
2.492936
2.492980
2.493059
2.493501
2.493133
2.492666
2.493005
2.493145
2.493634
2.493057
2.492532
2.492697
2.493306
2.492954
2.492850
2.493258
2.493241
2.493899
2.493087
2.493262
2.493367
2.493691
2.493350
2.493293
2.493370
2.493155
2.493932
2.493107
2.493036
2.492952
2.493383
2.493150
2.491586
2.491690
2.492692
2.493233
2.492372
2.492758
2.492764
2.492839
2.492827
2.491377
2.491136
2.491438
2.492248
2.491826
2.491955
2.491627
2.491580
2.492606
2.491788
2.491781
2.491543
2.492236
2.491708
2.491471
2.491720
2.491893
2.492253
2.491916
2.491853
2.491934
2.492521
2.492119
2.492109
2.492198
2.492076
2.492430
2.492195
2.492008
2.492254
2.492682
2.492341
2.492124
2.492176
2.492040
2.492735
2.492129
2.492100
2.491365
2.491916
2.492063
2.492079
2.492098
2.492030
2.492761
2.492084
2.492172
2.492276
2.492520
2.493034
2.492201
2.492398
2.492411
2.493058
2.492489
2.492605
2.492530
2.492470
2.493019
2.492300
2.492224
2.492464
2.492878
2.492445
2.492557
2.492320
2.492188
2.492806
2.492119
2.491820
2.491967
2.490712
2.488616
2.488943
2.490624
2.491336
2.492862
2.491602
2.492151
2.492621
2.493405
2.493232
2.492369
2.493044
2.492960
2.492427
2.491896
2.491687
2.492973
2.493053
2.493348
2.491814
2.491090
2.491837
2.492259
2.492887
2.493111
2.493201
2.493052
2.493715
2.493181
2.493185
2.493011
2.493502
2.493187
2.493144
2.492995
2.492795
2.493765
2.493243
2.493241
2.493211
2.493399
2.493507
2.493157
2.493300
2.492995
2.493846
2.493253
2.492757
2.493060
2.493570
2.493587
2.493664
2.493462
2.493470
2.494078
2.493386
2.493379
2.493392
2.493535
2.493595
2.491946
2.492284
2.492252
2.492749
2.493505
2.493216
2.493120
2.493482
2.493793
2.493051
2.493159
2.493131
2.493204
2.491851
2.491053
2.491989
2.492441
2.493693
2.493267
2.493290
2.493333
2.493513
2.493345
2.493034
2.493205
2.492064
2.493882
2.493002
2.492817
2.492772
2.493177
2.493218
2.492874
2.493139
2.492897
2.493569
2.492852
2.492489
2.492751
2.493270
2.493430
2.493156
2.493203
2.493330
2.493790
2.493304
2.492912
2.492317
2.492380
2.492420
2.492699
2.493466
2.493637
2.494134
2.493782
2.493614
2.493523
2.493713
2.494299
2.493590
2.493702
2.493507
2.493563
2.493376
2.493278
2.493430
2.493351
2.494069
2.493380
2.493494
2.493418
2.493780
2.493765
2.493611
2.493438
2.493160
2.493963
2.493306
2.492803
2.491433
2.492484
2.492528
2.493330
2.493559
2.493311
2.493816
2.493337
2.492799
2.492800
2.493201
2.493740
2.493297
2.493076
2.493449
2.492658
2.492273
2.492099
2.493301
2.493582
2.493714
2.492881
2.493336
2.493146
2.493728
2.493101
2.493041
2.492972
2.493297
2.493736
2.493110
2.493224
2.492796
2.493331
2.493642
2.493318
2.493251
2.493463
2.494318
2.493293
2.493282
2.493532
2.493678
2.493643
2.493272
2.493351
2.493313
2.493990
2.493160
2.493280
2.493345
2.493362
2.493577
2.493265
2.493219
2.493247
2.494230
2.493576
2.493258
2.493494
2.493684
2.493846
2.492452
2.492522
2.492965
2.494012
2.493332
2.493547
2.493326
2.492369
2.492257
2.492226
2.491803
2.492115
2.493333
2.492800
2.493036
2.493479
2.493534
2.493798
2.493270
2.493358
2.493303
2.493294
2.493570
2.493310
2.493320
2.493584
2.493896
2.493203
2.493507
2.493505
2.493597
2.493752
2.493596
2.493597
2.493235
2.494232
2.493370
2.493171
2.493424
2.493632
2.494261
2.493590
2.493567
2.493259
2.493783
2.493349
2.493210
2.492181
2.492589
2.492749
2.493564
2.493501
2.493420
2.494072
2.493585
2.493448
2.493512
2.493747
2.494199
2.493402
2.493241
2.493354
2.493888
2.493613
2.493268
2.493222
2.493349
2.494181
2.493477
2.493399
2.493646
2.493997
2.493392
2.491723
2.492293
2.492424
2.494127
2.493907
2.493758
2.493687
2.493923
2.494311
2.493846
2.493768
2.493541
2.494375
2.493545
2.493454
2.493594
2.493763
2.494054
2.493425
2.493279
2.493324
2.492687
2.492576
2.491328
2.489926
2.492349
2.493916
2.493625
2.493449
2.493896
2.494419
2.493883
2.493535
2.493414
2.492605
2.493016
2.492263
2.491719
2.491321
2.491571
2.492093
2.492239
2.492228
2.493356
2.493790
2.493268
2.492344
2.492844
2.492915
2.493794
2.494074
2.494905
2.494289
2.494135
2.494077
2.494254
2.494667
2.493985
2.493950
2.493420
2.494482
2.493970
2.494245
2.494126
2.494361
2.494817
2.493085
2.492146
2.492046
2.492907
2.493098
2.492311
2.492508
2.493001
2.493859
2.493345
2.493427
2.493430
2.493457
2.493079
2.493013
2.494245
2.494300
2.494984
2.493386
2.494375
2.494426
2.494616
2.494804
2.494273
2.494429
2.494344
2.494752
2.494436
2.494292
2.494530
2.493994
2.494511
2.494056
