10.091000
2.509184
2.511308
2.510237
2.510815
2.510694
2.510676
2.512047
2.511178
2.510942
2.511283
2.511923
2.510930
2.510289
2.509697
2.509704
2.510113
2.512729
2.528548
2.529149
2.528836
2.529766
2.529583
2.531263
2.531235
2.531964
2.531400
2.529330
2.530320
2.525481
2.525346
2.526797
2.526030
2.528476
2.529008
2.529323
2.530128
2.530270
2.530609
2.529830
2.530082
2.530777
2.530625
2.529856
2.531017
2.531092
2.531718
2.531701
2.531080
2.531263
2.531222
2.531750
2.530146
2.531308
2.531573
2.531535
2.531639
2.531609
2.531448
2.531475
2.531828
2.531796
2.531455
2.531486
2.531301
2.532290
2.531371
2.531319
2.531691
2.531654
2.531718
2.530945
2.531173
2.531337
2.532216
2.531280
2.531383
2.530784
2.531448
2.531900
2.531134
2.531200
2.531135
2.531074
2.528988
2.529124
2.528707
2.528189
2.523366
2.510886
2.508504
2.509726
2.511161
2.510716
2.510586
2.510572
2.510734
2.511269
2.510532
2.510425
2.511119
2.511104
2.509832
2.509447
2.508898
2.508915
2.510124
2.509038
2.510732
2.510604
2.510327
2.510682
2.510148
2.510399
2.510298
2.511498
2.510198
2.509530
2.509326
2.509806
2.510489
2.510464
2.510794
2.510592
2.511497
2.510370
2.510538
2.509739
2.511016
2.510996
2.510824
2.510439
2.509819
2.510365
2.509415
2.509689
2.509277
2.508492
2.508840
2.508466
2.507308
2.507565
2.509438
2.508460
2.509224
2.508743
2.509263
2.507854
2.508033
2.507948
2.508363
2.508813
2.508522
2.508655
2.507699
2.507116
2.507202
2.507331
2.507577
2.506669
2.506741
2.506858
2.508955
2.507851
2.508977
2.509206
2.509395
2.509489
2.509099
2.509660
2.510410
2.511472
2.510558
2.510470
2.508134
2.508543
2.509298
2.508498
2.510168
2.510694
2.511476
2.510737
2.510515
2.510568
2.511035
2.511102
2.510272
2.510645
2.510334
2.510530
2.510095
2.509523
2.510119
2.510678
2.510496
2.510989
2.511118
2.510932
2.511376
2.510641
2.511762
2.530077
2.531736
2.532015
2.530312
2.530528
2.529888
2.526068
2.526442
2.527115
2.525820
2.528008
2.529642
2.528960
2.528535
2.528924
2.529289
2.528970
2.528561
2.528682
2.528806
2.530043
2.529973
2.531400
2.529222
2.530736
2.531525
2.531169
2.531127
2.531195
2.532133
2.531676
2.531147
2.531086
2.531325
2.532231
2.530666
2.530923
2.531238
2.531648
2.530956
2.531008
2.531126
2.531144
2.531897
2.531065
2.530970
2.531042
2.531024
2.531213
2.530828
2.531023
2.531030
2.532168
2.531301
2.531354
2.531297
2.531701
2.531996
2.531968
2.531352
2.529753
2.530635
2.530202
2.529985
2.529779
2.530225
2.530515
2.529629
2.529427
2.530034
2.530276
2.524739
2.513987
2.508506
2.509283
2.509782
2.508188
2.507779
2.507920
2.508458
2.509625
2.509090
2.509192
2.508767
2.508855
2.507756
2.507940
2.507260
2.508534
2.508183
2.508122
2.508985
2.507987
2.508261
2.508282
2.506707
2.508868
2.510800
2.509454
2.510151
2.510158
2.510663
2.511076
2.510517
2.510409
2.510356
2.510816
2.510638
2.509366
2.508935
2.509065
2.510360
2.510450
2.510094
2.510194
2.510381
2.510890
2.510167
2.510456
2.510365
2.511214
2.510818
2.510005
2.508004
2.507417
2.509570
2.509627
2.510335
2.510473
2.511305
2.511234
2.510809
2.510548
2.510566
2.511466
2.509685
2.509909
2.510262
2.509649
2.509583
2.508668
2.508457
2.507781
2.508504
2.508248
2.505978
2.507994
2.508444
2.508613
2.508898
2.508883
2.508273
2.508118
2.506785
2.507948
2.507794
2.507806
2.507763
2.506666
2.507177
2.507149
2.507751
2.506511
2.506841
2.508338
2.507334
2.508257
2.507093
2.507839
2.508269
2.508271
2.508262
2.508152
2.509043
2.510011
2.508397
2.509010
2.508324
2.508711
2.509004
2.508438
2.507799
2.508212
2.507538
2.507171
2.522963
2.528738
2.528832
2.528918
2.529283
2.529425
2.530713
2.529982
2.529730
2.529621
2.529271
2.528337
2.526558
2.525433
2.526441
2.526546
2.525470
2.527399
2.527715
2.528440
2.528527
2.528746
2.528435
2.529299
2.528836
2.528722
2.528890
2.529221
2.530653
2.529905
2.530123
2.529554
2.529193
2.528715
2.528493
2.528387
2.529417
2.530243
2.529345
2.529375
2.529213
2.529608
2.529653
2.529176
2.528794
2.529118
2.529955
2.528856
2.528926
2.529117
2.529178
2.529612
2.529032
2.529177
2.530630
2.529989
2.529889
2.529814
2.530097
2.529762
2.529961
2.529780
2.529691
2.530774
2.530041
2.529795
2.529842
2.529970
2.530407
2.525757
2.516980
2.508644
2.508825
2.508790
2.509217
2.508623
2.508754
2.509660
2.508901
2.509065
2.509022
2.509409
2.509665
2.509118
2.508319
2.508690
2.508860
2.508637
2.508638
2.508945
2.509427
2.509536
2.509181
2.508934
2.508771
2.509751
2.508663
2.508461
2.508185
2.507861
2.508993
2.508215
2.507948
2.507141
2.504773
2.503794
2.507231
2.507771
2.508043
2.508233
2.507501
2.507496
2.507222
2.508970
2.508866
2.507784
2.508412
2.510055
2.511231
2.509254
2.510521
2.510182
2.510912
2.510769
2.510566
2.510698
2.510057
2.511435
2.510163
2.509149
2.509251
2.509500
2.509875
2.508376
2.508730
2.509471
2.509136
2.508177
2.508226
2.510136
2.510015
2.509728
2.509774
2.508478
2.508874
2.507231
2.506739
2.506530
2.507941
2.506950
2.507449
2.508012
2.508113
2.509049
2.507702
2.508060
2.508419
2.507603
2.507569
2.507676
2.507620
2.508324
2.508978
2.508527
2.508695
2.508607
2.509024
2.508316
2.508603
2.507608
2.507561
2.507230
2.507654
2.508122
2.508512
2.507685
2.507040
2.506598
2.506945
2.507762
2.506551
2.506724
2.517586
2.527722
2.529051
2.528278
2.529550
2.529400
2.527926
2.525454
2.526494
2.527034
2.527155
2.526296
2.528130
2.529543
2.528805
2.528770
2.529096
2.529305
2.529312
2.528906
2.529079
2.529001
2.529624
2.529178
2.529309
2.529005
2.529567
2.529266
2.528945
2.528960
2.529185
2.529516
2.528852
2.529002
2.528579
2.528443
2.529361
2.528811
2.528608
2.528405
2.529321
2.528587
2.528339
2.529125
2.529970
2.530342
2.529576
2.528784
2.529966
2.530339
2.529981
2.529979
2.529964
2.530127
2.530988
2.530138
2.530073
2.529225
2.528150
2.528170
2.528274
2.528650
2.529159
2.528518
2.527441
2.529889
2.530509
2.530165
2.527208
2.520453
2.508962
2.509112
2.509277
2.510812
2.510657
2.510967
2.509468
2.509398
2.510599
2.511126
2.511447
2.510944
2.510680
2.510124
2.511069
2.511364
2.510664
2.510883
2.510597
2.511371
2.510898
2.509296
2.509254
2.509856
2.510992
2.510540
2.509912
2.510640
2.511320
2.510712
2.510545
2.510821
2.510623
2.511386
2.510620
2.510601
2.509777
2.509710
2.509019
2.508654
2.510366
2.510544
2.510953
2.508979
2.509010
2.510064
2.511119
2.511495
2.510614
2.510610
2.509756
2.509509
2.509239
2.508870
2.508216
2.509513
2.507871
2.508732
2.507703
2.510251
2.510362
2.510642
2.509772
2.510650
2.511289
2.509789
2.509537
2.509437
2.511023
2.511043
2.510702
2.510814
2.510888
2.511616
2.510077
2.510030
2.510684
2.511505
2.511300
2.511078
2.510220
2.509949
2.510577
2.510424
2.510417
2.510602
2.511319
2.510573
2.510495
2.508340
2.508065
2.507733
2.506912
2.507330
2.508005
2.508197
2.507842
2.508273
2.508247
2.508485
2.508910
2.508933
2.509133
2.508881
2.509689
2.508066
2.507954
2.508355
2.507532
2.507945
2.513886
2.529301
2.529278
2.529160
2.528859
2.529439
2.529582
2.529268
2.528169
2.528409
2.527713
2.526831
2.527317
2.525927
2.524950
2.525823
2.527631
2.528137
2.526679
2.526942
2.527514
2.528901
2.529472
2.528690
2.528656
2.528923
2.529924
2.529163
2.528894
2.528908
2.529097
2.529392
2.528708
2.528207
2.528499
2.529337
2.529181
2.529077
2.529444
2.529323
2.529587
2.529080
2.528855
2.528984
2.529499
2.528673
2.528607
2.528546
2.528675
2.529423
2.528556
2.528839
2.529304
2.530199
2.530167
2.529801
2.529498
2.529379
2.529222
2.529599
2.529303
2.529876
2.530268
2.530467
2.529658
2.529908
2.529750
2.530622
2.529740
2.528073
2.523088
2.510161
2.508718
2.507454
2.506451
2.507159
2.507976
2.506975
2.505943
2.507262
2.508212
2.509284
2.508873
2.509145
2.508908
2.509430
2.509559
2.508923
2.509590
2.510395
2.511319
2.510481
2.510303
2.510299
2.511042
2.510485
2.510161
2.510270
2.510446
2.511019
2.509662
2.509601
2.509376
2.510522
2.510806
2.510533
2.510612
2.510605
2.511978
2.510441
2.510446
2.510530
2.511279
2.511187
2.510692
2.509962
2.509666
2.510291
2.510754
2.510626
2.510711
2.511203
2.511121
2.510629
2.511059
2.510902
2.511650
2.510906
2.510729
2.510575
2.508863
2.509158
2.509143
2.509660
2.510554
2.510868
2.510775
2.510280
2.510783
2.510553
2.510297
2.507538
2.508653
2.509110
2.508047
2.508455
2.509067
2.508498
2.508956
2.508863
2.508255
2.510054
2.510216
2.510611
2.510614
2.510287
2.510127
2.510641
2.511306
2.510131
2.509065
2.509402
2.509334
2.509823
2.510221
2.510554
2.510638
2.511513
2.510775
2.510475
2.510499
2.510677
2.510818
2.510127
2.510321
2.509639
2.510043
2.508813
2.508448
2.507870
2.508017
2.508957
2.507160
2.508278
2.508816
2.510544
2.527642
2.528251
2.529104
2.529727
2.528740
2.529442
2.528890
2.525383
2.526174
2.527106
2.526461
2.527581
2.529823
2.528971
2.529977
2.530276
2.530414
2.530147
2.528249
2.528335
2.528340
2.526769
2.528163
2.530019
2.530513
2.530716
2.530364
2.530299
2.530059
2.530962
2.530466
2.530130
2.530015
2.530680
2.530423
2.529927
2.529798
2.530372
2.530826
2.529482
2.529427
2.529092
2.529236
2.530168
2.529471
2.529564
2.529261
2.529933
2.529460
2.529162
2.529230
2.530478
2.529570
2.529545
2.529747
2.530029
2.530456
2.529696
2.529988
2.529063
2.529950
2.529321
2.529199
2.528519
2.529304
2.529669
2.528248
2.528223
2.524422
2.512926
2.508869
2.508330
2.509151
2.509751
2.510047
2.509393
2.508827
2.508038
2.509147
2.509601
2.508957
2.509151
2.509331
2.509650
2.509165
2.509054
2.508588
2.507760
2.508042
2.507854
2.506305
2.507954
2.506864
2.507394
2.508175
2.508848
2.509516
2.509170
2.509286
2.509550
2.510248
2.509137
2.509491
2.509358
2.509618
2.509162
2.507573
2.507262
2.508143
2.507838
2.508942
2.508149
2.509270
2.509857
2.509004
2.508850
2.509145
2.510151
2.508931
2.508187
2.508393
2.508298
2.509506
2.509468
2.509333
2.509254
2.509691
2.509592
2.509369
2.509124
2.509442
2.509720
2.508863
2.510650
2.509853
2.509962
2.510107
2.510172
2.510707
2.510538
2.511352
2.510979
2.510490
2.510694
2.510361
2.511170
2.510959
2.510976
2.510791
2.510428
2.509449
2.508643
2.507638
2.508135
2.507734
2.508036
2.508994
2.510048
2.511552
2.510579
2.510697
2.510860
2.511130
2.511353
2.509664
2.509546
2.509927
2.510790
2.510856
2.510384
2.510597
2.510747
2.511726
2.511299
2.510780
2.510576
2.510357
2.509828
2.508043
2.508147
2.507669
2.507921
2.523398
2.528721
2.528636
2.529185
2.528799
2.528227
2.528021
2.528463
2.529570
2.528397
2.529465
2.529071
2.529098
2.525948
2.524995
2.526703
2.526413
2.527932
2.529037
2.529614
2.529014
2.529039
2.528518
2.528155
2.528037
2.529283
2.528831
2.528561
2.528434
2.528430
2.529004
2.528567
2.528762
2.528865
2.529045
2.528386
2.527652
2.527732
2.527727
2.528337
2.527699
2.525522
2.527708
2.528257
2.527882
2.528691
2.530157
2.530526
2.529831
2.529776
2.529950
2.530387
2.530439
2.530177
2.529152
2.529549
2.530631
2.530038
2.530136
2.529816
2.530133
2.530687
2.529691
2.529849
2.530083
2.530679
2.530155
2.530001
2.530114
2.525446
2.516116
2.509246
2.508850
2.508851
2.509601
2.509174
2.509117
2.508908
2.509207
2.509899
2.509261
2.509207
2.509480
2.509872
2.508152
2.508247
2.508264
2.509068
2.509364
2.509320
2.509226
2.509984
2.509832
2.509272
2.509155
2.509273
2.509483
2.508758
2.509298
2.508760
2.509071
2.509066
2.507990
2.508688
2.508941
2.510324
2.509630
2.509548
2.509513
2.509733
2.510327
2.509698
2.509863
2.509784
2.509809
2.508912
2.508620
2.508651
2.509421
2.510358
2.509557
2.509394
2.509395
2.509971
2.509627
2.509174
2.509274
2.509804
2.510276
2.508994
2.508960
2.508807
2.508950
2.509740
2.509154
2.509096
2.509162
2.510548
2.509267
2.509369
2.509360
2.509793
2.509860
2.508385
2.508086
2.508960
2.508438
2.508398
2.507960
2.508605
2.509959
2.509249
2.509169
2.509018
2.509771
2.509328
2.509357
2.509270
2.508920
2.509544
2.508749
2.508493
2.509224
2.510103
2.509768
2.509674
2.509441
2.509145
2.510258
2.509428
2.509101
2.509353
2.509572
2.508554
2.505117
2.505668
2.507001
2.507761
2.507136
2.508542
2.508557
2.508599
2.508039
2.520754
2.530329
2.531233
2.532163
2.530978
2.530043
2.530272
2.529747
2.525442
2.525305
2.527850
2.526343
2.527349
2.527856
2.529019
2.528887
2.528028
2.528490
2.527421
2.526944
2.527856
2.528672
2.528437
2.528695
2.528130
2.528852
2.528099
2.528691
2.528580
2.528946
2.528725
2.528601
2.528237
2.528659
2.529011
2.528366
2.528124
2.527820
2.528842
2.528360
2.528200
2.528439
2.529222
2.529998
2.529579
2.529839
2.529770
2.529719
2.527878
2.529082
2.529107
2.530069
2.529470
2.529160
2.528371
2.529237
2.530499
2.529805
2.529989
2.529670
2.530152
2.529463
2.528468
2.527986
2.528163
2.528661
2.527968
2.528520
2.529995
2.527455
2.518967
2.509284
2.508954
2.508613
2.510210
2.509390
2.509530
2.508299
2.508478
2.508855
2.508966
2.507891
2.509024
2.510024
2.509151
2.508950
2.509099
2.509563
2.509358
2.509181
2.509085
2.508795
2.509824
2.508427
2.508117
2.508124
2.508448
2.509593
2.508706
2.509104
2.509465
2.510077
2.509366
2.509322
2.509097
2.509505
2.510291
2.509083
2.508442
2.508318
2.508510
2.508603
2.508053
2.508993
2.509323
2.509782
2.509550
2.510398
2.510582
2.511056
2.510859
2.510650
2.508578
2.510139
2.509179
2.509620
2.510157
2.510969
2.509970
2.508088
2.507992
2.507902
2.508526
2.508656
2.509493
2.510523
2.510089
2.509966
2.509546
2.509477
2.510084
2.511368
2.511218
2.510636
2.511083
2.510833
2.511435
2.510238
2.510975
2.510876
2.511512
2.511138
2.509881
2.509832
2.509751
2.510741
2.510793
2.510808
2.510598
2.511042
2.509872
2.509370
2.509200
2.510821
2.511461
2.510866
2.510725
2.509618
2.510183
2.509956
2.510162
2.510511
2.510179
2.511725
2.511068
2.511209
2.511359
2.511468
2.511379
2.510832
2.510902
2.510587
2.510030
2.509568
2.517538
2.530831
2.531043
2.531841
2.531124
2.531325
2.531458
2.532634
2.531481
2.531316
2.531255
2.531398
2.529605
2.528357
2.528670
2.528460
2.528574
2.525942
2.525763
2.526750
2.526426
2.528723
2.528298
2.527937
2.528087
2.527921
2.526810
2.527795
2.527259
2.529216
2.528402
2.529406
2.528430
2.529061
2.528718
2.528484
2.528417
2.528214
2.529447
2.528681
2.528546
2.529036
2.529023
2.528648
2.528464
2.528700
2.528914
2.529443
2.529325
2.528885
2.529455
2.530310
2.530192
2.529575
2.529511
2.529692
2.529433
2.529523
2.529370
2.530187
2.528835
2.528668
2.528795
2.530370
2.530294
2.529855
2.530052
2.530004
2.528642
2.521291
2.508916
2.508598
2.509362
2.508617
2.508930
2.508892
2.508169
2.508208
2.507591
2.506888
2.506967
2.507267
2.508952
2.507920
2.508003
2.508847
2.507486
2.507982
2.509083
2.509467
2.509983
2.508925
2.509535
2.508984
2.509655
2.509525
2.509187
2.509153
2.509385
2.509362
2.508374
2.508219
2.507964
2.510287
2.509716
2.509458
2.509343
2.509469
2.510098
2.508869
2.509235
2.509439
2.509719
2.509933
2.508482
2.507919
2.508389
2.509618
2.509111
2.509568
2.509465
2.509778
2.510309
2.511002
2.510937
2.510288
2.511454
2.510883
2.509746
2.509897
2.509832
2.509618
2.510610
2.510313
2.511473
2.510852
2.510750
2.510870
2.510939
2.511743
2.511011
2.510430
2.508616
2.508585
2.507254
2.508256
2.508237
2.509664
2.509049
2.510639
2.510967
2.511227
2.510794
2.510653
2.510744
2.510604
2.511263
2.509324
2.509723
2.509445
2.510422
2.511047
2.510667
2.510801
2.511033
2.510522
2.509415
2.509513
2.511209
2.511421
2.511645
2.511011
2.510195
2.509633
2.510328
2.509990
2.510274
2.510702
2.511340
2.511722
2.510915
2.515115
2.531112
2.532293
2.531651
2.531733
2.531558
2.530529
2.531707
2.529965
2.525420
2.525519
2.527483
2.525700
2.527598
2.527738
2.528211
2.530825
2.530092
2.530529
2.531516
2.531508
2.531772
2.531281
2.531339
2.531313
2.531994
2.530710
2.528882
2.528166
2.528998
2.529178
2.527366
2.529086
2.527992
2.528952
2.527844
2.528750
2.529353
2.528732
2.529382
2.529391
2.529361
2.529932
2.529283
2.528998
2.529000
2.529905
2.530134
2.529106
2.528731
2.529969
2.529532
2.529214
2.529138
2.529168
2.529826
2.529240
2.529157
2.529047
2.529697
2.529900
2.529340
2.528442
2.529107
2.529790
2.529228
2.529608
2.529252
2.528700
2.528102
2.522457
2.509385
2.508612
2.509621
2.508499
2.509176
2.509049
2.509747
2.508417
2.508406
2.508535
2.509782
2.508772
2.508368
2.509191
2.508873
2.509716
2.509199
2.509044
2.509065
2.509270
2.507313
2.506938
2.506844
2.507078
2.508059
2.507727
2.507435
2.506920
2.509081
2.508428
2.508317
2.508914
2.509117
2.509913
2.508995
2.509061
2.508970
2.508860
2.508383
2.507656
2.507511
2.508808
2.509878
2.508872
2.508677
2.508740
2.509113
2.509256
2.508830
2.508754
2.508790
2.509465
2.507628
2.507303
2.507323
2.507213
2.507187
2.508021
2.509521
2.508882
2.508977
2.508828
2.509269
2.510568
2.510415
2.509391
2.509330
2.509599
2.510020
2.510136
2.509897
2.509994
2.511313
2.510456
2.510499
2.509774
2.511033
2.511324
2.510509
2.510414
2.509546
2.510427
2.509339
2.510259
2.509069
2.508182
2.508382
2.507219
2.507098
2.507815
2.511210
2.510431
2.510684
2.510819
2.510628
2.510165
2.509457
2.509305
2.510089
2.511198
2.509601
2.510675
2.510182
2.508798
2.509173
2.509435
2.509092
2.508324
2.509489
2.510526
2.509310
2.510203
2.527772
2.530566
2.531081
2.531052
2.530835
2.531407
2.531102
2.530556
2.530976
2.530583
2.531823
2.530926
2.530318
2.529057
2.527083
2.524905
2.526249
2.524806
2.526594
2.528517
2.528555
2.529784
2.529873
2.530330
2.530488
2.529865
2.530673
2.530492
2.531414
2.531427
2.530829
2.530873
2.531081
2.531439
2.530199
2.529255
2.529327
2.530434
2.529638
2.529976
2.528415
2.528248
2.528849
2.528763
2.529290
2.528933
2.529116
2.529078
2.528262
2.528105
2.529180
2.529169
2.529365
2.529069
2.529226
2.528498
2.529280
2.528937
2.529165
2.529877
2.529186
2.529111
2.528903
2.529022
2.529501
2.529241
2.529156
2.529204
2.530066
2.529053
2.524177
2.508193
2.509131
2.508393
2.507674
2.507769
2.508479
2.507854
2.507789
2.507945
2.508585
2.508340
2.506924
2.507522
2.508950
2.508287
2.508177
2.508025
2.508194
2.510013
2.509006
2.508749
2.508803
2.509102
2.509323
2.509024
2.508838
2.508656
2.509323
2.508725
2.508627
2.508024
2.508360
2.508761
2.508636
2.508637
2.508597
2.508329
2.507521
2.507269
2.507648
2.508699
2.508730
2.508009
2.508174
2.507995
2.508163
2.507744
2.507452
2.508034
2.507915
2.509239
2.507935
2.508101
2.508300
2.508698
2.508468
2.508346
2.508286
2.508183
2.508401
2.507153
2.507450
2.506655
2.508165
2.507901
2.507790
2.508307
2.508261
2.509313
2.508253
2.508144
2.508115
2.509974
2.509147
2.508514
2.508394
2.508180
2.509093
2.509102
2.509006
2.508744
2.509195
2.510002
2.508432
2.508863
2.509044
2.509702
2.509183
2.508555
2.509037
2.509109
2.508796
2.509063
2.509010
2.509840
2.509720
2.509406
2.509225
2.509549
2.510074
2.509295
2.509322
2.509781
2.509612
2.508913
2.508407
2.508344
2.508971
2.508741
2.504144
2.503681
2.506346
2.523375
2.529469
2.528621
2.528637
2.528530
2.529598
2.528072
2.529767
2.528288
2.527005
2.527386
2.527245
2.526685
2.527468
2.529089
2.528988
2.528776
2.528859
2.528969
2.530051
2.529353
2.530275
2.531191
2.531421
2.530929
2.530792
2.530305
2.530937
2.531773
2.530994
2.531011
2.531035
2.531657
2.531112
2.530655
2.530375
2.530661
2.531824
2.530252
2.529482
2.528973
2.530193
2.530137
2.530380
2.530439
2.530684
2.531506
2.530754
2.530884
2.530637
2.531128
2.530704
2.530841
2.529596
2.529630
2.529244
2.528495
2.528629
2.527779
2.529690
2.529690
2.529137
2.529310
2.529000
2.529728
2.528977
2.529076
2.529099
2.528582
2.528401
2.528291
2.523920
2.514935
2.507191
2.507467
2.507818
2.507786
2.508582
2.509347
2.507206
2.508811
2.508280
2.508497
2.508100
2.507926
2.508479
2.509133
2.508616
2.507673
2.507758
2.508391
2.508636
2.508692
2.508177
2.508180
2.508880
2.506869
2.507833
2.507888
2.508124
2.508857
2.509124
2.509050
2.509127
2.509824
2.509351
2.509088
2.509127
2.509306
2.509679
2.508340
2.508228
2.508307
2.508626
2.509099
2.508525
2.509409
2.508948
2.509406
2.508725
2.508500
2.508941
2.509480
2.509361
2.508864
2.507648
2.507883
2.508933
2.507922
2.509038
2.509004
2.509353
2.509136
2.508874
2.508700
2.506970
2.507794
2.507696
2.507124
2.508135
2.507573
2.507725
2.508191
2.509006
2.509699
2.508796
2.508805
2.509280
2.509139
2.509102
2.509037
2.509277
2.508970
2.508670
2.508506
2.508219
2.508524
2.510200
2.510185
2.510406
2.509816
2.510703
2.510914
2.510489
2.510312
2.510532
2.511393
2.510400
2.509484
2.509236
2.509558
2.510192
2.510734
2.510759
2.510602
2.511405
2.510412
2.510211
2.510747
2.511019
2.510894
2.510237
2.510270
2.509206
2.520789
2.529574
2.530071
2.530467
2.531564
2.531234
2.530830
2.531189
2.530839
2.531574
2.531129
2.530933
2.530774
2.530662
2.529711
2.526246
2.525818
2.526300
2.528605
2.528059
2.527863
2.527884
2.527949
2.528340
2.526823
2.525324
2.527999
2.528605
2.529653
2.529068
2.530885
2.531340
2.532080
2.531182
2.531301
2.530987
2.531840
2.531456
2.531270
2.530797
2.531313
2.531978
2.531362
2.530869
2.529767
2.530102
2.530680
2.530323
2.530823
2.531556
2.532195
2.530995
2.530898
2.531261
2.531400
2.531552
2.531020
2.531443
2.530630
2.531602
2.531295
2.531244
2.531272
2.531113
2.531424
2.530760
2.531008
2.529671
2.530609
2.528647
2.528707
2.525971
2.518339
2.507918
2.507779
2.507895
2.508399
2.508235
2.507924
2.507914
2.507785
2.509021
2.507919
2.507012
2.506651
2.507291
2.507026
2.506896
2.506462
2.507533
2.507182
2.507249
2.507404
2.508745
2.508903
2.508361
2.508458
2.508427
2.507645
2.508285
2.507626
2.507840
2.507825
2.507979
2.507565
2.507029
2.507067
2.507861
2.509255
2.508674
2.508944
2.509027
2.509081
2.509399
2.509348
2.509063
2.509751
2.508694
2.508053
2.508382
2.508212
2.509896
2.509011
2.508947
2.509178
2.509650
2.509394
2.509105
2.508719
2.509271
2.509810
2.508760
2.508024
2.508106
2.508342
2.508577
2.508718
2.508394
2.508648
2.509257
2.509230
2.508820
2.508867
2.509255
2.509578
2.508934
2.508762
2.508246
2.508832
2.507427
2.507045
2.506739
2.507210
2.507489
2.506341
2.507038
2.505841
2.507890
2.508966
2.508281
2.508536
2.508558
2.508690
2.507984
2.507554
2.507954
2.508927
2.509423
2.510242
2.509309
2.510052
2.511302
2.510265
2.510666
2.510316
2.510665
2.510778
2.509300
2.509398
2.509442
2.510483
2.510323
2.510591
2.509908
2.510778
2.517146
2.530921
2.530547
2.531319
2.531918
2.531404
2.530976
2.530502
2.530171
2.527863
2.526109
2.526160
2.527719
2.528149
2.527272
2.528082
2.527534
2.530658
2.529709
2.529524
2.528663
2.530167
2.531334
2.530970
2.530988
2.530866
2.530222
2.529790
2.529398
2.530851
2.531479
2.531129
2.528999
2.528933
2.528341
2.528037
2.530558
2.529317
2.531078
2.531004
2.530621
2.530793
2.530910
2.531582
2.530856
2.530706
2.530154
2.529277
2.530860
2.529849
2.529972
2.531011
2.531754
2.531269
2.530937
2.531099
2.530902
2.531744
2.531124
2.530988
2.531130
2.531586
2.531011
2.530568
2.530544
2.530950
2.531966
2.530748
2.530948
2.529683
2.523524
2.510739
2.508902
2.508574
2.507515
2.508143
2.507542
2.506748
2.508104
2.508593
2.507656
2.507516
2.507830
2.509135
2.508391
2.508184
2.507731
2.507371
2.508398
2.508168
2.508258
2.508295
2.508446
2.508250
2.507498
2.507333
2.507563
2.507289
2.506403
2.506502
2.506341
2.507254
2.507157
2.506204
2.507782
2.507422
2.507321
2.507573
2.507249
2.507675
2.507176
2.505652
2.506427
2.506880
2.507911
2.507984
2.508309
2.507833
2.507803
2.508103
2.508096
2.507900
2.508246
2.507815
2.507454
2.507188
2.506934
2.507925
2.508198
2.507680
2.508432
2.508080
2.508681
2.507811
2.507791
2.506896
2.507146
2.508225
2.507347
2.506651
2.506614
2.507238
2.507229
2.507162
2.506951
2.507418
2.508125
2.507329
2.506753
2.507164
2.507585
2.507766
2.507313
2.506695
2.506325
2.507207
2.506305
2.506827
2.506831
2.507261
2.507133
2.506447
2.505634
2.504944
2.506220
2.504992
2.504988
2.503877
2.505668
2.505959
2.506123
2.506116
2.506583
2.506762
2.506436
2.506211
2.507057
2.507217
2.507883
2.506698
2.505425
2.504916
2.507559
2.509398
2.525814
2.526030
2.527219
2.528414
2.527674
2.527759
2.528319
2.528502
2.527803
2.527838
2.527490
2.527702
2.528428
2.527181
2.526314
2.522412
2.522118
2.523038
2.522168
2.523925
2.525142
2.526206
2.526630
2.526621
2.526227
2.526770
2.526918
2.527462
2.527221
2.527573
2.528281
2.527497
2.527296
2.527277
2.527852
2.527928
2.527404
2.526910
2.525827
2.526550
2.526485
2.527876
2.527389
2.527266
2.528017
2.526569
2.524952
2.525095
2.525287
2.524670
2.526132
2.527371
2.526137
2.526471
2.526113
2.526423
2.527175
2.527537
2.527351
2.527390
2.527427
2.527327
2.528425
2.527398
2.527450
2.527410
2.527857
2.528061
2.527281
2.527494
2.527311
2.522907
2.509821
2.506676
2.505850
2.506797
2.506301
2.506377
2.506343
2.506650
2.507303
2.506566
2.506120
2.506173
2.505732
2.505384
2.503939
2.503507
2.504281
2.502443
2.502700
2.502910
2.503202
2.504102
2.502964
2.503626
2.503455
2.503716
2.503815
2.503594
2.503834
2.503532
2.503487
2.502897
2.502614
2.503183
2.503368
2.503696
2.503858
2.503761
2.504290
2.502874
2.502422
2.503273
2.503724
2.504166
2.503620
2.503130
2.502692
2.503600
2.503121
2.502702
2.503211
2.503250
2.503767
2.501873
2.503322
2.503489
2.504289
2.503718
2.503629
2.502935
2.502864
2.502466
2.501848
2.502686
2.503111
2.502769
2.502220
2.501606
2.501686
2.502291
2.501311
2.501400
2.501491
2.501590
2.501217
2.500946
2.501369
2.502431
2.504282
2.503548
2.503251
2.502751
2.503465
2.503285
2.503256
2.503627
2.503970
2.504654
2.503554
2.503741
2.504098
2.503791
2.504410
2.503713
2.503922
2.504655
2.504689
2.504781
2.504486
2.504495
2.504249
2.503525
2.504507
2.504184
2.504980
2.504002
2.503743
2.503833
2.503918
2.504545
2.504807
2.522029
2.524128
2.524524
2.523712
2.519717
2.519149
2.522717
2.524573
2.523492
2.523175
2.520834
2.520407
2.520676
2.521563
2.522032
2.522473
2.523971
2.523279
2.522284
2.522245
2.522655
2.524155
2.524694
2.524862
2.524967
2.525323
2.524932
2.527539
2.527009
2.527248
2.526610
2.525716
2.525510
2.525393
2.525728
2.525523
2.525740
2.526336
2.525675
2.524768
2.525595
2.526919
2.527471
2.526997
2.526164
2.525646
2.525596
2.526805
2.527317
2.527306
2.526285
2.526119
2.526233
2.525582
2.526262
2.526383
2.526335
2.526230
2.525591
2.525854
2.526437
2.527085
2.527880
2.526684
2.527213
2.527061
2.526377
2.526007
2.527133
2.527761
2.523319
2.512617
2.505273
2.504547
2.503934
2.504570
2.503858
2.503605
2.504411
2.506803
2.505175
2.504722
2.504823
2.504523
2.503622
2.503439
2.502103
2.503282
2.504532
2.503908
2.504112
2.503472
2.503726
2.503325
2.502792
2.503264
2.504033
2.503811
2.502828
2.502086
2.501367
2.501375
2.503421
2.503470
2.503030
2.503000
2.502848
2.501331
2.501399
2.502702
2.503177
2.502175
2.500329
2.498995
2.500134
2.501454
2.501908
2.501417
2.501207
2.500541
2.498259
2.498503
2.501308
2.502435
2.501947
2.500449
2.499650
2.498068
2.498717
2.500541
2.500959
2.500917
2.501933
2.500392
2.497808
2.496521
2.499319
2.500666
2.498257
2.499049
2.498079
2.496057
2.493461
2.494859
2.495722
2.495443
2.496482
2.494947
2.493064
2.489794
2.492139
2.496856
2.496833
2.496716
2.496368
2.495025
2.488775
2.488613
2.491575
2.493260
2.492548
2.490907
2.489173
2.483472
2.483262
2.483715
2.486178
2.485667
2.485446
2.477681
2.477629
2.478501
2.479198
2.481157
2.479715
2.479397
2.476195
2.475414
2.474859
2.473727
2.473580
2.472990
2.470859
2.469617
2.479451
2.484022
2.488284
2.488075
2.489356
2.490207
2.490159
2.487342
2.484276
2.489820
2.492167
2.494141
2.494173
2.494698
2.490177
2.488529
2.487388
2.487749
2.487887
2.483906
2.483423
2.477955
2.474512
2.473553
2.471309
2.469966
2.466499
2.464991
2.463820
2.465033
2.465441
2.468348
2.474874
2.478067
2.481931
2.485450
2.490066
2.493364
2.496090
2.499969
2.501013
2.501565
2.502911
2.503808
2.503482
2.503459
2.503584
2.503113
2.502226
2.504321
2.504374
2.504655
2.504894
2.504541
2.502993
2.503239
2.503850
2.504027
2.503086
2.503815
2.505007
2.503889
2.503405
2.503915
2.504111
2.505294
2.506450
2.506130
2.505994
2.505662
2.506249
2.501538
2.494400
2.485099
2.484886
2.483927
2.482991
2.479218
2.470394
2.477946
2.478269
2.476480
2.474852
2.473036
2.459078
2.438833
2.463403
2.469701
2.470105
2.469642
2.464961
2.427176
2.417366
2.455759
2.464873
2.464776
2.463534
2.444493
2.397635
2.415629
2.448424
2.458711
2.459696
2.454023
2.400659
2.381023
2.407563
2.417161
2.420004
2.414528
2.393521
2.323173
2.332802
2.342130
2.329906
2.326631
2.317137
2.288118
2.246529
2.259126
2.259529
2.249341
2.249931
2.246703
2.232348
2.227029
2.236523
2.239228
2.239998
2.247661
2.253168
2.256224
2.264288
2.274652
2.283327
2.296736
2.304617
2.311859
2.320016
2.326930
2.336144
2.345095
2.354977
2.362851
2.369295
2.376507
2.382464
2.388700
2.396219
2.401956
2.408196
2.412507
2.415956
2.419265
2.422772
2.429000
2.433292
2.435926
2.436053
2.435939
2.437855
2.438187
2.441002
2.441423
2.445176
2.445069
2.445249
2.447184
2.449723
2.450911
2.451054
2.452169
2.451162
2.450712
2.454244
2.456716
2.457322
2.457240
2.460251
2.458973
2.458629
2.459705
2.461763
2.462749
2.460299
2.462350
2.470929
2.484697
2.487243
2.488508
2.489040
2.485810
2.488014
2.489012
2.490109
2.492546
2.493885
2.491413
2.486297
2.486389
2.488000
2.491248
2.492373
2.493544
2.493264
2.489142
2.488412
2.490302
2.492868
2.494242
2.495241
2.494304
2.490862
2.488267
2.488087
2.490408
2.490212
2.490567
2.490212
2.488508
2.485678
2.486652
2.487728
2.487940
2.489390
2.488155
2.485397
2.482988
2.486186
2.488331
2.490640
2.493970
2.495358
2.494183
2.492400
2.493425
2.493635
2.495435
2.496479
2.496362
2.497240
2.495346
2.496568
2.496119
2.497195
2.497310
2.497365
2.497646
2.495741
2.495708
2.495927
2.496787
2.496593
2.497174
2.497159
2.495151
2.495944
2.493320
2.488500
2.477861
2.478113
2.478830
2.476204
2.475143
2.475621
2.477271
2.477967
2.478886
2.478761
2.476088
2.474766
2.475240
2.476352
2.478085
2.480094
2.478793
2.475155
2.475721
2.475458
2.476600
2.476417
2.479283
2.477250
2.475244
2.474689
2.474216
2.474833
2.477523
2.479960
2.475443
2.474578
2.476525
2.476473
2.474106
2.475840
2.475217
2.472650
2.472274
2.472405
2.473401
2.476179
2.477013
2.474782
2.472978
2.475069
2.476017
2.475324
2.476158
2.477383
2.475078
2.472791
2.475048
2.473530
2.475552
2.476181
2.472132
2.468319
2.472063
2.469275
2.469525
2.470423
2.471100
2.467408
2.462761
2.465699
2.464963
2.466369
2.469096
2.470082
2.465267
2.460681
2.463217
2.466120
2.463999
2.466164
2.468121
2.464966
2.457198
2.457791
2.464769
2.462615
2.462789
2.463267
2.458806
2.447212
2.441490
2.452097
2.451188
2.450475
2.450742
2.448429
2.435899
2.424518
2.438476
2.440830
2.441676
2.441484
2.441066
2.427381
2.410649
2.425612
2.428342
2.432407
2.431249
2.429821
2.413922
2.391793
2.409531
2.413793
2.422185
2.421777
2.425336
2.424200
2.398487
2.416049
2.418362
2.431313
2.430750
2.427490
2.406248
2.374704
2.393799
2.392130
2.404478
2.403860
2.399723
2.373050
2.331133
2.349154
2.350085
2.361356
2.364550
2.358717
2.326528
2.285793
2.312850
2.313831
2.323814
2.334183
2.330938
2.297152
2.265705
2.295119
2.298353
2.309144
2.323995
2.323388
2.290390
2.272052
2.301018
2.304440
2.308653
2.321222
2.322712
2.290977
2.279697
2.303218
2.307715
2.306366
2.314260
2.313522
2.294214
2.284361
2.299876
2.304996
2.302116
2.301911
2.303411
2.294243
2.282072
2.291741
2.293617
2.291043
2.294441
2.289799
2.276937
2.282945
2.280925
2.277126
2.273566
2.274739
2.261737
2.243711
2.235863
2.228836
2.225500
2.224039
2.228625
2.216433
2.207308
2.215003
2.209474
2.207947
2.211848
2.218203
2.211755
2.209020
2.217422
2.215316
2.214239
2.220089
2.230419
2.229156
2.225778
2.229960
2.237782
2.238274
2.248040
2.259996
2.262743
2.253724
2.255176
2.270412
2.273171
2.283071
2.295721
2.300938
2.289878
2.290332
2.305556
2.310543
2.320966
2.333777
2.346484
2.342783
2.343363
2.356765
2.350950
2.358667
2.367760
2.383939
2.377388
2.375039
2.386447
2.374364
2.369988
2.370282
2.392481
2.387373
2.387508
2.397992
2.390980
2.376235
2.371844
2.397011
2.399414
2.407653
2.417603
2.414943
2.397468
2.380698
2.402365
2.418700
2.429847
2.435453
2.434753
2.424825
2.400914
2.409945
2.432810
2.444862
2.447544
2.448151
2.443846
2.421681
2.422454
2.443995
2.455063
2.457054
2.457772
2.457420
2.441322
2.436029
2.450746
2.462146
2.464640
2.457283
2.451627
2.459183
2.469033
2.473001
2.473508
2.473535
2.470890
2.465453
2.466136
2.473766
2.476368
2.476592
2.475276
2.474644
2.471228
2.468472
2.476573
2.478352
2.479439
2.497663
2.497593
2.492810
2.491941
2.499300
2.499668
2.499567
2.499202
2.497525
2.493677
2.492976
2.497414
2.498148
2.499217
2.499564
2.498743
2.495878
2.496989
2.500846
2.501646
2.502415
2.502595
2.498648
2.496508
2.500429
2.504084
2.505774
2.504196
2.502769
2.499894
2.498986
2.503256
2.505373
2.505520
2.505850
2.505928
2.501593
2.500520
2.505572
2.508107
2.508726
2.508953
2.508085
2.505038
2.503434
2.509054
2.511260
2.511488
2.511988
2.512699
2.509881
2.512758
2.516508
2.515897
2.516169
2.516161
2.515748
2.514664
2.516594
2.518521
2.518130
2.518708
2.518736
2.517143
2.516212
2.517382
2.520079
2.519220
2.519034
2.513900
2.502799
2.497611
2.497320
2.496932
2.498091
2.499141
2.498442
2.498824
2.498355
2.499242
2.499773
2.498647
2.498587
2.498663
2.499787
2.498956
2.499070
2.499788
2.499503
2.499869
2.499416
2.499282
2.498648
2.498759
2.498767
2.497418
2.496603
2.497262
2.497743
2.497092
2.496893
2.496787
2.498852
2.499330
2.500150
2.499734
2.499421
2.500281
2.500071
2.500124
2.499185
2.499018
2.498719
2.497345
2.498391
2.499467
2.500618
2.499575
2.500026
2.499845
2.499555
2.500027
2.499655
2.500591
2.500139
2.500327
2.498295
2.498287
2.498365
2.499743
2.501494
2.500380
2.500660
2.500497
2.500740
2.500759
2.500826
2.501358
2.500868
2.502221
2.501481
2.500312
2.499903
2.500711
2.501593
2.500634
2.500486
2.499484
2.500619
2.499221
2.499352
2.500850
2.501001
2.501578
2.501246
2.501115
2.500888
2.501106
2.500833
2.500914
2.500963
2.501379
2.500686
2.499953
2.500187
2.500460
2.501718
2.498879
2.499293
2.500375
2.500777
2.501693
2.501100
2.501109
2.501458
2.501737
2.501159
2.502271
2.502329
2.502961
2.503313
2.502599
2.502280
2.502244
2.502817
2.522763
2.522306
2.522272
2.522181
2.522240
2.522449
2.519646
2.519379
2.521319
2.519891
2.521996
2.522826
2.523963
2.522960
2.522883
2.523099
2.523858
2.523800
2.523127
2.523092
2.523214
2.523912
2.523942
2.523517
2.523343
2.523522
2.523832
2.523644
2.523816
2.523853
2.524661
2.523838
2.523252
2.523896
2.523943
2.524378
2.524029
2.524889
2.524970
2.523472
2.523625
2.524483
2.524685
2.523469
2.523081
2.523499
2.524859
2.525423
2.524228
2.524458
2.524353
2.525081
2.524939
2.524980
2.525992
2.525571
2.524656
2.524841
2.525061
2.525884
2.525326
2.525429
2.524144
2.525074
2.525107
2.525316
2.524863
2.520832
2.512891
2.504560
2.504113
2.503989
2.504126
2.504548
2.505270
2.504659
2.504240
2.504844
2.504861
2.505600
2.505491
2.505299
2.506790
2.505764
2.505289
2.505241
2.505715
2.504196
2.504635
2.505103
2.505456
2.506375
2.505119
2.505274
2.505535
2.506052
2.506334
2.506296
2.505513
2.504691
2.506104
2.505228
2.504704
2.504891
2.505661
2.505599
2.505457
2.503833
2.502545
2.504056
2.502418
2.504084
2.504020
2.504625
2.506038
2.504919
2.504620
2.503540
2.504520
2.504253
2.503768
2.505348
2.504966
2.505762
2.504726
2.505151
2.506049
2.506215
2.505592
2.504686
2.505030
2.505151
2.504624
2.504455
2.504264
2.504917
2.505246
2.504135
2.505054
2.504904
2.505493
2.506700
2.505806
2.505264
2.504809
2.505652
2.505292
2.504292
2.504612
2.504148
2.505270
2.504453
2.504863
2.505194
2.505315
2.506186
2.505170
2.504930
2.504312
2.505183
2.505152
2.504311
2.503902
2.503662
2.504020
2.502417
2.502467
2.502182
2.502103
2.502088
2.501460
2.502373
2.501931
2.502638
2.501550
2.500376
2.500092
2.501556
2.500238
2.499009
2.498741
2.498813
2.500054
2.509892
2.519427
2.519370
2.519956
2.519623
2.519045
2.519168
2.519499
2.518332
2.517964
2.516929
2.515394
2.513719
2.515246
2.513486
2.515455
2.516949
2.516699
2.516261
2.515566
2.516711
2.516780
2.516255
2.515964
2.515817
2.516350
2.514112
2.515357
2.515542
2.515417
2.515956
2.516195
2.516096
2.513813
2.514513
2.516624
2.515956
2.516056
2.515767
2.516479
2.514129
2.511592
2.514395
2.516821
2.516829
2.516813
2.515706
2.515066
2.513356
2.514164
2.515688
2.516305
2.516946
2.516302
2.515900
2.512898
2.514082
2.516294
2.514615
2.515077
2.515295
2.515008
2.513456
2.511038
2.514135
2.514362
2.516642
2.516415
2.515719
2.514760
2.509565
2.505602
2.494449
2.494020
2.495262
2.495247
2.494708
2.491760
2.492594
2.494788
2.495023
2.495232
2.494628
2.493692
2.492539
2.491094
2.493353
2.493955
2.493674
2.495340
2.494540
2.494198
2.491092
2.493269
2.494527
2.493065
2.494234
2.494138
2.495258
2.491741
2.491568
2.493353
2.494820
2.493644
2.494751
2.495125
2.494428
2.492225
2.493385
2.493078
2.493061
2.492914
2.493215
2.491082
2.488543
2.488561
2.489699
2.490181
2.489465
2.490000
2.489808
2.489492
2.487011
2.487054
2.487325
2.486706
2.484912
2.485345
2.484064
2.484207
2.483259
2.483982
2.487291
2.486969
2.488230
2.488800
2.487945
2.486712
2.487329
2.489372
2.488162
2.487304
2.488199
2.488559
2.488545
2.487886
2.489499
2.490588
2.491345
2.491156
2.492203
2.491607
2.490765
2.491482
2.492455
2.492924
2.492826
2.494239
2.493230
2.492022
2.492083
2.493769
2.495262
2.494265
2.494545
2.494772
2.495137
2.494680
2.494925
2.494980
2.494980
2.495880
2.495278
2.494584
2.493942
2.493993
2.494950
2.495220
2.494469
2.495860
2.497447
2.497120
2.497240
2.497051
2.497779
2.497973
2.503802
2.517994
2.516776
2.516438
2.515152
2.514875
2.515256
2.514402
2.514985
2.516019
2.515799
2.515498
2.515774
2.515220
2.514771
2.515157
2.514770
2.514027
2.513002
2.515097
2.516815
2.517058
2.516892
2.516951
2.516811
2.517292
2.516766
2.516738
2.516900
2.517846
2.518121
2.517877
2.517958
2.517996
2.518798
2.517909
2.518073
2.518894
2.519035
2.518886
2.518672
2.518576
2.518860
2.519539
2.519128
2.519868
2.520679
2.520669
2.520158
2.518920
2.519366
2.520915
2.520909
2.520265
2.520655
2.521287
2.521537
2.521340
2.521358
2.520994
2.521909
2.521319
2.521507
2.521477
2.521687
2.522309
2.521830
2.522106
2.521772
2.520860
2.515633
2.502007
2.500994
2.501074
2.500674
2.499726
2.499370
2.499503
2.500243
2.499574
2.499030
2.501097
2.501389
2.502443
2.501799
2.501701
2.501263
2.500237
2.500383
2.500476
2.499962
2.500798
2.501839
2.500569
2.501062
2.501738
2.501379
2.500252
2.500324
2.500281
2.501679
2.501269
2.502021
2.501801
2.501456
2.501835
2.501184
2.500563
2.501711
2.502367
2.502334
2.501306
2.501512
2.502390
2.502332
2.502179
2.502013
2.502291
2.503311
2.503185
2.502477
2.502229
2.502697
2.504343
2.503386
2.503671
2.503062
2.503474
2.504080
2.503538
2.503268
2.503272
2.504474
2.503440
2.502761
2.502723
2.502536
2.503415
2.503402
2.503561
2.502590
2.502717
2.502735
2.502465
2.502547
2.502947
2.503543
2.502787
2.502751
2.502306
2.503088
2.501463
2.501522
2.502515
2.502773
2.503375
2.502773
2.502788
2.502512
2.502694
2.502782
2.502737
2.501744
2.501497
2.502098
2.502024
2.501982
2.501773
2.502368
2.502989
2.502509
2.502959
2.502778
2.503908
2.502874
2.502918
2.502900
2.503375
2.503539
2.502826
2.502547
2.502797
2.503501
2.502964
2.506001
2.523150
2.524080
2.524768
2.524275
2.524128
2.524068
2.525235
2.524929
2.524170
2.524141
2.523816
2.522652
2.520499
2.520607
2.521833
2.521068
2.522163
2.522520
2.523589
2.523137
2.523897
2.523476
2.523226
2.523376
2.524319
2.524087
2.523057
2.522901
2.522718
2.523449
2.522061
2.522519
2.522893
2.520457
2.520820
2.522967
2.522456
2.522820
2.522610
2.522591
2.522200
2.522814
2.523133
2.522513
2.522416
2.521946
2.523633
2.524183
2.524477
2.524252
2.524351
2.524814
2.523717
2.524892
2.525392
2.525074
2.524866
2.525282
2.525010
2.525560
2.524895
2.524873
2.524758
2.525455
2.525409
2.524356
2.524132
2.524861
2.519729
2.507309
2.504612
2.505382
2.505336
2.505004
2.504190
2.504820
2.504992
2.504846
2.505218
2.505138
2.505311
2.504988
2.504398
2.504143
2.505205
2.505907
2.505060
2.505082
2.504666
2.504407
2.503960
2.503567
2.504009
2.504299
2.505662
2.505136
2.503754
2.503951
2.504138
2.505193
2.504818
2.504250
2.505283
2.505825
2.505311
2.503930
2.503138
2.503183
2.503999
2.503766
2.503458
2.502989
2.504215
2.504110
2.503762
2.504988
2.505202
2.506005
2.504846
2.504925
2.505051
2.505116
2.504219
2.504879
2.504654
2.504649
2.504734
2.504412
2.504032
2.503937
2.505091
2.505078
2.504395
2.504917
2.505123
2.505738
2.506448
2.506309
2.505641
2.505335
2.507086
2.505220
2.504768
2.504706
2.506242
2.506548
2.506371
2.506245
2.506548
2.506886
2.505602
2.505608
2.505889
2.506774
2.506490
2.505839
2.505148
2.504742
2.505271
2.505275
2.506070
2.505982
2.506598
2.506304
2.505897
2.505569
2.505340
2.506824
2.505922
2.505793
2.506171
2.505135
2.503695
2.502329
2.502984
2.503396
2.503290
2.502118
2.502289
2.504601
2.505625
2.506136
2.506040
2.506103
2.523450
2.526872
2.525665
2.524853
2.524490
2.523736
2.519693
2.520133
2.521141
2.520976
2.522962
2.523898
2.523523
2.525049
2.524827
2.525625
2.524670
2.523860
2.524419
2.525060
2.524794
2.524758
2.524488
2.524956
2.525338
2.524353
2.524260
2.523816
2.524774
2.524488
2.524253
2.523850
2.523781
2.524711
2.523797
2.523523
2.524627
2.525250
2.525761
2.523821
2.523796
2.522386
2.522369
2.521764
2.522138
2.521758
2.523391
2.523044
2.522956
2.522719
2.523727
2.523208
2.523037
2.522743
2.521496
2.522179
2.521388
2.521443
2.521244
2.521752
2.520186
2.521442
2.522319
2.523373
2.523034
2.522525
2.523047
2.522914
2.523093
2.518187
2.507849
2.501076
2.502349
2.502006
2.501865
2.501301
2.501295
2.502013
2.500492
2.501040
2.502069
2.502893
2.502087
2.502051
2.501825
2.502448
2.502948
2.502456
2.502232
2.502092
2.502037
2.501440
2.501126
2.501362
2.502074
2.502472
2.500511
2.500365
2.500821
2.501284
2.502351
2.502223
2.501673
2.501932
2.502490
2.501059
2.500955
2.501248
2.501944
2.502663
2.501845
2.501870
2.501711
2.502296
2.501962
2.501797
2.502052
2.502180
2.502030
2.501766
2.500878
2.499878
2.501467
2.499887
2.499688
2.499392
2.499582
2.499714
2.499307
2.499846
2.501431
2.502033
2.500811
2.501124
2.500572
2.500704
2.501540
2.500835
2.500941
2.500824
2.500114
2.501364
2.500110
2.500192
2.502362
2.503034
2.501835
2.502054
2.502413
2.502630
2.501757
2.501662
2.500966
2.501379
2.502537
2.501824
2.501757
2.501810
2.502650
2.502881
2.502179
2.501749
2.501491
2.502617
2.502196
2.501040
2.501087
2.500801
2.501646
2.501236
2.501561
2.501508
2.502468
2.502208
2.501693
2.501656
2.500998
2.501849
2.501391
2.501584
2.500905
2.500972
2.500434
2.500320
2.500890
2.513718
2.520874
2.520369
2.521555
2.519943
2.519017
2.519706
2.519447
2.519189
2.519461
2.521349
2.519002
2.515055
2.514082
2.516737
2.516150
2.517928
2.517900
2.517612
2.520196
2.519231
2.520193
2.520832
2.521197
2.521284
2.520813
2.520822
2.520303
2.520927
2.520506
2.519374
2.520506
2.520877
2.521189
2.520183
2.519965
2.520107
2.520848
2.520793
2.519914
2.520121
2.520031
2.520455
2.518593
2.519271
2.519615
2.520385
2.519404
2.518181
2.517247
2.516462
2.517290
2.516958
2.516242
2.517294
2.517207
2.516850
2.516870
2.517899
2.516875
2.516807
2.516866
2.516571
2.516291
2.515926
2.516416
2.515903
2.516944
2.515520
2.511548
2.503088
2.494352
2.494326
2.495033
2.495600
2.495406
2.496545
2.495338
2.494707
2.494770
2.495180
2.495853
2.495034
2.493818
2.494150
2.494236
2.492929
2.492972
2.494363
2.495018
2.495326
2.493359
2.494243
2.493507
2.493902
2.494268
2.493882
2.493594
2.492890
2.492894
2.490640
2.490107
2.490932
2.491597
2.491722
2.491049
2.491958
2.490717
2.491788
2.490950
2.491229
2.491027
2.490890
2.490824
2.489858
2.488571
2.488379
2.490733
2.490268
2.490025
2.490007
2.490272
2.490284
2.488957
2.489675
2.490143
2.490792
2.490110
2.489079
2.488641
2.488399
2.488640
2.488950
2.489647
2.488891
2.488645
2.488389
2.487634
2.487166
2.486033
2.487791
2.486358
2.486127
2.487005
2.485394
2.487082
2.486998
2.487842
2.487507
2.487184
2.487114
2.486258
2.487056
2.488157
2.490151
2.489437
2.486870
2.486181
2.485504
2.483529
2.486752
2.488229
2.489514
2.488029
2.484869
2.484668
2.483167
2.486466
2.488589
2.489436
2.488273
2.486127
2.484898
2.483363
2.483943
2.485915
2.488743
2.488606
2.485300
2.484587
2.483813
2.484505
2.484456
2.485828
2.485379
2.492911
2.502054
2.499983
2.497881
2.497119
2.496924
2.493956
2.491261
2.490041
2.487342
2.487100
2.486284
2.485937
2.484486
2.484043
2.481665
2.480312
2.478329
2.475218
2.472953
2.470273
2.468945
2.468146
2.469404
2.467489
2.466417
2.465901
2.466090
2.468668
2.469559
2.470323
2.471554
2.474056
2.475618
2.476270
2.479475
2.482828
2.487125
2.486941
2.488323
2.489511
2.490878
2.491909
2.495132
2.497579
2.497371
2.497911
2.497373
2.497025
2.495061
2.497007
2.499292
2.499372
2.496951
2.496279
2.494974
2.489207
2.485762
2.487743
2.488863
2.486885
2.483752
2.477658
2.472993
2.473496
2.475388
2.478599
2.479357
2.482183
2.483023
2.481280
2.476474
2.469693
2.472465
2.474384
2.475374
2.475750
2.475367
2.474453
2.475488
2.476961
2.477068
2.477510
2.477129
2.476451
2.475682
2.476227
2.474579
2.473016
2.472237
2.472888
2.471554
2.469397
2.467893
2.467206
2.467178
2.464203
2.463123
2.462046
2.460171
2.457146
2.454932
2.454967
2.453408
2.451820
2.450684
2.449647
2.448560
2.448422
2.449000
2.448224
2.447713
2.449385
2.449262
2.448298
2.447734
2.447847
2.447266
2.446753
2.444910
2.445795
2.445199
2.444947
2.444039
2.444966
2.444559
2.444869
2.446204
2.446316
2.446098
2.445698
2.447894
2.449691
2.449235
2.449665
2.452120
2.453638
2.452865
2.453561
2.457051
2.459773
2.461497
2.463231
2.466017
2.466891
2.467037
2.468226
2.472517
2.473196
2.473995
2.476468
2.477298
2.475989
2.472574
2.476160
2.478716
2.477911
2.479499
2.480555
2.480862
2.477524
2.478369
2.480500
2.481546
2.481721
2.482011
2.481843
2.480980
2.482091
2.482113
2.482323
2.483239
2.484723
2.484868
2.484972
2.484654
2.485529
2.487034
2.485822
2.485552
2.486156
2.486808
2.486238
2.485975
2.486621
2.486327
2.491974
2.507269
2.507691
2.507938
2.507635
2.508855
2.507706
2.508750
2.508778
2.509850
2.509091
2.508075
2.507898
2.506282
2.506109
2.506912
2.506595
2.508462
2.508762
2.509003
2.509215
2.509421
2.509942
2.510586
2.510098
2.509185
2.509930
2.510511
2.510068
2.510524
2.510017
2.511410
2.510352
2.510448
2.510776
2.511092
2.511125
2.511003
2.511246
2.510751
2.511252
2.510305
2.509692
2.506158
2.507045
2.508435
2.508696
2.509864
2.510996
2.512076
2.510839
2.511218
2.511399
2.511945
2.508920
2.510014
2.509860
2.510958
2.510466
2.511600
2.511635
2.511883
2.512533
2.511721
2.512056
2.511855
2.511384
2.511025
2.509190
2.505033
2.492902
2.490013
2.491634
2.491711
2.493011
2.492446
2.492018
2.492275
2.491254
2.493057
2.492785
2.493031
2.493151
2.492697
2.493193
2.492173
2.492090
2.492015
2.493616
2.492948
2.492858
2.492219
2.492940
2.493120
2.492643
2.492382
2.492914
2.493470
2.492293
2.492037
2.492087
2.491732
2.491317
2.490819
2.491680
2.491831
2.491592
2.491605
2.492694
2.492285
2.491806
2.491882
2.490953
2.490779
2.490744
2.491757
2.491133
2.491125
2.491058
2.490899
2.491768
2.490481
2.490399
2.489435
2.489093
2.489036
2.488592
2.489852
2.488992
2.490199
2.489769
2.489873
2.490927
2.491375
2.492170
2.491520
2.491767
2.492028
2.493376
2.492720
2.492376
2.492353
2.493353
2.493257
2.492245
2.492310
2.492800
2.494322
2.493765
2.493871
2.493973
2.494174
2.494910
2.494105
2.494304
2.494126
2.494997
2.494969
2.494800
2.494724
2.495074
2.496271
2.496237
2.496222
2.495947
2.496307
2.496364
2.496158
2.496550
2.495820
2.496714
2.495611
2.495497
2.494911
2.494989
2.494789
2.494733
2.494565
2.494218
2.494626
2.494221
2.494359
2.494348
2.494455
2.495330
2.512152
2.513552
2.513473
2.513509
2.511449
2.510723
2.511265
2.508279
2.508656
2.508774
2.508662
2.508687
2.510456
2.510768
2.511104
2.511373
2.511653
2.510420
2.510186
2.511472
2.512360
2.512217
2.511765
2.512093
2.511369
2.512522
2.511371
2.511107
2.510781
2.511004
2.511177
2.509893
2.509735
2.510422
2.510999
2.509958
2.509465
2.509552
2.509556
2.508425
2.507738
2.507840
2.507256
2.506859
2.506267
2.504941
2.503146
2.502242
2.503327
2.501813
2.500695
2.499241
2.499347
2.497419
2.494270
2.494045
2.494102
2.493234
2.490327
2.489718
2.489003
2.486729
2.484462
2.484792
2.483542
2.482336
2.482352
2.483599
2.481080
2.480090
2.478984
2.469539
2.466757
2.467578
2.470222
2.470157
2.469070
2.471150
2.473549
2.474734
2.480546
2.483232
2.482385
2.480553
2.482622
2.484118
2.481036
2.483310
2.484497
2.484419
2.481212
2.480385
2.478924
2.479231
2.478625
2.478597
2.479398
2.480598
2.482402
2.483745
2.485256
2.487568
2.487950
2.488575
2.488823
2.491835
2.492706
2.490948
2.491272
2.491856
2.492872
2.492998
2.493390
2.493066
2.492836
2.493424
2.492862
2.492322
2.492719
2.493622
2.494355
2.493354
2.493696
2.494036
2.494858
2.494516
2.494843
2.495485
2.495163
2.495477
2.495527
2.495676
2.495863
2.496396
2.495824
2.495666
2.494808
2.495043
2.495455
2.494248
2.494341
2.494790
2.496419
2.496508
2.496426
2.496668
2.496858
2.497458
2.496900
2.496947
2.496381
2.496631
2.496496
2.495803
2.495876
2.496954
2.497965
2.496929
2.497436
2.497071
2.497818
2.498063
2.497675
2.497807
2.497668
2.498061
2.496723
2.497115
2.497444
2.497972
2.497775
2.498098
2.497934
2.498530
2.500359
2.499857
2.500125
2.499704
2.499697
2.500107
2.499790
2.498496
2.498360
2.499337
2.498571
2.515116
2.520058
2.520272
2.520655
2.519997
2.520701
2.520080
2.521250
2.520951
2.520498
2.520114
2.519603
2.519247
2.514247
2.515004
2.515373
2.515794
2.517481
2.517573
2.517851
2.517320
2.518649
2.517480
2.518607
2.519125
2.518631
2.518853
2.517555
2.517646
2.517346
2.518243
2.516617
2.516182
2.513251
2.512157
2.512082
2.511870
2.510971
2.511098
2.512212
2.511160
2.511185
2.511212
2.511030
2.511328
2.512097
2.512496
2.513483
2.513946
2.513816
2.514481
2.515351
2.515871
2.516561
2.516291
2.515741
2.515774
2.517061
2.517155
2.517161
2.516405
2.515815
2.518529
2.518700
2.519276
2.519804
2.520336
2.520186
2.519790
2.520051
2.519491
2.515935
2.507070
2.499807
2.499833
2.499540
2.500317
2.499900
2.499303
2.498944
2.499208
2.498241
2.496794
2.496678
2.497815
2.497179
2.496634
2.497219
2.497327
2.498025
2.496910
2.497314
2.497110
2.495888
2.498254
2.498171
2.498206
2.498199
2.498246
2.498643
2.497815
2.496917
2.497232
2.498089
2.497520
2.497004
2.497272
2.497505
2.497612
2.497873
2.498057
2.498168
2.499524
2.498484
2.498352
2.497803
2.497563
2.497712
2.497115
2.496383
2.496480
2.498048
2.496505
2.495960
2.497160
2.497435
2.498049
2.497838
2.498654
2.498696
2.499248
2.497756
2.497709
2.497694
2.498305
2.499230
2.498824
2.498916
2.498256
2.498841
2.498798
2.498628
2.498218
2.498019
2.499235
2.497885
2.497203
2.497013
2.497651
2.497406
2.497575
2.498066
2.497475
2.497610
2.497679
2.496979
2.495969
2.496164
2.496747
2.496957
2.496805
2.496161
2.498193
2.496780
2.497200
2.497747
2.498184
2.498371
2.496862
2.497420
2.498322
2.498453
2.498019
2.497872
2.497527
2.496445
2.497426
2.497143
2.496569
2.496245
2.497026
2.495514
2.496422
2.496229
2.497615
2.498109
2.497274
2.506284
2.516044
2.516365
2.516521
2.517025
2.516969
2.516662
2.510623
2.511119
2.512035
2.512773
2.516535
2.517170
2.516574
2.516691
2.517120
2.516805
2.515853
2.516658
2.518769
2.518873
2.517411
2.516014
2.516938
2.516833
2.516741
2.518401
2.518128
2.518070
2.517802
2.516939
2.517169
2.516450
2.516875
2.516278
2.516469
2.516708
2.517393
2.518056
2.517821
2.517803
2.518124
2.518703
2.517694
2.517612
2.517241
2.517612
2.517951
2.516658
2.516620
2.516495
2.516750
2.516854
2.517680
2.517635
2.517279
2.517748
2.516824
2.516866
2.516388
2.516447
2.516955
2.515624
2.515543
2.515370
2.516152
2.515074
2.514578
2.514674
2.514780
2.511835
2.504129
2.493315
2.493021
2.493163
2.492439
2.491787
2.491902
2.490965
2.490433
2.490670
2.490567
2.490410
2.490433
2.490303
2.490278
2.489951
2.489660
2.490391
2.489807
2.489241
2.489398
2.489791
2.488887
2.488384
2.488407
2.488828
2.489550
2.487810
2.487548
2.488301
2.487627
2.487914
2.487660
2.487537
2.487046
2.487925
2.487001
2.487471
2.487851
2.487934
2.488210
2.487732
2.488642
2.488533
2.489644
2.489292
2.488874
2.488204
2.489042
2.489712
2.488579
2.488672
2.488664
2.489033
2.488644
2.488765
2.488601
2.488933
2.488810
2.488011
2.488029
2.487930
2.489605
2.490005
2.489404
2.489154
2.488291
2.488592
2.488816
2.489330
2.489287
2.489418
2.489637
2.489786
2.490067
2.490856
2.489983
2.490321
2.489903
2.490118
2.490073
2.488773
2.488712
2.488509
2.489039
2.489820
2.489466
2.489030
2.489487
2.489800
2.489620
2.489610
2.489285
2.490020
2.489137
2.488837
2.488092
2.488631
2.488775
2.488598
2.488427
2.488047
2.488599
2.488801
2.488576
2.488669
2.489058
2.489792
2.488497
2.487851
2.488226
2.488576
2.488450
2.488558
2.495176
2.509505
2.509937
2.509245
2.509372
2.509560
2.510421
2.511445
2.509967
2.509989
2.509827
2.510960
2.509593
2.509584
2.507992
2.508134
2.508793
2.507643
2.507717
2.509028
2.509508
2.509543
2.510638
2.510325
2.509977
2.510227
2.510176
2.509566
2.510330
2.510713
2.510494
2.509921
2.509697
2.510935
2.511519
2.510642
2.510820
2.511082
2.511604
2.510700
2.509608
2.509753
2.509947
2.510693
2.510061
2.510310
2.510119
2.510017
2.509800
2.510716
2.509205
2.509601
2.510918
2.510603
2.509947
2.509617
2.510295
2.510915
2.509105
2.509629
2.509226
2.511388
2.510223
2.509918
2.510602
2.510694
2.510298
2.510102
2.510904
2.510104
2.510323
2.508370
2.504125
2.489746
2.485977
2.486248
2.486075
2.484728
2.486268
2.488593
2.488466
2.487386
2.487255
2.487508
2.487693
2.487302
2.488711
2.488229
2.487583
2.487358
2.487690
2.487574
2.489095
2.489491
2.489387
2.488564
2.489312
2.489634
2.488269
2.487923
2.489073
2.489165
2.487009
2.486910
2.487272
2.487921
2.487406
2.487956
2.488559
2.488279
2.487670
2.487331
2.487569
2.487148
2.487209
2.488049
2.487062
2.486067
2.485009
2.484113
2.484835
2.485034
2.486600
2.486956
2.487639
2.485569
2.485825
2.486480
2.486567
2.486356
2.486462
2.485213
2.485467
2.484468
2.483928
2.484854
2.484463
2.485434
2.486262
2.485761
2.485195
2.485138
2.486017
2.483223
2.483073
2.484173
2.483991
2.484957
2.483929
2.484547
2.485152
2.485057
2.484894
2.485257
2.484774
2.484633
2.484924
2.484388
2.484475
2.484137
2.485487
2.484038
2.483764
2.483883
2.483202
2.484522
2.483863
2.483837
2.484279
2.484667
2.484668
2.484071
2.483428
2.483857
2.484424
2.483786
2.483295
2.483725
2.483426
2.482948
2.483234
2.483214
2.483264
2.485085
2.484499
2.484143
2.486348
2.502795
2.504017
2.503110
2.504892
2.505940
2.504644
2.501097
2.497151
2.500523
2.499632
2.501960
2.503586
2.503661
2.504346
2.503539
2.503197
2.503620
2.505452
2.505374
2.505963
2.504131
2.504180
2.503981
2.504367
2.503592
2.504518
2.504588
2.503783
2.503424
2.503681
2.503276
2.505028
2.506706
2.506643
2.506469
2.503061
2.504850
2.503758
2.504625
2.507234
2.508178
2.508329
2.505777
2.504082
2.505276
2.505711
2.506304
2.506828
2.506696
2.506135
2.504918
2.504899
2.504823
2.505094
2.508245
2.507518
2.507319
2.505230
2.503860
2.505717
2.504204
2.506121
2.507243
2.508096
2.506852
2.504141
2.504224
2.504468
2.505548
2.506971
2.501378
2.488969
2.485318
2.483211
2.484118
2.484214
2.485426
2.487134
2.484984
2.484533
2.482568
2.483450
2.483938
2.483775
2.485842
2.486074
2.486361
2.483947
2.482437
2.482825
2.482036
2.482886
2.484066
2.484397
2.483155
2.481170
2.480226
2.480437
2.481150
2.481825
2.483791
2.483476
2.481201
2.480404
2.482160
2.481874
2.481170
2.483089
2.482882
2.482711
2.479517
2.480735
2.480525
2.482167
2.482554
2.483004
2.483090
2.481383
2.480768
2.481146
2.481450
2.481949
2.483059
2.483135
2.482557
2.480485
2.480758
2.481499
2.481933
2.482395
2.483193
2.483191
2.482136
2.480364
2.480552
2.480531
2.482603
2.482860
2.482534
2.482127
2.480689
2.480739
2.481518
2.482522
2.483587
2.485049
2.484746
2.483535
2.482413
2.482650
2.483304
2.483440
2.484394
2.484354
2.483908
2.481819
2.480922
2.482495
2.483007
2.483098
2.483214
2.483569
2.482651
2.482928
2.482845
2.483160
2.483582
2.484915
2.485365
2.484224
2.482780
2.481948
2.484020
2.484534
2.485038
2.485564
2.485676
2.485313
2.483392
2.483761
2.484061
2.484580
2.486090
2.485264
2.484939
2.483242
2.500432
2.504808
2.505063
2.505733
2.506697
2.507183
2.506142
2.503284
2.505248
2.506824
2.506371
2.507163
2.506362
2.505203
2.501711
2.501447
2.503797
2.503073
2.505271
2.506779
2.506695
2.505712
2.504718
2.506924
2.506388
2.506930
2.507666
2.507890
2.507410
2.505428
2.507102
2.508509
2.509092
2.509593
2.509792
2.509859
2.508966
2.509102
2.508817
2.507501
2.509006
2.509196
2.510162
2.510031
2.508779
2.509807
2.510925
2.510942
2.511132
2.511092
2.511871
2.510381
2.510911
2.511542
2.509655
2.509550
2.511584
2.511558
2.511537
2.512746
2.513712
2.514017
2.514488
2.514600
2.515665
2.514300
2.513991
2.514818
2.515671
2.515721
2.515831
2.511700
2.501444
2.496027
2.495924
2.494863
2.494819
2.494913
2.493529
2.493082
2.496558
2.496012
2.497064
2.496839
2.497818
2.497192
2.496272
2.496544
2.496706
2.497751
2.498378
2.498110
2.498241
2.498111
2.498621
2.498283
2.498346
2.498897
2.499603
2.499356
2.498552
2.498000
2.498199
2.499674
2.499637
2.499961
2.499095
2.499154
2.498958
2.498446
2.499002
2.500511
2.501615
2.500845
2.500204
2.500562
2.500721
2.499529
2.500728
2.501894
2.502852
2.502032
2.501566
2.501517
2.502043
2.502536
2.502637
2.503152
2.502740
2.502141
2.501558
2.501972
2.501796
2.503276
2.504234
2.503875
2.503381
2.502844
2.503588
2.503191
2.503726
2.503115
2.503017
2.504700
2.502629
2.502120
2.503091
2.504128
2.505224
2.505032
2.505335
2.504869
2.505264
2.504200
2.504094
2.505477
2.506542
2.506749
2.506242
2.504913
2.504019
2.504824
2.505132
2.505992
2.506241
2.506674
2.506049
2.505316
2.505569
2.505525
2.506588
2.504824
2.504436
2.505239
2.504379
2.505534
2.504802
2.505184
2.506174
2.505946
2.506662
2.505903
2.505851
2.505565
2.519520
2.526877
2.528377
2.528268
2.528291
2.526802
2.525861
2.525190
2.523284
2.522141
2.523413
2.522212
2.523357
2.524750
2.525147
2.526068
2.526761
2.527004
2.527931
2.526414
2.526292
2.525985
2.526666
2.527292
2.527329
2.527456
2.527167
2.527658
2.526782
2.526243
2.526401
2.527518
2.527642
2.527015
2.527160
2.527180
2.527469
2.527089
2.526973
2.528062
2.528477
2.529027
2.527783
2.527579
2.527602
2.527990
2.527339
2.527081
2.527360
2.528539
2.528949
2.528066
2.528213
2.528600
2.529371
2.528904
2.527062
2.525887
2.526690
2.527345
2.528174
2.528446
2.528673
2.528886
2.528322
2.527882
2.527825
2.528095
2.528700
2.527883
2.527668
2.524181
2.516636
2.506956
2.506896
2.507114
2.507045
2.508203
2.506990
2.506555
2.505382
2.505215
2.506697
2.506432
2.506199
2.506276
2.506839
2.505971
2.505640
2.505818
2.506040
2.506443
2.505506
2.504437
2.503674
2.502867
2.503012
2.502856
2.502835
2.504879
2.503901
2.504494
2.505131
2.506492
2.506325
2.506140
2.506251
2.506524
2.507210
2.505963
2.505806
2.505952
2.506391
2.507295
2.506934
2.507133
2.506825
2.507710
2.507474
2.507748
2.507995
2.507852
2.507977
2.508570
2.507487
2.506572
2.508299
2.508098
2.508056
2.508584
2.508786
2.508866
2.506272
2.506489
2.507190
2.508559
2.509105
2.508706
2.508726
2.507833
2.508246
2.507539
2.507526
2.508192
2.508630
2.509153
2.508776
2.508442
2.508258
2.508414
2.507734
2.508139
2.508320
2.508945
2.508712
2.507855
2.507456
2.507594
2.509719
2.509233
2.509372
2.509415
2.509282
2.509503
2.509254
2.509319
2.509261
2.510386
2.509661
2.509053
2.508711
2.508959
2.509667
2.510017
2.510328
2.510224
2.511280
2.510013
2.509980
2.509924
2.510173
2.510913
2.510487
2.510359
2.509496
2.509425
2.518541
2.529578
2.530481
2.530641
2.530657
2.529172
2.528889
2.529597
2.529946
2.530183
2.530636
2.530403
2.529902
2.530501
2.529378
2.527158
2.527044
2.528048
2.528740
2.527809
2.529045
2.528978
2.529126
2.528496
2.528806
2.529496
2.529953
2.530071
2.529384
2.528985
2.529110
2.529971
2.529651
2.529482
2.529819
2.529719
2.530240
2.529430
2.529562
2.529857
2.530696
2.529983
2.529835
2.528867
2.529132
2.529861
2.528936
2.530528
2.530710
2.530938
2.530624
2.530009
2.530233
2.529831
2.530766
2.530243
2.530419
2.529940
2.529439
2.530217
2.529699
2.529692
2.529926
2.530953
2.529819
2.529814
2.529798
2.529919
2.529860
2.528944
2.529338
2.527385
2.522320
2.509952
2.508938
2.509111
2.509348
2.509898
2.508848
2.503760
2.504914
2.505962
2.504829
2.507390
2.508860
2.509130
2.510972
2.510130
2.509329
2.509260
2.509833
2.509987
2.510608
2.510566
2.510892
2.509820
2.509843
2.510413
2.510543
2.511237
2.510793
2.510629
2.510064
2.508910
2.510207
2.508851
2.509960
2.510555
2.510329
2.510842
2.510228
2.510229
2.510270
2.511218
2.509314
2.509879
2.509124
2.507852
2.507989
2.507337
2.507204
2.506850
2.507809
2.508091
2.507510
2.507994
2.508764
2.509148
2.508540
2.508827
2.508863
2.509231
2.508767
2.507771
2.507747
2.508194
2.509286
2.508390
2.508843
2.508621
2.509089
2.508946
2.508795
2.508922
2.509254
2.509820
2.508312
2.509087
2.508180
2.507949
2.508438
2.508481
2.508554
2.507767
2.507941
2.507198
2.507575
2.507586
2.508023
2.509017
2.509499
2.509990
2.509419
2.510073
2.509604
2.509350
2.509474
2.510601
2.510868
2.509885
2.509981
2.509447
2.510942
2.510799
2.510684
2.510707
2.510514
2.510812
2.509605
2.509297
2.509373
2.510354
2.510814
2.510119
2.510206
2.510397
2.511022
2.515060
2.530798
2.530925
2.531447
2.530986
2.529610
2.529635
2.529997
2.527915
2.526190
2.526318
2.527319
2.526619
2.527698
2.528113
2.528104
2.529043
2.528406
2.528455
2.528907
2.529033
2.530269
2.529430
2.529701
2.529557
2.530194
2.529667
2.529529
2.529594
2.529796
2.529987
2.529337
2.529563
2.528751
2.529836
2.530131
2.529864
2.530203
2.530800
2.532120
2.530994
2.530965
2.531201
2.532424
2.532686
2.531878
2.532640
2.532123
2.532783
2.531785
2.532063
2.532083
2.532926
2.532549
2.531826
2.531711
2.531723
2.532518
2.531946
2.531978
2.531989
2.532045
2.531961
2.531439
2.531078
2.531536
2.532428
2.532122
2.531804
2.531763
2.530377
2.525872
2.511853
2.511241
2.511343
2.511855
2.511306
2.510816
2.511050
2.510650
2.511083
2.510160
2.510489
2.509647
2.509746
2.510605
2.510474
2.510777
2.511175
2.512178
2.510914
2.510974
2.510481
2.510942
2.511582
2.510008
2.510028
2.508583
2.509317
2.509144
2.508584
2.509884
2.510411
2.510982
2.510310
2.510444
2.510078
2.510637
2.510412
2.510242
2.509274
2.509733
2.510704
2.510175
2.510594
2.510809
2.511182
2.511044
2.511051
2.511371
2.511420
2.511222
2.510819
2.510791
2.510877
2.511266
2.510254
2.509972
2.509981
2.510101
2.510468
2.508984
2.508833
2.508147
2.508884
2.507532
2.508920
2.508422
2.508775
2.509953
2.508978
2.508464
2.508442
2.508230
2.508327
2.508622
2.509431
2.509238
2.510218
2.509279
2.508568
2.508683
2.509158
2.509467
2.508930
2.508469
2.508376
2.508724
2.507761
2.507477
2.508668
2.508678
2.508513
2.508373
2.508218
2.508747
2.508491
2.507498
2.507466
2.508152
2.509142
2.508421
2.508550
2.508542
2.509994
2.510465
2.510399
2.509762
2.509698
2.510507
2.509671
2.510180
2.510039
2.510596
2.509764
2.510282
2.527542
2.529442
2.530751
2.530350
2.530369
2.530457
2.531359
2.530895
2.529758
2.530048
2.530212
2.531309
2.529861
2.529153
2.527925
2.526144
2.526934
2.527442
2.526742
2.527582
2.528819
2.528391
2.527746
2.527641
2.527822
2.528970
2.529199
2.529368
2.529135
2.529640
2.529289
2.528996
2.529538
2.529040
2.530277
2.529430
2.529266
2.529181
2.529944
2.530004
2.529500
2.529663
2.529206
2.529781
2.528665
2.528249
2.528472
2.528929
2.529445
2.529878
2.530345
2.531225
2.531757
2.531023
2.530861
2.531213
2.531914
2.532061
2.529942
2.531317
2.531237
2.531990
2.531585
2.531924
2.531496
2.531577
2.532118
2.530904
2.530883
2.531524
2.531999
2.526733
2.514613
2.509602
2.510802
2.511394
2.510717
2.510925
2.511144
2.511686
2.511132
2.510621
2.511056
2.511175
2.512519
2.511178
2.511183
2.510338
2.510315
2.510370
2.510098
2.510852
2.511404
2.511970
2.510937
2.509624
2.509139
2.510833
2.511647
2.511123
2.510903
2.510683
2.510968
2.509589
2.509431
2.509918
2.510096
2.511503
2.510655
2.510521
2.510574
2.509796
2.508394
2.509230
2.509159
2.509860
2.510872
2.509845
2.509249
2.509282
2.509855
2.509896
2.510539
2.510127
2.509918
2.510700
2.510446
2.510170
2.509990
2.510580
2.510099
2.509681
2.509716
2.508566
2.510076
2.508880
2.509444
2.509732
2.509517
2.510064
2.509605
2.509382
2.508601
2.508796
2.507213
2.506703
2.506520
2.506874
2.508077
2.507349
2.506853
2.506785
2.507337
2.506864
2.507433
2.507573
2.508124
2.509236
2.507315
2.507474
2.507243
2.508366
2.508007
2.507839
2.507597
2.506544
2.507126
2.505929
2.507260
2.506996
2.508803
2.508610
2.508713
2.508970
2.508610
2.509421
2.508752
2.508938
2.508647
2.508433
2.508111
2.507347
2.507519
2.507983
2.508945
2.509159
2.509775
2.524662
2.531434
2.531781
2.531391
2.531752
2.531937
2.532980
2.531794
2.530196
2.528188
2.528570
2.530240
2.529781
2.530373
2.531331
2.531790
2.531540
2.531614
2.531760
2.533100
2.533963
2.532821
2.532723
2.533376
2.533636
2.533651
2.533817
2.533962
2.534015
2.534536
2.533491
2.533696
2.533717
2.534531
2.534212
2.533925
2.533692
2.533428
2.534328
2.533709
2.534304
2.534997
2.535246
2.535786
2.534497
2.534572
2.534080
2.535465
2.535385
2.535108
2.534682
2.534759
2.534406
2.533779
2.534365
2.534418
2.535051
2.534937
2.534129
2.533177
2.532297
2.533499
2.533450
2.535594
2.536857
2.536565
2.536444
2.535298
2.535802
2.536237
2.537398
2.532297
2.523515
2.515813
2.515683
2.515385
2.514981
2.515490
2.515933
2.516885
2.515927
2.514800
2.513642
2.514299
2.515678
2.515954
2.515858
2.516302
2.517228
2.515830
2.514971
2.515424
2.516229
2.517281
2.516780
2.516915
2.515330
2.514768
2.513736
2.515219
2.516270
2.516741
2.517442
2.516236
2.516048
2.514812
2.515876
2.514879
2.515153
2.514649
2.516036
2.516115
2.514163
2.512448
2.513873
2.515781
2.516258
2.515998
2.515953
2.515798
2.515137
2.514244
2.516304
2.516756
2.517076
2.517367
2.515586
2.514783
2.512732
2.514014
2.514023
2.514973
2.516087
2.516270
2.516591
2.514631
2.514553
2.516544
2.516674
2.516596
2.516304
2.515415
2.513674
2.514152
2.514887
2.516193
2.515901
2.516573
2.516611
2.515363
2.514347
2.515934
2.517107
2.516732
2.515172
2.514840
2.513399
2.511170
2.512437
2.512441
2.512382
2.514802
2.513618
2.513425
2.511705
2.513443
2.514449
2.514222
2.514552
2.514139
2.513855
2.510531
2.512315
2.513762
2.514167
2.514223
2.512908
2.512746
2.510872
2.512488
2.513680
2.514622
2.514470
2.514459
2.514365
2.512660
2.512138
2.524155
2.534636
2.534394
2.534404
2.534420
2.533101
2.532844
2.533315
2.533559
2.533696
2.534513
2.533790
2.532120
2.531759
2.532222
2.533776
2.532186
2.532198
2.532440
2.531525
2.530181
2.530652
2.531561
2.533826
2.533985
2.533111
2.532184
2.530133
2.531250
2.533678
2.534282
2.534260
2.533924
2.534085
2.530992
2.531168
2.532471
2.534201
2.534537
2.533931
2.532895
2.531229
2.531034
2.531677
2.533418
2.533004
2.533103
2.532879
2.530354
2.529363
2.530308
2.532535
2.532160
2.531494
2.531222
2.529622
2.528828
2.528803
2.530957
2.530890
2.531401
2.530720
2.529015
2.527277
2.527698
2.530639
2.530689
2.530501
2.529818
2.529015
2.527519
2.524487
2.519038
2.510397
2.510495
2.510204
2.509347
2.508085
2.508193
2.509557
2.511117
2.511143
2.510786
2.510421
2.507975
2.508420
2.508706
2.511200
2.511644
2.508999
2.507913
2.506606
2.507360
2.505895
2.506090
2.506729
2.506588
2.506621
2.507177
2.507262
2.506502
2.510293
2.510901
2.509947
2.509156
2.508397
2.508624
2.507890
2.509710
2.509366
2.510868
2.510377
2.510564
2.510026
2.509860
2.511271
2.511670
2.510954
2.509720
2.509283
2.508674
2.508181
2.508429
2.511256
2.511449
2.510939
2.510448
2.510059
2.510698
2.510636
2.510602
2.510597
2.510842
2.511032
2.509117
2.509084
2.509142
2.510103
2.511434
2.510260
2.510481
2.510023
2.510899
2.510598
2.510515
2.510538
2.510223
2.509913
2.510198
2.509058
2.509142
2.509941
2.510787
2.510702
2.510479
2.510700
2.511510
2.510433
2.510403
2.510427
2.511082
2.511245
2.510265
2.510388
2.509554
2.510434
2.508628
2.507969
2.506855
2.507825
2.507161
2.506441
2.507613
2.507665
2.509452
2.508343
2.508665
2.508351
2.508183
2.508494
2.507405
2.506783
2.506301
2.506893
2.506254
2.506532
2.506901
2.514470
2.528109
2.527158
2.527209
2.526436
2.526669
2.526436
2.525566
2.525716
2.525771
2.525656
2.523528
2.522532
2.522349
2.522864
2.522126
2.522908
2.523305
2.522874
2.523490
2.522621
2.522882
2.523191
2.524942
2.523631
2.523631
2.523803
2.524320
2.523825
2.524010
2.523549
2.523854
2.523979
2.523370
2.522779
2.522775
2.523643
2.523184
2.522931
2.522892
2.522804
2.523432
2.523497
2.523715
2.523572
2.523381
2.522249
2.522016
2.522424
2.522439
2.524143
2.523333
2.523532
2.523601
2.524477
2.523992
2.523769
2.523641
2.523214
2.523807
2.523673
2.523717
2.524003
2.524425
2.524403
2.523626
2.523001
2.524047
2.524963
2.524549
2.523153
2.517700
2.505423
2.506158
2.506070
2.506839
2.506843
2.507471
2.507108
2.506350
2.506295
2.505909
2.506642
2.506064
2.506692
2.507144
2.506769
2.506647
2.507147
2.507179
2.507107
2.508104
2.507302
2.507288
2.507156
2.507730
2.506952
2.505937
2.506384
2.506422
2.508460
2.507493
2.508044
2.508000
2.508221
2.508109
2.508275
2.507814
2.507602
2.508871
2.508121
2.506918
2.505745
2.505853
2.506297
2.506029
2.507457
2.507406
2.507276
2.506952
2.507655
2.507455
2.507936
2.508748
2.508540
2.507989
2.506235
2.507277
2.506948
2.506759
2.507924
2.509374
2.509587
2.507793
2.507756
2.508207
2.508675
2.508430
2.509709
2.509506
2.507886
2.507150
2.506760
2.507257
2.507014
2.509989
2.509847
2.508377
2.507936
2.507291
2.509230
2.508164
2.509360
2.510235
2.509908
2.508847
2.506229
2.506901
2.507080
2.508052
2.510282
2.509761
2.508470
2.507501
2.507256
2.506636
2.505120
2.507693
2.508507
2.506192
2.505829
2.507092
2.506850
2.507132
2.508118
2.507373
2.508000
2.506871
2.507812
2.507421
2.506513
2.509142
2.507333
2.506676
2.506160
2.508764
2.526281
2.525576
2.527654
2.528343
2.528502
2.527287
2.527680
2.528421
2.528424
2.529219
2.529231
2.528906
2.528419
2.528372
2.527093
2.526752
2.523884
2.526155
2.526376
2.526881
2.525411
2.525100
2.527218
2.526599
2.527624
2.527594
2.527647
2.527661
2.526864
2.528263
2.527317
2.529790
2.529359
2.528684
2.528677
2.527173
2.528881
2.527725
2.528404
2.529115
2.529423
2.529149
2.527806
2.527890
2.528348
2.528840
2.529055
2.528470
2.529324
2.529206
2.528859
2.529343
2.528836
2.530227
2.530374
2.529788
2.529155
2.528419
2.529954
2.529145
2.530123
2.529017
2.528017
2.529039
2.527493
2.528995
2.529536
2.530338
2.531070
2.530274
2.529694
2.523724
2.511066
2.509472
2.508487
2.509826
2.509885
2.510234
2.508821
2.508139
2.509111
2.510172
2.510580
2.510232
2.509651
2.509343
2.510231
2.510455
2.510886
2.510554
2.511182
2.511088
2.509934
2.510587
2.510849
2.511945
2.511495
2.511081
2.511429
2.511302
2.510472
2.510012
2.511069
2.511295
2.511465
2.510813
2.510305
2.509916
2.510282
2.511298
2.511202
2.511632
2.511815
2.512310
2.511208
2.509816
2.510727
2.511496
2.511880
2.509699
2.510062
2.509266
2.509010
2.510213
2.510720
2.511288
2.510986
2.510008
2.508901
2.508020
2.508404
2.509720
2.510021
2.510101
2.509925
2.509916
2.509677
2.507915
2.510638
2.510475
2.511331
2.511906
2.511154
2.510161
2.509038
2.510607
2.509945
2.510199
2.511340
2.509604
2.509228
2.507823
2.508476
2.510408
2.511577
2.511083
2.510934
2.509893
2.509024
2.508307
2.509472
2.509542
2.510200
2.511163
2.509300
2.507501
2.507201
2.508703
2.509674
2.510404
2.509881
2.509399
2.508639
2.508352
2.508472
2.508374
2.509765
2.510647
2.508539
2.505734
2.505122
2.505393
2.506409
2.505705
2.506611
2.508017
2.507379
2.523379
2.526876
2.527359
2.527747
2.528854
2.528486
2.526737
2.524427
2.526097
2.526348
2.525513
2.526643
2.527160
2.527028
2.523335
2.524250
2.523828
2.523484
2.525633
2.524242
2.525250
2.525374
2.525772
2.524772
2.524983
2.526787
2.527277
2.525604
2.524552
2.526631
2.526088
2.524497
2.525527
2.527056
2.525840
2.524652
2.526203
2.526104
2.525412
2.527112
2.526304
2.526056
2.524227
2.525705
2.526010
2.524523
2.525158
2.526461
2.526886
2.525827
2.525399
2.525969
2.525592
2.526506
2.526251
2.526040
2.525577
2.525657
2.525527
2.524579
2.525343
2.525690
2.526312
2.525314
2.525105
2.525328
2.525336
2.525445
2.525291
2.525519
2.521158
2.511098
2.504920
2.505093
2.505005
2.505129
2.503880
2.503704
2.503768
2.505297
2.506057
2.504481
2.504578
2.504657
2.505525
2.505733
2.504951
2.505286
2.505353
2.505723
2.505319
2.505823
2.505170
2.505451
2.506136
2.505477
2.506155
2.505253
2.506593
2.505955
2.506277
2.506789
2.507119
2.507812
2.506632
2.506844
2.507369
2.507131
2.506778
2.507053
2.506833
2.505881
2.506130
2.505918
2.506012
2.506307
2.507448
2.507859
2.507024
2.506802
2.507318
2.508004
2.506832
2.506947
2.506990
2.507465
2.506368
2.506139
2.505499
2.505473
2.507250
2.506150
2.506344
2.506332
2.506714
2.506835
2.506234
2.506117
2.505598
2.506179
2.504297
2.503086
2.503167
2.504854
2.505288
2.503301
2.501507
2.504099
2.506000
2.506275
2.506036
2.505626
2.505241
2.504999
2.504287
2.504367
2.504171
2.504708
2.504449
2.503339
2.503331
2.503271
2.504489
2.504075
2.505154
2.505184
2.504956
2.504330
2.502943
2.502542
2.503396
2.505612
2.504888
2.504571
2.504550
2.504408
2.504733
2.504611
2.504955
2.506500
2.506291
2.505394
2.504921
2.503447
2.505001
2.504712
2.517928
2.523829
2.523533
2.523057
2.521566
2.521374
2.522198
2.522888
2.524832
2.523834
2.523924
2.523298
2.522341
2.523807
2.523234
2.523493
2.523029
2.523090
2.520617
2.518917
2.520221
2.521598
2.520763
2.520475
2.522416
2.521936
2.521244
2.519823
2.522008
2.523136
2.523446
2.522948
2.522744
2.521859
2.523436
2.522011
2.521709
2.522411
2.522676
2.522540
2.521333
2.522076
2.522032
2.522414
2.522578
2.521861
2.521040
2.522191
2.522111
2.522070
2.522467
2.523003
2.522399
2.521706
2.521746
2.522457
2.522794
2.521921
2.522243
2.522568
2.521885
2.522224
2.521980
2.522141
2.522693
2.522285
2.521836
2.521621
2.519072
2.511021
2.501366
2.501864
2.501485
2.502212
2.501115
2.501453
2.501591
2.501610
2.502180
2.501760
2.501858
2.501557
2.501664
2.501399
2.501603
2.501533
2.501677
2.500198
2.500541
2.501011
2.502076
2.501650
2.501435
2.501299
2.499672
2.500293
2.499559
2.499884
2.500734
2.501834
2.500935
2.499959
2.499704
2.498289
2.499324
2.497723
2.498807
2.499566
2.499896
2.499195
2.499304
2.500484
2.499937
2.502031
2.502801
2.501798
2.500314
2.500194
2.500463
2.500300
2.502028
2.501824
2.502123
2.500762
2.500464
2.501514
2.501665
2.501979
2.501499
2.501222
2.500352
2.499574
2.499452
2.499601
2.499848
2.501444
2.501361
2.500275
2.499483
2.500079
2.501240
2.500607
2.500309
2.499901
2.499270
2.500163
2.498369
2.499059
2.498870
2.500477
2.500556
2.499860
2.499064
2.499231
2.500418
2.499518
2.498243
2.498043
2.497553
2.497356
2.496363
2.496881
2.497393
2.499089
2.498233
2.498133
2.497532
2.496746
2.496790
2.497260
2.498383
2.498484
2.498636
2.495158
2.493275
2.492879
2.495564
2.496936
2.495348
2.495815
2.493408
2.492147
2.494296
2.502595
2.516265
2.516868
2.517440
2.516369
2.513393
2.512048
2.512875
2.512710
2.513858
2.509848
2.506901
2.508832
2.506720
2.508108
2.511811
2.512715
2.512566
2.510822
2.511451
2.511713
2.512829
2.512864
2.513108
2.512820
2.510749
2.511775
2.514229
2.514335
2.514836
2.514813
2.514581
2.514264
2.512236
2.513857
2.514636
2.516072
2.515458
2.514780
2.514127
2.513315
2.514113
2.515128
2.514606
2.514820
2.515396
2.514663
2.513765
2.514498
2.515061
2.515957
2.514830
2.514200
2.514370
2.513736
2.514181
2.514250
2.514727
2.513055
2.513634
2.512437
2.512688
2.512268
2.513884
2.515064
2.514784
2.514468
2.514216
2.513049
2.505738
2.494831
2.494510
2.494845
2.495094
2.495069
2.494457
2.494619
2.495299
2.495236
2.494855
2.494294
2.494695
2.494680
2.494911
2.494981
2.494994
2.495197
2.495040
2.495144
2.495262
2.495230
2.495992
2.494713
2.494648
2.494680
2.494134
2.494745
2.493528
2.494029
2.494489
2.495177
2.494243
2.494626
2.493991
2.494765
2.494738
2.494440
2.493987
2.493230
2.494769
2.493505
2.493061
2.492374
2.493182
2.494046
2.492910
2.492701
2.493783
2.494221
2.493448
2.492060
2.492941
2.493954
2.494435
2.493974
2.493891
2.492610
2.491323
2.490426
2.492006
2.491346
2.492918
2.494133
2.494062
2.493886
2.492324
2.492853
2.493006
2.492395
2.492626
2.492290
2.493235
2.492224
2.490402
2.491722
2.492369
2.492189
2.492573
2.492726
2.493641
2.493014
2.491088
2.491133
2.491027
2.492052
2.490614
2.490867
2.490733
2.488660
2.490218
2.489231
2.489653
2.489265
2.489088
2.490272
2.488202
2.485895
2.485363
2.485656
2.486794
2.485088
2.485493
2.485668
2.484834
2.484881
2.483285
2.484916
2.484732
2.484888
2.485151
2.482912
2.482798
2.481475
2.480909
2.487342
2.500634
2.501898
2.500863
2.497590
2.497150
2.496045
2.501681
2.499044
2.499932
2.500238
2.496325
2.495987
2.493209
2.497651
2.497782
2.499290
2.494107
2.489778
2.490616
2.490808
2.492542
2.495031
2.496133
2.497832
2.493643
2.489643
2.494041
2.491249
2.493656
2.496068
2.494990
2.490557
2.482930
2.488008
2.485281
2.486985
2.493452
2.495530
2.493084
2.482362
2.484067
2.484601
2.489647
2.492086
2.483057
2.478869
2.484413
2.480736
2.486113
2.494071
2.494496
2.486264
2.476501
2.481298
2.478997
2.478765
2.486877
2.482908
2.472370
2.470773
2.472844
2.470592
2.479034
2.482116
2.482293
2.474175
2.469619
2.473496
2.466645
2.459585
2.462138
2.465602
2.461026
2.455112
2.455193
2.455867
2.456654
2.460588
2.462769
2.462828
2.457261
2.454302
2.457453
2.455575
2.458695
2.461594
2.462590
2.459567
2.453440
2.455599
2.458106
2.457724
2.460169
2.460501
2.461691
2.454756
2.450502
2.454178
2.452362
2.452752
2.452347
2.452773
2.449312
2.441675
2.440918
2.442067
2.441307
2.440968
2.439700
2.438484
2.431647
2.425215
2.428694
2.426750
2.427931
2.426609
2.425590
2.423265
2.414199
2.414723
2.414914
2.416192
2.416829
2.414519
2.413363
2.406557
2.403232
2.404665
2.402596
2.402358
2.402445
2.402647
2.397557
2.392064
2.393775
2.395504
2.394599
2.393586
2.393501
2.393381
2.388240
2.387480
2.391719
2.390717
2.389885
2.389113
2.391064
2.390635
2.388734
2.393245
2.395722
2.395585
2.394359
2.395331
2.395836
2.393111
2.395142
2.397554
2.399330
2.398267
2.397529
2.399138
2.398064
2.396400
2.400434
2.402634
2.402403
2.401619
2.401856
2.402586
2.400997
2.404735
2.407829
2.406623
2.405928
2.405253
2.406740
2.404187
2.404523
2.408815
2.410036
2.410656
2.409320
2.413307
2.428405
2.429363
2.432696
2.434559
2.434935
2.436289
2.438446
2.438609
2.435651
2.437986
2.439147
2.438256
2.441635
2.442168
2.445810
2.445282
2.445011
2.450649
2.452276
2.454666
2.457021
2.458445
2.458369
2.456543
2.460156
2.459684
2.459297
2.461830
2.462761
2.462581
2.460027
2.459719
2.461666
2.462105
2.461737
2.460402
2.458358
2.457106
2.452637
2.452606
2.451574
2.451284
2.452229
2.449940
2.448760
2.447064
2.445956
2.446811
2.445426
2.447164
2.447327
2.447174
2.443783
2.445903
2.446812
2.449401
2.450719
2.451463
2.452267
2.452160
2.451546
2.454081
2.455044
2.457437
2.459170
2.459196
2.458285
2.461228
2.461202
2.457814
2.448168
2.445185
2.446399
2.445458
2.446731
2.449751
2.452031
2.453916
2.456572
2.459431
2.460224
2.460747
2.462229
2.463215
2.465629
2.468575
2.469589
2.470348
2.469838
2.469313
2.471533
2.472913
2.474485
2.475891
2.476635
2.477028
2.474932
2.475285
2.476315
2.477937
2.478688
2.479348
2.479208
2.478745
2.478873
2.478967
2.479303
2.479956
2.481059
2.480609
2.480460
2.479119
2.479298
2.480750
2.479780
2.481557
2.482278
2.482530
2.481788
2.480786
2.481851
2.481905
2.483412
2.483075
2.483363
2.483550
2.482938
2.482541
2.482665
2.483534
2.485638
2.486649
2.485922
2.485432
2.485175
2.486461
2.486201
2.486377
2.486913
2.487420
2.488104
2.486618
2.486928
2.487559
2.488633
2.490156
2.490675
2.491186
2.490991
2.491915
2.491844
2.491753
2.492152
2.492532
2.493567
2.492194
2.491060
2.490787
2.491913
2.489648
2.490697
2.491861
2.493206
2.493975
2.493416
2.493770
2.493978
2.494810
2.495054
2.494376
2.494157
2.493184
2.494345
2.493751
2.493628
2.495364
2.496094
2.495852
2.495549
2.495481
2.495483
2.496172
2.495743
2.496176
2.495860
2.511930
2.515486
2.514912
2.514584
2.514201
2.512466
2.512287
2.513296
2.514698
2.514801
2.515703
2.514171
2.515463
2.514732
2.515672
2.516185
2.516828
2.517076
2.517561
2.518257
2.517593
2.517931
2.517592
2.517843
2.517442
2.517809
2.517618
2.517548
2.518597
2.517995
2.517605
2.517723
2.518210
2.518151
2.517933
2.518445
2.518142
2.519026
2.518320
2.517309
2.516089
2.516154
2.516345
2.516434
2.517021
2.516757
2.517780
2.516627
2.516488
2.516397
2.516617
2.516795
2.514985
2.515241
2.515105
2.515418
2.515317
2.516057
2.515970
2.516327
2.515785
2.516197
2.516332
2.516752
2.515798
2.516328
2.515941
2.516052
2.517095
2.516820
2.512321
2.503084
2.496481
2.496054
2.495649
2.495555
2.495883
2.496686
2.496402
2.496150
2.496866
2.496952
2.496653
2.497038
2.496837
2.496300
2.497494
2.496420
2.496060
2.496014
2.496618
2.495899
2.496694
2.496291
2.496530
2.495842
2.496902
2.496587
2.497184
2.497262
2.496704
2.496530
2.496163
2.497471
2.496853
2.496061
2.496360
2.496263
2.496870
2.496073
2.496603
2.496901
2.497640
2.497136
2.497116
2.496645
2.496988
2.497833
2.496970
2.496355
2.496762
2.497923
2.497217
2.495968
2.492977
2.492726
2.496213
2.495918
2.496012
2.496442
2.497985
2.497780
2.497992
2.498482
2.497030
2.497895
2.497144
2.497327
2.497431
2.497375
2.498178
2.497869
2.497763
2.497760
2.498551
2.497741
2.496807
2.497128
2.497888
2.497932
2.497026
2.497016
2.496969
2.498248
2.497853
2.497759
2.497876
2.498422
2.499605
2.497501
2.497907
2.498125
2.499163
2.500799
2.499409
2.499356
2.499329
2.500075
2.499989
2.500481
2.500259
2.500999
2.500290
2.500944
2.500542
2.500284
2.501234
2.500284
2.500508
2.499921
2.499739
2.499995
2.499696
2.499897
2.499397
2.512752
2.521447
2.521591
2.521539
2.521858
2.521599
2.521461
2.521316
2.521521
2.521555
2.520634
2.516288
2.516015
2.517038
2.518333
2.517115
2.517332
2.518761
2.518999
2.519180
2.519341
2.517893
2.517787
2.520194
2.522503
2.521603
2.522035
2.521877
2.521278
2.522312
2.522442
2.522836
2.521804
2.521523
2.521644
2.521807
2.521709
2.521924
2.521813
2.521985
2.522547
2.521664
2.521583
2.521148
2.520875
2.521791
2.520637
2.521446
2.521387
2.522510
2.522505
2.522427
2.522157
2.522153
2.522647
2.522335
2.521920
2.522480
2.523493
2.522791
2.522345
2.521597
2.522275
2.522953
2.522337
2.522594
2.522584
2.521073
2.520441
2.518862
2.515602
2.508656
2.497938
2.496840
2.497261
2.497249
2.498590
2.497941
2.496900
2.496237
2.496337
2.496980
2.495987
2.497466
2.496930
2.497243
2.497894
2.497507
2.496822
2.496300
2.497314
2.496839
2.497016
2.497090
2.496831
2.497022
2.495437
2.496220
2.495704
2.496865
2.496132
2.495633
2.495701
2.495633
2.496498
2.496069
2.496992
2.497538
2.495795
2.497562
2.498150
2.497073
2.498544
2.499120
2.499006
2.498553
2.498398
2.499191
2.498620
2.498208
2.498538
2.499917
2.500622
2.499449
2.499207
2.498302
2.498546
2.498559
2.499094
2.498100
2.497890
2.498357
2.497250
2.496411
2.496820
2.498123
2.498046
2.497151
2.497117
2.495983
2.495707
2.495106
2.495633
2.496333
2.494572
2.494539
2.492380
2.490510
2.490751
2.492211
2.494799
2.493591
2.493205
2.492757
2.489747
2.488863
2.489269
2.492148
2.492186
2.491309
2.489882
2.487442
2.486724
2.487741
2.489594
2.491288
2.490189
2.490162
2.488548
2.485464
2.485353
2.486709
2.490337
2.488869
2.489261
2.488257
2.485685
2.487087
2.487960
2.490495
2.491218
2.491411
2.490511
2.486847
2.485285
2.486300
2.496320
2.510378
2.510343
2.507551
2.503328
2.499067
2.501901
2.506101
2.507331
2.507734
2.505866
2.503427
2.503438
2.504216
2.506133
2.507761
2.508051
2.507520
2.505930
2.502977
2.503324
2.504661
2.506768
2.505913
2.502750
2.502158
2.500803
2.497327
2.503491
2.504144
2.502427
2.502541
2.502108
2.501621
2.496247
2.500806
2.501886
2.499630
2.499079
2.500926
2.500480
2.498161
2.498876
2.501618
2.502801
2.499964
2.503023
2.501898
2.497665
2.498524
2.499798
2.504172
2.505201
2.507690
2.507557
2.505036
2.502724
2.503895
2.505890
2.508256
2.509063
2.508141
2.509164
2.507988
2.507742
2.508259
2.507597
2.509604
2.508860
2.508596
2.505790
2.500543
2.487872
2.487283
2.487723
2.487544
2.488765
2.486698
2.485877
2.485492
2.485243
2.485939
2.484154
2.486578
2.485923
2.486064
2.485505
2.485464
2.484978
2.485770
2.486070
2.485743
2.484414
2.483839
2.483463
2.483535
2.483788
2.483628
2.484339
2.484697
2.485039
2.485470
2.485318
2.486234
2.486594
2.486075
2.486249
2.485937
2.486335
2.484906
2.485009
2.485126
2.486264
2.486541
2.485911
2.486092
2.485973
2.485746
2.485967
2.486823
2.487260
2.486281
2.486313
2.485803
2.485585
2.486443
2.487534
2.487034
2.487153
2.486228
2.486774
2.487131
2.486078
2.486132
2.486919
2.487980
2.486045
2.485558
2.485632
2.486388
2.488084
2.487430
2.487694
2.487357
2.487690
2.487180
2.487144
2.487721
2.487657
2.489001
2.487593
2.486748
2.486585
2.486871
2.486942
2.488097
2.487975
2.487817
2.488337
2.487178
2.487281
2.486601
2.486269
2.486800
2.486712
2.487544
2.486908
2.487196
2.487174
2.487375
2.488124
2.487849
2.488726
2.487326
2.486194
2.487710
2.488248
2.487780
2.487004
2.487393
2.486991
2.485867
2.485577
2.486749
2.487301
2.488176
2.490009
2.507134
2.505862
2.505447
2.507762
2.507239
2.508732
2.508410
2.509766
2.508458
2.506636
2.506747
2.503722
2.503467
2.503501
2.503523
2.505222
2.505952
2.506082
2.508109
2.507863
2.506834
2.508171
2.508783
2.508006
2.506273
2.508450
2.509431
2.507750
2.507429
2.508095
2.509127
2.507845
2.507545
2.508724
2.508243
2.508484
2.506630
2.506887
2.507218
2.507257
2.505227
2.505322
2.505407
2.505317
2.507285
2.507461
2.506499
2.506739
2.508697
2.507460
2.507549
2.507231
2.506769
2.506092
2.505499
2.506923
2.509092
2.509261
2.508621
2.507577
2.506551
2.505176
2.506624
2.508949
2.509618
2.509083
2.509418
2.509119
2.507884
2.508086
2.509092
2.504848
2.491913
2.489025
2.487918
2.488759
2.488515
2.488832
2.489170
2.489228
2.489645
2.489039
2.488343
2.487226
2.486724
2.488024
2.486060
2.486393
2.486244
2.484964
2.484684
2.484186
2.483943
2.484410
2.485129
2.484454
2.484503
2.484461
2.483308
2.483377
2.481778
2.482572
2.484366
2.483500
2.482031
2.479771
2.482466
2.480642
2.477505
2.479440
2.479870
2.480131
2.472812
2.477503
2.478644
2.473436
2.476674
2.480168
2.480190
2.471541
2.469516
2.478622
2.472148
2.470369
2.477294
2.481146
2.475526
2.457036
2.472479
2.476397
2.469014
2.476144
2.480031
2.482232
2.458687
2.461505
2.477108
2.472667
2.475988
2.482479
2.483177
2.467542
2.458020
2.471228
2.478473
2.474503
2.482401
2.481913
2.477555
2.458234
2.466102
2.473197
2.473955
2.477200
2.479000
2.476493
2.463284
2.464095
2.465236
2.472549
2.473513
2.477783
2.474988
2.469718
2.463843
2.467839
2.467371
2.470794
2.474130
2.472049
2.468922
2.462173
2.464179
2.463196
2.464612
2.467691
2.467176
2.465581
2.464091
2.464452
2.466771
2.467075
2.470194
2.472312
2.473646
2.472896
2.489790
2.494214
2.495421
2.497126
2.497303
2.496169
2.495593
2.494744
2.496021
2.495049
2.498555
2.499378
2.499841
2.500633
2.498971
2.498739
2.496290
2.494511
2.494028
2.493252
2.493198
2.491965
2.490261
2.489244
2.489733
2.490352
2.491906
2.492554
2.492581
2.493163
2.492557
2.492012
2.491750
2.492059
2.492142
2.490743
2.490020
2.490260
2.490507
2.488285
2.488558
2.488183
2.488205
2.487419
2.486693
2.486832
2.486521
2.487337
2.486265
2.486951
2.486330
2.487462
2.488755
2.490825
2.490105
2.490072
2.491394
2.491702
2.491865
2.491561
2.491433
2.490825
2.489791
2.488746
2.488164
2.488725
2.486652
2.486321
2.485763
2.485051
2.480366
2.468504
2.462986
2.462518
2.462892
2.463378
2.462991
2.463093
2.463906
2.466049
2.466358
2.467266
2.467505
2.466884
2.465589
2.468418
2.468121
2.469466
2.470355
2.469693
2.467188
2.453356
2.463775
2.466283
2.469040
2.473434
2.473833
2.472396
2.451613
2.445229
2.460123
2.465259
2.478253
2.476542
2.476184
2.454681
2.436271
2.451291
2.457960
2.471761
2.478068
2.477342
2.459242
2.433916
2.445999
2.449687
2.461749
2.478315
2.474345
2.460141
2.435185
2.433023
2.442491
2.446767
2.473817
2.473370
2.463332
2.443789
2.436896
2.454236
2.448371
2.475337
2.478558
2.468606
2.447558
2.429998
2.436997
2.462294
2.472465
2.465748
2.445893
2.431927
2.440711
2.443321
2.456727
2.475295
2.473854
2.453015
2.441467
2.452056
2.452538
2.454984
2.476612
2.476696
2.465209
2.450079
2.460048
2.465608
2.457167
2.476566
2.478599
2.476250
2.458580
2.464522
2.473580
2.467958
2.474263
2.479388
2.479462
2.472951
2.467504
2.476820
2.476691
2.473583
2.481305
2.481098
2.480216
2.471130
2.477133
2.479084
2.472786
2.478147
2.480509
2.480142
2.477422
2.485939
2.498221
2.497231
2.492583
2.500980
2.501041
2.500615
2.494179
2.495276
2.498210
2.486872
2.494406
2.497228
2.495935
2.493626
2.485290
2.492178
2.490443
2.482696
2.496910
2.499960
2.500139
2.494017
2.488400
2.490751
2.490038
2.504519
2.507305
2.507745
2.498131
2.499310
2.506859
2.497436
2.507905
2.515535
2.516030
2.513365
2.501525
2.507845
2.508249
2.504151
2.517318
2.520806
2.519836
2.513431
2.503967
2.513094
2.507854
2.513489
2.521142
2.521608
2.522076
2.511647
2.509617
2.515746
2.512488
2.521001
2.521690
2.522096
2.520575
2.511789
2.516740
2.515267
2.518263
2.521706
2.522649
2.522113
2.517881
2.513520
2.518452
2.514203
2.509605
2.501488
2.501057
2.500815
2.498397
2.499295
2.499403
2.500355
2.501346
2.501312
2.501060
2.500697
2.500377
2.499181
2.498897
2.499579
2.500232
2.501208
2.498337
2.498050
2.498642
2.500205
2.500942
2.500738
2.501132
2.501426
2.501407
2.500059
2.499545
2.499494
2.500684
2.500372
2.501515
2.501262
2.500836
2.501358
2.501518
2.500706
2.501109
2.501987
2.501164
2.500392
2.500371
2.499382
2.499869
2.497904
2.498577
2.498557
2.498506
2.498143
2.499071
2.499095
2.499667
2.499846
2.499555
2.499528
2.499078
2.499557
2.499264
2.498338
2.498460
2.498482
2.499505
2.499108
2.498789
2.498806
2.498615
2.499507
2.498535
2.499036
2.498637
2.499480
2.498154
2.498569
2.498604
2.498989
2.499053
2.497969
2.497959
2.497585
2.498364
2.498147
2.498516
2.498405
2.498658
2.499017
2.499374
2.498962
2.498430
2.498448
2.498627
2.498186
2.497550
2.497395
2.498285
2.498425
2.498087
2.497724
2.498398
2.498057
2.497074
2.497239
2.497767
2.497520
2.497040
2.497373
2.497879
2.499455
2.499443
2.499707
2.499368
2.499897
2.500610
2.499911
2.499847
2.509272
2.520307
2.520915
2.519659
2.519548
2.519495
2.518348
2.516727
2.516248
2.517591
2.517203
2.518170
2.519072
2.519006
2.519286
2.520246
2.519323
2.519206
2.519348
2.519465
2.520230
2.519273
2.520350
2.520560
2.521056
2.521020
2.519664
2.520601
2.520324
2.521042
2.520463
2.520618
2.520292
2.520519
2.520719
2.520557
2.519963
2.519829
2.519734
2.518113
2.518445
2.518916
2.520577
2.520098
2.519401
2.519580
2.519937
2.521015
2.520589
2.520486
2.520309
2.520487
2.520797
2.520264
2.520211
2.520280
2.520907
2.520260
2.519826
2.519976
2.520207
2.521230
2.519642
2.520304
2.520194
2.520558
2.519884
2.518698
2.519125
2.519428
2.521587
2.518079
2.511636
2.499350
2.499900
2.500005
2.499117
2.499877
2.498443
2.499510
2.499079
2.499536
2.499668
2.500177
2.500318
2.499865
2.499748
2.499512
2.499795
2.499371
2.499317
2.498959
2.499331
2.499006
2.497862
2.497016
2.497279
2.497475
2.496997
2.496172
2.495140
2.495128
2.495537
2.494342
2.493926
2.493175
2.492995
2.492158
2.490097
2.488963
2.488622
2.489420
2.490041
2.489173
2.487373
2.487004
2.485728
2.484527
2.484020
2.482742
2.484458
2.483009
2.483480
2.482954
2.482315
2.481946
2.480723
2.480864
2.480726
2.481939
2.481108
2.480938
2.480901
2.480753
2.481037
2.480080
2.479955
2.479966
2.479961
2.479113
2.479180
2.479241
2.479439
2.480506
2.480263
2.480616
2.480781
2.481042
2.480273
2.480343
2.480024
2.478424
2.480347
2.479455
2.478543
2.478398
2.478800
2.479264
2.478460
2.479067
2.479990
2.481219
2.479916
2.479779
2.480489
2.480475
2.480231
2.479830
2.479318
2.479097
2.479496
2.479903
2.479908
2.478782
2.478063
2.479139
2.478376
2.479255
2.479898
2.480471
2.480049
2.479573
2.479077
2.479552
2.479613
2.478701
2.478976
2.484701
2.499450
2.499759
2.500120
2.500762
2.500315
2.501507
2.500975
2.500585
2.499939
2.500702
2.500378
2.499254
2.496865
2.497088
2.498016
2.496912
2.495891
2.498727
2.499530
2.498991
2.500464
2.500761
2.499633
2.499517
2.500284
2.500054
2.499573
2.500679
2.501496
2.500297
2.499074
2.499657
2.501335
2.500242
2.499951
2.501710
2.502937
2.502173
2.500821
2.502502
2.502301
2.502544
2.503708
2.504107
2.502803
2.502416
2.504073
2.503741
2.503811
2.505081
2.506697
2.506627
2.504873
2.505743
2.505831
2.504503
2.504134
2.506250
2.507876
2.507486
2.507364
2.508005
2.507699
2.507035
2.510082
2.509366
2.509079
2.508141
2.509746
2.509300
2.506638
2.503298
2.491309
2.489912
2.488349
2.489111
2.489853
2.489151
2.490164
2.492247
2.491369
2.489294
2.489929
2.491013
2.490483
2.489021
2.491443
2.492050
2.490090
2.490287
2.491236
2.491159
2.490057
2.490932
2.492287
2.491123
2.490810
2.491211
2.490659
2.489238
2.489554
2.491298
2.490348
2.489019
2.489997
2.491312
2.489313
2.489260
2.490897
2.492219
2.490428
2.489536
2.489991
2.488923
2.489153
2.488942
2.490062
2.488964
2.488585
2.489762
2.487504
2.485397
2.486737
2.489566
2.490656
2.488940
2.489122
2.488842
2.487581
2.485105
2.486838
2.487326
2.486965
2.485340
2.486199
2.485573
2.484401
2.486944
2.487455
2.487421
2.486132
2.487370
2.486280
2.484667
2.485127
2.486377
2.487583
2.485498
2.485341
2.485955
2.484505
2.484060
2.485789
2.486962
2.485966
2.486337
2.486053
2.484934
2.483578
2.485824
2.485504
2.484580
2.483371
2.483937
2.484155
2.481750
2.481756
2.484482
2.485075
2.484692
2.484766
2.485290
2.483886
2.483026
2.484122
2.484867
2.484419
2.484004
2.485021
2.484096
2.482258
2.482269
2.484515
2.485130
2.484015
2.484655
2.485505
2.501593
2.499920
2.501362
2.501572
2.502655
2.502169
2.500901
2.498302
2.494409
2.496207
2.497721
2.498788
2.498103
2.497866
2.496958
2.496101
2.494370
2.495545
2.497579
2.496910
2.496812
2.496765
2.495220
2.491692
2.492396
2.493116
2.493598
2.493937
2.493637
2.492714
2.490167
2.488383
2.489666
2.490743
2.490441
2.490877
2.490873
2.488836
2.485105
2.486223
2.487823
2.489154
2.488180
2.488484
2.487723
2.486751
2.484968
2.485639
2.487935
2.488653
2.489334
2.487309
2.486587
2.483822
2.484902
2.486861
2.486699
2.486563
2.486219
2.486598
2.483106
2.482986
2.483798
2.485545
2.485568
2.485381
2.484613
2.481698
2.480964
2.481109
2.482854
2.477660
2.466609
2.462366
2.460350
2.459226
2.460405
2.461543
2.461231
2.461013
2.461540
2.460335
2.457973
2.459057
2.460077
2.460046
2.460919
2.461517
2.459785
2.454559
2.456662
2.459993
2.458453
2.459116
2.459652
2.459573
2.454371
2.449710
2.456002
2.455769
2.459580
2.458990
2.459614
2.457018
2.442960
2.448725
2.453107
2.454525
2.457784
2.459009
2.457682
2.443236
2.435955
2.447101
2.450904
2.458137
2.459018
2.459356
2.452577
2.427633
2.437224
2.448289
2.459138
2.461153
2.461382
2.458363
2.430500
2.425754
2.445199
2.458153
2.463244
2.464506
2.464831
2.445396
2.418516
2.438492
2.456679
2.464542
2.463461
2.463051
2.455040
2.420388
2.425349
2.450122
2.458993
2.461368
2.461322
2.458422
2.431674
2.414948
2.445784
2.455899
2.456291
2.456026
2.454933
2.443945
2.413130
2.433348
2.448263
2.449447
2.447211
2.446314
2.443851
2.419115
2.421233
2.439051
2.441124
2.439945
2.439612
2.437870
2.428296
2.412363
2.430877
2.435932
2.435400
2.435036
2.433770
2.431718
2.417462
2.424086
2.429899
2.429687
2.430248
2.427741
2.425506
2.420183
2.417608
2.440734
2.444117
2.445042
2.444409
2.444484
2.442092
2.438172
2.441416
2.442257
2.442073
2.441010
2.439818
2.438370
2.435102
2.435287
2.435843
2.437169
2.436699
2.438508
2.438601
2.438068
2.438978
2.440606
2.440670
2.441229
2.441141
2.441056
2.441375
2.440549
2.442291
2.442983
2.444796
2.444935
2.444689
2.444583
2.444434
2.447397
2.446972
2.447423
2.447695
2.448573
2.448905
2.447922
2.450014
2.451310
2.452284
2.451574
2.453169
2.453774
2.454430
2.453712
2.456498
2.456506
2.456874
2.457635
2.458503
2.458604
2.456497
2.459508
2.460412
2.461201
2.459815
2.462158
2.463562
2.463525
2.463378
2.466328
2.465974
2.467111
2.466747
2.467611
2.463639
2.454326
2.448682
2.448609
2.448915
2.448645
2.450978
2.450064
2.451439
2.450374
2.453195
2.453426
2.451268
2.452712
2.453568
2.455031
2.453012
2.453811
2.455500
2.456456
2.454541
2.456616
2.457900
2.459124
2.456836
2.457446
2.459106
2.457694
2.459049
2.461566
2.461808
2.461820
2.461635
2.463680
2.463816
2.461423
2.462984
2.464626
2.466001
2.465333
2.466725
2.467453
2.466117
2.465925
2.468178
2.468818
2.468237
2.468888
2.469041
2.469507
2.468276
2.470876
2.471951
2.472274
2.472228
2.471371
2.472188
2.471075
2.472049
2.473950
2.474197
2.474099
2.473396
2.474303
2.474290
2.474583
2.475786
2.475662
2.475543
2.475917
2.476354
2.475821
2.475047
2.476486
2.477370
2.474841
2.474927
2.475231
2.475920
2.475956
2.475815
2.476744
2.475919
2.476597
2.475169
2.474396
2.472488
2.473110
2.474858
2.473041
2.473768
2.474791
2.472153
2.472135
2.472721
2.473241
2.473559
2.472998
2.474400
2.473719
2.473520
2.473887
2.473717
2.473864
2.472959
2.474469
2.473665
2.472715
2.473485
2.474692
2.475582
2.475145
2.475597
2.475824
2.476377
2.487056
2.495283
2.495297
2.496454
2.495649
2.495673
2.494932
2.493826
2.492239
2.493686
2.494665
2.495003
2.495186
2.495425
2.496234
2.496576
2.498603
2.498717
2.498716
2.498885
2.498627
2.499617
2.498029
2.498612
2.500104
2.500559
2.499891
2.499741
2.499645
2.500165
2.499683
2.500638
2.501112
2.501035
2.501429
2.501422
2.501431
2.500266
2.500181
2.503548
2.502540
2.502230
2.501763
2.502309
2.502398
2.500927
2.503318
2.503610
2.504489
2.503622
2.503490
2.503499
2.502564
2.503670
2.505130
2.504548
2.503999
2.504624
2.505220
2.505081
2.504112
2.506317
2.507277
2.505856
2.505882
2.506276
2.506932
2.504742
2.506198
2.508099
2.504725
2.497450
2.486014
2.486206
2.485117
2.484993
2.487545
2.488428
2.487117
2.486112
2.488452
2.487104
2.485112
2.487277
2.488052
2.487071
2.486107
2.485434
2.485428
2.484659
2.485813
2.487731
2.485372
2.484572
2.483135
2.484100
2.483569
2.484223
2.488360
2.486598
2.484873
2.483573
2.484193
2.486327
2.485265
2.488569
2.489072
2.486411
2.485426
2.482201
2.486351
2.485844
2.487969
2.488257
2.487710
2.488505
2.485592
2.489792
2.489924
2.491585
2.493165
2.493417
2.490561
2.488148
2.488085
2.491989
2.492196
2.493754
2.494858
2.494019
2.493241
2.489005
2.493052
2.493998
2.492957
2.493855
2.495477
2.494002
2.489461
2.491856
2.493227
2.492245
2.492229
2.495930
2.496977
2.493482
2.493002
2.494743
2.495285
2.494652
2.495954
2.496851
2.496520
2.493617
2.494373
2.494590
2.494044
2.499245
2.498088
2.497348
2.494955
2.494793
2.496758
2.494348
2.499511
2.499379
2.499017
2.497002
2.492167
2.493050
2.491815
2.497029
2.497498
2.496091
2.495380
2.493157
2.492376
2.492421
2.494925
2.497760
2.498502
2.495775
2.493181
2.491646
2.492802
2.494949
2.505642
2.519603
2.518615
2.517786
2.514105
2.515230
2.515616
2.519715
2.520935
2.520005
2.519336
2.516409
2.516581
2.517282
2.516304
2.515895
2.518004
2.515541
2.514080
2.515756
2.518121
2.519227
2.518407
2.518638
2.519567
2.519124
2.517942
2.518739
2.519835
2.520937
2.521074
2.520376
2.519968
2.519368
2.520656
2.520052
2.520735
2.521003
2.521250
2.521330
2.520271
2.520381
2.520324
2.521665
2.521873
2.521507
2.521596
2.521875
2.521847
2.521448
2.521469
2.521709
2.523181
2.522626
2.522666
2.522000
2.521038
2.521690
2.521161
2.521437
2.521651
2.523839
2.524178
2.523394
2.523015
2.523530
2.524374
2.524062
2.524276
2.524136
2.522896
2.516955
2.503380
2.502872
2.503290
2.504609
2.503124
2.503420
2.503238
2.503790
2.503808
2.502832
2.503878
2.503679
2.504535
2.503732
2.502703
2.503105
2.503192
2.503887
2.504620
2.504615
2.504706
2.505435
2.504301
2.503932
2.504206
2.504457
2.505032
2.503641
2.503842
2.502763
2.503083
2.502730
2.503598
2.504213
2.504514
2.505164
2.504504
2.504358
2.504519
2.505407
2.505959
2.505578
2.505465
2.505570
2.505404
2.504778
2.504352
2.505805
2.506898
2.506934
2.506622
2.506722
2.506697
2.507594
2.507192
2.506003
2.504807
2.505953
2.506328
2.506595
2.505767
2.505824
2.507361
2.508811
2.508041
2.508281
2.507977
2.508354
2.507805
2.508461
2.508643
2.509394
2.508441
2.507613
2.506801
2.506781
2.507398
2.507673
2.508522
2.508171
2.508615
2.508363
2.507983
2.508097
2.508608
2.509888
2.509166
2.508717
2.507986
2.507638
2.507257
2.506961
2.507988
2.509089
2.509847
2.508845
2.508869
2.508364
2.508858
2.509816
2.509716
2.509683
2.509543
2.509544
2.508027
2.507725
2.507488
2.508552
2.508003
2.507046
2.507158
2.506385
2.506564
2.507426
2.510931
2.527536
2.527498
2.527797
2.526628
2.527256
2.528386
2.528029
2.527206
2.527847
2.525925
2.525098
2.523838
2.525955
2.525939
2.525800
2.527185
2.527367
2.526931
2.527516
2.527402
2.528257
2.528300
2.527686
2.527373
2.526736
2.526144
2.526696
2.527843
2.527333
2.527145
2.525667
2.527511
2.527308
2.528047
2.528110
2.528837
2.527564
2.527422
2.527372
2.527626
2.528474
2.528258
2.527864
2.527640
2.527979
2.527177
2.526957
2.527427
2.527773
2.528005
2.527289
2.527277
2.526770
2.527318
2.527161
2.527991
2.527375
2.528440
2.528750
2.527589
2.527433
2.526576
2.528329
2.528722
2.528179
2.527907
2.527845
2.528161
2.522500
2.509115
2.507250
2.506241
2.506278
2.504987
2.505037
2.505837
2.506228
2.506012
2.506391
2.505912
2.505935
2.505909
2.505333
2.505469
2.505373
2.506895
2.506226
2.505772
2.505605
2.505648
2.506573
2.505466
2.505592
2.505764
2.505750
2.506173
2.505994
2.505916
2.505879
2.506546
2.506040
2.506140
2.505863
2.505960
2.505554
2.505542
2.504745
2.504733
2.505555
2.504379
2.504659
2.503972
2.504926
2.504759
2.504643
2.503991
2.504120
2.504435
2.503347
2.503421
2.503111
2.502709
2.503203
2.502090
2.501838
2.501901
2.502506
2.502549
2.502198
2.502169
2.502621
2.502638
2.501869
2.501557
2.501813
2.502078
2.501127
2.500984
2.501253
2.500377
2.501541
2.500171
2.500933
2.501058
2.501463
2.499644
2.496534
2.497365
2.499411
2.500786
2.500500
2.500511
2.500955
2.501996
2.502140
2.502488
2.501721
2.501628
2.502663
2.501277
2.501616
2.500465
2.501429
2.501125
2.500805
2.500924
2.500048
2.500281
2.500029
2.499736
2.500308
2.500166
2.501034
2.499984
2.499263
2.499660
2.501107
2.500283
2.500033
2.499782
2.500202
2.500095
2.499577
2.500272
2.518191
2.521577
2.520291
2.519740
2.519426
2.519134
2.519979
2.519201
2.518556
2.520143
2.519802
2.520431
2.519923
2.519673
2.517030
2.517998
2.517056
2.517952
2.517151
2.518523
2.519504
2.519935
2.520138
2.519695
2.519987
2.518827
2.519763
2.520049
2.520487
2.519892
2.519280
2.518696
2.520617
2.519886
2.519246
2.519071
2.518607
2.520027
2.518384
2.518563
2.519420
2.519878
2.519532
2.519616
2.518530
2.518034
2.519043
2.519905
2.519940
2.520050
2.520603
2.520075
2.519584
2.518401
2.518999
2.520247
2.519634
2.519778
2.519899
2.519846
2.518095
2.518543
2.519855
2.520158
2.521030
2.520159
2.520133
2.518731
2.518069
2.519630
2.514837
2.504195
2.498725
2.499655
2.499192
2.496107
2.497100
2.498840
2.499493
2.498768
2.499058
2.499151
2.497368
2.496791
2.497702
2.498330
2.497409
2.498306
2.497813
2.496502
2.495639
2.497301
2.498611
2.498278
2.497749
2.498434
2.499055
2.495260
2.495677
2.496803
2.496886
2.495801
2.496832
2.497279
2.495949
2.496208
2.495667
2.497797
2.497633
2.497848
2.499124
2.497738
2.495536
2.496293
2.498503
2.499304
2.497183
2.498483
2.498899
2.497374
2.496408
2.496544
2.498668
2.499282
2.498929
2.499677
2.499448
2.497888
2.496577
2.497008
2.498807
2.497364
2.498815
2.498841
2.498233
2.496897
2.495934
2.499102
2.498364
2.498533
2.499313
2.499862
2.499359
2.495666
2.496296
2.498268
2.498483
2.497938
2.498189
2.498485
2.498127
2.494855
2.497820
2.498791
2.498576
2.499719
2.498671
2.497275
2.495180
2.494508
2.498569
2.497237
2.496693
2.497017
2.497231
2.497483
2.492520
2.493983
2.495996
2.497854
2.497659
2.497766
2.497294
2.497641
2.494945
2.497237
2.495848
2.496175
2.497479
2.496113
2.497391
2.496414
2.496381
2.498077
2.497276
2.497088
2.511239
2.518134
2.517462
2.515545
2.517189
2.517062
2.516816
2.516184
2.511321
2.511094
2.512953
2.511225
2.514091
2.514370
2.514059
2.515688
2.515236
2.515535
2.514079
2.514427
2.514157
2.514222
2.514254
2.515377
2.513927
2.514655
2.515392
2.515883
2.515782
2.515397
2.515552
2.515385
2.515606
2.515584
2.515790
2.515860
2.516329
2.516015
2.516091
2.515271
2.516499
2.517943
2.516819
2.517002
2.516753
2.517393
2.517321
2.515954
2.516475
2.515719
2.516474
2.516916
2.515528
2.516399
2.515256
2.516642
2.515997
2.516047
2.515228
2.515748
2.515574
2.515352
2.515269
2.515542
2.514827
2.513988
2.513693
2.513513
2.514102
2.513471
2.510524
2.502148
2.493367
2.493915
2.493824
2.494297
2.494160
2.494937
2.495414
2.495092
2.494875
2.495775
2.497315
2.496665
2.496734
2.497138
2.497380
2.497494
2.497472
2.497219
2.497573
2.498277
2.498024
2.497506
2.496569
2.497566
2.497152
2.497155
2.497779
2.497612
2.498566
2.497547
2.497338
2.497917
2.497571
2.498589
2.497225
2.498332
2.497782
2.497467
2.497445
2.497082
2.497127
2.497517
2.497667
2.496060
2.495683
2.497156
2.497683
2.498446
2.498128
2.497589
2.499090
2.499702
2.498174
2.498607
2.498500
2.497980
2.498698
2.499665
2.499098
2.499418
2.500301
2.499666
2.499052
2.499054
2.498960
2.499791
2.499124
2.497944
2.498539
2.498755
2.498668
2.496899
2.498919
2.499123
2.498340
2.498539
2.499253
2.499287
2.498128
2.496351
2.497736
2.498975
2.496867
2.497848
2.497690
2.497858
2.494285
2.497354
2.497979
2.496889
2.496512
2.497555
2.497426
2.494615
2.493984
2.494191
2.494832
2.492480
2.493877
2.494581
2.493379
2.492849
2.494075
2.493460
2.492685
2.492226
2.494053
2.492597
2.489635
2.489123
2.492011
2.489828
2.489572
2.490220
2.499785
2.509177
2.510152
2.510836
2.509526
2.509498
2.510625
2.511261
2.508177
2.508318
2.511046
2.511125
2.507701
2.507305
2.506526
2.502122
2.500195
2.502088
2.505870
2.504008
2.501779
2.503831
2.505468
2.501346
2.498342
2.506189
2.507356
2.503517
2.500958
2.503750
2.501450
2.497980
2.501877
2.504234
2.504975
2.501203
2.500714
2.504692
2.500663
2.499459
2.504988
2.505655
2.505825
2.502381
2.503953
2.503965
2.504024
2.506313
2.506093
2.506706
2.506624
2.507384
2.505122
2.505655
2.508692
2.508638
2.509080
2.509097
2.509297
2.507553
2.508196
2.507503
2.507753
2.506648
2.505611
2.505611
2.505150
2.506509
2.506648
2.505339
2.498824
2.487548
2.486601
2.486886
2.486940
2.487261
2.488399
2.487189
2.486969
2.486547
2.486503
2.486330
2.485982
2.486816
2.486228
2.487084
2.485633
2.485311
2.485046
2.485386
2.487088
2.486936
2.486682
2.487491
2.489098
2.488425
2.488798
2.489101
2.489699
2.489086
2.488869
2.488316
2.488392
2.488917
2.489474
2.490482
2.490310
2.489306
2.491218
2.491530
2.491910
2.492523
2.493608
2.493550
2.492414
2.492667
2.493191
2.493641
2.492453
2.492936
2.493941
2.494411
2.493792
2.494368
2.494473
2.494061
2.493936
2.494161
2.493131
2.492478
2.493660
2.495074
2.494154
2.494226
2.493945
2.496441
2.495183
2.495680
2.496368
2.496035
2.496176
2.495017
2.495313
2.495291
2.495889
2.495627
2.495151
2.494377
2.493770
2.494923
2.494937
2.494961
2.495202
2.495837
2.495714
2.494982
2.494754
2.495083
2.495341
2.494676
2.494681
2.494095
2.494227
2.493419
2.493089
2.494250
2.494538
2.495169
2.494655
2.494839
2.494529
2.494317
2.494693
2.494254
2.494697
2.492890
2.493646
2.492784
2.492535
2.492995
2.494504
2.494730
2.494491
2.494217
2.494280
2.499900
2.513779
2.514545
2.514206
2.514434
2.515284
2.513758
2.514352
2.512559
2.508536
2.509804
2.510431
2.510943
2.512866
2.513790
2.512508
2.512805
2.514319
2.515113
2.515987
2.516659
2.516437
2.517306
2.517305
2.514876
2.515821
2.516437
2.517009
2.517340
2.516795
2.517037
2.515994
2.516772
2.516502
2.515256
2.514520
2.513573
2.512541
2.510321
2.507022
2.507073
2.507690
2.505654
2.504934
2.505412
2.505948
2.505956
2.504767
2.506488
2.506989
2.507482
2.506008
2.507036
2.507052
2.505153
2.507220
2.508343
2.508111
2.506795
2.507564
2.508634
2.507486
2.507551
2.510406
2.511109
2.508852
2.511190
2.511870
2.510742
2.512897
2.512637
2.506588
2.494313
2.493972
2.495094
2.493174
2.494054
2.495618
2.493505
2.493061
2.493824
2.496525
2.494271
2.493314
2.495916
2.495552
2.494825
2.494816
2.495637
2.496260
2.495310
2.495465
2.496005
2.494960
2.495062
2.495963
2.495199
2.495016
2.494169
2.495781
2.495899
2.495236
2.495800
2.495664
2.497150
2.495877
2.494909
2.495977
2.496437
2.496606
2.496449
2.496338
2.496047
2.495758
2.495608
2.495714
2.495688
2.497157
2.497428
2.496921
2.495846
2.496226
2.497607
2.495151
2.496369
2.496314
2.497028
2.496498
2.495242
2.495983
2.496142
2.494975
2.496485
2.496511
2.496564
2.495763
2.496471
2.495769
2.495163
2.494519
2.495736
2.495257
2.494369
2.494316
2.494708
2.496004
2.494762
2.494807
2.494667
2.495629
2.495447
2.495125
2.495391
2.495041
2.495826
2.494906
2.492826
2.492090
2.492772
2.491472
2.493162
2.494123
2.494851
2.496616
2.496245
2.495680
2.496054
2.496747
2.496311
2.495576
2.495162
2.494940
2.495767
2.495660
2.496070
2.496526
2.496685
2.496936
2.495792
2.496455
2.496662
2.497376
2.497125
2.496870
2.496691
2.495558
2.497405
2.513583
2.514949
2.514975
2.515352
2.515389
2.515010
2.515120
2.515472
2.516525
2.515716
2.515386
2.516130
2.515840
2.514602
2.511705
2.508731
2.510351
2.510417
2.510243
2.511721
2.511857
2.512770
2.514377
2.513435
2.514532
2.514758
2.515504
2.513283
2.513155
2.514138
2.514617
2.515717
2.515387
2.515147
2.515482
2.516482
2.515680
2.515769
2.515730
2.515944
2.516052
2.514880
2.515877
2.513924
2.515432
2.515808
2.516735
2.516079
2.515162
2.515516
2.514452
2.514195
2.514175
2.515129
2.515404
2.515507
2.515867
2.516440
2.517089
2.516255
2.516323
2.516397
2.516673
2.517209
2.516660
2.516860
2.517043
2.517875
2.517187
2.516850
2.516583
2.512129
2.500493
2.495480
2.496443
2.496689
2.497321
2.496654
2.496598
2.497150
2.497523
2.497655
2.496791
2.496794
2.496675
2.497370
2.497394
2.496955
2.496125
2.496692
2.496361
2.496199
2.496660
2.498451
2.497656
2.497433
2.497591
2.497222
2.498010
2.497520
2.497864
2.497747
2.497892
2.497169
2.497078
2.496375
2.497502
2.497586
2.496083
2.496760
2.496539
2.498209
2.497990
2.497131
2.498297
2.497566
2.498863
2.497352
2.497107
2.496954
2.497069
2.498510
2.497707
2.497935
2.498266
2.498366
2.497985
2.497498
2.497761
2.498257
2.498514
2.497947
2.497276
2.496889
2.497119
2.496786
2.497321
2.497346
2.497481
2.498007
2.497005
2.496464
2.496575
2.497410
2.497271
2.496617
2.496013
2.495515
2.496099
2.494547
2.494856
2.494907
2.495755
2.496688
2.495794
2.495702
2.495620
2.496391
2.495902
2.495883
2.495715
2.496036
2.495107
2.494009
2.493704
2.493477
2.495657
2.494286
2.493668
2.493724
2.492810
2.493184
2.492180
2.492301
2.492135
2.492280
2.491301
2.488182
2.488039
2.487996
2.489614
2.491299
2.491087
2.491091
2.491757
2.491158
2.506964
2.510961
2.511269
2.512050
2.509725
2.509353
2.508318
2.508749
2.506039
2.503631
2.506415
2.507597
2.507628
2.505364
2.506040
2.507981
2.508594
2.510656
2.510850
2.512395
2.513085
2.513700
2.511634
2.511607
2.512230
2.512957
2.513361
2.512612
2.512523
2.512130
2.512439
2.510890
2.511494
2.512401
2.512665
2.513210
2.513276
2.513406
2.513227
2.514157
2.514215
2.513297
2.514417
2.514105
2.515285
2.514346
2.514581
2.515222
2.515627
2.515768
2.515293
2.515783
2.515507
2.516702
2.515717
2.516745
2.515256
2.515194
2.515779
2.515680
2.516040
2.515817
2.517061
2.516525
2.515905
2.517704
2.517721
2.518089
2.517991
2.514630
2.504551
2.497765
2.497941
2.498040
2.499187
2.498389
2.498558
2.497824
2.499098
2.498731
2.498434
2.498552
2.499309
2.499844
2.499322
2.499571
2.500004
2.501169
2.501352
2.500716
2.500789
2.500642
2.501949
2.500936
2.500865
2.500587
2.501329
2.501558
2.500893
2.501305
2.502880
2.504388
2.503502
2.503495
2.503688
2.503401
2.504329
2.504182
2.504735
2.503565
2.503874
2.503594
2.503413
2.504505
2.504079
2.505141
2.504550
2.504427
2.504390
2.505339
2.504657
2.504418
2.504470
2.503691
2.502560
2.502080
2.501647
2.501529
2.502922
2.503546
2.503397
2.502886
2.502875
2.503503
2.502214
2.502642
2.502759
2.503381
2.503179
2.501639
2.502013
2.501445
2.502290
2.501977
2.502680
2.502471
2.503171
2.503286
2.502365
2.501379
2.501885
2.503309
2.502220
2.502713
2.502227
2.502000
2.503066
2.502266
2.502946
2.503052
2.503400
2.502683
2.501997
2.502312
2.501412
2.502686
2.501339
2.501070
2.501096
2.501064
2.500231
2.499784
2.500038
2.500581
2.501138
2.500030
2.499863
2.499115
2.499374
2.499389
2.499635
2.499793
2.499772
2.500399
2.499010
2.510595
2.517740
2.519342
2.521163
2.518564
2.518852
2.521086
2.522089
2.522900
2.521961
2.523862
2.523430
2.524303
2.524785
2.523249
2.520751
2.518522
2.520767
2.517797
2.519934
2.521464
2.521009
2.520617
2.521700
2.521052
2.522709
2.524625
2.523588
2.522221
2.521631
2.524784
2.522938
2.522349
2.524456
2.524884
2.523591
2.523028
2.524666
2.524830
2.525190
2.527141
2.527359
2.527772
2.528661
2.529047
2.528979
2.529109
2.529580
2.530619
2.530065
2.530000
2.529741
2.530220
2.529386
2.528957
2.529130
2.529093
2.529350
2.527945
2.527535
2.527077
2.526839
2.526778
2.526084
2.525525
2.524925
2.524770
2.523248
2.523289
2.521403
2.521432
2.517691
2.509613
2.498528
2.498844
2.499824
2.499761
2.500015
2.500718
2.501647
2.502465
2.503264
2.503445
2.504244
2.504533
2.504830
2.504853
2.505081
2.506019
2.504922
2.505258
2.505186
2.506058
2.506952
2.506240
2.506604
2.506660
2.507830
2.507791
2.508194
2.508228
2.508666
2.509164
2.507216
2.508807
2.509335
2.508525
2.509370
2.509285
2.509477
2.510040
2.510645
2.510937
2.510903
2.511355
2.511030
2.512095
2.510443
2.510607
2.511903
2.510889
2.512479
2.512329
2.513345
2.512839
2.511737
2.512912
2.512440
2.514477
2.513683
2.513753
2.513696
2.512817
2.513149
2.512023
2.513282
2.513583
2.513518
2.512516
2.512585
2.512359
2.513971
2.514311
2.514158
2.514587
2.513967
2.514630
2.513164
2.513037
2.513094
2.513475
2.514871
2.514479
2.514313
2.514575
2.514453
2.514220
2.514287
2.514799
2.514969
2.515610
2.514272
2.513197
2.513279
2.513872
2.513512
2.514421
2.514623
2.514381
2.515275
2.514188
2.514399
2.514604
2.515658
2.515253
2.514881
2.514421
2.514346
2.515662
2.514908
2.515547
2.516628
2.516761
2.516540
2.515445
2.523600
2.536503
2.537609
2.537142
2.536978
2.536595
2.536733
2.536727
2.535382
2.533544
2.530627
2.532497
2.531486
2.531848
2.532811
2.533273
2.535646
2.535300
2.536014
2.536845
2.537197
2.534975
2.534425
2.535368
2.535936
2.537715
2.536787
2.536990
2.536616
2.537160
2.535966
2.536954
2.536743
2.537125
2.537420
2.536867
2.535331
2.535144
2.535762
2.537193
2.535529
2.535463
2.535445
2.536347
2.535943
2.536983
2.536837
2.537165
2.537743
2.536744
2.536344
2.536097
2.537375
2.536539
2.536406
2.536551
2.536827
2.536733
2.535638
2.535566
2.535788
2.536178
2.536237
2.535805
2.535915
2.535659
2.536062
2.535114
2.535632
2.536186
2.537163
2.535124
2.529048
2.516256
2.515571
2.516595
2.515873
2.516058
2.515978
2.516290
2.515897
2.515308
2.514630
2.514198
2.514891
2.513387
2.513127
2.512749
2.514018
2.514703
2.514377
2.514795
2.514699
2.516239
2.514688
2.514153
2.514175
2.514507
2.515057
2.514377
2.514019
2.514630
2.514778
2.514505
2.514167
2.513894
2.514558
2.515310
2.514346
2.513979
2.514096
2.514852
2.514043
2.513662
2.513846
2.512994
2.514659
2.513737
2.513915
2.514310
2.515186
2.515036
2.514328
2.513966
2.513907
2.514838
2.513727
2.513613
2.513698
2.513658
2.513149
2.513679
2.513706
2.513753
2.514727
2.514524
2.514117
2.513997
2.513741
2.514309
2.513514
2.514037
2.513347
2.512800
2.511765
2.512524
2.511789
2.512217
2.513328
2.513236
2.513007
2.513024
2.513631
2.513071
2.512130
2.512093
2.513472
2.513577
2.512550
2.512138
2.512017
2.512552
2.513286
2.513014
2.513056
2.513082
2.513955
2.512195
2.513298
2.514083
2.514433
2.514464
2.513646
2.512951
2.512659
2.513493
2.513813
2.513572
2.513322
2.514091
2.513659
2.513437
2.512820
2.513005
2.511097
2.509423
2.510854
2.513278
2.530720
2.532687
2.531827
2.532106
2.532240
2.533939
2.534045
2.532895
2.532676
2.533281
2.533342
2.532632
2.533013
2.533615
2.532998
2.531886
2.528740
2.530180
2.529588
2.531114
2.529481
2.530952
2.530603
2.531369
2.532163
2.531925
2.532287
2.532204
2.532634
2.531250
2.531877
2.532193
2.533416
2.533515
2.532967
2.533041
2.533007
2.533557
2.532783
2.532846
2.533262
2.532831
2.532765
2.532262
2.531366
2.531084
2.532452
2.531960
2.532204
2.532455
2.532929
2.532990
2.532064
2.532291
2.531850
2.532958
2.532577
2.532750
2.532433
2.531458
2.532767
2.532241
2.532232
2.531804
2.532592
2.532510
2.531913
2.531533
2.532116
2.532741
2.529719
2.524405
2.512282
2.510415
2.511173
2.511210
2.511803
2.511237
2.510967
2.510340
2.510306
2.509661
2.510990
2.511829
2.511824
2.511331
2.511044
2.512040
2.511157
2.510350
2.509956
2.510094
2.510644
2.508849
2.509429
2.510325
2.510964
2.510089
2.510663
2.510492
2.510262
2.510754
2.510475
2.510275
2.509648
2.510182
2.510468
2.509732
2.509331
2.510862
2.511610
2.510905
2.510497
2.511182
2.511073
2.510381
2.510547
2.510248
2.510350
2.510295
2.509146
2.508991
2.508961
2.509567
2.510691
2.511238
2.510808
2.510273
2.511806
2.511120
2.510477
2.510710
2.511458
2.509587
2.508357
2.509219
2.510200
2.508758
2.509099
2.509137
2.510219
2.509716
2.509599
2.510500
2.509598
2.510483
2.510375
2.509750
2.508853
2.508190
2.509551
2.508769
2.509565
2.509645
2.510043
2.509671
2.508858
2.509223
2.509692
2.510299
2.509614
2.509158
2.508701
2.508413
2.507715
2.507896
2.507867
2.508796
2.509654
2.508685
2.508534
2.507998
2.508563
2.508981
2.508693
2.508360
2.508301
2.508679
2.506806
2.506907
2.507300
2.508196
2.508729
2.508272
2.508046
2.508230
2.525461
2.527665
2.529028
2.529501
2.529365
2.529528
2.528622
2.527806
2.527355
2.527688
2.523183
2.523628
2.523965
2.523854
2.525845
2.525218
2.525898
2.526347
2.527109
2.527357
2.527746
2.528094
2.527975
2.529114
2.528486
2.528841
2.529052
2.529151
2.528710
2.528290
2.527012
2.528245
2.529269
2.529147
2.528809
2.528516
2.528222
2.528627
2.527920
2.528265
2.528787
2.529349
2.528149
2.528334
2.528168
2.527835
2.528010
2.527712
2.528127
2.527418
2.528179
2.527468
2.527743
2.528521
2.528803
2.529759
2.529033
2.528838
2.528264
2.528609
2.528765
2.528372
2.528771
2.528824
2.529789
2.528506
2.527537
2.526922
2.528310
2.528852
2.528589
2.523878
2.513276
2.508622
2.507709
2.507780
2.508211
2.509350
2.509266
2.509051
2.508694
2.508654
2.507797
2.507669
2.508917
2.508837
2.506976
2.508401
2.507565
2.508422
2.508698
2.509915
2.508770
2.508372
2.507541
2.507141
2.506356
2.506480
2.507805
2.507889
2.507874
2.507429
2.506768
2.506769
2.507663
2.508464
2.508743
2.508429
2.508042
2.508194
2.507440
2.507713
2.507545
2.508669
2.507712
2.507560
2.507631
2.508221
2.508103
2.508278
2.508824
2.509124
2.510027
2.509369
2.508329
2.508180
2.508049
2.508573
2.508274
2.507340
2.507555
2.508441
2.507714
2.507462
2.509179
2.509557
2.510264
2.509215
2.509382
2.508829
2.509626
2.508699
2.508873
2.508665
2.508796
2.509955
2.509260
2.509200
2.509508
2.510168
2.509000
2.508010
2.508281
2.508577
2.509543
2.507668
2.508773
2.509414
2.509782
2.509715
2.509858
2.509618
2.509598
2.511083
2.510195
2.510474
2.509986
2.510689
2.510699
2.510123
2.510567
2.510393
2.510580
2.510123
2.509737
2.510008
2.510161
2.511188
2.510571
2.510281
2.510842
2.511374
2.510668
2.510172
2.510705
2.510706
2.525218
2.530215
2.530313
2.529669
2.530416
2.530283
2.531341
2.531265
2.531575
2.532120
2.531633
2.531989
2.532339
2.533152
2.532883
2.531524
2.528529
2.526208
2.528247
2.527462
2.527203
2.529428
2.529982
2.531139
2.531733
2.531213
2.532261
2.533771
2.533416
2.533504
2.531922
2.533314
2.533689
2.531859
2.531024
2.532405
2.532914
2.534420
2.533863
2.534199
2.533111
2.534591
2.533863
2.533451
2.534354
2.534998
2.534782
2.533954
2.533720
2.534530
2.535766
2.534662
2.534623
2.533470
2.533448
2.532223
2.532926
2.533351
2.535167
2.535883
2.535240
2.534966
2.534403
2.535040
2.535551
2.535297
2.535495
2.535278
2.534533
2.534625
2.534677
2.531589
2.523620
2.515776
2.515082
2.513982
2.514570
2.514907
2.514797
2.514665
2.515058
2.515209
2.515693
2.515207
2.514527
2.514858
2.515638
2.515539
2.515367
2.515279
2.514197
2.514925
2.513362
2.513930
2.515078
2.515919
2.515830
2.515174
2.514800
2.512642
2.513400
2.513651
2.513216
2.513810
2.513239
2.512213
2.512245
2.511485
2.513706
2.512863
2.513213
2.512947
2.513200
2.513746
2.513397
2.513816
2.513782
2.514431
2.513552
2.512330
2.512313
2.512862
2.513502
2.512600
2.513465
2.513331
2.513592
2.513209
2.513046
2.513375
2.513410
2.514250
2.513964
2.513721
2.512386
2.512532
2.512764
2.512581
2.512392
2.513175
2.513710
2.512385
2.511174
2.511364
2.513362
2.513879
2.513645
2.513457
2.512810
2.512800
2.512255
2.512307
2.512910
2.513035
2.513345
2.512798
2.512773
2.513160
2.514117
2.513545
2.513881
2.513384
2.513617
2.513286
2.511926
2.512041
2.512357
2.512360
2.511455
2.511411
2.511592
2.512451
2.513512
2.513061
2.512934
2.513343
2.513900
2.513616
2.512947
2.511825
2.512205
2.513089
2.512289
2.513301
2.513248
2.513591
2.523041
2.533294
2.533554
2.533920
2.534600
2.533588
2.533113
2.533726
2.533139
2.532637
2.532170
2.528662
2.529423
2.530727
2.528920
2.530438
2.530744
2.531657
2.532832
2.532680
2.532825
2.533486
2.534096
2.533305
2.533559
2.533607
2.534294
2.535754
2.535455
2.535008
2.534703
2.535054
2.535328
2.535315
2.535539
2.535781
2.536436
2.534962
2.534735
2.535252
2.535593
2.536126
2.535799
2.535276
2.535833
2.536288
2.535303
2.534466
2.533249
2.535259
2.534398
2.535551
2.535529
2.535211
2.536274
2.535577
2.535889
2.535684
2.534205
2.534938
2.534413
2.534206
2.535551
2.536243
2.536218
2.536263
2.536229
2.535935
2.535774
2.535653
2.535918
2.533364
2.526743
2.514715
2.514629
2.515131
2.514793
2.515269
2.514324
2.514936
2.515541
2.514364
2.515191
2.513527
2.513291
2.513713
2.515736
2.515419
2.515862
2.515698
2.515779
2.515845
2.515340
2.515202
2.515804
2.517054
2.516257
2.515609
2.513979
2.514279
2.514588
2.514610
2.515779
2.515870
2.516671
2.515301
2.514453
2.514896
2.515493
2.516295
2.515990
2.515424
2.515213
2.514401
2.513818
2.514157
2.514237
2.514424
2.515012
2.513473
2.512975
2.511843
2.513022
2.513037
2.512389
2.513167
2.514101
2.514008
2.512398
2.511854
2.512366
2.512920
2.513489
2.512994
2.513338
2.512522
2.512958
2.512581
2.513067
2.513340
2.514063
2.514042
2.513300
2.511734
2.511096
2.512993
2.512336
2.512797
2.513158
2.513818
2.513726
2.512463
2.512301
2.513004
2.513603
2.513472
2.513132
2.513267
2.511865
2.511582
2.511648
2.511716
2.512302
2.514129
2.513424
2.512927
2.512208
2.512530
2.513922
2.513956
2.514200
2.514288
2.514614
2.513125
2.511693
2.512108
2.512708
2.514626
2.514546
2.514479
2.513960
2.513180
2.512687
2.513222
2.513348
2.513906
2.515204
2.519545
2.533584
2.532309
2.532281
2.533467
2.531932
2.530670
2.531377
2.533866
2.531610
2.532058
2.531744
2.532869
2.533499
2.533393
2.533299
2.533612
2.531723
2.530658
2.530659
2.529906
2.531235
2.532918
2.532965
2.533731
2.533132
2.533443
2.534168
2.534471
2.534121
2.534389
2.534524
2.534613
2.534435
2.534578
2.534990
2.534572
2.534370
2.534670
2.534531
2.535232
2.533442
2.534065
2.534212
2.534027
2.534848
2.534291
2.534795
2.535813
2.536871
2.535953
2.535868
2.535775
2.536150
2.536762
2.536025
2.534179
2.536040
2.536407
2.536526
2.535932
2.536146
2.535412
2.535505
2.535540
2.535380
2.536241
2.536707
2.536269
2.536237
2.537007
2.535791
2.531443
2.517337
2.516152
2.516134
2.515798
2.516612
2.516328
2.516548
2.516415
2.516639
2.516877
2.516865
2.517223
2.517646
2.517342
2.516381
2.516934
2.516795
2.517718
2.514265
2.513942
2.514567
2.514720
2.515579
2.514812
2.515236
2.516514
2.517448
2.517037
2.516773
2.516435
2.516570
2.517247
2.516375
2.515043
2.515143
2.515993
2.516087
2.516586
2.516820
2.516600
2.517281
2.516618
2.516903
2.516711
2.517234
2.516762
2.516240
2.516564
2.515831
2.516295
2.515427
2.516160
2.516746
2.517373
2.517309
2.517014
2.516892
2.516828
2.517321
2.517140
2.517300
2.517018
2.517404
2.516691
2.515921
2.515637
2.515285
2.516122
2.513938
2.514045
2.514086
2.513710
2.513691
2.514805
2.514284
2.514974
2.515545
2.514774
2.514318
2.514411
2.514313
2.514609
2.514062
2.513849
2.513840
2.513967
2.513746
2.513492
2.514368
2.515129
2.515573
2.515004
2.514596
2.514601
2.514657
2.514654
2.514092
2.514414
2.514846
2.515199
2.514784
2.514403
2.514609
2.515103
2.515368
2.514735
2.514277
2.514572
2.513962
2.514651
2.514404
2.514737
2.515841
2.517170
2.534916
2.535947
2.536722
2.535943
2.535936
2.536035
2.536757
2.536856
2.535248
2.534817
2.532891
2.531675
2.533413
2.531855
2.532758
2.533811
2.534961
2.534789
2.534951
2.535203
2.536747
2.536684
2.536182
2.536197
2.536030
2.536929
2.536436
2.535990
2.536038
2.536722
2.536584
2.535673
2.536091
2.536164
2.536831
2.534837
2.534162
2.534567
2.535009
2.536716
2.535955
2.536250
2.536086
2.536043
2.536150
2.536175
2.536057
2.536510
2.536682
2.536257
2.536088
2.536221
2.536344
2.536169
2.535995
2.535759
2.535617
2.536649
2.535624
2.535735
2.535701
2.536190
2.536249
2.537365
2.537509
2.536642
2.536761
2.535504
2.536306
2.536625
2.536926
2.532507
2.520453
2.516564
2.516594
2.517455
2.516857
2.516952
2.517117
2.516987
2.517299
2.516809
2.517058
2.515927
2.516527
2.515544
2.516132
2.516130
2.516452
2.516962
2.516168
2.515951
2.516384
2.517281
2.516840
2.516740
2.516522
2.517263
2.517028
2.516099
2.515746
2.516590
2.517552
2.517579
2.516510
2.514719
2.514768
2.515311
2.515277
2.516761
2.516846
2.517091
2.517108
2.516055
2.515890
2.515489
2.516825
2.517161
2.516769
2.516995
2.517284
2.517031
2.517130
2.517294
2.517217
2.518287
2.517293
2.516994
2.515911
2.515943
2.516695
2.515373
2.517093
2.516890
2.517586
2.517077
2.516891
2.517030
2.517195
2.517226
2.516974
2.516676
2.516848
2.516200
2.516368
2.515713
2.515910
2.517023
2.517790
2.517181
2.517030
2.516961
2.517431
2.516793
2.515568
2.514797
2.514058
2.514462
2.513651
2.514188
2.515313
2.514487
2.514435
2.514349
2.514749
2.515438
2.515153
2.515202
2.515277
2.515152
2.514758
2.513724
2.514468
2.514671
2.515389
2.514888
2.514399
2.514798
2.515505
2.515733
2.515100
2.515226
2.515329
2.516304
2.516192
2.515482
2.531872
2.535626
2.535928
2.535131
2.535061
2.534903
2.534155
2.531855
2.532948
2.532040
2.533553
2.535068
2.534268
2.534422
2.533764
2.534561
2.535775
2.535725
2.535990
2.534974
2.536854
2.536012
2.535893
2.535996
2.536499
2.536501
2.536372
2.536080
2.535986
2.536940
2.536352
2.535549
2.536159
2.536758
2.536983
2.536468
2.536861
2.536554
2.537101
2.536441
2.536348
2.536335
2.536486
2.537150
2.535639
2.536070
2.536536
2.536833
2.536385
2.536368
2.536471
2.536570
2.537309
2.535431
2.534207
2.534683
2.535113
2.537004
2.536253
2.536415
2.536170
2.537203
2.536610
2.536655
2.536385
2.536985
2.536690
2.536458
2.536108
2.535770
2.536705
2.530658
2.520782
2.514682
2.514738
2.515433
2.514767
2.515424
2.516229
2.517431
2.516995
2.515914
2.516518
2.517338
2.517929
2.517281
2.517271
2.516897
2.517899
2.517064
2.516977
2.516062
2.516173
2.516599
2.515904
2.516879
2.516817
2.517260
2.517123
2.516794
2.516941
2.516854
2.517861
2.516944
2.517121
2.516950
2.516471
2.516204
2.516340
2.516319
2.517170
2.517940
2.517111
2.517279
2.517176
2.517506
2.517785
2.517257
2.517213
2.515738
2.514814
2.514857
2.514952
2.515334
2.515416
2.516884
2.517188
2.517036
2.517058
2.518072
2.517475
2.517542
2.517563
2.517341
2.518253
2.517295
2.516075
2.516403
2.516332
2.516518
2.517247
2.516896
2.517219
2.518083
2.517270
2.517214
2.517096
2.517610
2.517237
2.516944
2.517335
2.516117
2.516651
2.515641
2.516603
2.517211
2.517453
2.517622
2.517090
2.517168
2.517622
2.518045
2.517481
2.517143
2.517190
2.517310
2.516372
2.516066
2.515901
2.515085
2.516224
2.514637
2.514297
2.514707
2.514520
2.515237
2.515196
2.515333
2.515619
2.515945
2.515315
2.515272
2.514605
2.514701
2.515351
2.514603
2.515191
2.527646
2.536281
2.535213
2.534183
2.534803
2.534808
2.535763
2.536514
2.535942
2.535529
2.535619
2.535360
2.532312
2.531022
2.533344
2.532568
2.534041
2.534500
2.534617
2.535335
2.536084
2.535462
2.536192
2.536170
2.536899
2.536584
2.535908
2.536038
2.535906
2.535321
2.535168
2.536029
2.535718
2.537121
2.536502
2.536350
2.536441
2.536416
2.536929
2.535983
2.536120
2.536340
2.537241
2.536868
2.536256
2.536356
2.536620
2.537398
2.536413
2.536587
2.536534
2.536972
2.536898
2.536272
2.536312
2.536129
2.537282
2.535565
2.535982
2.536096
2.536619
2.536713
2.536150
2.535985
2.535927
2.536879
2.536363
2.535956
2.535070
2.534600
2.535467
2.531851
2.524713
2.515435
2.515817
2.515036
2.513893
2.514270
2.514846
2.515233
2.515705
2.515355
2.515224
2.516037
2.515203
2.514431
2.514719
2.515612
2.516178
2.515334
2.515360
2.515302
2.516227
2.517085
2.516379
2.517002
2.516561
2.517703
2.516416
2.515483
2.515375
2.515610
2.515650
2.516421
2.516395
2.516435
2.517172
2.516391
2.517689
2.516971
2.517271
2.517599
2.516858
2.516439
2.516022
2.516767
2.516237
2.516385
2.517416
2.517067
2.517486
2.516906
2.517197
2.517372
2.517992
2.517415
2.517039
2.516868
2.517195
2.516973
2.515900
2.515796
2.515469
2.517241
2.515937
2.515007
2.515192
2.515227
2.515556
2.515011
2.515140
2.515780
2.515952
2.516038
2.515066
2.515383
2.515082
2.516057
2.515780
2.516110
2.515916
2.516147
2.516433
2.515897
2.516201
2.515958
2.516641
2.515543
2.515444
2.515566
2.515455
2.516258
2.515790
2.516240
2.516145
2.516646
2.516186
2.516015
2.515980
2.515081
2.517459
2.516420
2.516276
2.516583
2.516305
2.515916
2.516052
2.515575
2.515993
2.516866
2.516136
2.515592
2.515284
2.516460
2.516484
2.515157
2.515022
2.521793
2.535548
2.534724
2.534221
2.534254
2.534912
2.535303
2.534759
2.535108
2.534684
2.532210
2.532098
2.533591
2.532981
2.535326
2.534835
2.533978
2.533979
2.533855
2.535048
2.535034
2.535101
2.535170
2.535124
2.536085
2.534915
2.534887
2.534630
2.535080
2.534256
2.534533
2.534309
2.534226
2.535048
2.534861
2.534274
2.531784
2.532846
2.533932
2.532290
2.534381
2.534333
2.535497
2.534654
2.535343
2.535580
2.535718
2.535720
2.534752
2.535048
2.535904
2.536891
2.536396
2.536052
2.536162
2.536866
2.536926
2.535909
2.536679
2.536901
2.537570
2.536677
2.536420
2.536339
2.536680
2.537124
2.536532
2.536142
2.536371
2.536792
2.535318
2.534224
2.528648
2.515814
2.516081
2.515442
2.515641
2.514725
2.515560
2.515993
2.515465
2.514395
2.513670
2.515482
2.514515
2.515513
2.516061
2.515973
2.516165
2.515650
2.515646
2.515643
2.515821
2.514769
2.514340
2.514246
2.515795
2.515884
2.515141
2.515466
2.515180
2.516174
2.515568
2.515403
2.515653
2.515610
2.516035
2.514738
2.514275
2.514437
2.514971
2.514690
2.515010
2.515600
2.515398
2.517744
2.516966
2.517439
2.517198
2.517503
2.516705
2.517060
2.516071
2.516075
2.517009
2.516350
2.517105
2.516844
2.517889
2.517319
2.517378
2.517313
2.517167
2.518184
2.517090
2.516878
2.517036
2.516454
2.516575
2.515935
2.516353
2.516886
2.517792
2.517132
2.517049
2.516982
2.517098
2.517712
2.517100
2.517012
2.516739
2.517415
2.515909
2.516012
2.515990
2.516589
2.516297
2.515209
2.515531
2.516921
2.517752
2.517349
2.517233
2.517130
2.517387
2.517789
2.516831
2.515854
2.515951
2.516362
2.516172
2.516575
2.516851
2.517161
2.517867
2.516875
2.516660
2.515300
2.515059
2.515687
2.515919
2.516859
2.516021
2.516643
2.515886
2.516102
2.517135
2.520948
2.537701
2.537619
2.537802
2.537473
2.538574
2.538066
2.538375
2.538035
2.537868
2.537807
2.536544
2.532288
2.531943
2.534201
2.532160
2.533818
2.534447
2.533965
2.535101
2.534517
2.534713
2.534521
2.536409
2.535967
2.536610
2.536252
2.536986
2.536379
2.536193
2.536236
2.536709
2.535881
2.536489
2.535884
2.536421
2.537083
2.536146
2.536142
2.535958
2.536381
2.536529
2.536151
2.536315
2.535731
2.536853
2.536408
2.536778
2.536375
2.536469
2.536834
2.536089
2.536142
2.536232
2.535973
2.535092
2.533754
2.534426
2.535061
2.535254
2.534834
2.535877
2.536333
2.536806
2.536964
2.536317
2.536456
2.536439
2.537158
2.535744
2.535598
2.530823
2.518165
2.515718
2.515821
2.515705
2.515690
2.516559
2.515650
2.515635
2.515837
2.516144
2.515094
2.515481
2.514532
2.514683
2.514858
2.514808
2.514666
2.515032
2.516143
2.516508
2.515774
2.516078
2.515323
2.517099
2.515982
2.516100
2.516149
2.515308
2.515792
2.515218
2.514907
2.515889
2.515600
2.515481
2.514724
2.514375
2.515339
2.515846
2.515153
2.515006
2.515067
2.514884
2.514337
2.513998
2.514949
2.514813
2.515931
2.514734
2.515189
2.515416
2.515402
2.515340
2.515858
2.515977
2.517530
2.518047
2.517040
2.516295
2.515931
2.516190
2.516732
2.517224
2.516999
2.516755
2.517835
2.516553
2.517043
2.517044
2.517318
2.517839
2.517062
2.516985
2.515866
2.516564
2.516169
2.516392
2.517068
2.517272
2.517893
2.517094
2.517443
2.517323
2.517624
2.517454
2.517045
2.517255
2.516929
2.517129
2.516322
2.516153
2.516602
2.517572
2.517232
2.517107
2.515036
2.515046
2.515600
2.514424
2.514346
2.514891
2.516477
2.516293
2.514687
2.514333
2.514402
2.515423
2.514265
2.514400
2.514663
2.515853
2.515687
2.515800
2.515634
2.515881
2.516958
2.533360
2.535259
2.535146
2.535871
2.535926
2.534693
2.534954
2.534522
2.534226
2.532770
2.532213
2.533790
2.532771
2.533804
2.533653
2.533616
2.534512
2.535093
2.535170
2.535340
2.535229
2.535714
2.537589
2.536756
2.536698
2.536926
2.536409
2.536074
2.534515
2.534604
2.534775
2.534845
2.535399
2.535400
2.536127
2.535999
2.535599
2.535343
2.535563
2.536035
2.535411
2.535666
2.535515
2.535718
2.535786
2.535331
2.535538
2.535497
2.535979
2.535738
2.535453
2.535611
2.535949
2.536057
2.535340
2.536045
2.535653
2.536523
2.536338
2.535967
2.536011
2.535978
2.537352
2.536090
2.536131
2.535288
2.535747
2.535845
2.536201
2.535136
2.530061
2.520226
2.514381
2.514820
2.515455
2.515761
2.515531
2.515051
2.515664
2.515503
2.516530
2.514863
2.515522
2.516011
2.516083
2.516621
2.515959
2.516002
2.516139
2.515527
2.514359
2.514333
2.514461
2.515173
2.515323
2.515656
2.515424
2.515591
2.516497
2.516006
2.515680
2.515813
2.515799
2.516370
2.515693
2.515614
2.514576
2.515085
2.515256
2.514701
2.515611
2.515904
2.516079
2.515603
2.515507
2.515504
2.516021
2.516437
2.517222
2.515157
2.515316
2.517062
2.516172
2.515882
2.516724
2.517322
2.517703
2.517280
2.517524
2.517222
2.517846
2.516398
2.517380
2.517089
2.517536
2.518117
2.516448
2.516279
2.515912
2.515869
2.514383
2.514616
2.514290
2.514048
2.515356
2.515098
2.514836
2.514750
2.515683
2.515504
2.515500
2.515208
2.515070
2.515803
2.514792
2.516004
2.514666
2.516283
2.516071
2.515893
2.516257
2.516078
2.516339
2.514830
2.514806
2.516081
2.516397
2.516690
2.515925
2.515495
2.517496
2.517700
2.517148
2.516876
2.516968
2.517330
2.518044
2.516720
2.517163
2.517169
2.517859
2.516085
2.516455
2.516103
2.516629
2.517675
2.531793
2.537650
2.537595
2.538601
2.538322
2.537754
2.538270
2.538452
2.537971
2.537699
2.537006
2.536406
2.532085
2.532150
2.533164
2.532247
2.534417
2.535437
2.534980
2.535851
2.534895
2.536163
2.536336
2.537475
2.536371
2.535731
2.536280
2.535623
2.535098
2.535303
2.536387
2.536417
2.536213
2.535000
2.536494
2.537093
2.536471
2.536507
2.536385
2.536247
2.536837
2.536165
2.536577
2.535939
2.536737
2.535836
2.535778
2.536284
2.536217
2.536815
2.535793
2.536082
2.536482
2.536587
2.536538
2.536079
2.535994
2.535920
2.535823
2.535405
2.535463
2.535484
2.536441
2.535403
2.534955
2.535107
2.535843
2.536223
2.536204
2.536083
2.535627
2.533126
2.524248
2.515794
2.515443
2.515429
2.516188
2.515783
2.515704
2.515948
2.516086
2.516446
2.515647
2.515566
2.515544
2.515067
2.514631
2.514389
2.514033
2.514355
2.516472
2.515827
2.515782
2.515862
2.516062
2.515277
2.514233
2.514935
2.514695
2.515882
2.514998
2.514997
2.514753
2.515202
2.516364
2.515422
2.515569
2.515721
2.516241
2.515611
2.515808
2.515515
2.515880
2.515793
2.515652
2.513973
2.514057
2.514609
2.514027
2.514871
2.514830
2.515016
2.515482
2.514784
2.515166
2.514839
2.516155
2.515983
2.515784
2.515322
2.515913
2.516196
2.515472
2.515018
2.516705
2.517123
2.516628
2.516601
2.516719
2.516682
2.517576
2.516614
2.516627
2.516483
2.516991
2.516384
2.515567
2.515646
2.515893
2.517675
2.516668
2.517011
2.516969
2.516349
2.515517
2.515302
2.515342
2.515594
2.515839
2.515721
2.515430
2.515385
2.515482
2.515805
2.515923
2.515495
2.515910
2.516404
2.515901
2.515922
2.515617
2.516008
2.516111
2.516155
2.515380
2.514580
2.515613
2.515267
2.515072
2.515358
2.515897
2.516420
2.515546
2.515489
2.516086
2.516503
2.516534
2.525496
2.536130
2.536417
2.536666
2.535741
2.535957
2.534726
2.533610
2.533851
2.532993
2.533887
2.532549
2.535363
2.534457
2.534775
2.535418
2.535671
2.535893
2.536258
2.536116
2.536428
2.536213
2.536293
2.536160
2.536271
2.536529
2.536952
2.536417
2.536378
2.536380
2.537330
2.536198
2.536243
2.535561
2.536049
2.536134
2.534574
2.534624
2.534679
2.534917
2.534301
2.535045
2.534862
2.535104
2.535257
2.532455
2.530139
2.532849
2.534122
2.534757
2.533916
2.534115
2.534329
2.535288
2.535754
2.535858
2.535796
2.536294
2.535691
2.535973
2.535765
2.535751
2.536342
2.535595
2.535779
2.535882
2.536383
2.536393
2.535748
2.535912
2.536027
2.533626
2.526867
2.515036
2.514651
2.514985
2.515644
2.514818
2.514615
2.514510
2.514457
2.514548
2.515105
2.514659
2.515584
2.516476
2.515727
2.515862
2.516077
2.516578
2.516053
2.515709
2.515564
2.515006
2.515767
2.514849
2.514445
2.515678
2.515925
2.516023
2.514367
2.513942
2.514356
2.515703
2.514826
2.515453
2.515370
2.516016
2.515479
2.514865
2.514567
2.514710
2.516326
2.515779
2.515222
2.515380
2.515932
2.516295
2.515543
2.514099
2.513894
2.515165
2.514425
2.515194
2.514467
2.514587
2.515274
2.515797
2.515697
2.515624
2.516288
2.515792
2.515731
2.515240
2.516134
2.516608
2.515638
2.515570
2.514777
2.515705
2.515950
2.515202
2.515621
2.515560
2.516737
2.517027
2.516797
2.517118
2.517690
2.517315
2.517095
2.517137
2.517108
2.516875
2.516443
2.515777
2.515933
2.516942
2.517026
2.517339
2.517285
2.517557
2.518046
2.517450
2.517393
2.517287
2.517115
2.517574
2.515322
2.515820
2.515777
2.516118
2.517197
2.516693
2.516579
2.517322
2.517911
2.516888
2.517080
2.516956
2.517455
2.517055
2.516736
2.515824
2.515429
2.515047
2.514248
2.520569
2.535191
2.536218
2.536312
2.535813
2.537111
2.537075
2.538729
2.537171
2.536202
2.536621
2.536216
2.535961
2.531068
2.531330
2.532250
2.532309
2.533560
2.533420
2.534134
2.535981
2.535727
2.536027
2.536988
2.537009
2.537411
2.537159
2.537012
2.536846
2.536768
2.537701
2.536560
2.536944
2.537097
2.537153
2.537087
2.536642
2.536699
2.536650
2.537587
2.537119
2.536502
2.536620
2.537076
2.536888
2.536726
2.536654
2.536567
2.537524
2.535493
2.535280
2.534029
2.534093
2.534426
2.532813
2.534285
2.535222
2.534576
2.534105
2.534534
2.534540
2.534835
2.533872
2.533392
2.532573
2.533411
2.533391
2.533764
2.534062
2.534055
2.533470
2.527242
2.513949
2.513162
2.513809
2.513666
2.513481
2.513332
2.513819
2.514888
2.514079
2.513571
2.513387
2.514061
2.513707
2.513047
2.513025
2.512804
2.513484
2.512215
2.512984
2.513920
2.514203
2.514641
2.514271
2.513795
2.513883
2.514829
2.513825
2.513714
2.513297
2.513765
2.513474
2.512664
2.512361
2.512234
2.513299
2.513042
2.513636
2.513427
2.513607
2.514210
2.513131
2.513149
2.513020
2.513145
2.512160
2.512344
2.512290
2.513145
2.513275
2.513023
2.513038
2.512795
2.513032
2.513086
2.512299
2.512450
2.512274
2.512890
2.511464
2.511170
2.511087
2.510033
2.510121
2.508768
2.510143
2.510831
2.512447
2.511520
2.511582
2.511625
2.512119
2.511673
2.511404
2.510156
2.510604
2.511391
2.510839
2.510639
2.510915
2.511699
2.511756
2.512833
2.512748
2.512758
2.513559
2.512780
2.510691
2.510841
2.510762
2.511085
2.509372
2.510334
2.510292
2.510676
2.510971
2.510467
2.510657
2.510837
2.511223
2.510771
2.510605
2.509770
2.509404
2.508762
2.508566
2.509243
2.508718
2.508484
2.507884
2.508856
2.511723
2.510559
2.512835
2.530060
2.530750
2.529732
2.529265
2.530183
2.530025
2.527074
2.525311
2.527589
2.526112
2.527956
2.528676
2.528516
2.529747
2.529683
2.529581
2.530447
2.531020
2.530922
2.531610
2.532502
2.531145
2.532129
2.532114
2.532708
2.531942
2.531843
2.532209
2.532070
2.531797
2.531841
2.531763
2.531564
2.531349
2.531973
2.531533
2.531483
2.531849
2.532266
2.531610
2.531461
2.531530
2.532387
2.531555
2.531727
2.531507
2.531132
2.531831
2.531301
2.531382
2.531504
2.532021
2.531539
2.531480
2.531529
2.531907
2.532100
2.531481
2.530263
2.529384
2.530023
2.531707
2.531914
2.531821
2.530617
2.531174
2.529097
2.529095
2.529246
2.529525
2.529950
2.523875
2.512367
2.509279
2.510128
2.509480
2.509247
2.509242
2.509109
2.509353
2.508670
2.507944
2.507744
2.509158
2.508398
2.509144
2.509772
2.510327
2.510507
2.509911
2.510011
2.509671
2.510749
2.509735
2.510080
2.510087
2.509190
2.509584
2.509693
2.509707
2.510096
2.510362
2.510119
2.510075
2.508931
2.509560
2.510877
2.510711
2.509960
2.509654
2.510569
2.509968
2.508982
2.509276
2.509925
2.510724
2.510346
2.510920
2.510571
2.511023
2.510994
2.510548
2.510509
2.510272
2.510949
2.509843
2.510269
2.511109
2.510723
2.510960
2.510603
2.511123
2.510816
2.511155
2.510883
2.510948
2.510827
2.511144
2.510646
2.509828
2.509864
2.510357
2.511349
2.510540
2.510622
2.510495
2.509985
2.509681
2.509074
2.509441
2.509215
2.511315
2.510621
2.509603
2.509474
2.509644
2.510598
2.510741
2.510011
2.510368
2.510832
2.511014
2.511237
2.510958
2.510717
2.511870
2.510709
2.511457
2.511144
2.511519
2.511451
2.510504
2.512236
2.512187
2.512813
2.512350
2.512338
2.512238
2.512597
2.512921
2.512105
2.512082
2.511880
2.511658
2.510451
2.510742
2.511019
2.529173
2.533241
2.532596
2.532458
2.532274
2.533231
2.532933
2.532845
2.532295
2.532476
2.533439
2.531214
2.530329
2.525857
2.527182
2.527199
2.527489
2.528383
2.528517
2.530182
2.531058
2.530231
2.532066
2.532572
2.532606
2.530679
2.530412
2.531334
2.532912
2.530867
2.529505
2.530686
2.530884
2.532518
2.531873
2.532077
2.531609
2.532969
2.531520
2.531796
2.531684
2.531783
2.532344
2.531890
2.531784
2.531787
2.532091
2.532212
2.531704
2.532021
2.532253
2.532819
2.531880
2.531900
2.532160
2.532564
2.531983
2.531959
2.532023
2.531688
2.532775
2.531864
2.532004
2.532082
2.532549
2.532187
2.531735
2.531970
2.532164
2.532622
2.531878
2.527192
2.516835
2.510185
2.509307
2.508913
2.508664
2.508352
2.510597
2.509446
2.509808
2.510275
2.510568
2.510609
2.509534
2.510003
2.509806
2.510426
2.509941
2.509359
2.509676
2.510400
2.510947
2.510113
2.509869
2.509323
2.509277
2.508634
2.508866
2.509019
2.509887
2.510885
2.509983
2.509952
2.509175
2.510126
2.510514
2.509965
2.510175
2.509649
2.510639
2.509667
2.508683
2.509294
2.510883
2.510850
2.509873
2.509072
2.508863
2.509765
2.509791
2.509081
2.510573
2.511099
2.511247
2.511281
2.510911
2.510827
2.511241
2.510741
2.510635
2.509710
2.510035
2.510027
2.508921
2.509997
2.509644
2.510301
2.509789
2.509372
2.510112
2.509549
2.510239
2.509523
2.509394
2.509925
2.509806
2.509736
2.509641
2.509679
2.510208
2.511530
2.510377
2.510436
2.510477
2.510900
2.511094
2.510642
2.510536
2.510111
2.511008
2.509980
2.509399
2.509351
2.509642
2.509485
2.508847
2.508540
2.509135
2.510387
2.509859
2.510161
2.510017
2.510350
2.510566
2.510213
2.510130
2.510438
2.511229
2.510529
2.510625
2.510616
2.511196
2.511474
2.509868
2.511032
2.510562
2.523615
2.531480
2.531018
2.530235
2.529630
2.530646
2.529973
2.529306
2.527375
2.528408
2.528504
2.528086
2.528374
2.529297
2.529762
2.529885
2.529945
2.530041
2.531191
2.530901
2.530521
2.530270
2.529390
2.530165
2.529307
2.529442
2.528015
2.527539
2.530020
2.530252
2.530242
2.530231
2.528970
2.529337
2.529579
2.529853
2.529917
2.529815
2.529796
2.530241
2.531303
2.530844
2.530587
2.530463
2.530409
2.531296
2.529453
2.530210
2.530209
2.531030
2.530562
2.529948
2.529643
2.526223
2.526990
2.527019
2.528121
2.529970
2.529492
2.528903
2.530062
2.529937
2.530354
2.531028
2.531712
2.531593
2.531896
2.531952
2.532046
2.531620
2.528424
2.520368
2.511721
2.511218
2.511045
2.510816
2.511359
2.511150
2.509753
2.508809
2.509559
2.509233
2.508555
2.508587
2.507870
2.509270
2.509771
2.509243
2.509332
2.509357
2.510017
2.509869
2.509662
2.509046
2.508575
2.509247
2.508081
2.508707
2.509390
2.509473
2.509590
2.509133
2.509124
2.509186
2.510077
2.508763
2.508948
2.509407
2.508858
2.509156
2.509041
2.508892
2.508723
2.510087
2.509413
2.509460
2.509503
2.509716
2.510332
2.508682
2.508525
2.507946
2.509992
2.508832
2.508925
2.508898
2.509493
2.510526
2.510336
2.509645
2.508115
2.509103
2.508748
2.509854
2.509989
2.510303
2.511128
2.510024
2.509809
2.509122
2.509682
2.509648
2.510212
2.510098
2.509921
2.510639
2.509124
2.509906
2.510026
2.510400
2.510311
2.510101
2.509640
2.509156
2.510102
2.509186
2.509033
2.509874
2.509874
2.510917
2.509759
2.509956
2.510017
2.510892
2.510192
2.509902
2.509840
2.510078
2.509710
2.509105
2.509329
2.508940
2.510352
2.509984
2.509871
2.509728
2.509738
2.510836
2.509982
2.509919
2.510262
2.509934
2.510576
2.509580
2.510073
2.510405
2.518691
2.531414
2.531592
2.531692
2.532585
2.532174
2.531502
2.531955
2.531635
2.531444
2.529138
2.530202
2.529300
2.530148
2.525829
2.525882
2.526525
2.526576
2.528907
2.528183
2.529108
2.530850
2.530852
2.532257
2.532056
2.532342
2.531854
2.532443
2.532178
2.531883
2.531971
2.532331
2.532770
2.531974
2.531946
2.531284
2.532200
2.531703
2.531708
2.531831
2.531728
2.531236
2.530374
2.531310
2.532038
2.532775
2.532043
2.531846
2.531610
2.531934
2.532791
2.531999
2.532074
2.532192
2.532582
2.532502
2.532015
2.531719
2.531866
2.532783
2.532093
2.532219
2.532033
2.531969
2.532432
2.531390
2.531935
2.531453
2.532578
2.532060
2.531855
2.529716
2.524189
2.511997
2.510784
2.510874
2.510880
2.511327
2.510425
2.508953
2.507963
2.509257
2.510986
2.510549
2.510532
2.510287
2.511156
2.509146
2.508447
2.507711
2.507210
2.507812
2.507399
2.506471
2.507940
2.508041
2.508594
2.508264
2.507290
2.507640
2.508131
2.507297
2.507082
2.506723
2.507285
2.507059
2.506525
2.506943
2.507167
2.507447
2.507066
2.506984
2.507018
2.507313
2.507426
2.506576
2.506682
2.507334
2.506068
2.505980
2.505761
2.506560
2.506942
2.506219
2.506407
2.506107
2.506117
2.505197
2.504728
2.504745
2.505231
2.505847
2.505463
2.505490
2.505330
2.506482
2.506489
2.506245
2.505759
2.506039
2.507173
2.506488
2.506370
2.505603
2.504901
2.505602
2.504488
2.505487
2.505810
2.506340
2.506592
2.506472
2.506353
2.506932
2.506999
2.506699
2.506311
2.506274
2.507599
2.505748
2.506747
2.505938
2.506167
2.506653
2.505810
2.506756
2.507046
2.507547
2.507342
2.506837
2.506867
2.506887
2.508138
2.507177
2.507332
2.507306
2.507146
2.506495
2.505796
2.506438
2.506996
2.507821
2.507064
2.507153
2.507074
2.507605
2.510986
2.527084
2.527648
2.527928
2.528474
2.527246
2.527159
2.528358
2.527611
2.522229
2.524133
2.524810
2.523676
2.524628
2.525163
2.524899
2.526522
2.527745
2.528147
2.527975
2.527830
2.528076
2.528635
2.527594
2.527965
2.527988
2.527927
2.526733
2.525799
2.526270
2.526788
2.528296
2.527807
2.527465
2.527689
2.526011
2.528074
2.527177
2.527499
2.527295
2.528018
2.527699
2.527269
2.527183
2.527169
2.528085
2.526725
2.525209
2.525743
2.525139
2.525682
2.525815
2.526374
2.527597
2.527006
2.526797
2.526715
2.526875
2.527523
2.525848
2.527112
2.527101
2.527750
2.526882
2.526827
2.527055
2.527226
2.527677
2.526833
2.526785
2.526260
2.521766
2.508258
2.506067
2.506366
2.506090
2.506723
2.505997
2.506265
2.505325
2.505633
2.506282
2.506108
2.505886
2.506182
2.507280
2.505993
2.506238
2.506487
2.506968
2.506698
2.505726
2.504097
2.504387
2.504814
2.505181
2.504330
2.503656
2.504489
2.504141
2.503632
2.503548
2.503079
2.505179
2.504392
2.503917
2.503268
2.504901
2.503176
2.503836
2.503768
2.504547
2.503965
2.504652
2.504757
2.505017
2.505563
2.504537
2.504624
2.504825
2.505196
2.504101
2.504200
2.504044
2.504010
2.504905
2.504060
2.504402
2.504957
2.505504
2.505388
2.504966
2.504688
2.503381
2.503995
2.503743
2.503398
2.504289
2.504081
2.504243
2.504452
2.504528
2.506117
2.505201
2.505397
2.505348
2.505636
2.506232
2.505437
2.505482
2.505435
2.506002
2.505048
2.504722
2.504948
2.505132
2.506247
2.504695
2.505323
2.504264
2.504553
2.504842
2.504247
2.505677
2.505841
2.506627
2.505065
2.504912
2.504603
2.505189
2.504588
2.505593
2.505707
2.505618
2.506533
2.505592
2.506006
2.505744
2.506404
2.506282
2.505839
2.506031
2.505276
2.505960
2.505652
2.523434
2.526683
2.526548
2.527105
2.526544
2.526704
2.527177
2.527763
2.526717
2.526223
2.526230
2.526993
2.526484
2.525567
2.522576
2.521790
2.524728
2.524684
2.524562
2.524483
2.524376
2.526941
2.525910
2.524476
2.525766
2.527890
2.528451
2.527517
2.527966
2.528003
2.528716
2.527734
2.527882
2.527553
2.527829
2.526823
2.527776
2.527630
2.527632
2.528000
2.525567
2.525334
2.525918
2.526234
2.527864
2.527049
2.527077
2.526290
2.528050
2.527274
2.527332
2.527227
2.527157
2.527900
2.527082
2.527022
2.526931
2.527686
2.527446
2.527195
2.525468
2.525640
2.525674
2.526351
2.526523
2.526439
2.526935
2.526636
2.526363
2.526436
2.526559
2.521980
2.509947
2.505812
2.505665
2.506137
2.506234
2.505866
2.505624
2.505555
2.506365
2.505388
2.505649
2.506018
2.505711
2.505866
2.505504
2.504483
2.504692
2.505481
2.505320
2.505779
2.506178
2.505915
2.506650
2.505468
2.505901
2.505428
2.506756
2.506221
2.505785
2.505631
2.504914
2.505420
2.504556
2.505192
2.505581
2.504981
2.504217
2.502700
2.502190
2.502479
2.502195
2.501883
2.502561
2.502474
2.502743
2.503155
2.503104
2.503222
2.502726
2.504075
2.503282
2.504169
2.503709
2.504514
2.504194
2.503825
2.503317
2.503471
2.504175
2.503446
2.503213
2.502745
2.502945
2.503153
2.502376
2.503114
2.503122
2.503324
2.502874
2.502670
2.502490
2.502446
2.504085
2.503422
2.503868
2.503093
2.502543
2.502552
2.503031
2.503126
2.503477
2.504770
2.504264
2.504280
2.504507
2.504594
2.504526
2.504581
2.503697
2.504353
2.504514
2.503451
2.503127
2.503684
2.505204
2.504879
2.504905
2.504576
2.504795
2.505857
2.504753
2.505140
2.504799
2.505385
2.505574
2.503487
2.503040
2.502859
2.504094
2.503647
2.504274
2.504451
2.504387
2.504169
2.504061
2.519124
2.524429
2.525251
2.524821
2.524514
2.524064
2.523908
2.524436
2.524222
2.524379
2.524326
2.524998
2.524786
2.524204
2.524668
2.524759
2.525444
2.524611
2.524298
2.524400
2.525309
2.524560
2.524177
2.523745
2.520083
2.521449
2.522765
2.522940
2.522703
2.522985
2.523244
2.524205
2.523011
2.522051
2.523940
2.523814
2.524896
2.524768
2.525154
2.525465
2.524939
2.524889
2.524831
2.525630
2.524920
2.524632
2.524614
2.524643
2.524748
2.524391
2.524464
2.524730
2.525403
2.524892
2.524429
2.524786
2.524763
2.525353
2.524765
2.524653
2.524148
2.525353
2.525121
2.524531
2.524509
2.524725
2.525163
2.524261
2.523041
2.519665
2.520559
2.515410
2.508096
2.501571
2.502441
2.503094
2.502488
2.504456
2.504776
2.504811
2.504289
2.503667
2.504359
2.505030
2.505556
2.503926
2.505154
2.504863
2.505347
2.506084
2.505280
2.505281
2.505093
2.506143
2.505287
2.504324
2.504108
2.504078
2.504864
2.504140
2.504719
2.505073
2.505953
2.505901
2.505034
2.505370
2.505481
2.506305
2.505471
2.505600
2.504252
2.505076
2.504774
2.504830
2.505860
2.505493
2.506755
2.505992
2.506079
2.506185
2.506491
2.504923
2.504182
2.502911
2.503430
2.504364
2.502674
2.503421
2.503460
2.503854
2.503995
2.503194
2.503826
2.503854
2.505127
2.504075
2.504008
2.504196
2.504406
2.505122
2.504266
2.503774
2.503520
2.503390
2.503308
2.502374
2.502536
2.502671
2.503424
2.503023
2.503625
2.503703
2.504799
2.505025
2.504354
2.503904
2.503586
2.504236
2.503585
2.503597
2.503933
2.503948
2.503935
2.503870
2.504757
2.505358
2.505732
2.505007
2.505086
2.504922
2.504760
2.505009
2.504131
2.504019
2.504345
2.505614
2.504956
2.504793
2.505102
2.505428
2.505836
2.505218
2.505080
2.505168
2.505535
2.504579
2.504330
2.514107
2.524656
2.525905
2.525639
2.525734
2.525582
2.526287
2.526418
2.525529
2.526260
2.525874
2.525890
2.525447
2.524995
2.524137
2.520111
2.521777
2.522187
2.521241
2.522895
2.524511
2.523565
2.524323
2.524372
2.524150
2.524159
2.524572
2.524118
2.524907
2.526427
2.525830
2.525169
2.525483
2.525989
2.525982
2.525513
2.525409
2.525234
2.525818
2.525407
2.525315
2.525183
2.525266
2.525802
2.526145
2.526592
2.526695
2.527246
2.526104
2.526452
2.526619
2.526523
2.527259
2.526435
2.526504
2.526844
2.527378
2.527018
2.526530
2.526915
2.526536
2.527473
2.526226
2.526280
2.526418
2.526881
2.527217
2.526513
2.526503
2.526502
2.527155
2.524387
2.517077
2.505538
2.506066
2.506348
2.505817
2.505950
2.506022
2.506473
2.505983
2.506341
2.505916
2.506384
2.506759
2.506174
2.505762
2.506157
2.505086
2.504227
2.503467
2.503622
2.504562
2.504770
2.505412
2.505841
2.506335
2.506719
2.505960
2.506570
2.506052
2.506229
2.507247
2.504669
2.505019
2.504998
2.505199
2.506433
2.506220
2.506045
2.506292
2.506770
2.506105
2.506218
2.505974
2.506288
2.506753
2.505813
2.504912
2.505041
2.505843
2.504933
2.505905
2.505896
2.505881
2.506449
2.505855
2.506047
2.506225
2.506849
2.506278
2.505915
2.505705
2.505466
2.505202
2.503529
2.503120
2.503197
2.503783
2.503350
2.501974
2.503695
2.503319
2.504440
2.504222
2.503900
2.503721
2.504473
2.504071
2.503400
2.503275
2.503219
2.503708
2.503036
2.503098
2.503201
2.502643
2.503157
2.502716
2.503090
2.502475
2.503558
2.504059
2.503528
2.503475
2.504140
2.504359
2.503653
2.504157
2.504118
2.504793
2.504134
2.504152
2.503517
2.503834
2.503775
2.503486
2.503906
2.504265
2.504480
2.504314
2.503949
2.503394
2.504107
2.504774
2.504544
2.503584
2.510031
2.525489
2.525413
2.524954
2.524764
2.524680
2.524786
2.523809
2.523501
2.519242
2.521536
2.522520
2.522649
2.523524
2.521589
2.522325
2.523003
2.524252
2.524861
2.524337
2.524656
2.524455
2.524562
2.524692
2.524568
2.524399
2.524475
2.525233
2.524287
2.524366
2.524427
2.524865
2.524891
2.524509
2.523972
2.524229
2.525061
2.524261
2.522786
2.522864
2.523603
2.524109
2.524595
2.524385
2.524048
2.525159
2.524499
2.523594
2.524291
2.524539
2.524953
2.524658
2.524194
2.523887
2.525195
2.524343
2.524181
2.523865
2.524135
2.524013
2.524199
2.525277
2.525356
2.526354
2.525498
2.525302
2.525436
2.525696
2.526541
2.524074
2.518815
2.505553
2.504745
2.505013
2.504326
2.504516
2.504280
2.504408
2.503585
2.502784
2.502734
2.503958
2.503951
2.503672
2.503719
2.503914
2.504625
2.504193
2.504504
2.504790
2.504971
2.504780
2.504541
2.504290
2.503364
2.503769
2.502930
2.503096
2.503852
2.504739
2.504240
2.503775
2.504110
2.502605
2.502092
2.501686
2.501767
2.503109
2.504122
2.503705
2.502791
2.502624
2.502723
2.504920
2.503950
2.503798
2.504346
2.504728
2.504666
2.504290
2.504700
2.504038
2.503939
2.504590
2.503286
2.503223
2.503219
2.504380
2.504293
2.504258
2.504487
2.504333
2.504405
2.504674
2.503480
2.504522
2.505230
2.504457
2.504227
2.502800
2.503783
2.503842
2.503389
2.504076
2.504072
2.505129
2.503984
2.503850
2.504284
2.504867
2.503610
2.502360
2.501665
2.501513
2.501739
2.500081
2.500437
2.501302
2.500799
2.501210
2.500670
2.501564
2.500786
2.501754
2.502513
2.502309
2.501896
2.502019
2.502823
2.501714
2.501341
2.501174
2.501290
2.500787
2.499794
2.499972
2.500734
2.501526
2.501292
2.501507
2.501735
2.503011
2.502208
2.501401
2.501124
2.502210
2.520319
2.520755
2.521126
2.521839
2.521502
2.521161
2.522019
2.522123
2.521299
2.522631
2.522940
2.521676
2.521574
2.521549
2.521083
2.516486
2.517715
2.517676
2.519853
2.519724
2.519482
2.520221
2.521237
2.521008
2.521385
2.521856
2.522165
2.522495
2.521427
2.521632
2.521909
2.521667
2.522404
2.521765
2.521691
2.521585
2.522265
2.522242
2.521230
2.521461
2.521637
2.522570
2.521586
2.521550
2.521343
2.521825
2.521880
2.521568
2.520731
2.521135
2.522104
2.521385
2.521400
2.521378
2.520241
2.519737
2.519918
2.519633
2.520306
2.521546
2.520961
2.520497
2.520874
2.520888
2.521629
2.522075
2.522267
2.522381
2.523080
2.522216
2.522290
2.517297
2.505167
2.501220
2.501734
2.502230
2.502536
2.502502
2.502185
2.501539
2.502345
2.502369
2.503259
2.502198
2.502768
2.503062
2.502735
2.502061
2.501537
2.501778
2.501761
2.502316
2.502364
2.502506
2.503511
2.502285
2.502445
2.502176
2.503137
2.502022
2.503142
2.502636
2.503165
2.500935
2.501355
2.502197
2.502119
2.501734
2.501705
2.502118
2.501202
2.500562
2.501654
2.502529
2.503356
2.501413
2.501669
2.502553
2.501968
2.500747
2.499142
2.499483
2.500551
2.500209
2.501150
2.502194
2.502374
2.502599
2.502406
2.502418
2.503017
2.501831
2.502711
2.501315
2.500948
2.500525
2.500505
2.502084
2.501616
2.500469
2.500396
2.501122
2.500585
2.500036
2.499880
2.500001
2.500588
2.499382
2.498266
2.498080
2.499007
2.498581
2.499073
2.499343
2.499703
2.500004
2.497836
2.497748
2.496875
2.497411
2.497192
2.496703
2.497621
2.498688
2.497290
2.497641
2.497386
2.498162
2.498549
2.498665
2.499789
2.499776
2.500719
2.500492
2.500843
2.501009
2.501289
2.500893
2.500466
2.500417
2.500158
2.501718
2.500769
2.500181
2.500844
2.501459
2.519388
2.521495
2.520893
2.520052
2.520325
2.519439
2.520397
2.521214
2.520661
2.520394
2.518550
2.519512
2.519037
2.519792
2.518898
2.519575
2.519976
2.520053
2.519978
2.519564
2.520944
2.521309
2.521755
2.521570
2.520916
2.521425
2.521206
2.521787
2.521323
2.521511
2.521079
2.521681
2.521739
2.521572
2.521312
2.521115
2.521679
2.521222
2.521132
2.520999
2.521542
2.521715
2.521170
2.520904
2.520989
2.521891
2.521369
2.520375
2.520246
2.521234
2.521766
2.520933
2.520810
2.521051
2.521918
2.521044
2.521141
2.521014
2.521478
2.521487
2.520828
2.520786
2.521209
2.521737
2.521287
2.520796
2.520766
2.521443
2.521614
2.520949
2.521151
2.516804
2.507323
2.500439
2.500002
2.500322
2.500002
2.500982
2.499870
2.500598
2.500679
2.500854
2.500967
2.499884
2.499903
2.499754
2.498152
2.496575
2.498487
2.498912
2.499676
2.501554
2.501359
2.500604
2.501090
2.503422
2.501653
2.501438
2.501568
2.501419
2.503330
2.502251
2.502638
2.502875
2.503225
2.502941
2.502795
2.503080
2.503412
2.503630
2.502674
2.501484
2.501583
2.502284
2.502525
2.503147
2.503162
2.502909
2.504079
2.503312
2.502889
2.503078
2.503142
2.503523
2.502161
2.502697
2.501973
2.502795
2.501678
2.501904
2.501178
2.501771
2.503057
2.503207
2.503186
2.503249
2.503137
2.503387
2.502910
2.503542
2.503261
2.502877
2.501981
2.502202
2.502309
2.503688
2.503266
2.503082
2.502779
2.503029
2.503509
2.502791
2.503048
2.503000
2.503790
2.503308
2.501979
2.501990
2.501837
2.503141
2.502499
2.500993
2.500396
2.501885
2.502730
2.503298
2.503546
2.503519
2.504300
2.503312
2.503510
2.501275
2.501229
2.501453
2.500960
2.502576
2.502337
2.502332
2.501026
2.500565
2.500898
2.500175
2.501002
2.501038
2.500434
2.500920
2.513036
2.520980
2.520958
2.520820
2.522507
2.521494
2.522035
2.522279
2.522587
2.521967
2.521693
2.521942
2.520958
2.522575
2.521417
2.520465
2.517167
2.518558
2.519605
2.518129
2.520462
2.520523
2.521284
2.520993
2.520939
2.521345
2.522693
2.522927
2.522460
2.521968
2.522200
2.522791
2.522078
2.521790
2.521909
2.522193
2.522134
2.520371
2.520822
2.522144
2.523243
2.522635
2.522528
2.521777
2.520988
2.522002
2.521539
2.522137
2.522404
2.522707
2.522709
2.522566
2.522539
2.522565
2.523186
2.522566
2.522830
2.522598
2.522907
2.522470
2.522510
2.522452
2.522349
2.523187
2.522436
2.522511
2.522693
2.522697
2.522886
2.522531
2.522649
2.519481
2.512682
2.501915
2.500902
2.501702
2.502701
2.502511
2.502170
2.502171
2.502075
2.503074
2.502359
2.502546
2.502592
2.502713
2.503381
2.501274
2.502180
2.501652
2.502258
2.502018
2.501724
2.502621
2.502642
2.503108
2.502303
2.502297
2.502390
2.503173
2.503133
2.502453
2.502711
2.503641
2.503682
2.502905
2.502903
2.503325
2.504721
2.504348
2.502681
2.501097
2.501539
2.503054
2.504000
2.504021
2.504092
2.504612
2.504517
2.502886
2.502766
2.502840
2.503981
2.503353
2.503188
2.504086
2.504290
2.504605
2.504156
2.504089
2.504060
2.504844
2.504192
2.503736
2.503142
2.503229
2.503396
2.502471
2.503775
2.503303
2.504478
2.504042
2.504056
2.504154
2.504427
2.504737
2.503873
2.503421
2.502593
2.502352
2.502368
2.502872
2.502833
2.504255
2.504975
2.503954
2.503991
2.503856
2.504690
2.504184
2.503827
2.503866
2.503989
2.504745
2.502916
2.503095
2.503014
2.503895
2.504814
2.504314
2.504258
2.504035
2.504955
2.504359
2.503876
2.504650
2.502451
2.502536
2.502143
2.502407
2.503510
2.503507
2.504576
2.504527
2.504660
2.504814
2.510567
2.524486
2.524348
2.525322
2.524794
2.524508
2.524657
2.523597
2.523590
2.521393
2.518426
2.518851
2.520650
2.520891
2.519569
2.519658
2.519534
2.522082
2.521617
2.520538
2.520585
2.520848
2.520990
2.522907
2.522740
2.522379
2.523587
2.523127
2.522864
2.522867
2.523143
2.523316
2.522622
2.522630
2.522909
2.523532
2.522683
2.522344
2.522827
2.523039
2.523696
2.522762
2.523296
2.523202
2.523476
2.523092
2.522920
2.523084
2.523102
2.523716
2.521937
2.522792
2.521790
2.522199
2.523467
2.523091
2.523089
2.523246
2.524099
2.522461
2.521779
2.521738
2.522426
2.522249
2.523441
2.523408
2.523132
2.523856
2.523487
2.523539
2.523615
2.521906
2.516088
2.503263
2.502476
2.502729
2.503309
2.502871
2.502537
2.502908
2.503067
2.503387
2.501861
2.501638
2.502059
2.503888
2.502708
2.502524
2.502605
2.502550
2.503755
2.503070
2.503207
2.502932
2.503120
2.503196
2.502641
2.501831
2.501594
2.502512
2.501299
2.502723
2.502527
2.502523
2.502702
2.502266
2.502515
2.502339
2.503238
2.502474
2.502030
2.502260
2.502295
2.501928
2.501867
2.502619
2.503736
2.504311
2.503842
2.503968
2.504222
2.504545
2.504267
2.504051
2.502834
2.502465
2.501705
2.501684
2.502134
2.502757
2.504559
2.504081
2.504103
2.503993
2.504571
2.504480
2.503300
2.503824
2.503999
2.504967
2.503901
2.503091
2.502894
2.503330
2.503415
2.503690
2.504068
2.503746
2.504746
2.503414
2.504283
2.504451
2.504449
2.504636
2.503567
2.503785
2.502983
2.503632
2.502759
2.503245
2.502232
2.502628
2.502922
2.503952
2.504082
2.503943
2.504797
2.504292
2.504125
2.503971
2.504180
2.503639
2.502659
2.502632
2.503095
2.504479
2.503945
2.504070
2.503456
2.503951
2.504562
2.502149
2.501997
2.502835
2.503054
2.503701
2.506527
2.522829
2.522684
2.524225
2.522956
2.522300
2.522740
2.523714
2.524796
2.524511
2.524957
2.524337
2.525268
2.523655
2.524064
2.522888
2.519249
2.518592
2.519664
2.518711
2.520601
2.521565
2.521037
2.521549
2.520850
2.520853
2.522454
2.521757
2.521273
2.522365
2.522615
2.522430
2.522293
2.522448
2.523147
2.522140
2.522346
2.522439
2.523072
2.522128
2.522262
2.522376
2.522311
2.522731
2.521809
2.522023
2.522113
2.522464
2.522559
2.522184
2.521762
2.522047
2.523817
2.522801
2.522363
2.522280
2.522690
2.522412
2.522051
2.521843
2.522004
2.522870
2.521228
2.521430
2.522101
2.522908
2.523319
2.522812
2.522775
2.522475
2.522857
2.516879
2.503127
2.499903
2.500319
2.501415
2.500280
2.501563
2.502216
2.502739
2.502424
2.502221
2.502257
2.502723
2.503030
2.502424
2.502185
2.501713
2.502427
2.501831
2.501462
2.501386
2.501234
2.503397
2.502149
2.501907
2.501895
2.502841
2.503303
2.502737
2.502767
2.502504
2.503120
2.502428
2.501647
2.501314
2.501940
2.501943
2.502466
2.502348
2.502274
2.502967
2.501708
2.502397
2.502511
2.502611
2.503086
2.502269
2.502245
2.501611
2.502233
2.501971
2.501553
2.501730
2.501721
2.502510
2.502035
2.503780
2.503892
2.504430
2.504182
2.503764
2.503312
2.503359
2.503235
2.502405
2.502112
2.501664
2.503046
2.501483
2.501274
2.501755
2.502375
2.503998
2.503422
2.503365
2.502952
2.503381
2.503754
2.501909
2.502486
2.502747
2.503261
2.503584
2.503223
2.503414
2.503648
2.504080
2.503598
2.503695
2.503858
2.504358
2.503306
2.503361
2.502504
2.502860
2.503150
2.502702
2.503601
2.503521
2.504404
2.502936
2.502279
2.502292
2.503349
2.504878
2.504325
2.503844
2.504447
2.503432
2.503179
2.502754
2.503210
2.503772
2.504728
2.503093
2.503182
2.520500
2.522512
2.523381
2.523623
2.524327
2.524202
2.524794
2.522995
2.522875
2.519928
2.517919
2.519842
2.519492
2.519294
2.520676
2.521580
2.522292
2.522936
2.523274
2.524141
2.525082
2.522508
2.522506
2.522426
2.523336
2.522500
2.522747
2.523007
2.522905
2.523475
2.522909
2.522084
2.522032
2.521737
2.521243
2.521216
2.520831
2.522324
2.521248
2.521470
2.521447
2.522047
2.521560
2.521536
2.521734
2.521562
2.522519
2.521871
2.521678
2.521150
2.522281
2.521912
2.521583
2.521584
2.521707
2.522197
2.521223
2.521373
2.521120
2.521704
2.522187
2.521165
2.521695
2.521834
2.522147
2.521523
2.521466
2.521420
2.521617
2.521873
2.516505
2.505388
2.499941
2.500439
2.500839
2.501104
2.501281
2.501197
2.501568
2.500992
2.500817
2.501017
2.500674
2.501040
2.500942
2.501053
2.500767
2.501736
2.501235
2.501200
2.501321
2.501957
2.501768
2.501469
2.501079
2.501193
2.501469
2.500612
2.500540
2.500373
2.499754
2.501231
2.498127
2.497342
2.498013
2.498501
2.500342
2.500746
2.500861
2.501199
2.502563
2.501166
2.501423
2.501305
2.501832
2.502254
2.502187
2.502401
2.502486
2.503402
2.502399
2.502534
2.502637
2.502853
2.502178
2.502410
2.501653
2.501423
2.502210
2.501022
2.501976
2.502255
2.502884
2.502671
2.502198
2.502874
2.503035
2.504967
2.504133
2.503969
2.503867
2.503365
2.503414
2.502940
2.502909
2.503812
2.504464
2.503740
2.503790
2.502778
2.504304
2.504548
2.503726
2.504343
2.503713
2.504507
2.503302
2.502777
2.502796
2.503667
2.504710
2.503127
2.504091
2.504223
2.504658
2.504613
2.504002
2.504052
2.503858
2.504713
2.503965
2.502722
2.501196
2.502244
2.502624
2.502097
2.501920
2.503257
2.504555
2.503935
2.502426
2.502540
2.502798
2.504302
2.504067
2.503613
2.517701
2.523845
2.523342
2.523174
2.523190
2.523073
2.524405
2.524213
2.524156
2.524374
2.525311
2.524538
2.524285
2.524098
2.524418
2.523712
2.519237
2.518372
2.519805
2.519466
2.521021
2.521071
2.521421
2.523550
2.524296
2.523466
2.524658
2.524785
2.525281
2.524725
2.524487
2.524573
2.524732
2.525646
2.525036
2.524875
2.524736
2.525015
2.524478
2.524639
2.524005
2.523089
2.523435
2.521900
2.521900
2.522044
2.521611
2.522895
2.522110
2.522613
2.522646
2.522894
2.522951
2.523097
2.523192
2.522675
2.522593
2.521583
2.521604
2.521394
2.523414
2.522761
2.522258
2.521907
2.522624
2.523096
2.522314
2.522433
2.522301
2.522776
2.522940
2.518975
2.510251
2.501953
2.502392
2.501238
2.500636
2.501544
2.502138
2.502044
2.501959
2.500593
2.501236
2.502711
2.502576
2.502550
2.502640
2.503023
2.501987
2.502553
2.502016
2.502132
2.502590
2.501583
2.502525
2.502442
2.502730
2.503333
2.502740
2.502863
2.502310
2.503826
2.502860
2.502618
2.502882
2.502291
2.502616
2.501953
2.501929
2.502695
2.503129
2.503208
2.502202
2.502171
2.502960
2.503852
2.502857
2.502506
2.502694
2.503298
2.502282
2.501452
2.500886
2.501153
2.501895
2.500845
2.500801
2.502009
2.502927
2.503163
2.502587
2.502476
2.502885
2.503054
2.502644
2.501667
2.501266
2.501960
2.502104
2.501709
2.502306
2.502000
2.503169
2.503372
2.503446
2.503783
2.504065
2.504730
2.503774
2.503595
2.502539
2.503523
2.503150
2.502341
2.503882
2.503834
2.504533
2.503830
2.503766
2.504119
2.504374
2.504303
2.503930
2.504088
2.503892
2.503889
2.502639
2.502710
2.502892
2.504446
2.504610
2.504166
2.503961
2.504053
2.504798
2.503957
2.504745
2.504306
2.504777
2.504788
2.503128
2.502918
2.502880
2.504491
2.504255
2.503557
2.503788
2.513876
2.523263
2.521676
2.521753
2.522326
2.524539
2.524889
2.524981
2.523196
2.522311
2.521861
2.518120
2.519625
2.520915
2.520762
2.519456
2.520191
2.521331
2.523161
2.524157
2.523097
2.523860
2.524279
2.524492
2.524733
2.524277
2.523167
2.524458
2.525306
2.524198
2.524183
2.524246
2.524653
2.524722
2.524281
2.524173
2.524390
2.524806
2.523612
2.524268
2.524408
2.524785
2.525020
2.524405
2.524374
2.524488
2.525120
2.523661
2.523379
2.522170
2.522127
2.522202
2.522361
2.521353
2.522576
2.522898
2.523013
2.522833
2.523125
2.522704
2.523127
2.522449
2.522406
2.522381
2.523298
2.523195
2.523125
2.522843
2.522683
2.523711
2.522527
2.519249
2.512015
2.501070
2.501003
2.500469
2.501531
2.501627
2.502657
2.502552
2.501959
2.501822
2.502154
2.502069
2.501343
2.501200
2.501191
2.502905
2.501079
2.500954
2.502622
2.503289
2.502530
2.502663
2.502340
2.503001
2.502599
2.501873
2.501558
2.501713
2.501822
2.501756
2.502365
2.502065
2.502576
2.502660
2.502273
2.502636
2.502558
2.503766
2.502321
2.502245
2.501640
2.502410
2.502324
2.501673
2.502394
2.502539
2.503031
2.502903
2.502277
2.502401
2.502942
2.503047
2.502546
2.501960
2.502547
2.502471
2.501789
2.501745
2.501658
2.502782
2.503328
2.502572
2.502550
2.502585
2.503100
2.501385
2.500650
2.501425
2.501796
2.503273
2.501975
2.502090
2.501915
2.502684
2.502777
2.502452
2.502724
2.502500
2.503117
2.503296
2.504038
2.503902
2.504647
2.504659
2.504027
2.503137
2.503006
2.503572
2.502757
2.504415
2.502909
2.504116
2.504362
2.504038
2.504050
2.504161
2.505029
2.504328
2.504194
2.504140
2.503308
2.503624
2.502993
2.503403
2.504217
2.504942
2.504009
2.503816
2.503810
2.504327
2.504568
2.503690
2.503957
2.503873
2.510290
2.523093
2.523338
2.523236
2.522793
2.519358
2.518679
2.520236
2.519034
2.521291
2.521263
2.520707
2.521901
2.521942
2.523172
2.523989
2.523289
2.521873
2.522176
2.522532
2.522931
2.524496
2.524616
2.525502
2.524636
2.524644
2.524021
2.525094
2.525252
2.524663
2.524788
2.524350
2.525440
2.524850
2.524555
2.524370
2.524859
2.525081
2.524382
2.524287
2.524531
2.524933
2.524690
2.524477
2.524636
2.524374
2.524855
2.524530
2.524384
2.524430
2.525043
2.524796
2.524578
2.524632
2.524626
2.525290
2.524623
2.525068
2.524520
2.523854
2.523444
2.521791
2.522030
2.522221
2.522265
2.521093
2.522345
2.522547
2.522585
2.522810
2.522488
2.521054
2.516223
2.503822
2.501403
2.501236
2.501560
2.501624
2.503132
2.502139
2.502012
2.501971
2.502609
2.502210
2.502263
2.502261
2.501343
2.501386
2.500602
2.500941
2.501471
2.502538
2.502222
2.501685
2.501694
2.501758
2.502770
2.502251
2.502242
2.502272
2.501686
2.502133
2.502913
2.503064
2.503726
2.502151
2.501946
2.502155
2.502097
2.503339
2.502772
2.502569
2.502851
2.503269
2.502738
2.502997
2.502843
2.502931
2.503337
2.502654
2.501945
2.501644
2.502376
2.502260
2.502751
2.502968
2.502379
2.503244
2.502726
2.502890
2.502741
2.503684
2.503496
2.502819
2.502506
2.502148
2.502636
2.501694
2.501082
2.502964
2.503078
2.502868
2.502546
2.502554
2.502808
2.503349
2.502760
2.502816
2.502386
2.503559
2.502043
2.501399
2.500856
2.501765
2.501947
2.501146
2.501673
2.501662
2.503116
2.503526
2.502697
2.503619
2.504224
2.504741
2.504192
2.503386
2.502942
2.503456
2.504033
2.504407
2.504663
2.504339
2.505295
2.504730
2.504598
2.504593
2.504888
2.505584
2.504345
2.504618
2.503909
2.503917
2.503868
2.503544
2.504585
2.504639
2.507729
2.523850
2.524630
2.524660
2.525481
2.524644
2.523579
2.524829
2.524750
2.524661
2.523254
2.520366
2.518522
2.520785
2.520865
2.519769
2.521268
2.521437
2.523041
2.523705
2.522664
2.523205
2.523368
2.523777
2.523475
2.524680
2.524559
2.524341
2.524767
2.524718
2.524754
2.525011
2.525234
2.523162
2.522685
2.523138
2.523634
2.523842
2.523679
2.523310
2.524021
2.524427
2.523495
2.523431
2.523245
2.524033
2.523560
2.523301
2.523572
2.523618
2.524675
2.523960
2.523228
2.523561
2.523760
2.523694
2.523538
2.523565
2.523445
2.524290
2.523426
2.523348
2.523402
2.523801
2.523592
2.523737
2.523756
2.522576
2.523324
2.522079
2.522040
2.522017
2.515967
2.505081
2.500997
2.501264
2.501514
2.502002
2.501799
2.501479
2.501779
2.501577
2.502272
2.501540
2.501213
2.500786
2.502086
2.501183
2.501012
2.500781
2.501432
2.502146
2.501729
2.501647
2.501705
2.502339
2.501981
2.501961
2.502083
2.501731
2.501525
2.500963
2.500669
2.500740
2.501074
2.501629
2.500823
2.501277
2.500583
2.501451
2.501879
2.501559
2.501068
2.501257
2.501371
2.499736
2.500091
2.501473
2.501603
2.500487
2.500501
2.498587
2.499629
2.502225
2.501740
2.501556
2.502356
2.502615
2.503284
2.502020
2.501903
2.502033
2.502949
2.502941
2.502962
2.502728
2.503147
2.502914
2.503173
2.502206
2.503071
2.503766
2.502872
2.503133
2.502382
2.502509
2.502402
2.501944
2.502946
2.503343
2.503616
2.502847
2.502159
2.502583
2.503157
2.503342
2.502732
2.502531
2.502319
2.502964
2.501968
2.501628
2.501735
2.502930
2.502649
2.502058
2.502587
2.502838
2.503285
2.503174
2.502848
2.504032
2.504497
2.505078
2.503197
2.503153
2.503046
2.502671
2.504041
2.504105
2.503968
2.503701
2.504520
2.503906
2.503839
2.504115
2.504474
2.504542
2.520903
2.522816
2.523448
2.523901
2.522005
2.518789
2.518633
2.520677
2.520101
2.521187
2.521307
2.520887
2.522677
2.522047
2.521744
2.523105
2.523183
2.525160
2.524614
2.524579
2.524449
2.525081
2.524881
2.524156
2.524331
2.523055
2.523829
2.523840
2.522921
2.523554
2.524891
2.524670
2.524647
2.524874
2.524838
2.525684
2.524524
2.524739
2.524673
2.524490
2.524985
2.524385
2.524348
2.524594
2.525316
2.524586
2.524623
2.524872
2.525280
2.525508
2.525057
2.524666
2.524673
2.525615
2.524776
2.524856
2.524927
2.525212
2.525351
2.524660
2.524486
2.524475
2.525511
2.524891
2.524549
2.524272
2.524559
2.525370
2.524658
2.522870
2.521875
2.518858
2.509785
2.503557
2.503331
2.502247
2.501953
2.500933
2.501162
2.501478
2.501432
2.502324
2.502092
2.501907
2.502505
2.503016
2.502378
2.502084
2.502325
2.502202
2.503086
2.502287
2.501727
2.501625
2.502871
2.501876
2.501736
2.501853
2.502495
2.502524
2.502309
2.501942
2.502074
2.503164
2.502132
2.502850
2.502143
2.501903
2.502612
2.501793
2.501713
2.502149
2.502787
2.502406
2.501641
2.501461
2.501411
2.502756
2.502631
2.502890
2.502671
2.502317
2.501946
2.501457
2.501635
2.502255
2.503545
2.501937
2.502331
2.502829
2.503380
2.503313
2.502837
2.502607
2.502466
2.503349
2.502266
2.501616
2.501484
2.501176
2.501271
2.501117
2.501086
2.502516
2.503328
2.502801
2.502920
2.502450
2.503109
2.503275
2.502564
2.501895
2.501441
2.502640
2.502196
2.502603
2.502961
2.503062
2.503341
2.502666
2.502851
2.502990
2.503420
2.503023
2.502368
2.502773
2.501964
2.502792
2.501744
2.501721
2.502818
2.503091
2.503237
2.503211
2.503068
2.503067
2.503943
2.504705
2.504261
2.504350
2.504740
2.503952
2.503493
2.502974
2.502936
2.505007
2.504353
2.517229
2.524558
2.524838
2.525467
2.524530
2.524784
2.524511
2.524177
2.524067
2.523281
2.522914
2.520666
2.518705
2.519965
2.519882
2.520335
2.521719
2.521744
2.521647
2.521895
2.521603
2.524467
2.524557
2.524737
2.524255
2.525290
2.525102
2.523823
2.524341
2.523495
2.523376
2.523780
2.523271
2.523987
2.523954
2.523441
2.523068
2.524529
2.524585
2.524750
2.524719
2.524903
2.524738
2.524867
2.522010
2.521939
2.524340
2.524568
2.525891
2.524948
2.524794
2.524455
2.524821
2.525057
2.524460
2.524770
2.524986
2.525808
2.525190
2.525049
2.524979
2.525032
2.525797
2.524882
2.523800
2.525092
2.525366
2.524280
2.523892
2.524112
2.524574
2.522762
2.514788
2.505590
2.504721
2.505360
2.505243
2.504218
2.504808
2.504916
2.505874
2.503908
2.503321
2.502146
2.502697
2.501543
2.502107
2.502229
2.502694
2.501583
2.501556
2.502612
2.502479
2.503718
2.503350
2.503651
2.503521
2.504073
2.503392
2.503082
2.502500
2.502192
2.502975
2.502797
2.502894
2.502941
2.503540
2.503330
2.503331
2.503250
2.503784
2.504581
2.503218
2.502618
2.501984
2.502764
2.502517
2.502046
2.503084
2.503021
2.503310
2.502068
2.502069
2.503552
2.503625
2.503816
2.502612
2.503455
2.503195
2.503499
2.502623
2.502741
2.503148
2.503819
2.504259
2.503225
2.503434
2.503360
2.503908
2.503933
2.503349
2.503749
2.503921
2.503342
2.503133
2.502668
2.502495
2.504112
2.503663
2.503566
2.503387
2.501971
2.502444
2.502207
2.502248
2.502561
2.503851
2.503831
2.502709
2.502722
2.502472
2.503350
2.503523
2.502927
2.503720
2.504095
2.504097
2.504191
2.504116
2.504244
2.505256
2.504167
2.504053
2.503051
2.503605
2.503790
2.502022
2.501975
2.502543
2.503069
2.502683
2.502494
2.502583
2.502681
2.504011
2.503989
2.511572
2.524153
2.524238
2.523432
2.523698
2.524087
2.520857
2.520806
2.520964
2.520344
2.522148
2.522699
2.522399
2.524540
2.524631
2.524655
2.526534
2.525531
2.525951
2.525936
2.526178
2.526073
2.525770
2.525821
2.526125
2.526687
2.525728
2.525036
2.525510
2.525920
2.526253
2.525690
2.525479
2.525703
2.524647
2.523109
2.523673
2.523559
2.524784
2.525945
2.525479
2.524312
2.524300
2.525182
2.526007
2.525627
2.525687
2.525750
2.526665
2.525991
2.525811
2.526005
2.525985
2.525759
2.525667
2.525702
2.526073
2.526629
2.525859
2.525887
2.525834
2.526299
2.525657
2.525739
2.525583
2.525619
2.526403
2.525488
2.525591
2.525527
2.525861
2.524202
2.517375
2.505118
2.504607
2.505922
2.505158
2.503462
2.504424
2.505396
2.505602
2.505023
2.505259
2.505181
2.505966
2.505575
2.505553
2.505701
2.504438
2.503939
2.502977
2.502606
2.502650
2.503179
2.502704
2.503147
2.503176
2.503472
2.503445
2.503144
2.502533
2.502968
2.502809
2.502956
2.502486
2.504011
2.504801
2.503063
2.503182
2.503070
2.503558
2.503870
2.503201
2.503408
2.503067
2.504472
2.503747
2.503926
2.504009
2.504061
2.503908
2.503172
2.503231
2.502902
2.503728
2.502896
2.503297
2.502534
2.502568
2.503166
2.504451
2.504669
2.504807
2.504970
2.504236
2.504482
2.503659
2.503234
2.504057
2.502876
2.503787
2.504036
2.504691
2.504346
2.504041
2.504287
2.504572
2.505181
2.504117
2.504160
2.504234
2.503538
2.503609
2.503541
2.503358
2.504322
2.505449
2.504467
2.504501
2.504501
2.505080
2.505192
2.504697
2.504885
2.503741
2.505171
2.503903
2.503540
2.503487
2.503555
2.503548
2.503101
2.503321
2.503328
2.505182
2.504603
2.504282
2.504866
2.504678
2.506354
2.506030
2.504871
2.504818
2.505851
2.505375
2.505887
2.510204
2.526145
2.527305
2.526227
2.526342
2.526299
2.526903
2.527070
2.526688
2.525755
2.524287
2.525324
2.521508
2.520064
2.522073
2.521793
2.521726
2.522494
2.523190
2.524220
2.525811
2.525238
2.526538
2.526425
2.526254
2.526268
2.526019
2.526060
2.524605
2.526367
2.525528
2.525513
2.525427
2.525736
2.526175
2.525530
2.525614
2.525151
2.524861
2.523963
2.522774
2.523041
2.523205
2.523504
2.523156
2.524767
2.525172
2.525954
2.525613
2.524595
2.523397
2.523410
2.524512
2.523597
2.524461
2.524640
2.525140
2.524967
2.524539
2.524385
2.524834
2.524878
2.524330
2.524515
2.524346
2.524447
2.525018
2.524796
2.524046
2.523919
2.525476
2.523803
2.518544
2.505499
2.503541
2.504458
2.503805
2.503720
2.503626
2.504441
2.504476
2.503518
2.503781
2.504096
2.504402
2.502952
2.502325
2.501854
2.502363
2.501900
2.502121
2.500749
2.502317
2.503156
2.502502
2.502297
2.502476
2.502604
2.502282
2.501919
2.501506
2.501506
2.501984
2.500919
2.501006
2.500878
2.501190
2.500924
2.500355
2.500195
2.499930
2.500881
2.499563
2.499403
2.499566
2.499934
2.499676
2.499369
2.499372
2.500830
2.500561
2.500265
2.500600
2.501142
2.501892
2.500802
2.501243
2.500590
2.502567
2.501716
2.502590
2.502836
2.503037
2.501247
2.498517
2.500998
2.501646
2.502622
2.502785
2.502795
2.502773
2.504618
2.505201
2.504308
2.503610
2.503462
2.503951
2.503718
2.504115
2.504457
2.504135
2.505436
2.503830
2.504297
2.503957
2.504578
2.504356
2.504176
2.504127
2.503436
2.503849
2.503825
2.503111
2.504066
2.503467
2.504651
2.503967
2.504245
2.504367
2.505195
2.504559
2.504508
2.504645
2.504365
2.504103
2.503192
2.503229
2.502702
2.504256
2.504288
2.503796
2.503951
2.504230
2.504665
2.503998
2.504019
2.505000
2.523075
2.524680
2.523773
2.523714
2.523643
2.524411
2.521957
2.519435
2.520981
2.522650
2.522752
2.522408
2.522053
2.523212
2.524930
2.522166
2.522159
2.523689
2.525269
2.525684
2.523132
2.523397
2.523600
2.524940
2.525275
2.525210
2.525188
2.524444
2.525770
2.525215
2.525176
2.525194
2.525454
2.525479
2.525210
2.525234
2.525225
2.525663
2.525049
2.524811
2.524496
2.525364
2.525079
2.524548
2.523306
2.523521
2.524439
2.523993
2.524719
2.524713
2.525191
2.525066
2.524196
2.523797
2.523549
2.525237
2.525094
2.525413
2.525029
2.525476
2.525894
2.525154
2.525018
2.525013
2.525856
2.524806
2.524807
2.525250
2.524975
2.525624
2.525087
2.520297
2.509161
2.504845
2.504668
2.504931
2.504668
2.503565
2.505000
2.504799
2.504981
2.504996
2.505636
2.505377
2.505339
2.504438
2.502716
2.504078
2.503233
2.504814
2.504670
2.505848
2.505128
2.504347
2.504562
2.504424
2.506198
2.505550
2.505888
2.504942
2.504345
2.503915
2.503195
2.503114
2.503389
2.503374
2.503488
2.503759
2.503837
2.503637
2.503111
2.502652
2.503695
2.504310
2.503335
2.503623
2.503344
2.503881
2.504848
2.503132
2.503392
2.503384
2.503571
2.503344
2.502993
2.503002
2.503430
2.504367
2.503643
2.503712
2.503719
2.504619
2.504498
2.503877
2.503640
2.503427
2.504032
2.502687
2.503307
2.501698
2.502412
2.502825
2.503218
2.503749
2.504103
2.504724
2.503666
2.503890
2.504256
2.504730
2.504628
2.503139
2.503250
2.503240
2.503132
2.502674
2.502003
2.502349
2.503948
2.504612
2.503942
2.504188
2.503833
2.504777
2.503567
2.504019
2.503785
2.503631
2.504410
2.503685
2.504514
2.504520
2.505063
2.504534
2.504302
2.504630
2.504245
2.505404
2.504552
2.504753
2.504261
2.504454
2.504218
2.503554
2.503742
2.504779
2.520611
2.524979
2.525002
2.524438
2.525538
2.525110
2.524829
2.525157
2.525104
2.525828
2.524405
2.523665
2.523858
2.522509
2.520625
2.521676
2.522480
2.522823
2.523698
2.522985
2.523056
2.524785
2.523518
2.523220
2.524413
2.524828
2.524173
2.526131
2.525943
2.525789
2.525798
2.525817
2.526321
2.525592
2.525142
2.523697
2.523735
2.524489
2.524556
2.525517
2.524381
2.526304
2.525620
2.525409
2.525543
2.526115
2.525722
2.525155
2.523957
2.523017
2.524152
2.522991
2.523279
2.522445
2.523353
2.523266
2.522864
2.522472
2.522281
2.522655
2.522118
2.521629
2.521620
2.521531
2.521873
2.520763
2.521383
2.520954
2.521367
2.521186
2.520916
2.516566
2.507959
2.501677
2.501509
2.501642
2.502257
2.502677
2.502902
2.502996
2.503386
2.503374
2.504598
2.503471
2.503675
2.502775
2.503152
2.502601
2.503291
2.503403
2.503290
2.504287
2.503488
2.503412
2.503759
2.503794
2.503672
2.503467
2.503644
2.503705
2.503139
2.501573
2.501683
2.501743
2.502480
2.504834
2.504162
2.504776
2.504317
2.505089
2.504818
2.504555
2.504523
2.504829
2.505429
2.503340
2.503915
2.503707
2.503622
2.503126
2.502399
2.502483
2.502418
2.503112
2.503388
2.503319
2.503575
2.504302
2.503404
2.503297
2.503121
2.502928
2.503849
2.503116
2.502850
2.503649
2.503967
2.503856
2.503669
2.503464
2.503681
2.504157
2.503828
2.503685
2.503615
2.503725
2.503504
2.502611
2.503610
2.503275
2.504430
2.503958
2.503940
2.503386
2.504017
2.504352
2.503484
2.503297
2.502880
2.503052
2.503257
2.503004
2.503008
2.503461
2.504283
2.503547
2.503961
2.504134
2.504748
2.504844
2.503107
2.502922
2.503400
2.504346
2.504289
2.503648
2.503529
2.503828
2.503381
2.504378
2.503824
2.503793
2.504905
2.504085
2.504079
2.504321
2.504385
2.515234
2.524897
2.524945
2.523722
2.524572
2.523905
2.523593
2.521166
2.520259
2.522605
2.521083
2.522137
2.522799
2.522972
2.523718
2.523734
2.523782
2.525012
2.525433
2.525024
2.524822
2.524652
2.525399
2.525548
2.524785
2.524686
2.524666
2.525510
2.524471
2.525029
2.524726
2.525451
2.525189
2.524732
2.524774
2.524628
2.525247
2.524744
2.524624
2.524718
2.525038
2.525067
2.524664
2.524934
2.525865
2.526502
2.526451
2.525973
2.524990
2.524271
2.524847
2.524454
2.525873
2.524577
2.525386
2.525094
2.525375
2.525343
2.526298
2.526836
2.526080
2.526160
2.525868
2.526180
2.526371
2.525710
2.524893
2.525675
2.526164
2.525718
2.525862
2.522809
2.516705
2.505290
2.504740
2.505166
2.505064
2.505863
2.503769
2.504374
2.505499
2.505899
2.506037
2.505351
2.505178
2.505702
2.505579
2.504224
2.504077
2.504831
2.505527
2.505812
2.505678
2.504602
2.504495
2.505160
2.504770
2.505685
2.505497
2.505924
2.506471
2.505603
2.505531
2.505746
2.506504
2.506451
2.505634
2.505720
2.504947
2.505494
2.504535
2.505026
2.505615
2.505943
2.505809
2.505466
2.505664
2.505250
2.504661
2.503237
2.504069
2.503972
2.506220
2.505035
2.504274
2.504207
2.504895
2.506446
2.504808
2.505326
2.505266
2.505903
2.506036
2.505171
2.504197
2.503815
2.504100
2.502781
2.502145
2.503673
2.503311
2.502927
2.502894
2.502817
2.504102
2.503740
2.503801
2.503481
2.503420
2.504487
2.503626
2.503675
2.503632
2.503234
2.503285
2.502875
2.503167
2.503540
2.504113
2.503284
2.503418
2.503763
2.504414
2.504560
2.504722
2.503476
2.503891
2.504129
2.502887
2.502841
2.503365
2.503567
2.504280
2.503061
2.503402
2.503749
2.505637
2.504198
2.503811
2.504637
2.504966
2.505174
2.503821
2.503148
2.502766
2.503437
2.509317
2.523846
2.524732
2.525063
2.525340
2.525041
2.524644
2.524968
2.525416
2.525269
2.524489
2.524171
2.523531
2.521086
2.520770
2.522023
2.522438
2.521151
2.522051
2.522565
2.523047
2.524002
2.524691
2.524067
2.524869
2.524866
2.525271
2.525381
2.524864
2.524103
2.524557
2.525666
2.524663
2.524658
2.524855
2.525197
2.524786
2.523730
2.523580
2.523137
2.524113
2.523578
2.524047
2.523601
2.524134
2.524564
2.523704
2.524104
2.523828
2.524395
2.523966
2.523271
2.524200
2.523718
2.523803
2.523620
2.523897
2.524093
2.524032
2.523719
2.523828
2.524111
2.523890
2.524981
2.522960
2.523135
2.522381
2.523513
2.523994
2.523853
2.523675
2.522480
2.517741
2.503823
2.503171
2.503532
2.503954
2.503996
2.503703
2.502784
2.503443
2.504100
2.502729
2.503018
2.502152
2.502710
2.503177
2.503232
2.503024
2.503828
2.504075
2.503241
2.502784
2.502635
2.502998
2.503394
2.502751
2.503269
2.503552
2.504366
2.503875
2.503314
2.502961
2.502787
2.503519
2.502279
2.502874
2.503182
2.503908
2.503665
2.503545
2.503199
2.503362
2.503915
2.503676
2.503092
2.502730
2.504200
2.504377
2.503978
2.503928
2.503558
2.504135
2.502851
2.503001
2.502878
2.504095
2.504299
2.503410
2.502930
2.503556
2.504345
2.504382
2.504189
2.504140
2.505065
2.505088
2.504440
2.504614
2.504374
2.505119
2.504277
2.504912
2.504253
2.504304
2.504272
2.500577
2.502835
2.503801
2.504457
2.502278
2.503384
2.503134
2.503052
2.502354
2.502211
2.502171
2.503530
2.504117
2.503419
2.503882
2.503450
2.504360
2.503471
2.503638
2.503580
2.503554
2.504563
2.504525
2.504451
2.504748
2.505092
2.504470
2.504418
2.503830
2.503626
2.503569
2.502620
2.503271
2.504283
2.504242
2.504483
2.503944
2.504408
2.505181
2.506289
2.523502
2.524583
2.525146
2.524033
2.522691
2.523389
2.524393
2.525271
2.523904
2.521272
2.520150
2.522224
2.521333
2.522608
2.523111
2.523247
2.524201
2.523916
2.523970
2.525427
2.525523
2.525739
2.525506
2.525414
2.525212
2.526219
2.525373
2.525239
2.524603
2.525760
2.525551
2.525152
2.525190
2.524000
2.524641
2.524233
2.523882
2.524953
2.525308
2.526225
2.525120
2.524403
2.525564
2.525919
2.525893
2.525414
2.525145
2.525207
2.525591
2.525156
2.525107
2.525430
2.525635
2.525003
2.525145
2.525272
2.525264
2.526261
2.525325
2.525434
2.525578
2.525413
2.524303
2.523765
2.524628
2.524087
2.525309
2.524995
2.524752
2.524943
2.525311
2.520178
2.507091
2.504086
2.505319
2.506475
2.505947
2.505976
2.504738
2.504969
2.506506
2.506425
2.505777
2.506157
2.506781
2.506531
2.506241
2.506186
2.506431
2.507394
2.506143
2.505963
2.506260
2.505836
2.505008
2.505102
2.505484
2.506376
2.506633
2.504076
2.503782
2.504762
2.505230
2.505507
2.506562
2.506491
2.506715
2.507403
2.505707
2.505112
2.504882
2.505854
2.506828
2.506215
2.506151
2.506059
2.506403
2.506441
2.505596
2.504877
2.505124
2.506030
2.506461
2.505237
2.505001
2.505918
2.505785
2.506430
2.505950
2.506148
2.507104
2.506115
2.506167
2.506266
2.506889
2.506546
2.506191
2.506337
2.505292
2.505911
2.505308
2.504690
2.506334
2.506351
2.506096
2.505787
2.505806
2.506147
2.507039
2.506274
2.506055
2.505822
2.506371
2.505673
2.504689
2.504898
2.505644
2.507224
2.506403
2.506156
2.506219
2.506507
2.506656
2.506552
2.506060
2.505946
2.505257
2.504163
2.503303
2.503093
2.502920
2.502920
2.502654
2.503458
2.503045
2.503470
2.503417
2.503858
2.504183
2.504278
2.505385
2.504600
2.504620
2.504445
2.504318
2.504609
2.504200
2.521038
2.524943
2.525718
2.524484
2.524678
2.524817
2.525868
2.525482
2.524690
2.525077
2.524934
2.525278
2.523925
2.522910
2.520191
2.521980
2.522916
2.523207
2.520673
2.522568
2.523958
2.523599
2.523578
2.523606
2.523992
2.524939
2.523577
2.523898
2.524042
2.524590
2.525249
2.525032
2.525041
2.525224
2.525817
2.524498
2.524880
2.525144
2.525895
2.525209
2.524935
2.524206
2.524887
2.525814
2.524871
2.525111
2.524995
2.525451
2.525028
2.523289
2.523865
2.524005
2.525803
2.525129
2.524577
2.525419
2.525300
2.525528
2.525351
2.524993
2.525097
2.526168
2.525534
2.525395
2.525225
2.525403
2.525040
2.524220
2.524095
2.524331
2.525244
2.519982
2.510262
2.503750
2.504178
2.504725
2.503742
2.503877
2.503654
2.504071
2.504045
2.503908
2.504541
2.504287
2.505651
2.504582
2.504304
2.504028
2.504134
2.504371
2.505146
2.505769
2.506259
2.507026
2.506271
2.506123
2.506093
2.506669
2.506741
2.506472
2.506127
2.504976
2.505699
2.504954
2.504527
2.505925
2.506367
2.506252
2.505661
2.506090
2.505733
2.506663
2.505906
2.505881
2.504046
2.503718
2.504711
2.503293
2.504994
2.505004
2.507026
2.506344
2.506081
2.506333
2.506268
2.506959
2.506193
2.506292
2.506008
2.506117
2.506636
2.505025
2.504670
2.504696
2.505141
2.505035
2.505129
2.506113
2.506768
2.506704
2.506140
2.505865
2.506729
2.507460
2.506440
2.506382
2.505550
2.505568
2.505760
2.505484
2.506179
2.506520
2.506847
2.506200
2.506223
2.506354
2.506468
2.506921
2.506071
2.506213
2.505960
2.506104
2.505025
2.505008
2.505234
2.506263
2.506707
2.506555
2.506440
2.506371
2.506835
2.506716
2.506323
2.506228
2.506268
2.507071
2.505417
2.505112
2.505302
2.505850
2.505520
2.504254
2.503931
2.502943
2.503375
2.502629
2.502638
2.515374
2.524105
2.524549
2.524633
2.524460
2.524661
2.525048
2.524217
2.522385
2.520605
2.522649
2.521772
2.522841
2.523401
2.523106
2.524886
2.523781
2.523779
2.524608
2.525060
2.525601
2.525274
2.525005
2.524582
2.525151
2.524818
2.525038
2.524803
2.524836
2.525327
2.524626
2.525044
2.525426
2.526056
2.525555
2.525006
2.525101
2.524821
2.525761
2.524937
2.525201
2.524893
2.524980
2.524728
2.524426
2.525401
2.525272
2.525923
2.525249
2.525264
2.525370
2.525622
2.525911
2.525350
2.525163
2.524729
2.526085
2.525438
2.525525
2.525253
2.525594
2.526042
2.524944
2.523758
2.523459
2.524640
2.524126
2.524869
2.524852
2.525295
2.525772
2.521514
2.512761
2.503093
2.503996
2.504111
2.503814
2.504809
2.504106
2.504270
2.503568
2.504483
2.504770
2.504990
2.504885
2.504715
2.504675
2.504728
2.505438
2.504752
2.504791
2.504932
2.504218
2.505082
2.504008
2.503532
2.503735
2.504460
2.504901
2.504414
2.504386
2.504790
2.505320
2.504693
2.504147
2.504618
2.506993
2.506480
2.506496
2.505336
2.505070
2.505701
2.505343
2.506128
2.505772
2.506651
2.506208
2.505550
2.506480
2.506029
2.506978
2.505987
2.506096
2.506168
2.505833
2.505027
2.504845
2.505230
2.505519
2.504229
2.503899
2.504417
2.505385
2.506694
2.506273
2.506315
2.506355
2.506127
2.506398
2.505221
2.504890
2.505021
2.504835
2.506474
2.505725
2.505730
2.505647
2.506349
2.505828
2.504928
2.504168
2.504669
2.506181
2.505683
2.504824
2.504674
2.505317
2.504826
2.505722
2.506043
2.505785
2.506396
2.505858
2.506202
2.506213
2.506953
2.506375
2.505246
2.506115
2.505483
2.505722
2.504680
2.505530
2.506291
2.506367
2.506627
2.505902
2.506080
2.506409
2.506588
2.506728
2.506034
2.506036
2.506593
2.506044
2.505117
2.504851
2.513828
2.527176
2.526529
2.526506
2.526374
2.526430
2.526831
2.526156
2.526388
2.525598
2.525635
2.523546
2.522974
2.523250
2.523146
2.521889
2.521566
2.522057
2.522463
2.523586
2.523400
2.523174
2.522574
2.521425
2.524500
2.523806
2.523128
2.523627
2.524182
2.523860
2.524141
2.524370
2.525059
2.524353
2.524022
2.524282
2.524614
2.524692
2.524455
2.524388
2.524289
2.524736
2.523707
2.524122
2.524233
2.524121
2.524759
2.524028
2.524706
2.524784
2.525271
2.524149
2.524375
2.524136
2.523234
2.524211
2.523892
2.523912
2.523561
2.523941
2.523880
2.524833
2.524754
2.524588
2.525618
2.524781
2.524309
2.524288
2.525638
2.525221
2.522952
2.516816
2.504561
2.505086
2.504401
2.503349
2.503065
2.503248
2.503482
2.502699
2.502503
2.502415
2.503764
2.502722
2.503025
2.502938
2.502841
2.502639
2.502189
2.502048
2.502681
2.503404
2.503603
2.503405
2.503566
2.503999
2.504442
2.503704
2.503752
2.503626
2.503876
2.503140
2.502775
2.502899
2.502638
2.503644
2.503191
2.503092
2.503293
2.503812
2.503753
2.503327
2.503372
2.502919
2.503926
2.503148
2.503054
2.502999
2.503564
2.503595
2.503003
2.503619
2.504169
2.505194
2.504202
2.504035
2.504562
2.504695
2.504665
2.503909
2.504355
2.504160
2.504781
2.504016
2.503666
2.504042
2.504660
2.504641
2.504296
2.504451
2.504407
2.505221
2.504838
2.504525
2.504756
2.504928
2.505265
2.503935
2.503775
2.503929
2.504863
2.504361
2.503435
2.499685
2.499808
2.500753
2.503061
2.504438
2.503786
2.504802
2.505277
2.504711
2.504407
2.504570
2.505543
2.505789
2.504358
2.504049
2.504340
2.504731
2.505852
2.505869
2.506062
2.506684
2.505815
2.505653
2.504521
2.505143
2.504883
2.503933
2.505477
2.505317
2.506086
2.505383
2.505304
2.505451
2.509871
2.526629
2.525784
2.526116
2.526240
2.524998
2.525259
2.525409
2.521643
2.520231
2.522389
2.520279
2.522478
2.522904
2.523127
2.524865
2.525265
2.525349
2.525198
2.526859
2.525789
2.526106
2.526274
2.526255
2.526548
2.526245
2.526246
2.526546
2.525777
2.524610
2.523683
2.523609
2.524517
2.523929
2.523690
2.524413
2.524329
2.525439
2.524561
2.524379
2.524238
2.523628
2.523764
2.523035
2.523304
2.523193
2.524716
2.524313
2.524100
2.523533
2.524081
2.524720
2.523742
2.524190
2.524016
2.524011
2.523777
2.523946
2.524351
2.524694
2.525265
2.524073
2.523916
2.523999
2.524154
2.524043
2.523939
2.524240
2.523369
2.523716
2.523056
2.523490
2.518499
2.505601
2.504359
2.503580
2.503719
2.504042
2.504878
2.504132
2.502407
2.502692
2.503662
2.503170
2.503234
2.504100
2.504805
2.504436
2.504072
2.504581
2.504596
2.504951
2.503819
2.504596
2.503735
2.503982
2.503395
2.503726
2.504345
2.504445
2.505167
2.504408
2.504234
2.504364
2.504835
2.504410
2.502993
2.502662
2.503299
2.503464
2.503472
2.503713
2.503459
2.505069
2.505302
2.504120
2.504107
2.503293
2.505096
2.504281
2.504156
2.504104
2.504355
2.504412
2.503766
2.503255
2.503307
2.503593
2.502930
2.502856
2.504244
2.505477
2.506182
2.505378
2.505248
2.505513
2.506292
2.505785
2.505058
2.504437
2.504551
2.505230
2.503772
2.505397
2.505159
2.505922
2.505395
2.505200
2.505475
2.505590
2.506590
2.505534
2.505282
2.505184
2.505034
2.505141
2.504315
2.504295
2.505596
2.506390
2.505526
2.505679
2.505267
2.505914
2.505947
2.505910
2.505792
2.505075
2.506195
2.504634
2.504609
2.504369
2.505134
2.506447
2.505227
2.503535
2.502351
2.503586
2.504128
2.504278
2.505887
2.505720
2.506419
2.505471
2.504532
2.504547
2.506534
2.523698
2.526028
2.526090
2.526160
2.526801
2.525883
2.526000
2.526110
2.526572
2.526395
2.525882
2.525727
2.524417
2.523592
2.519373
2.520884
2.521064
2.521562
2.522506
2.522525
2.523046
2.523746
2.525615
2.525537
2.525772
2.526155
2.525958
2.525912
2.525782
2.526059
2.524750
2.526110
2.525381
2.525598
2.525561
2.524186
2.524034
2.523085
2.523248
2.522770
2.524464
2.523476
2.523242
2.523844
2.524883
2.524047
2.523856
2.523988
2.524496
2.524614
2.523659
2.523819
2.524291
2.523960
2.522914
2.522374
2.522672
2.523574
2.523153
2.524313
2.523864
2.523869
2.524709
2.524256
2.524474
2.524127
2.523987
2.523879
2.523866
2.523808
2.519137
2.508277
2.502978
2.502563
2.502797
2.503276
2.504967
2.504168
2.503893
2.503308
2.504867
2.503926
2.503748
2.504100
2.503341
2.503363
2.502663
2.502762
2.502900
2.503392
2.504180
2.503027
2.503350
2.503213
2.504556
2.503304
2.503530
2.503719
2.503806
2.503868
2.503957
2.503362
2.503372
2.504123
2.502964
2.504144
2.504086
2.504255
2.504048
2.503981
2.503832
2.504085
2.504488
2.503780
2.503935
2.503774
2.503436
2.503754
2.503212
2.503198
2.504304
2.505270
2.504280
2.503507
2.502533
2.502739
2.503665
2.502799
2.504289
2.503296
2.504567
2.504403
2.503459
2.503458
2.503706
2.505164
2.505638
2.505716
2.505507
2.506099
2.505804
2.505034
2.505720
2.505621
2.506589
2.505816
2.504944
2.504631
2.505245
2.505372
2.505806
2.505490
2.505711
2.506203
2.505376
2.505389
2.505743
2.506310
2.506138
2.505465
2.505459
2.504414
2.505348
2.504711
2.505118
2.505551
2.505241
2.506170
2.505245
2.505743
2.505701
2.506494
2.506130
2.505718
2.505493
2.505475
2.505300
2.504402
2.504317
2.504330
2.504227
2.504200
2.504444
2.505365
2.505330
2.506384
2.520429
2.525695
2.525891
2.525589
2.524138
2.523440
2.523752
2.523938
2.522284
2.519493
2.520987
2.520180
2.522354
2.522900
2.522434
2.524400
2.524597
2.525701
2.525498
2.525864
2.525744
2.526317
2.526665
2.526141
2.526076
2.526274
2.526507
2.525071
2.526197
2.525551
2.525357
2.526610
2.526028
2.526192
2.525880
2.526670
2.526292
2.526029
2.526397
2.526131
2.526710
2.524616
2.524017
2.522982
2.523887
2.523857
2.522715
2.523960
2.524033
2.524815
2.524114
2.524189
2.524239
2.524657
2.524771
2.524424
2.523863
2.524169
2.524851
2.524695
2.524328
2.523995
2.524522
2.524641
2.524081
2.524062
2.524017
2.524815
2.523880
2.523601
2.522760
2.519280
2.511076
2.502018
2.502530
2.503350
2.503838
2.503491
2.503323
2.503433
2.503222
2.502574
2.502468
2.502872
2.503822
2.504646
2.504414
2.504007
2.503784
2.504357
2.504706
2.502740
2.502632
2.502750
2.503809
2.502946
2.503196
2.503220
2.503256
2.504640
2.504385
2.503868
2.503906
2.504213
2.504131
2.503304
2.503699
2.503952
2.504396
2.503542
2.503145
2.502778
2.502714
2.503425
2.503807
2.504013
2.503972
2.504371
2.503366
2.503719
2.503920
2.503936
2.504346
2.503443
2.503546
2.503007
2.503293
2.502978
2.502946
2.503299
2.503109
2.504367
2.503409
2.503122
2.503513
2.504129
2.503096
2.503307
2.503313
2.502795
2.502767
2.502411
2.502366
2.502052
2.503095
2.503132
2.502481
2.503657
2.504412
2.505220
2.504111
2.504500
2.504447
2.504367
2.504811
2.503030
2.503055
2.502655
2.503647
2.504269
2.504020
2.504341
2.504023
2.504837
2.504020
2.504175
2.504596
2.504785
2.503588
2.503977
2.503165
2.503249
2.503766
2.503167
2.504013
2.503971
2.504767
2.504298
2.504077
2.504226
2.504032
2.505069
2.504823
2.504445
2.504071
2.503677
2.503598
2.513489
2.522966
2.523453
2.525604
2.524628
2.525133
2.524297
2.525176
2.525193
2.524787
2.524525
2.524842
2.525041
2.523386
2.521200
2.518164
2.519352
2.519168
2.520397
2.521170
2.520969
2.521158
2.521365
2.520912
2.522541
2.522571
2.523776
2.523446
2.522890
2.523099
2.523391
2.521980
2.521625
2.521182
2.520974
2.521846
2.521359
2.521403
2.521695
2.523035
2.523077
2.523122
2.523065
2.522256
2.524120
2.522771
2.523043
2.521651
2.521526
2.520634
2.520221
2.520363
2.519704
2.521648
2.520546
2.521039
2.520497
2.521112
2.521345
2.520667
2.521234
2.520770
2.521731
2.521066
2.521112
2.521009
2.521301
2.521744
2.520576
2.520626
2.521268
2.519082
2.511747
2.500851
2.500443
2.500594
2.501727
2.501646
2.501411
2.501021
2.501854
2.500849
2.501420
2.500945
2.500849
2.501343
2.500881
2.499278
2.499601
2.500696
2.500688
2.500160
2.500007
2.500746
2.500052
2.499666
2.500560
2.501128
2.501580
2.500594
2.500527
2.500736
2.501144
2.500542
2.499996
2.500645
2.500181
2.502070
2.500980
2.500755
2.501660
2.503042
2.502687
2.502570
2.503171
2.503002
2.503724
2.502658
2.503063
2.502626
2.503283
2.502839
2.503019
2.502431
2.502130
2.503133
2.502486
2.502398
2.502025
2.502489
2.502272
2.501862
2.500136
2.499655
2.500285
2.499278
2.498966
2.499143
2.500300
2.500652
2.501063
2.501541
2.501173
2.502153
2.502089
2.503262
2.503726
2.503946
2.504895
2.505885
2.505937
2.505915
2.506322
2.506720
2.506227
2.506080
2.506139
2.507102
2.505720
2.506135
2.506164
2.506705
2.504384
2.504606
2.505026
2.504652
2.502135
2.502211
2.503935
2.500955
2.497866
2.500864
2.503803
2.504444
2.503210
2.503065
2.505207
2.505529
2.504008
2.502863
2.504308
2.506809
2.506413
2.503616
2.505151
2.505442
2.512757
2.525720
2.527112
2.527379
2.526571
2.526293
2.524654
2.526248
2.524264
2.519567
2.519864
2.520760
2.519698
2.520891
2.520972
2.521225
2.523080
2.522748
2.523274
2.522636
2.523539
2.524185
2.523801
2.523654
2.524144
2.523995
2.524117
2.524012
2.523936
2.523336
2.524204
2.523331
2.523959
2.521949
2.522171
2.523324
2.523483
2.521092
2.517862
2.521148
2.523443
2.521589
2.513280
2.514572
2.521155
2.519464
2.509191
2.505903
2.517270
2.518244
2.510597
2.502300
2.510478
2.518954
2.512861
2.499512
2.501665
2.514489
2.512987
2.498677
2.496659
2.508864
2.511472
2.500004
2.491556
2.498316
2.503296
2.496535
2.486097
2.485841
2.493247
2.490089
2.473422
2.458176
2.462202
2.462511
2.453490
2.448138
2.449033
2.449645
2.445465
2.439115
2.437059
2.437077
2.434613
2.429430
2.426551
2.426476
2.424033
2.421100
2.417434
2.415414
2.413741
2.411155
2.409135
2.406601
2.404906
2.402448
2.401771
2.400107
2.399809
2.398980
2.398674
2.398676
2.397673
2.396792
2.396517
2.396888
2.397217
2.397116
2.396693
2.397159
2.398496
2.397982
2.397837
2.399681
2.401626
2.401992
2.402000
2.401822
2.403290
2.404619
2.402662
2.403110
2.403463
2.404351
2.405177
2.404442
2.404250
2.404932
2.406886
2.406563
2.407333
2.408262
2.409821
2.411610
2.412474
2.413990
2.415619
2.419274
2.421137
2.423322
2.426406
2.430544
2.434455
2.438465
2.442301
2.446079
2.450017
2.453219
2.456749
2.461742
2.465308
2.469171
2.471611
2.475082
2.477485
2.481621
2.484061
2.486039
2.489653
2.492023
2.494658
2.495484
2.497168
2.498167
2.499263
2.499951
2.500674
2.500633
2.501312
2.501475
2.500812
2.500958
2.501258
2.501460
2.499565
2.498448
2.498599
2.497864
2.499191
2.497749
2.498007
2.497540
2.497755
2.497677
2.496055
2.497115
2.513916
2.515425
2.515230
2.516984
2.517305
2.517661
2.518122
2.516994
2.516453
2.516467
2.518609
2.517980
2.517224
2.516357
2.514104
2.511687
2.511852
2.511710
2.513224
2.514776
2.515525
2.516962
2.518623
2.518911
2.520853
2.520620
2.521652
2.521985
2.522200
2.522964
2.522705
2.522265
2.523164
2.524443
2.524146
2.524356
2.524891
2.525350
2.525605
2.524986
2.525054
2.525455
2.526355
2.524707
2.525678
2.525477
2.525554
2.526046
2.525166
2.525299
2.525437
2.526134
2.525619
2.525192
2.524654
2.524254
2.523950
2.523070
2.523432
2.522669
2.523502
2.524026
2.523848
2.523597
2.523483
2.523950
2.523054
2.523097
2.522549
2.522308
2.521650
2.516313
2.504414
2.500748
2.502815
2.502891
2.502842
2.503045
2.503611
2.504025
2.503249
2.503191
2.503998
2.504762
2.504680
2.505143
2.504863
2.505056
2.505547
2.504930
2.505288
2.505667
2.506760
2.506978
2.506086
2.505662
2.505882
2.507942
2.507781
2.507719
2.507837
2.508198
2.507550
2.506931
2.506282
2.506536
2.506909
2.506505
2.507173
2.506600
2.507142
2.507337
2.506809
2.507078
2.506751
2.507554
2.507063
2.506879
2.506052
2.506674
2.507017
2.506909
2.507595
2.507474
2.508696
2.507758
2.507799
2.507855
2.508139
2.508572
2.508061
2.507092
2.507735
2.507845
2.507076
2.506059
2.506003
2.506139
2.507082
2.507525
2.507856
2.507747
2.508313
2.507935
2.508457
2.508077
2.508007
2.508845
2.507390
2.507289
2.507343
2.507797
2.508461
2.508040
2.507614
2.508101
2.508258
2.507711
2.508026
2.507848
2.509208
2.510076
2.509676
2.508320
2.507918
2.509289
2.508170
2.509193
2.509101
2.509754
2.509995
2.509680
2.509542
2.509605
2.510124
2.509937
2.509164
2.509206
2.508330
2.508204
2.506994
2.506458
2.508112
2.508440
2.508780
2.509044
2.508759
2.525736
2.529666
2.528962
2.528890
2.528926
2.529498
2.527983
2.528264
2.526333
2.521919
2.522406
2.519940
2.518877
2.519265
2.519527
2.519722
2.518789
2.517699
2.517371
2.518657
2.518060
2.517984
2.519255
2.519606
2.520031
2.519919
2.520362
2.520518
2.521309
2.521119
2.521126
2.520559
2.521602
2.522299
2.522243
2.522785
2.523509
2.525076
2.524752
2.525002
2.525405
2.526053
2.527643
2.528020
2.528014
2.529091
2.529526
2.529016
2.528787
2.528620
2.529061
2.529545
2.529150
2.529190
2.529358
2.529688
2.529278
2.529526
2.529100
2.529500
2.530494
2.529240
2.529306
2.529501
2.529855
2.528350
2.527151
2.526848
2.526938
2.527138
2.526354
2.522608
2.512202
2.507063
2.507310
2.506787
2.506973
2.507234
2.507741
2.507150
2.506867
2.505661
2.506659
2.505794
2.505831
2.506245
2.506483
2.507182
2.507063
2.507040
2.507486
2.507955
2.507073
2.506730
2.507579
2.507745
2.506891
2.506428
2.506630
2.506680
2.508127
2.506970
2.507061
2.506748
2.506469
2.506791
2.507537
2.507750
2.507402
2.508634
2.507167
2.506654
2.506930
2.507209
2.508343
2.508045
2.507859
2.507595
2.507838
2.507778
2.507724
2.507910
2.507936
2.508355
2.507630
2.506948
2.506869
2.507427
2.507105
2.507483
2.507339
2.507955
2.507979
2.507624
2.507913
2.507761
2.508513
2.507346
2.507713
2.507836
2.506881
2.507833
2.506351
2.506540
2.507626
2.508097
2.508016
2.507621
2.507061
2.505754
2.506933
2.506672
2.506636
2.507643
2.508117
2.507582
2.506940
2.506956
2.506903
2.508456
2.507848
2.507765
2.508049
2.507927
2.507828
2.507771
2.507795
2.508055
2.508078
2.507984
2.507592
2.507380
2.508613
2.508885
2.509332
2.509492
2.509669
2.510056
2.509648
2.509298
2.509228
2.509797
2.510555
2.508448
2.507893
2.507941
2.521358
2.528521
2.528902
2.530039
2.529939
2.530689
2.530339
2.528920
2.529870
2.530086
2.530329
2.529795
2.529770
2.529821
2.529007
2.525321
2.523360
2.525221
2.524184
2.526419
2.526000
2.526287
2.527924
2.529197
2.528830
2.529930
2.529738
2.528667
2.529908
2.528003
2.527928
2.527944
2.527789
2.527540
2.527909
2.528293
2.529618
2.530339
2.529168
2.529253
2.529275
2.530119
2.529856
2.529531
2.528522
2.529498
2.530113
2.529421
2.529477
2.529772
2.530051
2.530162
2.529852
2.529724
2.529512
2.530594
2.529876
2.529206
2.529746
2.529440
2.530096
2.529750
2.529783
2.529846
2.530485
2.529792
2.529508
2.529487
2.530192
2.529805
2.529898
2.526433
2.518479
2.510036
2.508528
2.509465
2.508498
2.508094
2.507572
2.506956
2.506866
2.506310
2.507190
2.507671
2.507078
2.507483
2.507503
2.508023
2.507435
2.507374
2.506655
2.507261
2.507576
2.506773
2.507188
2.507568
2.508217
2.506761
2.506030
2.506274
2.506374
2.506757
2.506640
2.506462
2.506496
2.506769
2.506592
2.506230
2.505986
2.505879
2.506763
2.505906
2.506239
2.506502
2.506955
2.506494
2.505883
2.505907
2.505715
2.506608
2.505195
2.504845
2.505257
2.505907
2.506469
2.506046
2.506040
2.506164
2.507076
2.505900
2.506709
2.506853
2.506692
2.506987
2.506365
2.506241
2.506324
2.507372
2.506760
2.506830
2.507164
2.506929
2.506968
2.506745
2.506253
2.507018
2.507870
2.506961
2.506979
2.506495
2.506478
2.506664
2.506152
2.506554
2.507050
2.507342
2.507060
2.506281
2.506515
2.506627
2.506796
2.506930
2.506414
2.506341
2.506724
2.506096
2.506048
2.505855
2.506257
2.506427
2.506201
2.506595
2.506416
2.507071
2.506416
2.506295
2.506399
2.503657
2.504660
2.504164
2.504730
2.505799
2.506401
2.506655
2.504815
2.505826
2.506637
2.516610
2.528740
2.526749
2.527242
2.527819
2.528610
2.528612
2.527600
2.527717
2.527265
2.522573
2.523645
2.523548
2.524422
2.525716
2.525594
2.526406
2.527336
2.528434
2.528812
2.528237
2.528975
2.528692
2.529934
2.528947
2.529192
2.529108
2.529480
2.529215
2.528969
2.529089
2.529055
2.528597
2.528890
2.529171
2.529207
2.529666
2.529233
2.528983
2.528871
2.528886
2.529945
2.527815
2.527247
2.527294
2.528071
2.529098
2.528184
2.528673
2.528664
2.529446
2.528640
2.528338
2.528791
2.528962
2.528941
2.528641
2.527697
2.528404
2.529258
2.528906
2.528827
2.528633
2.528723
2.529069
2.528570
2.528048
2.526251
2.526656
2.526722
2.527087
2.525656
2.520248
2.508530
2.507516
2.507430
2.507644
2.507985
2.507647
2.507370
2.507461
2.507228
2.507011
2.506359
2.506792
2.507555
2.507889
2.508288
2.507419
2.506595
2.505940
2.506140
2.504825
2.504528
2.503898
2.504519
2.505192
2.504426
2.504503
2.505340
2.504432
2.504320
2.504465
2.504867
2.505023
2.504205
2.504268
2.504224
2.505013
2.504354
2.503647
2.503575
2.503273
2.503760
2.503036
2.502797
2.503078
2.504041
2.503503
2.503195
2.502920
2.502754
2.503442
2.502469
2.501975
2.501882
2.501451
2.501252
2.499675
2.499316
2.499282
2.499994
2.498235
2.497625
2.497802
2.498130
2.499014
2.497943
2.497030
2.496343
2.496916
2.494926
2.494149
2.493299
2.492105
2.492849
2.490883
2.489471
2.487667
2.486971
2.484868
2.482582
2.480651
2.478657
2.476869
2.474314
2.471719
2.469925
2.469418
2.467703
2.467268
2.466468
2.465575
2.466043
2.464945
2.464660
2.464544
2.465197
2.465239
2.463735
2.464171
2.464014
2.464740
2.463617
2.464045
2.465392
2.465375
2.464960
2.464325
2.463610
2.462877
2.462353
2.460101
2.459375
2.457125
2.455593
2.456818
2.469862
2.468289
2.465479
2.464166
2.461157
2.458320
2.456278
2.454987
2.453930
2.451732
2.450471
2.448418
2.449443
2.448400
2.449009
2.446533
2.445692
2.449306
2.450371
2.454448
2.457665
2.460963
2.466786
2.471132
2.474496
2.478979
2.483912
2.487891
2.489873
2.492574
2.496749
2.500580
2.502184
2.503804
2.505498
2.509873
2.510483
2.511082
2.511011
2.512944
2.514125
2.513387
2.513475
2.513743
2.513980
2.514060
2.513437
2.513724
2.514552
2.514086
2.512786
2.511383
2.511640
2.512853
2.512395
2.512040
2.512675
2.512494
2.513724
2.512899
2.513737
2.514160
2.515075
2.515526
2.515301
2.516400
2.516754
2.517868
2.517367
2.517554
2.517229
2.513586
2.500302
2.499194
2.498105
2.499402
2.500461
2.499924
2.500240
2.499860
2.498710
2.498719
2.498718
2.499458
2.501301
2.501943
2.501586
2.501774
2.501792
2.501203
2.501553
2.501287
2.501724
2.502527
2.503383
2.503706
2.503295
2.503574
2.502900
2.503445
2.502187
2.502556
2.502228
2.504369
2.503712
2.503706
2.503925
2.505116
2.504291
2.505056
2.505288
2.506548
2.506646
2.506566
2.506546
2.507417
2.508146
2.507268
2.506912
2.507899
2.507780
2.507302
2.508296
2.508480
2.509388
2.508925
2.508938
2.508777
2.509050
2.509402
2.508208
2.508516
2.508305
2.508910
2.508160
2.507818
2.508042
2.508749
2.511001
2.510765
2.510676
2.510812
2.511219
2.511355
2.510889
2.511070
2.511320
2.510728
2.509517
2.509725
2.509891
2.510690
2.511079
2.511739
2.511890
2.511635
2.512676
2.511856
2.512128
2.512229
2.512621
2.512119
2.511126
2.511483
2.511235
2.511888
2.512079
2.512156
2.512593
2.512847
2.513061
2.512513
2.512785
2.512723
2.513976
2.512996
2.512859
2.511888
2.512146
2.512313
2.511475
2.511309
2.511558
2.512015
2.512832
2.530094
2.531872
2.532140
2.532677
2.532261
2.532008
2.532532
2.532185
2.531781
2.531407
2.528899
2.528775
2.531809
2.529898
2.531433
2.531093
2.532341
2.532101
2.532611
2.532901
2.533203
2.534429
2.533852
2.533883
2.533563
2.534426
2.534840
2.534847
2.533094
2.533499
2.535256
2.534840
2.535390
2.535981
2.536514
2.536658
2.535877
2.535632
2.535881
2.536752
2.536379
2.535982
2.535932
2.536032
2.536613
2.535867
2.535945
2.535805
2.536547
2.536097
2.535636
2.535996
2.535904
2.537044
2.536011
2.536229
2.536262
2.536256
2.536423
2.536498
2.536447
2.536645
2.537302
2.536352
2.536746
2.537090
2.537011
2.536745
2.536699
2.536474
2.536111
2.531163
2.518692
2.514228
2.515811
2.516334
2.516475
2.516125
2.516218
2.516116
2.516652
2.516076
2.515087
2.514679
2.515500
2.517136
2.516493
2.516761
2.516618
2.517380
2.516533
2.516444
2.516908
2.516826
2.517290
2.516845
2.516739
2.514801
2.514671
2.514855
2.514452
2.516755
2.517123
2.517434
2.516493
2.516530
2.516863
2.516304
2.517517
2.517049
2.517055
2.516935
2.517119
2.515621
2.515806
2.516012
2.517588
2.517798
2.515877
2.515609
2.514189
2.515094
2.514786
2.513890
2.515274
2.515413
2.515889
2.515102
2.514608
2.514731
2.515684
2.514645
2.515412
2.515609
2.515237
2.516104
2.515583
2.515630
2.515512
2.515958
2.515323
2.514651
2.514769
2.514881
2.515394
2.514284
2.514800
2.515377
2.516192
2.515919
2.515507
2.515688
2.515391
2.516422
2.515272
2.515273
2.515450
2.514352
2.514566
2.514872
2.515327
2.515094
2.514323
2.514256
2.514515
2.514963
2.516543
2.516496
2.516319
2.516491
2.517314
2.515725
2.515191
2.515718
2.515182
2.516868
2.516387
2.516289
2.516165
2.516732
2.516031
2.516190
2.516367
2.516583
2.517191
2.516139
2.531022
2.535809
2.536470
2.536050
2.536250
2.536523
2.536725
2.537700
2.535842
2.536412
2.536430
2.536790
2.536854
2.536492
2.536598
2.535385
2.534226
2.531930
2.532951
2.533643
2.534551
2.534491
2.534126
2.533483
2.533595
2.536655
2.535018
2.534306
2.535073
2.534751
2.535162
2.534653
2.535219
2.534924
2.535987
2.534863
2.535189
2.535347
2.535626
2.535475
2.535152
2.534223
2.535110
2.532046
2.532429
2.534517
2.534419
2.535865
2.536185
2.536642
2.536740
2.537220
2.537087
2.536779
2.536674
2.536614
2.537635
2.535949
2.536970
2.536538
2.537073
2.537257
2.537086
2.537180
2.537035
2.537861
2.537128
2.537081
2.537318
2.536478
2.533688
2.524664
2.516938
2.516726
2.516391
2.516618
2.516962
2.516842
2.517310
2.517337
2.516636
2.516862
2.516003
2.515982
2.515816
2.515974
2.516614
2.516457
2.517334
2.515460
2.515278
2.515372
2.516347
2.516999
2.515928
2.516457
2.516444
2.517222
2.516280
2.516332
2.516258
2.516893
2.516800
2.516112
2.514884
2.514747
2.515828
2.515347
2.516068
2.516103
2.514650
2.514613
2.514637
2.514707
2.514890
2.515706
2.514907
2.514719
2.514790
2.514758
2.514880
2.514222
2.514203
2.514824
2.515605
2.515031
2.514892
2.514999
2.514919
2.515371
2.513899
2.514079
2.512834
2.513786
2.512684
2.512588
2.513430
2.514012
2.512962
2.513316
2.513201
2.513893
2.513750
2.512781
2.513711
2.514221
2.514821
2.513481
2.513745
2.513545
2.513332
2.513134
2.513343
2.513542
2.514467
2.513294
2.513438
2.513495
2.514135
2.514416
2.514004
2.513980
2.513346
2.513396
2.513047
2.512624
2.512696
2.513192
2.513780
2.513096
2.513129
2.513348
2.514753
2.514362
2.514227
2.513833
2.513913
2.514226
2.513077
2.513768
2.513206
2.513312
2.513760
2.513534
2.524409
2.533996
2.534860
2.533238
2.533402
2.533373
2.533365
2.534660
2.533255
2.534324
2.533656
2.531375
2.531097
2.531127
2.530708
2.532457
2.531395
2.531160
2.532680
2.533915
2.534443
2.532509
2.533100
2.532753
2.532943
2.533979
2.533019
2.533848
2.533928
2.534444
2.534105
2.533439
2.533476
2.533439
2.534146
2.533551
2.534194
2.533750
2.534382
2.534299
2.534224
2.533997
2.534100
2.534963
2.533913
2.533854
2.533502
2.534063
2.534203
2.533620
2.533722
2.533950
2.534677
2.535102
2.535169
2.535111
2.535687
2.535768
2.535688
2.536288
2.536348
2.537206
2.536435
2.536430
2.536293
2.536558
2.536841
2.536548
2.535695
2.536179
2.537081
2.533402
2.526475
2.515566
2.515457
2.516090
2.515013
2.515507
2.515422
2.516258
2.515770
2.515529
2.515427
2.514232
2.515212
2.514006
2.515110
2.515589
2.515864
2.515838
2.515647
2.515389
2.513744
2.514682
2.514135
2.514696
2.514929
2.515134
2.513983
2.513295
2.514312
2.514185
2.516353
2.515395
2.515280
2.515209
2.515535
2.515479
2.515057
2.515332
2.515407
2.516207
2.515506
2.514552
2.514078
2.514026
2.514851
2.514954
2.515191
2.514855
2.515552
2.515101
2.515033
2.515354
2.515461
2.515617
2.515092
2.514885
2.514305
2.514358
2.514123
2.514086
2.515108
2.514630
2.515820
2.514822
2.514933
2.514693
2.515371
2.515275
2.515004
2.514768
2.514215
2.514511
2.512653
2.512439
2.511426
2.511732
2.512823
2.511152
2.512178
2.512080
2.513354
2.512854
2.512926
2.512590
2.512543
2.512946
2.511895
2.511681
2.511437
2.511801
2.511117
2.511302
2.510729
2.510824
2.512406
2.512425
2.512271
2.512335
2.512687
2.511788
2.512158
2.511937
2.512086
2.513315
2.512422
2.511485
2.512188
2.512941
2.512635
2.512141
2.512318
2.512241
2.512229
2.511682
2.511975
2.519183
2.532788
2.532485
2.532207
2.531971
2.531371
2.529846
2.528993
2.529407
2.529908
2.529031
2.531040
2.530278
2.530624
2.531508
2.532151
2.531345
2.531568
2.531530
2.531720
2.532147
2.531429
2.532246
2.532449
2.533310
2.532768
2.532580
2.532729
2.532949
2.533486
2.532452
2.532317
2.532560
2.531901
2.531756
2.531908
2.531790
2.531149
2.531933
2.531327
2.531694
2.532017
2.531080
2.531310
2.531303
2.531399
2.531424
2.533188
2.532728
2.532516
2.532779
2.533123
2.533198
2.532430
2.532847
2.532530
2.533225
2.532787
2.532880
2.532358
2.532925
2.533270
2.533662
2.534335
2.534528
2.535060
2.534606
2.534402
2.534521
2.534487
2.535012
2.532002
2.527544
2.514789
2.514512
2.514305
2.513130
2.513608
2.513902
2.515008
2.514138
2.514117
2.513880
2.514444
2.513733
2.514355
2.514000
2.514287
2.515181
2.514262
2.513995
2.513135
2.513218
2.513146
2.513154
2.514248
2.513760
2.514724
2.513273
2.513781
2.514018
2.514075
2.514218
2.513756
2.513696
2.513418
2.512865
2.511207
2.511034
2.510765
2.510419
2.513061
2.513376
2.513441
2.513270
2.513490
2.513556
2.513255
2.513318
2.513354
2.514055
2.512293
2.511950
2.511954
2.512426
2.513717
2.513685
2.512749
2.512753
2.513920
2.513191
2.513112
2.512633
2.513790
2.513214
2.512886
2.511853
2.511767
2.512597
2.512326
2.512540
2.512108
2.513243
2.513210
2.512558
2.512140
2.511736
2.513711
2.512795
2.511960
2.511762
2.511490
2.511497
2.510659
2.509142
2.509907
2.510159
2.509930
2.508153
2.508004
2.510116
2.510362
2.509338
2.508683
2.509887
2.510222
2.509320
2.507730
2.508418
2.509105
2.509309
2.508080
2.508380
2.509658
2.509506
2.508034
2.506510
2.508188
2.508361
2.509032
2.507401
2.508337
2.508653
2.508911
2.507806
2.507008
2.509004
2.511215
2.528398
2.526885
2.528284
2.528752
2.528352
2.527866
2.527522
2.528104
2.527980
2.527244
2.526827
2.525579
2.524876
2.524252
2.525383
2.524740
2.526642
2.526075
2.525808
2.527194
2.528077
2.527145
2.526647
2.527488
2.527592
2.527807
2.527208
2.528210
2.528763
2.528946
2.528292
2.527919
2.529193
2.528521
2.528408
2.527992
2.528858
2.529565
2.528996
2.528255
2.527987
2.528980
2.528256
2.527611
2.528000
2.528864
2.528944
2.527761
2.527341
2.528394
2.529762
2.529752
2.528487
2.528501
2.529140
2.530092
2.528440
2.527340
2.527813
2.528684
2.529233
2.529345
2.529235
2.529315
2.530634
2.529353
2.529262
2.529508
2.530207
2.529899
2.528943
2.523093
2.512805
2.511210
2.510630
2.510584
2.510628
2.511556
2.511318
2.510926
2.510977
2.511148
2.512097
2.509991
2.509737
2.510248
2.511685
2.511781
2.511477
2.511676
2.511415
2.511945
2.512081
2.511823
2.512121
2.512035
2.512544
2.511948
2.511160
2.510931
2.511495
2.511505
2.512112
2.512144
2.512106
2.513053
2.512181
2.512501
2.512413
2.513381
2.512873
2.512692
2.512366
2.511830
2.512023
2.511404
2.511295
2.511546
2.512093
2.513223
2.513052
2.512746
2.511124
2.511902
2.511702
2.511888
2.513236
2.513719
2.512709
2.512169
2.512169
2.512261
2.514213
2.513154
2.513213
2.513220
2.513763
2.514269
2.513566
2.513918
2.513674
2.514095
2.513548
2.512128
2.512295
2.512116
2.512764
2.513185
2.513086
2.513177
2.513673
2.513244
2.512983
2.512905
2.513631
2.514032
2.513083
2.513273
2.511969
2.512431
2.512066
2.512181
2.512758
2.511765
2.512401
2.510650
2.510267
2.510532
2.510188
2.511422
2.510805
2.511122
2.511060
2.511539
2.510826
2.510480
2.510313
2.510874
2.511531
2.511096
2.511112
2.511239
2.512069
2.511214
2.510968
2.511533
2.511587
2.529189
2.531115
2.531085
2.531061
2.531213
2.530548
2.530062
2.529860
2.530003
2.529941
2.528866
2.529369
2.528688
2.529384
2.530320
2.529361
2.529417
2.528672
2.530037
2.530487
2.531413
2.531350
2.531705
2.532091
2.532246
2.532811
2.532243
2.533503
2.533324
2.532744
2.532632
2.533045
2.533232
2.532791
2.532160
2.531438
2.533084
2.532666
2.532298
2.532629
2.532597
2.532785
2.532152
2.532395
2.532423
2.533051
2.531122
2.530750
2.531002
2.531995
2.532097
2.531833
2.531756
2.531908
2.532411
2.532066
2.531125
2.531753
2.531717
2.532336
2.531376
2.531651
2.531765
2.532153
2.531747
2.531596
2.531583
2.531260
2.531914
2.532095
2.531728
2.526020
2.516652
2.510778
2.510601
2.509847
2.509457
2.511984
2.512268
2.511638
2.510750
2.511909
2.513359
2.512702
2.511333
2.513832
2.515664
2.515349
2.513829
2.513750
2.515439
2.514784
2.513482
2.513108
2.514395
2.516024
2.514511
2.514949
2.515496
2.515913
2.517151
2.515617
2.516077
2.516022
2.516621
2.516240
2.515259
2.515264
2.515218
2.516053
2.516311
2.515977
2.515759
2.516325
2.516387
2.515972
2.516288
2.516373
2.516816
2.516329
2.516221
2.515274
2.515078
2.515293
2.515190
2.516545
2.516284
2.516076
2.513254
2.514147
2.515031
2.516638
2.516540
2.515880
2.515008
2.516812
2.516468
2.516034
2.515048
2.514106
2.515421
2.516503
2.515767
2.515610
2.515638
2.516448
2.516298
2.516122
2.516007
2.516421
2.516976
2.516223
2.515150
2.515485
2.516175
2.516409
2.516139
2.515896
2.516084
2.516561
2.515842
2.515609
2.516261
2.516333
2.516018
2.515759
2.515343
2.515268
2.516207
2.515438
2.515965
2.516198
2.516716
2.516516
2.515957
2.515348
2.515395
2.514917
2.514409
2.514644
2.513787
2.515402
2.513962
2.514316
2.514339
2.514380
2.526906
2.534729
2.534818
2.534767
2.535432
2.534839
2.534959
2.535475
2.535032
2.534186
2.534388
2.534317
2.533113
2.532534
2.532198
2.532940
2.532172
2.533146
2.533563
2.533377
2.533178
2.532775
2.533239
2.532822
2.532669
2.532064
2.532852
2.533508
2.534034
2.533867
2.533209
2.533416
2.533115
2.531784
2.530650
2.528735
2.531970
2.532081
2.532239
2.532226
2.532677
2.532372
2.532410
2.533749
2.533846
2.534276
2.533579
2.532741
2.533475
2.533863
2.533222
2.532094
2.531796
2.532198
2.532731
2.532081
2.532769
2.533073
2.533235
2.532234
2.532684
2.533240
2.532980
2.533684
2.532808
2.532807
2.532709
2.533349
2.532753
2.532325
2.532449
2.529252
2.521594
2.512464
2.511864
2.511705
2.511697
2.512268
2.511315
2.511203
2.511207
2.512025
2.511262
2.510712
2.509599
2.509565
2.509759
2.509202
2.509334
2.508990
2.509392
2.509014
2.509925
2.510021
2.509540
2.510439
2.509143
2.508289
2.508829
2.507975
2.507968
2.507886
2.508233
2.508822
2.510079
2.509522
2.509100
2.507357
2.507834
2.508470
2.509105
2.510116
2.509890
2.511165
2.509372
2.509657
2.509436
2.509825
2.511141
2.510296
2.509466
2.507536
2.506928
2.508308
2.508913
2.508816
2.508655
2.508914
2.508309
2.507181
2.506185
2.506512
2.505689
2.505760
2.505168
2.505292
2.505497
2.503576
2.503421
2.504094
2.504452
2.504969
2.504337
2.503617
2.502567
2.503247
2.502684
2.502311
2.503571
2.503854
2.503532
2.503117
2.503163
2.503188
2.504224
2.503378
2.503655
2.504199
2.504350
2.504014
2.503964
2.504128
2.505081
2.506645
2.506504
2.506854
2.507578
2.508454
2.508627
2.507966
2.509726
2.509742
2.509422
2.508029
2.508733
2.508998
2.510537
2.511407
2.511998
2.512569
2.512384
2.512305
2.512348
2.511888
2.510870
2.511102
2.510842
2.518727
2.529471
2.531112
2.530872
2.530643
2.530878
2.530774
2.530846
2.527888
2.528428
2.527764
2.528888
2.528238
2.528823
2.529696
2.529908
2.530454
2.529806
2.529645
2.529990
2.531586
2.532277
2.531993
2.532660
2.532676
2.533363
2.532924
2.533412
2.533343
2.533475
2.533891
2.533016
2.533358
2.533690
2.533094
2.533348
2.532899
2.532050
2.532770
2.534906
2.534680
2.534984
2.534907
2.535164
2.535453
2.535119
2.534866
2.534798
2.536349
2.535391
2.535394
2.535158
2.535580
2.535219
2.533680
2.533162
2.533484
2.533953
2.533790
2.533914
2.534017
2.535126
2.535269
2.534921
2.535496
2.535070
2.535799
2.535235
2.535018
2.534981
2.533003
2.527307
2.514674
2.514474
2.514823
2.514347
2.513952
2.513252
2.513288
2.513703
2.511850
2.512311
2.511636
2.513735
2.514556
2.514039
2.514324
2.514138
2.514935
2.514406
2.513496
2.513124
2.513421
2.513082
2.513604
2.513239
2.513385
2.514348
2.513540
2.513316
2.513462
2.513486
2.513532
2.513210
2.513240
2.512650
2.513190
2.512662
2.513379
2.513782
2.514507
2.514978
2.514169
2.513878
2.514584
2.514858
2.514348
2.514091
2.513364
2.511998
2.512199
2.512071
2.511877
2.512758
2.514214
2.514353
2.513538
2.513551
2.513515
2.514564
2.513741
2.513570
2.513507
2.513828
2.513948
2.512807
2.512136
2.512133
2.513415
2.513319
2.513312
2.513193
2.513463
2.513491
2.512849
2.513334
2.513209
2.513793
2.513380
2.513419
2.512608
2.512621
2.512513
2.511367
2.512190
2.512856
2.513826
2.513226
2.512653
2.513140
2.513559
2.514113
2.513305
2.513330
2.512934
2.512366
2.512276
2.511771
2.511960
2.513212
2.513719
2.512983
2.513153
2.512964
2.513365
2.513349
2.513672
2.513117
2.513100
2.513382
2.511899
2.511398
2.511257
2.511257
2.512037
2.514450
2.531378
2.530907
2.532930
2.532424
2.532145
2.532212
2.533281
2.533323
2.532526
2.531626
2.531095
2.528226
2.525938
2.528080
2.526991
2.528182
2.529783
2.529141
2.530698
2.530714
2.531686
2.531564
2.530514
2.530222
2.530486
2.531074
2.529614
2.530566
2.530420
2.531735
2.531642
2.531587
2.531128
2.530924
2.531486
2.530400
2.531108
2.531295
2.532080
2.531819
2.531496
2.531204
2.530791
2.531645
2.530886
2.530994
2.531419
2.531754
2.531903
2.530810
2.530689
2.531255
2.532386
2.531321
2.531223
2.531510
2.531710
2.531602
2.530667
2.530810
2.530278
2.530327
2.530400
2.530011
2.529686
2.530540
2.531111
2.530903
2.529585
2.529642
2.529479
2.524477
2.511572
2.510059
2.510202
2.511228
2.510463
2.510549
2.510642
2.510722
2.510318
2.509810
2.510315
2.510270
2.510645
2.509549
2.509433
2.509032
2.509951
2.510466
2.509982
2.510304
2.510428
2.511112
2.509784
2.509460
2.509822
2.509682
2.510685
2.509592
2.509229
2.508745
2.508929
2.509641
2.509462
2.509533
2.509931
2.510379
2.510043
2.509168
2.508953
2.509974
2.509567
2.509815
2.508649
2.508491
2.509180
2.508296
2.508667
2.508988
2.509673
2.509335
2.508807
2.508523
2.508034
2.508810
2.508183
2.508481
2.508495
2.508891
2.508960
2.508247
2.507723
2.507663
2.507165
2.507639
2.507412
2.508735
2.509577
2.509500
2.508802
2.509058
2.508673
2.509322
2.507885
2.506722
2.506850
2.506961
2.508702
2.508051
2.508035
2.508351
2.509193
2.508479
2.508134
2.507842
2.508239
2.508818
2.508345
2.507303
2.507118
2.507468
2.507077
2.508165
2.508116
2.508298
2.508913
2.507894
2.507884
2.507980
2.508136
2.508087
2.507809
2.507017
2.506377
2.506550
2.505838
2.506525
2.507691
2.508385
2.508445
2.507767
2.507466
2.507150
2.507585
2.507496
2.508631
2.525977
2.527577
2.526925
2.525655
2.525757
2.524240
2.521690
2.522476
2.522338
2.521952
2.523392
2.523783
2.524031
2.525688
2.525532
2.526396
2.524589
2.523869
2.524752
2.525371
2.527012
2.526411
2.525479
2.526345
2.526492
2.526303
2.526180
2.526423
2.526758
2.527429
2.526193
2.525776
2.525363
2.525426
2.525153
2.524099
2.523208
2.522867
2.523528
2.522126
2.523401
2.523340
2.524988
2.525181
2.524111
2.523970
2.523737
2.524363
2.524133
2.524758
2.524310
2.524530
2.524956
2.523971
2.524290
2.524551
2.525492
2.525004
2.524889
2.524966
2.523845
2.524444
2.523966
2.525007
2.525484
2.525709
2.524861
2.523447
2.523115
2.523422
2.524895
2.519398
2.508311
2.504293
2.503644
2.503535
2.503968
2.504348
2.505190
2.506790
2.505776
2.504277
2.503744
2.505057
2.505317
2.505839
2.506309
2.506199
2.506414
2.505673
2.506046
2.505818
2.506064
2.506075
2.505372
2.505230
2.505693
2.506316
2.506427
2.506818
2.507048
2.506611
2.507089
2.506073
2.506145
2.507158
2.507671
2.506543
2.506231
2.506046
2.504267
2.506858
2.507132
2.507697
2.507921
2.507973
2.503692
2.505485
2.507155
2.509710
2.509238
2.508026
2.505836
2.503966
2.507529
2.509438
2.509649
2.509413
2.509886
2.506070
2.505860
2.508928
2.510069
2.510341
2.509258
2.509202
2.507201
2.508488
2.509762
2.509838
2.510709
2.510907
2.512781
2.511446
2.511958
2.512654
2.512761
2.512516
2.512987
2.512445
2.510981
2.511726
2.510437
2.511579
2.511463
2.512836
2.512169
2.511991
2.511977
2.512012
2.512937
2.512572
2.512306
2.511922
2.512525
2.512610
2.511888
2.511832
2.511932
2.512452
2.512125
2.512254
2.511919
2.512224
2.512807
2.512662
2.512656
2.512497
2.513200
2.511960
2.511898
2.512119
2.511784
2.512092
2.511271
2.511610
2.526250
2.531727
2.531238
2.531937
2.531886
2.531755
2.533105
2.531861
2.531919
2.532003
2.531880
2.531493
2.529929
2.527954
2.528151
2.530199
2.529144
2.528576
2.530115
2.530206
2.530926
2.530888
2.530825
2.531396
2.532829
2.531949
2.532455
2.531853
2.532428
2.532816
2.532293
2.532179
2.532371
2.533043
2.532266
2.532085
2.531834
2.531798
2.533041
2.532685
2.532467
2.532448
2.532672
2.528914
2.527609
2.529711
2.531350
2.532319
2.531158
2.530758
2.530903
2.531031
2.531981
2.530778
2.532016
2.532793
2.532412
2.532050
2.532118
2.532214
2.532010
2.531939
2.532278
2.532229
2.533059
2.532517
2.532666
2.532139
2.532364
2.532069
2.527982
2.518248
2.510901
2.511192
2.511234
2.510348
2.511226
2.512096
2.512203
2.511608
2.511820
2.511810
2.512317
2.511650
2.510845
2.510532
2.511160
2.511453
2.510253
2.511227
2.511812
2.512320
2.511805
2.511865
2.512048
2.511978
2.512112
2.510523
2.511383
2.510927
2.511336
2.511253
2.511222
2.511577
2.511296
2.512247
2.511503
2.511727
2.511574
2.511370
2.511612
2.510723
2.509436
2.510326
2.510641
2.510672
2.510430
2.510559
2.510558
2.511101
2.510908
2.511287
2.511224
2.512067
2.511516
2.511389
2.511427
2.511556
2.512569
2.510962
2.510698
2.511154
2.511451
2.511309
2.511678
2.511634
2.512189
2.512766
2.512173
2.511736
2.511101
2.511749
2.511894
2.511756
2.511305
2.511018
2.510952
2.509694
2.510195
2.511181
2.511774
2.511603
2.511417
2.511639
2.511120
2.510637
2.510270
2.511078
2.511867
2.511997
2.511901
2.511100
2.509854
2.511038
2.512895
2.512609
2.512897
2.512615
2.512602
2.512262
2.510875
2.511687
2.511524
2.512771
2.511522
2.511138
2.510191
2.509554
2.511666
2.511535
2.510715
2.509099
2.509573
2.509378
2.509193
2.510496
2.521359
2.531741
2.530669
2.529716
2.529747
2.529758
2.527657
2.524522
2.525417
2.525254
2.526658
2.526695
2.526823
2.527241
2.529715
2.529770
2.530328
2.529116
2.529013
2.530841
2.530141
2.530171
2.530555
2.530115
2.530715
2.530192
2.530572
2.530029
2.530656
2.530198
2.530221
2.530339
2.530157
2.529836
2.529753
2.529392
2.528776
2.529605
2.529451
2.529336
2.529429
2.529032
2.529147
2.527734
2.529238
2.529607
2.529722
2.529402
2.528466
2.528796
2.529092
2.529889
2.528909
2.529089
2.529047
2.529486
2.528650
2.528551
2.528526
2.528793
2.528320
2.526187
2.527063
2.526176
2.527054
2.527347
2.526026
2.526303
2.525941
2.525477
2.526004
2.522796
2.516738
2.505966
2.505977
2.506124
2.505655
2.504896
2.505008
2.504695
2.504653
2.504969
2.505608
2.506114
2.504908
2.504151
2.504317
2.505820
2.506028
2.505282
2.505558
2.504371
2.504859
2.503856
2.504398
2.504603
2.504858
2.504065
2.502831
2.502845
2.504010
2.505287
2.504224
2.504386
2.503916
2.503876
2.503933
2.503930
2.503862
2.503580
2.504256
2.503458
2.503521
2.503747
2.503951
2.504291
2.504129
2.504113
2.504306
2.504510
2.502792
2.503334
2.503234
2.503375
2.503269
2.502630
2.502009
2.502406
2.503048
2.502112
2.501172
2.501628
2.502001
2.501817
2.501871
2.501744
2.501626
2.502590
2.501214
2.500652
2.500713
2.499722
2.501246
2.500450
2.500668
2.501222
2.500983
2.500735
2.499309
2.499698
2.500075
2.500429
2.499878
2.498693
2.498798
2.498088
2.497513
2.498083
2.498609
2.498734
2.498733
2.497991
2.498005
2.498053
2.497584
2.497537
2.497120
2.497634
2.496918
2.496407
2.495830
2.498009
2.498502
2.498938
2.498327
2.499335
2.498661
2.498615
2.498331
2.499218
2.499442
2.498631
2.498675
2.497508
2.498068
2.497450
2.505347
2.518988
2.519541
2.519903
2.518988
2.519557
2.519373
2.521143
2.519612
2.518213
2.519229
2.519400
2.519789
2.515831
2.515806
2.518162
2.517197
2.517845
2.518377
2.519215
2.521459
2.521061
2.521420
2.522964
2.523012
2.523353
2.522291
2.522427
2.523717
2.521968
2.521234
2.521858
2.523569
2.523796
2.523031
2.522501
2.522064
2.523993
2.523328
2.522994
2.522595
2.523108
2.523504
2.522287
2.521958
2.522107
2.523249
2.522385
2.521890
2.521540
2.522128
2.521645
2.521263
2.521232
2.521043
2.521448
2.520720
2.520475
2.520568
2.520601
2.520759
2.520079
2.520164
2.520121
2.519862
2.519820
2.519611
2.519649
2.519222
2.519946
2.519149
2.517408
2.511972
2.500263
2.499440
2.499454
2.497808
2.496700
2.497318
2.496508
2.496533
2.495573
2.496549
2.498535
2.497545
2.497205
2.498550
2.499552
2.501212
2.501398
2.500771
2.501559
2.501464
2.502794
2.501652
2.501830
2.501197
2.502749
2.502765
2.501541
2.502821
2.502871
2.503359
2.503178
2.504346
2.504800
2.504543
2.504035
2.504446
2.504398
2.504737
2.504910
2.504660
2.505459
2.504078
2.503940
2.505223
2.505766
2.505610
2.506002
2.506480
2.506933
2.506934
2.506200
2.505874
2.507865
2.507060
2.506867
2.505933
2.506627
2.506418
2.505971
2.506845
2.506008
2.507737
2.507264
2.507079
2.507361
2.507851
2.507859
2.507318
2.507054
2.506392
2.506368
2.506171
2.505955
2.505831
2.507374
2.508396
2.507782
2.508066
2.507848
2.508911
2.508060
2.507766
2.508004
2.508458
2.509187
2.507765
2.507557
2.507405
2.508414
2.508765
2.508418
2.508641
2.508804
2.509754
2.509016
2.508819
2.509119
2.509756
2.508965
2.509400
2.508845
2.508433
2.509226
2.508430
2.509276
2.509567
2.509669
2.509848
2.509366
2.509308
2.509568
2.512838
2.529873
2.531276
2.531139
2.530604
2.530489
2.529903
2.528961
2.524986
2.526997
2.526511
2.525705
2.528272
2.528154
2.528902
2.530218
2.530534
2.531161
2.532409
2.531921
2.531354
2.531264
2.531285
2.531835
2.529706
2.529814
2.530397
2.530657
2.532037
2.531533
2.532171
2.532049
2.532767
2.531925
2.531542
2.531822
2.532197
2.531530
2.531695
2.531505
2.531722
2.532204
2.531241
2.531487
2.531465
2.530531
2.530487
2.530291
2.530872
2.530732
2.532758
2.531792
2.532089
2.532125
2.532358
2.532603
2.532060
2.532143
2.532189
2.532926
2.533005
2.532385
2.532184
2.532378
2.532874
2.532217
2.532535
2.532508
2.533165
2.532897
2.532343
2.531993
2.526830
2.515185
2.511729
2.512244
2.512486
2.512756
2.512541
2.511185
2.511055
2.512549
2.513461
2.512578
2.512510
2.512468
2.512814
2.512387
2.512402
2.512456
2.511545
2.511289
2.510663
2.509223
2.508947
2.509568
2.509937
2.509373
2.508447
2.509013
2.509450
2.509458
2.508391
2.508492
2.509634
2.510931
2.510252
2.510056
2.509804
2.510582
2.509403
2.509030
2.509508
2.509358
2.509940
2.509409
2.509627
2.509651
2.510400
2.510033
2.509406
2.509597
2.509774
2.510868
2.509565
2.509158
2.509064
2.509114
2.509056
2.509234
2.509241
2.509273
2.510206
2.508233
2.507759
2.508045
2.509177
2.508367
2.508876
2.507944
2.507483
2.507984
2.507723
2.507758
2.507964
2.508534
2.508742
2.507848
2.507743
2.507653
2.508666
2.507718
2.507935
2.507868
2.507066
2.507601
2.506810
2.507197
2.507616
2.507976
2.506924
2.506350
2.505881
2.506742
2.507944
2.506986
2.507353
2.507631
2.508004
2.508046
2.507141
2.506898
2.507013
2.508335
2.507821
2.508267
2.508402
2.508847
2.509021
2.508523
2.508637
2.508854
2.509469
2.509099
2.508138
2.508023
2.508640
2.508870
2.525324
2.528413
2.528980
2.529429
2.528815
2.528722
2.529220
2.529253
2.529328
2.528974
2.529424
2.528450
2.529049
2.527660
2.525561
2.525893
2.527318
2.526569
2.526023
2.527338
2.527036
2.527329
2.527029
2.526644
2.527075
2.527620
2.528380
2.527277
2.527073
2.526861
2.527448
2.526938
2.526442
2.526330
2.526379
2.526683
2.525539
2.525533
2.525587
2.525774
2.525728
2.525166
2.524742
2.524716
2.525059
2.525017
2.524434
2.524024
2.521425
2.520856
2.519258
2.522118
2.521718
2.524109
2.522787
2.522753
2.523076
2.523234
2.523565
2.524152
2.524158
2.523295
2.524358
2.524803
2.524271
2.524412
2.524501
2.525631
2.524591
2.524799
2.524713
2.520387
2.510601
2.504925
2.504813
2.504997
2.506000
2.505330
2.505049
2.505120
2.505303
2.505664
2.505446
2.505531
2.505775
2.506545
2.504321
2.504303
2.504492
2.505623
2.506544
2.506016
2.506195
2.505992
2.506139
2.504066
2.504134
2.504846
2.506066
2.505121
2.506232
2.504822
2.504499
2.504550
2.504125
2.503822
2.503705
2.503639
2.504157
2.502491
2.503020
2.502940
2.503899
2.504451
2.503986
2.503947
2.503543
2.503497
2.503017
2.503158
2.503302
2.504267
2.503831
2.502490
2.501598
2.501509
2.502646
2.502834
2.503073
2.503336
2.503210
2.502512
2.500771
2.501308
2.501867
2.502809
2.501925
2.501322
2.500679
2.500411
2.500172
2.500355
2.500523
2.500699
2.500403
2.499384
2.498271
2.497246
2.498512
2.499271
2.499012
2.499821
2.499021
2.498094
2.496660
2.496881
2.497801
2.498257
2.498826
2.497978
2.496628
2.494557
2.495053
2.496342
2.496109
2.497627
2.497508
2.496841
2.494976
2.494938
2.496103
2.496786
2.497573
2.496675
2.495332
2.494977
2.495261
2.494673
2.495060
2.495009
2.496374
2.496001
2.494808
2.494958
2.495341
2.495887
2.495453
2.508166
2.514040
2.512370
2.513158
2.512944
2.513201
2.513871
2.513107
2.510393
2.510671
2.510393
2.511048
2.513072
2.513668
2.513738
2.513576
2.513382
2.512894
2.513168
2.513499
2.513528
2.514588
2.513817
2.513228
2.513191
2.513645
2.514406
2.514110
2.514439
2.515548
2.516387
2.515443
2.515683
2.515206
2.515527
2.516175
2.515880
2.515360
2.515654
2.517624
2.516981
2.516976
2.516886
2.517546
2.517852
2.516797
2.516307
2.516297
2.517675
2.516885
2.517743
2.517518
2.517346
2.517923
2.517760
2.517596
2.517796
2.518453
2.518441
2.518280
2.517768
2.518510
2.519568
2.518708
2.518763
2.519656
2.520089
2.519339
2.519463
2.520057
2.520373
2.516285
2.506788
2.498805
2.498600
2.500211
2.501388
2.501717
2.501535
2.500709
2.501442
2.501687
2.501935
2.502419
2.502462
2.503310
2.502400
2.501602
2.501873
2.502783
2.502642
2.502538
2.502234
2.502519
2.502310
2.500510
2.500170
2.501344
2.502781
2.500597
2.500867
2.501799
2.501583
2.501605
2.501845
2.502469
2.502691
2.503029
2.502999
2.501104
2.499883
2.500191
2.501895
2.502279
2.502577
2.502869
2.503324
2.501731
2.500830
2.501883
2.501926
2.502108
2.500713
2.499709
2.498345
2.498725
2.500460
2.500008
2.500812
2.501649
2.501478
2.499768
2.499788
2.501284
2.501792
2.500944
2.500345
2.499776
2.499431
2.498636
2.499258
2.500448
2.501066
2.502260
2.501428
2.500758
2.500043
2.500913
2.502126
2.501478
2.502334
2.501768
2.501954
2.499454
2.498865
2.500613
2.501148
2.500921
2.501310
2.500829
2.498981
2.498886
2.500682
2.501767
2.501674
2.502062
2.502293
2.500594
2.499278
2.499209
2.501596
2.501348
2.501683
2.501450
2.501439
2.501090
2.500154
2.501867
2.502008
2.502699
2.502260
2.501919
2.501024
2.499524
2.500444
2.500650
2.508968
2.520068
2.519108
2.518543
2.520643
2.519149
2.519807
2.520324
2.520229
2.518004
2.517954
2.519271
2.518960
2.518513
2.520009
2.519827
2.520022
2.519227
2.519528
2.519589
2.520621
2.519644
2.519275
2.519312
2.519122
2.518933
2.519295
2.519336
2.518988
2.519572
2.519012
2.518933
2.518718
2.518554
2.519481
2.518595
2.518939
2.520068
2.519733
2.519228
2.518285
2.518705
2.520977
2.519462
2.519680
2.519511
2.521051
2.520680
2.519490
2.519989
2.520713
2.521913
2.521932
2.522140
2.521582
2.521445
2.521116
2.519731
2.520597
2.521155
2.520717
2.520536
2.519341
2.520245
2.518682
2.512397
2.500403
2.499740
2.499990
2.498890
2.499406
2.498934
2.499278
2.499000
2.498442
2.498183
2.499939
2.500296
2.500895
2.498867
2.497800
2.498111
2.498989
2.498409
2.498669
2.498478
2.498395
2.498277
2.497631
2.497981
2.498388
2.498686
2.498790
2.498981
2.500084
2.500460
2.500309
2.498928
2.499203
2.501567
2.501435
2.501689
2.501850
2.501802
2.500389
2.500577
2.500141
2.499335
2.499334
2.498473
2.499597
2.499664
2.500228
2.499387
2.500014
2.500194
2.499931
2.499974
2.499517
2.500794
2.501704
2.502048
2.501744
2.500916
2.500707
2.501906
2.501404
2.502046
2.500709
2.501438
2.500322
2.500577
2.500721
2.501404
2.500647
2.500030
2.499563
2.500975
2.500082
2.499161
2.499732
2.500181
2.499285
2.498405
2.499549
2.500961
2.499117
2.499670
2.499684
2.500589
2.500509
2.499631
2.500062
2.500248
2.499784
2.500345
2.500675
2.500624
2.500674
2.501181
2.500612
2.500767
2.500185
2.500533
2.500778
2.500364
2.499926
2.500339
2.501038
2.500452
2.500565
2.500453
2.500307
2.499520
2.503612
2.518832
2.519740
2.518910
2.519691
2.519863
2.520797
2.519196
2.516584
2.517493
2.517598
2.519351
2.520262
2.519915
2.519454
2.519740
2.519246
2.519723
2.519609
2.519802
2.519210
2.519829
2.519602
2.520787
2.520123
2.519720
2.519962
2.519308
2.519467
2.518822
2.519193
2.518948
2.519093
2.519923
2.519330
2.519534
2.519526
2.520236
2.519171
2.518944
2.519054
2.519999
2.519845
2.518515
2.519291
2.519171
2.520154
2.519684
2.519813
2.519643
2.519849
2.519946
2.519900
2.519600
2.520663
2.521363
2.520962
2.520655
2.521062
2.520747
2.521626
2.520915
2.521016
2.520890
2.521936
2.519956
2.514842
2.501723
2.500305
2.501273
2.500396
2.500963
2.500740
2.501211
2.500588
2.499179
2.499520
2.499061
2.499539
2.499747
2.500570
2.500275
2.499012
2.498901
2.500513
2.501632
2.502537
2.501910
2.500832
2.500334
2.500824
2.500953
2.499247
2.500117
2.499558
2.498725
2.499180
2.499316
2.499769
2.500297
2.498866
2.499723
2.500266
2.500840
2.500341
2.500064
2.501311
2.500684
2.501280
2.500888
2.501081
2.500935
2.500290
2.500131
2.499125
2.499346
2.499744
2.500339
2.500082
2.500122
2.499878
2.500246
2.499417
2.498469
2.498737
2.498156
2.499173
2.499249
2.498688
2.498844
2.498492
2.497754
2.497032
2.497558
2.498477
2.497525
2.497551
2.498807
2.498403
2.497950
2.497916
2.497619
2.498897
2.498161
2.498854
2.498689
2.498321
2.498760
2.498506
2.499090
2.499404
2.499684
2.499225
2.497738
2.497973
2.497647
2.498891
2.497454
2.496191
2.497615
2.497994
2.496330
2.496819
2.497343
2.499083
2.498428
2.498580
2.498205
2.499703
2.499250
2.499014
2.498847
2.498697
2.498037
2.498287
2.499875
2.517595
2.518544
2.518062
2.518653
2.519023
2.519742
2.519206
2.519318
2.518972
2.519022
2.519436
2.519143
2.518508
2.518289
2.516455
2.516746
2.517963
2.518634
2.518339
2.517974
2.517472
2.518265
2.518987
2.518662
2.518182
2.517110
2.517415
2.519017
2.517982
2.518036
2.518107
2.518681
2.518450
2.518202
2.518011
2.518071
2.518687
2.518085
2.517824
2.518209
2.518425
2.518416
2.518227
2.517795
2.517823
2.519023
2.517973
2.517822
2.517782
2.518158
2.518452
2.517821
2.517602
2.517773
2.517730
2.518718
2.518378
2.519088
2.518327
2.518226
2.518651
2.516647
2.517524
2.517768
2.517330
2.516685
2.512797
2.500703
2.497142
2.497672
2.497190
2.497199
2.496570
2.499167
2.498080
2.470701
2.499002
2.499617
2.498653
2.498847
2.499793
2.499720
2.498626
2.498214
2.499197
2.498553
2.497860
2.498807
2.499743
2.500134
2.499241
2.498001
2.498408
2.499429
2.500523
2.499037
2.499070
2.498543
2.499351
2.498687
2.496899
2.497287
2.497762
2.498667
2.498438
2.497552
2.499091
2.498874
2.498295
2.498741
2.499216
2.499897
2.499341
2.500334
2.500557
2.500563
2.500740
2.499770
2.500226
2.500174
2.501417
2.500250
2.500512
2.500287
2.499908
2.499503
2.498400
2.498612
2.498115
2.496923
2.497088
2.497702
2.498405
2.497229
2.498114
2.497932
2.499102
2.498647
2.498149
2.499620
2.498877
2.499791
2.498548
2.498509
2.497645
2.496960
2.496704
2.496876
2.497332
2.497548
2.497579
2.497829
2.497542
2.497349
2.496970
2.497650
2.499321
2.498391
2.498553
2.498568
2.499313
2.499253
2.498310
2.498855
2.498282
2.498431
2.498042
2.498059
2.497599
2.498691
2.498853
2.498584
2.498874
2.498874
2.515186
2.518187
2.518519
2.518746
2.518771
2.519099
2.517881
2.518132
2.517320
2.517534
2.515196
2.514777
2.516194
2.515705
2.517161
2.516878
2.517043
2.516418
2.516996
2.517503
2.517543
2.517593
2.517616
2.518595
2.517808
2.518113
2.518483
2.518061
2.517949
2.518084
2.518100
2.517571
2.517086
2.518121
2.517915
2.517970
2.518588
2.519563
2.518822
2.519335
2.519425
2.519929
2.519147
2.519048
2.519277
2.519170
2.519602
2.519014
2.518085
2.517374
2.517186
2.517482
2.518910
2.519595
2.518920
2.518940
2.518952
2.519308
2.518790
2.518237
2.517968
2.517288
2.518538
2.517431
2.517194
2.517265
2.518170
2.518802
2.518821
2.514675
2.505639
2.499450
2.499441
2.499059
2.498885
2.499775
2.498938
2.498447
2.497875
2.498009
2.499536
2.500829
2.500522
2.500396
2.500193
2.499222
2.497365
2.497521
2.497416
2.499292
2.498072
2.498518
2.498254
2.497904
2.498344
2.498832
2.498774
2.500120
2.499965
2.499881
2.500087
2.500038
2.500001
2.501241
2.500112
2.499993
2.500131
2.500224
2.499374
2.498669
2.498568
2.498842
2.500698
2.500171
2.499184
2.497284
2.497931
2.498129
2.498036
2.497225
2.498267
2.498952
2.497624
2.497075
2.496426
2.497249
2.498283
2.499045
2.499714
2.499543
2.500487
2.499616
2.499523
2.499505
2.500098
2.500125
2.498287
2.499463
2.498940
2.499279
2.498711
2.498727
2.499973
2.499620
2.500739
2.499474
2.499343
2.499290
2.499851
2.499748
2.499842
2.498507
2.497596
2.496987
2.496782
2.496606
2.497085
2.499705
2.499700
2.499348
2.499639
2.498668
2.500151
2.498094
2.497799
2.497013
2.496908
2.496318
2.497097
2.496637
2.497305
2.496706
2.496875
2.496839
2.498064
2.498085
2.497569
2.497562
2.497685
2.498425
2.498119
2.497684
2.496995
2.496818
2.508654
2.516404
2.516491
2.517036
2.517946
2.517717
2.517559
2.517763
2.518008
2.518840
2.517927
2.517216
2.517663
2.517309
2.516626
2.515127
2.513511
2.513488
2.515198
2.514471
2.516379
2.516368
2.515914
2.515985
2.516157
2.516025
2.517596
2.517005
2.516891
2.516835
2.517427
2.516626
2.515558
2.515137
2.516166
2.517181
2.516190
2.515473
2.516752
2.517236
2.517632
2.516730
2.516930
2.517236
2.517925
2.517362
2.517369
2.517311
2.517156
2.517953
2.517248
2.517139
2.516913
2.517605
2.517594
2.517302
2.518223
2.518107
2.519106
2.517751
2.517575
2.516904
2.517175
2.516704
2.516605
2.516443
2.517837
2.518910
2.518276
2.518110
2.515047
2.509040
2.498047
2.497555
2.497705
2.496861
2.498455
2.497638
2.497478
2.497321
2.497673
2.498118
2.497585
2.497889
2.497343
2.498212
2.497910
2.496569
2.496873
2.497332
2.497340
2.497407
2.497482
2.498075
2.497854
2.497289
2.498020
2.499242
2.498763
2.497185
2.496753
2.496623
2.496349
2.496337
2.496305
2.498991
2.499181
2.498817
2.497654
2.496858
2.496246
2.496065
2.496592
2.498822
2.497668
2.497584
2.496481
2.498193
2.498965
2.497538
2.498608
2.497674
2.499368
2.498870
2.498247
2.497623
2.497211
2.496678
2.495971
2.495660
2.496479
2.498035
2.498741
2.498164
2.497911
2.498109
2.498998
2.498713
2.496937
2.496765
2.496574
2.496043
2.496377
2.496272
2.497878
2.496263
2.496598
2.496598
2.497147
2.495584
2.496099
2.495970
2.497120
2.498277
2.497177
2.496711
2.495996
2.496104
2.496919
2.496827
2.496919
2.498066
2.499143
2.498290
2.496431
2.496130
2.496964
2.496487
2.495648
2.496608
2.496637
2.496861
2.497054
2.496703
2.497318
2.496817
2.498635
2.498814
2.498554
2.498235
2.498590
2.505278
2.517843
2.517474
2.517369
2.515578
2.515621
2.515354
2.515472
2.514611
2.514983
2.515147
2.514100
2.514495
2.514336
2.514508
2.514817
2.514872
2.514798
2.514816
2.516171
2.514858
2.514490
2.515583
2.515568
2.515313
2.515557
2.515477
2.515521
2.515763
2.515805
2.515540
2.515234
2.516026
2.515306
2.515279
2.514782
2.514794
2.515571
2.516125
2.515157
2.515253
2.514471
2.514384
2.515184
2.515709
2.515664
2.514884
2.514470
2.516232
2.515227
2.515118
2.514740
2.515465
2.515928
2.515146
2.515486
2.514456
2.516546
2.515265
2.515438
2.515872
2.516807
2.517047
2.516748
2.516018
2.514495
2.510219
2.496759
2.495244
2.495482
2.496378
2.496973
2.496517
2.496542
2.497151
2.496598
2.496414
2.495934
2.496661
2.496383
2.494972
2.495155
2.495356
2.494966
2.494952
2.494676
2.494188
2.495080
2.494718
2.494860
2.494777
2.496012
2.494268
2.494780
2.494975
2.494951
2.494414
2.494186
2.494572
2.494786
2.496129
2.495244
2.494602
2.495260
2.494639
2.494782
2.494388
2.494923
2.495328
2.494212
2.494447
2.495221
2.494925
2.495279
2.493926
2.495559
2.495112
2.494792
2.493914
2.493943
2.495440
2.495300
2.496322
2.496403
2.494733
2.494472
2.495525
2.498211
2.497138
2.496331
2.496265
2.495024
2.494758
2.496185
2.497076
2.498636
2.497415
2.496661
2.496788
2.497036
2.497026
2.497531
2.497501
2.498005
2.495128
2.496233
2.495265
2.496090
2.497134
2.497693
2.497481
2.496697
2.497092
2.496383
2.496728
2.497200
2.496111
2.496221
2.495002
2.495062
2.495147
2.494503
2.495272
2.495592
2.494434
2.494966
2.497007
2.513337
2.514582
2.514753
2.514086
2.513006
2.514695
2.515950
2.514987
2.514893
2.514663
2.515135
2.515302
2.514115
2.513741
2.513227
2.512467
2.513995
2.513036
2.514073
2.515023
2.514190
2.513964
2.513758
2.514813
2.514140
2.513627
2.513956
2.514455
2.514734
2.513497
2.513674
2.513286
2.513614
2.514436
2.513917
2.512809
2.513513
2.514033
2.513608
2.513816
2.513528
2.514530
2.514455
2.514107
2.514322
2.515997
2.515065
2.514924
2.514726
2.515568
2.515677
2.515320
2.514982
2.515137
2.515792
2.514719
2.514777
2.514954
2.515113
2.515327
2.514838
2.514487
2.514858
2.515846
2.514948
2.514866
2.514325
2.509613
2.496192
2.493440
2.494279
2.494518
2.493988
2.494502
2.494402
2.494766
2.495406
2.494695
2.494405
2.494499
2.494792
2.494464
2.494317
2.494069
2.495123
2.494915
2.495257
2.494444
2.494977
2.491947
2.490849
2.492563
2.493582
2.494788
2.494261
2.494147
2.493723
2.493858
2.494314
2.494720
2.494719
2.494950
2.496666
2.495742
2.495571
2.495570
2.495913
2.496248
2.495135
2.495173
2.497127
2.497869
2.497580
2.496386
2.496167
2.496049
2.497054
2.497330
2.497057
2.497280
2.497736
2.496610
2.497360
2.497020
2.496778
2.497717
2.497288
2.495766
2.495099
2.495700
2.495828
2.495385
2.496548
2.496439
2.497689
2.496674
2.496992
2.497225
2.497420
2.497303
2.496820
2.496836
2.496899
2.497005
2.495593
2.495160
2.495469
2.496797
2.496641
2.496739
2.496337
2.496398
2.496607
2.495657
2.495133
2.494124
2.494152
2.493669
2.492363
2.493440
2.494201
2.493618
2.493572
2.493243
2.493381
2.494139
2.494295
2.494682
2.494865
2.495305
2.494649
2.494878
2.494480
2.493897
2.494440
2.493657
2.493922
2.494248
2.494751
2.494655
2.494493
2.511561
2.513881
2.515429
2.514645
2.514455
2.514517
2.515143
2.514665
2.513888
2.513495
2.511034
2.511290
2.511504
2.511707
2.511786
2.511458
2.512712
2.512732
2.513235
2.514045
2.514481
2.513600
2.513219
2.513133
2.513645
2.514277
2.513337
2.513563
2.513621
2.514368
2.514127
2.513805
2.513950
2.514122
2.514518
2.513701
2.513625
2.513710
2.514213
2.513743
2.513921
2.513674
2.513403
2.514453
2.513281
2.513402
2.513068
2.512871
2.513329
2.513009
2.513028
2.513282
2.513261
2.514002
2.514311
2.514396
2.513403
2.515028
2.514328
2.514580
2.514473
2.513552
2.514655
2.513821
2.514473
2.515288
2.514720
2.514580
2.514604
2.515023
2.509905
2.500070
2.494331
2.494435
2.494962
2.494072
2.493954
2.496091
2.496672
2.496633
2.495348
2.494960
2.495047
2.496892
2.495736
2.495899
2.495621
2.496247
2.495778
2.496141
2.495995
2.495782
2.496646
2.496433
2.495717
2.494971
2.494778
2.495036
2.494749
2.495748
2.494896
2.495897
2.495700
2.495987
2.495559
2.495779
2.496390
2.496012
2.495773
2.495625
2.495500
2.494317
2.493214
2.492873
2.494075
2.494580
2.495422
2.495551
2.495463
2.495932
2.495715
2.494103
2.493860
2.494545
2.496682
2.494121
2.494038
2.494146
2.494789
2.496341
2.495402
2.495449
2.495428
2.496020
2.495695
2.494967
2.493809
2.494351
2.494465
2.494929
2.494804
2.494557
2.495080
2.494739
2.495663
2.495323
2.495632
2.496296
2.495781
2.495600
2.495213
2.496415
2.496156
2.496262
2.495810
2.495197
2.495431
2.494330
2.494838
2.496265
2.496656
2.496402
2.496045
2.495266
2.495837
2.497418
2.495874
2.496167
2.494537
2.495093
2.493030
2.493214
2.492511
2.493458
2.493874
2.493076
2.493647
2.494116
2.494528
2.494082
2.493742
2.492945
2.493183
2.492562
2.493085
2.505547
2.513156
2.513924
2.513373
2.513873
2.513757
2.514593
2.514324
2.513730
2.513711
2.514163
2.514283
2.513895
2.514179
2.513763
2.513378
2.510883
2.509862
2.510322
2.511259
2.511421
2.511337
2.512088
2.511336
2.512782
2.513319
2.513602
2.513101
2.513608
2.513991
2.513815
2.513701
2.513794
2.514023
2.514129
2.513744
2.513990
2.513697
2.514423
2.513390
2.513797
2.513603
2.514254
2.514455
2.513591
2.514008
2.513895
2.514451
2.513969
2.513942
2.513975
2.514749
2.515006
2.514806
2.514834
2.514852
2.515451
2.514951
2.514602
2.514495
2.514630
2.515644
2.513111
2.512991
2.513231
2.513989
2.513943
2.514610
2.514960
2.515003
2.515471
2.511773
2.503303
2.494486
2.493916
2.494215
2.494157
2.493974
2.494407
2.495059
2.493786
2.494251
2.493764
2.494195
2.494603
2.494338
2.495015
2.495615
2.496313
2.494743
2.494004
2.494446
2.494965
2.495710
2.495605
2.495830
2.495880
2.496498
2.495921
2.495838
2.495766
2.495587
2.496682
2.495512
2.494516
2.494352
2.494919
2.494696
2.495925
2.495691
2.495818
2.496262
2.495655
2.495182
2.494931
2.495819
2.496170
2.495585
2.495809
2.494889
2.495419
2.494631
2.495219
2.495629
2.495760
2.495664
2.495449
2.495343
2.493737
2.493864
2.493632
2.492788
2.493901
2.494980
2.494881
2.494116
2.493821
2.494085
2.496147
2.494866
2.495312
2.494357
2.494035
2.495564
2.493934
2.494860
2.495360
2.496238
2.495685
2.494253
2.494226
2.494188
2.494525
2.495323
2.494511
2.495152
2.495635
2.495474
2.495132
2.495073
2.495028
2.495861
2.495158
2.495409
2.493978
2.494230
2.494267
2.494451
2.495334
2.495354
2.496101
2.495744
2.495493
2.495439
2.496126
2.496321
2.495756
2.494891
2.493974
2.494027
2.492479
2.492801
2.492690
2.492596
2.493867
2.492673
2.493028
2.502791
2.514463
2.513953
2.513407
2.513753
2.514014
2.514322
2.513853
2.513378
2.512934
2.513332
2.511420
2.511293
2.511274
2.511237
2.512503
2.511740
2.512140
2.511826
2.511635
2.511113
2.512639
2.513670
2.513436
2.514038
2.513020
2.512882
2.512915
2.512835
2.512793
2.512606
2.512658
2.512203
2.513015
2.512667
2.513601
2.513028
2.513160
2.514036
2.513161
2.512767
2.513194
2.513773
2.513255
2.513241
2.513213
2.513258
2.513735
2.513217
2.513098
2.512960
2.514175
2.513772
2.513859
2.514244
2.514188
2.515065
2.514084
2.513709
2.513562
2.514663
2.514299
2.514075
2.514455
2.514459
2.514684
2.514244
2.514061
2.514512
2.514703
2.514455
2.511928
2.505797
2.494135
2.494675
2.493013
2.492228
2.492287
2.492736
2.494252
2.494195
2.494316
2.493633
2.493991
2.493743
2.494506
2.494210
2.494527
2.494674
2.494472
2.492917
2.493926
2.494879
2.494613
2.494459
2.494209
2.494628
2.495486
2.494462
2.494690
2.494276
2.495960
2.495218
2.495199
2.495608
2.495556
2.496525
2.495391
2.495688
2.495947
2.496020
2.495819
2.494510
2.494223
2.494209
2.494864
2.495697
2.495155
2.495237
2.495093
2.495765
2.494767
2.495135
2.495435
2.495768
2.495390
2.495221
2.493900
2.494107
2.494614
2.494627
2.495297
2.495306
2.495837
2.495344
2.495302
2.495274
2.495554
2.496125
2.495248
2.494814
2.493770
2.494134
2.493887
2.493790
2.492596
2.492467
2.493681
2.492942
2.493749
2.494755
2.495660
2.494954
2.495207
2.495188
2.495425
2.496263
2.494600
2.494191
2.494302
2.494655
2.496158
2.495245
2.495099
2.495173
2.495664
2.495348
2.495218
2.495227
2.495632
2.495731
2.495544
2.494267
2.494024
2.494673
2.494453
2.495297
2.495210
2.495581
2.495625
2.495213
2.495382
2.495019
2.495776
2.495283
2.495109
2.494744
2.498576
2.513307
2.512612
2.511525
2.511993
2.512705
2.512215
2.512726
2.513047
2.512858
2.514369
2.513118
2.512982
2.512898
2.513252
2.513170
2.511719
2.510214
2.509202
2.510179
2.511222
2.509608
2.509939
2.511232
2.511431
2.512100
2.511671
2.512130
2.512908
2.512800
2.512751
2.512745
2.513182
2.513208
2.512374
2.512491
2.512175
2.512658
2.512328
2.512210
2.512099
2.511891
2.512351
2.511711
2.512835
2.512910
2.513158
2.512967
2.512502
2.512612
2.512420
2.512984
2.512432
2.512189
2.512475
2.512797
2.513149
2.512406
2.512247
2.512386
2.513183
2.512441
2.512085
2.512335
2.512589
2.512509
2.512366
2.512314
2.512397
2.513272
2.512544
2.511569
2.506427
2.493309
2.492430
2.491582
2.491854
2.492082
2.492345
2.492087
2.492347
2.492146
2.492055
2.492663
2.491981
2.492080
2.492225
2.493019
2.492356
2.492331
2.492391
2.491975
2.492562
2.491657
2.491652
2.490924
2.491743
2.491769
2.490711
2.491177
2.491571
2.490853
2.490327
2.491292
2.489326
2.490633
2.491037
2.491674
2.491598
2.491848
2.493291
2.493022
2.493044
2.494549
2.494680
2.494263
2.494788
2.494939
2.494771
2.495620
2.494243
2.493942
2.493544
2.494179
2.495918
2.495006
2.495204
2.495415
2.495276
2.494928
2.494917
2.495145
2.495130
2.495847
2.495284
2.494083
2.493746
2.493885
2.494442
2.494906
2.494840
2.494915
2.495939
2.494792
2.494913
2.494845
2.495371
2.495441
2.495419
2.494730
2.494238
2.493832
2.492628
2.492700
2.492707
2.493266
2.494838
2.494637
2.494823
2.494742
2.495512
2.494769
2.494926
2.494695
2.495127
2.494463
2.493430
2.493740
2.494087
2.495664
2.495407
2.494988
2.495005
2.495292
2.495857
2.495018
2.495237
2.495123
2.494564
2.492951
2.493139
2.492665
2.493799
2.494540
2.494938
2.494535
2.495139
2.497185
2.513992
2.515172
2.514655
2.514979
2.516003
2.515597
2.515339
2.514220
2.514617
2.512935
2.508955
2.510612
2.510407
2.511773
2.511802
2.511820
2.511451
2.512166
2.512218
2.511269
2.512994
2.513596
2.514037
2.513701
2.513365
2.513508
2.513627
2.514176
2.512513
2.513482
2.513563
2.514300
2.514004
2.513785
2.513625
2.513586
2.514160
2.513320
2.513411
2.513608
2.513695
2.513402
2.513698
2.513213
2.513635
2.514377
2.513400
2.513338
2.513583
2.513758
2.513716
2.513298
2.513423
2.513465
2.515013
2.514222
2.514275
2.513449
2.513098
2.513115
2.512122
2.512544
2.512909
2.513167
2.512723
2.513619
2.514144
2.514225
2.514762
2.514204
2.514063
2.509106
2.498200
2.494257
2.493849
2.493896
2.494305
2.494610
2.493726
2.494210
2.494156
2.494651
2.494047
2.493470
2.492869
2.493897
2.494844
2.494103
2.493820
2.494227
2.494150
2.494493
2.494262
2.494214
2.494153
2.494731
2.493802
2.493421
2.492769
2.493165
2.493134
2.493771
2.493658
2.493684
2.494547
2.494037
2.494074
2.494223
2.494630
2.495007
2.494295
2.493992
2.493123
2.493745
2.493156
2.492746
2.493284
2.494002
2.494681
2.493870
2.493789
2.493990
2.495569
2.495520
2.495611
2.495251
2.494618
2.492810
2.493175
2.493041
2.494994
2.496017
2.495391
2.495671
2.495344
2.496271
2.495658
2.495951
2.495776
2.495078
2.496073
2.494828
2.494172
2.494395
2.495041
2.495678
2.495456
2.495704
2.495753
2.496135
2.495402
2.494966
2.495135
2.495793
2.494281
2.494509
2.494354
2.494369
2.495193
2.494450
2.495436
2.495412
2.496086
2.495730
2.495472
2.494923
2.494312
2.495211
2.495303
2.495770
2.495885
2.495349
2.494634
2.494316
2.494876
2.495644
2.496039
2.496072
2.495920
2.495729
2.496369
2.496184
2.495632
2.495755
2.495869
2.496297
2.510229
2.514476
2.514469
2.514969
2.515908
2.514914
2.513464
2.513888
2.514598
2.514307
2.514924
2.515178
2.515450
2.516190
2.515475
2.514146
2.511469
2.509952
2.511035
2.509868
2.511499
2.512087
2.512752
2.514119
2.514451
2.514688
2.515475
2.514215
2.512584
2.512999
2.512932
2.513464
2.512892
2.513765
2.513584
2.514482
2.514290
2.513819
2.513877
2.514067
2.514221
2.513291
2.514005
2.514104
2.514589
2.514912
2.514277
2.514071
2.513821
2.514809
2.514040
2.513970
2.514095
2.514294
2.514370
2.513923
2.514334
2.514455
2.514709
2.513996
2.514029
2.513961
2.514188
2.514575
2.513954
2.513866
2.513162
2.513701
2.513684
2.514349
2.514504
2.510489
2.502146
2.494046
2.494233
2.492731
2.493079
2.492875
2.492397
2.492996
2.494406
2.494663
2.494130
2.494085
2.494341
2.494614
2.494650
2.494222
2.494222
2.494046
2.494503
2.493324
2.493113
2.493457
2.494580
2.495312
2.494545
2.494399
2.494161
2.494795
2.494591
2.494540
2.494494
2.494160
2.495124
2.493948
2.493693
2.493643
2.494290
2.494466
2.494645
2.494525
2.494390
2.495396
2.494572
2.494031
2.494332
2.495008
2.494838
2.494532
2.493723
2.493860
2.494067
2.493574
2.494310
2.494625
2.495206
2.495030
2.494552
2.495638
2.495971
2.497041
2.495788
2.495949
2.495858
2.495399
2.495236
2.494878
2.494889
2.496064
2.496114
2.495859
2.495537
2.493703
2.494218
2.495090
2.494862
2.495610
2.495889
2.496612
2.494972
2.494770
2.494674
2.494324
2.496547
2.495547
2.495343
2.495521
2.496184
2.494191
2.493634
2.494364
2.495004
2.496362
2.495497
2.494718
2.494630
2.494987
2.494892
2.495791
2.495902
2.495832
2.496881
2.494761
2.494573
2.494460
2.496143
2.496693
2.496160
2.496036
2.495097
2.495453
2.494797
2.494741
2.495942
2.496424
2.496534
2.507401
2.516198
2.516184
2.516716
2.516156
2.516465
2.516547
2.516858
2.515972
2.515098
2.513105
2.510458
2.512433
2.511458
2.511572
2.512777
2.513246
2.514744
2.514684
2.515233
2.516173
2.515754
2.514150
2.514697
2.514586
2.515913
2.517357
2.516018
2.515480
2.515900
2.516814
2.516868
2.516524
2.515568
2.515071
2.514626
2.513976
2.513611
2.513149
2.514067
2.514707
2.513953
2.514325
2.514279
2.515041
2.514346
2.514423
2.514201
2.514295
2.514976
2.514305
2.514446
2.514411
2.514812
2.514276
2.514226
2.514105
2.514636
2.514941
2.514201
2.514532
2.514444
2.514953
2.514684
2.514427
2.514622
2.513700
2.515323
2.513690
2.513753
2.514442
2.512245
2.504923
2.494270
2.493121
2.493350
2.495022
2.495189
2.494438
2.494437
2.495072
2.495502
2.495311
2.494581
2.494041
2.494791
2.494742
2.495410
2.494035
2.494105
2.493677
2.493378
2.493156
2.493135
2.493827
2.492878
2.493488
2.492651
2.493059
2.493996
2.493396
2.493711
2.493600
2.493236
2.494887
2.495160
2.496346
2.495230
2.495199
2.494795
2.493913
2.493650
2.493919
2.493682
2.494532
2.493440
2.493218
2.493016
2.494767
2.495387
2.494795
2.495022
2.494752
2.494578
2.494472
2.493070
2.494098
2.494675
2.493694
2.492985
2.494337
2.493708
2.494121
2.493470
2.494796
2.494952
2.494654
2.494440
2.493579
2.493868
2.494271
2.496246
2.496766
2.496241
2.496447
2.496552
2.495646
2.495548
2.496110
2.495276
2.494775
2.495072
2.493708
2.494375
2.494944
2.496679
2.496255
2.494995
2.495615
2.495214
2.495956
2.495440
2.495373
2.494743
2.494934
2.495096
2.494376
2.493743
2.493746
2.492846
2.493197
2.492623
2.493889
2.494897
2.496209
2.496601
2.496283
2.496218
2.494523
2.500684
2.513674
2.513680
2.514905
2.513716
2.513797
2.511802
2.512243
2.511744
2.511145
2.511266
2.512667
2.514398
2.513680
2.513407
2.513712
2.512469
2.513520
2.514758
2.515740
2.516798
2.515962
2.516380
2.515974
2.516450
2.516611
2.516415
2.516407
2.514896
2.516590
2.516134
2.516446
2.516391
2.516667
2.516758
2.515845
2.515407
2.514555
2.514790
2.513651
2.514249
2.515146
2.515445
2.516246
2.515354
2.514594
2.514753
2.514674
2.514351
2.513940
2.513607
2.513392
2.515044
2.514398
2.513991
2.514380
2.514656
2.514479
2.514247
2.514200
2.513552
2.514852
2.514042
2.514362
2.514214
2.514470
2.514150
2.514166
2.514331
2.514159
2.513012
2.506790
2.493793
2.493271
2.494076
2.493761
2.493439
2.493735
2.493118
2.493898
2.492942
2.492830
2.492676
2.492796
2.494037
2.493355
2.492541
2.492783
2.493939
2.494467
2.493352
2.493991
2.494366
2.493405
2.493231
2.493586
2.494674
2.494367
2.494294
2.494240
2.494379
2.495050
2.493117
2.494164
2.493898
2.494122
2.494090
2.493444
2.493598
2.494159
2.495053
2.494374
2.494125
2.494036
2.494343
2.494383
2.494188
2.494238
2.494547
2.494598
2.493681
2.493657
2.493343
2.494455
2.495082
2.491091
2.490079
2.492267
2.494332
2.494925
2.494429
2.493792
2.493564
2.493828
2.493302
2.493981
2.494216
2.494925
2.495493
2.494500
2.495283
2.495273
2.496272
2.494735
2.495806
2.495584
2.496126
2.496047
2.495515
2.495003
2.494677
2.495679
2.494594
2.494842
2.495786
2.495582
2.494932
2.495089
2.494995
2.495327
2.497830
2.496773
2.496781
2.496681
2.495463
2.496157
2.494617
2.494522
2.495353
2.496920
2.497076
2.496930
2.496722
2.496666
2.497167
2.496912
2.496561
2.495339
2.497483
2.495987
2.495607
2.495638
2.496215
2.497865
2.496906
2.500203
2.515976
2.517077
2.517215
2.516392
2.516625
2.516956
2.517770
2.516410
2.515954
2.515194
2.513300
2.511419
2.512400
2.511321
2.512803
2.514378
2.513506
2.514080
2.514042
2.514012
2.515137
2.515768
2.515804
2.516569
2.517636
2.516976
2.516819
2.516782
2.516577
2.517118
2.517437
2.517142
2.517234
2.517765
2.517607
2.517442
2.517525
2.517184
2.517601
2.517103
2.517196
2.516993
2.517664
2.517252
2.517142
2.517090
2.517028
2.517741
2.517065
2.517158
2.517515
2.517459
2.517141
2.516469
2.517488
2.517431
2.518227
2.517389
2.517276
2.517341
2.517704
2.517928
2.517307
2.517000
2.516163
2.515985
2.513937
2.514733
2.514943
2.515058
2.514039
2.509538
2.496887
2.494885
2.495972
2.495270
2.494807
2.494047
2.493594
2.494316
2.493686
2.494057
2.492241
2.494656
2.494427
2.494375
2.494197
2.494253
2.495747
2.495033
2.494934
2.494378
2.495058
2.494808
2.493856
2.495389
2.495545
2.496125
2.494692
2.494300
2.494348
2.494915
2.495060
2.494945
2.494050
2.494080
2.495066
2.495324
2.496001
2.495955
2.496140
2.496251
2.496067
2.495173
2.494461
2.495472
2.494628
2.495156
2.495653
2.495799
2.496241
2.495805
2.495883
2.495598
2.496229
2.495881
2.495897
2.495615
2.495007
2.495195
2.494524
2.494591
2.496023
2.496272
2.496023
2.495539
2.495738
2.495617
2.496458
2.495924
2.495666
2.495183
2.495770
2.495317
2.494600
2.494358
2.493652
2.495104
2.494139
2.494512
2.493938
2.495294
2.495155
2.495726
2.495483
2.495990
2.497733
2.497799
2.496657
2.496147
2.496526
2.496856
2.497167
2.497431
2.497334
2.498137
2.496688
2.497285
2.497430
2.497654
2.497819
2.496331
2.495297
2.496056
2.495592
2.495986
2.496384
2.497056
2.496771
2.498097
2.497300
2.497339
2.497446
2.497958
2.498028
2.497621
2.497819
2.514826
2.517085
2.516285
2.515964
2.515362
2.511542
2.512127
2.513024
2.511584
2.514043
2.515191
2.514386
2.516447
2.516167
2.515640
2.516307
2.516044
2.517105
2.517164
2.518263
2.517404
2.517459
2.517265
2.517505
2.517635
2.516903
2.515342
2.515332
2.515914
2.515541
2.517030
2.516848
2.517288
2.517967
2.517298
2.517165
2.517173
2.517950
2.517458
2.517139
2.517174
2.516649
2.517965
2.517208
2.517267
2.517421
2.517637
2.517711
2.517602
2.517326
2.517498
2.518421
2.517682
2.517423
2.517158
2.517564
2.517594
2.517524
2.517318
2.517419
2.517889
2.515960
2.515233
2.514865
2.514207
2.515172
2.514212
2.514553
2.515051
2.515770
2.515731
2.510690
2.500485
2.494908
2.495953
2.495047
2.494730
2.494159
2.495266
2.494642
2.495204
2.494729
2.495056
2.495278
2.494780
2.494484
2.494661
2.495288
2.495217
2.495205
2.495093
2.495007
2.493750
2.494557
2.493668
2.493320
2.494556
2.494744
2.494706
2.494642
2.495404
2.494886
2.493986
2.494192
2.495335
2.495750
2.494525
2.494657
2.494949
2.496038
2.495798
2.495393
2.495458
2.495705
2.496406
2.495705
2.495393
2.495726
2.496719
2.495799
2.495490
2.495009
2.494973
2.495920
2.496057
2.496027
2.495708
2.496213
2.495831
2.495505
2.495503
2.495634
2.496527
2.495632
2.495872
2.495216
2.495419
2.495039
2.494832
2.495325
2.495356
2.496091
2.495497
2.495402
2.495551
2.496328
2.496092
2.495673
2.495758
2.495842
2.495540
2.494429
2.494709
2.494199
2.495465
2.496122
2.495213
2.494512
2.494648
2.495722
2.494136
2.493447
2.494131
2.494525
2.495540
2.494801
2.494861
2.494634
2.495378
2.496874
2.497066
2.496785
2.496976
2.497553
2.496454
2.495776
2.495929
2.496758
2.496159
2.497153
2.496044
2.495918
2.496585
2.495817
2.497203
2.497095
2.511217
2.517735
2.517043
2.517002
2.516934
2.517421
2.517347
2.517314
2.517513
2.516634
2.516290
2.512854
2.511017
2.512307
2.512403
2.513334
2.514670
2.514783
2.515863
2.516620
2.516026
2.516226
2.516145
2.516411
2.516186
2.516203
2.516161
2.515543
2.515825
2.514718
2.515859
2.516484
2.517008
2.516786
2.516438
2.516217
2.516439
2.517214
2.516221
2.515922
2.514352
2.514710
2.515577
2.515405
2.516835
2.517127
2.517696
2.516857
2.516742
2.516871
2.517546
2.517543
2.517027
2.516785
2.516018
2.517750
2.516711
2.516906
2.517143
2.517418
2.517967
2.517097
2.517385
2.517251
2.517826
2.517374
2.517155
2.517177
2.516643
2.517478
2.517185
2.513876
2.505894
2.497814
2.496337
2.495940
2.494485
2.494261
2.495281
2.493848
2.494875
2.495725
2.495832
2.495195
2.494615
2.494820
2.495306
2.494933
2.495505
2.495402
2.495884
2.495629
2.495325
2.495663
2.495065
2.496086
2.495109
2.495028
2.494869
2.494503
2.495197
2.494463
2.494403
2.494894
2.496094
2.495863
2.495096
2.495331
2.494800
2.494922
2.493777
2.493883
2.493684
2.494277
2.493615
2.493920
2.493493
2.494917
2.495696
2.495395
2.495469
2.495371
2.495732
2.495792
2.495382
2.495604
2.495779
2.496278
2.494997
2.494161
2.494535
2.495018
2.495918
2.495519
2.495689
2.495508
2.496554
2.495378
2.495585
2.495681
2.496047
2.495480
2.495902
2.495171
2.494754
2.495257
2.494860
2.495264
2.495645
2.496090
2.496399
2.495562
2.495740
2.495708
2.495629
2.495705
2.495824
2.495375
2.494969
2.495645
2.494780
2.494560
2.495582
2.496195
2.496171
2.495682
2.495163
2.495673
2.496487
2.495450
2.495676
2.495502
2.495970
2.495894
2.495169
2.494346
2.494242
2.495306
2.494058
2.494169
2.495255
2.495778
2.496499
2.496153
2.496606
2.496967
2.506974
2.517298
2.516001
2.515898
2.515916
2.515162
2.510121
2.512290
2.512151
2.512863
2.513794
2.515187
2.515268
2.515847
2.516684
2.515944
2.515944
2.514973
2.516315
2.516227
2.515743
2.515935
2.515851
2.516664
2.516069
2.515898
2.516083
2.516424
2.516609
2.516041
2.516007
2.516019
2.516803
2.515838
2.515923
2.516314
2.517372
2.517027
2.515746
2.515672
2.516742
2.517732
2.516931
2.517208
2.517256
2.517645
2.518061
2.517208
2.517425
2.517320
2.518085
2.517398
2.517356
2.517147
2.517275
2.517725
2.516927
2.515854
2.515290
2.516353
2.516267
2.515903
2.516077
2.515809
2.516537
2.515947
2.516051
2.515875
2.516357
2.516348
2.516036
2.513660
2.507439
2.497037
2.495560
2.495466
2.495359
2.495512
2.495344
2.495108
2.494993
2.495412
2.496123
2.495402
2.494809
2.494242
2.494101
2.493928
2.493625
2.493888
2.492694
2.494179
2.493243
2.493600
2.494345
2.493633
2.493366
2.494122
2.494623
2.494147
2.493796
2.494255
2.494547
2.494534
2.494245
2.494199
2.493470
2.494119
2.493830
2.493441
2.493384
2.493802
2.494690
2.494073
2.494584
2.494133
2.494160
2.494298
2.494004
2.494063
2.493802
2.494174
2.493633
2.493124
2.493328
2.493865
2.494733
2.494810
2.494259
2.494313
2.495226
2.494911
2.494910
2.494571
2.495009
2.494667
2.493137
2.493691
2.494543
2.494688
2.491527
2.490866
2.492564
2.493047
2.493883
2.492951
2.493933
2.494406
2.494838
2.494380
2.494171
2.494370
2.494655
2.495173
2.495222
2.495355
2.495267
2.495896
2.495041
2.495101
2.495088
2.495104
2.496013
2.495698
2.495359
2.494689
2.494653
2.495053
2.494587
2.495579
2.495721
2.496365
2.495430
2.495651
2.495450
2.495841
2.496090
2.495609
2.494656
2.495639
2.495750
2.494727
2.494360
2.494748
2.494447
2.500069
2.514846
2.515219
2.515687
2.516433
2.516801
2.516701
2.517661
2.517592
2.518091
2.516206
2.516147
2.512959
2.511496
2.513006
2.511609
2.513667
2.514652
2.515691
2.516075
2.515673
2.515752
2.516412
2.516559
2.515760
2.515512
2.515872
2.516710
2.516078
2.515637
2.515361
2.514778
2.514827
2.514578
2.515104
2.515962
2.516990
2.516214
2.516189
2.516481
2.515926
2.516685
2.515788
2.515686
2.516796
2.517706
2.517180
2.516835
2.515749
2.515791
2.516184
2.516862
2.517098
2.517074
2.517536
2.516621
2.516851
2.517239
2.517223
2.518184
2.517052
2.516857
2.517011
2.517516
2.517252
2.516938
2.516865
2.517001
2.517563
2.517245
2.516459
2.514500
2.511613
2.498605
2.496759
2.496735
2.496678
2.497603
2.496966
2.496486
2.496771
2.496516
2.497372
2.496685
2.496631
2.496052
2.496443
2.495704
2.496845
2.496720
2.497628
2.497702
2.496796
2.496300
2.496349
2.495735
2.495021
2.494099
2.493899
2.493919
2.493454
2.493552
2.493531
2.493941
2.493712
2.493250
2.493432
2.493194
2.495758
2.494994
2.494797
2.494671
2.495136
2.495437
2.494406
2.493826
2.494085
2.494685
2.493841
2.494183
2.494758
2.494469
2.494876
2.494420
2.494846
2.495077
2.495646
2.494945
2.494576
2.493861
2.494191
2.493662
2.493747
2.493737
2.494251
2.494190
2.495121
2.495033
2.495275
2.496138
2.495248
2.494350
2.495012
2.495184
2.494652
2.494387
2.494383
2.495086
2.495806
2.495517
2.495256
2.495067
2.495427
2.495302
2.495005
2.495031
2.495508
2.496442
2.494915
2.494496
2.494751
2.494784
2.495853
2.494555
2.493380
2.493765
2.494482
2.494193
2.495509
2.495446
2.495828
2.495704
2.495114
2.494929
2.494310
2.495101
2.494743
2.495148
2.495403
2.495053
2.496292
2.495562
2.495610
2.495716
2.496296
2.497396
2.514184
2.515429
2.514769
2.514728
2.514049
2.513775
2.513582
2.512581
2.512406
2.513875
2.514341
2.514403
2.513803
2.511986
2.513416
2.514395
2.514257
2.515420
2.515833
2.515894
2.515907
2.516620
2.516034
2.515942
2.515672
2.516456
2.516078
2.515712
2.515871
2.515883
2.516168
2.515946
2.515533
2.516214
2.516035
2.517034
2.515809
2.515894
2.515953
2.516857
2.516389
2.516048
2.515783
2.514545
2.516336
2.516056
2.515664
2.514269
2.514941
2.514675
2.514795
2.514764
2.517167
2.517734
2.516588
2.516502
2.516887
2.517118
2.517434
2.516865
2.516282
2.515643
2.516282
2.516656
2.516932
2.516977
2.517720
2.517494
2.516969
2.517155
2.517219
2.512986
2.500528
2.496645
2.496747
2.496940
2.497472
2.495762
2.495480
2.496744
2.497125
2.497120
2.496893
2.496805
2.496867
2.497287
2.496899
2.496587
2.496699
2.497470
2.497138
2.496662
2.495769
2.495302
2.496312
2.495757
2.496691
2.496644
2.497063
2.495177
2.496519
2.496749
2.496753
2.497668
2.496634
2.496136
2.496598
2.496284
2.495245
2.493450
2.493749
2.493967
2.494280
2.493685
2.494221
2.493719
2.493526
2.494521
2.493601
2.493654
2.495061
2.495883
2.495188
2.494360
2.494276
2.494579
2.495220
2.494950
2.495017
2.494934
2.494600
2.495282
2.494893
2.495242
2.495360
2.495756
2.494678
2.494879
2.494554
2.495118
2.494546
2.493882
2.494375
2.494299
2.495441
2.494665
2.494494
2.494402
2.494646
2.494683
2.495234
2.495463
2.494783
2.495104
2.494306
2.494119
2.494553
2.495534
2.496114
2.494744
2.494648
2.494380
2.495798
2.495528
2.495367
2.495440
2.495497
2.495372
2.494511
2.494187
2.494538
2.495701
2.495674
2.495460
2.495351
2.495458
2.496086
2.495225
2.495641
2.495234
2.495475
2.494517
2.493768
2.493978
2.493634
2.494784
2.495142
2.511297
2.515600
2.516329
2.515916
2.515504
2.515314
2.515613
2.516432
2.515720
2.515318
2.514026
2.514132
2.514229
2.512144
2.511975
2.510989
2.513745
2.512129
2.513565
2.513861
2.514867
2.515135
2.514862
2.514595
2.514887
2.516364
2.516267
2.516107
2.516294
2.516316
2.516358
2.515148
2.516365
2.515877
2.516486
2.516479
2.516187
2.516384
2.516308
2.516989
2.515699
2.516244
2.516126
2.516193
2.516258
2.515860
2.515917
2.516083
2.516822
2.515795
2.515770
2.515828
2.516232
2.516420
2.515640
2.515294
2.515721
2.516683
2.515858
2.515970
2.514867
2.514994
2.515904
2.515650
2.517052
2.516765
2.517715
2.517055
2.516884
2.515305
2.515881
2.512886
2.502481
2.496305
2.496696
2.497309
2.496789
2.496566
2.496543
2.496570
2.497118
2.495987
2.497014
2.496607
2.497478
2.496172
2.495652
2.495694
2.496433
2.498041
2.497166
2.496635
2.496817
2.496842
2.497497
2.497028
2.496774
2.497026
2.497886
2.497234
2.496091
2.495759
2.495778
2.496094
2.497011
2.496338
2.496865
2.497790
2.497228
2.496920
2.496893
2.497234
2.497495
2.496877
2.497128
2.495553
2.495156
2.494245
2.493426
2.493668
2.494227
2.494515
2.493800
2.494659
2.494447
2.495202
2.494878
2.494783
2.494715
2.494181
2.493357
2.493862
2.494241
2.494780
2.494501
2.493319
2.493767
2.493318
2.495059
2.494544
2.494597
2.494851
2.494360
2.495382
2.494422
2.494166
2.494539
2.495362
2.494578
2.495254
2.495214
2.495312
2.495595
2.494860
2.494987
2.493818
2.494671
2.494516
2.495505
2.495019
2.494792
2.495509
2.494681
2.494798
2.495632
2.496065
2.495806
2.494783
2.495215
2.495589
2.496332
2.495404
2.495604
2.495232
2.495844
2.495064
2.494583
2.494619
2.495469
2.495805
2.494944
2.495232
2.495564
2.495883
2.496122
2.495581
2.507281
2.515583
2.516212
2.514837
2.514790
2.514896
2.514853
2.512391
2.511545
2.512891
2.513892
2.513782
2.513312
2.513077
2.512257
2.512510
2.513777
2.513455
2.513960
2.514279
2.514468
2.514471
2.514671
2.514805
2.515136
2.514212
2.514535
2.514629
2.515217
2.514390
2.513983
2.514986
2.515513
2.516770
2.516006
2.515902
2.516097
2.516443
2.516643
2.515910
2.515869
2.516057
2.516192
2.515558
2.515982
2.516124
2.516522
2.517071
2.516878
2.517223
2.516804
2.517682
2.517242
2.517107
2.517046
2.517464
2.517548
2.516813
2.516775
2.517132
2.517520
2.517214
2.516848
2.517006
2.517172
2.517828
2.517256
2.516764
2.517132
2.517983
2.514166
2.506974
2.496958
2.496901
2.496969
2.495259
2.493935
2.493539
2.494580
2.495821
2.495086
2.495767
2.495877
2.496457
2.495674
2.495579
2.495331
2.495852
2.495946
2.495527
2.495649
2.495306
2.495892
2.495109
2.494889
2.494923
2.495573
2.496062
2.495171
2.495668
2.495760
2.496043
2.495732
2.495616
2.495548
2.496048
2.496330
2.495319
2.495121
2.495050
2.495964
2.495519
2.495462
2.495409
2.495536
2.496399
2.495536
2.495679
2.495552
2.496184
2.496309
2.495789
2.495348
2.494330
2.494995
2.493938
2.493584
2.493674
2.494122
2.494178
2.494651
2.494439
2.494621
2.495152
2.494624
2.494344
2.494513
2.494356
2.494183
2.493622
2.493473
2.493823
2.494452
2.494524
2.494128
2.494132
2.494451
2.494934
2.494304
2.494252
2.494198
2.494503
2.493514
2.494330
2.494313
2.494872
2.493623
2.490994
2.490786
2.492841
2.492437
2.492008
2.492184
2.493178
2.494135
2.493256
2.493656
2.493601
2.494050
2.494610
2.495267
2.495064
2.494780
2.495967
2.495311
2.495645
2.495503
2.495641
2.495766
2.494187
2.495148
2.495012
2.495164
2.494295
2.494674
2.502456
2.515823
2.516025
2.515424
2.515514
2.515387
2.516098
2.515196
2.515650
2.515704
2.515860
2.515628
2.514406
2.512864
2.511562
2.512192
2.513124
2.511405
2.513402
2.514644
2.515354
2.514259
2.513566
2.513489
2.514270
2.513946
2.514151
2.514328
2.514383
2.514967
2.514269
2.514161
2.514115
2.514744
2.514570
2.514066
2.514381
2.514504
2.515196
2.514630
2.514210
2.514288
2.516052
2.516596
2.515154
2.515776
2.515512
2.516531
2.514527
2.513306
2.514155
2.514169
2.515637
2.515781
2.516012
2.515812
2.515687
2.516005
2.514871
2.516949
2.516848
2.517547
2.516933
2.516844
2.516862
2.517185
2.516764
2.517266
2.516792
2.516456
2.517572
2.514806
2.509468
2.496850
2.495902
2.496232
2.496541
2.496358
2.496480
2.497152
2.496436
2.496240
2.495812
2.496818
2.497125
2.495370
2.495225
2.494445
2.496429
2.496019
2.496592
2.496623
2.497136
2.497627
2.495918
2.496340
2.496532
2.497089
2.496616
2.496156
2.496305
2.495711
2.495756
2.495108
2.495638
2.496281
2.496770
2.496433
2.496863
2.496473
2.496538
2.497496
2.496775
2.496493
2.494492
2.494305
2.494822
2.494066
2.495452
2.494701
2.496954
2.496812
2.496600
2.496662
2.496772
2.496791
2.496533
2.496618
2.496418
2.497356
2.496726
2.495347
2.494525
2.494773
2.494078
2.493559
2.494115
2.493256
2.494728
2.494763
2.494152
2.494614
2.494984
2.495505
2.494772
2.494868
2.494758
2.494739
2.494435
2.494203
2.493891
2.494721
2.495502
2.494571
2.494531
2.494424
2.495294
2.494460
2.494664
2.494888
2.494567
2.495326
2.494295
2.494637
2.494433
2.494603
2.495308
2.494842
2.494800
2.494311
2.495340
2.494639
2.494076
2.493466
2.494259
2.495587
2.494591
2.494307
2.494021
2.494888
2.494432
2.494989
2.494624
2.494603
2.493986
2.493546
2.493963
2.497386
2.515478
2.515266
2.515283
2.514348
2.514238
2.515174
2.513965
2.511687
2.511383
2.512624
2.511527
2.511770
2.513146
2.513028
2.513555
2.512938
2.512918
2.513233
2.513363
2.514051
2.513954
2.513677
2.513869
2.514596
2.513742
2.513988
2.513341
2.513203
2.513275
2.513331
2.513546
2.513806
2.515088
2.513785
2.513988
2.514244
2.514355
2.515022
2.514110
2.515147
2.515038
2.515318
2.515126
2.515061
2.514326
2.515017
2.516074
2.516499
2.516250
2.516572
2.517130
2.516715
2.516521
2.516739
2.516493
2.517113
2.515540
2.516887
2.516339
2.517085
2.516925
2.515472
2.513919
2.514834
2.515472
2.515865
2.516281
2.516637
2.516739
2.516861
2.515903
2.510940
2.498265
2.497367
2.496451
2.496501
2.496449
2.496757
2.495946
2.495062
2.495821
2.496128
2.496941
2.496106
2.496449
2.496026
2.496166
2.497059
2.496186
2.496319
2.496313
2.496120
2.495282
2.494465
2.494428
2.495335
2.495956
2.496181
2.496579
2.496207
2.496916
2.496899
2.496367
2.496173
2.496538
2.497167
2.496503
2.496435
2.495895
2.495588
2.495606
2.495385
2.496523
2.496709
2.497625
2.496164
2.496355
2.496291
2.496859
2.496967
2.496321
2.496573
2.496656
2.496525
2.495793
2.495546
2.495692
2.496936
2.497389
2.496852
2.496728
2.494705
2.494582
2.495150
2.494493
2.496470
2.496635
2.497424
2.495309
2.494463
2.494407
2.494135
2.493454
2.493955
2.493444
2.494302
2.495288
2.494224
2.494764
2.495157
2.495415
2.495112
2.494460
2.494413
2.493798
2.494735
2.493792
2.493700
2.494348
2.494760
2.494664
2.494521
2.494352
2.493998
2.494760
2.494748
2.494198
2.494333
2.494639
2.494549
2.494416
2.494303
2.495443
2.494935
2.494451
2.494993
2.494784
2.495183
2.493651
2.493948
2.494020
2.495617
2.494636
2.494096
2.494046
2.494882
2.513266
2.514772
2.515210
2.515162
2.515504
2.515467
2.515460
2.514637
2.514673
2.515627
2.513615
2.513601
2.513574
2.513905
2.511507
2.511078
2.512133
2.511953
2.512681
2.513473
2.512900
2.513039
2.513283
2.513536
2.513617
2.514082
2.513753
2.514748
2.513847
2.514065
2.514066
2.513682
2.513545
2.513080
2.513117
2.513357
2.513748
2.512238
2.513048
2.514442
2.514320
2.514105
2.514255
2.513911
2.514349
2.515135
2.515123
2.514990
2.514919
2.515216
2.514598
2.514896
2.514766
2.515274
2.514798
2.515097
2.515896
2.516209
2.516909
2.516367
2.516201
2.516150
2.516628
2.517064
2.516717
2.515616
2.516727
2.517413
2.516680
2.516503
2.511479
2.501814
2.496954
2.496690
2.495396
2.493598
2.495389
2.495006
2.494805
2.496182
2.496323
2.496659
2.496508
2.496631
2.496839
2.496538
2.495686
2.495522
2.495649
2.496638
2.497847
2.496769
2.496869
2.496533
2.497237
2.496935
2.496471
2.496783
2.496585
2.496846
2.494743
2.494099
2.494112
2.495430
2.496759
2.496346
2.496451
2.496659
2.497072
2.496420
2.496738
2.496638
2.497041
2.497233
2.496603
2.495670
2.495441
2.495943
2.494948
2.496395
2.496536
2.496690
2.496855
2.496351
2.496355
2.496327
2.497032
2.496840
2.496473
2.496744
2.495773
2.496369
2.495132
2.495239
2.496436
2.496991
2.497035
2.496556
2.496447
2.496376
2.497289
2.496288
2.495896
2.495657
2.495211
2.494400
2.494331
2.494014
2.494845
2.495616
2.494802
2.495216
2.494631
2.494884
2.494410
2.493914
2.493703
2.493194
2.494874
2.494332
2.494236
2.494231
2.494640
2.493926
2.494400
2.494547
2.495204
2.494399
2.494566
2.494308
2.495084
2.495231
2.494285
2.494410
2.494252
2.494226
2.494144
2.494020
2.493717
2.494475
2.494982
2.494889
2.494801
2.494525
2.494835
2.509037
2.514805
2.514980
2.514831
2.515282
2.514266
2.513775
2.513677
2.513626
2.513857
2.510976
2.510922
2.511565
2.511728
2.511681
2.512676
2.514213
2.513876
2.514526
2.513610
2.513709
2.514136
2.514883
2.514200
2.513243
2.513030
2.513490
2.513582
2.513685
2.514058
2.514390
2.514814
2.513976
2.513663
2.514288
2.514417
2.515180
2.514628
2.514232
2.514477
2.514169
2.513412
2.513235
2.513610
2.513785
2.514944
2.514394
2.515442
2.515492
2.515793
2.516026
2.515964
2.515774
2.515818
2.516419
2.515698
2.515825
2.515380
2.515728
2.515686
2.515312
2.515506
2.515626
2.516058
2.515675
2.515522
2.515451
2.515807
2.515926
2.516356
2.516419
2.513090
2.505652
2.496868
2.496485
2.496756
2.496661
2.497380
2.496632
2.495703
2.495151
2.496358
2.496799
2.496573
2.496750
2.496564
2.497205
2.496204
2.496441
2.496166
2.496554
2.496682
2.496463
2.495249
2.494279
2.494354
2.493755
2.494245
2.495169
2.495716
2.495664
2.495458
2.495309
2.495436
2.495875
2.494402
2.494883
2.495008
2.495936
2.495237
2.494536
2.494662
2.494566
2.495595
2.494393
2.494116
2.494541
2.495261
2.495959
2.494834
2.494866
2.495270
2.495906
2.496020
2.495495
2.495026
2.494794
2.495549
2.495309
2.495867
2.495718
2.496054
2.495691
2.495210
2.495537
2.495315
2.496023
2.495500
2.495089
2.495308
2.495314
2.495118
2.495040
2.495353
2.494825
2.495931
2.495264
2.495320
2.495286
2.495855
2.495946
2.495583
2.495511
2.495407
2.496045
2.494986
2.494630
2.494427
2.495195
2.496532
2.494443
2.494299
2.493956
2.493926
2.493104
2.493095
2.492668
2.492245
2.492868
2.491598
2.491583
2.492794
2.493976
2.494078
2.493492
2.494252
2.494192
2.493769
2.493590
2.493643
2.495142
2.494799
2.495103
2.494951
2.494325
2.495198
2.504284
2.514648
2.514877
2.515584
2.515499
2.514896
2.514995
2.515217
2.515375
2.515116
2.515085
2.515168
2.515351
2.515678
2.513129
2.510417
2.511592
2.512984
2.512406
2.513772
2.513500
2.513206
2.514633
2.514091
2.513710
2.513726
2.514049
2.513555
2.513322
2.513924
2.514728
2.515327
2.514568
2.513985
2.514727
2.515046
2.515266
2.514523
2.514735
2.514796
2.515764
2.514696
2.514409
2.514649
2.515089
2.514632
2.514378
2.513996
2.514632
2.514318
2.514225
2.514275
2.514505
2.515684
2.516136
2.515333
2.515271
2.514894
2.515942
2.514137
2.514364
2.514279
2.514265
2.516245
2.515682
2.515708
2.515708
2.516070
2.516049
2.515913
2.515215
2.513278
2.507387
2.495580
2.495396
2.495349
2.495568
2.495778
2.494528
2.494866
2.495596
2.496158
2.495085
2.494797
2.495278
2.495634
2.495742
2.495232
2.494696
2.494985
2.496676
2.496948
2.497179
2.497118
2.497212
2.497014
2.496451
2.496496
2.496992
2.497864
2.497038
2.497060
2.496294
2.495776
2.496222
2.495660
2.496488
2.496166
2.497057
2.497354
2.496794
2.496668
2.497008
2.497893
2.496648
2.496986
2.496439
2.496140
2.495853
2.495533
2.495420
2.496888
2.497573
2.496821
2.496523
2.496600
2.496495
2.496657
2.495186
2.494493
2.495034
2.495728
2.495313
2.494679
2.494581
2.494773
2.496820
2.496580
2.496427
2.496747
2.497295
2.496672
2.496808
2.496788
2.497083
2.496180
2.497237
2.495651
2.495364
2.496202
2.495813
2.496629
2.496857
2.496986
2.497497
2.496519
2.497019
2.496262
2.496744
2.497138
2.496937
2.496864
2.496459
2.496351
2.495030
2.495620
2.497479
2.497360
2.497296
2.497289
2.496766
2.496929
2.497960
2.497103
2.496999
2.496969
2.497520
2.496631
2.495864
2.495915
2.495726
2.496333
2.494842
2.494376
2.494597
2.494889
2.494211
2.500531
2.514744
2.515513
2.516315
2.515616
2.515353
2.514905
2.514794
2.514863
2.514085
2.512515
2.512159
2.512765
2.512426
2.512127
2.513283
2.512879
2.513975
2.513856
2.513925
2.513968
2.514365
2.514101
2.513711
2.513611
2.513620
2.514498
2.513790
2.513506
2.513726
2.514784
2.514514
2.513368
2.513188
2.513487
2.514067
2.513457
2.513430
2.513204
2.513620
2.512675
2.512936
2.513483
2.514163
2.514818
2.515045
2.514800
2.515042
2.515433
2.515733
2.514533
2.513940
2.513484
2.515080
2.514506
2.514632
2.514960
2.515180
2.515610
2.515171
2.514836
2.515345
2.515665
2.515237
2.514989
2.514883
2.515365
2.516137
2.515026
2.515172
2.514644
2.513767
2.508926
2.495813
2.494732
2.493182
2.494217
2.493904
2.493708
2.494836
2.494747
2.494165
2.494648
2.494357
2.494981
2.495627
2.494978
2.494805
2.494575
2.494882
2.495294
2.495515
2.496642
2.496242
2.497076
2.495528
2.494760
2.494926
2.495124
2.496695
2.496020
2.495949
2.496369
2.496539
2.496406
2.495991
2.496434
2.496134
2.497120
2.496196
2.495209
2.494717
2.495568
2.495019
2.495942
2.495946
2.496148
2.497354
2.496384
2.496068
2.496242
2.496636
2.496678
2.496460
2.496375
2.495838
2.496380
2.495469
2.495993
2.496979
2.496994
2.497343
2.496443
2.496384
2.496431
2.497253
2.495182
2.495176
2.496140
2.497041
2.496361
2.495312
2.495210
2.495469
2.495794
2.494141
2.494854
2.494609
2.496313
2.497342
2.496285
2.496357
2.496787
2.497950
2.496815
2.495479
2.495201
2.495599
2.496240
2.496467
2.496299
2.496619
2.496947
2.496994
2.496124
2.496336
2.496716
2.497452
2.496359
2.496544
2.495780
2.496285
2.495720
2.495887
2.496580
2.497155
2.497661
2.497023
2.497349
2.497351
2.497077
2.497378
2.496412
2.495477
2.494403
2.493782
2.495989
2.512297
2.514162
2.514767
2.514337
2.514972
2.514458
2.515062
2.513906
2.514561
2.514319
2.515481
2.514578
2.513917
2.513004
2.510881
2.511445
2.511553
2.510703
2.510471
2.513626
2.512283
2.511669
2.512311
2.512810
2.512757
2.513036
2.512401
2.512327
2.513082
2.512052
2.511597
2.511968
2.511593
2.512065
2.510642
2.510800
2.510216
2.512279
2.511376
2.510881
2.510425
2.510161
2.511122
2.510260
2.509489
2.509959
2.510384
2.509930
2.508850
2.509020
2.508624
2.509426
2.508302
2.508473
2.508066
2.507092
2.508553
2.507809
2.509316
2.506390
2.510481
2.509106
2.510166
2.506114
2.510580
2.510728
2.511284
2.506982
2.509511
2.511041
2.505906
2.491747
2.486804
2.491131
2.491313
2.490018
2.485223
2.490992
2.491595
2.490498
2.484969
2.490787
2.491542
2.492885
2.487022
2.489212
2.491563
2.491944
2.488524
2.486590
2.490799
2.491265
2.491142
2.487541
2.491730
2.491543
2.492129
2.487826
2.491411
2.491146
2.492357
2.489763
2.490734
2.490567
2.491193
2.490987
2.491047
2.491353
2.491679
2.491345
2.491950
2.491431
2.491488
2.491964
2.491218
2.491632
2.489926
2.490684
2.489750
2.490160
2.490984
2.491738
2.491598
2.491290
2.491533
2.491186
2.491708
2.491083
2.491540
2.491056
2.491503
2.490256
2.489595
2.490505
2.490624
2.491218
2.490820
2.491989
2.491876
2.491154
2.490779
2.491072
2.492372
2.491288
2.490146
2.489600
2.490188
2.490109
2.490370
2.490460
2.491764
2.492739
2.491292
2.491413
2.491360
2.490717
2.489139
2.489982
2.489944
2.491520
2.492305
2.490853
2.490234
2.490200
2.490476
2.492116
2.491251
2.491599
2.491423
2.491543
2.491555
2.490853
2.491181
2.491189
2.491572
2.490885
2.490321
2.489651
2.489894
2.489752
2.490245
2.490220
2.490632
2.491371
2.490620
2.490579
2.506703
2.511178
2.510698
2.510880
2.510646
2.509539
2.509465
2.509029
2.507790
2.505704
2.506008
2.506524
2.507277
2.507114
2.506835
2.508749
2.509496
2.510684
2.510096
2.511026
2.511110
2.511017
2.511187
2.511759
2.512215
2.512124
2.512268
2.512760
2.513120
2.514164
2.513458
2.513806
2.513792
2.514700
2.514564
2.514542
2.514975
2.515460
2.515663
2.515092
2.515299
2.515883
2.516375
2.515640
2.516028
2.515633
2.515616
2.516485
2.515709
2.516612
2.516385
2.516670
2.516853
2.517495
2.517591
2.517352
2.518219
2.517450
2.516707
2.516901
2.516600
2.517024
2.516737
2.517021
2.518082
2.518148
2.517933
2.518089
2.517428
2.518139
2.518183
2.513531
2.504413
2.497662
2.498702
2.497681
2.497892
2.498022
2.498302
2.498843
2.497678
2.497264
2.497245
2.498346
2.498600
2.498368
2.498324
2.498212
2.498984
2.498409
2.498332
2.498339
2.499170
2.498721
2.498519
2.497531
2.497193
2.498316
2.497594
2.497956
2.498401
2.499257
2.498890
2.498517
2.498317
2.497776
2.498026
2.497528
2.497797
2.498363
2.498793
2.498444
2.497857
2.497814
2.498275
2.500473
2.499537
2.499472
2.499619
2.499942
2.500062
2.499464
2.499987
2.499990
2.500576
2.500260
2.499683
2.499551
2.499427
2.500384
2.500316
2.500369
2.500600
2.500432
2.500499
2.500381
2.500094
2.500473
2.501331
2.500294
2.500123
2.500048
2.500343
2.500159
2.500595
2.500709
2.500852
2.501525
2.500873
2.500993
2.501227
2.501786
2.501938
2.501661
2.501392
2.500921
2.501631
2.500611
2.500204
2.500221
2.500823
2.501375
2.501385
2.501242
2.501342
2.501998
2.501702
2.501281
2.501337
2.501622
2.501541
2.500910
2.501224
2.501273
2.501720
2.502298
2.501648
2.501151
2.499167
2.497509
2.497812
2.500568
2.501428
2.501079
2.502142
2.501504
2.502224
2.514126
2.523231
2.523732
2.523429
2.523508
2.523856
2.524338
2.523761
2.522821
2.522863
2.524775
2.523906
2.523656
2.522820
2.520601
2.518116
2.519078
2.518320
2.519071
2.520944
2.519898
2.519875
2.520060
2.520456
2.520929
2.521321
2.522467
2.522228
2.522936
2.522527
2.521981
2.522280
2.522177
2.523176
2.521604
2.522624
2.522713
2.523313
2.522920
2.522931
2.523125
2.522820
2.523396
2.522675
2.522776
2.522863
2.522590
2.523243
2.522668
2.522873
2.523443
2.524395
2.523243
2.523271
2.523164
2.523658
2.523721
2.523357
2.523010
2.523391
2.524925
2.524703
2.523047
2.522627
2.522542
2.523158
2.522936
2.522771
2.522271
2.523432
2.523357
2.520341
2.513441
2.503957
2.504554
2.503962
2.504032
2.504259
2.504799
2.504402
2.504360
2.504647
2.503471
2.504320
2.503635
2.504164
2.504592
2.505245
2.504746
2.503951
2.504021
2.503447
2.506063
2.505128
2.504796
2.505018
2.504809
2.505194
2.504987
2.504995
2.505053
2.505785
2.505454
2.504485
2.504081
2.504303
2.504689
2.505037
2.505174
2.504637
2.505974
2.505571
2.505605
2.505239
2.505308
2.506106
2.505806
2.505429
2.505089
2.505187
2.504618
2.504472
2.505246
2.505417
2.506531
2.505579
2.505465
2.506143
2.507363
2.506838
2.507016
2.506992
2.505787
2.503580
2.503339
2.503861
2.505111
2.504982
2.504566
2.505510
2.506858
2.507686
2.506987
2.506706
2.507184
2.506630
2.507495
2.506226
2.505518
2.505822
2.506532
2.507315
2.506982
2.507416
2.507353
2.507700
2.507069
2.506959
2.507152
2.507585
2.507457
2.507454
2.506899
2.506201
2.506660
2.506664
2.507330
2.507440
2.507843
2.507457
2.505838
2.505449
2.506014
2.507521
2.506900
2.507243
2.507035
2.506642
2.506276
2.505693
2.505769
2.506787
2.507811
2.507001
2.506905
2.506965
2.514979
2.527695
2.527189
2.527102
2.527122
2.527666
2.526286
2.526060
2.525355
2.521656
2.521617
2.522213
2.521503
2.523618
2.524074
2.523554
2.523506
2.525837
2.525638
2.526410
2.525686
2.525152
2.525279
2.527080
2.527158
2.526691
2.526783
2.527014
2.527140
2.526618
2.526641
2.526160
2.526110
2.524947
2.524102
2.524346
2.524663
2.524887
2.524729
2.525418
2.525476
2.525513
2.524922
2.524818
2.524894
2.525734
2.525151
2.525109
2.525320
2.525289
2.525516
2.525213
2.525349
2.525083
2.525708
2.525322
2.525094
2.525257
2.524769
2.525334
2.524911
2.525678
2.525226
2.525607
2.525353
2.524700
2.524690
2.525095
2.525729
2.524797
2.522928
2.516024
2.503914
2.503735
2.503238
2.503936
2.504039
2.505597
2.503248
2.503727
2.503428
2.504762
2.504486
2.504699
2.504861
2.505001
2.505967
2.505247
2.504552
2.504605
2.505172
2.505395
2.504830
2.504804
2.504930
2.505022
2.504151
2.503963
2.503938
2.504705
2.505533
2.504663
2.504577
2.505010
2.505375
2.505000
2.504912
2.504998
2.504787
2.505513
2.504238
2.504225
2.504107
2.504368
2.505048
2.504777
2.505091
2.505180
2.505909
2.504812
2.505050
2.504783
2.505673
2.505249
2.505235
2.504792
2.504001
2.504936
2.504320
2.504483
2.504998
2.505109
2.505618
2.504215
2.504767
2.506243
2.506931
2.506025
2.506574
2.506104
2.505578
2.505730
2.505212
2.505123
2.506144
2.506627
2.506079
2.503965
2.503758
2.504994
2.505600
2.506307
2.506129
2.506366
2.506792
2.505642
2.504895
2.504774
2.504215
2.506853
2.505639
2.506151
2.505686
2.506287
2.506143
2.505593
2.505556
2.505567
2.506664
2.505866
2.504528
2.504110
2.505219
2.504948
2.505904
2.505934
2.505724
2.506498
2.505931
2.505047
2.504258
2.504271
2.506177
2.505666
2.506264
2.505280
2.508804
2.524625
2.525185
2.526261
2.525949
2.526452
2.525925
2.526081
2.525670
2.525976
2.526035
2.526001
2.526038
2.525877
2.525639
2.522700
2.519805
2.521402
2.521169
2.522010
2.523190
2.523886
2.523974
2.525733
2.524822
2.524781
2.524307
2.523776
2.524769
2.524512
2.525891
2.526163
2.526930
2.525824
2.525855
2.525281
2.526264
2.526357
2.526173
2.526116
2.525179
2.525772
2.523539
2.523374
2.523844
2.523158
2.524756
2.523610
2.524045
2.524695
2.525049
2.524496
2.524067
2.524019
2.524372
2.524767
2.524166
2.524266
2.524489
2.525000
2.524385
2.524542
2.524346
2.524410
2.525219
2.524096
2.524355
2.524481
2.524948
2.525057
2.525046
2.524320
2.518746
2.506970
2.503301
2.502941
2.502739
2.504094
2.503631
2.502770
2.502060
2.502818
2.503405
2.503219
2.503170
2.503051
2.504784
2.505344
2.504678
2.504253
2.503850
2.504600
2.504050
2.504508
2.504592
2.504982
2.503707
2.502519
2.502965
2.503128
2.504724
2.504792
2.504237
2.504309
2.503942
2.504069
2.503540
2.503393
2.504263
2.504702
2.503000
2.504230
2.504414
2.504588
2.505156
2.504212
2.504655
2.504342
2.504900
2.504299
2.503498
2.503387
2.503252
2.504824
2.504483
2.504345
2.504470
2.504570
2.504510
2.504021
2.504312
2.504270
2.505063
2.504435
2.503464
2.503127
2.504001
2.503576
2.503501
2.504134
2.504094
2.504885
2.504556
2.505468
2.505578
2.505626
2.506462
2.503498
2.505069
2.504993
2.505037
2.504936
2.504575
2.505903
2.505647
2.506345
2.505767
2.505490
2.505398
2.505432
2.505005
2.504958
2.503282
2.503099
2.504361
2.502656
2.503684
2.504569
2.505404
2.505839
2.505408
2.505437
2.504739
2.506275
2.505192
2.505360
2.505367
2.505973
2.505980
2.504505
2.504327
2.504236
2.505274
2.505770
2.505362
2.505313
2.505980
2.506855
2.521780
2.524320
2.524842
2.526323
2.525977
2.525705
2.524993
2.524709
2.524548
2.520185
2.519634
2.520665
2.520393
2.522105
2.521827
2.522010
2.524031
2.525223
2.524746
2.525356
2.525202
2.524905
2.525191
2.525477
2.525675
2.525447
2.526231
2.525094
2.525347
2.525310
2.525909
2.525758
2.525522
2.525476
2.525384
2.526168
2.525403
2.525464
2.525702
2.525894
2.526708
2.525583
2.525784
2.524731
2.523689
2.524183
2.523709
2.524241
2.523905
2.524090
2.523617
2.522801
2.524505
2.524136
2.524477
2.524297
2.524000
2.524791
2.523359
2.524058
2.524320
2.524735
2.524587
2.524064
2.524251
2.524288
2.524800
2.524024
2.523974
2.523592
2.519355
2.509007
2.503621
2.503508
2.503712
2.504481
2.504462
2.504162
2.503890
2.503830
2.502769
2.502845
2.502462
2.503082
2.502650
2.501973
2.501880
2.502165
2.503525
2.503382
2.503606
2.503843
2.504703
2.504129
2.503272
2.502820
2.503022
2.503837
2.503563
2.504110
2.503716
2.504391
2.503981
2.503731
2.504100
2.503853
2.504871
2.502589
2.502470
2.502416
2.502609
2.503052
2.502703
2.503071
2.503240
2.504091
2.503386
2.503326
2.503061
2.503667
2.502747
2.503312
2.503509
2.503502
2.503967
2.502788
2.502593
2.502659
2.503229
2.503763
2.503610
2.503175
2.503029
2.503520
2.503570
2.503464
2.503049
2.503191
2.504028
2.503062
2.503174
2.502981
2.503332
2.503280
2.503185
2.503534
2.503804
2.504563
2.503531
2.503424
2.504305
2.504876
2.505242
2.504556
2.504404
2.503803
2.504746
2.503461
2.504008
2.504300
2.505111
2.504749
2.504156
2.503325
2.502995
2.503619
2.503578
2.504248
2.504334
2.504326
2.504226
2.504147
2.504088
2.504472
2.505590
2.505109
2.505073
2.505038
2.504936
2.504913
2.504283
2.502928
2.500772
2.499316
2.502157
2.517675
2.524232
2.524115
2.525240
2.525288
2.526070
2.526386
2.526472
2.526498
2.525474
2.524673
2.525208
2.526368
2.526299
2.525209
2.523538
2.520862
2.521701
2.521363
2.521580
2.522795
2.523727
2.523741
2.525343
2.525178
2.526215
2.527030
2.526096
2.526310
2.526075
2.527213
2.526549
2.526491
2.526438
2.526121
2.526032
2.525952
2.526184
2.525161
2.525747
2.525452
2.526637
2.526763
2.526833
2.526965
2.526470
2.526554
2.525555
2.526999
2.526657
2.526229
2.526296
2.526412
2.527035
2.526292
2.526252
2.526032
2.525571
2.525245
2.524102
2.523623
2.524360
2.524089
2.524763
2.524368
2.524710
2.525277
2.525548
2.525001
2.524700
2.524390
2.520858
2.511856
2.504106
2.504014
2.504145
2.504993
2.505038
2.505046
2.504947
2.505463
2.505211
2.504795
2.504749
2.505087
2.504608
2.504314
2.504836
2.505742
2.505507
2.504651
2.504289
2.503969
2.503740
2.505231
2.504169
2.504417
2.503277
2.504263
2.504883
2.505429
2.505372
2.505513
2.506083
2.505156
2.504346
2.504449
2.504722
2.505819
2.505204
2.505027
2.505561
2.506270
2.506024
2.505827
2.505955
2.506188
2.506304
2.505957
2.505133
2.504739
2.505559
2.504877
2.505731
2.506130
2.506455
2.506796
2.505549
2.505891
2.505352
2.506040
2.506087
2.505787
2.505545
2.504959
2.505250
2.504399
2.504095
2.504305
2.504865
2.504846
2.504698
2.505707
2.505639
2.506450
2.505737
2.505808
2.505194
2.506128
2.505873
2.504750
2.504609
2.504798
2.506476
2.505897
2.505890
2.505494
2.506009
2.505847
2.505521
2.504862
2.505520
2.506226
2.505766
2.505636
2.505640
2.506148
2.506727
2.506973
2.507401
2.507367
2.507688
2.506527
2.507316
2.507296
2.507446
2.507902
2.507052
2.506987
2.506415
2.506148
2.506369
2.505850
2.507119
2.507034
2.508268
2.507207
2.516850
2.527238
2.527601
2.527735
2.526968
2.526906
2.526967
2.527428
2.525986
2.524917
2.521073
2.521489
2.522726
2.522061
2.523322
2.524681
2.525082
2.523694
2.524068
2.524299
2.525433
2.526373
2.524459
2.524632
2.524567
2.525849
2.525860
2.525790
2.525865
2.526161
2.526558
2.525552
2.525597
2.526622
2.527255
2.526466
2.527089
2.526756
2.527059
2.527801
2.527118
2.527133
2.527009
2.527261
2.527131
2.526636
2.526760
2.526466
2.527402
2.526907
2.526992
2.526834
2.526969
2.527241
2.527301
2.526917
2.526794
2.527606
2.527007
2.526929
2.526897
2.527239
2.527304
2.526581
2.526847
2.526596
2.527350
2.526465
2.526501
2.526070
2.525393
2.522471
2.515327
2.503568
2.503639
2.503921
2.504655
2.504202
2.504752
2.504585
2.505486
2.504211
2.503502
2.504603
2.503594
2.503200
2.502876
2.503566
2.504033
2.502779
2.503765
2.504126
2.504277
2.504215
2.504129
2.503976
2.503527
2.503076
2.503071
2.503045
2.503080
2.504039
2.504114
2.504588
2.503733
2.504575
2.504414
2.503834
2.503136
2.503585
2.505243
2.503824
2.503660
2.503802
2.504527
2.504621
2.504452
2.504671
2.504762
2.505255
2.504519
2.504398
2.504351
2.505429
2.504401
2.503706
2.503653
2.503687
2.504570
2.504671
2.504627
2.504376
2.504799
2.504620
2.504270
2.504014
2.504278
2.504977
2.504508
2.504147
2.503445
2.503278
2.503247
2.503109
2.503819
2.503554
2.503979
2.502658
2.502499
2.502611
2.502547
2.502585
2.501953
2.502513
2.502447
2.502474
2.502375
2.502928
2.503713
2.505177
2.504286
2.503663
2.503023
2.503321
2.502665
2.501983
2.501582
2.501460
2.503228
2.502176
2.502785
2.502313
2.503036
2.503709
2.502794
2.503594
2.503731
2.504141
2.502438
2.503385
2.504080
2.505115
2.504416
2.509751
2.523996
2.524334
2.523614
2.523637
2.524537
2.525443
2.526963
2.525921
2.526320
2.525257
2.525850
2.526149
2.525988
2.525973
2.525066
2.522727
2.520072
2.521979
2.520734
2.522735
2.523634
2.524062
2.524524
2.525253
2.525734
2.524710
2.524025
2.523317
2.523341
2.522579
2.522646
2.523402
2.522981
2.524376
2.523606
2.523705
2.525088
2.524494
2.524234
2.523980
2.523699
2.524707
2.526183
2.525313
2.524943
2.525496
2.526359
2.525238
2.526100
2.526236
2.526079
2.526811
2.526081
2.525971
2.525823
2.526088
2.526423
2.525810
2.525910
2.525727
2.525754
2.525858
2.525827
2.525795
2.525939
2.525880
2.524903
2.524459
2.524111
2.524256
2.523637
2.519027
2.506244
2.506005
2.505837
2.505660
2.506305
2.505968
2.506700
2.506526
2.506498
2.506165
2.506306
2.506827
2.503993
2.504298
2.503636
2.503889
2.502460
2.503386
2.503890
2.504621
2.504129
2.503849
2.504013
2.504718
2.504296
2.504300
2.503012
2.503076
2.503540
2.503125
2.503071
2.503446
2.503741
2.504556
2.503700
2.503377
2.502252
2.503085
2.503695
2.503376
2.503604
2.503964
2.505434
2.504737
2.504758
2.504135
2.504630
2.504191
2.503911
2.503014
2.503369
2.504941
2.504001
2.503443
2.503796
2.505209
2.504928
2.504596
2.504622
2.504669
2.505357
2.503524
2.503907
2.504063
2.504611
2.504832
2.504787
2.504623
2.505267
2.504758
2.504746
2.504830
2.504985
2.504502
2.504317
2.503319
2.503320
2.504321
2.503538
2.503727
2.503856
2.504441
2.506162
2.505200
2.504907
2.504493
2.505188
2.505412
2.504880
2.505097
2.504626
2.504878
2.503752
2.503293
2.503531
2.504103
2.503523
2.503230
2.504823
2.505254
2.504185
2.505355
2.505425
2.505814
2.504275
2.503754
2.502922
2.503980
2.504342
2.504850
2.503979
2.505807
2.523699
2.525101
2.524979
2.525082
2.525377
2.526078
2.525522
2.524211
2.523137
2.524431
2.524109
2.520304
2.521273
2.521034
2.522050
2.523521
2.522547
2.524242
2.525496
2.526044
2.526090
2.526308
2.525735
2.526272
2.526327
2.526553
2.526296
2.526208
2.527092
2.526390
2.526629
2.526460
2.526631
2.526807
2.526552
2.526273
2.526501
2.526701
2.526735
2.526598
2.526565
2.526938
2.527052
2.526532
2.526454
2.525804
2.525417
2.523975
2.523790
2.523751
2.524012
2.527000
2.526128
2.526419
2.525131
2.525873
2.526302
2.526510
2.526708
2.526713
2.526568
2.526618
2.525826
2.525463
2.526737
2.526461
2.525197
2.525653
2.527185
2.526402
2.521404
2.509657
2.506441
2.506830
2.506460
2.506744
2.506658
2.507113
2.506415
2.506406
2.506387
2.505767
2.505499
2.505251
2.505498
2.506046
2.507020
2.506291
2.506185
2.505958
2.506105
2.506436
2.505993
2.505974
2.505917
2.506576
2.505381
2.504275
2.504781
2.504704
2.505193
2.504213
2.503492
2.503365
2.504019
2.503251
2.504367
2.504137
2.504497
2.505043
2.504314
2.504071
2.503695
2.504061
2.503317
2.502829
2.503007
2.503020
2.504178
2.503568
2.503721
2.503432
2.503797
2.504053
2.503395
2.503571
2.503767
2.503003
2.503188
2.503745
2.503822
2.504200
2.503374
2.502814
2.502934
2.503678
2.503332
2.502837
2.503173
2.503226
2.502789
2.502705
2.502769
2.503371
2.502937
2.503410
2.503480
2.503799
2.504667
2.503856
2.503781
2.503738
2.504220
2.504173
2.503389
2.503548
2.502874
2.503730
2.502744
2.503694
2.503705
2.503769
2.504191
2.503460
2.503492
2.503860
2.504327
2.503886
2.503767
2.503403
2.503569
2.503789
2.503592
2.503400
2.504189
2.504989
2.504137
2.503741
2.503960
2.504161
2.505186
2.504463
2.503596
2.503435
2.523906
2.523567
2.523631
2.524067
2.524986
2.524394
2.524024
2.523857
2.523254
2.521369
2.519447
2.522382
2.522798
2.524831
2.523685
2.522663
2.521343
2.521924
2.522672
2.521047
2.522407
2.523419
2.524075
2.523921
2.524147
2.524246
2.525603
2.525577
2.525107
2.524999
2.524995
2.526324
2.526409
2.526305
2.525759
2.525823
2.526975
2.526430
2.526507
2.526381
2.526823
2.526525
2.525998
2.526044
2.525980
2.526597
2.525927
2.525430
2.525839
2.526264
2.526020
2.525719
2.525972
2.525708
2.526587
2.525757
2.525834
2.525933
2.526407
2.525724
2.525628
2.525839
2.526068
2.526867
2.526156
2.525703
2.525942
2.526464
2.526783
2.525984
2.521564
2.512498
2.507159
2.505760
2.504779
2.504815
2.505372
2.504920
2.504362
2.505429
2.505777
2.506565
2.504190
2.502869
2.503576
2.503641
2.506458
2.504991
2.505061
2.504714
2.504926
2.503820
2.504247
2.505217
2.505905
2.506147
2.505006
2.504004
2.505141
2.505970
2.505261
2.504762
2.504418
2.504941
2.504732
2.503506
2.503206
2.503390
2.504861
2.504274
2.504198
2.503679
2.504078
2.504804
2.503919
2.503562
2.503850
2.504309
2.504560
2.502908
2.502026
2.502004
2.502324
2.502552
2.501430
2.500629
2.500488
2.500913
2.499343
2.500041
2.500457
2.501424
2.501184
2.500837
2.499595
2.501005
2.500249
2.500067
2.500615
2.501611
2.501199
2.501156
2.501007
2.500849
2.502131
2.500786
2.500338
2.500024
2.499991
2.500336
2.499347
2.499421
2.499987
2.502373
2.501209
2.501212
2.501345
2.501686
2.501467
2.500036
2.499684
2.500538
2.500448
2.500275
2.500331
2.501404
2.501562
2.501472
2.502081
2.501684
2.501673
2.501956
2.501836
2.501560
2.502015
2.502790
2.502164
2.501348
2.501040
2.501401
2.501271
2.501751
2.501942
2.501313
2.514004
2.521719
2.520946
2.520799
2.521695
2.521519
2.521554
2.522597
2.521586
2.521765
2.520262
2.518556
2.517982
2.519244
2.518926
2.518042
2.519397
2.519057
2.520142
2.519336
2.519354
2.520024
2.520985
2.521896
2.521310
2.521809
2.521624
2.522370
2.520203
2.520339
2.520210
2.520592
2.522379
2.521851
2.521878
2.521986
2.522244
2.522246
2.521617
2.522030
2.522084
2.522395
2.521682
2.521802
2.521983
2.522359
2.521874
2.521586
2.522193
2.523277
2.523702
2.522719
2.522982
2.522569
2.523512
2.523385
2.523193
2.523122
2.523134
2.524022
2.522653
2.522473
2.522826
2.523033
2.523059
2.522967
2.522828
2.522733
2.523037
2.522870
2.522932
2.519779
2.512789
2.503618
2.502812
2.502886
2.502979
2.503122
2.503537
2.503173
2.503488
2.503648
2.504300
2.502704
2.502323
2.502271
2.503486
2.503769
2.503347
2.503322
2.503743
2.504069
2.502116
2.501687
2.502863
2.503948
2.503695
2.502352
2.500569
2.501193
2.502077
2.501063
2.502546
2.503339
2.503991
2.503794
2.501855
2.502906
2.503309
2.503641
2.503755
2.502614
2.503207
2.502964
2.502551
2.501866
2.502456
2.503412
2.503833
2.503465
2.503434
2.503805
2.503177
2.503548
2.503092
2.503477
2.503353
2.504110
2.503185
2.502390
2.502062
2.502820
2.504491
2.503547
2.503870
2.503555
2.504036
2.503869
2.503386
2.501805
2.501757
2.502044
2.500981
2.500336
2.501443
2.501562
2.500963
2.501133
2.500723
2.502191
2.502512
2.501861
2.501921
2.502409
2.502931
2.502241
2.502044
2.501912
2.502208
2.501421
2.501180
2.501194
2.501078
2.501258
2.500776
2.500486
2.500738
2.502000
2.502300
2.502354
2.502408
2.502536
2.502617
2.500609
2.500374
2.500932
2.501544
2.502141
2.501370
2.501179
2.501560
2.503046
2.502415
2.502595
2.502643
2.502363
2.510434
2.522090
2.522032
2.521822
2.522065
2.519122
2.518620
2.519000
2.520562
2.519644
2.520882
2.520530
2.521220
2.520648
2.520768
2.520087
2.521926
2.522427
2.521979
2.521902
2.522887
2.523587
2.523205
2.522452
2.522997
2.522549
2.523353
2.522860
2.522957
2.522656
2.523115
2.523304
2.523093
2.522755
2.522909
2.523184
2.522143
2.522184
2.522501
2.523482
2.523428
2.522869
2.523165
2.524057
2.524921
2.522868
2.521489
2.522321
2.522800
2.523943
2.523916
2.524055
2.523951
2.524702
2.523983
2.524302
2.524603
2.524593
2.524600
2.523799
2.523762
2.523997
2.524832
2.524150
2.524164
2.524514
2.524233
2.524691
2.524131
2.524681
2.522894
2.517727
2.505068
2.504590
2.504814
2.503949
2.504290
2.504473
2.504573
2.504768
2.504780
2.505014
2.505046
2.504886
2.504846
2.505983
2.504977
2.504594
2.503784
2.504062
2.504489
2.504181
2.504202
2.503233
2.505487
2.505103
2.505313
2.504695
2.504298
2.505382
2.505272
2.505131
2.504833
2.506114
2.505319
2.504642
2.504094
2.504071
2.504933
2.505041
2.504979
2.503042
2.503802
2.503888
2.503642
2.505286
2.505812
2.506158
2.506003
2.505381
2.504669
2.504613
2.504441
2.503868
2.504956
2.505525
2.506791
2.505074
2.505013
2.505162
2.505764
2.505713
2.505008
2.505466
2.504930
2.504054
2.502537
2.501864
2.501996
2.502267
2.501455
2.502010
2.502903
2.502630
2.503930
2.502787
2.502853
2.503157
2.502052
2.503258
2.502580
2.502226
2.501999
2.502475
2.501994
2.502211
2.502089
2.502562
2.502962
2.502215
2.502294
2.501740
2.503068
2.502897
2.502415
2.502887
2.502756
2.503787
2.502292
2.502075
2.503026
2.504054
2.503832
2.503142
2.503037
2.502827
2.503611
2.502988
2.503915
2.504169
2.503754
2.502774
2.501499
2.502034
2.501982
2.502933
2.507033
2.523500
2.524016
2.524259
2.524254
2.523757
2.524080
2.524686
2.524700
2.523309
2.522953
2.521701
2.520192
2.520291
2.520679
2.521422
2.521198
2.521428
2.520917
2.520394
2.520770
2.521200
2.522010
2.521143
2.521252
2.522614
2.524124
2.524093
2.523611
2.523543
2.523536
2.524312
2.523943
2.523617
2.523495
2.524139
2.523816
2.522832
2.523627
2.523309
2.524293
2.523291
2.523786
2.523248
2.523643
2.523607
2.523189
2.522987
2.522919
2.523403
2.522444
2.522736
2.523128
2.522590
2.523305
2.522808
2.522906
2.522624
2.523219
2.523436
2.521815
2.520819
2.521924
2.522169
2.522612
2.522690
2.522606
2.523032
2.522517
2.522111
2.522107
2.521236
2.517383
2.504178
2.501870
2.501469
2.502440
2.502533
2.501864
2.501940
2.501711
2.502567
2.501609
2.501846
2.500668
2.501098
2.500824
2.501279
2.501624
2.501777
2.502417
2.501711
2.501572
2.501600
2.501706
2.501827
2.501336
2.501817
2.501716
2.501355
2.500253
2.500553
2.500939
2.501165
2.501044
2.500297
2.501961
2.502318
2.502924
2.502524
2.502270
2.502394
2.501956
2.503244
2.501894
2.501768
2.501754
2.502562
2.503811
2.503582
2.503533
2.503734
2.504224
2.503308
2.503839
2.503663
2.504295
2.504322
2.504686
2.503163
2.502444
2.503128
2.502348
2.503668
2.504083
2.503819
2.504566
2.503905
2.504216
2.504155
2.504798
2.504418
2.504677
2.504556
2.504928
2.504695
2.504053
2.503859
2.504634
2.505457
2.504632
2.503446
2.503600
2.503568
2.504569
2.503842
2.503044
2.504224
2.504595
2.503700
2.504075
2.503763
2.504958
2.504148
2.504686
2.504668
2.505093
2.504610
2.504441
2.504781
2.504673
2.505801
2.504739
2.504090
2.504671
2.504740
2.504562
2.504439
2.504808
2.506662
2.505596
2.505168
2.505067
2.505552
2.505432
2.505369
2.523171
2.524904
2.525200
2.524449
2.524587
2.524342
2.525624
2.525722
2.522993
2.522940
2.524146
2.524753
2.523720
2.525271
2.524942
2.524834
2.525807
2.525248
2.525201
2.525344
2.526811
2.526793
2.526400
2.526569
2.525647
2.526830
2.525138
2.524084
2.523087
2.523783
2.523516
2.524632
2.525149
2.525221
2.526902
2.527518
2.527277
2.526567
2.527672
2.527927
2.526938
2.526894
2.527043
2.527839
2.527061
2.526829
2.526709
2.527131
2.527971
2.526292
2.526946
2.526844
2.527884
2.527556
2.527133
2.526849
2.526999
2.527575
2.527056
2.526687
2.526562
2.527102
2.526692
2.526940
2.526845
2.526867
2.527846
2.526865
2.527002
2.526664
2.527142
2.522380
2.511581
2.506372
2.505592
2.507371
2.505753
2.505649
2.506567
2.506717
2.506995
2.506572
2.506275
2.506377
2.507463
2.506690
2.506396
2.506174
2.506696
2.507538
2.506754
2.505953
2.505667
2.506225
2.506188
2.505885
2.505810
2.506593
2.506817
2.506249
2.505885
2.505006
2.506520
2.506351
2.507269
2.507886
2.506960
2.507401
2.506189
2.506489
2.507448
2.507768
2.506670
2.507288
2.507303
2.507530
2.508489
2.507289
2.507331
2.507287
2.507425
2.506590
2.506073
2.506193
2.505440
2.507646
2.506692
2.506781
2.506433
2.506932
2.506807
2.506460
2.506341
2.506142
2.507305
2.506564
2.505304
2.504712
2.504797
2.505538
2.506064
2.506074
2.505897
2.506441
2.505295
2.504289
2.504029
2.503152
2.503700
2.503362
2.503452
2.502776
2.502702
2.502326
2.502407
2.503840
2.502751
2.503046
2.502750
2.502557
2.502760
2.502877
2.502544
2.502583
2.503081
2.501781
2.501606
2.501446
2.501458
2.501915
2.500713
2.500892
2.500811
2.502638
2.502403
2.502179
2.501774
2.501879
2.502676
2.501010
2.500668
2.500511
2.501317
2.500690
2.500138
2.513816
2.520770
2.521962
2.521665
2.520788
2.521320
2.522143
2.521586
2.520928
2.520190
2.520247
2.520258
2.516877
2.515991
2.517607
2.516562
2.518622
2.519377
2.519470
2.519125
2.519723
2.518970
2.519172
2.519202
2.520318
2.519990
2.519987
2.520227
2.520319
2.521244
2.520557
2.520297
2.520446
2.520581
2.521057
2.518933
2.519115
2.519010
2.520164
2.519420
2.520649
2.520610
2.520356
2.521123
2.520787
2.520487
2.520605
2.521380
2.520872
2.519535
2.519286
2.519992
2.520207
2.521118
2.521027
2.521110
2.521333
2.521603
2.521208
2.521216
2.521034
2.522115
2.520674
2.520880
2.520773
2.521086
2.521355
2.521213
2.521068
2.521073
2.522022
2.518031
2.510684
2.502739
2.502772
2.503036
2.503210
2.503161
2.503390
2.504080
2.503561
2.503646
2.503483
2.503777
2.503552
2.502604
2.502166
2.502977
2.504265
2.504213
2.504122
2.503975
2.504072
2.504516
2.504082
2.504081
2.503890
2.504454
2.504253
2.503610
2.503122
2.503341
2.504240
2.504750
2.504555
2.504934
2.505365
2.505257
2.504969
2.504776
2.504945
2.506188
2.505609
2.505276
2.504007
2.503499
2.503408
2.502675
2.502905
2.504460
2.506282
2.505789
2.505617
2.505729
2.505789
2.506289
2.506406
2.505894
2.505770
2.506225
2.505602
2.505149
2.505017
2.506468
2.507368
2.506854
2.506853
2.505933
2.507073
2.507015
2.506564
2.506530
2.506868
2.507872
2.506008
2.505413
2.505745
2.505910
2.507072
2.506585
2.506861
2.507178
2.507815
2.506895
2.507026
2.507209
2.507882
2.507637
2.506886
2.506033
2.505734
2.506692
2.505723
2.506255
2.505268
2.504587
2.505261
2.504116
2.503899
2.504705
2.505400
2.505010
2.505003
2.505066
2.504985
2.504452
2.504632
2.504476
2.505779
2.504920
2.505575
2.505419
2.505447
2.505302
2.503796
2.503411
2.514031
2.524421
2.524071
2.524464
2.524632
2.524531
2.525266
2.521220
2.521204
2.523918
2.525307
2.525278
2.524650
2.524777
2.524997
2.525048
2.521861
2.522398
2.524068
2.525766
2.526429
2.525716
2.525752
2.525216
2.525471
2.525027
2.525557
2.525707
2.526234
2.526277
2.526348
2.525813
2.525589
2.526594
2.526093
2.525951
2.525769
2.525813
2.526138
2.525734
2.525244
2.524818
2.525052
2.525316
2.525429
2.525621
2.526203
2.526546
2.526110
2.525831
2.525330
2.526841
2.526245
2.526123
2.526302
2.525908
2.526283
2.525535
2.525573
2.525741
2.526174
2.526659
2.525468
2.524506
2.523837
2.525132
2.524266
2.524797
2.522920
2.522900
2.525827
2.523447
2.516583
2.505477
2.506161
2.505186
2.505730
2.505231
2.505072
2.506376
2.506011
2.506089
2.505603
2.506227
2.505861
2.505650
2.505550
2.505551
2.506888
2.507123
2.506953
2.505834
2.505484
2.505302
2.505046
2.505683
2.507712
2.508589
2.506253
2.507390
2.506704
2.508152
2.508076
2.507246
2.507467
2.507711
2.508439
2.506976
2.506751
2.506658
2.506863
2.508073
2.507600
2.507228
2.507652
2.508529
2.508128
2.507964
2.507818
2.508286
2.508571
2.507660
2.506820
2.506440
2.506790
2.506132
2.507595
2.507536
2.508091
2.508535
2.507170
2.507206
2.506973
2.505355
2.504829
2.505042
2.505947
2.506140
2.506760
2.506013
2.506320
2.507366
2.508312
2.507511
2.507262
2.507465
2.507260
2.508569
2.507652
2.507871
2.506857
2.508152
2.507411
2.506588
2.506310
2.506425
2.508579
2.507730
2.507703
2.507572
2.508090
2.508091
2.507339
2.507368
2.507811
2.508338
2.507697
2.507210
2.506662
2.506751
2.507247
2.507870
2.507589
2.507967
2.508244
2.507853
2.508099
2.507778
2.507904
2.508016
2.506235
2.506396
2.505521
2.506007
2.505766
2.504811
2.504512
2.510427
2.525572
2.524415
2.525836
2.525744
2.526296
2.527082
2.526528
2.526022
2.526131
2.526945
2.525780
2.524989
2.523223
2.523076
2.524238
2.524491
2.524608
2.524257
2.522883
2.524201
2.525030
2.525028
2.525426
2.526073
2.524892
2.524937
2.525042
2.525440
2.525081
2.524324
2.525069
2.525350
2.526081
2.524981
2.525354
2.525634
2.526084
2.524959
2.524546
2.524636
2.524873
2.525509
2.524667
2.524930
2.524976
2.525212
2.524968
2.525322
2.525424
2.525510
2.526507
2.526267
2.526929
2.526813
2.527019
2.527156
2.527052
2.527024
2.526801
2.527518
2.527125
2.527036
2.526259
2.527287
2.527136
2.526986
2.526771
2.526644
2.527196
2.526790
2.525585
2.520314
2.507392
2.507138
2.506610
2.505847
2.506806
2.507167
2.506896
2.505752
2.505229
2.505947
2.506527
2.506595
2.506310
2.505783
2.506192
2.506453
2.506536
2.506933
2.506770
2.507501
2.506407
2.506220
2.506731
2.506878
2.506575
2.506713
2.506217
2.505739
2.506325
2.505621
2.505382
2.505980
2.506469
2.506512
2.506266
2.506444
2.506194
2.508063
2.507870
2.507777
2.508029
2.507683
2.507652
2.506174
2.506382
2.506313
2.507659
2.507620
2.507787
2.507446
2.507637
2.508187
2.507693
2.507530
2.507523
2.508273
2.507955
2.506763
2.506348
2.506586
2.507429
2.507923
2.507623
2.507410
2.507703
2.507439
2.507303
2.507148
2.507285
2.508108
2.507129
2.506872
2.506095
2.504691
2.504557
2.503796
2.505073
2.505146
2.505674
2.505341
2.505218
2.504830
2.504268
2.504827
2.504591
2.505027
2.504967
2.505139
2.504269
2.504154
2.504079
2.504643
2.505576
2.504832
2.504842
2.504754
2.505752
2.504581
2.504483
2.504897
2.505012
2.505849
2.504808
2.504603
2.504615
2.505242
2.505501
2.505654
2.504959
2.505414
2.506509
2.504673
2.506045
2.505839
2.508466
2.524993
2.525846
2.525587
2.525530
2.526294
2.524897
2.522414
2.522599
2.523792
2.523925
2.523429
2.524624
2.524493
2.525322
2.524872
2.524824
2.525318
2.526206
2.526649
2.526086
2.526380
2.526298
2.527341
2.526330
2.526268
2.525839
2.526534
2.527389
2.526606
2.526478
2.526484
2.526898
2.526497
2.525364
2.523977
2.524173
2.524896
2.524398
2.524335
2.524590
2.526809
2.526948
2.526687
2.526614
2.526647
2.527569
2.527598
2.527357
2.527771
2.527826
2.527238
2.526528
2.526788
2.526001
2.527639
2.526534
2.527054
2.527516
2.527239
2.528175
2.527345
2.527503
2.527110
2.527458
2.527699
2.527879
2.528237
2.527765
2.529285
2.528583
2.528356
2.523218
2.511683
2.508500
2.508247
2.509027
2.508328
2.508428
2.509164
2.509782
2.509896
2.509879
2.509468
2.509705
2.510366
2.509650
2.509459
2.510027
2.510141
2.510461
2.509488
2.509212
2.509006
2.509519
2.510313
2.510151
2.509971
2.509586
2.509332
2.510185
2.509873
2.510054
2.510512
2.510145
2.510123
2.509471
2.508982
2.509716
2.508658
2.508156
2.508165
2.508669
2.508959
2.509528
2.510083
2.510293
2.510623
2.510086
2.510459
2.510102
2.510282
2.509295
2.509285
2.508836
2.509612
2.511194
2.510476
2.510411
2.510473
2.510475
2.510442
2.509887
2.510282
2.510039
2.510992
2.510228
2.509742
2.510608
2.511221
2.512261
2.512009
2.511950
2.511961
2.512302
2.512008
2.511580
2.511813
2.512236
2.511141
2.512031
2.511031
2.510458
2.511776
2.511192
2.511969
2.511948
2.511742
2.512683
2.512095
2.511879
2.511842
2.511892
2.512266
2.512151
2.511993
2.511227
2.511167
2.511061
2.511088
2.512136
2.512657
2.512719
2.512493
2.511003
2.511925
2.510988
2.510269
2.510766
2.510925
2.512771
2.512205
2.510148
2.509726
2.510211
2.512260
2.528456
2.531343
2.532369
2.532430
2.533226
2.532151
2.532750
2.532764
2.533309
2.532056
2.531096
2.530733
2.527493
2.527095
2.527743
2.526695
2.528621
2.529270
2.529503
2.530660
2.530948
2.531055
2.532918
2.532130
2.531895
2.531554
2.531765
2.532469
2.532333
2.531981
2.532018
2.532968
2.532223
2.532215
2.532249
2.532583
2.532537
2.532235
2.531887
2.532488
2.532470
2.532158
2.532052
2.531364
2.530994
2.530566
2.529655
2.529818
2.529182
2.530164
2.530262
2.529898
2.530876
2.530782
2.531268
2.530168
2.530504
2.529740
2.529958
2.529795
2.529448
2.529394
2.529618
2.530152
2.529863
2.529355
2.529616
2.529871
2.530709
2.530633
2.530162
2.526191
2.517086
2.510062
2.510388
2.510070
2.509671
2.510492
2.510052
2.510110
2.510139
2.510726
2.510372
2.510192
2.510172
2.510586
2.509983
2.509882
2.509885
2.511889
2.510746
2.510978
2.510721
2.510983
2.511368
2.510638
2.510622
2.510724
2.511353
2.510735
2.509221
2.509337
2.509794
2.511106
2.510939
2.510736
2.510620
2.511023
2.510723
2.510712
2.510570
2.510387
2.511198
2.511072
2.510644
2.510021
2.510101
2.510135
2.510367
2.510983
2.510802
2.511538
2.510027
2.508731
2.509145
2.510005
2.510037
2.510872
2.510720
2.510439
2.510828
2.510257
2.510110
2.510859
2.511166
2.511584
2.510874
2.510725
2.510770
2.511508
2.510952
2.510955
2.510838
2.510702
2.511351
2.510077
2.510079
2.509907
2.510467
2.511259
2.510595
2.511983
2.511805
2.512986
2.511990
2.512323
2.512419
2.512553
2.512653
2.511157
2.510868
2.510461
2.511429
2.511641
2.511830
2.511994
2.512378
2.512181
2.511476
2.511529
2.511997
2.512242
2.511535
2.511805
2.511100
2.511098
2.511156
2.510709
2.511850
2.511700
2.512603
2.511119
2.511939
2.511709
2.511768
2.512519
2.523994
2.532012
2.531938
2.531574
2.531542
2.530526
2.529963
2.527944
2.528179
2.528131
2.527390
2.527859
2.529555
2.529283
2.529280
2.529572
2.529706
2.530749
2.529780
2.530791
2.531888
2.532671
2.532568
2.532120
2.532042
2.532358
2.533135
2.532108
2.531984
2.531951
2.532181
2.532456
2.531918
2.531378
2.531635
2.532907
2.531692
2.531675
2.531741
2.531909
2.532487
2.531843
2.531803
2.531694
2.532421
2.531856
2.531654
2.531472
2.531254
2.532505
2.531610
2.531669
2.531836
2.532059
2.531522
2.531692
2.530956
2.530927
2.530878
2.529267
2.528003
2.527933
2.528623
2.528459
2.527310
2.528414
2.528536
2.529207
2.528167
2.527596
2.527613
2.524904
2.517422
2.507149
2.508048
2.507619
2.508245
2.507383
2.508076
2.508512
2.508938
2.509245
2.508700
2.509055
2.508967
2.509419
2.508773
2.508606
2.508520
2.508367
2.509361
2.509162
2.509317
2.508553
2.508571
2.507834
2.508153
2.507926
2.508834
2.509075
2.508299
2.507389
2.507122
2.507697
2.508233
2.508580
2.509079
2.508277
2.508524
2.507408
2.507626
2.507734
2.508276
2.508769
2.508039
2.508669
2.508792
2.509048
2.508486
2.508678
2.509129
2.509210
2.509171
2.508209
2.507924
2.507655
2.508674
2.508441
2.508628
2.508754
2.508708
2.509027
2.508346
2.508318
2.507635
2.508362
2.507856
2.508104
2.507074
2.506422
2.507074
2.506442
2.506586
2.507074
2.507194
2.508453
2.508238
2.508433
2.507774
2.508887
2.508205
2.507435
2.507856
2.507764
2.507628
2.507218
2.506771
2.507564
2.508363
2.508231
2.507998
2.507524
2.507926
2.507885
2.507244
2.507820
2.507127
2.508576
2.508006
2.507727
2.507628
2.508040
2.509620
2.509695
2.509426
2.508546
2.508466
2.509704
2.509173
2.507917
2.508193
2.509444
2.508759
2.507938
2.506520
2.507445
2.507499
2.516243
2.527784
2.527055
2.528474
2.527975
2.528019
2.527636
2.528577
2.527698
2.527735
2.527169
2.526280
2.526614
2.521761
2.521393
2.522075
2.521216
2.522936
2.522588
2.522247
2.522920
2.523170
2.522647
2.523165
2.524660
2.524972
2.524139
2.522517
2.522832
2.522976
2.524918
2.524460
2.523948
2.524053
2.524513
2.525290
2.524478
2.524299
2.524459
2.525490
2.524862
2.524894
2.525172
2.525896
2.526628
2.526042
2.525926
2.526929
2.527606
2.527266
2.526859
2.527676
2.528012
2.528318
2.527484
2.527813
2.528692
2.528769
2.528729
2.528619
2.529211
2.529530
2.529318
2.528659
2.529121
2.529250
2.529235
2.529445
2.528952
2.529473
2.529074
2.527214
2.521420
2.508863
2.506889
2.505813
2.505682
2.505235
2.505505
2.504932
2.505620
2.506229
2.506731
2.506634
2.506862
2.507455
2.506335
2.506063
2.505747
2.505965
2.505361
2.505124
2.505503
2.505094
2.506697
2.505932
2.505995
2.506226
2.506349
2.506531
2.506164
2.505568
2.506016
2.505496
2.506117
2.506027
2.506574
2.506722
2.506248
2.506176
2.506273
2.506920
2.506407
2.505778
2.505772
2.506223
2.505989
2.505901
2.506050
2.507198
2.507043
2.507291
2.506894
2.507313
2.507898
2.506958
2.507515
2.507344
2.507786
2.507195
2.506817
2.506934
2.506524
2.508419
2.507762
2.507803
2.507814
2.507958
2.508417
2.507812
2.507707
2.508005
2.508876
2.508117
2.507601
2.507354
2.507689
2.507641
2.507765
2.508049
2.507372
2.509042
2.507927
2.507544
2.508148
2.508227
2.507234
2.507003
2.506826
2.506546
2.507470
2.506906
2.506676
2.506847
2.507629
2.508299
2.507309
2.507383
2.507290
2.507870
2.507273
2.506963
2.507338
2.507488
2.508162
2.506630
2.506661
2.506717
2.507874
2.508204
2.507972
2.508042
2.507988
2.508916
2.508269
2.511461
2.527807
2.527983
2.528670
2.527968
2.527819
2.527702
2.527972
2.524031
2.524136
2.525041
2.526169
2.526117
2.524449
2.526363
2.526495
2.527767
2.527177
2.527282
2.528057
2.528353
2.528979
2.528274
2.528247
2.528324
2.528870
2.528253
2.528065
2.528018
2.528063
2.528744
2.527983
2.528319
2.528479
2.528443
2.528129
2.527687
2.527872
2.527136
2.527953
2.527037
2.527983
2.527972
2.528695
2.528258
2.527578
2.527130
2.524075
2.524135
2.524742
2.526618
2.527469
2.527232
2.527854
2.527317
2.529070
2.528834
2.529294
2.528995
2.528385
2.527913
2.528786
2.529376
2.528857
2.528187
2.527841
2.529380
2.528726
2.529272
2.528398
2.528430
2.528237
2.522652
2.510142
2.507964
2.508586
2.508070
2.507355
2.508085
2.507043
2.507631
2.507779
2.506588
2.506524
2.506960
2.506429
2.506061
2.506081
2.506142
2.506409
2.505016
2.506886
2.506453
2.507424
2.507257
2.506393
2.506164
2.505941
2.506775
2.507086
2.506580
2.506927
2.506763
2.507420
2.507151
2.505848
2.505982
2.507551
2.507104
2.506736
2.506142
2.506271
2.506723
2.506194
2.506618
2.506462
2.508024
2.507110
2.506977
2.507063
2.506315
2.506446
2.505620
2.505223
2.504742
2.506259
2.506047
2.505523
2.506664
2.506526
2.507995
2.507458
2.507373
2.507424
2.507783
2.507662
2.507446
2.507392
2.507273
2.507901
2.506242
2.506297
2.506366
2.507082
2.507541
2.507040
2.507333
2.507491
2.507766
2.507575
2.507107
2.507277
2.507104
2.508085
2.506854
2.506621
2.506589
2.507254
2.507415
2.507892
2.507434
2.507645
2.508309
2.507437
2.507549
2.506937
2.508275
2.508027
2.507615
2.507024
2.506976
2.507305
2.506443
2.507687
2.507980
2.508441
2.508132
2.507097
2.507489
2.507406
2.508622
2.507219
2.507434
2.507161
2.507409
2.507131
2.506639
2.506890
2.524363
2.526853
2.526433
2.526257
2.528939
2.529227
2.529567
2.529094
2.528687
2.528691
2.529905
2.527527
2.526984
2.522331
2.522719
2.524075
2.522849
2.524853
2.525360
2.525662
2.527166
2.526966
2.527669
2.528047
2.528726
2.527648
2.527146
2.527145
2.528256
2.527857
2.527617
2.527561
2.527553
2.528468
2.527243
2.527399
2.527419
2.527714
2.527751
2.527504
2.527432
2.527134
2.528105
2.527595
2.527176
2.527037
2.526395
2.526503
2.526874
2.527430
2.527245
2.527530
2.526800
2.527339
2.526795
2.527221
2.527050
2.527298
2.526946
2.527191
2.527800
2.526991
2.526755
2.527074
2.526326
2.527230
2.526191
2.525160
2.523782
2.525669
2.524683
2.520368
2.510629
2.506247
2.506444
2.505485
2.505516
2.505381
2.506114
2.505609
2.505541
2.505490
2.505237
2.506383
2.505431
2.504708
2.503302
2.503154
2.503483
2.502905
2.504199
2.504428
2.505085
2.503396
2.502564
2.501592
2.501669
2.502103
2.500678
2.502179
2.502562
2.501596
2.501232
2.501401
2.501193
2.502266
2.501448
2.501692
2.501626
2.502255
2.501715
2.501393
2.500992
2.500862
2.501188
2.500407
2.500060
2.499825
2.500210
2.500044
2.500066
2.500458
2.500147
2.501457
2.499613
2.499897
2.498689
2.499424
2.499401
2.499071
2.498608
2.497519
2.497461
2.497277
2.496554
2.496668
2.496861
2.497174
2.496268
2.497289
2.496575
2.497154
2.496246
2.495825
2.495173
2.494789
2.494702
2.493567
2.492865
2.493299
2.494143
2.492501
2.491701
2.491123
2.490796
2.490081
2.488161
2.487451
2.486861
2.487043
2.485723
2.485187
2.485594
2.486054
2.488469
2.488111
2.488164
2.487749
2.487949
2.487859
2.486968
2.486743
2.486876
2.487345
2.485691
2.484981
2.483085
2.483030
2.479421
2.481230
2.481191
2.480730
2.477044
2.478281
2.481368
2.481399
2.492368
2.497183
2.500977
2.501602
2.498224
2.494594
2.498245
2.498868
2.496056
2.492487
2.493836
2.498968
2.497503
2.495255
2.494355
2.498234
2.496179
2.497627
2.496768
2.496613
2.495494
2.500229
2.501552
2.497263
2.495329
2.499295
2.503980
2.501267
2.496620
2.497903
2.507173
2.508026
2.503354
2.500508
2.510257
2.511255
2.509663
2.505954
2.511466
2.512108
2.510995
2.509645
2.512534
2.513738
2.513412
2.512893
2.514474
2.514930
2.514406
2.513881
2.513827
2.515278
2.514807
2.515039
2.514700
2.516046
2.515308
2.513990
2.513636
2.515168
2.516389
2.515543
2.515391
2.515409
2.516103
2.516237
2.515927
2.515561
2.516155
2.517158
2.515541
2.511883
2.503824
2.496228
2.495736
2.495410
2.495291
2.495317
2.496266
2.494382
2.493316
2.492410
2.492681
2.494265
2.493700
2.495804
2.495995
2.496705
2.496009
2.495825
2.495100
2.494664
2.495921
2.495318
2.495679
2.496010
2.496833
2.496427
2.497406
2.497358
2.497643
2.497795
2.497125
2.497240
2.496575
2.496781
2.495896
2.495435
2.495762
2.497525
2.496434
2.496471
2.496886
2.496983
2.496845
2.498256
2.498034
2.498440
2.499309
2.498986
2.498916
2.498658
2.499424
2.499084
2.497610
2.497608
2.496762
2.497476
2.496216
2.495593
2.494496
2.494207
2.493631
2.493169
2.493473
2.493145
2.494466
2.493864
2.492526
2.492667
2.493099
2.492064
2.491913
2.492040
2.493163
2.493183
2.492681
2.492396
2.492187
2.491850
2.490318
2.490979
2.490666
2.491052
2.491066
2.490724
2.491209
2.491426
2.491722
2.490538
2.489747
2.489596
2.489874
2.489599
2.490762
2.491369
2.491762
2.491405
2.489883
2.489989
2.489264
2.490465
2.490606
2.490218
2.490166
2.489592
2.490935
2.490215
2.490116
2.490736
2.490709
2.491211
2.489588
2.489026
2.489554
2.499967
2.510204
2.509567
2.509543
2.510430
2.510750
2.509422
2.510324
2.510090
2.511378
2.511128
2.510558
2.509793
2.509139
2.506176
2.503714
2.505074
2.504377
2.506186
2.505232
2.505437
2.507241
2.507259
2.506925
2.506232
2.506776
2.506579
2.505628
2.503849
2.504181
2.502596
2.502301
2.500190
2.500073
2.500865
2.501556
2.499462
2.497869
2.498488
2.496497
2.498067
2.494429
2.495189
2.492419
2.495645
2.491680
2.492203
2.489870
2.489547
2.490245
2.487674
2.487157
2.481647
2.486073
2.480894
2.482501
2.476240
2.480255
2.477521
2.477705
2.472506
2.471739
2.472606
2.471087
2.469003
2.463688
2.466810
2.464368
2.463524
2.456082
2.459835
2.454856
2.447583
2.429848
2.430252
2.429972
2.429371
2.423751
2.421429
2.422925
2.422502
2.418925
2.413162
2.416993
2.416212
2.415289
2.405696
2.409882
2.408642
2.408375
2.398527
2.403350
2.405239
2.405431
2.398323
2.395585
2.399949
2.399157
2.395487
2.389898
2.397070
2.394013
2.382347
2.389939
2.391161
2.389519
2.379720
2.385559
2.388854
2.389259
2.381487
2.381889
2.387562
2.387432
2.383898
2.378481
2.386732
2.384173
2.385691
2.377010
2.384374
2.382495
2.386238
2.378862
2.381253
2.382015
2.383349
2.379742
2.377986
2.381976
2.379954
2.382019
2.376192
2.381477
2.376116
2.381626
2.377977
2.380610
2.377032
2.383389
2.378830
2.379111
2.379700
2.384130
2.382298
2.381290
2.383997
2.382052
2.386825
2.382451
2.386625
2.383841
2.394475
2.387108
2.389410
2.388234
2.397574
2.394058
2.392232
2.395199
2.397569
2.403699
2.395893
2.400383
2.398197
2.410309
2.401736
2.403502
2.404744
2.413597
2.411609
2.408153
2.410770
2.413732
2.420365
2.415257
2.414558
2.424645
2.418003
2.417305
2.419204
2.426218
2.426182
2.421157
2.422647
2.431771
2.453817
2.447112
2.447382
2.448512
2.459683
2.454627
2.452134
2.452676
2.460908
2.462767
2.455780
2.457771
2.459937
2.468911
2.460071
2.459760
2.459983
2.473102
2.465467
2.462238
2.462526
2.473701
2.472858
2.464724
2.466922
2.473493
2.481406
2.470779
2.467285
2.468539
2.483191
2.475336
2.470506
2.472318
2.486714
2.482840
2.474946
2.475909
2.490424
2.487890
2.477962
2.477201
2.490503
2.493200
2.482202
2.478741
2.489045
2.497963
2.486742
2.479547
2.486932
2.499443
2.492264
2.480553
2.484587
2.495700
2.493822
2.481168
2.483456
2.498342
2.499138
2.489517
2.484293
2.496848
2.500049
2.494622
2.484760
2.495980
2.502121
2.499911
2.488493
2.490430
2.484350
2.482371
2.475396
2.477365
2.483633
2.482458
2.480142
2.477420
2.481802
2.483367
2.481695
2.478985
2.482097
2.482736
2.482219
2.479710
2.480548
2.480614
2.480318
2.479442
2.479281
2.479796
2.479196
2.478352
2.477838
2.478443
2.479504
2.479392
2.477179
2.477809
2.477500
2.478337
2.479174
2.479020
2.479167
2.479312
2.479821
2.477676
2.477803
2.478141
2.477957
2.479674
2.479092
2.479235
2.478720
2.478891
2.478192
2.478238
2.478718
2.478333
2.480103
2.479311
2.479818
2.479525
2.480530
2.479857
2.480237
2.480537
2.481397
2.482703
2.482122
2.481663
2.481113
2.481985
2.482119
2.481706
2.482350
2.484170
2.484382
2.484501
2.485055
2.486746
2.487440
2.487971
2.488434
2.488569
2.489785
2.489316
2.489641
2.489573
2.489840
2.490574
2.489422
2.489564
2.489931
2.490931
2.491058
2.491871
2.492256
2.492828
2.493115
2.492551
2.492157
2.492986
2.493685
2.493524
2.492713
2.492601
2.493067
2.494292
2.494282
2.495335
2.496449
2.497373
2.497376
2.498166
2.498782
2.499138
2.499801
2.499278
2.499055
2.498748
2.498915
2.501004
2.517548
2.519226
2.519324
2.519510
2.519085
2.519698
2.519272
2.519780
2.519582
2.519003
2.519180
2.518954
2.518603
2.517029
2.516980
2.516044
2.515396
2.514927
2.511013
2.512339
2.512332
2.514122
2.514867
2.514877
2.514822
2.515582
2.516118
2.515886
2.516036
2.515911
2.516084
2.515624
2.514741
2.514346
2.513915
2.514161
2.512910
2.511454
2.511008
2.510994
2.509903
2.508924
2.507558
2.507136
2.507393
2.504745
2.502983
2.500276
2.498786
2.496964
2.494397
2.492597
2.491003
2.489945
2.487442
2.485628
2.484396
2.482249
2.481351
2.479050
2.477964
2.476372
2.475812
2.474397
2.473662
2.472699
2.473548
2.473262
2.472782
2.475528
2.475387
2.469591
2.457029
2.460174
2.461615
2.457921
2.457970
2.464530
2.468357
2.464103
2.457849
2.464891
2.471798
2.469425
2.460120
2.468635
2.476097
2.475623
2.462463
2.466632
2.476193
2.478380
2.472098
2.468901
2.480428
2.480025
2.477396
2.470937
2.479876
2.480824
2.480922
2.475884
2.479864
2.482066
2.481502
2.478564
2.480384
2.484250
2.485213
2.484112
2.484314
2.486888
2.488459
2.488077
2.487082
2.488444
2.491162
2.491642
2.488391
2.489566
2.492478
2.494747
2.493513
2.492701
2.496197
2.496617
2.496873
2.494885
2.496724
2.497964
2.498173
2.496943
2.497203
2.498332
2.497880
2.497070
2.496397
2.497736
2.497567
2.497739
2.496594
2.497573
2.499014
2.498320
2.499132
2.498885
2.499699
2.498834
2.498710
2.498527
2.498217
2.497977
2.498565
2.499067
2.498251
2.499195
2.499253
2.500131
2.499809
2.499658
2.499437
2.500036
2.499930
2.499116
2.499613
2.499860
2.500616
2.500226
2.499825
2.499742
2.500550
2.500519
2.500013
2.499743
2.498850
2.499402
2.499404
2.498978
2.499538
2.500457
2.500552
2.500113
2.500056
2.501385
2.499957
2.517026
2.520648
2.520988
2.520876
2.520462
2.519682
2.519743
2.520722
2.517763
2.515105
2.516749
2.517151
2.518256
2.518291
2.518235
2.519177
2.520441
2.519801
2.520517
2.520286
2.521066
2.521442
2.520799
2.520671
2.521136
2.521881
2.521368
2.520924
2.520213
2.521545
2.521693
2.519529
2.519164
2.520429
2.520556
2.521297
2.521198
2.521470
2.521665
2.522206
2.521308
2.520833
2.521801
2.521734
2.521989
2.521409
2.521673
2.522008
2.522748
2.521662
2.521309
2.521847
2.522100
2.522047
2.521359
2.521379
2.521784
2.522323
2.521647
2.521538
2.521681
2.521847
2.523286
2.523015
2.523012
2.522906
2.523933
2.523746
2.523589
2.524000
2.524070
2.520136
2.509791
2.503660
2.503394
2.504054
2.504019
2.503932
2.503896
2.504290
2.504434
2.503257
2.503383
2.504726
2.505107
2.505055
2.504949
2.504790
2.504995
2.505855
2.504921
2.504719
2.505091
2.505350
2.505813
2.504553
2.504125
2.502896
2.503319
2.503371
2.503585
2.505171
2.505165
2.505690
2.505217
2.505093
2.504237
2.504873
2.504982
2.504809
2.503417
2.502786
2.503721
2.503577
2.504560
2.504915
2.504854
2.505689
2.505528
2.505660
2.505416
2.506300
2.505385
2.504138
2.504609
2.503923
2.503484
2.505323
2.506266
2.505620
2.505651
2.505595
2.505427
2.505540
2.505338
2.505580
2.505485
2.506124
2.504956
2.503798
2.504122
2.504694
2.506810
2.506180
2.506449
2.506165
2.506860
2.506337
2.506145
2.506176
2.506130
2.504857
2.504897
2.503390
2.503950
2.503501
2.502624
2.503905
2.503637
2.504696
2.504378
2.504495
2.504125
2.503912
2.503396
2.503045
2.503412
2.502977
2.503927
2.503918
2.503895
2.503961
2.504679
2.504839
2.504219
2.503839
2.504128
2.504932
2.504278
2.504266
2.503678
2.504728
2.504950
2.503715
2.516002
2.523766
2.524374
2.524424
2.523430
2.523968
2.524819
2.524864
2.523643
2.524589
2.525269
2.525609
2.525267
2.524270
2.523609
2.521670
2.520940
2.521393
2.520620
2.521304
2.523050
2.523003
2.523098
2.523422
2.523504
2.525230
2.524365
2.524543
2.523863
2.524126
2.524479
2.524310
2.524523
2.524754
2.525136
2.524700
2.524563
2.524543
2.525029
2.524911
2.524365
2.523910
2.524808
2.525046
2.524849
2.524300
2.523253
2.523215
2.523946
2.522818
2.524395
2.524828
2.525346
2.524723
2.523976
2.524578
2.524644
2.525134
2.524465
2.524281
2.524688
2.525227
2.524918
2.524806
2.524452
2.524762
2.524993
2.524545
2.524588
2.524469
2.524917
2.521743
2.513728
2.503097
2.503374
2.504326
2.503787
2.503425
2.503747
2.503760
2.504162
2.503819
2.505352
2.505249
2.506012
2.505414
2.505319
2.505215
2.504681
2.504687
2.503607
2.503847
2.504749
2.505671
2.505341
2.505080
2.504860
2.505183
2.504969
2.505031
2.504575
2.504548
2.505178
2.504318
2.503303
2.503811
2.503790
2.505843
2.504869
2.505026
2.504277
2.504290
2.502631
2.502304
2.502286
2.501612
2.503847
2.502958
2.502668
2.503003
2.503136
2.503120
2.503940
2.504014
2.504048
2.504758
2.502774
2.502216
2.502315
2.503261
2.504247
2.503836
2.503822
2.502984
2.503362
2.503000
2.502707
2.504126
2.504240
2.504858
2.503506
2.502980
2.503868
2.504566
2.503986
2.503792
2.503825
2.504025
2.503977
2.502557
2.502385
2.502375
2.504511
2.503962
2.503806
2.503780
2.503712
2.504659
2.503350
2.503571
2.503923
2.504086
2.503764
2.502962
2.502294
2.502221
2.502255
2.503465
2.503690
2.503437
2.504077
2.503994
2.503369
2.501850
2.500925
2.501183
2.500457
2.499712
2.500073
2.501258
2.499744
2.499961
2.500134
2.501495
2.501737
2.501490
2.509240
2.521334
2.522107
2.521577
2.520821
2.521356
2.521697
2.520972
2.520207
2.518271
2.517511
2.518418
2.518286
2.517194
2.518020
2.519065
2.519058
2.519382
2.519585
2.519088
2.521166
2.520379
2.520351
2.520540
2.520869
2.520747
2.520334
2.519989
2.520372
2.520372
2.520048
2.519928
2.520046
2.520298
2.520732
2.519615
2.519659
2.519668
2.520256
2.519813
2.519370
2.519524
2.519467
2.519801
2.518918
2.519029
2.518908
2.519493
2.519040
2.518796
2.518569
2.518172
2.518829
2.518082
2.518296
2.517483
2.518139
2.518084
2.518070
2.517637
2.517655
2.518268
2.517557
2.517467
2.517506
2.517155
2.517328
2.515604
2.515498
2.515455
2.516289
2.513680
2.507719
2.495191
2.493379
2.492676
2.493041
2.492406
2.492197
2.495207
2.494662
2.494427
2.493978
2.494009
2.495309
2.494631
2.494909
2.493932
2.495087
2.494853
2.495094
2.493654
2.491958
2.493869
2.494226
2.493052
2.491404
2.491286
2.491700
2.490690
2.489092
2.490268
2.492772
2.492352
2.490020
2.490708
2.491851
2.492760
2.491812
2.490379
2.490858
2.492860
2.490913
2.489093
2.488765
2.491421
2.492069
2.489919
2.490084
2.490224
2.491403
2.490618
2.488803
2.490475
2.492055
2.492126
2.488885
2.489086
2.490658
2.491297
2.490108
2.489120
2.490796
2.491305
2.490262
2.487883
2.488073
2.489384
2.489340
2.486439
2.486867
2.488685
2.487893
2.486578
2.485514
2.488854
2.489721
2.488517
2.486239
2.487211
2.488027
2.487436
2.487580
2.487994
2.488082
2.488751
2.487037
2.486660
2.486576
2.486347
2.485800
2.487218
2.486770
2.485307
2.484611
2.484888
2.485266
2.481888
2.483010
2.484409
2.484666
2.482409
2.482233
2.482549
2.483311
2.481235
2.481846
2.482891
2.483481
2.480828
2.480951
2.482842
2.483473
2.482359
2.480478
2.483736
2.486232
2.498616
2.502397
2.503174
2.503769
2.499623
2.503152
2.504745
2.504469
2.501323
2.500388
2.503772
2.503893
2.501513
2.497668
2.501488
2.500761
2.499641
2.493441
2.497661
2.499490
2.499443
2.495089
2.497195
2.499529
2.499980
2.494830
2.495582
2.498873
2.500187
2.497135
2.495152
2.500442
2.501298
2.499340
2.495644
2.499642
2.500898
2.500366
2.495168
2.498971
2.500498
2.500011
2.496191
2.497906
2.500586
2.500512
2.497261
2.497264
2.500691
2.501046
2.497944
2.497137
2.500098
2.501076
2.498344
2.497805
2.500395
2.501737
2.499242
2.497408
2.500382
2.502224
2.500520
2.496805
2.500757
2.502056
2.501484
2.497185
2.499458
2.502502
2.500789
2.491693
2.480125
2.480154
2.480493
2.477507
2.477255
2.479748
2.481747
2.477600
2.477261
2.480484
2.482294
2.480143
2.477348
2.479808
2.481664
2.481236
2.475799
2.477807
2.479060
2.479212
2.476475
2.477961
2.479832
2.480603
2.476086
2.475352
2.478212
2.479290
2.478088
2.477575
2.480031
2.480637
2.477176
2.476677
2.478959
2.481461
2.479965
2.477194
2.480934
2.481730
2.480591
2.477177
2.480602
2.482269
2.480836
2.477898
2.479113
2.481653
2.481172
2.477630
2.478966
2.481481
2.481619
2.477487
2.476677
2.481341
2.482944
2.480081
2.478711
2.481734
2.483072
2.480945
2.476743
2.479814
2.481160
2.482753
2.477974
2.480495
2.482532
2.482131
2.478483
2.479731
2.481954
2.481741
2.479770
2.479265
2.480844
2.480147
2.478771
2.478176
2.480536
2.480561
2.479660
2.479270
2.480418
2.480685
2.480192
2.479324
2.481321
2.480580
2.478917
2.477963
2.480105
2.480201
2.480770
2.481798
2.483022
2.483939
2.483704
2.483531
2.482985
2.483962
2.483422
2.483463
2.484031
2.486126
2.485464
2.485404
2.485433
2.485597
2.485644
2.485512
2.485870
2.486352
2.504408
2.505334
2.505081
2.505239
2.506226
2.505918
2.505788
2.504814
2.504737
2.505354
2.502266
2.501607
2.501565
2.503704
2.503711
2.503648
2.503259
2.503764
2.503744
2.503250
2.503947
2.505068
2.505610
2.506490
2.505763
2.504106
2.504817
2.505979
2.505873
2.504551
2.505431
2.505519
2.505977
2.504649
2.505208
2.505146
2.505741
2.504883
2.504610
2.505347
2.505229
2.505693
2.504245
2.504733
2.503890
2.504057
2.504192
2.503571
2.505336
2.505343
2.505518
2.504621
2.504770
2.505046
2.504560
2.505718
2.504668
2.505233
2.505172
2.505957
2.504954
2.504991
2.505437
2.505441
2.505444
2.505196
2.505220
2.504703
2.506402
2.504976
2.505692
2.500814
2.490771
2.485472
2.485144
2.486023
2.485856
2.486328
2.485530
2.485757
2.486197
2.485771
2.485461
2.484930
2.485656
2.486615
2.486048
2.486247
2.486083
2.486757
2.487364
2.487910
2.487801
2.487907
2.488305
2.487661
2.487223
2.486494
2.487074
2.486536
2.487942
2.487786
2.488157
2.488149
2.487409
2.488383
2.487657
2.487078
2.486525
2.487203
2.485117
2.484672
2.484339
2.485252
2.485753
2.485545
2.485672
2.485893
2.487526
2.486801
2.486633
2.486516
2.487020
2.487062
2.486692
2.486588
2.485968
2.484575
2.484205
2.484087
2.485011
2.486011
2.486815
2.486300
2.484897
2.484871
2.484865
2.486160
2.486205
2.486333
2.485965
2.485851
2.484777
2.485052
2.484529
2.485766
2.486632
2.486172
2.486385
2.486010
2.486632
2.486516
2.486317
2.486478
2.485467
2.487100
2.485985
2.485465
2.485068
2.485886
2.486809
2.486669
2.486820
2.486376
2.487383
2.486723
2.487361
2.485868
2.487901
2.487780
2.487643
2.486982
2.485881
2.487622
2.486324
2.486873
2.484714
2.486519
2.486613
2.487099
2.487159
2.486041
2.486831
2.485484
2.485264
2.484658
2.501160
2.505429
2.505279
2.505454
2.506287
2.505798
2.506224
2.506297
2.506875
2.506675
2.506285
2.505828
2.506384
2.506821
2.505518
2.504812
2.502849
2.503189
2.502972
2.502787
2.503617
2.503522
2.503875
2.503495
2.504948
2.506232
2.504375
2.503967
2.504056
2.504858
2.505111
2.505859
2.505620
2.505453
2.504853
2.505003
2.506074
2.506157
2.506472
2.505723
2.506702
2.506737
2.506136
2.505885
2.506202
2.507090
2.506679
2.506575
2.506334
2.506493
2.507485
2.506314
2.506152
2.506139
2.507173
2.506903
2.506554
2.506310
2.505579
2.505662
2.505234
2.505612
2.505763
2.507567
2.506903
2.506638
2.506847
2.506379
2.507789
2.506563
2.506323
2.503144
2.495051
2.486860
2.485812
2.486157
2.486821
2.487586
2.486499
2.486492
2.486216
2.487757
2.487534
2.486619
2.486849
2.487049
2.487969
2.486679
2.486655
2.486413
2.486566
2.486484
2.485337
2.486299
2.487499
2.487755
2.486944
2.487237
2.488503
2.488810
2.488834
2.488368
2.488599
2.489287
2.488657
2.487494
2.487566
2.487795
2.488211
2.489389
2.488679
2.489199
2.489238
2.489266
2.488705
2.489047
2.489415
2.488737
2.489970
2.488596
2.488425
2.488450
2.488598
2.489544
2.487922
2.487538
2.487969
2.488970
2.489852
2.490182
2.489070
2.489165
2.488608
2.489381
2.488773
2.488066
2.489446
2.489194
2.490736
2.490097
2.490146
2.490602
2.489955
2.488621
2.488499
2.490251
2.490357
2.490608
2.490021
2.489473
2.489816
2.489499
2.489039
2.489442
2.490602
2.490884
2.490415
2.489869
2.490185
2.491179
2.490816
2.489958
2.490200
2.490627
2.490571
2.489076
2.488814
2.488887
2.491770
2.490643
2.489876
2.490257
2.490937
2.491408
2.489589
2.490010
2.490183
2.491528
2.490407
2.489331
2.488607
2.489413
2.490123
2.489830
2.489943
2.490259
2.491698
2.500164
2.509726
2.509721
2.508851
2.508973
2.506950
