10.009000
2.277817
2.278702
2.280356
2.280146
2.282984
2.283722
2.285025
2.285056
2.287372
2.287958
2.288633
2.289163
2.289045
2.291694
2.289827
2.290474
2.289512
2.289475
2.288833
2.287759
2.286476
2.284757
2.284963
2.282817
2.281324
2.279366
2.276903
2.275742
2.272974
2.269879
2.267907
2.269599
2.270525
2.272328
2.273526
2.274565
2.277145
2.277661
2.279187
2.279527
2.282172
2.283097
2.284229
2.285669
2.285565
2.288329
2.288747
2.289716
2.289891
2.291260
2.291521
2.292424
2.291369
2.290007
2.291776
2.289881
2.289076
2.287396
2.286934
2.285935
2.284248
2.282138
2.279627
2.279379
2.276294
2.273700
2.271357
2.269333
2.269516
2.270210
2.271225
2.271151
2.274032
2.274926
2.276562
2.277448
2.278030
2.280641
2.281551
2.285646
2.284622
2.286014
2.287900
2.287284
2.289479
2.289990
2.291126
2.288758
2.290317
2.290073
2.289216
2.288457
2.286216
2.287087
2.285463
2.284024
2.281696
2.281072
2.279994
2.277284
2.275407
2.272151
2.271112
2.268773
2.269822
2.269775
2.271581
2.274342
2.275224
2.276511
2.276683
2.281233
2.279299
2.281489
2.282753
2.283543
2.285963
2.286247
2.287439
2.287459
2.289658
2.290044
2.290560
2.291253
2.290583
2.292026
2.292149
2.290343
2.289086
2.289153
2.288017
2.286726
2.285531
2.283356
2.283344
2.281090
2.279379
2.276079
2.274560
2.272354
2.270100
2.269780
2.269289
2.271640
2.272069
2.273659
2.273328
2.276059
2.278455
2.278147
2.279532
2.280813
2.283194
2.284130
2.284561
2.285691
2.286490
2.288350
2.288976
2.289277
2.288800
2.291048
2.290621
2.290252
2.289355
2.288724
2.289364
2.287618
2.286646
2.284423
2.284262
2.282816
2.280860
2.280602
2.276695
2.276059
2.272767
2.269565
2.267926
2.269460
2.270380
2.271513
2.273184
2.273453
2.277018
2.277722
2.279445
2.279503
2.281311
2.283639
2.283773
2.285284
2.285576
2.288278
2.288824
2.289283
2.290043
2.290665
2.291946
2.291389
2.291694
2.290241
2.291445
2.289935
2.288770
2.287650
2.287256
2.287533
2.284260
2.282758
2.280294
2.279825
2.277811
2.273380
2.271204
2.268939
2.268814
2.269631
2.271234
2.271453
2.274897
2.274848
2.275630
2.276570
2.280157
2.281439
2.281914
2.283074
2.285122
2.286425
2.286712
2.287612
2.287506
2.289789
2.290354
2.289982
2.289938
2.290342
2.289930
2.289004
2.288188
2.286403
2.287300
2.285448
2.283940
2.282320
2.280655
2.280825
2.278419
2.275540
2.271930
2.270715
2.268517
2.268910
2.269932
2.271055
2.273723
2.274589
2.276319
2.276865
2.279797
2.280147
2.281616
2.283206
2.283298
2.286243
2.286568
2.288495
2.287587
2.289558
2.289349
2.290754
2.292274
2.290747
2.293198
2.291536
2.290355
2.290025
2.289786
2.288304
2.284941
2.285479
2.282603
2.283754
2.281223
2.279616
2.276518
2.274515
2.272643
2.269586
2.269021
2.269245
2.271718
2.272218
2.273803
2.274409
2.275699
2.278675
2.278147
2.279638
2.280260
2.282878
2.283697
2.284461
2.286087
2.286205
2.288591
2.288828
2.289727
2.289302
2.291980
2.289923
2.290123
2.289553
2.289467
2.289500
2.287710
2.286335
2.284255
2.284783
2.282911
2.281585
2.280340
2.276376
2.276382
2.273363
2.270640
2.268484
2.269103
2.270571
2.271789
2.273220
2.273994
2.277207
2.278012
2.279454
2.279856
2.281065
2.283556
2.284237
2.286288
2.287290
2.287872
2.288871
2.289500
2.290850
2.288530
2.292286
2.289684
2.291514
2.290303
2.291221
2.290450
2.289050
2.288311
2.286168
2.287288
2.284698
2.283321
2.281123
2.280458
2.279035
2.275240
2.272572
2.267690
2.269980
2.269955
2.271076
2.271754
2.273192
2.274914
2.276207
2.277436
2.277723
2.280823
2.280996
2.282859
2.282751
2.284887
2.286325
2.286744
2.287582
2.287493
2.290141
2.289950
2.290108
2.290573
2.289654
2.290230
2.289542
2.288424
2.287221
2.287659
2.285935
2.284302
2.282864
2.280694
2.281116
2.277443
2.276387
2.272147
2.271774
2.268577
2.269329
2.269447
2.270678
2.273917
2.275622
2.278156
2.277443
2.278122
2.280881
2.281688
2.281467
2.282785
2.286009
2.286301
2.287953
2.287953
2.288867
2.290512
2.291076
2.291718
2.290339
2.291946
2.291205
2.290735
2.289866
2.288459
2.288917
2.286952
2.286128
2.283606
2.283868
2.281464
2.279672
2.277001
2.274045
2.273368
2.269584
2.269362
2.270318
2.271169
2.271508
2.273113
2.275560
2.275301
2.277890
2.278432
2.279907
2.280096
2.282272
2.283320
2.284550
2.285647
2.285777
2.287884
2.287832
2.289022
2.289163
2.289650
2.290658
2.290217
2.290255
2.288545
2.288970
2.288064
2.286445
2.285627
2.283820
2.283642
2.281712
2.279018
2.277838
2.276682
2.273926
2.270982
2.268594
2.268454
2.269945
2.271351
2.272995
2.274177
2.278008
2.277128
2.277758
2.280398
2.280291
2.283396
2.284501
2.285285
2.285738
2.288124
2.288628
2.289158
2.289772
2.289745
2.291152
2.292152
2.291958
2.291288
2.291033
2.289732
2.289658
2.288589
2.286837
2.286677
2.284736
2.282873
2.280971
2.279012
2.278587
2.275053
2.272643
2.268572
2.269677
2.270130
2.271411
2.271794
2.272673
2.275354
2.275250
2.278123
2.279840
2.281132
2.281783
2.283205
2.283702
2.286505
2.286505
2.287312
2.287737
2.289130
2.290199
2.289782
2.290187
2.289880
2.290689
2.289122
2.288569
2.287679
2.286243
2.285525
2.284001
2.282652
2.280318
2.280167
2.277750
2.277333
2.273005
2.269049
2.269503
2.268915
2.269987
2.269970
2.272829
2.273940
2.275961
2.277200
2.279050
2.279739
2.280341
2.281885
2.282898
2.285576
2.287267
2.286792
2.287945
2.288507
2.290882
2.290207
2.290590
2.291412
2.292083
2.291560
2.290593
2.290348
2.287835
2.288860
2.287218
2.286165
2.284062
2.283223
2.281685
2.279564
2.277932
2.274382
2.273833
2.270541
2.269182
2.269517
2.270596
2.272112
2.272739
2.274544
2.274778
2.277276
2.279394
2.279703
2.280798
2.281446
2.283947
2.284359
2.285780
2.285938
2.288046
2.288534
2.289037
2.289816
2.289858
2.290693
2.290040
2.289976
2.288661
2.289177
2.287273
2.286711
2.285372
2.283071
2.284058
2.281583
2.279059
2.277644
2.276387
2.273521
2.270558
2.268646
2.267624
2.270318
2.271270
2.273076
2.273744
2.275428
2.277519
2.278683
2.283183
2.283394
2.284420
2.285247
2.288226
2.288740
2.286996
2.289576
2.289855
2.290995
2.292148
2.291309
2.290817
2.289720
2.290815
2.289457
2.288289
2.286529
2.286570
2.284629
2.282980
2.281742
2.278948
2.278427
2.275449
2.273200
2.268941
2.269327
2.270081
2.270895
2.271939
2.272237
2.275096
2.275494
2.276505
2.278637
2.279484
2.280827
2.282287
2.282781
2.283943
2.286198
2.286210
2.287674
2.287530
2.289167
2.290011
2.289043
2.289932
2.289528
2.290171
2.289451
2.288397
2.287406
2.286347
2.286099
2.284256
2.283690
2.280935
2.280123
2.278120
2.276695
2.273616
2.270483
2.269894
2.268881
2.269627
2.270588
2.272921
2.274467
2.275943
2.277151
2.277622
2.280687
2.281348
2.282351
2.282777
2.285317
2.286300
2.287612
2.288266
2.288232
2.290735
2.290106
2.290424
2.292249
2.291577
2.291171
2.290919
2.289609
2.288659
2.288896
2.287287
2.286387
2.285084
2.282819
2.282335
2.279080
2.277569
2.274700
2.273527
2.270262
2.268907
2.269260
2.270482
2.272634
2.272521
2.274218
2.274499
2.276853
2.278603
2.279306
2.280843
2.280971
2.283477
2.284391
2.285537
2.286040
2.287928
2.288257
2.288956
2.289263
2.288595
2.290693
2.290283
2.289422
2.288896
2.288947
2.287851
2.286494
2.285827
2.283852
2.283777
2.282012
2.279121
2.278538
2.275878
2.274021
2.271366
2.269213
2.267953
2.270108
2.270711
2.272265
2.273986
2.275132
2.277997
2.278028
2.279770
2.280174
2.283399
2.284052
2.285053
2.286506
2.285976
2.288604
2.289215
2.289515
2.289907
2.290483
2.291259
2.292523
2.291475
2.289132
2.290725
2.289470
2.289269
2.286370
2.286119
2.284994
2.283028
2.280535
2.279238
2.278547
2.275339
2.271727
2.269984
2.269006
2.269544
2.270412
2.271148
2.272810
2.275065
2.274325
2.276254
2.277808
2.278899
2.281339
2.281680
2.282332
2.283590
2.286305
2.286249
2.287240
2.287815
2.287886
2.290165
2.289656
2.290584
2.289793
2.290567
2.289208
2.288526
2.287330
2.286372
2.286274
2.284611
2.283580
2.280511
2.279713
2.279007
2.276369
2.273679
2.270404
2.269818
2.268671
2.269334
2.269670
2.272710
2.274042
2.275814
2.276788
2.277253
2.280307
2.281066
2.282394
2.283169
2.284716
2.286505
2.287403
2.287723
2.288235
2.289944
2.290174
2.289869
2.291694
2.290765
2.290831
2.290086
2.289469
2.288213
2.288432
2.287269
2.285589
2.284697
2.282350
2.282493
2.279270
2.277976
2.274727
2.273733
2.270357
2.268806
2.269174
2.269664
2.272085
2.272872
2.273879
2.275077
2.276001
2.278267
2.279559
2.280250
2.280768
2.284052
2.284196
2.285025
2.285996
2.287381
2.288293
2.288420
2.289733
2.289091
2.291006
2.290211
2.289526
2.288980
2.287934
2.288530
2.286771
2.285670
2.283499
2.283627
2.281634
2.279394
2.279038
2.275456
2.274446
2.271388
2.268896
2.267496
2.270053
2.271026
2.272521
2.273707
2.274106
2.277739
2.278390
2.279807
2.279840
2.282685
2.283958
2.284563
2.285913
2.286150
2.288557
2.288826
2.289764
2.289554
2.290295
2.291443
2.291703
2.291395
2.289842
2.290883
2.289459
2.288448
2.286882
2.286748
2.285596
2.283154
2.282027
2.278292
2.278684
2.276679
2.272179
2.269039
2.267091
2.270083
2.271380
2.272936
2.272590
2.274877
2.275441
2.276347
2.278098
2.278404
2.281205
2.281591
2.283164
2.283087
2.285522
2.286602
2.287557
2.287771
2.287965
2.290150
2.290120
2.290325
2.289532
2.290336
2.289513
2.288589
2.287583
2.285902
2.286505
2.284670
2.283210
2.281108
2.279653
2.279171
2.276419
2.273672
2.270504
2.269835
2.268785
2.269457
2.270565
2.271656
2.274407
2.275335
2.276704
2.277192
2.280568
2.281319
2.282156
2.283058
2.283898
2.286347
2.287090
2.288081
2.288210
2.290099
2.290393
2.290801
2.291170
2.291732
2.292688
2.289146
2.289925
2.288393
2.288391
2.287837
2.286099
2.284567
2.282962
2.282428
2.280285
2.277935
2.274882
2.273380
2.270985
2.268962
2.269337
2.269917
2.271892
2.272792
2.273855
2.274709
2.275946
2.278671
2.279108
2.280278
2.280849
2.283709
2.283955
2.285004
2.285984
2.286304
2.288813
2.288840
2.289399
2.289052
2.290946
2.290590
2.289450
2.289353
2.287602
2.288564
2.287272
2.286032
2.283921
2.283868
2.281959
2.279848
2.279351
2.275181
2.274812
2.271725
2.269218
2.267903
2.269108
2.270801
2.272193
2.273510
2.273882
2.277281
2.278267
2.279810
2.280893
2.282166
2.281891
2.283671
2.285416
2.285857
2.288281
2.288867
2.289746
2.290031
2.289920
2.291676
2.289869
2.291545
2.289836
2.291040
2.288557
2.288284
2.287210
2.284753
2.286413
2.283691
2.282146
2.280068
2.278649
2.276278
2.274737
2.270245
2.266922
2.269619
2.269812
2.270870
2.271539
2.274044
2.275254
2.277179
2.277767
2.278689
2.280908
2.281284
2.282661
2.283666
2.285448
2.286210
2.287109
2.288053
2.288064
2.289988
2.289798
2.291031
2.289361
2.289547
2.290020
2.288644
2.287989
2.286115
2.286330
2.284868
2.283132
2.281851
2.279912
2.278341
2.276765
2.276087
2.271360
2.270025
2.268538
2.268848
2.269375
2.270909
2.274730
2.275401
2.276898
2.277919
2.279220
2.280892
2.282055
2.283813
2.283576
2.286714
2.287264
2.288337
2.288614
2.289597
2.290775
2.291676
2.290891
2.290585
2.292054
2.291307
2.290412
2.289440
2.288733
2.288202
2.286448
2.285265
2.282829
2.283104
2.280598
2.277907
2.275559
2.273844
2.271209
2.269206
2.269648
2.270051
2.271958
2.272900
2.273999
2.275201
2.276758
2.278625
2.278863
2.279931
2.280741
2.282733
2.284033
2.284918
2.286214
2.286336
2.288788
2.288948
2.289711
2.289891
2.290071
2.291059
2.290164
2.289420
2.287980
2.288614
2.287278
2.286015
2.284555
2.283651
2.282626
2.281607
2.278162
2.275983
2.275515
2.272174
2.269378
2.268578
2.268505
2.271263
2.272483
2.273319
2.274690
2.277526
2.278339
2.279598
2.280935
2.281659
2.284195
2.284532
2.286078
2.286068
2.288129
2.289174
2.290093
2.290041
2.290487
2.290665
2.291280
2.291094
2.290316
2.290712
2.290172
2.289137
2.287688
2.285887
2.286114
2.284240
2.282535
2.280367
2.278473
2.276839
2.274244
2.271163
2.268639
2.270151
2.270588
2.271217
2.272184
2.273817
2.275653
2.277276
2.277588
2.278050
2.281075
2.281821
2.282808
2.283897
2.284272
2.286969
2.287728
2.287664
2.288448
2.292745
2.291585
2.291121
2.290341
2.289377
2.289100
2.287491
2.287922
2.286437
2.285987
2.284941
2.284220
2.281396
2.279820
2.277405
2.277908
2.279337
2.281107
2.282119
2.283403
2.283809
2.286558
2.287611
2.288028
2.288359
2.289050
2.291135
2.290855
2.291089
2.290719
2.292859
2.291048
2.289825
2.289087
2.287562
2.288665
2.286591
2.272731
2.273174
2.274504
2.275500
2.279370
2.279512
2.280353
2.280337
2.282341
2.284513
2.284955
2.286153
2.286335
2.288585
2.289166
2.290105
2.290277
2.292665
2.289571
2.288719
2.288234
2.286928
2.288538
2.284181
2.283367
2.282802
2.282792
2.281712
2.277951
2.276091
2.275158
2.272510
2.270020
2.269147
2.269589
2.270687
2.270414
2.273603
2.274355
2.277139
2.278999
2.279204
2.280582
2.281187
2.284160
2.284909
2.285850
2.286451
2.288438
2.289434
2.289917
2.289444
2.290728
2.291560
2.291528
2.291616
2.290441
2.290193
2.290121
2.288792
2.288053
2.285896
2.286304
2.284504
2.282499
2.281708
2.277265
2.277144
2.274470
2.271441
2.268203
2.269728
2.270604
2.270931
2.271633
2.272841
2.275645
2.277061
2.277141
2.278536
2.280791
2.281685
2.282845
2.283953
2.283883
2.286811
2.287340
2.287716
2.288221
2.289767
2.290533
2.290431
2.290545
2.289366
2.290068
2.290010
2.289705
2.286494
2.286673
2.288473
2.284235
2.282267
2.278659
2.281554
2.276226
2.272928
2.271985
2.269246
2.268924
2.269831
2.271134
2.271405
2.274117
2.274444
2.275993
2.277323
2.276911
2.281452
2.282178
2.283155
2.283885
2.286053
2.287176
2.288080
2.288537
2.288983
2.291021
2.292324
2.290466
2.290803
2.292029
2.291207
2.290431
2.289891
2.287976
2.288557
2.286823
2.285253
2.283766
2.282411
2.283306
2.278557
2.276384
2.274176
2.271143
2.268050
2.268841
2.269924
2.270762
2.272667
2.273772
2.274804
2.276835
2.277225
2.278672
2.279966
2.281163
2.281882
2.284737
2.284777
2.286004
2.286062
2.288675
2.288965
2.289374
2.289972
2.289215
2.291519
2.290125
2.289786
2.288491
2.288636
2.287349
2.286392
2.285191
2.282937
2.283176
2.281530
2.279559
2.277905
2.275825
2.273300
2.269281
2.269140
2.266664
2.269072
2.271388
2.273526
2.274660
2.277111
2.279198
2.278987
2.279785
2.279866
2.283813
2.284549
2.285601
2.286428
2.287154
2.289222
2.289633
2.290249
2.289837
2.291998
2.291675
2.291267
2.290833
2.289457
2.290586
2.288731
2.288040
2.286155
2.286186
2.284304
2.282434
2.280634
2.278017
2.277564
2.275665
2.271000
2.268758
2.269471
2.270332
2.271094
2.272192
2.272718
2.275860
2.277429
2.277297
2.278317
2.280244
2.282053
2.282793
2.284039
2.284497
2.286729
2.287387
2.289160
2.288311
2.288265
2.290375
2.290007
2.290382
2.289678
2.290711
2.289279
2.290099
2.288415
2.285613
2.285972
2.283940
2.282001
2.279351
2.277125
2.277029
2.274986
2.272609
2.268980
2.269375
2.269123
2.270761
2.271662
2.273493
2.274871
2.276598
2.278110
2.277693
2.281172
2.281906
2.283325
2.284234
2.285766
2.287171
2.287547
2.288663
2.288568
2.291263
2.291660
2.290644
2.290996
2.290755
2.291840
2.290336
2.291247
2.288319
2.288575
2.285780
2.285182
2.283636
2.281805
2.281612
2.278891
2.276611
2.273899
2.272470
2.269293
2.269037
2.270316
2.269927
2.272608
2.273566
2.275267
2.275079
2.277513
2.278496
2.280092
2.281059
2.281870
2.284599
2.284614
2.287288
2.287580
2.287405
2.288980
2.289759
2.287968
2.289112
2.291266
2.290381
2.289770
2.288897
2.288128
2.287757
2.286575
2.285460
2.282927
2.283294
2.281628
2.278909
2.277122
2.275867
2.274628
2.271004
2.267788
2.268129
2.270807
2.270803
2.273130
2.275065
2.275538
2.279225
2.279015
2.280582
2.281611
2.282966
2.284555
2.285566
2.286720
2.287151
2.289348
2.289848
2.290184
2.291086
2.291049
2.291993
2.291276
2.291036
2.289621
2.290326
2.289199
2.287890
2.286581
2.285374
2.284839
2.282932
2.281758
2.277302
2.277862
2.274907
2.272097
2.269301
2.268846
2.270481
2.270848
2.272177
2.272703
2.275729
2.278588
2.277717
2.278585
2.279847
2.281708
2.282820
2.283273
2.283247
2.286831
2.285045
2.286125
2.288451
2.288235
2.290511
2.289933
2.290025
2.289410
2.289898
2.289699
2.288539
2.287416
2.285401
2.285745
2.283823
2.282680
2.281411
2.278788
2.277967
2.274750
2.272660
2.269122
2.270000
2.269341
2.270081
2.271566
2.273358
2.275403
2.276503
2.277750
2.278201
2.280720
2.282023
2.282844
2.284064
2.284961
2.287263
2.287764
2.289525
2.289107
2.290804
2.291092
2.289609
2.291128
2.290518
2.291753
2.290795
2.289681
2.288434
2.288625
2.287036
2.285899
2.284137
2.281780
2.282351
2.279168
2.277095
2.274247
2.272612
2.270068
2.269499
2.271814
2.271395
2.272917
2.274051
2.273005
2.276341
2.276487
2.277572
2.279492
2.281271
2.281575
2.284303
2.284921
2.285948
2.286816
2.287163
2.289085
2.289400
2.290358
2.288623
2.290927
2.290927
2.289065
2.289116
2.288631
2.289022
2.286479
2.284121
2.282879
2.283212
2.281393
2.279439
2.277315
2.274631
2.273899
2.270411
2.269111
2.268299
2.270595
2.271812
2.273279
2.274721
2.275348
2.278531
2.279416
2.280339
2.280878
2.282970
2.284428
2.285001
2.286412
2.286378
2.289557
2.289499
2.290236
2.290699
2.290745
2.291965
2.291432
2.290936
2.289873
2.290719
2.289478
2.288259
2.286698
2.285197
2.284941
2.284049
2.283821
2.277313
2.277572
2.275976
2.272271
2.267872
2.267426
2.270270
2.271655
2.270989
2.271879
2.274442
2.276775
2.276036
2.278165
2.279058
2.281933
2.282178
2.283748
2.284218
2.285845
2.287121
2.287793
2.288355
2.288463
2.291302
2.289625
2.290423
2.290155
2.289686
2.289667
2.288365
2.287441
2.285862
2.286064
2.284434
2.283099
2.281969
2.278489
2.278219
2.275606
2.273312
2.269599
2.269287
2.269055
2.270149
2.271481
2.272397
2.275562
2.276222
2.278230
2.278916
2.280760
2.281653
2.281358
2.285115
2.283768
2.287161
2.288688
2.287639
2.288612
2.290630
2.292442
2.290658
2.291157
2.290827
2.292065
2.291578
2.292215
2.288115
2.287956
2.287005
2.285970
2.282683
2.282096
2.283001
2.279014
2.277332
2.275686
2.271271
2.270152
2.269619
2.270153
2.269681
2.272360
2.273537
2.274705
2.277104
2.276362
2.278695
2.280079
2.281320
2.281494
2.284293
2.284753
2.286019
2.286881
2.287849
2.290391
2.289140
2.288913
2.288644
2.290953
2.290707
2.289717
2.289393
2.287289
2.288554
2.286772
2.285751
2.283757
2.282919
2.282592
2.279145
2.277750
2.274904
2.274007
2.270871
2.268700
2.268273
2.270293
2.272062
2.272836
2.274755
2.275203
2.278177
2.278979
2.280619
2.281530
2.282329
2.284753
2.285182
2.286021
2.286536
2.289951
2.291052
2.289825
2.291185
2.289107
2.291270
2.291567
2.290747
2.288150
2.290815
2.290286
2.288924
2.286940
2.283686
2.284915
2.283047
2.281452
2.278346
2.277545
2.275082
2.272620
2.269590
2.267900
2.270620
2.271032
2.272028
2.272873
2.274605
2.277157
2.276982
2.278348
2.279038
2.282025
2.282460
2.283753
2.284579
2.285365
2.287292
2.287818
2.288492
2.288802
2.290459
2.290288
2.290466
2.290149
2.288866
2.289808
2.288458
2.287520
2.285562
2.285841
2.284409
2.282771
2.281466
2.278722
2.278666
2.275791
2.274088
2.271259
2.267965
2.269175
2.270877
2.269747
2.271653
2.275572
2.276906
2.278762
2.277631
2.281227
2.281416
2.282555
2.283612
2.283910
2.286789
2.287272
2.287927
2.288675
2.289774
2.291464
2.290443
2.291047
2.290784
2.291813
2.290378
2.289714
2.289033
2.287413
2.287621
2.285572
2.284337
2.282282
2.281857
2.279392
2.277260
2.275502
2.271567
2.270200
2.268865
2.269899
2.270128
2.272208
2.273287
2.274408
2.275912
2.276767
2.280149
2.279263
2.279780
2.281621
2.283041
2.284778
2.285535
2.286476
2.286692
2.289081
2.289027
2.290581
2.288665
2.289941
2.290563
2.289423
2.288996
2.287576
2.287962
2.286565
2.285035
2.284198
2.282550
2.282655
2.279387
2.278014
2.274998
2.273881
2.270865
2.269124
2.268789
2.269260
2.272003
2.272716
2.274628
2.275316
2.278794
2.277872
2.279798
2.281075
2.281696
2.284516
2.284767
2.286127
2.286313
2.288129
2.290187
2.290136
2.291096
2.288966
2.291300
2.291327
2.290975
2.290189
2.289731
2.289703
2.288509
2.287282
2.284666
2.284901
2.283045
2.281657
2.278663
2.277112
2.275802
2.272474
2.269885
2.267880
2.269945
2.270396
2.271299
2.272847
2.273708
2.277251
2.276676
2.278039
2.278807
2.280991
2.282150
2.283159
2.284182
2.284488
2.286943
2.287598
2.288433
2.288195
2.290568
2.289842
2.290310
2.290198
2.288753
2.290083
2.289745
2.287821
2.287236
2.287440
2.284607
2.282785
2.280884
2.281454
2.277297
2.275022
2.272573
2.269267
2.268211
2.268583
2.270133
2.271915
2.272069
2.274790
2.276009
2.276446
2.278261
2.279682
2.282263
2.282689
2.283905
2.284030
2.286848
2.287477
2.288300
2.289073
2.289976
2.291496
2.290530
2.291623
2.291034
2.291726
2.290708
2.289870
2.289307
2.287298
2.288802
2.285126
2.286994
2.282470
2.280913
2.278941
2.276457
2.275424
2.271361
2.271264
2.269115
2.269652
2.269413
2.270694
2.273211
2.273983
2.276512
2.275160
2.278552
2.279645
2.280694
2.282732
2.283262
2.283988
2.285208
2.286457
2.285960
2.288502
2.290123
2.290266
2.289724
2.289688
2.290851
2.290111
2.289435
2.287809
2.287930
2.286843
2.284979
2.284037
2.282255
2.283023
2.280257
2.278322
2.275633
2.273682
2.271062
2.268962
2.269331
2.268509
2.269402
2.273375
2.272615
2.275066
2.277712
2.278780
2.281066
2.281411
2.281670
2.284510
2.285255
2.285509
2.287039
2.286519
2.289497
2.289929
2.291360
2.289904
2.292241
2.291752
2.290984
2.290944
2.289476
2.290042
2.288370
2.287290
2.285388
2.285667
2.283551
2.282916
2.278871
2.276687
2.277073
2.272020
2.270247
2.268620
2.270004
2.270819
2.271395
2.272978
2.273566
2.277121
2.276403
2.278490
2.278957
2.280992
2.282065
2.283204
2.284439
2.284459
2.287028
2.287552
2.287895
2.290034
2.289824
2.289400
2.290075
2.292259
2.289872
2.289894
2.288411
2.287166
2.288224
2.283180
2.283225
2.283089
2.282946
2.278073
2.278820
2.275988
2.274038
2.270945
2.268385
2.269493
2.270160
2.271150
2.273595
2.275479
2.276157
2.276970
2.276589
2.278330
2.281628
2.282537
2.283925
2.284458
2.286386
2.287780
2.288056
2.289202
2.289221
2.292590
2.290899
2.291324
2.290909
2.291226
2.291197
2.290729
2.289601
2.287526
2.289628
2.286263
2.284214
2.282897
2.281332
2.280380
2.277741
2.275894
2.272371
2.270839
2.269184
2.269670
2.270334
2.270520
2.273643
2.274591
2.276622
2.275418
2.278624
2.279874
2.280748
2.282001
2.282440
2.284993
2.287260
2.287762
2.286847
2.289390
2.289769
2.289558
2.288463
2.287244
2.291000
2.290422
2.289361
2.288247
2.288061
2.287290
2.285669
2.284535
2.282240
2.283352
2.279075
2.278010
2.275611
2.273602
2.271779
2.270560
2.268814
2.267381
2.270951
2.272455
2.274246
2.275711
2.276554
2.279258
2.279834
2.281626
2.280934
2.283930
2.285500
2.285787
2.286972
2.288284
2.290422
2.289320
2.290854
2.288827
2.291018
2.291656
2.291149
2.290862
2.288957
2.289983
2.288455
2.287443
2.285479
2.285095
2.283719
2.282121
2.279517
2.276859
2.277096
2.273118
2.270262
2.268346
2.269257
2.270980
2.271069
2.272611
2.273500
2.277388
2.278178
2.278112
2.279510
2.280254
2.282010
2.282549
2.284449
2.281542
2.286677
2.287331
2.288111
2.288644
2.289921
2.289346
2.291281
2.289122
2.289453
2.288687
2.287726
2.287790
2.286571
2.284546
2.285210
2.282990
2.282484
2.278487
2.278122
2.276028
2.273542
2.271039
2.268302
2.269334
2.269756
2.270687
2.271770
2.274237
2.275732
2.278175
2.277408
2.278392
2.281656
2.282469
2.283770
2.284526
2.285715
2.287681
2.288302
2.288739
2.288661
2.292175
2.290325
2.291983
2.291116
2.289248
2.291060
2.289973
2.290144
2.288807
2.286100
2.286496
2.284803
2.283459
2.281480
2.280266
2.277914
2.275607
2.272683
2.270775
2.269337
2.269428
2.271429
2.272162
2.273620
2.274290
2.275580
2.276407
2.277642
2.278466
2.278913
2.281695
2.281992
2.284656
2.285703
2.286091
2.286927
2.288026
2.289511
2.290182
2.289718
2.289168
2.291771
2.289871
2.289360
2.288992
2.288069
2.287145
2.285981
2.285154
2.283932
2.282813
2.278955
2.277616
2.276298
2.273213
2.272263
2.269226
2.268736
2.268836
2.271152
2.272707
2.273964
2.275571
2.275902
2.279067
2.279640
2.281088
2.281706
2.283910
2.285106
2.286085
2.287409
2.287250
2.289981
2.290041
2.291002
2.290281
2.291021
2.291808
2.291259
2.290859
2.289114
2.290081
2.288490
2.287491
2.286019
2.284672
2.283790
2.282441
2.281412
2.278321
2.276499
2.273820
2.269998
2.267383
2.269071
2.270141
2.271078
2.271379
2.272646
2.276864
2.275851
2.277811
2.278923
2.279618
2.282137
2.282927
2.284350
2.284576
2.287022
2.287591
2.287965
2.288688
2.288924
2.292506
2.290754
2.289207
2.288935
2.289472
2.287985
2.287687
2.286975
2.284851
2.285265
2.283448
2.282461
2.279774
2.278376
2.277065
2.274655
2.271637
2.268283
2.269351
2.269936
2.270892
2.272595
2.273524
2.276222
2.277174
2.278419
2.279051
2.281829
2.282882
2.284280
2.284593
2.285101
2.286526
2.287903
2.288864
2.288838
2.291679
2.290376
2.291378
2.291137
2.290426
2.292597
2.291711
2.289523
2.288297
2.287804
2.286165
2.284025
2.281606
2.280643
2.280635
2.278337
2.277163
2.272412
2.270687
2.269712
2.269562
2.270630
2.270532
2.273610
2.274172
2.275860
2.276037
2.277634
2.279612
2.280796
2.281640
2.281686
2.284591
2.285333
2.286123
2.287011
2.287288
2.289883
2.289170
2.291245
2.290396
2.290658
2.289087
2.289327
2.288470
2.287125
2.288082
2.286351
2.284829
2.282473
2.282956
2.279902
2.278253
2.276490
2.273428
2.272583
2.269627
2.268705
2.268735
2.270994
2.272767
2.274386
2.275200
2.276086
2.278878
2.279811
2.280737
2.281866
2.283012
2.285154
2.285903
2.287082
2.288415
2.291332
2.289860
2.290843
2.290468
2.290655
2.289859
2.291554
2.288832
2.289526
2.289872
2.288829
2.287605
2.286250
2.285606
2.284654
2.282630
2.278993
2.277211
2.276906
2.273835
2.271014
2.268962
2.268542
2.271332
2.271366
2.272746
2.273517
2.276015
2.277331
2.277856
2.279467
2.279573
2.282496
2.282919
2.284037
2.284779
2.286443
2.287946
2.288069
2.288998
2.288676
2.290950
2.290771
2.290240
2.290234
2.289056
2.289516
2.288555
2.287101
2.285486
2.285534
2.283549
2.282425
2.279986
2.277617
2.277647
2.274593
2.271912
2.268775
2.269555
2.270776
2.271497
2.271283
2.272190
2.276221
2.277071
2.279886
2.281200
2.280937
2.282243
2.284374
2.284575
2.284192
2.286505
2.286798
2.289106
2.289222
2.291362
2.290336
2.291332
2.291297
2.290398
2.291829
2.291520
2.290797
2.288314
2.287096
2.286649
2.284777
2.283490
2.281620
2.280993
2.278428
2.276959
2.273918
2.270398
2.269856
2.269840
2.270334
2.270381
2.273290
2.274110
2.275822
2.276301
2.277194
2.279935
2.280579
2.283295
2.283056
2.283770
2.284058
2.286536
2.286875
2.287487
2.289767
2.290971
2.288741
2.289342
2.290679
2.290344
2.289494
2.288802
2.287049
2.287933
2.286217
2.284704
2.283277
2.282688
2.280314
2.278700
2.276732
2.273713
2.272365
2.269990
2.269717
2.269078
2.270265
2.272489
2.273001
2.275003
2.276239
2.278299
2.279743
2.281021
2.281959
2.282162
2.285272
2.285674
2.286580
2.287115
2.289261
2.289850
2.290884
2.290591
2.291018
2.292122
2.291113
2.289799
2.289721
2.289485
2.288998
2.287708
2.286655
2.284156
2.284593
2.282960
2.279900
2.277654
2.276461
2.273939
2.270495
2.268744
2.268478
2.270702
2.270782
2.272194
2.273428
2.275271
2.276617
2.277700
2.279103
2.279301
2.281971
2.282946
2.283794
2.284929
2.285118
2.287669
2.288038
2.288665
2.288563
2.290633
2.290455
2.290541
2.289445
2.288788
2.289611
2.288062
2.287186
2.285272
2.285373
2.284674
2.282675
2.279945
2.276930
2.277187
2.274432
2.272147
2.268934
2.268744
2.269475
2.270755
2.271981
2.272601
2.275817
2.277187
2.277601
2.279136
2.280365
2.282411
2.283177
2.284206
2.284597
2.287430
2.288096
2.288963
2.289391
2.289822
2.291520
2.291212
2.291691
2.290208
2.291556
2.290338
2.289901
2.288697
2.286605
2.287437
2.285272
2.283853
2.281609
2.280748
2.278712
2.276578
2.274014
2.270064
2.269968
2.269627
2.270903
2.270513
2.272498
2.274125
2.274565
2.275611
2.276503
2.279482
2.280357
2.281548
2.282323
2.283689
2.285317
2.286109
2.286851
2.287641
2.288978
2.290428
2.292627
2.290216
2.289205
2.290884
2.289271
2.286186
2.286024
2.287534
2.285815
2.285111
2.284044
2.281181
2.281528
2.278718
2.277646
2.272202
2.271654
2.268038
2.268178
2.269139
2.269676
2.272944
2.273891
2.275108
2.276878
2.277776
2.279767
2.280780
2.282042
2.282670
2.286363
2.285799
2.285808
2.286780
2.288977
2.289751
2.291261
2.290166
2.289821
2.292247
2.291581
2.290894
2.289839
2.289361
2.289371
2.287868
2.286350
2.284551
2.284388
2.283154
2.279798
2.278528
2.276461
2.274601
2.271138
2.269272
2.268639
2.270652
2.271274
2.272446
2.273966
2.274340
2.277179
2.277884
2.279085
2.279825
2.282114
2.283083
2.283921
2.285020
2.285051
2.288005
2.288353
2.288719
2.289094
2.289896
2.291301
2.291662
2.289783
2.289386
2.291238
2.288255
2.287584
2.286521
2.283870
2.283157
2.281455
2.279670
2.277991
2.277966
2.274893
2.272602
2.269661
2.268025
2.269895
2.270787
2.272126
2.273265
2.275463
2.276826
2.278094
2.279476
2.280112
2.283304
2.283540
2.284678
2.285177
2.287579
2.288128
2.288660
2.289810
2.290199
2.291369
2.291473
2.291160
2.290769
2.291558
2.291183
2.290014
2.288822
2.287239
2.287731
2.285575
2.285253
2.283060
2.280698
2.278168
2.276963
2.274997
2.270710
2.270221
2.269282
2.270464
2.270779
2.272028
2.274536
2.276055
2.276101
2.276579
2.279938
2.280663
2.281640
2.282671
2.283368
2.285805
2.286392
2.288551
2.289099
2.289234
2.290232
2.290440
2.289295
2.287586
2.289030
2.289425
2.288706
2.287300
2.287527
2.286574
2.285222
2.283916
2.282456
2.281209
2.278786
2.277070
2.274365
2.272363
2.270334
2.268692
2.268942
2.270404
2.273455
2.273789
2.273818
2.276400
2.277223
2.279904
2.281447
2.281184
2.282257
2.285647
2.286105
2.286683
2.287728
2.288306
2.290249
2.290527
2.291011
2.290432
2.292444
2.291693
2.290801
2.290375
2.288914
2.289520
2.288256
2.286477
2.284833
2.284271
2.283497
2.280153
2.278402
2.276275
2.276173
2.272276
2.268455
2.268388
2.270073
2.269870
2.272462
2.273752
2.274600
2.276692
2.278049
2.281167
2.279769
2.281423
2.283706
2.283533
2.283686
2.283549
2.286513
2.286935
2.288634
2.289456
2.288893
2.291116
2.290491
2.289745
2.288675
2.289732
2.288435
2.287407
2.285884
2.283766
2.284502
2.283339
2.280097
2.277964
2.277036
2.275153
2.272378
2.270029
2.267674
2.269779
2.270322
2.271520
2.272741
2.275210
2.277066
2.277780
2.279007
2.279628
2.282864
2.283299
2.284435
2.285093
2.286339
2.287868
2.288461
2.289265
2.290162
2.290919
2.290708
2.291486
2.292241
2.290738
2.289546
2.289094
2.288724
2.286985
2.287393
2.285558
2.284011
2.282771
2.279608
2.279356
2.276919
2.274387
2.270580
2.269977
2.270355
2.271703
2.270627
2.271054
2.274183
2.275339
2.274321
2.276866
2.277709
2.279246
2.280992
2.282276
2.282881
2.285693
2.286130
2.286986
2.287248
2.288801
2.289608
2.290164
2.290031
2.290103
2.290387
2.289733
2.289143
2.287676
2.286990
2.286506
2.285107
2.283562
2.282559
2.281796
2.279203
2.276624
2.273543
2.271750
2.270593
2.268267
2.268947
2.269300
2.272111
2.273681
2.274889
2.276345
2.276552
2.279549
2.280388
2.281421
2.282354
2.284380
2.285656
2.286294
2.287788
2.287517
2.290281
2.290521
2.290619
2.290463
2.291429
2.291971
2.291139
2.290266
2.288488
2.289585
2.287688
2.286719
2.285091
2.284947
2.284653
2.281565
2.279088
2.276462
2.274995
2.271529
2.265803
2.268230
2.269399
2.272072
2.272484
2.273385
2.273656
2.275662
2.277098
2.278236
2.279937
2.280197
2.283227
2.283891
2.284778
2.285208
2.287540
2.287729
2.288690
2.289452
2.288852
2.291162
2.290570
2.290236
2.288870
2.289686
2.288700
2.287394
2.286169
2.284212
2.284758
2.283053
2.281179
2.278793
2.277336
2.275503
2.272692
2.269878
2.267898
2.269542
2.271611
2.272429
2.271552
2.274455
2.276399
2.276980
2.279360
2.279448
2.282283
2.283078
2.284876
2.285982
2.285970
2.287514
2.287439
2.289178
2.289737
2.290778
2.291458
2.291425
2.291793
2.291532
2.292268
2.289624
2.289443
2.287723
2.284988
2.286167
2.281775
2.281510
2.279562
2.279759
2.277930
2.274262
2.271681
2.269785
2.269900
2.270129
2.270892
2.271206
2.274485
2.276185
2.275670
2.277191
2.278675
2.280728
2.281256
2.282591
2.282797
2.285832
2.286005
2.286819
2.287515
2.287990
2.290372
2.289761
2.290093
2.290779
2.291723
2.290040
2.287126
2.287898
2.286763
2.287018
2.285107
2.283934
2.282538
2.281133
2.278974
2.277193
2.275324
2.272173
2.270845
2.268801
2.269049
2.269419
2.271982
2.273690
2.275116
2.276158
2.276956
2.279842
2.280281
2.281851
2.282583
2.284143
2.285475
2.286342
2.288967
2.288832
2.290323
2.290711
2.291349
2.290788
2.289836
2.290795
2.287858
2.290570
2.289226
2.289679
2.288175
2.286930
2.285370
2.283639
2.285564
2.281343
2.279903
2.277743
2.272596
2.270577
2.269348
2.269350
2.268975
2.271376
2.272535
2.273684
2.275180
2.275583
2.277650
2.278953
2.279985
2.280331
2.283183
2.283660
2.285058
2.285616
2.287262
2.287892
2.288510
2.289510
2.288974
2.290906
2.290606
2.290357
2.289761
2.288991
2.289020
2.287776
2.286583
2.284744
2.284752
2.282907
2.281274
2.279088
2.276901
2.276037
2.272969
2.270365
2.267832
2.269634
2.270343
2.271844
2.274458
2.274024
2.275752
2.279630
2.280376
2.279685
2.282213
2.283658
2.282861
2.284935
2.285070
2.287134
2.288480
2.289436
2.290243
2.290494
2.291352
2.291381
2.291632
2.290329
2.291435
2.290393
2.289162
2.287844
2.286844
2.286394
2.284325
2.282942
2.280389
2.279913
2.278284
2.274936
2.271966
2.268921
2.269535
2.270024
2.270680
2.270998
2.274235
2.275265
2.277300
2.278044
2.277004
2.280350
2.279811
2.282156
2.283654
2.285660
2.285940
2.285704
2.288706
2.286697
2.290283
2.289433
2.289844
2.289698
2.290298
2.290165
2.289175
2.288281
2.286963
2.287489
2.285526
2.284280
2.283196
2.280711
2.279944
2.277483
2.275639
2.272347
2.273669
2.269686
2.268970
2.269941
2.271779
2.274323
2.272021
2.276009
2.276550
2.279977
2.280588
2.281863
2.282861
2.283493
2.285720
2.286499
2.287542
2.287854
2.289910
2.291200
2.290186
2.290813
2.290553
2.293582
2.291559
2.290478
2.287912
2.289370
2.288321
2.287297
2.285781
2.283726
2.283816
2.281181
2.279189
2.277014
2.275377
2.272333
2.269883
2.269003
2.268692
2.271674
2.272329
2.273349
2.275143
2.275465
2.278205
2.279069
2.279911
2.280390
2.283213
2.283701
2.284761
2.285523
2.286084
2.288431
2.288968
2.289740
2.288685
2.290753
2.291319
2.289677
2.289891
2.288835
2.289150
2.287847
2.286554
2.285939
2.285314
2.283496
2.282722
2.278535
2.276510
2.275522
2.273096
2.270322
2.268065
2.269429
2.270353
2.271579
2.273112
2.273960
2.277347
2.277390
2.278942
2.279958
2.281643
2.283238
2.284039
2.285132
2.285784
2.288418
2.288666
2.289478
2.290441
2.289674
2.291973
2.291546
2.291684
2.290401
2.291055
2.290114
2.289047
2.287790
2.286394
2.286761
2.284801
2.283047
2.280742
2.279632
2.277981
2.275573
2.272475
2.268791
2.269910
2.269557
2.270507
2.271936
2.273763
2.275298
2.275527
2.276834
2.277792
2.280524
2.281616
2.282377
2.283277
2.284870
2.285887
2.286725
2.287898
2.287724
2.290177
2.289442
2.290168
2.290179
2.289997
2.290293
2.289132
2.288510
2.286496
2.287281
2.285743
2.284304
2.283183
2.280194
2.280143
2.277891
2.275826
2.272552
2.271440
2.269288
2.269067
2.270369
2.270774
2.274190
2.275118
2.276101
2.277035
2.279662
2.280697
2.282715
2.282280
2.283458
2.286874
2.287093
2.287527
2.287165
2.289414
2.290707
2.290831
2.290838
2.290692
2.292422
2.291147
2.291085
2.289688
2.289201
2.288861
2.287241
2.286494
2.283951
2.284052
2.281537
2.279387
2.277909
2.274798
2.272817
2.270002
2.269257
2.268502
2.271067
2.271811
2.273145
2.275118
2.275122
2.278491
2.278400
2.280129
2.281088
2.285542
2.283649
2.284706
2.285280
2.285455
2.287456
2.287788
2.288802
2.289063
2.289256
2.291508
2.290535
2.290071
2.288984
2.287895
2.287765
2.284169
2.284775
2.284245
2.284748
2.280642
2.279671
2.276874
2.276537
2.273781
2.270485
2.268708
2.268662
2.270471
2.271582
2.273227
2.274733
2.276068
2.277358
2.279055
2.280145
2.280663
2.283368
2.283733
2.284895
2.285687
2.287671
2.288703
2.289346
2.291359
2.289166
2.291492
2.291101
2.291591
2.290481
2.291444
2.290462
2.289146
2.288461
2.286193
2.286625
2.284804
2.283171
2.280610
2.279829
2.279317
2.275726
2.271274
2.268428
2.269757
2.269623
2.270269
2.271554
2.273178
2.275836
2.275338
2.276868
2.277889
2.280509
2.281367
2.281941
2.283028
2.283979
2.286230
2.287195
2.289082
2.287620
2.290356
2.290348
2.290732
2.287768
2.289190
2.290270
2.288272
2.288201
2.286913
2.286999
2.285827
2.284067
2.283829
2.280033
2.280139
2.277949
2.276077
2.272937
2.271253
2.269471
2.268909
2.270210
2.270041
2.273901
2.275017
2.277039
2.277102
2.277903
2.280464
2.280456
2.282786
2.283528
2.285655
2.286527
2.287345
2.288148
2.288786
2.290640
2.290425
2.291011
2.290403
2.292403
2.291506
2.290934
2.289926
2.288406
2.289301
2.287216
2.285921
2.283781
2.284004
2.281446
2.279615
2.278311
2.274536
2.273270
2.269984
2.268871
2.268831
2.270601
2.271901
2.273321
2.274730
2.274930
2.277735
2.279656
2.281010
2.280615
2.282025
2.284603
2.283573
2.284381
2.284923
2.288045
2.289165
2.288756
2.287768
2.289929
2.290962
2.290290
2.289911
2.288492
2.289293
2.287927
2.286837
2.285234
2.283615
2.284582
2.281319
2.279555
2.277170
2.276267
2.273537
2.271627
2.268884
2.267574
2.270573
2.271134
2.272738
2.273714
2.276358
2.277573
2.278588
2.280124
2.280465
2.283384
2.284281
2.285129
2.285747
2.287404
2.288878
2.289160
2.291126
2.290587
2.291819
2.291916
2.290546
2.290567
2.290769
2.291588
2.289504
2.287280
2.286360
2.287075
2.284855
2.284205
2.280697
2.279441
2.278625
2.275441
2.272761
2.268959
2.270606
2.270831
2.270578
2.271852
2.272210
2.274958
2.273199
2.276134
2.277640
2.280059
2.281448
2.282066
2.283433
2.283468
2.286311
2.286798
2.287698
2.287768
2.289959
2.289515
2.289939
2.290772
2.288616
2.290690
2.289727
2.288699
2.287394
2.286836
2.285989
2.284436
2.284124
2.279794
2.280544
2.279056
2.277120
2.273836
2.269828
2.269423
2.269238
2.269961
2.270835
2.273502
2.274968
2.276053
2.277669
2.278038
2.280901
2.281754
2.283239
2.282698
2.285663
2.286776
2.287562
2.288525
2.288297
2.290655
2.290732
2.290795
2.290800
2.291906
2.291289
2.290925
2.289546
2.288615
2.289193
2.287430
2.286178
2.285640
2.285111
2.282199
2.280490
2.279038
2.273824
2.273874
2.268001
2.268664
2.268375
2.270263
2.271307
2.271993
2.275172
2.275647
2.277511
2.277438
2.278864
2.280486
2.282073
2.283876
2.284880
2.285486
2.285640
2.288612
2.288333
2.289222
2.289853
2.289611
2.291088
2.290559
2.290049
2.288536
2.289044
2.288376
2.286841
2.286100
2.283567
2.284248
2.281757
2.279833
2.277798
2.276513
2.274334
2.271324
2.269168
2.267968
2.270802
2.271202
2.272674
2.273764
2.276167
2.277617
2.278419
2.280309
2.280483
2.283356
2.283787
2.285125
2.285788
2.286935
2.290073
2.289072
2.289252
2.289569
2.291706
2.291829
2.292732
2.292755
2.289838
2.291553
2.289263
2.287863
2.284942
2.284565
2.284796
2.283617
2.281337
2.278692
2.279678
2.274992
2.273059
2.269805
2.269350
2.269872
2.270361
2.271546
2.271711
2.276164
2.275043
2.276606
2.277593
2.279137
2.280900
2.281904
2.283283
2.283203
2.286146
2.286643
2.287292
2.288129
2.290064
2.289052
2.289913
2.290437
2.290630
2.290553
2.290535
2.288524
2.287433
2.284359
2.286311
2.284644
2.284052
2.280166
2.280568
2.278287
2.276475
2.273633
2.270508
2.270213
2.268729
2.269657
2.270503
2.273144
2.274578
2.277036
2.276336
2.277297
2.280593
2.281323
2.282608
2.282955
2.285303
2.287220
2.288896
2.288201
2.288907
2.290633
2.289851
2.289490
2.288834
2.290353
2.291332
2.291139
2.290311
2.288286
2.289401
2.287236
2.286137
2.284884
2.283318
2.281662
2.280768
2.279627
2.276115
2.274197
2.267349
2.267482
2.268870
2.269225
2.271719
2.273012
2.275068
2.273793
2.277103
2.278561
2.279736
2.280449
2.280810
2.283584
2.284382
2.285024
2.285874
2.287712
2.288573
2.288961
2.289756
2.289000
2.291008
2.290388
2.289984
2.288899
2.288495
2.288259
2.286617
2.285537
2.284077
2.283998
2.281703
2.280583
2.278094
2.276160
2.274452
2.271455
2.268991
2.267823
2.270120
2.270939
2.273756
2.273042
2.275894
2.279321
2.278613
2.279351
2.280213
2.283900
2.283400
2.283463
2.286131
2.284349
2.288457
2.288789
2.290795
2.288798
2.291111
2.291828
2.291664
2.291226
2.289827
2.290888
2.289153
2.288937
2.286908
2.286565
2.285087
2.283884
2.281575
2.278568
2.279237
2.276334
2.273254
2.270198
2.268352
2.269461
2.269966
2.271038
2.272176
2.275509
2.274975
2.276621
2.277831
2.278492
2.281199
2.282188
2.283164
2.283488
2.286281
2.287414
2.287860
2.288040
2.287466
2.291188
2.288393
2.290198
2.289662
2.290589
2.289695
2.288799
2.287675
2.285809
2.286381
2.284702
2.284057
2.280799
2.280095
2.278275
2.276438
2.273809
2.272386
2.271835
2.268594
2.270271
2.271430
2.272189
2.273315
2.275192
2.273996
2.277214
2.280535
2.281225
2.282637
2.283575
2.284167
2.286622
2.287423
2.287965
2.288028
2.291261
2.290031
2.290930
2.291370
2.290715
2.291808
2.290642
2.290288
2.290233
2.289650
2.287461
2.285036
2.284400
2.282780
2.282089
2.280147
2.278343
2.275456
2.273666
2.271013
2.269129
2.268967
2.269151
2.272151
2.273017
2.275082
2.274485
2.276675
2.278208
2.279169
2.280601
2.280748
2.284068
2.284143
2.285504
2.285967
2.286778
2.288644
2.288965
2.289675
2.289125
2.291385
2.289715
2.289894
2.289509
2.288232
2.288418
2.286960
2.286708
2.285258
2.284864
2.281803
2.280124
2.278842
2.274650
2.274825
2.270343
2.268538
2.266541
2.269463
2.271100
2.272296
2.273756
2.274722
2.277550
2.278295
2.279723
2.280354
2.282707
2.283786
2.284898
2.285853
2.286327
2.289017
2.289101
2.289951
2.289968
2.290761
2.291648
2.291349
2.291355
2.289788
2.290742
2.289487
2.288622
2.287136
2.285696
2.285616
2.283607
2.281590
2.279217
2.279243
2.276406
2.273321
2.270404
2.268279
2.269802
2.270190
2.270941
2.271804
2.274406
2.275562
2.277822
2.278149
2.276838
2.281191
2.282065
2.283037
2.283295
2.285609
2.286653
2.286944
2.287816
2.288276
2.290041
2.290353
2.291632
2.290313
2.290156
2.289920
2.288454
2.287605
2.286087
2.286695
2.284666
2.284018
2.281462
2.279661
2.279134
2.277066
2.274361
2.270747
2.269815
2.268751
2.269505
2.270905
2.271556
2.274744
2.275736
2.276356
2.277350
2.280093
2.281044
2.282190
2.283340
2.284151
2.286430
2.287079
2.288097
2.288793
2.290326
2.290474
2.289909
2.290980
2.290551
2.291855
2.290863
2.290285
2.288743
2.288318
2.287547
2.286524
2.284760
2.283551
2.281968
2.280187
2.278633
2.275919
2.273419
2.271665
2.269002
2.269138
2.269150
2.271813
2.272634
2.273969
2.275134
2.276431
2.278542
2.279034
2.280697
2.280746
2.283601
2.284026
2.285060
2.286296
2.286163
2.288895
2.288554
2.289296
2.289373
2.290708
2.290616
2.290034
2.289429
2.287835
2.289671
2.287026
2.285975
2.283477
2.284585
2.281177
2.280199
2.278566
2.275518
2.275020
2.271770
2.269353
2.268240
2.269363
2.271340
2.272357
2.273654
2.275280
2.276976
2.278222
2.279702
2.280765
2.281441
2.283998
2.284536
2.285572
2.286058
2.288052
2.288971
2.289440
2.290270
2.290055
2.291478
2.291319
2.291108
2.290351
2.291222
2.288825
2.288601
2.287132
2.285421
2.285876
2.284293
2.281743
2.279447
2.279192
2.276353
2.274674
2.270593
2.268946
2.269276
2.269752
2.272029
2.274505
2.273073
2.276924
2.276346
2.277399
2.278123
2.280896
2.281655
2.282100
2.281813
2.285807
2.286736
2.286918
2.287834
2.287740
2.287880
2.288552
2.290125
2.290085
2.289535
2.290345
2.288723
2.288211
2.286346
2.286756
2.285084
2.284542
2.281054
2.279404
2.279512
2.277040
2.274497
2.271279
2.269987
2.268775
2.269242
2.270722
2.271168
2.274681
2.276347
2.276918
2.277882
2.279470
2.280665
2.280464
2.283579
2.283505
2.286099
2.286839
2.287903
2.288432
2.290223
2.290524
2.290774
2.291332
2.290573
2.292048
2.291093
2.290150
2.289377
2.288241
2.288215
2.286517
2.284996
2.283038
2.282088
2.280380
2.279055
2.276282
2.273114
2.271493
2.269034
2.268732
2.269098
2.271686
2.272726
2.273893
2.274829
2.275522
2.279788
2.280271
2.280585
2.280848
2.283328
2.283657
2.283956
2.283975
2.285650
2.289963
2.289134
2.289186
2.289400
2.289081
2.289978
2.289843
2.288986
2.287772
2.288523
2.287155
2.286122
2.284589
2.284393
2.282379
2.280130
2.278329
2.275805
2.275132
2.272470
2.269710
2.268329
2.268358
2.271265
2.272207
2.273973
2.274852
2.277305
2.278351
2.279498
2.280717
2.281205
2.284174
2.284878
2.285627
2.286022
2.288404
2.289131
2.290823
2.290345
2.289527
2.292113
2.291870
2.291279
2.290012
2.290543
2.290107
2.289857
2.288268
2.284789
2.285225
2.284249
2.281571
2.280357
2.278892
2.277271
2.274025
2.270979
2.269302
2.271257
2.270229
2.270904
2.271867
2.274157
2.275246
2.275059
2.275475
2.277990
2.281295
2.281905
2.282853
2.284055
2.284248
2.286898
2.287334
2.287861
2.288957
2.289220
2.290373
2.290611
2.290005
2.289390
2.290308
2.289240
2.288206
2.286612
2.286247
2.285437
2.284114
2.281770
2.279543
2.279710
2.277170
2.274680
2.273147
2.269683
2.268526
2.268007
2.270944
2.270995
2.274555
2.275962
2.275960
2.277566
2.279914
2.282245
2.281412
2.282289
2.283213
2.285442
2.286781
2.287785
2.288652
2.289536
2.290379
2.290570
2.291358
2.290531
2.292045
2.291228
2.290356
2.289526
2.287928
2.288563
2.286546
2.285249
2.285252
2.283551
2.280592
2.279253
2.276736
2.272802
2.270022
2.267709
2.268639
2.269396
2.270802
2.272562
2.274653
2.274697
2.275401
2.279866
2.279228
2.280016
2.279788
2.282051
2.284437
2.284925
2.285917
2.286055
2.288597
2.288737
2.289044
2.289677
2.289488
2.290932
2.290002
2.289413
2.288049
2.288668
2.287452
2.286052
2.285081
2.283104
2.283181
2.280335
2.278732
2.276216
2.274808
2.272027
2.269282
2.268416
2.268426
2.271198
2.272359
2.273634
2.274315
2.276614
2.278261
2.279542
2.280571
2.280813
2.284061
2.284510
2.285249
2.286549
2.287511
2.289227
2.290956
2.289901
2.289608
2.291063
2.291703
2.292712
2.291517
2.289633
2.290506
2.288792
2.285470
2.285523
2.284460
2.283967
2.281904
2.280198
2.278901
2.276713
2.274091
2.271673
2.268287
2.269329
2.269669
2.270802
2.272385
2.273158
2.275695
2.276508
2.277699
2.278674
2.280514
2.282153
2.282747
2.283776
2.284065
2.286722
2.287171
2.287831
2.288612
2.289000
2.290000
2.290306
2.290268
2.289538
2.290158
2.288923
2.289645
2.287531
2.285676
2.284410
2.283931
2.281730
2.279940
2.279531
2.277164
2.274885
2.272303
2.268931
2.268975
2.269312
2.270151
2.271270
2.273941
2.275382
2.276757
2.277355
2.278288
2.281454
2.281926
2.283350
2.283723
2.286399
2.288282
2.288260
2.288625
2.289117
2.291411
2.289115
2.289894
2.289066
2.290366
2.291623
2.290471
2.289373
2.287726
2.288418
2.286753
2.285407
2.284694
2.281576
2.281238
2.279071
2.277405
2.274508
2.272697
2.269478
2.267692
2.269335
2.270053
2.273026
2.274568
2.274742
2.275141
2.278451
2.279021
2.280051
2.281141
2.282096
2.285309
2.286308
2.285701
2.285774
2.288472
2.287689
2.289084
2.289705
2.289398
2.290996
2.290397
2.289363
2.288337
2.288500
2.287209
2.286176
2.284954
2.283220
2.282675
2.280434
2.278931
2.276530
2.274505
2.273050
2.269845
2.268382
2.267920
2.270789
2.272027
2.273343
2.276286
2.276926
2.278399
2.279201
2.280613
2.280826
2.282144
2.284530
2.285215
2.286761
2.284866
2.288846
2.291007
2.289334
2.289982
2.291459
2.291514
2.291724
2.290716
2.289659
2.290500
2.288963
2.287843
2.286175
2.285932
2.284690
2.282190
2.280673
2.278787
2.277775
2.274430
2.271265
2.268541
2.268925
2.270173
2.270693
2.271886
2.272714
2.275431
2.276122
2.277630
2.278389
2.279687
2.281901
2.282511
2.283540
2.284051
2.286542
2.287325
2.287986
2.289507
2.289392
2.290701
2.289167
2.291102
2.287678
2.289819
2.289105
2.287772
2.287239
2.285466
2.285709
2.284459
2.281612
2.280151
2.279328
2.277365
2.275067
2.273101
2.269214
2.269350
2.270523
2.271147
2.271266
2.273734
2.274811
2.274776
2.277609
2.276186
2.280789
2.281823
2.283016
2.283636
2.285327
2.286618
2.287639
2.288294
2.289156
2.290585
2.290477
2.291188
2.291235
2.290684
2.291555
2.290431
2.289714
2.287955
2.289287
2.287515
2.285333
2.283263
2.280880
2.281467
2.279411
2.276993
2.273847
2.271984
2.269354
2.268670
2.269624
2.269413
2.272795
2.274499
2.274078
2.275279
2.277710
2.279263
2.280059
2.281210
2.281135
2.284428
2.284964
2.285748
2.286285
2.287757
2.288935
2.289065
2.289537
2.289939
2.290198
2.290528
2.289616
2.288783
2.287751
2.287610
2.286386
2.284789
2.283086
2.284400
2.282119
2.278972
2.277524
2.274191
2.272108
2.269436
2.267927
2.267989
2.269502
2.271405
2.273122
2.275052
2.275352
2.278484
2.279015
2.280697
2.280717
2.283010
2.284710
2.285337
2.286814
2.286404
2.289260
2.290874
2.290386
2.290121
2.291259
2.291806
2.290109
2.290702
2.289291
2.290303
2.288938
2.287898
2.286561
2.285150
2.284965
2.282113
2.280842
2.278514
2.277959
2.274513
2.271562
2.268938
2.267964
2.270241
2.270570
2.271774
2.273042
2.274884
2.276281
2.277120
2.279125
2.279955
2.281840
2.281200
2.283492
2.283835
2.286427
2.287032
2.287995
2.288658
2.288446
2.290675
2.290342
2.290676
2.291208
2.291221
2.289661
2.288445
2.287688
2.285008
2.285503
2.282900
2.280537
2.279968
2.279627
2.278172
2.275262
2.272732
2.269282
2.269661
2.268970
2.270591
2.271563
2.272798
2.275640
2.276294
2.277916
2.278398
2.281168
2.282079
2.282733
2.284268
2.284569
2.286991
2.287310
2.287995
2.288991
2.291368
2.290817
2.290965
2.289438
2.289914
2.291703
2.290059
2.289360
2.288076
2.288030
2.287001
2.285398
2.284288
2.281312
2.281480
2.279927
2.276681
2.273802
2.272233
2.269642
2.268699
2.269540
2.269861
2.272801
2.274069
2.274607
2.275930
2.277123
2.279295
2.279930
2.281222
2.281643
2.284338
2.284900
2.287273
2.287157
2.286966
2.288871
2.288460
2.289866
2.289228
2.290806
2.290208
2.289289
2.288709
2.286913
2.288232
2.287071
2.285401
2.283116
2.281998
2.280884
2.279031
2.277501
2.273965
2.273463
2.270479
2.268338
2.268108
2.270218
2.271423
2.272879
2.275376
2.275502
2.277769
2.278766
2.279876
2.281080
2.282437
2.284340
2.284984
2.286289
2.286357
2.288798
2.289560
2.289658
2.290238
2.290187
2.291620
2.291166
2.290792
2.289738
2.290051
2.288793
2.287504
2.286552
2.284624
2.284936
2.282563
2.281002
2.278334
2.277582
2.274778
2.271501
2.269273
2.268098
2.269658
2.269974
2.271249
2.272695
2.273895
2.275811
2.277091
2.278413
2.278845
2.281553
2.282188
2.283413
2.284088
2.285518
2.287039
2.287559
2.288625
2.287706
2.290291
2.289913
2.290223
2.289004
2.288659
2.289286
2.287719
2.287393
2.285344
2.285640
2.284406
2.282427
2.280984
2.278346
2.278303
2.274789
2.272707
2.269298
2.268760
2.268508
2.269918
2.271277
2.272227
2.275091
2.276061
2.277473
2.278022
2.280405
2.282777
2.282932
2.284105
2.283478
2.286924
2.287425
2.288071
2.288963
2.289788
2.290958
2.291072
2.291279
2.290378
2.291605
2.290519
2.289682
2.288635
2.287806
2.287166
2.285723
2.283934
2.282134
2.282112
2.280238
2.278227
2.277056
2.271194
2.269701
2.268129
2.269188
2.267048
2.270991
2.273097
2.275164
2.275593
2.276843
2.279034
2.279989
2.281049
2.280588
2.282341
2.283611
2.284281
2.286634
2.286968
2.289838
2.289191
2.290708
2.289602
2.290514
2.290422
2.288679
2.288945
2.287518
2.288231
2.286484
2.285414
2.284143
2.282017
2.281325
2.279263
2.277414
2.274263
2.274053
2.270834
2.268338
2.268527
2.269329
2.271836
2.273075
2.275483
2.274542
2.278254
2.278911
2.280400
2.281482
2.281903
2.284722
2.285428
2.286468
2.286510
2.288720
2.290481
2.289075
2.290024
2.290492
2.292103
2.291554
2.290993
2.289950
2.290074
2.289357
2.288163
2.286901
2.286056
2.285373
2.282341
2.280130
2.278897
2.277438
2.275556
2.273748
2.270583
2.267654
2.269984
2.269676
2.272007
2.273165
2.272654
2.276397
2.276830
2.278430
2.280180
2.280760
2.281670
2.283289
2.284660
2.284954
2.287331
2.287799
2.288772
2.288162
2.290188
2.290918
2.289776
2.290651
2.289024
2.289641
2.288390
2.287447
2.285836
2.285802
2.285058
2.282297
2.281134
2.278783
2.278547
2.275442
2.272823
2.270124
2.268891
2.270386
2.269936
2.270740
2.271548
2.275879
2.275853
2.277378
2.278905
2.280042
2.282044
2.282966
2.283690
2.284269
2.286893
2.287359
2.288426
2.289259
2.289341
2.291170
2.291268
2.291453
2.290567
2.291840
2.290888
2.290260
2.289179
2.287572
2.289611
2.286760
2.284802
2.282285
2.282137
2.279987
2.275863
2.272899
2.270917
2.270345
2.269053
2.269037
2.269747
2.272011
2.274261
2.274019
2.275922
2.275963
2.279106
2.279713
2.282852
2.281651
2.282382
2.284378
2.285615
2.286936
2.286622
2.289189
2.288928
2.289688
2.289950
2.289760
2.290794
2.289656
2.289356
2.287652
2.287971
2.287115
2.285485
2.284464
2.281718
2.281823
2.279766
2.277955
2.274825
2.273889
2.270556
2.269061
2.268870
2.269462
2.272217
2.272925
2.274290
2.275523
2.277696
2.278758
2.280945
2.282107
2.281661
2.284886
2.285054
2.285061
2.286438
2.288455
2.290570
2.289331
2.290377
2.292691
2.292401
2.291280
2.291293
2.290674
2.288313
2.287869
2.288371
2.285052
2.284663
2.285398
2.282541
2.281199
2.280076
2.276424
2.276053
2.272603
2.269828
2.268087
2.269790
2.270593
2.271840
2.273533
2.273329
2.276781
2.277498
2.278482
2.279335
2.281445
2.282716
2.283465
2.284696
2.285113
2.287336
2.287982
2.288612
2.289127
2.290114
2.290766
2.290530
2.290421
2.289044
2.290183
2.288507
2.287858
2.286311
2.285459
2.285981
2.282630
2.281318
2.277632
2.278360
2.275696
2.273786
2.270569
2.268219
2.269695
2.270157
2.271357
2.272243
2.275521
2.276387
2.277442
2.278619
2.279514
2.281920
2.282707
2.283968
2.284698
2.287176
2.288557
2.289976
2.290004
2.289264
2.291659
2.290938
2.290029
2.288937
2.291521
2.291031
2.290198
2.289507
2.287413
2.288399
2.286017
2.285815
2.282057
2.281590
2.280719
2.278433
2.275513
2.271878
2.270707
2.269405
2.270352
2.270377
2.270539
2.273849
2.274754
2.276059
2.276329
2.279205
2.280134
2.280856
2.282152
2.283095
2.285405
2.286121
2.286755
2.286885
2.289268
2.289884
2.290090
2.289997
2.289886
2.291245
2.289686
2.289235
2.287757
2.287931
2.286842
2.285649
2.284253
2.281778
2.282081
2.279751
2.278113
2.275476
2.273892
2.271497
2.268876
2.268513
2.268748
2.271993
2.273041
2.274830
2.275894
2.277796
2.280796
2.281070
2.281318
2.282707
2.285374
2.283922
2.285748
2.284461
2.287075
2.290422
2.289602
2.290530
2.290315
2.292084
2.291985
2.291229
2.290860
2.289281
2.289963
2.288474
2.286812
2.285132
2.285185
2.283189
2.282020
2.280388
2.277422
2.276223
2.272843
2.269795
2.268310
2.269555
2.270615
2.271932
2.273354
2.273195
2.276311
2.277166
2.278277
2.279600
2.280443
2.282355
2.283429
2.285837
2.285792
2.286476
2.287329
2.287828
2.288732
2.289391
2.290642
2.292096
2.290500
2.288954
2.289926
2.288063
2.287476
2.286778
2.285040
2.286091
2.282684
2.281302
2.279074
2.278796
2.276080
2.274456
2.271838
2.270098
2.269663
2.271155
2.272027
2.272663
2.274095
2.275701
2.274700
2.278183
2.279279
2.282315
2.282952
2.284034
2.284606
2.286566
2.287791
2.289390
2.290131
2.289834
2.290640
2.289643
2.291095
2.291049
2.291037
2.291365
2.290395
2.289324
2.287540
2.287999
2.286447
2.285453
2.283781
2.280882
2.280024
2.277764
2.275531
2.272291
2.271190
2.269125
2.269287
2.270600
2.270964
2.274026
2.274622
2.276080
2.276231
2.278807
2.280309
2.281014
2.281911
2.282383
2.284977
2.285866
2.286568
2.287046
2.288654
2.289197
2.289575
2.290800
2.289072
2.291198
2.290227
2.289276
2.288523
2.287543
2.287295
2.286806
2.286080
2.281597
2.283515
2.280102
2.277818
2.274879
2.272923
2.270303
2.268853
2.268698
2.269349
2.272466
2.273065
2.274531
2.274439
2.276499
2.279513
2.280164
2.281163
2.282013
2.284243
2.285813
2.286268
2.287546
2.287494
2.290488
2.289619
2.290329
2.290636
2.291607
2.291757
2.291291
2.291047
2.288979
2.291407
2.289474
2.286909
2.286518
2.281730
2.283795
2.280228
2.279978
2.277463
2.276443
2.273237
2.270110
2.268241
2.268855
2.270789
2.273013
2.274029
2.273963
2.274250
2.276625
2.278185
2.279713
2.280803
2.283035
2.284726
2.284287
2.283945
2.286410
2.287614
2.288896
2.288296
2.289036
2.291766
2.292225
2.289892
2.289813
2.289555
2.288322
2.286753
2.286484
2.283265
2.286398
2.282309
2.281475
2.279786
2.278349
2.276585
2.273905
2.271054
2.268054
2.269429
2.269819
2.270932
2.272395
2.274659
2.275564
2.276845
2.278585
2.279182
2.281709
2.282879
2.283627
2.284834
2.285459
2.287797
2.288446
2.289845
2.290483
2.290161
2.290778
2.291625
2.291499
2.290311
2.291939
2.290464
2.288294
2.287081
2.286206
2.285959
2.286069
2.281647
2.280703
2.281401
2.277308
2.276015
2.272167
2.270319
2.268904
2.268904
2.270100
2.270412
2.274107
2.274088
2.275411
2.276278
2.278267
2.279888
2.281063
2.282122
2.283852
2.285977
2.285905
2.286114
2.288559
2.286144
2.288943
2.290007
2.288308
2.289315
2.290789
2.289991
2.289522
2.288559
2.287451
2.287486
2.286144
2.285067
2.282476
2.283090
2.280272
2.277308
2.275705
2.273030
2.272229
2.269301
2.269099
2.269201
2.271670
2.272886
2.274529
2.275944
2.277080
2.278907
2.279721
2.281126
2.281728
2.283527
2.285129
2.286158
2.287233
2.287129
2.289873
2.290112
2.290546
2.290576
2.291281
2.291819
2.291579
2.291127
2.288954
2.290238
2.288228
2.287299
2.286173
2.284436
2.283712
2.281739
2.280452
2.277644
2.276473
2.273441
2.270595
2.268844
2.268269
2.271290
2.273054
2.272943
2.272413
2.275972
2.278438
2.279189
2.279688
2.279807
2.282496
2.282732
2.284395
2.285026
2.286623
2.287548
2.288881
2.288420
2.288533
2.290787
2.290239
2.290336
2.289600
2.288963
2.289202
2.288135
2.287368
2.285347
2.285388
2.283410
2.280405
2.279815
2.277876
2.276924
2.274289
2.271675
2.268924
2.269357
2.269915
2.271211
2.272551
2.274061
2.275820
2.276823
2.278449
2.278961
2.281404
2.282856
2.284530
2.285335
2.285148
2.287137
2.288306
2.289703
2.288734
2.290793
2.292370
2.291877
2.291481
2.289900
2.291480
2.288828
2.289236
2.288124
2.287489
2.286626
2.284822
2.283670
2.281012
2.281827
2.278537
2.275975
2.272926
2.270234
2.269586
2.269260
2.270617
2.270973
2.273937
2.274302
2.275535
2.277169
2.277735
2.280569
2.280946
2.282490
2.282456
2.284807
2.285927
2.286355
2.287601
2.287351
2.289818
2.290135
2.290332
2.291059
2.291210
2.290118
2.289085
2.288833
2.286270
2.287779
2.286146
2.285402
2.282575
2.281500
2.280652
2.278205
2.276379
2.273308
2.272515
2.269643
2.268724
2.269614
2.270860
2.273228
2.274955
2.274975
2.276333
2.279165
2.280352
2.280979
2.282402
2.283249
2.285440
2.286322
2.287355
2.287498
2.290487
2.289812
2.290578
2.290965
2.290624
2.292375
2.291382
2.290558
2.289754
2.290484
2.288578
2.287804
2.288999
2.285324
2.284591
2.282121
2.280486
2.276876
2.274044
2.273477
2.270086
2.268052
2.267770
2.270737
2.271587
2.272886
2.273229
2.275512
2.275140
2.275963
2.279109
2.279778
2.282563
2.283116
2.283905
2.285306
2.286062
2.287975
2.289059
2.288196
2.288374
2.290958
2.289794
2.290421
2.290233
2.288622
2.289857
2.287576
2.286938
2.285135
2.286255
2.283036
2.281474
2.280356
2.277437
2.277336
2.274074
2.271363
2.268842
2.268847
2.269819
2.271193
2.272638
2.274383
2.275336
2.278318
2.278690
2.279428
2.279729
2.282288
2.283490
2.285022
2.285441
2.287742
2.288376
2.289896
2.289142
2.290291
2.291597
2.291560
2.291819
2.290594
2.291535
2.290351
2.289646
2.288371
2.286758
2.286634
2.285305
2.283831
2.283245
2.282126
2.278675
2.276624
2.273343
2.268705
2.268665
2.267547
2.269412
2.270900
2.273586
2.273369
2.275241
2.276573
2.277038
2.279778
2.280840
2.281959
2.282574
2.284334
2.285793
2.287412
2.289094
2.288330
2.287956
2.287627
2.289656
2.290114
2.290082
2.290289
2.289557
2.289094
2.287294
2.287730
2.286206
2.285164
2.283093
2.280807
2.281068
2.278789
2.276477
2.273696
2.272097
2.269458
2.268739
2.269359
2.270161
2.273245
2.274322
2.275524
2.276307
2.279026
2.280155
2.281142
2.282279
2.282363
2.285588
2.285973
2.287134
2.287177
2.289693
2.289796
2.290072
2.290958
2.290683
2.292578
2.291165
2.292779
2.290447
2.288926
2.288791
2.287542
2.286184
2.284061
2.284186
2.282947
2.278332
2.276176
2.275445
2.274197
2.270864
2.268398
2.268057
2.270560
2.271262
2.273365
2.273672
2.274324
2.277172
2.278046
2.279081
2.279630
2.282235
2.282917
2.283723
2.284932
2.285140
2.288297
2.287733
2.289032
2.288951
2.290558
2.290779
2.290214
2.289720
2.288496
2.289850
2.288300
2.286911
2.285438
2.284911
2.283615
2.281973
2.280196
2.277814
2.277146
2.274958
2.272696
2.268826
2.267233
2.268842
2.270485
2.273675
2.274082
2.274603
2.276943
2.277690
2.278839
2.280123
2.283078
2.283314
2.284616
2.284972
2.287421
2.289194
2.289968
2.289829
2.289568
2.291595
2.291411
2.290339
2.289385
2.291771
2.288378
2.289560
2.288271
2.286791
2.287182
2.286321
2.282545
2.281449
2.281079
2.279046
2.276339
2.273671
2.269678
2.269395
2.268910
2.270111
2.270784
2.272940
2.274038
2.274942
2.277433
2.277780
2.279863
2.279288
2.281057
2.282652
2.283569
2.285824
2.286202
2.287061
2.287652
2.289145
2.289591
2.290151
2.289930
2.289380
2.290633
2.289364
2.288657
2.287312
2.287670
2.286184
2.284788
2.283404
2.281050
2.280983
2.278834
2.276222
2.273675
2.272105
2.269407
2.268896
2.269099
2.269791
2.272785
2.273981
2.275183
2.276411
2.278370
2.279462
2.280739
2.282582
2.284310
2.287047
2.286348
2.286879
2.286633
2.289029
2.290815
2.288962
2.289916
2.289635
2.292235
2.291237
2.290851
2.289958
2.288702
2.289191
2.287449
2.286361
2.284848
2.283835
2.282126
2.280724
2.279225
2.275586
2.274638
2.270914
2.268881
2.268258
2.270705
2.271615
2.272487
2.273668
2.274356
2.277377
2.278128
2.278880
2.279832
2.281660
2.283000
2.284320
2.285102
2.284985
2.288022
2.288229
2.288700
2.289018
2.289965
2.290748
2.290221
2.290178
2.288665
2.289461
2.289165
2.288395
2.284662
2.283306
2.283773
2.281709
2.280397
2.278057
2.276871
2.275158
2.272199
2.269683
2.268046
2.269998
2.270694
2.273985
2.274053
2.275918
2.277247
2.276735
2.279397
2.280006
2.281772
2.283008
2.284523
2.285200
2.286869
2.288362
2.289591
2.289356
2.289140
2.292058
2.291588
2.291635
2.290960
2.290937
2.290895
2.289724
2.288805
2.286319
2.286975
2.286696
2.284377
2.280784
2.281108
2.277824
2.276343
2.274787
2.270095
2.269078
2.267543
2.269540
2.270911
2.272268
2.274249
2.274851
2.276326
2.278292
2.279093
2.280104
2.281073
2.282017
2.283051
2.285880
2.286435
2.287093
2.287608
2.289065
2.289715
2.290848
2.289812
2.289335
2.290967
2.289243
2.288766
2.287339
2.286956
2.286711
2.285293
2.283366
2.280620
2.281603
2.280539
2.276409
2.275367
2.270421
2.271073
2.267396
2.268739
2.268041
2.272564
2.274156
2.275183
2.276440
2.278519
2.280276
2.280588
2.280321
2.282140
2.285222
2.285811
2.286982
2.287917
2.288167
2.290060
2.290261
2.290841
2.290598
2.292101
2.291315
2.291098
2.290294
2.288749
2.289565
2.287680
2.286619
2.284424
2.284102
2.282422
2.281082
2.278654
2.275664
2.274408
2.270786
2.268913
2.267892
2.269502
2.271195
2.272633
2.273484
2.274132
2.276173
2.278247
2.278373
2.280151
2.281123
2.283208
2.283876
2.284936
2.285193
2.287636
2.289126
2.288957
2.287765
2.289208
2.290905
2.290491
2.289851
2.289813
2.290571
2.287365
2.288319
2.284691
2.284014
2.284074
2.282099
2.279088
2.277293
2.276859
2.274730
2.271832
2.269347
2.267431
2.269830
2.270362
2.271637
2.273459
2.274611
2.276936
2.278044
2.279490
2.279946
2.282592
2.283216
2.284076
2.285317
2.286137
2.287999
2.289119
2.289147
2.289427
2.291512
2.291103
2.291099
2.291134
2.289998
2.290912
2.289233
2.289587
2.286533
2.286001
2.284728
2.283278
2.282078
2.280511
2.279221
2.276109
2.274081
2.270262
2.269018
2.268535
2.269658
2.270624
2.271888
2.273906
2.274854
2.275978
2.276656
2.279180
2.280111
2.281108
2.282491
2.282805
2.285672
2.285890
2.288265
2.289132
2.287760
2.291079
2.288408
2.289834
2.289319
2.290632
2.288193
2.288901
2.288126
2.286506
2.286512
2.285684
2.283071
2.281150
2.281356
2.278665
2.276883
2.274730
2.272806
2.271031
2.269129
2.266444
2.269957
2.270812
2.274725
2.273854
2.276517
2.277697
2.279848
2.280863
2.281885
2.283419
2.285953
2.285761
2.286034
2.287657
2.287543
2.289652
2.290528
2.290503
2.290673
2.291501
2.292252
2.291247
2.290662
2.288359
2.289342
2.287953
2.286612
2.285936
2.283095
2.282807
2.281268
2.279194
2.276095
2.274877
2.271284
2.268993
2.268602
2.269123
2.271904
2.272590
2.273787
2.274440
2.277571
2.278796
2.279092
2.279408
2.280037
2.284827
2.284305
2.285064
2.285396
2.286549
2.288554
2.288449
2.289394
2.289218
2.291107
2.290200
2.290086
2.289100
2.288633
2.288411
2.286808
2.286087
2.283996
2.284069
2.282371
2.280570
2.278553
2.276553
2.274835
2.272238
2.269636
2.267677
2.269182
2.270551
2.272047
2.273207
2.274262
2.276893
2.278001
2.279131
2.279711
2.282690
2.283126
2.284521
2.285367
2.285278
2.288507
2.289274
2.290214
2.289332
2.291119
2.290578
2.291031
2.291419
2.289814
2.290902
2.289687
2.288437
2.287197
2.286697
2.286051
2.283331
2.282040
2.280318
2.279881
2.277003
2.273812
2.270752
2.268840
2.268774
2.269600
2.270672
2.271086
2.273709
2.274886
2.276086
2.277148
2.278327
2.280651
2.281176
2.282247
2.282577
2.285446
2.286242
2.286707
2.288381
2.287187
2.290087
2.290147
2.290390
2.289447
2.290629
2.289500
2.288854
2.287779
2.287216
2.287437
2.285097
2.282581
2.280990
2.280627
2.279373
2.276935
2.274826
2.271728
2.270514
2.268607
2.269054
2.269707
2.271643
2.274489
2.274404
2.276396
2.276986
2.279956
2.280632
2.281754
2.282822
2.284217
2.285526
2.286841
2.287741
2.288340
2.289733
2.289905
2.290756
2.290725
2.290993
2.291939
2.290761
2.290302
2.289056
2.289291
2.288428
2.286774
2.285819
2.285271
2.285107
2.281343
2.279235
2.275600
2.274097
2.269618
2.269467
2.268670
2.267940
2.270855
2.272790
2.273924
2.273918
2.275159
2.277531
2.278408
2.278819
2.280344
2.283569
2.283841
2.284781
2.285503
2.287405
2.289913
2.288165
2.289748
2.288538
2.290067
2.290345
2.290675
2.289510
2.288551
2.288969
2.287204
2.286261
2.285233
2.283738
2.282395
2.281016
2.279183
2.276332
2.275727
2.272515
2.270368
2.267603
2.269533
2.270868
2.271678
2.273852
2.273626
2.277235
2.278106
2.279453
2.280998
2.281557
2.282320
2.283999
2.285599
2.286045
2.288466
2.289269
2.288776
2.289687
2.290800
2.291689
2.291542
2.291427
2.290395
2.290783
2.290006
2.288656
2.287589
2.286195
2.286859
2.283224
2.284083
2.280630
2.280486
2.276919
2.274177
2.269835
2.267514
2.267628
2.269431
2.270913
2.271825
2.273502
2.274930
2.275786
2.277652
2.277544
2.281147
2.281463
2.282146
2.283057
2.284948
2.286067
2.286891
2.289025
2.287278
2.290740
2.290211
2.289392
2.289500
2.290478
2.290058
2.289147
2.288370
2.286515
2.287264
2.285839
2.283809
2.282476
2.281026
2.280154
2.277641
2.275340
2.271721
2.271200
2.268770
2.269187
2.270642
2.271355
2.274137
2.275212
2.276381
2.277169
2.279916
2.281051
2.281789
2.283080
2.283344
2.286159
2.286713
2.287928
2.288052
2.290166
2.290416
2.291088
2.291417
2.290668
2.292213
2.291011
2.290488
2.289249
2.290186
2.289778
2.286569
2.285758
2.283466
2.283378
2.281499
2.279111
2.278366
2.272743
2.270924
2.267963
2.268907
2.266785
2.271017
2.272811
2.273358
2.274410
2.275457
2.278120
2.279015
2.279902
2.280364
2.283300
2.284009
2.284896
2.285632
2.286054
2.289367
2.288252
2.289534
2.289512
2.290817
2.290924
2.290106
2.289484
2.288213
2.288725
2.287459
2.286154
2.284474
2.283805
2.282292
2.280693
2.278847
2.276387
2.275772
2.273130
2.270429
2.270069
2.268885
2.270365
2.270311
2.273215
2.273894
2.276808
2.278323
2.278736
2.279842
2.281492
2.283245
2.284421
2.285365
2.285798
2.288511
2.289125
2.289219
2.290674
2.292092
2.291623
2.292603
2.292007
2.289148
2.289742
2.289040
2.288747
2.286416
2.285491
2.286951
2.283807
2.282483
2.281052
2.280188
2.277625
2.275037
2.271859
2.268084
2.269058
2.269717
2.270566
2.272155
2.273389
2.275340
2.276298
2.277491
2.278138
2.282609
2.281248
2.282004
2.282302
2.284527
2.286612
2.286840
2.287859
2.287614
2.290177
2.289868
2.290128
2.290531
2.289606
2.290476
2.289334
2.288225
2.286531
2.286986
2.285444
2.284106
2.282425
2.280248
2.279993
2.277521
2.275133
2.271981
2.270620
2.268676
2.268798
2.270256
2.270783
2.274066
2.274615
2.276590
2.277763
2.278699
2.280746
2.283580
2.284604
2.282995
2.287078
2.286681
2.286848
2.287512
2.289163
2.288739
2.291894
2.291242
2.289775
2.291297
2.291284
2.290786
2.289866
2.288387
2.288672
2.286971
2.285911
2.283204
2.283116
2.281893
2.279382
2.277087
2.273805
2.272472
2.269267
2.268641
2.268831
2.271166
2.272419
2.273564
2.274877
2.275589
2.278469
2.278854
2.280207
2.280929
2.282655
2.284145
2.284982
2.286009
2.285742
2.288666
2.288551
2.289532
2.289743
2.290671
2.291039
2.290423
2.289828
2.288611
2.288744
2.287540
2.286550
2.287055
2.284438
2.280914
2.280631
2.279893
2.276679
2.276784
2.273257
2.270517
2.268916
2.268431
2.272213
2.273031
2.273541
2.274156
2.276717
2.277153
2.278121
2.278833
2.279927
2.283220
2.284026
2.285253
2.285563
2.287841
2.289205
2.289596
2.289693
2.290072
2.291659
2.291512
2.291715
2.290152
2.290742
2.290615
2.288969
2.288007
2.286159
2.286662
2.284008
2.282880
2.280966
2.279245
2.277678
2.274889
2.272348
2.269161
2.269908
2.269702
2.269399
2.272164
2.272388
2.275263
2.276151
2.277257
2.277544
2.280961
2.281627
2.282763
2.283518
2.283963
2.286250
2.287072
2.288042
2.287769
2.289780
2.290459
2.289723
2.291594
2.288789
2.290429
2.289408
2.289653
2.286822
2.286438
2.285804
2.282488
2.282391
2.281863
2.280974
2.277253
2.275777
2.271950
2.268512
2.268507
2.267513
2.270245
2.270997
2.274218
2.274479
2.276225
2.277383
2.278563
2.281584
2.281698
2.282686
2.282238
2.285616
2.286527
2.287531
2.289035
2.288018
2.290552
2.290728
2.291448
2.290871
2.292275
2.291304
2.290877
2.289922
2.287933
2.289030
2.287100
2.285855
2.283854
2.283583
2.282417
2.279984
2.277761
2.274343
2.273057
2.269751
2.268680
2.269093
2.270831
2.272558
2.273517
2.275072
2.275012
2.278935
2.278643
2.280337
2.280894
2.282102
2.284243
2.284607
2.285882
2.286121
2.288699
2.288256
2.290409
2.290284
2.288548
2.290745
2.290861
2.291313
2.289184
2.289035
2.288345
2.286340
2.284570
2.283043
2.281569
2.281412
2.279488
2.276989
2.275890
2.273040
2.270792
2.268487
2.268271
2.271004
2.271681
2.273100
2.274203
2.276673
2.277887
2.279119
2.280322
2.280483
2.283606
2.284333
2.285398
2.285919
2.287605
2.289390
2.289080
2.290446
2.290783
2.291435
2.291229
2.291471
2.290898
2.290254
2.290576
2.288817
2.288207
2.287604
2.286886
2.284337
2.281270
2.282355
2.278659
2.278387
2.275833
2.272332
2.268655
2.269173
2.269588
2.270835
2.272151
2.272514
2.275679
2.276430
2.276922
2.278160
2.280213
2.281465
2.282470
2.283624
2.283768
2.286634
2.287042
2.288651
2.287302
2.290793
2.291790
2.290326
2.290393
2.289695
2.289243
2.288635
2.287501
2.286087
2.286159
2.286505
2.283534
2.282565
2.280361
2.280310
2.277871
2.275966
2.273207
2.269887
2.270768
2.269435
2.269564
2.269843
2.274432
2.274056
2.275953
2.277831
2.278870
2.280132
2.281561
2.282776
2.283429
2.285454
2.286928
2.287260
2.288938
2.288057
2.290832
2.290526
2.291300
2.290494
2.291757
2.291635
2.290632
2.290164
2.288013
2.289213
2.287234
2.287055
2.285060
2.282351
2.281982
2.279725
2.277050
2.274076
2.273129
2.269614
2.268395
2.269194
2.270070
2.272895
2.272894
2.274828
2.275407
2.278259
2.278880
2.281112
2.282540
2.282418
2.284277
2.285053
2.285993
2.285450
2.287886
2.286594
2.288720
2.289780
2.289838
2.291427
2.290310
2.290286
2.288926
2.288862
2.287987
2.286921
2.286092
2.282704
2.283811
2.281677
2.279935
2.277531
2.275879
2.274156
2.270915
2.269104
2.268045
2.270964
2.271480
2.273557
2.274394
2.275925
2.278648
2.278322
2.280158
2.281147
2.283552
2.284212
2.285177
2.286334
2.286564
2.289644
2.289165
2.290438
2.290922
2.291938
2.290581
2.291071
2.291163
2.290140
2.290902
2.289464
2.288093
2.286388
2.287312
2.283930
2.282997
2.281867
2.279385
2.278509
2.275016
2.272427
2.268928
2.268950
2.269795
2.271998
2.272769
2.272335
2.275195
2.275964
2.277210
2.278092
2.279549
2.281698
2.282154
2.283695
2.283742
2.286716
2.286976
2.287813
2.288595
2.288706
2.290308
2.289946
2.290432
2.289321
2.290432
2.289458
2.288066
2.287783
2.286068
2.287169
2.284104
2.283154
2.279827
2.279243
2.277862
2.276071
2.273780
2.269793
2.269828
2.269118
2.269889
2.270835
2.273967
2.273914
2.275512
2.277179
2.277968
2.280613
2.281156
2.282348
2.283533
2.284912
2.286589
2.286971
2.288404
2.288021
2.290511
2.290524
2.290871
2.291029
2.290525
2.291034
2.290424
2.289459
2.288199
2.288625
2.286929
2.285618
2.284010
2.282085
2.282310
2.279961
2.277836
2.274343
2.273190
2.269519
2.269155
2.269498
2.269518
2.272598
2.272007
2.274178
2.274933
2.277581
2.278510
2.279307
2.280899
2.281054
2.284156
2.284428
2.285752
2.286202
2.287790
2.288415
2.289134
2.289635
2.289129
2.291061
2.290448
2.289644
2.289056
2.287966
2.287968
2.286566
2.285418
2.283384
2.283240
2.281789
2.279481
2.278283
2.275205
2.273543
2.270896
2.268970
2.268019
2.270294
2.271556
2.273687
2.273984
2.274938
2.278026
2.279118
2.280101
2.280816
2.284195
2.284121
2.285321
2.285411
2.286684
2.289049
2.289054
2.290044
2.290731
2.291642
2.291965
2.292066
2.293848
2.289765
2.290493
2.288991
2.288207
2.284981
2.285157
2.284728
2.283158
2.280489
2.278982
2.279153
2.276041
2.272536
2.267470
2.266645
2.269013
2.270624
2.272189
2.272205
2.274683
2.275804
2.277195
2.278300
2.279275
2.281977
2.282441
2.283114
2.283711
2.285760
2.286781
2.287720
2.288443
2.288417
2.290570
2.291830
2.290673
2.289475
2.289279
2.289547
2.288576
2.287387
2.286065
2.287169
2.284207
2.282561
2.281383
2.280083
2.278403
2.276519
2.273441
2.270385
2.269779
2.269279
2.269722
2.271124
2.273973
2.274038
2.275532
2.277390
2.277925
2.280753
2.281662
2.282579
2.283719
2.284571
2.286919
2.286932
2.288592
2.287980
2.290653
2.290748
2.291353
2.291593
2.290621
2.293390
2.292193
2.290033
2.288446
2.288342
2.288359
2.283067
2.284841
2.282205
2.283080
2.278906
2.277641
2.275400
2.272934
2.270200
2.268748
2.269256
2.269541
2.272666
2.273138
2.274389
2.275644
2.277067
2.279009
2.279681
2.281267
2.281322
2.284195
2.284501
2.285899
2.286368
2.287642
2.289094
2.289109
2.290335
2.289489
2.291009
2.290036
2.289971
2.289631
2.288086
2.288326
2.286985
2.285832
2.283719
2.283776
2.281853
2.280024
2.278237
2.275324
2.274349
2.271528
2.268831
2.268016
2.271578
2.271017
2.271507
2.274259
2.274833
2.278105
2.278904
2.280015
2.280886
2.282576
2.284198
2.285514
2.286032
2.286026
2.289282
2.289280
2.290061
2.292126
2.291884
2.291318
2.291788
2.291757
2.289644
2.289565
2.287029
2.287883
2.287061
2.286218
2.284575
2.283009
2.282408
2.279502
2.278928
2.275856
2.272894
2.269760
2.267697
2.269915
2.270297
2.271792
2.272183
2.274786
2.276059
2.277113
2.278593
2.278727
2.282540
2.282715
2.283414
2.282661
2.285243
2.286944
2.287574
2.288241
2.288535
2.290558
2.290406
2.290232
2.289949
2.289066
2.289538
2.288583
2.287548
2.285957
2.286665
2.284670
2.282667
2.282403
2.280216
2.278314
2.275933
2.273952
2.269387
2.270505
2.268158
2.269210
2.270889
2.271817
2.274882
2.275852
2.277842
2.277193
2.280336
2.281944
2.284513
2.284220
2.283882
2.287024
2.286573
2.287138
2.286685
2.288854
2.290962
2.291960
2.291591
2.290585
2.290332
2.290453
2.289965
2.288724
2.288114
2.287277
2.286499
2.284185
2.282258
2.282703
2.280190
2.277982
2.275255
2.272559
2.270389
2.268412
2.269034
2.269631
2.272698
2.272687
2.274193
2.275463
2.276114
2.279094
2.279462
2.281049
2.281395
2.283767
2.284436
2.285647
2.286397
2.288097
2.287622
2.289082
2.289687
2.289481
2.290658
2.290632
2.289842
2.289255
2.287659
2.288742
2.286728
2.285926
2.284920
2.283298
2.280310
2.281094
2.276896
2.275548
2.274652
2.271526
2.269009
2.268040
2.270419
2.273341
2.272569
2.274261
2.276154
2.276227
2.277595
2.279968
2.277796
2.280963
2.284521
2.285032
2.286015
2.286310
2.289213
2.288433
2.289830
2.290246
2.290206
2.292119
2.291322
2.291138
2.290134
2.290934
2.289633
2.288418
2.287412
2.285612
2.285211
2.283353
2.282546
2.280253
2.278740
2.276039
2.273208
2.269892
2.267633
2.271571
2.270221
2.272213
2.272772
2.274497
2.275337
2.277142
2.278935
2.278371
2.280864
2.280891
2.282858
2.284346
2.285035
2.286997
2.288332
2.287716
2.288299
2.290659
2.289646
2.290321
2.290516
2.289203
2.290394
2.288587
2.288139
2.286138
2.287019
2.284622
2.283432
2.282555
2.281675
2.279348
2.276580
2.274468
2.270293
2.268121
2.268122
2.268495
2.270930
2.272232
2.274432
2.275736
2.277298
2.277924
2.279687
2.281457
2.283840
2.283764
2.283674
2.285593
2.286870
2.288510
2.288375
2.289302
2.291048
2.291002
2.291469
2.290729
2.291821
2.290621
2.289942
2.289140
2.287332
2.287911
2.286763
2.284553
2.282668
2.282808
2.280433
2.278355
2.275759
2.273026
2.271621
2.268229
2.268801
2.269117
2.271706
2.272208
2.273848
2.275542
2.275801
2.278835
2.279909
2.280809
2.281210
2.283071
2.284331
2.285307
2.286415
2.286838
2.288786
2.289277
2.289546
2.291073
2.290269
2.290115
2.290882
2.290898
2.288171
2.288566
2.286888
2.286974
2.283879
2.279088
2.281386
2.280396
2.278188
2.275368
2.274588
2.271341
2.269231
2.268732
2.268948
2.271944
2.273511
2.273784
2.275227
2.277569
2.278916
2.279821
2.281367
2.281569
2.284561
2.285349
2.286157
2.286565
2.288744
2.288935
2.289943
2.290409
2.290146
2.292388
2.291432
2.291169
2.290040
2.290007
2.289725
2.288677
2.287265
2.285470
2.287207
2.283316
2.282631
2.278798
2.277756
2.277002
2.273088
2.270086
2.267513
2.269551
2.269995
2.271706
2.272468
2.273095
2.276509
2.276713
2.278129
2.278618
2.281172
2.282073
2.283109
2.284167
2.284375
2.287353
2.289119
2.289172
2.288286
2.289869
2.290055
2.288755
2.291255
2.285281
2.290508
2.286990
2.288519
2.284501
2.286034
2.284196
2.283040
2.281711
2.279288
2.278589
2.276313
2.273887
2.271222
2.268532
2.269700
2.271225
2.271661
2.272134
2.274666
2.275572
2.275110
2.278116
2.279635
2.280919
2.282372
2.283689
2.284243
2.286534
2.287508
2.288985
2.288867
2.289094
2.291467
2.291384
2.292644
2.289828
2.291941
2.291125
2.290196
2.289485
2.287517
2.288250
2.287058
2.284817
2.283409
2.282835
2.281187
2.278410
2.276369
2.273058
2.270823
2.268771
2.269067
2.269750
2.271287
2.273229
2.273887
2.275541
2.275766
2.280670
2.279413
2.281073
2.282409
2.283365
2.283428
2.284679
2.286028
2.285138
2.287956
2.288961
2.289555
2.290077
2.289411
2.290937
2.290128
2.289517
2.288031
2.288416
2.287368
2.286359
2.284892
2.282091
2.282701
2.280721
2.278595
2.276046
2.274579
2.272395
2.270724
2.267831
2.268217
2.273046
2.273327
2.272806
2.275475
2.276791
2.277693
2.279852
2.281195
2.281809
2.284571
2.284840
2.286044
2.286916
2.288669
2.289456
2.289530
2.290433
2.290104
2.293297
2.291704
2.291239
2.289315
2.289496
2.290125
2.288709
2.287281
2.285985
2.285426
2.283866
2.282873
2.280697
2.277675
2.276788
2.273508
2.270557
2.268882
2.268452
2.270252
2.272160
2.273597
2.273331
2.276134
2.276387
2.277738
2.278774
2.280732
2.282230
2.283334
2.284294
2.284039
2.286855
2.287962
2.287673
2.288590
2.289153
2.290779
2.290127
2.290531
2.289029
2.290079
2.288832
2.287801
2.286765
2.285301
2.285394
2.284098
2.282022
2.279220
2.279018
2.276362
2.273337
2.271525
2.268222
2.269347
2.269252
2.270706
2.271868
2.274163
2.275966
2.277032
2.278059
2.278510
2.281612
2.282138
2.283514
2.284070
2.285802
2.287089
2.288082
2.288316
2.288290
2.291099
2.290955
2.291226
2.290736
2.291163
2.291027
2.290040
2.289228
2.287552
2.288089
2.286150
2.284377
2.283437
2.281724
2.281121
2.278883
2.275956
2.272571
2.270960
2.268320
2.268782
2.270747
2.271416
2.273138
2.273892
2.274401
2.275914
2.278375
2.279412
2.280821
2.281633
2.281958
2.284758
2.285402
2.286239
2.287417
2.287682
2.289042
2.289490
2.289833
2.289311
2.290915
2.289997
2.289191
2.288430
2.287823
2.287323
2.286281
2.284661
2.282286
2.282277
2.280226
2.278429
2.276177
2.273864
2.271945
2.269467
2.268737
2.268760
2.271736
2.273451
2.273363
2.275109
2.276430
2.278786
2.279500
2.280924
2.281410
2.284117
2.285842
2.285717
2.286829
2.286533
2.289250
2.289494
2.290381
2.290136
2.292310
2.291466
2.292036
2.293664
2.289580
2.289886
2.287813
2.287307
2.283624
2.283717
2.283592
2.281479
2.281199
2.277435
2.277431
2.272682
2.269654
2.267483
2.266969
2.270311
2.271679
2.272214
2.274246
2.274762
2.277737
2.276809
2.278903
2.279513
2.281018
2.282753
2.283885
2.284024
2.287005
2.287579
2.287492
2.288740
2.288525
2.290869
2.290298
2.291689
2.289721
2.289933
2.287642
2.287776
2.287146
2.285442
2.285451
2.283118
2.282063
2.279590
2.278959
2.276739
2.274066
2.272364
2.268415
2.269350
2.269398
2.271125
2.273061
2.273170
2.276008
2.277177
2.278490
2.278809
2.281856
2.282199
2.283399
2.284350
2.285131
2.287127
2.288408
2.288442
2.288927
2.291059
2.290904
2.290884
2.291564
2.290494
2.292887
2.291906
2.289072
2.287539
2.286753
2.283258
2.284549
2.279870
2.280220
2.278710
2.275287
2.272484
2.270579
2.268563
2.268668
2.269917
2.270531
2.273284
2.273888
2.276156
2.276918
2.278461
2.278064
2.278867
2.281425
2.282370
2.285030
2.285129
2.286007
2.288119
2.286619
2.289224
2.290009
2.290172
2.289410
2.290743
2.290372
2.289836
2.288706
2.287226
2.287425
2.286486
2.284550
2.282398
2.282919
2.280448
2.278785
2.276449
2.273523
2.272291
2.269435
2.268680
2.268633
2.271025
2.273693
2.273836
2.274912
2.274699
2.278979
2.279760
2.281491
2.280802
2.283142
2.284875
2.286004
2.286593
2.288560
2.291002
2.289648
2.290887
2.291663
2.290562
2.289863
2.291575
2.288818
2.289075
2.290307
2.288720
2.287755
2.287124
2.284011
2.284264
2.282797
2.280833
2.277848
2.277134
2.274039
2.270743
2.268352
2.268222
2.270936
2.271944
2.272522
2.273719
2.276065
2.277235
2.278046
2.279438
2.279682
2.282633
2.283103
2.285591
2.284749
2.286463
2.286186
2.287892
2.288731
2.288707
2.290758
2.290669
2.290529
2.289446
2.289558
2.289293
2.288280
2.286951
2.285073
2.285545
2.283382
2.282259
2.280250
2.278354
2.277449
2.274597
2.271895
2.268950
2.269465
2.269253
2.270530
2.272195
2.272917
2.276161
2.277226
2.278730
2.280055
2.281523
2.282795
2.283977
2.284238
2.283570
2.286607
2.287199
2.287714
2.288970
2.290756
2.291099
2.291139
2.291549
2.291971
2.292020
2.290334
2.287946
2.287936
2.287553
2.287502
2.284615
2.283923
2.282228
2.281828
2.278926
2.276463
2.273393
2.270498
2.269201
2.268603
2.269799
2.270093
2.273055
2.274063
2.275417
2.276272
2.277315
2.279706
2.280540
2.281625
2.282116
2.284923
2.285457
2.286506
2.287437
2.286862
2.290001
2.289341
2.289886
2.289677
2.290469
2.290037
2.289397
2.288980
2.286859
2.288026
2.286384
2.284588
2.282911
2.281985
2.282518
2.278637
2.275584
2.274808
2.272002
2.270351
2.270361
2.268790
2.270908
2.273415
2.273329
2.273624
2.276099
2.277191
2.279528
2.280743
2.282031
2.282830
2.284927
2.285944
2.286898
2.287536
2.289693
2.289221
2.290528
2.291011
2.290931
2.292086
2.291235
2.291402
2.289281
2.290211
2.288899
2.287688
2.287616
2.283382
2.284832
2.283262
2.281138
2.278479
2.276796
2.274324
2.270768
2.268804
2.267946
2.270590
2.271478
2.273844
2.272844
2.275345
2.275266
2.277383
2.278980
2.279474
2.282228
2.282854
2.283847
2.284693
2.285880
2.288713
2.287065
2.288402
2.288765
2.289907
2.290243
2.290511
2.289972
2.288830
2.289199
2.287747
2.286724
2.285524
2.285164
2.283593
2.282058
2.280491
2.279258
2.278647
2.274515
2.271997
2.269361
2.267688
2.268334
2.268397
2.272263
2.271726
2.275604
2.276317
2.277877
2.278514
2.280783
2.281806
2.283075
2.284467
2.285761
2.287372
2.287871
2.287427
2.288761
2.289886
2.291161
2.291146
2.291334
2.290168
2.291369
2.290427
2.289535
2.288231
2.286890
2.287272
2.285060
2.283800
2.282001
2.281656
2.278849
2.276598
2.273847
2.269749
2.268955
2.268589
2.269723
2.270389
2.272739
2.273948
2.274863
2.276242
2.276462
2.279919
2.280534
2.281250
2.282139
2.284079
2.284920
2.287429
2.287620
2.285472
2.289862
2.288458
2.289636
2.289909
2.290324
2.291927
2.289776
2.288976
2.288384
2.288083
2.286541
2.284732
2.282474
2.281148
2.279180
2.278645
2.276900
2.273492
2.272971
2.269690
2.268382
2.268787
2.269653
2.273664
2.272852
2.274754
2.275812
2.278528
2.279387
2.280729
2.281976
2.282392
2.285255
2.285533
2.286633
2.287195
2.289029
2.289627
2.290264
2.290813
2.290079
2.292133
2.291422
2.290608
2.289932
2.289422
2.289276
2.287698
2.286718
2.284172
2.284499
2.283674
2.281873
2.278828
2.275981
2.274150
2.270954
2.268299
2.267679
2.270260
2.270905
2.271897
2.273450
2.274109
2.277153
2.277399
2.278737
2.279494
2.282051
2.282765
2.283623
2.284948
2.285227
2.287931
2.289304
2.290242
2.288828
2.290718
2.290043
2.290301
2.289691
2.286392
2.288947
2.286602
2.286960
2.285823
2.284626
2.283968
2.282367
2.280627
2.278384
2.277712
2.274885
2.272528
2.269360
2.268400
2.269242
2.270286
2.273429
2.272622
2.275510
2.275333
2.277575
2.278949
2.280741
2.281953
2.282602
2.284312
2.284622
2.287381
2.288077
2.288607
2.289144
2.289042
2.291654
2.290698
2.291774
2.290528
2.291537
2.290524
2.289458
2.288597
2.286539
2.287683
2.285507
2.283976
2.282221
2.281734
2.279587
2.276850
2.274035
2.270262
2.269419
2.268817
2.269927
2.271340
2.272059
2.273691
2.275237
2.276210
2.276904
2.280852
2.281783
2.281381
2.282686
2.283782
2.285272
2.284535
2.286705
2.284124
2.289137
2.289020
2.289747
2.290228
2.289411
2.291065
2.289725
2.289014
2.287267
2.287915
2.286723
2.285337
2.283303
2.281165
2.281404
2.279123
2.276950
2.274338
2.272721
2.269887
2.268882
2.269143
2.269952
2.272918
2.273657
2.274812
2.276332
2.277744
2.279530
2.280965
2.282111
2.282466
2.285085
2.285628
2.286710
2.287787
2.288290
2.289708
2.290066
2.292917
2.290542
2.290937
2.291662
2.291409
2.289917
2.287596
2.289194
2.287712
2.286849
2.284535
2.284777
2.283213
2.281529
2.279099
2.275835
2.274828
2.271209
2.268528
2.269194
2.272090
2.271157
2.272307
2.273709
2.274812
2.274361
2.277821
2.277166
2.279184
2.281584
2.283208
2.283726
2.284932
2.285034
2.287905
2.287781
2.288373
2.289075
2.290052
2.290677
2.290244
2.290215
2.288742
2.289619
2.288362
2.287245
2.285966
2.284805
2.284345
2.282127
2.281872
2.278654
2.277849
2.273721
2.272918
2.270259
2.266533
2.269589
2.270480
2.273373
2.271540
2.275375
2.276530
2.277791
2.279235
2.279550
2.282619
2.283348
2.284470
2.284871
2.286754
2.288321
2.287965
2.289441
2.289365
2.291521
2.291371
2.291221
2.290733
2.291034
2.290457
2.289528
2.288924
2.286945
2.287734
2.285461
2.285101
2.283543
2.280816
2.279739
2.276796
2.273988
2.270175
2.269486
2.268792
2.269757
2.270977
2.272105
2.274613
2.274593
2.275557
2.276343
2.279274
2.280389
2.281314
2.282513
2.282866
2.285432
2.286307
2.287377
2.286797
2.288945
2.289847
2.289066
2.290180
2.289367
2.290849
2.289978
2.288969
2.287509
2.287707
2.286771
2.284900
2.284117
2.281861
2.281961
2.279446
2.277132
2.274590
2.272221
2.270725
2.268867
2.269304
2.269486
2.273520
2.273103
2.274834
2.276351
2.277631
2.279704
2.280804
2.281767
2.282407
2.285009
2.286031
2.287021
2.288075
2.287474
2.289183
2.290061
2.290836
2.290492
2.292075
2.291520
2.290992
2.290176
2.288713
2.289417
2.287804
2.287213
2.284472
2.284647
2.283416
2.281224
2.279240
2.276373
2.275242
2.271473
2.268572
2.267891
2.269475
2.271247
2.272050
2.273313
2.273822
2.277302
2.277298
2.278696
2.279904
2.280834
2.283164
2.283959
2.284577
2.285396
2.287927
2.287884
2.288660
2.289395
2.288865
2.291095
2.290632
2.290167
2.289973
2.288992
2.288173
2.286564
2.286150
2.284104
2.284548
2.282976
2.280971
2.278550
2.277434
2.275018
2.272599
2.269862
2.267618
2.269990
2.270303
2.272085
2.272180
2.274899
2.276711
2.277766
2.278947
2.279898
2.282740
2.283098
2.284881
2.286913
2.286892
2.287535
2.288307
2.290209
2.287512
2.290938
2.291054
2.289594
2.290819
2.290059
2.291053
2.289113
2.289668
2.284986
2.285749
2.284819
2.283828
2.283084
2.279842
2.281441
2.277357
2.274558
2.270129
2.268107
2.268394
2.269276
2.271137
2.270461
2.273811
2.274894
2.276027
2.276586
2.279173
2.280293
2.281103
2.282245
2.282803
2.285259
2.286090
2.287736
2.286389
2.288151
2.289748
2.289550
2.290361
2.289365
2.290627
2.289764
2.288899
2.288014
2.286655
2.287423
2.284911
2.283617
2.281535
2.281404
2.279401
2.277361
2.275319
2.271709
2.270560
2.268750
2.268782
2.269673
2.272838
2.273197
2.275748
2.276448
2.275861
2.279748
2.280474
2.282492
2.281841
2.284714
2.285657
2.286627
2.288234
2.287288
2.291806
2.291221
2.289990
2.291465
2.291493
2.291588
2.289746
2.288635
2.288257
2.289609
2.288077
2.287949
2.284319
2.283930
2.283794
2.281727
2.279505
2.276644
2.275354
2.271469
2.269039
2.268450
2.269081
2.271705
2.272008
2.273554
2.274417
2.276955
2.277554
2.278894
2.279940
2.280595
2.283434
2.283583
2.285169
2.286589
2.288229
2.287152
2.287407
2.289207
2.288791
2.291064
2.290269
2.290077
2.289591
2.289562
2.288441
2.287635
2.286177
2.284297
2.284681
2.282849
2.281283
2.278810
2.277383
2.275654
2.272992
2.270095
2.267823
2.269542
2.270505
2.271641
2.273344
2.274184
2.277313
2.277027
2.279735
2.281770
2.282857
2.282764
2.284306
2.285568
2.285530
2.285794
2.287520
2.289181
2.289284
2.291235
2.291301
2.291206
2.291455
2.290455
2.292606
2.290114
2.288607
2.286215
2.287545
2.285300
2.284373
2.283286
2.280701
2.280349
2.277399
2.274863
2.271193
2.268798
2.268855
2.269803
2.271138
2.270872
2.274348
2.275051
2.276663
2.277486
2.278229
2.280416
2.281339
2.282515
2.282714
2.285191
2.285779
2.287133
2.287402
2.287648
2.290016
2.289784
2.289936
2.289651
2.292041
2.291141
2.288621
2.287159
2.285576
2.287543
2.284829
2.283999
2.281902
2.281557
2.280449
2.277989
2.275492
2.270839
2.271093
2.270142
2.269855
2.269701
2.272311
2.273432
2.274250
2.274640
2.276860
2.277768
2.279916
2.281318
2.282576
2.283599
2.285800
2.286166
2.288132
2.287725
2.289505
2.290023
2.290696
2.290838
2.290604
2.291778
2.290996
2.290204
2.289021
2.289176
2.287974
2.287521
2.284628
2.283196
2.283882
2.281426
2.279212
2.276590
2.275054
2.271594
2.268878
2.268429
2.268595
2.271593
2.272075
2.273059
2.274947
2.276017
2.276015
2.277701
2.279390
2.279720
2.282913
2.283317
2.284600
2.284862
2.287746
2.286870
2.288358
2.289873
2.288075
2.290956
2.290711
2.289979
2.289422
2.288383
2.288924
2.287512
2.286723
2.284313
2.286026
2.284350
2.280966
2.279219
2.277361
2.275358
2.271121
2.268377
2.267703
2.269439
2.270234
2.272118
2.272058
2.273673
2.277253
2.277684
2.279137
2.279713
2.281930
2.283532
2.284361
2.285534
2.285724
2.289515
2.288188
2.288809
2.288620
2.290765
2.291529
2.291594
2.291441
2.290094
2.290986
2.289991
2.288727
2.287626
2.286755
2.286249
2.284363
2.283367
2.280630
2.280197
2.277257
2.274510
2.271613
2.268075
2.269299
2.269325
2.270596
2.270778
2.273835
2.274639
2.275721
2.276974
2.277921
2.280779
2.280968
2.282022
2.282817
2.285090
2.285991
2.286917
2.287745
2.287092
2.289792
2.289814
2.290026
2.289771
2.290165
2.290143
2.289981
2.289039
2.286928
2.286904
2.285634
2.282252
2.281870
2.282662
2.278085
2.275230
2.274984
2.272044
2.271202
2.268772
2.269000
2.269968
2.271791
2.272715
2.274712
2.275995
2.276757
2.279957
2.280497
2.281489
2.283092
2.283128
2.286140
2.286249
2.287739
2.287649
2.289956
2.290403
2.290952
2.291189
2.290556
2.292119
2.291218
2.290542
2.289162
2.289568
2.289730
2.287099
2.285733
2.282991
2.283604
2.280953
2.280880
2.277879
2.275037
2.272505
2.268583
2.268189
2.268275
2.270902
2.271764
2.273232
2.274101
2.275530
2.277728
2.278411
2.279494
2.280155
2.282693
2.283735
2.284548
2.285608
2.286106
2.288158
2.290308
2.290336
2.288615
2.290523
2.289541
2.290908
2.288856
2.286130
2.287981
2.287428
2.286580
2.284169
2.284214
2.283174
2.281253
2.279464
2.276793
2.276110
2.273411
2.270368
2.268155
2.269080
2.270561
2.272252
2.272327
2.274681
2.277085
2.277734
2.277517
2.279716
2.281393
2.283500
2.283574
2.285101
2.285433
2.288362
2.288235
2.289067
2.289678
2.290259
2.291385
2.291735
2.291459
2.290230
2.291235
2.289917
2.289218
2.288066
2.286427
2.286704
2.284660
2.283215
2.280959
2.280212
2.277895
2.274714
2.271652
2.267666
2.268925
2.269301
2.269861
2.271070
2.273049
2.274682
2.275627
2.277193
2.277280
2.281252
2.282542
2.282023
2.282783
2.284625
2.287232
2.284977
2.286896
2.286654
2.287736
2.289521
2.290000
2.289842
2.289141
2.289898
2.289077
2.288042
2.286423
2.286959
2.284861
2.283867
2.282452
2.280077
2.279901
2.277474
2.275572
2.272197
2.270790
2.268584
2.268322
2.269576
2.270126
2.273185
2.273993
2.275916
2.275938
2.278597
2.280157
2.280852
2.282268
2.282674
2.285609
2.286064
2.287392
2.287399
2.288958
2.290096
2.290593
2.291124
2.290200
2.291664
2.291288
2.290885
2.290429
2.288406
2.287033
2.287080
2.285234
2.283680
2.284131
2.282109
2.279279
2.277081
2.274280
2.272646
2.268908
2.268305
2.269353
2.272264
2.271706
2.273182
2.273645
2.275925
2.274225
2.278023
2.279571
2.280059
2.282546
2.283368
2.284291
2.285329
2.286488
2.287650
2.288613
2.289593
2.289370
2.290292
2.290645
2.290061
2.289542
2.288058
2.289017
2.287291
2.286282
2.284806
2.283723
2.283034
2.282913
2.279145
2.277537
2.276043
2.273008
2.269146
2.268161
2.269117
2.269850
2.271326
2.272339
2.273703
2.276262
2.277827
2.278658
2.280054
2.280684
2.283392
2.283955
2.285109
2.285562
2.287999
2.288062
2.288726
2.289864
2.289577
2.291941
2.291493
2.291192
2.290729
2.290491
2.290106
2.288853
2.287698
2.285785
2.286549
2.286288
2.284432
2.280077
2.279839
2.276593
2.274979
2.271985
2.267909
2.268953
2.269230
2.270760
2.271370
2.272690
2.275890
2.276189
2.277281
2.275915
2.279881
2.280797
2.281788
2.282888
2.283996
2.286089
2.287751
2.286518
2.287112
2.290123
2.289217
2.289612
2.290849
2.289276
2.290348
2.289105
2.288406
2.286697
2.287297
2.285262
2.284362
2.282650
2.280470
2.280566
2.277871
2.275786
2.272578
2.271068
2.269021
2.268834
2.269990
2.271116
2.272699
2.274816
2.276343
2.277196
2.278300
2.280363
2.280791
2.282788
2.283154
2.285802
2.286252
2.288687
2.288550
2.287313
2.289912
2.290158
2.291182
2.290479
2.291902
2.291180
2.291489
2.290144
2.288184
2.288671
2.286561
2.285138
2.283512
2.283741
2.281969
2.280005
2.277694
2.274121
2.272693
2.269402
2.268357
2.268392
2.270680
2.271859
2.272987
2.274120
2.274781
2.277452
2.278848
2.279562
2.280757
2.282156
2.284008
2.284475
2.285737
2.286100
2.287845
2.288737
2.289186
2.289388
2.290027
2.291148
2.289283
2.289625
2.288978
2.289006
2.287892
2.285954
2.285499
2.283086
2.283545
2.281632
2.279666
2.277158
2.276070
2.273579
2.271022
2.268637
2.268258
2.270643
2.271903
2.272095
2.274005
2.275906
2.277533
2.278734
2.279844
2.280157
2.283294
2.283795
2.284857
2.285840
2.287414
2.288523
2.289269
2.289957
2.289950
2.291797
2.291540
2.291715
2.290909
2.290372
2.290509
2.289492
2.288494
2.286651
2.286726
2.284936
2.283741
2.281828
2.279277
2.279444
2.276308
2.271711
2.268314
2.268149
2.269042
2.270688
2.271388
2.272051
2.275283
2.276098
2.277182
2.278235
2.279712
2.281361
2.282092
2.283272
2.283999
2.286320
2.287227
2.287170
2.288255
2.289546
2.290446
2.290296
2.290103
2.289484
2.290888
2.289410
2.288564
2.287165
2.286962
2.285831
2.284121
2.282715
2.280549
2.280449
2.277784
2.275618
2.273562
2.270132
2.269346
2.269005
2.269540
2.270344
2.273798
2.274500
2.276036
2.277752
2.279739
2.280856
2.281231
2.282392
2.282738
2.284806
2.286245
2.286968
2.288707
2.287757
2.288867
2.290159
2.290658
2.290466
2.290797
2.290123
2.290463
2.289526
2.288278
2.289031
2.288067
2.285438
2.283899
2.284207
2.281584
2.280052
2.277837
2.274555
2.273194
2.269354
2.268494
2.269195
2.270223
2.272052
2.272778
2.274400
2.274870
2.277990
2.278391
2.279516
2.280966
2.281691
2.284714
2.284443
2.285464
2.286209
2.289153
2.288461
2.288945
2.288165
2.289290
2.290870
2.290422
2.289843
2.288628
2.288705
2.287956
2.287051
2.285729
2.283087
2.284071
2.281653
2.279893
2.277562
2.276171
2.273970
2.271065
2.268898
2.267954
2.270605
2.271693
2.272871
2.273985
2.275788
2.277350
2.278469
2.280402
2.280381
2.283431
2.284693
2.286527
2.285264
2.287164
2.288601
2.288228
2.289132
2.289472
2.291731
2.291356
2.291223
2.290578
2.289879
2.290421
2.290405
2.288469
2.287171
2.283928
2.284671
2.283543
2.281863
2.279099
2.278557
2.275485
2.272345
2.268780
2.268464
2.269496
2.270125
2.271357
2.272349
2.275052
2.275759
2.277112
2.277846
2.279825
2.280880
2.282367
2.283130
2.283689
2.286252
2.286452
2.287469
2.288280
2.288626
2.290292
2.289942
2.290468
2.289034
2.290307
2.289367
2.288406
2.287360
2.285948
2.286263
2.284608
2.282337
2.280449
2.279653
2.278444
2.275612
2.275107
2.270331
2.268400
2.268515
2.269871
2.271816
2.271677
2.274114
2.275978
2.278687
2.276294
2.280418
2.280732
2.280902
2.282423
2.284138
2.286096
2.287037
2.287804
2.287633
2.290694
2.290439
2.290687
2.290482
2.290468
2.291811
2.290450
2.289908
2.287995
2.288802
2.287450
2.285662
2.284665
2.283018
2.282963
2.280126
2.277994
2.274389
2.273262
2.269653
2.268538
2.268972
2.269489
2.272832
2.272593
2.274377
2.275127
2.278469
2.278243
2.278587
2.279683
2.280776
2.283902
2.284302
2.285447
2.286576
2.286836
2.288398
2.289189
2.289283
2.289279
2.293198
2.291028
2.288798
2.289472
2.287671
2.286993
2.286603
2.285135
2.283329
2.283564
2.281539
2.279815
2.277828
2.277004
2.274666
2.270010
2.268798
2.266332
2.269987
2.271540
2.272229
2.274161
2.274920
2.277918
2.278617
2.279748
2.280120
2.282912
2.284020
2.284827
2.285876
2.285958
2.288584
2.290059
2.289721
2.289670
2.289905
2.291347
2.291600
2.291449
2.289755
2.290584
2.289109
2.288193
2.286443
2.285790
2.284840
2.283615
2.281784
2.279312
2.278815
2.275457
2.272652
2.269188
2.268217
2.269790
2.270129
2.271388
2.271845
2.274781
2.275866
2.276338
2.278140
2.278537
2.281736
2.282062
2.282818
2.283567
2.285986
2.286749
2.287009
2.288445
2.287946
2.290254
2.290075
2.290345
2.289537
2.290248
2.289274
2.288471
2.288999
2.285763
2.287095
2.285779
2.281907
2.280365
2.280401
2.276673
2.275850
2.273552
2.270140
2.269586
2.269125
2.269639
2.270870
2.272328
2.274879
2.275789
2.276908
2.277652
2.280348
2.281407
2.282522
2.283877
2.284217
2.286676
2.287211
2.288181
2.288129
2.290347
2.290720
2.291217
2.291412
2.290598
2.291924
2.290860
2.289938
2.288164
2.289015
2.287377
2.286170
2.284504
2.283257
2.282565
2.280306
2.278549
2.276018
2.273445
2.269654
2.267275
2.268401
2.269209
2.272340
2.272589
2.274048
2.275078
2.276810
2.278595
2.279189
2.280603
2.280904
2.283871
2.284160
2.284853
2.286320
2.286830
2.288775
2.289253
2.291242
2.290035
2.289857
2.290524
2.289522
2.287760
2.287591
2.288539
2.287036
2.285044
2.283557
2.283760
2.281674
2.279664
2.278051
2.275314
2.274359
2.271298
2.268822
2.267994
2.269716
2.271068
2.272516
2.273923
2.274773
2.278435
2.279296
2.279981
2.279275
2.282426
2.284182
2.284243
2.285998
2.286433
2.288731
2.288736
2.289733
2.290181
2.290637
2.292090
2.291606
2.291284
2.289724
2.290557
2.290363
2.289009
2.287530
2.284590
2.285473
2.283623
2.281650
2.279499
2.278866
2.275879
2.272550
2.269578
2.267429
2.269694
2.270205
2.271259
2.271946
2.274952
2.275454
2.276820
2.278036
2.278361
2.281576
2.281969
2.283188
2.285332
2.286468
2.286478
2.287600
2.288017
2.287526
2.289480
2.289346
2.290140
2.289860
2.289806
2.289805
2.288603
2.287928
2.286398
2.286624
2.284395
2.283346
2.281936
2.279724
2.279211
2.276345
2.274326
2.270588
2.269934
2.269132
2.269883
2.271244
2.271687
2.275366
2.276148
2.276711
2.277704
2.280823
2.281870
2.282625
2.283612
2.283815
2.286944
2.287334
2.288141
2.288564
2.290249
2.290713
2.291109
2.291662
2.290769
2.292228
2.290947
2.290189
2.289161
2.289843
2.288008
2.284621
2.284452
2.283165
2.282730
2.280527
2.278114
2.275534
2.272626
2.270164
2.268311
2.269124
2.268978
2.273122
2.274476
2.273586
2.275240
2.276292
2.277137
2.278995
2.281061
2.281110
2.283503
2.284559
2.285206
2.286627
2.286268
2.288961
2.289084
2.289715
2.289164
2.290664
2.290846
2.290269
2.289493
2.287610
2.288512
2.287002
2.285602
2.283856
2.282985
2.282421
2.279962
2.278709
2.275651
2.275694
2.271963
2.269021
2.267125
2.268956
2.271304
2.273656
2.273011
2.274808
2.278189
2.278981
2.280011
2.281235
2.282006
2.284605
2.285404
2.285969
2.287005
2.289120
2.288930
2.290129
2.290870
2.290560
2.292147
2.291536
2.291588
2.290613
2.290872
2.289723
2.288668
2.287853
2.285353
2.285812
2.284135
2.282361
2.280059
2.278695
2.276530
2.274899
2.269828
2.267346
2.270198
2.269179
2.271230
2.272040
2.274335
2.276096
2.277937
2.278664
2.278466
2.280066
2.281620
2.282795
2.283987
2.284809
2.288625
2.286229
2.288359
2.288390
2.289714
2.290099
2.290576
2.290394
2.289252
2.290452
2.288437
2.287907
2.286292
2.286620
2.284464
2.283135
2.283005
2.279129
2.278889
2.276958
2.274328
2.269644
2.269435
2.269067
2.269558
2.271608
2.271387
2.274897
2.275904
2.277232
2.278089
2.279972
2.281339
2.282287
2.283610
2.284080
2.287013
2.287762
2.287964
2.289580
2.290173
2.291167
2.289912
2.291152
2.290611
2.291982
2.291155
2.290244
2.290712
2.288738
2.288710
2.286078
2.284465
2.282854
2.282879
2.280778
2.278585
2.276013
2.272297
2.270761
2.268513
2.268833
2.269890
2.271633
2.273040
2.274288
2.275469
2.276065
2.279413
2.279571
2.280980
2.281322
2.283041
2.284865
2.285688
2.287069
2.285705
2.288840
2.289405
2.289616
2.290133
2.290295
2.291040
2.290044
2.289349
2.288114
2.289640
2.287679
2.285893
2.284346
2.282475
2.282878
2.280579
2.278892
2.276011
2.275003
2.272111
2.269468
2.268919
2.268654
2.272461
2.272284
2.274377
2.275046
2.277997
2.278973
2.279932
2.281610
2.281698
2.284269
2.285323
2.286125
2.286811
2.288650
2.289473
2.289850
2.290930
2.290281
2.292301
2.291969
2.291349
2.290623
2.290037
2.289948
2.288707
2.287629
2.285257
2.285790
2.284361
2.282383
2.280602
2.278433
2.276989
2.273396
2.270629
2.267825
2.269650
2.270254
2.270883
2.272440
2.273834
2.275894
2.276680
2.278045
2.278247
2.280871
2.282047
2.283035
2.284279
2.284737
2.287721
2.287329
2.288252
2.288425
2.290048
2.290369
2.290650
2.290322
2.289445
2.290593
2.288970
2.287765
2.286662
2.286028
2.285197
2.283280
2.281674
2.279530
2.279195
2.276812
2.274308
2.271520
2.268853
2.269107
2.269430
2.271407
2.271260
2.275010
2.276196
2.276750
2.280530
2.280592
2.281682
2.282140
2.282683
2.284083
2.284776
2.286849
2.288487
2.288157
2.288918
2.290232
2.291629
2.291899
2.289241
2.292182
2.291319
2.290186
2.289829
2.287667
2.289532
2.285807
2.285049
2.283989
2.282971
2.281288
2.279165
2.276489
2.273999
2.271406
2.267854
2.268832
2.270196
2.271121
2.272910
2.274107
2.275715
2.276294
2.278932
2.279257
2.280810
2.282023
2.282819
2.284968
2.285172
2.287502
2.285748
2.289121
2.289488
2.289709
2.290112
2.289869
2.291149
2.290905
2.289972
2.288177
2.287459
2.287123
2.285925
2.284899
2.282628
2.282914
2.280467
2.278803
2.276244
2.274957
2.272244
2.269688
2.269002
2.268799
2.272164
2.272590
2.273939
2.275787
2.276379
2.278912
2.280009
2.281282
2.282439
2.286366
2.284481
2.285709
2.286995
2.286119
2.288779
2.289772
2.290450
2.290428
2.292248
2.291431
2.291441
2.290750
2.289416
2.290291
2.289016
2.288528
2.285210
2.285343
2.284234
2.282903
2.281990
2.278129
2.277374
2.271941
2.269765
2.267864
2.269402
2.270336
2.271602
2.272873
2.273483
2.276341
2.277208
2.278101
2.278962
2.280696
2.281934
2.283142
2.284160
2.284294
2.287242
2.287623
2.288261
2.288478
2.289473
2.290902
2.290464
2.290410
2.289616
2.290431
2.288855
2.288169
2.287235
2.285489
2.285565
2.283435
2.282677
2.279328
2.279372
2.276545
2.274292
2.271762
2.268475
2.269292
2.269578
2.270757
2.271655
2.276133
2.276834
2.276635
2.278314
2.278310
2.282020
2.280666
2.283241
2.284358
2.286537
2.287546
2.287888
2.288491
2.288975
2.291399
2.290862
2.291486
2.290736
2.291470
2.291505
2.290531
2.289655
2.287532
2.288911
2.286174
2.285306
2.284147
2.282318
2.281259
2.278798
2.276807
2.272522
2.270931
2.268605
2.268734
2.270334
2.270521
2.273445
2.274101
2.274971
2.275956
2.278287
2.279426
2.280308
2.281574
2.282033
2.284889
2.286531
2.286859
2.286100
2.287285
2.289369
2.288783
2.290388
2.289882
2.291541
2.290487
2.289966
2.288277
2.288076
2.287822
2.286085
2.285135
2.282852
2.283107
2.280660
2.279270
2.277752
2.274540
2.272063
2.269942
2.266908
2.268403
2.273162
2.271772
2.273630
2.275488
2.276185
2.278528
2.279555
2.281352
2.281678
2.284303
2.285050
2.285966
2.287752
2.286935
2.289913
2.290288
2.290477
2.290525
2.292011
2.292109
2.291593
2.292660
2.289588
2.290038
2.288052
2.288024
2.285838
2.285777
2.284921
2.283264
2.281243
2.277918
2.277459
2.273787
2.270365
2.268341
2.268816
2.270964
2.271405
2.272588
2.273041
2.276846
2.276797
2.278132
2.279640
2.280151
2.282861
2.282863
2.283933
2.284624
2.287222
2.287717
2.288330
2.289101
2.288814
2.291069
2.290493
2.290339
2.289581
2.290009
2.289059
2.288113
2.287008
2.286487
2.286959
2.282749
2.282485
2.280471
2.278528
2.277015
2.274522
2.271233
2.269132
2.269374
2.269577
2.271706
2.271411
2.273632
2.275765
2.276875
2.278576
2.278645
2.281756
2.282625
2.283149
2.284445
2.285754
2.288007
2.288452
2.289117
2.288806
2.291518
2.291083
2.291424
2.291585
2.291953
2.290777
2.290536
2.289445
2.288161
2.289165
2.286378
2.285432
2.284427
2.281368
2.281537
2.279549
2.276455
2.272933
2.270643
2.268857
2.269017
2.270157
2.270314
2.272974
2.275833
2.274951
2.275010
2.277814
2.279564
2.280517
2.281252
2.281982
2.284941
2.285066
2.286804
2.286770
2.287670
2.289978
2.291698
2.289778
2.288980
2.291365
2.290093
2.288398
2.288798
2.287629
2.288109
2.286339
2.284847
2.282999
2.282882
2.281187
2.278897
2.276849
2.273892
2.272748
2.269747
2.268687
2.268716
2.271404
2.272784
2.273536
2.275106
2.275957
2.279266
2.279989
2.280916
2.281761
2.283826
2.285975
2.285326
2.288297
2.287248
2.289091
2.288604
2.290976
2.290384
2.291421
2.292015
2.291673
2.291346
2.290415
2.290988
2.288132
2.288288
2.286463
2.284859
2.285143
2.283206
2.281277
2.278126
2.277228
2.274008
2.270144
2.268475
2.268155
2.270811
2.271476
2.272403
2.273281
2.275892
2.278284
2.278000
2.279001
2.279726
2.281778
2.282814
2.285886
2.284590
2.286491
2.287588
2.286587
2.288749
2.288846
2.291038
2.290398
2.290868
2.289777
2.291136
2.289898
2.287173
2.286879
2.285202
2.285892
2.284071
2.282608
2.280366
2.278733
2.277602
2.274790
2.272272
2.268928
2.269591
2.269356
2.271016
2.272200
2.273493
2.276391
2.276692
2.277792
2.279346
2.281460
2.282599
2.283285
2.284538
2.284778
2.287747
2.287902
2.289167
2.289339
2.291113
2.291382
2.291328
2.291632
2.290770
2.291819
2.290494
2.289801
2.288353
2.288103
2.286692
2.285368
2.284772
2.282161
2.282435
2.279742
2.276875
2.272397
2.270592
2.269028
2.268834
2.270074
2.271184
2.275075
2.272779
2.275014
2.276490
2.275850
2.279273
2.280313
2.281446
2.281789
2.284380
2.285251
2.286546
2.287106
2.287376
2.289598
2.289250
2.290198
2.289656
2.291269
2.290621
2.289501
2.288945
2.287264
2.288247
2.286037
2.284930
2.282921
2.282750
2.280710
2.278929
2.277054
2.273862
2.272916
2.270012
2.268921
2.269230
2.270908
2.272426
2.275159
2.275809
2.276340
2.277672
2.279088
2.281003
2.281944
2.283190
2.285331
2.285671
2.286953
2.287278
2.289032
2.289780
2.290406
2.290761
2.290605
2.292041
2.291625
2.291193
2.289706
2.290201
2.288796
2.288184
2.286484
2.284693
2.285008
2.283592
2.281327
2.278299
2.277815
2.276195
2.270228
2.268364
2.267488
2.270190
2.270961
2.272391
2.273458
2.275163
2.276963
2.278034
2.279319
2.279339
2.282669
2.282923
2.283819
2.285807
2.287751
2.286530
2.287073
2.288519
2.288211
2.290698
2.290588
2.290480
2.289900
2.289235
2.289291
2.288209
2.287325
2.285227
2.285494
2.283939
2.282248
2.280894
2.277979
2.277787
2.274548
2.271900
2.269228
2.269118
2.269702
2.270636
2.272289
2.272558
2.276310
2.276664
2.278112
2.278833
2.280946
2.283293
2.284477
2.284693
2.284721
2.287992
2.286760
2.288913
2.289205
2.290753
2.291404
2.291486
2.291332
2.290654
2.291915
2.291394
2.290376
2.288913
2.286356
2.286999
2.285678
2.283071
2.281559
2.281645
2.279168
2.276819
2.273852
2.269955
2.269117
2.268866
2.269895
2.270215
2.272803
2.273913
2.275609
2.276165
2.277044
2.279942
2.280217
2.281691
2.281908
2.284487
2.285164
2.286842
2.286609
2.287226
2.289364
2.289791
2.290258
2.289786
2.290553
2.290617
2.289864
2.289163
2.287441
2.288406
2.286803
2.284544
2.283519
2.282496
2.281016
2.279763
2.277446
2.274396
2.271851
2.269624
2.268694
2.269289
2.270088
2.272907
2.273800
2.275372
2.276180
2.278668
2.279651
2.281170
2.282127
2.282426
2.285522
2.285596
2.286937
2.286986
2.289407
2.289930
2.290816
2.292011
2.291428
2.292681
2.291692
2.291037
2.289162
2.289490
2.289160
2.288455
2.285963
2.284069
2.285264
2.282524
2.280756
2.278843
2.276891
2.274304
2.270493
2.268505
2.267933
2.270742
2.270997
2.271744
2.273778
2.274945
2.277014
2.277671
2.278305
2.278812
2.281825
2.282935
2.284105
2.285262
2.285851
2.287397
2.287847
2.288842
2.288709
2.290395
2.291106
2.290671
2.289390
2.289396
2.288995
2.287821
2.287081
2.285508
2.284787
2.284221
2.282422
2.280696
2.277988
2.277766
2.275020
2.272261
2.269570
2.268620
2.269281
2.270871
2.271739
2.272295
2.275793
2.276748
2.277903
2.279029
2.280009
2.282313
2.283185
2.284292
2.285097
2.287346
2.288332
2.288937
2.289693
2.288470
2.291291
2.291753
2.291660
2.290630
2.291532
2.290316
2.289558
2.288631
2.287843
2.286605
2.285104
2.284243
2.282327
2.281356
2.279502
2.276599
2.273890
2.269585
2.268913
2.268757
2.269674
2.270419
2.272308
2.274083
2.274972
2.276237
2.276982
2.279533
2.280419
2.281425
2.282648
2.283761
2.285264
2.287186
2.286606
2.287343
2.289823
2.289754
2.290062
2.290309
2.289635
2.290626
2.289600
2.289509
2.287690
2.287724
2.285259
2.284504
2.283458
2.281624
2.281488
2.279246
2.277081
2.274204
2.272805
2.270300
2.269369
2.269201
2.270420
2.273217
2.275173
2.275627
2.276827
2.278050
2.279675
2.279442
2.280840
2.281836
2.283828
2.285238
2.286522
2.287374
2.286774
2.289304
2.289976
2.290907
2.290322
2.292411
2.291440
2.290877
2.290180
2.289544
2.289436
2.289490
2.285322
2.284259
2.285140
2.283081
2.281148
2.278953
2.276754
2.275332
2.270963
2.267379
2.267627
2.270392
2.271065
2.272329
2.273698
2.274124
2.277181
2.277855
2.279171
2.279786
2.281862
2.283216
2.283964
2.284774
2.285814
2.287423
2.287542
2.288553
2.289171
2.290152
2.290481
2.290406
2.290162
2.288811
2.289906
2.288491
2.287019
2.286097
2.284620
2.284330
2.282606
2.280698
2.278485
2.277921
2.275078
2.272617
2.269661
2.267939
2.269836
2.271616
2.273845
2.272360
2.275271
2.276877
2.277701
2.279591
2.278150
2.281958
2.283282
2.284456
2.285115
2.287489
2.287704
2.288413
2.289490
2.289421
2.291387
2.291115
2.290862
2.290636
2.290793
2.290349
2.289421
2.288845
2.287155
2.287201
2.285121
2.284297
2.282870
2.281021
2.279602
2.276891
2.274098
2.269766
2.268836
2.268767
2.269588
2.270330
2.271390
2.273903
2.274724
2.276391
2.276869
2.279278
2.280267
2.281360
2.282172
2.282894
2.285499
2.286543
2.287821
2.287259
2.288544
2.288517
2.289899
2.290627
2.289373
2.291004
2.289575
2.288850
2.287574
2.288052
2.286981
2.284845
2.283980
2.281676
2.281715
2.279607
2.277394
2.276589
2.273288
2.269415
2.268616
2.267923
2.269234
2.272270
2.273801
2.275231
2.276192
2.277461
2.279760
2.280853
2.282420
2.282540
2.285357
2.285827
2.286695
2.287792
2.288011
2.290184
2.290316
2.291365
2.290251
2.292113
2.291798
2.291048
2.290265
2.289884
2.289777
2.288426
2.284849
2.284352
2.285189
2.283273
2.281261
2.279556
2.276600
2.274891
2.270885
2.268607
2.268049
2.269817
2.271234
2.272118
2.273452
2.274450
2.276592
2.277579
2.278634
2.279958
2.281023
2.282742
2.284960
2.285650
2.284551
2.287593
2.287863
2.287493
2.289216
2.288994
2.291281
2.290009
2.290105
2.288745
2.290874
2.290156
2.286344
2.285810
2.284167
2.282766
2.282239
2.280625
2.278499
2.277489
2.276415
2.272671
2.270042
2.266338
2.269800
2.271140
2.271417
2.272853
2.275475
2.276880
2.277955
2.279073
2.279605
2.282684
2.283412
2.284518
2.285213
2.287080
2.288075
2.288501
2.289594
2.289394
2.291835
2.291195
2.291450
2.291411
2.290615
2.290889
2.289742
2.288769
2.287084
2.287372
2.285456
2.284982
2.283078
2.280140
2.280574
2.277505
2.274297
2.270119
2.269219
2.268782
2.270018
2.270561
2.270957
2.274226
2.274788
2.277561
2.277122
2.277887
2.279401
2.280937
2.282377
2.283006
2.285790
2.286725
2.286368
2.287546
2.289026
2.290800
2.292001
2.289705
2.288815
2.291045
2.288426
2.288831
2.287666
2.287251
2.287172
2.285072
2.284176
2.281948
2.281795
2.279442
2.277305
2.275184
2.271851
2.270477
2.268983
2.269301
2.270464
2.272228
2.273596
2.275104
2.276597
2.277166
2.280387
2.280739
2.281753
2.282478
2.284916
2.286358
2.286190
2.287658
2.289374
2.290405
2.290292
2.289310
2.291157
2.293498
2.290800
2.291452
2.290577
2.288857
2.289827
2.288623
2.286831
2.285517
2.284806
2.284151
2.281172
2.279482
2.276574
2.275167
2.271335
2.268826
2.268515
2.269272
2.271391
2.272538
2.274272
2.274386
2.277169
2.279063
2.277608
2.280085
2.280551
2.283927
2.284130
2.287603
2.284786
2.286946
2.287898
2.287822
2.288595
2.288877
2.291187
2.290545
2.290295
2.289314
2.289616
2.289755
2.287621
2.286589
2.283019
2.284237
2.282696
2.280904
2.278947
2.277246
2.275476
2.272802
2.270031
2.267777
2.269955
2.270718
2.271703
2.272710
2.274833
2.276791
2.277592
2.279727
2.279822
2.282473
2.283328
2.284263
2.285430
2.285874
2.288275
2.288806
2.291296
2.289763
2.289979
2.291342
2.290804
2.290946
2.290208
2.291463
2.289717
2.288864
2.287606
2.287004
2.285647
2.285014
2.283054
2.280506
2.279851
2.277547
2.275411
2.270600
2.268273
2.268495
2.269657
2.270752
2.272291
2.275144
2.273869
2.275741
2.277319
2.276789
2.280318
2.281190
2.282517
2.282814
2.285401
2.286292
2.286821
2.287661
2.288206
2.289858
2.289882
2.290030
2.289677
2.290486
2.289713
2.288816
2.288076
2.286539
2.286999
2.284918
2.283649
2.282419
2.280973
2.279726
2.277841
2.274981
2.272405
2.271030
2.268953
2.269058
2.270129
2.272366
2.273820
2.275012
2.276330
2.278277
2.280291
2.281400
2.280222
2.281992
2.284045
2.285870
2.286739
2.287616
2.287672
2.290618
2.290699
2.291051
2.290964
2.291081
2.292086
2.291199
2.290727
2.289233
2.289504
2.288744
2.287024
2.285225
2.284220
2.283954
2.281677
2.279488
2.276571
2.276331
2.273161
2.268285
2.268547
2.267857
2.270748
2.272242
2.273500
2.274324
2.276435
2.278081
2.279059
2.279952
2.280308
2.283115
2.283907
2.284988
2.286491
2.286425
2.289284
2.289063
2.288971
2.287628
2.291220
2.290479
2.290326
2.289677
2.288800
2.288981
2.287595
2.286841
2.284034
2.284347
2.282772
2.281067
2.279089
2.276902
2.275904
2.272924
2.270390
2.267998
2.269712
2.270495
2.271878
2.273116
2.274199
2.277312
2.277591
2.278917
2.279811
2.282166
2.283324
2.284239
2.285300
2.285665
2.288461
2.288751
2.289531
2.290172
2.291090
2.291605
2.291543
2.291480
2.290497
2.291423
2.290120
2.291711
2.288189
2.285854
2.285804
2.284781
2.283662
2.278854
2.280232
2.277442
2.274439
2.271318
2.268370
2.269152
2.269883
2.270884
2.271113
2.274107
2.275605
2.276121
2.277839
2.278432
2.280685
2.281753
2.282732
2.283374
2.285361
2.286259
2.287116
2.287902
2.288221
2.290473
2.290271
2.290360
2.291531
2.290419
2.289805
2.289211
2.287706
2.286883
2.287363
2.285072
2.283799
2.282165
2.281030
2.279543
2.277778
2.275976
2.273357
2.271352
2.267717
2.268824
2.269998
2.271052
2.273951
2.274749
2.276533
2.276739
2.280061
2.280686
2.281632
2.283211
2.283198
2.285924
2.286482
2.287574
2.287775
2.290082
2.290342
2.290592
2.291923
2.292135
2.291608
2.291135
2.290327
2.288405
2.289166
2.288946
2.286404
2.285925
2.283850
2.283853
2.281612
2.280018
2.276878
2.274849
2.271470
2.268721
2.268335
2.268600
2.271096
2.271808
2.273589
2.274852
2.275996
2.278292
2.278319
2.279406
2.280008
2.282283
2.283400
2.284837
2.285466
2.286331
2.288120
2.288653
2.288588
2.288588
2.290497
2.290528
2.290188
2.289687
2.288337
2.289082
2.287613
2.287013
2.283882
2.284364
2.282670
2.281094
2.279129
2.276806
2.276309
2.273020
2.270365
2.267982
2.268966
2.270939
2.271086
2.273256
2.273902
2.277473
2.277592
2.278999
2.279894
2.281703
2.283257
2.284205
2.285736
2.286427
2.287911
2.288648
2.289984
2.289576
2.290486
2.291088
2.291736
2.291222
2.290122
2.291090
2.289878
2.288995
2.288695
2.285377
2.286066
2.284826
2.283279
2.281097
2.280100
2.277552
2.274540
2.271348
2.268039
2.269404
2.269115
2.270331
2.270985
2.273623
2.275136
2.275656
2.277385
2.277504
2.280669
2.281001
2.282443
2.282965
2.284800
2.286263
2.286867
2.287748
2.287527
2.290273
2.289900
2.290276
2.290017
2.289561
2.290523
2.289345
2.288489
2.287546
2.287274
2.285286
2.283751
2.282206
2.280881
2.280324
2.278073
2.275770
2.272567
2.270989
2.269451
2.268530
2.271072
2.274096
2.274483
2.274354
2.276517
2.277265
2.277027
2.279587
2.281476
2.282085
2.283560
2.285311
2.287320
2.285535
2.288039
2.289434
2.290384
2.290870
2.291243
2.290410
2.292310
2.291253
2.290377
2.290897
2.288935
2.288843
2.287083
2.284433
2.284025
2.284445
2.281991
2.279752
2.277597
2.274429
2.273102
2.269152
2.268248
2.267509
2.270962
2.272196
2.273491
2.274765
2.275556
2.278221
2.278963
2.279972
2.280382
2.283043
2.283781
2.284817
2.286530
2.285110
2.288200
2.288712
2.289112
2.289390
2.290742
2.290688
2.290273
2.290004
2.288353
2.289196
2.288188
2.286665
2.284957
2.284014
2.283249
2.281221
2.279708
2.277386
2.276530
2.273544
2.270537
2.268957
2.269000
2.271203
2.271505
2.273622
2.275180
2.278288
2.276852
2.279924
2.280490
2.279960
2.283294
2.283064
2.285375
2.286267
2.288722
2.288387
2.289723
2.290478
2.290255
2.292104
2.291652
2.291839
2.290628
2.291031
2.289978
2.289428
2.288800
2.285835
2.286738
2.285098
2.283284
2.281664
2.280185
2.277883
2.275090
2.271878
2.268289
2.269586
2.269874
2.271050
2.271421
2.273027
2.275116
2.276302
2.277210
2.277799
2.280730
2.281179
2.282524
2.283663
2.284241
2.287523
2.286102
2.287781
2.288436
2.290760
2.289135
2.289378
2.290341
2.289382
2.290891
2.289513
2.288840
2.287163
2.287093
2.285808
2.284258
2.282882
2.280651
2.280651
2.279552
2.275447
2.272260
2.270750
2.268239
2.268369
2.271922
2.269180
2.273905
2.275061
2.276298
2.277351
2.278851
2.280891
2.281548
2.283111
2.283339
2.286160
2.286805
2.287300
2.288066
2.288989
2.290807
2.291212
2.291267
2.290729
2.292144
2.291293
2.290624
2.289969
2.288464
2.290112
2.287214
2.286147
2.282872
2.284176
2.282233
2.279843
2.277840
2.273967
2.272474
2.268847
2.268256
2.268813
2.271048
2.272300
2.273145
2.275026
2.274975
2.278119
2.278743
2.279883
2.280771
2.282460
2.283753
2.284997
2.285910
2.285729
2.288540
2.288652
2.289483
2.289623
2.289876
2.290885
2.290744
2.289866
2.288089
2.289168
2.287880
2.287622
2.286790
2.283078
2.283645
2.281640
2.277219
2.276101
2.276180
2.273175
2.271537
2.268920
2.268089
2.269440
2.271648
2.273000
2.274130
2.276599
2.277625
2.279021
2.280257
2.280796
2.283456
2.284046
2.285308
2.285829
2.287536
2.288814
2.289341
2.289921
2.289958
2.292092
2.291382
2.291616
2.291059
2.290649
2.290590
2.289302
2.288190
2.286003
2.286582
2.285496
2.283698
2.281218
2.279707
2.278707
2.274883
2.271505
2.268367
2.269355
2.269664
2.270236
2.271981
2.272614
2.275262
2.276133
2.277118
2.279096
2.280454
2.279524
2.281832
2.283547
2.284126
2.286788
2.286682
2.287844
2.287959
2.291909
2.290415
2.289553
2.290174
2.289814
2.288946
2.288888
2.288453
2.287158
2.286083
2.285405
2.284280
2.282925
2.280448
2.280442
2.278147
2.275481
2.273069
2.270284
2.269281
2.268883
2.270189
2.270498
2.273963
2.274805
2.276064
2.277282
2.278405
2.281129
2.281630
2.282707
2.283132
2.285663
2.286981
2.288402
2.287577
2.288360
2.292074
2.290491
2.290350
2.290645
2.291732
2.291414
2.290298
2.289898
2.288263
2.289616
2.286593
2.285776
2.284459
2.283399
2.282118
2.279667
2.277634
2.273999
2.272651
2.269012
2.268721
2.269243
2.271110
2.271615
2.272965
2.274315
2.275069
2.277759
2.278373
2.279885
2.280895
2.281870
2.285293
2.285967
2.285069
2.285196
2.287940
2.287275
2.288797
2.289675
2.289205
2.291117
2.290300
2.289619
2.288561
2.288882
2.288358
2.288262
2.285352
2.282963
2.282344
2.281319
2.279457
2.277079
2.275981
2.273568
2.270538
2.268618
2.267570
2.270747
2.271015
2.272803
2.274443
2.275557
2.277774
2.279245
2.280072
2.280750
2.283182
2.284029
2.285413
2.286502
2.286854
2.289011
2.289228
2.290280
2.289919
2.291909
2.291499
2.291595
2.291042
2.290026
2.290948
2.289084
2.288113
2.286188
2.286465
2.285750
2.283641
2.281922
2.280647
2.278755
2.274151
2.272655
2.269046
2.268711
2.268775
2.269578
2.273530
2.272320
2.275141
2.276154
2.277370
2.276226
2.279492
2.281477
2.282262
2.283344
2.283748
2.287308
2.285841
2.287517
2.288272
2.288734
2.290639
2.289971
2.290399
2.289407
2.290740
2.289548
2.288993
2.287387
2.285993
2.285918
2.284179
2.283341
2.279965
2.280642
2.278321
2.276155
2.273487
2.269731
2.269633
2.269024
2.270302
2.271024
2.273797
2.274922
2.276102
2.277790
2.278307
2.282495
2.281830
2.282592
2.283518
2.284316
2.286589
2.287376
2.288106
2.288142
2.291043
2.290890
2.291240
2.290974
2.291666
2.291755
2.290934
2.289946
2.288160
2.289520
2.287070
2.285912
2.285165
2.283065
2.282929
2.280121
2.277751
2.275472
2.273428
2.268746
2.268181
2.269258
2.267841
2.272238
2.273360
2.274529
2.275037
2.277690
2.278725
2.279795
2.281160
2.281295
2.284068
2.284755
2.286752
2.285393
2.288012
2.289204
2.290421
2.289817
2.288637
2.290531
2.290612
2.289779
2.288910
2.288108
2.288401
2.287101
2.284862
2.283276
2.283973
2.281444
2.279376
2.277529
2.275117
2.274098
2.271091
2.268922
2.268043
2.270786
2.271748
2.273057
2.275010
2.275378
2.278015
2.279059
2.280304
2.281153
2.283488
2.284535
2.285383
2.286459
2.286136
2.289472
2.289568
2.290581
2.290130
2.291710
2.291918
2.291685
2.291578
2.289740
2.291539
2.291228
2.288304
2.287343
2.286217
2.285364
2.281972
2.280949
2.279220
2.278702
2.275795
2.272108
2.269214
2.268413
2.269945
2.270695
2.272052
2.272102
2.275672
2.276133
2.277605
2.278588
2.279097
2.281722
2.282344
2.283561
2.283874
2.286521
2.286834
2.287797
2.288538
2.288498
2.290522
2.290305
2.290691
2.289670
2.290456
2.289390
2.288990
2.287750
2.286139
2.286409
2.284652
2.282982
2.281410
2.280211
2.278211
2.276108
2.273780
2.270139
2.272447
2.269067
2.269782
2.269952
2.272567
2.273935
2.276101
2.277565
2.278278
2.280921
2.281352
2.282826
2.284134
2.284799
2.287022
2.287515
2.288334
2.288341
2.290691
2.291101
2.292892
2.291583
2.290301
2.292078
2.291034
2.289324
2.287644
2.289312
2.286896
2.286204
2.285301
2.282392
2.282773
2.280698
2.278045
2.274718
2.272550
2.269606
2.268534
2.269357
2.269316
2.272292
2.273510
2.274518
2.275718
2.277036
2.278838
2.281186
2.280796
2.280897
2.283089
2.283806
2.285790
2.286020
2.287302
2.289066
2.289056
2.289689
2.288888
2.291121
2.290989
2.290270
2.289152
2.287717
2.288318
2.286704
2.285606
2.283667
2.283551
2.281981
2.280122
2.278055
2.275072
2.274314
2.270746
2.268487
2.268264
2.270211
2.271726
2.273090
2.274610
2.275091
2.278113
2.278996
2.280483
2.281841
2.283903
2.283997
2.285144
2.286253
2.286224
2.288635
2.289146
2.290213
2.290797
2.290938
2.291996
2.290865
2.291312
2.289362
2.290874
2.289435
2.288226
2.287021
2.285332
2.285823
2.283511
2.282103
2.279165
2.278259
2.275314
2.272243
2.269348
2.267540
2.270064
2.270131
2.271607
2.272393
2.275263
2.275770
2.276969
2.278031
2.278824
2.281770
2.281989
2.283426
2.284128
2.286749
2.286375
2.287400
2.288259
2.288614
2.290463
2.290142
2.290508
2.289779
2.289630
2.289426
2.288539
2.288001
2.285663
2.287143
2.284624
2.283062
2.280215
2.279242
2.278422
2.275701
2.273475
2.269734
2.269306
2.268943
2.270034
2.271382
2.272006
2.275311
2.275846
2.277409
2.278265
2.280815
2.281253
2.282670
2.283814
2.284065
2.287150
2.287671
2.288311
2.288702
2.290156
2.290903
2.291033
2.291249
2.290426
2.291871
2.290438
2.290081
2.288563
2.289074
2.286653
2.285705
2.285328
2.282546
2.282766
2.279928
2.277905
2.275085
2.272041
2.269716
2.269344
2.269630
2.269536
2.271590
2.273510
2.273847
2.275560
2.276081
2.278714
2.279700
2.280729
2.281252
2.283681
2.284513
2.286305
2.286035
2.286308
2.289270
2.289050
2.289696
2.289531
2.290708
2.290443
2.289829
2.289143
2.287528
2.288375
2.287547
2.285622
2.284788
2.285454
2.282884
2.280041
2.277686
2.275004
2.272744
2.270392
2.268664
2.267751
2.269947
2.270605
2.273455
2.273676
2.274673
2.278313
2.278862
2.279974
2.282419
2.282460
2.284483
2.284207
2.287260
2.285215
2.288569
2.289447
2.289869
2.290940
2.290218
2.292584
2.291042
2.291146
2.289930
2.290451
2.289497
2.289060
2.286687
2.285295
2.286139
2.284217
2.282046
2.279634
2.278390
2.275711
2.272112
2.269288
2.267175
2.269936
2.270672
2.270976
2.272615
2.274001
2.275747
2.277103
2.278497
2.279066
2.281705
2.282175
2.283097
2.283915
2.286344
2.286193
2.287547
2.288599
2.287795
2.291555
2.290703
2.289873
2.289246
2.288962
2.289680
2.288253
2.287758
2.286748
2.285824
2.286261
2.283037
2.281312
2.279482
2.277581
2.275764
2.273722
2.270503
2.269369
2.269037
2.270832
2.270146
2.271711
2.275262
2.276213
2.277433
2.277861
2.280019
2.281755
2.282421
2.284138
2.284023
2.287278
2.287681
2.287878
2.288874
2.289421
2.291298
2.291169
2.291307
2.290586
2.292230
2.291090
2.291119
2.290273
2.287612
2.286327
2.286813
2.285488
2.283098
2.281306
2.279996
2.278199
2.275585
2.271423
2.270035
2.268631
2.269458
2.269617
2.272860
2.273174
2.274965
2.275467
2.276458
2.279266
2.281317
2.281613
2.279834
2.284513
2.283280
2.286434
2.286347
2.285671
2.289665
2.287648
2.289308
2.289810
2.290172
2.290733
2.291490
2.290502
2.287195
2.289000
2.286705
2.284784
2.284075
2.281268
2.281924
2.279990
2.278193
2.275279
2.274486
2.271077
2.269006
2.270126
2.269177
2.271620
2.271447
2.274401
2.275025
2.278089
2.279069
2.280127
2.281319
2.282128
2.284843
2.285338
2.286561
2.287120
2.288864
2.289751
2.289987
2.292646
2.289318
2.291910
2.291838
2.291411
2.290417
2.290362
2.289916
2.289107
2.287236
2.285530
2.286665
2.283598
2.282490
2.280423
2.277951
2.276123
2.272602
2.269630
2.267714
2.271372
2.271044
2.270589
2.273363
2.272949
2.276162
2.277298
2.278599
2.278977
2.282726
2.282675
2.283752
2.284440
2.285869
2.287650
2.287919
2.288432
2.287713
2.288699
2.290260
2.290331
2.290435
2.289429
2.290345
2.289097
2.288090
2.286649
2.285306
2.284970
2.283484
2.281497
2.279315
2.279053
2.276694
2.274088
2.271006
2.269047
2.269594
2.269969
2.271010
2.271772
2.275209
2.276065
2.277482
2.278751
2.279691
2.281732
2.282833
2.283757
2.284319
2.286945
2.287485
2.288564
2.288789
2.289580
2.291145
2.292826
2.291682
2.289816
2.291672
2.290884
2.290195
2.289433
2.287767
2.288001
2.286364
2.285002
2.283262
2.282530
2.280757
2.278091
2.275539
2.271432
2.270362
2.268937
2.269638
2.269987
2.272100
2.273719
2.274486
2.275957
2.276015
2.281151
2.280774
2.279676
2.282120
2.281497
2.284631
2.286283
2.285882
2.286611
2.289085
2.289296
2.289597
2.290190
2.289965
2.291279
2.289956
2.289385
2.288069
2.288569
2.287519
2.285864
2.285476
2.282513
2.281725
2.279859
2.278461
2.275674
2.274556
2.271734
2.269151
2.268965
2.270359
2.271233
2.272595
2.274650
2.274918
2.277545
2.279446
2.279855
2.281355
2.281575
2.284446
2.285104
2.286200
2.286910
2.288014
2.289488
2.289872
2.290466
2.290304
2.292151
2.291532
2.291372
2.290605
2.289672
2.289887
2.290003
2.285934
2.284988
2.286353
2.284125
2.282336
2.280385
2.277471
2.276570
2.273085
2.271511
2.267492
2.269695
2.270592
2.271523
2.270610
2.273352
2.276988
2.277142
2.278636
2.279181
2.281671
2.282345
2.283230
2.284619
2.285590
2.287395
2.287558
2.288439
2.288452
2.289841
2.290673
2.290269
2.290751
2.289028
2.290264
2.288934
2.288037
2.286921
2.285379
2.285217
2.283637
2.281595
2.279724
2.279256
2.276584
2.274197
2.271070
2.268528
2.269682
2.269957
2.271102
2.271836
2.275172
2.277786
2.277363
2.277970
2.278927
2.281784
2.283269
2.283788
2.282614
2.286313
2.288347
2.287172
2.289063
2.289256
2.291449
2.291457
2.291345
2.291163
2.290946
2.291102
2.290061
2.289265
2.288766
2.287014
2.286353
2.285655
2.285597
2.282118
2.280302
2.278357
2.273693
2.271119
2.270526
2.268782
2.269049
2.270437
2.270233
2.273446
2.274147
2.275721
2.275829
2.278734
2.279138
2.280551
2.281586
2.282099
2.284776
2.286324
2.285773
2.286569
2.288839
2.288993
2.290378
2.290962
2.289524
2.290139
2.289622
2.289273
2.288038
2.288417
2.287419
2.285127
2.284195
2.282225
2.282407
2.280396
2.278108
2.276189
2.273746
2.271365
2.269500
2.268534
2.269289
2.271522
2.272634
2.274463
2.275429
2.276582
2.279150
2.280011
2.281587
2.281595
2.284501
2.285070
2.286243
2.286942
2.287564
2.289817
2.289808
2.290608
2.290574
2.292826
2.293180
2.290273
2.290853
2.289139
2.288696
2.289114
2.287122
2.286414
2.286785
2.284066
2.281486
2.280145
2.277294
2.276445
2.272479
2.269813
2.267895
2.269125
2.270536
2.271730
2.272659
2.273883
2.276338
2.277085
2.278357
2.279133
2.280305
2.282533
2.283344
2.284236
2.284507
2.287099
2.287495
2.288388
2.289220
2.289172
2.290821
2.290604
2.290305
2.288964
2.290067
2.288945
2.288225
2.286796
2.284611
2.285569
2.283170
2.281976
2.279756
2.278905
2.277092
2.274026
2.271723
2.268287
2.270353
2.270888
2.269568
2.271533
2.274301
2.276003
2.277082
2.278892
2.279047
2.282013
2.282575
2.283947
2.285032
2.285894
2.288129
2.289640
2.289186
2.288632
2.291313
2.290279
2.290425
2.291366
2.290891
2.291439
2.290499
2.289438
2.288258
2.287573
2.286146
2.285640
2.283370
2.281324
2.281396
2.278782
2.275710
2.271835
2.270108
2.268638
2.269064
2.269893
2.270302
2.273450
2.274323
2.275934
2.275930
2.278308
2.280737
2.281770
2.281239
2.281890
2.284387
2.283645
2.285801
2.287066
2.288198
2.289501
2.289745
2.289867
2.289263
2.291013
2.290079
2.289418
2.288426
2.287514
2.287228
2.285607
2.284490
2.282119
2.282315
2.280029
2.278143
2.276159
2.272877
2.272000
2.269150
2.268432
2.268922
2.271222
2.272679
2.274280
2.276904
2.277750
2.278064
2.280103
2.280946
2.280562
2.283621
2.284749
2.286183
2.287359
2.287461
2.289101
2.289819
2.290353
2.291881
2.291859
2.292341
2.290258
2.290579
2.289273
2.290339
2.288714
2.287056
2.285776
2.285217
2.284368
2.282650
2.280268
2.277452
2.276015
2.272866
2.269737
2.268119
2.268088
2.270895
2.271032
2.273185
2.273083
2.276169
2.276817
2.278034
2.279330
2.279623
2.282898
2.282869
2.283851
2.284609
2.286591
2.287490
2.287865
2.288895
2.288480
2.290614
2.290192
2.290439
2.289155
2.289518
2.289006
2.287885
2.286626
2.284732
2.286510
2.283901
2.280344
2.279361
2.278549
2.276824
2.274069
2.271413
2.269203
2.270268
2.270218
2.270581
2.272256
2.272774
2.275885
2.277063
2.278708
2.279050
2.281488
2.282432
2.283600
2.285008
2.285173
2.287989
2.288130
2.289095
2.289107
2.291222
2.291108
2.291214
2.291521
2.290556
2.291268
2.290220
2.289239
2.287872
2.287471
2.286384
2.285711
2.284063
2.281488
2.281260
2.278613
2.275762
2.272199
2.269654
2.268730
2.269804
2.270271
2.270367
2.273442
2.273284
2.274956
2.276847
2.277702
2.279973
2.280685
2.281806
2.282238
2.284707
2.285837
2.285985
2.287473
2.287717
2.289751
2.289728
2.290062
2.289506
2.290947
2.290435
2.289207
2.288815
2.287073
2.287481
2.285528
2.284573
2.282948
2.281864
2.280575
2.278613
2.276531
2.273354
2.272025
2.269230
2.268536
2.269648
2.270596
2.272663
2.274395
2.275603
2.275790
2.279155
2.279972
2.280744
2.281961
2.284331
2.285839
2.285432
2.286388
2.287819
2.289714
2.289363
2.290544
2.291006
2.290479
2.291991
2.291181
2.291030
2.289303
2.289881
2.289142
2.286924
2.286290
2.285061
2.284747
2.282561
2.280615
2.277886
2.276096
2.273167
2.269872
2.268459
2.268019
2.271662
2.271118
2.272375
2.273623
2.276111
2.277071
2.277794
2.279461
2.279464
2.282429
2.282880
2.284017
2.285189
2.285543
2.288118
2.288769
2.289175
2.290236
2.292327
2.290402
2.290459
2.289432
2.287849
2.287409
2.287354
2.287322
2.283666
2.285352
2.283404
2.282353
2.279441
2.275878
2.277148
2.274311
2.271669
2.268507
2.269118
2.270907
2.269658
2.272220
2.273734
2.276200
2.277409
2.277904
2.278900
2.281307
2.282887
2.283462
2.284735
2.285037
2.287562
2.288426
2.288977
2.289201
2.290665
2.291158
2.291224
2.291521
2.290475
2.291608
2.290206
2.289239
2.289366
2.286596
2.286753
2.285653
2.284216
2.281730
2.281042
2.278543
2.276024
2.272783
2.269349
2.268961
2.269089
2.271543
2.270382
2.271743
2.274376
2.274911
2.276859
2.277164
2.280161
2.280864
2.281561
2.282647
2.284474
2.286417
2.285829
2.286884
2.287108
2.289777
2.289749
2.290286
2.290023
2.291144
2.291950
2.288706
2.288640
2.286088
2.286861
2.285537
2.284659
2.283370
2.281780
2.280590
2.278287
2.276416
2.273051
2.272379
2.269592
2.268762
2.270806
2.269025
2.272595
2.274082
2.275608
2.276094
2.278988
2.279620
2.280959
2.282870
2.283371
2.285267
2.285036
2.286531
2.287123
2.289380
2.290033
2.290659
2.291182
2.290597
2.292807
2.291394
2.290831
2.289512
2.289796
2.288796
2.287459
2.286475
2.284702
2.284754
2.282142
2.281025
2.278136
2.275897
2.273119
2.269902
2.268404
2.268141
2.270788
2.271475
2.272662
2.273773
2.274985
2.277163
2.277916
2.279389
2.279705
2.282497
2.283972
2.285248
2.285172
2.283977
2.288104
2.288368
2.286786
2.288417
2.290894
2.291147
2.290121
2.289178
2.288026
2.289588
2.287802
2.286624
2.284882
2.285023
2.283484
2.281544
2.280341
2.277563
2.277851
2.274163
2.271596
2.268951
2.269237
2.269822
2.270706
2.272001
2.273000
2.276138
2.276726
2.278291
2.279416
2.280450
2.282728
2.283299
2.284794
2.285808
2.286764
2.287691
2.289129
2.289370
2.289619
2.291905
2.291545
2.291360
2.290261
2.291238
2.290082
2.289369
2.288978
2.286578
2.288058
2.285784
2.285178
2.281923
2.278908
2.278223
2.275754
2.273046
2.269166
2.268811
2.269251
2.269838
2.270697
2.272706
2.274579
2.275476
2.277127
2.278531
2.279984
2.280403
2.281843
2.280877
2.283307
2.285770
2.285631
2.287216
2.287180
2.289807
2.289848
2.290120
2.289791
2.289809
2.290619
2.289372
2.288865
2.287045
2.287486
2.286026
2.284278
2.283141
2.280982
2.280841
2.278191
2.276353
2.273192
2.271945
2.269374
2.268618
2.269892
2.271076
2.273297
2.274290
2.273986
2.275965
2.278995
2.279884
2.280982
2.282336
2.282302
2.285509
2.285908
2.287399
2.287179
2.288660
2.290313
2.290580
2.290981
2.290413
2.292286
2.291496
2.291033
2.289696
2.289177
2.288915
2.287316
2.286115
2.284602
2.284827
2.282665
2.280847
2.278333
2.275704
2.274870
2.271759
2.267445
2.268112
2.270015
2.269390
2.272123
2.274232
2.274208
2.277791
2.278060
2.279360
2.279791
2.282389
2.284295
2.284438
2.285951
2.283422
2.287757
2.288288
2.289092
2.289211
2.290189
2.290719
2.290431
2.289784
2.288241
2.289723
2.288362
2.286919
2.285750
2.284362
2.283860
2.281633
2.280597
2.277538
2.277475
2.274330
2.271748
2.269165
2.268118
2.269986
2.270717
2.272282
2.273201
2.276413
2.276947
2.278178
2.279539
2.280404
2.283136
2.283731
2.284521
2.285535
2.287647
2.288404
2.289788
2.290643
2.287916
2.291818
2.291495
2.293429
2.290468
2.290049
2.290114
2.289524
2.289447
2.285792
2.287459
2.286273
2.286007
2.281097
2.280642
2.279511
2.274339
2.272654
2.269340
2.269278
2.268844
2.269887
2.270982
2.272289
2.274446
2.275590
2.276827
2.277433
2.279900
2.280467
2.281448
2.282821
2.283562
2.286345
2.285801
2.286916
2.287478
2.289489
2.289205
2.290140
2.290260
2.289495
2.291021
2.289541
2.288703
2.287578
2.287453
2.285888
2.284645
2.283869
2.281919
2.281639
2.278631
2.275028
2.273310
2.270965
2.269493
2.268574
2.269593
2.269620
2.272995
2.274402
2.275261
2.276633
2.277632
2.279720
2.281185
2.282128
2.282290
2.285393
2.285907
2.286665
2.288043
2.288345
2.290089
2.290231
2.290922
2.292154
2.292142
2.290670
2.290983
2.289211
2.287734
2.289687
2.287285
2.286210
2.284718
2.284507
2.282665
2.280704
2.278425
2.275053
2.273728
2.270005
2.268242
2.268252
2.270139
2.272481
2.272184
2.273343
2.273210
2.277582
2.278146
2.279058
2.280024
2.281560
2.283151
2.284197
2.285871
2.284973
2.287803
2.288458
2.288592
2.289069
2.289456
2.290590
2.290306
2.290158
2.288619
2.289236
2.288221
2.286857
2.285882
2.284105
2.284581
2.281768
2.280300
2.277754
2.277157
2.274874
2.271650
2.269322
2.267594
2.270356
2.270911
2.272319
2.273180
2.275981
2.277493
2.278414
2.279664
2.279926
2.283105
2.283744
2.285815
2.285130
2.287733
2.289269
2.287782
2.289175
2.289829
2.289517
2.291278
2.291251
2.291359
2.290455
2.290527
2.289444
2.289689
2.285669
2.286950
2.285798
2.283702
2.282372
2.280554
2.279433
2.276280
2.273100
2.269358
2.268888
2.268875
2.270008
2.271079
2.271644
2.274638
2.275255
2.276712
2.277240
2.279362
2.280791
2.281657
2.282810
2.283062
2.285848
2.286426
2.287133
2.287927
2.289251
2.289711
2.289768
2.291040
2.290136
2.290581
2.289643
2.287385
2.287185
2.286984
2.286507
2.284933
2.283788
2.281716
2.281010
2.278807
2.276736
2.274262
2.271098
2.270241
2.268636
2.269261
2.269996
2.273033
2.274057
2.275543
2.276952
2.277742
2.281610
2.282764
2.281497
2.282302
2.285885
2.284449
2.286705
2.288176
2.288783
2.290154
2.290009
2.291520
2.291057
2.291762
2.291847
2.290911
2.290033
2.288395
2.289927
2.287602
2.286739
2.285050
2.284865
2.284372
2.280512
2.278084
2.275197
2.274647
2.270934
2.268203
2.268485
2.269447
2.270403
2.272609
2.273682
2.274740
2.277251
2.277867
2.279226
2.280288
2.281004
2.283570
2.284080
2.285370
2.285271
2.287979
2.288226
2.288669
2.289790
2.289247
2.291290
2.290546
2.290229
2.289006
2.289441
2.288126
2.287353
2.286022
2.283844
2.284538
2.282017
2.280321
2.277995
2.277140
2.274842
2.272037
2.271141
2.268195
2.269686
2.271010
2.273318
2.272398
2.273944
2.276694
2.278318
2.279497
2.279906
2.282757
2.283497
2.284591
2.285602
2.286363
2.288539
2.289198
2.289731
2.289826
2.291593
2.291328
2.291625
2.291560
2.290350
2.290910
2.289593
2.288591
2.286767
2.286900
2.286237
2.284244
2.282685
2.280040
2.279489
2.276419
2.272868
2.269744
2.268556
2.269132
2.269803
2.271010
2.271482
2.274921
2.275243
2.276632
2.277609
2.279378
2.280696
2.281721
2.283196
2.284241
2.286162
2.284674
2.286901
2.287914
2.288527
2.289990
2.290103
2.290434
2.289446
2.290710
2.289456
2.288741
2.287790
2.286243
2.286893
2.284682
2.283806
2.282386
2.281730
2.278761
2.276638
2.274008
2.270758
2.270235
2.268902
2.269565
2.269725
2.272246
2.273657
2.275739
2.276623
2.277251
2.280172
2.281206
2.281825
2.282641
2.284721
2.285953
2.287580
2.287853
2.288092
2.290730
2.291604
2.290452
2.291240
2.292182
2.292263
2.291132
2.289835
2.288418
2.289844
2.287301
2.286571
2.285441
2.283772
2.283361
2.280881
2.279387
2.275565
2.273625
2.270483
2.268817
2.268730
2.269025
2.271633
2.272360
2.273967
2.274506
2.276950
2.278213
2.279255
2.280506
2.280701
2.283585
2.284297
2.285619
2.285309
2.287663
2.288665
2.288921
2.289559
2.290148
2.290314
2.290478
2.290326
2.289279
2.288852
2.288482
2.287440
2.286096
2.284043
2.284463
2.283287
2.281052
2.278547
2.275686
2.275007
2.271920
2.269844
2.267983
2.270252
2.271130
2.271450
2.273603
2.274620
2.277873
2.278163
2.279572
2.280147
2.282685
2.283557
2.284487
2.285801
2.285833
2.288879
2.289155
2.289602
2.289875
2.291089
2.291638
2.291437
2.291314
2.290065
2.290975
2.289442
2.289416
2.286445
2.286338
2.286204
2.284315
2.282556
2.280213
2.279262
2.276102
2.273278
2.269639
2.267956
2.268891
2.269911
2.270948
2.272055
2.274448
2.274736
2.275254
2.277455
2.278447
2.281818
2.281461
2.282749
2.283996
2.287703
2.287573
2.286736
2.287620
2.287494
2.287871
2.289030
2.290053
2.288752
2.290462
2.288550
2.288551
2.286076
2.286413
2.285727
2.284850
2.283328
2.281475
2.280467
2.278616
2.276784
2.274278
2.271257
2.270083
2.268826
2.269292
2.269619
2.271770
2.274019
2.275084
2.276726
2.277060
2.279848
2.280740
2.281972
2.283045
2.283856
2.287808
2.286676
2.287610
2.286336
2.290210
2.290502
2.290665
2.291092
2.290385
2.291903
2.290516
2.290058
2.288666
2.290427
2.286211
2.286106
2.285467
2.283118
2.283325
2.281442
2.278969
2.275844
2.273358
2.270719
2.268166
2.268947
2.268778
2.271788
2.272606
2.273459
2.274703
2.276459
2.277995
2.279146
2.280507
2.280560
2.283530
2.284005
2.285896
2.285228
2.287399
2.290323
2.287629
2.289380
2.289097
2.289118
2.290174
2.291232
2.289845
2.287492
2.287837
2.287450
2.285265
2.284082
2.284262
2.282405
2.280178
2.278612
2.276031
2.275037
2.272353
2.269771
2.267855
2.270135
2.270436
2.271835
2.273853
2.274330
2.277805
2.278533
2.279425
2.280726
2.282096
2.283612
2.284579
2.286108
2.286050
2.288949
2.288671
2.290074
2.289814
2.290938
2.292092
2.291486
2.291388
2.289945
2.290853
2.290010
2.288930
2.287527
2.285613
2.286543
2.284393
2.282817
2.282023
2.279273
2.275211
2.273224
2.270424
2.267442
2.269633
2.270118
2.270770
2.271808
2.273976
2.275471
2.277963
2.278063
2.277582
2.281014
2.280671
2.282349
2.283270
2.285399
2.285829
2.286775
2.287658
2.287337
2.289863
2.289616
2.289976
2.289743
2.289397
2.289872
2.288579
2.287670
2.286839
2.286148
2.284682
2.283495
2.281953
2.279692
2.279487
2.276800
2.274367
2.271087
2.270153
2.268546
2.269422
2.270150
2.271547
2.275725
2.274854
2.275911
2.276617
2.279527
2.281075
2.282313
2.283174
2.283451
2.286377
2.286989
2.287709
2.288239
2.289863
2.290347
2.290446
2.291012
2.290766
2.292215
2.292234
2.291103
2.288815
2.288873
2.286974
2.285305
2.285196
2.283442
2.283173
2.280834
2.278718
2.276109
2.272690
2.270836
2.268405
2.270027
2.269832
2.270402
2.272441
2.273371
2.273868
2.275918
2.278445
2.278820
2.280464
2.280526
2.283245
2.284024
2.286919
2.285734
2.286013
2.287537
2.288389
2.289034
2.288975
2.290384
2.290703
2.289731
2.289210
2.287735
2.288732
2.287142
2.285462
2.283788
2.283357
2.281995
2.280652
2.278733
2.275686
2.275373
2.271875
2.269790
2.268019
2.269290
2.270748
2.272001
2.273566
2.274135
2.277223
2.277924
2.279069
2.280678
2.281153
2.283812
2.284271
2.285535
2.285748
2.288210
2.288973
2.289707
2.290097
2.290285
2.293169
2.290068
2.290869
2.291408
2.290574
2.288866
2.288802
2.286999
2.286202
2.288452
2.283717
2.282332
2.280350
2.277087
2.276489
2.273409
2.270425
2.267577
2.269407
2.269806
2.270672
2.272075
2.273528
2.275726
2.276401
2.277891
2.277995
2.281262
2.281371
2.282524
2.283408
2.286454
2.286412
2.285654
2.287358
2.287851
2.289861
2.290090
2.290421
2.290168
2.289356
2.289793
2.288990
2.288193
2.286298
2.286225
2.285108
2.283752
2.282527
2.280118
2.281352
2.276819
2.273855
2.270166
2.269607
2.268870
2.269697
2.269789
2.271152
2.274674
2.275213
2.276689
2.277148
2.279049
2.280943
2.282100
2.283310
2.283373
2.286448
2.286727
2.287668
2.288463
2.289048
2.290689
2.291159
2.291086
2.290447
2.292194
2.292767
2.290977
2.288190
2.287785
2.287834
2.285159
2.285681
2.283620
2.283269
2.281069
2.278896
2.276598
2.272456
2.271402
2.268775
2.268504
2.269834
2.270868
2.272488
2.275373
2.274919
2.275227
2.277798
2.279282
2.280365
2.280740
2.283093
2.284276
2.285354
2.285824
2.285991
2.288532
2.289065
2.289681
2.289720
2.290009
2.290779
2.290178
2.289437
2.288033
2.288915
2.287464
2.286823
2.285746
2.282736
2.282890
2.280560
2.277315
2.275854
2.275524
2.272621
2.269999
2.268425
2.268237
2.271274
2.272246
2.273833
2.274216
2.277040
2.278201
2.279264
2.280561
2.280842
2.284064
2.284177
2.286792
2.288087
2.288295
2.288525
2.289521
2.289467
2.288478
2.291756
2.291549
2.291268
2.290588
2.290286
2.289903
2.289445
2.286819
2.285501
2.286571
2.284051
2.282607
2.281304
2.278718
2.277154
2.273442
2.270627
2.267553
2.269310
2.270073
2.270926
2.272229
2.273008
2.275664
2.276487
2.277735
2.278137
2.281216
2.281721
2.282529
2.283746
2.284074
2.286994
2.286996
2.288603
2.288256
2.289981
2.289937
2.290049
2.290172
2.289166
2.292397
2.288666
2.287978
2.285772
2.285666
2.285172
2.283529
2.282384
2.279785
2.279728
2.277136
2.274922
2.272220
2.269495
2.268989
2.269356
2.270497
2.271156
2.274215
2.275619
2.276495
2.278165
2.280098
2.282718
2.280803
2.283037
2.284030
2.284682
2.286825
2.287666
2.288355
2.289329
2.289970
2.290931
2.291263
2.290427
2.291774
2.290590
2.290269
2.289287
2.288880
2.287841
2.286272
2.285810
2.283444
2.282966
2.281280
2.280204
2.276433
2.271498
2.270925
2.268652
2.268564
2.269051
2.270447
2.272333
2.273644
2.274452
2.275372
2.278307
2.279039
2.280176
2.281203
2.282217
2.284411
2.285073
2.285795
2.285821
2.288577
2.288862
2.289280
2.290021
2.289628
2.291223
2.290059
2.289695
2.287791
2.288620
2.287495
2.286534
2.285070
2.282829
2.283047
2.281251
2.278816
2.276939
2.275110
2.273036
2.271404
2.268720
2.267517
2.271195
2.271183
2.272835
2.276108
2.276926
2.278355
2.278509
2.280782
2.281033
2.283832
2.284426
2.285891
2.286325
2.287646
2.289156
2.289401
2.290657
2.290367
2.291993
2.291642
2.291552
2.290800
2.289764
2.290124
2.289034
2.287548
2.285430
2.286391
2.285025
2.282864
2.282023
2.279117
2.277024
2.273241
2.270702
2.267167
2.268623
2.269776
2.270715
2.272039
2.272801
2.275931
2.276258
2.277755
2.278621
2.280526
2.281970
2.282682
2.283657
2.285287
2.287088
2.287015
2.286764
2.288044
2.288969
2.290120
2.290159
2.290580
2.289252
2.290229
2.288751
2.288008
2.287291
2.285734
2.285707
2.284020
2.283419
2.281671
2.278585
2.277060
2.275002
2.270275
2.268558
2.268993
2.269871
2.269527
2.270774
2.273446
2.275332
2.276333
2.277811
2.278560
2.281339
2.281932
2.283118
2.283835
2.285790
2.286724
2.287849
2.288911
2.288457
2.291403
2.290654
2.291246
2.292653
2.290288
2.291949
2.291233
2.289425
2.287223
2.287201
2.286308
2.285903
2.284130
2.282213
2.281657
2.278987
2.276691
2.272482
2.271253
2.268504
2.268300
2.269529
2.269676
2.272839
2.273615
2.274772
2.275583
2.278487
2.279124
2.280247
2.280966
2.281626
2.284737
2.285498
2.285862
2.286248
2.288550
2.288433
2.289963
2.290272
2.290028
2.292938
2.290146
2.289789
2.288691
2.287972
2.287610
2.285978
2.284996
2.282318
2.283112
2.280865
2.279412
2.277515
2.274423
2.272140
2.269422
2.268664
2.268984
2.270890
2.273012
2.274334
2.275156
2.275729
2.278565
2.279311
2.279263
2.280810
2.283731
2.284850
2.285907
2.286620
2.286829
2.289277
2.289835
2.290146
2.289950
2.291681
2.291425
2.291611
2.290933
2.289691
2.290571
2.289596
2.287428
2.286344
2.286123
2.284786
2.282804
2.281966
2.278730
2.278032
2.273702
2.270705
2.266941
2.267831
2.270390
2.271004
2.272257
2.273056
2.277288
2.275892
2.277325
2.278178
2.279916
2.282170
2.282909
2.284435
2.285211
2.285897
2.287279
2.288370
2.288788
2.288623
2.290740
2.290678
2.290561
2.289326
2.290150
2.289160
2.288361
2.287472
2.285411
2.286028
2.284221
2.282298
2.280314
2.279242
2.277547
2.275063
2.272437
2.269418
2.269121
2.269202
2.270516
2.271425
2.273324
2.275649
2.276454
2.278191
2.278339
2.281739
2.282190
2.283537
2.284351
2.285581
2.287508
2.288541
2.288597
2.288416
2.290103
2.291197
2.291463
2.291536
2.290564
2.291771
2.290559
2.289771
2.288736
2.287852
2.286931
2.285967
2.284513
2.282338
2.282298
2.279795
2.276998
2.273085
2.271413
2.268708
2.268602
2.269592
2.270644
2.272894
2.274160
2.275868
2.280467
2.275854
2.278883
2.280151
2.281389
2.279451
2.283440
2.285983
2.285258
2.285298
2.288919
2.288759
2.289166
2.290174
2.288378
2.291003
2.290484
2.288235
2.290089
2.287605
2.287497
2.285267
2.285064
2.283099
2.283274
2.280977
2.279096
2.276973
2.274365
2.273101
2.269953
2.268664
2.269296
2.270595
2.272542
2.273605
2.275170
2.275652
2.278833
2.279264
2.280735
2.281405
2.283434
2.285992
2.284837
2.286839
2.286859
2.289617
2.289671
2.290583
2.290263
2.292492
2.290827
2.291449
2.291097
2.289640
2.290749
2.290229
2.286926
2.286632
2.285596
2.285284
2.283382
2.281343
2.278724
2.278925
2.273808
2.269583
2.268644
2.267854
2.270427
2.270696
2.272348
2.273186
2.277293
2.278064
2.277151
2.279379
2.277704
2.282165
2.282771
2.284080
2.286258
2.284597
2.287169
2.287866
2.289034
2.288561
2.290911
2.290432
2.290525
2.289699
2.289671
2.289222
2.288417
2.287766
2.285163
2.285458
2.284028
2.282364
2.280318
2.278838
2.277539
2.275077
2.272529
2.269080
2.269251
2.269737
2.270246
2.272000
2.272886
2.276534
2.277587
2.277892
2.277398
2.280865
2.281753
2.283183
2.284381
2.284693
2.287572
2.287704
2.288704
2.288537
2.290742
2.290771
2.291437
2.291645
2.290542
2.292244
2.290682
2.289553
2.288544
2.288065
2.286941
2.286206
2.284932
2.282318
2.281976
2.279205
2.276942
2.273784
2.270869
2.269803
2.270481
2.269624
2.268920
2.272934
2.273239
2.273592
2.276090
2.277153
2.279592
2.280455
2.281340
2.281910
2.284695
2.285830
2.286086
2.287578
2.287464
2.288434
2.289437
2.289891
2.289569
2.291210
2.290242
2.289727
2.289051
2.287540
2.288402
2.286316
2.284997
2.283475
2.282541
2.281100
2.279233
2.277426
2.274005
2.273465
2.270043
2.268803
2.268786
2.270257
2.272130
2.273607
2.274725
2.275522
2.278752
2.279120
2.280726
2.281483
2.282655
2.284846
2.285741
2.286409
2.286766
2.289514
2.290193
2.290422
2.290733
2.291249
2.292941
2.292131
2.290814
2.289283
2.290300
2.289745
2.285962
2.286997
2.286759
2.284510
2.282614
2.280990
2.276772
2.276723
2.273974
2.271080
2.268588
2.267506
2.270474
2.270304
2.271763
2.272897
2.275012
2.276320
2.277420
2.278839
2.279147
2.282038
2.282495
2.283715
2.285259
2.285118
2.287115
2.287906
2.288404
2.288325
2.291138
2.290406
2.290370
2.289855
2.289142
2.289557
2.288657
2.288011
2.284718
2.285666
2.283878
2.282332
2.281137
2.278363
2.279168
2.275455
2.272637
2.267965
2.268968
2.269545
2.270081
2.271579
2.272484
2.275817
2.276554
2.277923
2.278765
2.280948
2.281966
2.282987
2.284223
2.284580
2.287563
2.287942
2.288720
2.288703
2.290353
2.290980
2.291287
2.291191
2.290952
2.293548
2.291132
2.288855
2.289354
2.284904
2.286843
2.286061
2.284716
2.282532
2.282191
2.279306
2.277246
2.273743
2.270069
2.269719
2.268857
2.269932
2.269762
2.272475
2.273774
2.276184
2.276631
2.276907
2.278136
2.280135
2.281297
2.281975
2.284244
2.285698
2.285798
2.286934
2.287227
2.289591
2.289613
2.290096
2.289848
2.290701
2.290580
2.289922
2.289125
2.287285
2.288129
2.286373
2.285430
2.283915
2.282432
2.281714
2.279559
2.277304
2.274368
2.273485
2.270299
2.268580
2.268971
2.270141
2.272074
2.273045
2.274961
2.275805
2.278773
2.279528
2.280409
2.281858
2.281910
2.285059
2.286336
2.287696
2.287285
2.287548
2.289484
2.290425
2.290313
2.290406
2.290564
2.291268
2.290478
2.289644
2.289724
2.290055
2.286893
2.286516
2.285445
2.285630
2.282830
2.281718
2.279257
2.276488
2.274611
2.270863
2.268779
2.267659
2.270412
2.270855
2.272072
2.273422
2.274278
2.276759
2.277817
2.278917
2.279347
2.281944
2.282683
2.284060
2.284636
2.285227
2.287636
2.288138
2.288709
2.288657
2.290065
2.290493
2.291680
2.289356
2.288519
2.292042
2.288272
2.286615
2.285556
2.283952
2.283514
2.282207
2.280840
2.277839
2.278221
2.275057
2.272399
2.269074
2.268416
2.270152
2.269254
2.271767
2.272348
2.275669
2.276514
2.277857
2.280515
2.280853
2.281123
2.283216
2.282686
2.284293
2.287591
2.287354
2.288350
2.289180
2.290267
2.290768
2.291367
2.291541
2.290838
2.291659
2.290580
2.289558
2.289504
2.286640
2.287741
2.286220
2.284539
2.282216
2.281910
2.279610
2.278088
2.274160
2.269571
2.268630
2.268564
2.269691
2.270215
2.272452
2.273747
2.274798
2.275996
2.276270
2.279412
2.279754
2.281439
2.282217
2.283332
2.285441
2.285838
2.287036
2.286858
2.289359
2.289365
2.289817
2.289910
2.289771
2.290788
2.289482
2.288740
2.287441
2.287795
2.286398
2.285058
2.283753
2.281408
2.281548
2.279413
2.277097
2.274277
2.273718
2.271522
2.268100
2.268562
2.268975
2.270528
2.273161
2.274392
2.276871
2.278084
2.278726
2.279670
2.281486
2.282004
2.284888
2.285588
2.286389
2.287328
2.288758
2.289887
2.290087
2.290699
2.290437
2.292293
2.291270
2.290975
2.290171
2.289230
2.289707
2.287555
2.286865
2.285323
2.285063
2.283513
2.281085
2.279242
2.276281
2.274513
2.271330
2.268767
2.267784
2.270213
2.270697
2.272088
2.273440
2.273951
2.276869
2.277616
2.279032
2.278265
2.280979
2.282402
2.283323
2.284402
2.285074
2.288734
2.286762
2.287253
2.288808
2.289383
2.290115
2.290195
2.289758
2.288048
2.289458
2.288048
2.287171
2.285926
2.284762
2.284315
2.283683
2.281902
2.276981
2.277905
2.275497
2.270921
2.269881
2.267901
2.270375
2.269322
2.271335
2.272318
2.275357
2.276239
2.277396
2.278727
2.279848
2.282373
2.282935
2.284203
2.284645
2.286855
2.287440
2.288568
2.289588
2.289255
2.291641
2.291172
2.291688
2.290915
2.291294
2.292537
2.289991
2.289648
2.285134
2.287435
2.287757
2.284210
2.282351
2.281555
2.279571
2.276610
2.274499
2.270384
2.269709
2.268504
2.269313
2.270250
2.271339
2.274027
2.275089
2.276047
2.276713
2.279209
2.280031
2.281303
2.282428
2.282896
2.286079
2.285448
2.286847
2.287089
2.289207
2.289599
2.290350
2.290832
2.291796
2.290105
2.289929
2.287403
2.287714
2.287883
2.286534
2.285186
2.283977
2.281981
2.282590
2.279420
2.278160
2.275211
2.273042
2.269483
2.268569
2.270179
2.268498
2.272575
2.273966
2.274985
2.276317
2.277179
2.279927
2.280781
2.281737
2.282323
2.284681
2.285406
2.286955
2.287447
2.287875
2.290148
2.290506
2.290422
2.290480
2.291561
2.291842
2.290852
2.290275
2.288988
2.289665
2.288038
2.286880
2.285644
2.285420
2.283815
2.281937
2.280011
2.276167
2.275246
2.271328
2.268823
2.267918
2.269979
2.270975
2.271904
2.273950
2.274354
2.277937
2.277034
2.278551
2.279638
2.281027
2.282961
2.283548
2.285117
2.285155
2.288511
2.288331
2.288588
2.289107
2.288336
2.290730
2.290247
2.290063
2.288668
2.289540
2.288274
2.287298
2.285900
2.284390
2.284507
2.282269
2.281024
2.278026
2.277746
2.275327
2.272785
2.269886
2.267503
2.269879
2.270166
2.271731
2.272893
2.275091
2.276666
2.277828
2.279145
2.279574
2.282495
2.283404
2.284437
2.284994
2.286206
2.288792
2.288545
2.289368
2.288797
2.290623
2.290858
2.291611
2.290950
2.290185
2.290948
2.289640
2.289846
2.286299
2.287185
2.285943
2.284402
2.282814
2.280857
2.280251
2.277291
2.273985
2.270216
2.269180
2.268526
2.269496
2.270111
2.270887
2.273841
2.274707
2.275916
2.276687
2.278888
2.279767
2.280862
2.282060
2.282777
2.286157
2.285072
2.286794
2.287126
2.287969
2.289542
2.289389
2.290163
2.289296
2.290492
2.289645
2.289377
2.288139
2.286897
2.286443
2.284386
2.283601
2.281419
2.282103
2.278886
2.278427
2.274740
2.272125
2.271042
2.268857
2.269625
2.268995
2.272007
2.273461
2.274708
2.276170
2.276838
2.279800
2.280585
2.281513
2.282219
2.284448
2.285929
2.286267
2.287233
2.287532
2.289951
2.289564
2.291032
2.290418
2.291548
2.291670
2.290745
2.290342
2.289125
2.290006
2.287320
2.286894
2.285585
2.284979
2.284529
2.281663
2.279953
2.276873
2.277447
2.271621
2.269045
2.267886
2.268357
2.269940
2.272868
2.272955
2.273910
2.275626
2.276517
2.279001
2.280330
2.280765
2.281176
2.283158
2.285798
2.283925
2.287162
2.288160
2.288869
2.289395
2.288926
2.291296
2.290646
2.290546
2.289186
2.289345
2.288803
2.287824
2.286069
2.284413
2.284890
2.282989
2.281152
2.279107
2.277877
2.275977
2.273048
2.270444
2.268011
2.271709
2.269078
2.271628
2.273452
2.273751
2.276807
2.278112
2.279041
2.279764
2.282537
2.283277
2.284306
2.285588
2.286156
2.287902
2.288738
2.289867
2.290933
2.291733
2.290694
2.291506
2.291651
2.290476
2.291523
2.290344
2.290174
2.286621
2.287391
2.286885
2.285078
2.283769
2.281149
2.281058
2.277521
2.274774
2.271237
2.269323
2.269425
2.271835
2.271670
2.270160
2.274427
2.275366
2.274742
2.277370
2.278913
2.281325
2.281523
2.282407
2.283049
2.287343
2.284668
2.287002
2.287987
2.287993
2.290065
2.290161
2.290738
2.289707
2.291028
2.290148
2.289161
2.288465
2.287171
2.288826
2.285681
2.284338
2.280727
2.282006
2.279843
2.277708
2.275643
2.271813
2.270967
2.268964
2.269171
2.269884
2.271863
2.273682
2.274950
2.276645
2.277056
2.279933
2.280557
2.281990
2.282988
2.284455
2.286143
2.286518
2.287593
2.287512
2.290604
2.290571
2.291147
2.291079
2.290983
2.292183
2.291100
2.290829
2.289940
2.290795
2.286540
2.286915
2.287334
2.286395
2.282714
2.281692
2.279857
2.274698
2.274745
2.271532
2.270464
2.268808
2.269170
2.269614
2.271848
2.273530
2.274171
2.276469
2.278082
2.278815
2.280109
2.280277
2.282887
2.283673
2.286100
2.284636
2.286566
2.288281
2.288199
2.289369
2.289383
2.291003
2.290653
2.290319
2.289504
2.288858
2.289014
2.287842
2.286062
2.284830
2.284756
2.283021
2.280968
2.279070
2.277051
2.275749
2.273149
2.270244
2.267840
2.270889
2.270641
2.272319
2.272705
2.273375
2.277379
2.276139
2.278972
2.281005
2.282262
2.282141
2.284146
2.285188
2.285599
2.288200
2.288353
2.289333
2.289549
2.291206
2.291415
2.291385
2.291449
2.290547
2.293269
2.289613
2.289400
2.287155
2.284782
2.286399
2.284507
2.282997
2.280892
2.280377
2.277524
2.274341
2.271158
2.268241
2.269056
2.269466
2.269957
2.270892
2.274205
2.274737
2.276021
2.277597
2.277844
2.280676
2.281156
2.282274
2.282912
2.285320
2.285900
2.286894
2.287739
2.289199
2.291502
2.288189
2.289927
2.288425
2.290562
2.290147
2.289077
2.288897
2.286394
2.287405
2.285404
2.284154
2.282236
2.281200
2.279738
2.277899
2.275314
2.272378
2.270825
2.268946
2.271007
2.268133
2.272310
2.274330
2.273922
2.276546
2.275745
2.279004
2.280549
2.281775
2.283188
2.283487
2.286360
2.288569
2.288339
2.286934
2.290680
2.289690
2.290248
2.291494
2.290801
2.292499
2.291395
2.291976
2.288211
2.289786
2.287900
2.288242
2.286840
2.283352
2.282535
2.282262
2.280346
2.276874
2.274774
2.271961
2.269191
2.268661
2.268866
2.271549
2.272301
2.273648
2.274693
2.275740
2.278003
2.279060
2.280387
2.280272
2.283149
2.284148
2.284788
2.285830
2.286369
2.288939
2.288869
2.289776
2.289158
2.291133
2.290883
2.290357
2.290466
2.288478
2.289322
2.287711
2.286713
2.284998
2.284462
2.283018
2.281387
2.279803
2.277004
2.276366
2.273373
2.271025
2.269666
2.269914
2.269694
2.270775
2.273180
2.273759
2.277294
2.277972
2.280466
2.281232
2.280608
2.283163
2.284474
2.283486
2.285267
2.288103
2.288265
2.289323
2.289882
2.291388
2.291135
2.291160
2.291306
2.290360
2.290954
2.289988
2.289480
2.287588
2.286265
2.287133
2.285116
2.283493
2.281006
2.280666
2.277451
2.274740
2.271390
2.268082
2.269136
2.269543
2.270328
2.271723
2.273867
2.275263
2.277692
2.277768
2.277495
2.281061
2.280557
2.281060
2.282432
2.285042
2.285485
2.286691
2.287658
2.287872
2.289968
2.289999
2.290059
2.290194
2.289610
2.290488
2.289450
2.288534
2.286633
2.287169
2.285361
2.284166
2.282546
2.280521
2.280338
2.277666
2.275317
2.272195
2.273280
2.269328
2.268655
2.269469
2.270702
2.272294
2.274401
2.276542
2.277107
2.279532
2.280680
2.281750
2.282734
2.282842
2.286298
2.286090
2.287371
2.287895
2.289604
2.291017
2.291731
2.290872
2.289192
2.291842
2.291082
2.290596
2.289776
2.289306
2.288488
2.286613
2.286639
2.284073
2.284279
2.281871
2.279635
2.277029
2.273833
2.272196
2.269086
2.268811
2.268018
2.271104
2.272002
2.273179
2.274665
2.274930
2.277943
2.278668
2.279750
2.280005
2.282691
2.283863
2.284750
2.285714
2.285987
2.288436
2.288646
2.289283
2.289169
2.290347
2.290460
2.289888
2.289402
2.287866
2.289284
2.287588
2.287208
2.286049
2.282804
2.283741
2.282438
2.278458
2.276477
2.276347
2.271374
2.269868
2.268581
2.269839
2.269268
2.271348
2.272997
2.273934
2.276871
2.277707
2.279158
2.280196
2.280727
2.284695
2.283363
2.285335
2.285233
2.287964
2.288998
2.289311
2.290158
2.289743
2.291905
2.291918
2.291473
2.290489
2.291137
2.290294
2.289490
2.289152
2.284822
2.286724
2.285141
2.283303
2.281209
2.279773
2.277841
2.274571
2.271873
2.269352
2.269669
2.269990
2.269720
2.271250
2.273034
2.275528
2.276462
2.277734
2.278173
2.280543
2.281374
2.282713
2.283716
2.285625
2.285865
2.286525
2.287942
2.287551
2.289875
2.290592
2.290986
2.292284
2.289147
2.290478
2.288684
2.287192
2.286319
2.286918
2.285684
2.284100
2.282684
2.280348
2.280138
2.277770
2.275433
2.272559
2.271163
2.269431
2.270905
2.268667
2.270287
2.274092
2.275029
2.276680
2.277417
2.279055
2.282107
2.281819
2.283894
2.282402
2.285640
2.286739
2.287232
2.287065
2.288916
2.290719
2.290858
2.291008
2.290413
2.292230
2.291113
2.290066
2.289405
2.288968
2.287769
2.286718
2.286091
2.284272
2.284127
2.281699
2.279263
2.277278
2.273456
2.272463
2.269059
2.268128
2.268643
2.270851
2.271857
2.273293
2.274324
2.275463
2.278233
2.278610
2.279783
2.280444
2.282172
2.283626
2.284964
2.285562
2.288174
2.288125
2.287812
2.289914
2.288458
2.289581
2.289418
2.289805
2.289507
2.288110
2.288793
2.287577
2.286111
2.285149
2.283241
2.283525
2.281026
2.279240
2.276944
2.275849
2.273013
2.270205
2.269896
2.266960
2.270336
2.271356
2.272722
2.273526
2.276377
2.277533
2.278678
2.279938
2.280366
2.283279
2.283952
2.284944
2.285696
2.287580
2.288424
2.289057
2.289987
2.289507
2.291799
2.291105
2.291487
2.290249
2.290189
2.290193
2.289160
2.287523
2.287152
2.287152
2.285003
2.283480
2.281705
2.279004
2.277651
2.273152
2.271221
2.268201
2.269897
2.268727
2.269884
2.271658
2.272686
2.276317
2.276978
2.276896
2.277467
2.279904
2.281108
2.282135
2.283064
2.283964
2.285634
2.286589
2.287717
2.287395
2.289605
2.289889
2.289642
2.290259
2.289317
2.290262
2.288900
2.287863
2.286805
2.286491
2.285480
2.283680
2.282803
2.279954
2.280028
2.277170
2.275386
2.272503
2.269897
2.269846
2.269268
2.269424
2.270136
2.273104
2.274765
2.276227
2.277070
2.278045
2.280728
2.281474
2.282357
2.282916
2.285653
2.287126
2.286912
2.288173
2.288002
2.290748
2.290790
2.291011
2.290359
2.291732
2.291116
2.290356
2.289692
2.288452
2.288291
2.287001
2.286512
2.284394
2.283713
2.282109
2.280379
2.277493
2.273483
2.272416
2.269146
2.268795
2.269149
2.270080
2.272603
2.273489
2.274750
2.274992
2.277947
2.278882
2.280279
2.281359
2.281452
2.283690
2.284490
2.285041
2.286586
2.287652
2.288432
2.289013
2.289605
2.289547
2.291200
2.290477
2.289812
2.288311
2.289128
2.287638
2.286754
2.285263
2.283325
2.283967
2.281215
2.279423
2.277384
2.275766
2.273664
2.270449
2.268698
2.267837
2.271059
2.271515
2.273152
2.274147
2.276358
2.277886
2.279574
2.280785
2.280867
2.283525
2.284174
2.285251
2.286226
2.287043
2.288738
2.289097
2.290297
2.289875
2.292477
2.291690
2.291955
2.289375
2.290058
2.293383
2.289528
2.289080
2.285945
2.286556
2.284358
2.279970
2.281014
2.278967
2.278343
2.274693
2.271492
2.267850
2.267464
2.268912
2.270266
2.272015
2.272014
2.275715
2.275956
2.277462
2.278250
2.280013
2.281364
2.282253
2.283522
2.285193
2.285627
2.286525
2.287642
2.287841
2.288951
2.290330
2.289983
2.290509
2.289250
2.290715
2.289447
2.288737
2.287674
2.285534
2.285952
2.285668
2.283168
2.280469
2.279006
2.277707
2.275844
2.273250
2.269548
2.269561
2.270301
2.269298
2.270386
2.273589
2.274975
2.276255
2.277910
2.277765
2.280818
2.281348
2.282535
2.283578
2.285348
2.287028
2.286906
2.288440
2.288221
2.290673
2.290745
2.291342
2.290961
2.291158
2.291675
2.290676
2.290102
2.289215
2.288129
2.288460
2.287852
2.284166
2.282547
2.282587
2.278895
2.276767
2.273613
2.272468
2.269361
2.268363
2.270992
2.269203
2.272313
2.271594
2.274453
2.275069
2.277879
2.278764
2.279894
2.281126
2.281394
2.284014
2.285872
2.285004
2.285777
2.287838
2.288439
2.289087
2.289852
2.289351
2.290780
2.290229
2.289876
2.288592
2.288117
2.287618
2.286448
2.285539
2.283131
2.283513
2.281246
2.279738
2.277552
2.275330
2.273383
2.270548
2.268849
2.269374
2.269453
2.271228
2.272827
2.274471
2.275469
2.278218
2.278811
2.280211
2.280499
2.284580
2.284549
2.283992
2.286028
2.286431
2.289305
2.289566
2.290010
2.289792
2.291688
2.291989
2.291476
2.292809
2.290744
2.289708
2.289598
2.288137
2.284736
2.286037
2.285240
2.283690
2.281967
2.279080
2.278335
2.274574
2.271737
2.268839
2.268597
2.269871
2.270083
2.271826
2.272794
2.274906
2.276278
2.277187
2.278351
2.279218
2.281281
2.282343
2.283856
2.284049
2.286397
2.286950
2.287852
2.288564
2.288231
2.290704
2.291811
2.290465
2.289217
2.289274
2.289249
2.288428
2.287597
2.285279
2.286261
2.284483
2.282573
2.280594
2.279675
2.278162
2.275862
2.273308
2.270868
2.270657
2.268352
2.269792
2.270888
2.271637
2.275184
2.275935
2.277131
2.278112
2.281044
2.281632
2.282665
2.283768
2.285442
2.288654
2.286903
2.288390
2.288258
2.289942
2.290263
2.291307
2.291698
2.290793
2.291628
2.290816
2.289710
2.289386
2.287943
2.286983
2.286629
2.285921
2.282416
2.282469
2.279165
2.277790
2.273953
2.272546
2.269413
2.268869
2.269067
2.269375
2.272953
2.273422
2.274561
2.275522
2.277207
2.278880
2.279673
2.280891
2.281293
2.284618
2.284886
2.285255
2.286483
2.287338
2.288938
2.289296
2.289422
2.289395
2.291134
2.290266
2.289937
2.289285
2.287781
2.288422
2.286887
2.285324
2.283483
2.283551
2.281672
2.280005
2.277858
2.274973
2.274140
2.271000
2.268806
2.268050
2.272137
2.271502
2.272047
2.274283
2.275051
2.278109
2.280627
2.281135
2.279548
2.282758
2.284830
2.283397
2.286263
2.286431
2.289444
2.289606
2.290093
2.290700
2.291727
2.291374
2.291779
2.290928
2.289423
2.290232
2.289659
2.287846
2.286814
2.286026
2.285736
2.283328
2.281469
2.279089
2.278232
2.274989
2.271994
2.269078
2.267779
2.270132
2.270519
2.272160
2.272464
2.275330
2.276236
2.277199
2.278267
2.278942
2.282616
2.282804
2.283403
2.282900
2.285638
2.286901
2.287494
2.288310
2.287922
2.290468
2.289780
2.290338
2.289630
2.289529
2.289495
2.288254
2.287171
2.285388
2.285799
2.283833
2.282637
2.280749
2.278708
2.277793
2.275118
2.273792
2.270659
2.269127
2.267937
2.268900
2.270589
2.270406
2.274270
2.275527
2.277166
2.277790
2.279961
2.281332
2.281961
2.283661
2.283764
2.286476
2.286868
2.287765
2.288578
2.290044
2.290686
2.291284
2.291631
2.290218
2.290365
2.290110
2.289442
2.288636
2.287353
2.286686
2.286021
2.284464
2.282271
2.281712
2.279434
2.277207
2.273955
2.271285
2.269228
2.268353
2.268941
2.269044
2.273250
2.273762
2.272784
2.275532
2.275581
2.278283
2.279481
2.280534
2.280794
2.283418
2.284985
2.284575
2.286371
2.286368
2.288848
2.289010
2.289335
2.289115
2.290343
2.289959
2.288875
2.288696
2.287349
2.288041
2.286137
2.284594
2.283996
2.284422
2.281710
2.278489
2.276663
2.274579
2.272030
2.269954
2.268515
2.268240
2.269452
2.271288
2.272597
2.274276
2.274518
2.277645
2.278337
2.279609
2.281132
2.281700
2.284155
2.284895
2.286068
2.286066
2.288663
2.289059
2.289625
2.290344
2.289582
2.291687
2.290968
2.290620
2.289377
2.289937
2.288777
2.287423
2.286598
2.284880
2.287019
2.281973
2.280794
2.278786
2.277409
2.274733
2.271513
2.268856
2.266848
2.270848
2.270371
2.271407
2.270703
2.273990
2.275932
2.276793
2.278056
2.278267
2.281436
2.282107
2.282810
2.285337
2.284046
2.286817
2.287086
2.287579
2.287936
2.290616
2.290398
2.291837
2.289955
2.288403
2.289612
2.286568
2.287001
2.285237
2.285833
2.284055
2.282736
2.281091
2.278942
2.278260
2.275273
2.273231
2.269856
2.268912
2.270113
2.268211
2.270439
2.271538
2.275150
2.276025
2.276974
2.278056
2.279994
2.281370
2.283706
2.283838
2.283838
2.285271
2.286834
2.288114
2.288508
2.289503
2.290579
2.290688
2.291290
2.290461
2.291142
2.290377
2.289814
2.288800
2.287264
2.287475
2.286258
2.285187
2.282621
2.282228
2.280018
2.277185
2.274410
2.270855
2.269909
2.268437
2.268989
2.269509
2.271789
2.273516
2.273924
2.275718
2.276343
2.279151
2.279711
2.280758
2.281374
2.283415
2.284949
2.285532
2.288107
2.287552
2.288095
2.288946
2.289981
2.288570
2.290611
2.290804
2.288771
2.289037
2.287620
2.288695
2.287114
2.285670
2.284597
2.282785
2.282302
2.279822
2.278232
2.275035
2.274488
2.271094
2.268741
2.268968
2.268945
2.271544
2.272944
2.274228
2.275039
2.277863
2.280217
2.280447
2.280087
2.281209
2.284275
2.284529
2.286072
2.286169
2.288530
2.289105
2.289576
2.290361
2.289667
2.292132
2.291179
2.290755
2.289518
2.289649
2.289541
2.287938
2.287076
2.285405
2.286469
2.284326
2.282113
2.278258
2.277046
2.275317
2.271771
2.268981
2.267522
2.269898
2.270665
2.271488
2.273170
2.274400
2.277867
2.277223
2.277598
2.279001
2.281497
2.281023
2.283239
2.285068
2.284483
2.287224
2.287925
2.288718
2.288248
2.289913
2.290106
2.290147
2.290239
2.289031
2.290077
2.288767
2.287447
2.285963
2.285853
2.284544
2.282879
2.281052
2.278901
2.278755
2.276011
2.273148
2.270601
2.268857
2.269268
2.271397
2.271789
2.271866
2.274012
2.275642
2.277420
2.278657
2.279661
2.282112
2.282488
2.284150
2.284256
2.287247
2.287149
2.288107
2.289447
2.289076
2.291672
2.291919
2.291182
2.290520
2.291355
2.290652
2.289733
2.289365
2.286972
2.287670
2.286521
2.285284
2.282838
2.282137
2.280160
2.277408
2.274631
2.270921
2.270029
2.269924
2.269760
2.269520
2.271667
2.273292
2.274637
2.276028
2.276078
2.279512
2.279897
2.280930
2.282614
2.283586
2.285379
2.285222
2.285535
2.286471
2.288871
2.289158
2.289545
2.289858
2.289645
2.290984
2.289962
2.289235
2.287843
2.288398
2.286500
2.285552
2.284233
2.282208
2.281981
2.279848
2.277588
2.275049
2.273573
2.270945
2.268640
2.268891
2.268587
2.271947
2.273008
2.274030
2.275022
2.277524
2.278967
2.279767
2.281048
2.281438
2.284281
2.284800
2.285940
2.286780
2.287909
2.289711
2.290105
2.290562
2.290068
2.292128
2.292268
2.290910
2.290372
2.288693
2.290308
2.287898
2.286862
2.285790
2.285157
2.283511
2.281857
2.279566
2.276675
2.275037
2.271893
2.269089
2.267646
2.269512
2.270289
2.270971
2.273070
2.273343
2.276405
2.277089
2.278263
2.279151
2.281311
2.282883
2.283567
2.284437
2.284471
2.287439
2.288079
2.287877
2.288594
2.289711
2.290704
2.290105
2.290357
2.288855
2.289762
2.288678
2.288013
2.286119
2.284606
2.284567
2.282778
2.282103
2.279214
2.278304
2.275121
2.272837
2.270315
2.267966
2.270410
2.269474
2.271181
2.271965
2.275004
2.275934
2.277473
2.278664
2.279167
2.281925
2.282557
2.283637
2.284196
2.286317
2.287211
2.288152
2.289881
2.288731
2.291858
2.293190
2.292354
2.290743
2.290838
2.290735
2.288666
2.288088
2.286848
2.287622
2.284564
2.284540
2.283637
2.282189
2.277818
2.277591
2.274847
2.271163
2.269651
2.268403
2.269483
2.269804
2.271796
2.273984
2.274689
2.274529
2.276604
2.278711
2.279807
2.280729
2.282001
2.282395
2.286757
2.284597
2.286576
2.286776
2.288368
2.289358
2.289817
2.290009
2.289348
2.290846
2.289429
2.288975
2.287874
2.288542
2.286143
2.285339
2.284245
2.282121
2.282164
2.279845
2.278048
2.275335
2.273138
2.270841
2.268924
2.269578
2.267943
2.271703
2.273328
2.274297
2.275374
2.276255
2.279596
2.280050
2.281185
2.281363
2.284604
2.286264
2.286311
2.286405
2.286932
2.290022
2.289687
2.290459
2.290304
2.291898
2.291551
2.292392
2.291490
2.288012
2.290756
2.285606
2.286616
2.285717
2.285045
2.283599
2.281907
2.279847
2.276620
2.275508
2.271804
2.269176
2.267610
2.269222
2.270326
2.271043
2.273313
2.272786
2.276444
2.277073
2.277980
2.279147
2.279966
2.282743
2.282925
2.285212
2.283788
2.286818
2.287413
2.287894
2.289155
2.289286
2.290645
2.290287
2.291319
2.289291
2.289855
2.287502
2.287743
2.286578
2.284998
2.285256
2.282829
2.281638
2.278950
2.278388
2.276512
2.273582
2.270765
2.268056
2.270954
2.268493
2.271076
2.272372
2.274882
2.276466
2.277488
2.278875
2.279178
2.282278
2.282702
2.283733
2.285547
2.287859
2.287760
2.287730
2.289265
2.287749
2.291095
2.290955
2.291459
2.291594
2.290649
2.291170
2.289947
2.290157
2.287015
2.287587
2.286646
2.285016
2.283744
2.282799
2.280701
2.277414
2.273437
2.270992
2.269930
2.268829
2.269236
2.270069
2.270839
2.273669
2.274380
2.275897
2.276428
2.278635
2.280069
2.280928
2.282227
2.282469
2.285344
2.285628
2.286498
2.287380
2.288337
2.289387
2.289412
2.290021
2.289779
2.291900
2.289295
2.288710
2.288042
2.287018
2.287248
2.286518
2.285407
2.282194
2.281860
2.279252
2.277323
2.276599
2.272179
2.271661
2.268923
2.269987
2.268301
2.272071
2.274433
2.274655
2.276029
2.275432
2.281367
2.281134
2.280241
2.281891
2.282945
2.285023
2.286520
2.287173
2.287493
2.290352
2.290171
2.291267
2.291049
2.291873
2.291793
2.291096
2.290858
2.289283
2.290879
2.287636
2.287154
2.286225
2.284893
2.284271
2.282130
2.280941
2.277751
2.275545
2.272100
2.269248
2.268284
2.268635
2.271376
2.271285
2.273336
2.273376
2.275772
2.277187
2.278294
2.279645
2.280200
2.282811
2.282866
2.285531
2.284647
2.286999
2.287639
2.288403
2.288378
2.287316
2.291273
2.290978
2.290401
2.288967
2.288697
2.286848
2.288533
2.286086
2.284850
2.285069
2.283381
2.281528
2.279302
2.278085
2.276188
2.273057
2.270750
2.269117
2.269327
2.268624
2.269902
2.272025
2.274177
2.277575
2.276046
2.278439
2.278890
2.281954
2.284008
2.284485
2.284598
2.285137
2.287536
2.288173
2.289475
2.289007
2.290683
2.291297
2.291194
2.291307
2.290008
2.292188
2.289724
2.289370
2.287027
2.286631
2.286877
2.284319
2.283201
2.281038
2.280669
2.278093
2.275509
2.272114
2.269557
2.268939
2.269405
2.270021
2.270686
2.273831
2.274639
2.276047
2.277098
2.277951
2.280214
2.280980
2.282213
2.282125
2.286631
2.284845
2.286650
2.287340
2.287644
2.289605
2.289861
2.290026
2.289631
2.290781
2.289878
2.289341
2.288454
2.286846
2.287420
2.285618
2.285373
2.281433
2.282016
2.280000
2.279213
2.276016
2.272642
2.271029
2.269165
2.269542
2.268613
2.271424
2.273336
2.274661
2.275934
2.276712
2.279359
2.280270
2.281370
2.282158
2.284117
2.285874
2.286629
2.287529
2.287311
2.290052
2.290110
2.290687
2.290827
2.290856
2.292184
2.291548
2.290922
2.289190
2.290564
2.288300
2.287740
2.286880
2.284398
2.284514
2.282255
2.281542
2.275853
2.275149
2.272453
2.269620
2.268432
2.268211
2.271182
2.271490
2.273075
2.274462
2.276310
2.277447
2.277213
2.279533
2.279937
2.282712
2.283339
2.285492
2.283938
2.286034
2.287953
2.288438
2.289206
2.288789
2.290983
2.290394
2.290002
2.289292
2.288754
2.289066
2.287632
2.286592
2.284831
2.285017
2.283196
2.281479
2.279509
2.277402
2.276239
2.273655
2.270733
2.268281
2.270235
2.269115
2.270715
2.273336
2.273880
2.277022
2.277300
2.280096
2.280747
2.282307
2.282674
2.283905
2.283716
2.285163
2.288259
2.287105
2.289726
2.289822
2.289538
2.290222
2.290912
2.293413
2.289429
2.290506
2.289168
2.290315
2.288235
2.286720
2.286518
2.284297
2.283411
2.281478
2.280761
2.278048
2.274962
2.271884
2.268825
2.268918
2.269406
2.270169
2.270541
2.273530
2.274284
2.276061
2.277437
2.277601
2.280585
2.280928
2.282191
2.282087
2.285470
2.285915
2.287169
2.287795
2.289906
2.290325
2.289540
2.289409
2.290695
2.290085
2.290038
2.288449
2.286704
2.287368
2.285544
2.284070
2.282605
2.281256
2.280156
2.278008
2.275774
2.273498
2.271398
2.269055
2.269333
2.269148
2.270735
2.273236
2.274620
2.275761
2.276595
2.279038
2.280245
2.282323
2.282734
2.282830
2.285776
2.286208
2.287351
2.287588
2.289569
2.290488
2.290457
2.290580
2.290462
2.292002
2.292022
2.290890
2.289298
2.289847
2.287214
2.287312
2.286617
2.284087
2.285371
2.282014
2.280117
2.277548
2.275969
2.272673
2.269478
2.268152
2.269074
2.270454
2.271476
2.273133
2.274811
2.275855
2.278104
2.278239
2.279301
2.278325
2.283888
2.282497
2.284713
2.284200
2.285964
2.288577
2.288651
2.289178
2.288780
2.290525
2.290524
2.290372
2.289928
2.288340
2.289503
2.288046
2.286621
2.284943
2.284724
2.283065
2.281933
2.279970
2.277101
2.276814
2.273894
2.271212
2.268547
2.269472
2.269804
2.271203
2.272826
2.273589
2.276497
2.278431
2.278712
2.280139
2.280173
2.282930
2.283924
2.284996
2.285575
2.288112
2.288401
2.289629
2.290410
2.289989
2.292883
2.293915
2.292479
2.290639
2.290848
2.289600
2.287844
2.286398
2.286206
2.287187
2.284169
2.284389
2.280393
2.280793
2.277160
2.274141
2.272059
2.268448
2.269160
2.269900
2.269681
2.271365
2.273170
2.274948
2.275559
2.276967
2.277494
2.280447
2.281200
2.282159
2.282813
2.285567
2.285220
2.286538
2.288617
2.287772
2.290578
2.289164
2.289335
2.290345
2.289646
2.289688
2.289064
2.288424
2.287158
2.286823
2.285559
2.284242
2.282757
2.280700
2.280793
2.278168
2.275853
2.272698
2.271355
2.269193
2.269759
2.268999
2.270179
2.273570
2.274169
2.275589
2.276896
2.279146
2.280456
2.281212
2.282760
2.282814
2.285801
2.286354
2.287103
2.287531
2.288697
2.290066
2.290603
2.292122
2.292137
2.290763
2.291054
2.289379
2.288652
2.290583
2.288263
2.287125
2.285278
2.284046
2.284270
2.282337
2.280381
2.277809
2.274312
2.272823
2.269396
2.268369
2.268387
2.270615
2.271729
2.272962
2.274567
2.275049
2.277942
2.278402
2.279364
2.280353
2.282463
2.283143
2.284410
2.285470
2.285335
2.288396
2.288529
2.289362
2.289189
2.290207
2.290509
2.290394
2.289861
2.288421
2.289253
2.287907
2.286727
2.285101
2.284753
2.283075
2.281786
2.280152
2.277213
2.276772
2.275042
2.271178
2.267496
2.268383
2.270041
2.271261
2.272671
2.273850
2.276241
2.277600
2.278819
2.279779
2.280180
2.283163
2.283797
2.284812
2.286760
2.289147
2.287223
2.288920
2.290025
2.288498
2.291380
2.291603
2.291529
2.290540
2.291065
2.290309
2.290062
2.287526
2.286090
2.287458
2.285447
2.284049
2.281758
2.280126
2.278963
2.276193
2.270941
2.268441
2.269279
2.269812
2.270113
2.271435
2.272362
2.275108
2.275730
2.278116
2.277527
2.279017
2.280722
2.282295
2.283340
2.284188
2.286338
2.286769
2.287238
2.287563
2.289579
2.290415
2.290146
2.290160
2.289705
2.290778
2.289269
2.288749
2.286938
2.286709
2.285847
2.284771
2.283204
2.280780
2.280498
2.278223
2.275693
2.273330
2.271286
2.269366
2.270348
2.268611
2.269731
2.273702
2.274162
2.275937
2.276827
2.278752
2.282435
2.281598
2.282358
2.283092
2.283965
2.285914
2.287496
2.288333
2.289200
2.290363
2.289414
2.290748
2.290416
2.292156
2.292601
2.291430
2.289371
2.288355
2.288464
2.286086
2.286490
2.284597
2.284692
2.282471
2.280198
2.277604
2.274202
2.273386
2.269369
2.268497
2.268428
2.270717
2.271579
2.273028
2.274150
2.275125
2.277982
2.278606
2.279428
2.280271
2.281929
2.283775
2.284991
2.285091
2.285359
2.288226
2.288460
2.288703
2.289530
2.289581
2.290650
2.290183
2.289960
2.288659
2.289336
2.288685
2.286466
2.284346
2.283390
2.283836
2.281670
2.279851
2.277381
2.276569
2.273951
2.272382
2.270840
2.266791
2.270582
2.271459
2.271197
2.273257
2.276295
2.277392
2.278684
2.279934
2.280461
2.283499
2.283558
2.285001
2.285611
2.287316
2.288385
2.289317
2.289885
2.289795
2.292119
2.291503
2.291564
2.291237
2.290642
2.290657
2.289438
2.288364
2.286202
2.287212
2.285446
2.283542
2.282400
2.280098
2.278938
2.275854
2.273104
2.268367
2.267415
2.268742
2.270128
2.271667
2.271861
2.275221
2.275361
2.276736
2.277491
2.279962
2.281194
2.281887
2.283211
2.284221
2.286108
2.286371
2.287588
2.287763
2.289183
2.289537
2.289617
2.290233
2.289265
2.290569
2.289352
2.288169
2.286802
2.286171
2.286049
2.284525
2.283396
2.282208
2.280229
2.277276
2.275977
2.273190
2.269043
2.268994
2.269354
2.268909
2.269812
2.272964
2.274619
2.275524
2.277593
2.278674
2.280838
2.281137
2.281320
2.282630
2.285612
2.286174
2.287085
2.288078
2.288272
2.290334
2.290830
2.291265
2.290711
2.292991
2.290094
2.290285
2.289941
2.288631
2.288896
2.287025
2.286354
2.284806
2.283474
2.282557
2.280377
2.277667
2.273974
2.273175
2.269631
2.268401
2.268817
2.270181
2.272290
2.273121
2.274503
2.274585
2.277331
2.278425
2.279702
2.280762
2.281539
2.284099
2.284201
2.285448
2.285908
2.288678
2.289476
2.288226
2.288807
2.289325
2.292456
2.291884
2.288947
2.288948
2.287662
2.287760
2.287592
2.286357
2.282177
2.283710
2.280725
2.279711
2.277645
2.276079
2.273864
2.271308
2.269140
2.269408
2.269369
2.271082
2.272359
2.273797
2.275653
2.278123
2.279027
2.279863
2.280574
2.283190
2.284022
2.284881
2.286420
2.286737
2.289055
2.289149
2.290142
2.289941
2.291753
2.291628
2.291601
2.291126
2.290269
2.290906
2.291267
2.288529
2.286490
2.285802
2.285391
2.283881
2.281824
2.279593
2.279016
2.275164
2.272197
2.268996
2.268208
2.271078
2.268926
2.271336
2.271944
2.275134
2.275795
2.276806
2.277994
2.279379
2.281281
2.282091
2.283379
2.283581
2.285874
2.287557
2.289286
2.287092
2.288405
2.289969
2.289234
2.289433
2.289112
2.290248
2.289248
2.288784
2.287864
2.285789
2.286258
2.285303
2.282788
2.281179
2.280520
2.278411
2.276212
2.274401
2.270610
2.269920
2.267970
2.269331
2.270856
2.273136
2.274964
2.275875
2.277557
2.277622
2.280776
2.281407
2.282577
2.283011
2.285107
2.286429
2.287025
2.288266
2.288393
2.290908
2.290619
2.291082
2.291072
2.291117
2.291946
2.290690
2.290364
2.289595
2.288300
2.287408
2.286386
2.285454
2.283031
2.283065
2.280236
2.278022
2.274474
2.274119
2.268716
2.267979
2.269178
2.269077
2.272226
2.273062
2.274463
2.276814
2.278419
2.278098
2.279917
2.279876
2.279509
2.283642
2.285807
2.284549
2.285362
2.287556
2.288377
2.289263
2.289963
2.288996
2.291244
2.290499
2.289803
2.288780
2.288358
2.288226
2.286369
2.285524
2.283589
2.283593
2.281679
2.279900
2.277968
2.275446
2.274276
2.271025
2.269235
2.269439
2.269108
2.270908
2.272870
2.274346
2.275208
2.278008
2.278918
2.280159
2.280703
2.283377
2.284068
2.285106
2.286499
2.286512
2.289363
2.290371
2.290397
2.289906
2.290143
2.291376
2.291581
2.291047
2.289521
2.290942
2.289687
2.287799
2.286578
2.286645
2.285538
2.283749
2.283465
2.279004
2.278713
2.274339
2.271496
2.269067
2.269223
2.270522
2.270099
2.271261
2.271817
2.274309
2.275806
2.277102
2.277889
2.278767
2.281428
2.282100
2.283008
2.284643
2.284815
2.286573
2.287208
2.288088
2.288041
2.289959
2.290022
2.290308
2.289342
2.289793
2.289430
2.288235
2.288421
2.285651
2.286277
2.283549
2.282711
2.281001
2.279985
2.278495
2.275777
2.273721
2.270325
2.269480
2.269974
2.268938
2.270252
2.272215
2.274491
2.275585
2.277070
2.277671
2.280107
2.281325
2.282215
2.283701
2.284584
2.286658
2.287059
2.287949
2.288002
2.290336
2.290484
2.290758
2.290902
2.290578
2.291737
2.290835
2.289592
2.288712
2.288625
2.287359
2.286624
2.285150
2.282793
2.283048
2.280333
2.277881
2.274483
2.272999
2.269728
2.268348
2.268965
2.268056
2.272207
2.272882
2.274124
2.275048
2.276509
2.278423
2.279876
2.280730
2.281139
2.284207
2.285464
2.284507
2.286124
2.286905
2.288944
2.288541
2.289205
2.288905
2.290944
2.290238
2.289711
2.288980
2.287169
2.288227
2.286830
2.285358
2.283142
2.283472
2.281627
2.280183
2.277896
2.275150
2.274387
2.271191
2.268891
2.268609
2.269422
2.271086
2.272592
2.274222
2.274686
2.277821
2.279134
2.280520
2.280292
2.282165
2.283167
2.284896
2.286023
2.285777
2.288966
2.289630
2.289426
2.292525
2.292677
2.292190
2.291101
2.290623
2.289594
2.288275
2.289495
2.287510
2.287323
2.285042
2.286690
2.283975
2.282513
2.279177
2.277721
2.275036
2.272120
2.269598
2.267516
2.270594
2.269298
2.271513
2.272230
2.274720
2.275747
2.277254
2.277805
2.277772
2.281710
2.282236
2.282973
2.284250
2.284737
2.286813
2.287344
2.287833
2.289498
2.289608
2.289805
2.289538
2.288964
2.289817
2.289277
2.288938
2.287185
2.285338
2.286390
2.284379
2.282745
2.281377
2.279287
2.278658
2.275946
2.273562
2.271053
2.269998
2.268507
2.269197
2.270470
2.270576
2.274507
2.275476
2.277272
2.277730
2.280190
2.281263
2.282524
2.283248
2.285488
2.286769
2.286804
2.287934
2.288513
2.289707
2.290807
2.290885
2.291077
2.290357
2.291454
2.289793
2.290572
2.289044
2.287781
2.287902
2.287597
2.284958
2.281614
2.281352
2.279860
2.278077
2.274985
2.271648
2.270159
2.266476
2.269356
2.268447
2.272207
2.273028
2.274564
2.275427
2.276329
2.278758
2.279916
2.280741
2.281246
2.283882
2.285243
2.285208
2.286698
2.286783
2.289364
2.289340
2.289854
2.289739
2.290897
2.291049
2.289699
2.289134
2.287716
2.288698
2.287031
2.285707
2.284704
2.282604
2.282147
2.280157
2.278179
2.275282
2.274584
2.271125
2.269759
2.270315
2.268819
2.270916
2.271876
2.273960
2.275363
2.277793
2.278629
2.279922
2.281227
2.282140
2.284238
2.285168
2.286165
2.286101
2.290687
2.290016
2.289462
2.290831
2.289912
2.292244
2.290695
2.288529
2.289762
2.290409
2.290658
2.287011
2.287438
2.285538
2.286067
2.283930
2.282248
2.279782
2.278216
2.275404
2.272257
2.270060
2.266999
2.269990
2.270204
2.271356
2.272416
2.273970
2.276220
2.277150
2.278257
2.278476
2.282728
2.282160
2.282277
2.284358
2.284340
2.286776
2.287474
2.288104
2.287939
2.290551
2.289904
2.290322
2.290204
2.288986
2.290020
2.288562
2.287472
2.286195
2.286325
2.284567
2.283065
2.281289
2.279056
2.278786
2.276119
2.273505
2.270616
2.269376
2.269592
2.269120
2.270560
2.272070
2.274908
2.275651
2.276968
2.279323
2.281629
2.280294
2.282339
2.282937
2.282588
2.286922
2.287045
2.288193
2.288712
2.289431
2.291296
2.291816
2.290986
2.289414
2.291062
2.290703
2.289974
2.290384
2.286593
2.287715
2.286469
2.285499
2.283107
2.282643
2.280453
2.277983
2.275239
2.271163
2.269996
2.268490
2.268868
2.269355
2.273086
2.274545
2.273709
2.274826
2.275649
2.278232
2.279457
2.280623
2.281452
2.282987
2.285348
2.284759
2.286357
2.286244
2.289062
2.288860
2.289566
2.289658
2.290079
2.290766
2.290080
2.289010
2.287738
2.288646
2.286766
2.286331
2.285220
2.282525
2.280762
2.279243
2.278211
2.275317
2.274424
2.273606
2.268858
2.269178
2.268110
2.272331
2.270658
2.274065
2.274742
2.277415
2.278517
2.279921
2.281225
2.281324
2.284132
2.284560
2.286456
2.286298
2.288260
2.289164
2.289693
2.290408
2.289967
2.291896
2.291304
2.290950
2.290214
2.289836
2.289854
2.287975
2.287158
2.285444
2.285895
2.283813
2.282565
2.280355
2.277958
2.275552
2.272452
2.269356
2.268467
2.270350
2.269924
2.270856
2.272241
2.273836
2.276646
2.277239
2.277837
2.278398
2.281607
2.282248
2.282778
2.284453
2.284248
2.287191
2.287304
2.288053
2.288225
2.290039
2.290543
2.290246
2.290094
2.288949
2.289879
2.288571
2.287731
2.286494
2.285569
2.284838
2.284198
2.283348
2.278775
2.278864
2.276413
2.272813
2.270251
2.267144
2.269767
2.268750
2.270916
2.271820
2.274862
2.276028
2.277448
2.278755
2.279168
2.282193
2.283510
2.283389
2.284106
2.285610
2.286913
2.288260
2.289426
2.288658
2.291757
2.291366
2.291198
2.290908
2.292256
2.290778
2.289829
2.289166
2.287502
2.288217
2.286980
2.285225
2.283419
2.282289
2.281010
2.278038
2.275301
2.271370
2.270652
2.268658
2.269180
2.269955
2.271731
2.273447
2.274610
2.275705
2.276086
2.278925
2.279809
2.281122
2.281792
2.282435
2.285094
2.285527
2.286743
2.286711
2.288920
2.289080
2.289726
2.290999
2.289746
2.291377
2.290698
2.289661
2.287587
2.288257
2.284977
2.285441
2.284039
2.280979
2.282091
2.280242
2.278178
2.275290
2.273856
2.271597
2.268777
2.269568
2.269024
2.272142
2.273723
2.272269
2.273529
2.277279
2.279765
2.281206
2.279607
2.281279
2.284049
2.284973
2.286263
2.286743
2.288082
2.289590
2.289968
2.290587
2.290168
2.291985
2.291631
2.291139
2.290857
2.289356
2.290317
2.287877
2.287118
2.286783
2.286135
2.284074
2.281008
2.279730
2.276952
2.275704
2.272658
2.269453
2.267500
2.269583
2.270542
2.271402
2.272795
2.273358
2.276084
2.276940
2.278360
2.278900
2.281218
2.282368
2.282858
2.285052
2.286078
2.287979
2.286265
2.287882
2.288974
2.287516
2.290116
2.290505
2.290417
2.288735
2.290037
2.288639
2.287971
2.286160
2.284839
2.285141
2.282679
2.281678
2.279144
2.278759
2.276347
2.273421
2.270858
2.268413
2.271024
2.269914
2.270861
2.270504
2.274749
2.276241
2.277390
2.278312
2.279214
2.281930
2.282386
2.283520
2.284052
2.286202
2.287484
2.288074
2.288923
2.288668
2.291149
2.290751
2.291067
2.290974
2.291195
2.290993
2.289982
2.289255
2.287005
2.287942
2.286567
2.285015
2.283622
2.281502
2.280754
2.278122
2.275232
2.272188
2.270036
2.268589
2.270247
2.268520
2.270079
2.273443
2.275884
2.276121
2.275205
2.279058
2.277867
2.281125
2.282005
2.281842
2.285044
2.283480
2.286156
2.286429
2.288135
2.289149
2.289965
2.290035
2.289146
2.290837
2.289493
2.289396
2.288330
2.288284
2.286583
2.285675
2.284272
2.282424
2.282249
2.279904
2.278110
2.276032
2.273761
2.271476
2.269028
2.268838
2.268524
2.271690
2.272753
2.274195
2.275686
2.276616
2.278986
2.279792
2.281166
2.281817
2.284000
2.284995
2.285957
2.287020
2.287050
2.289889
2.289684
2.290381
2.291253
2.292194
2.290574
2.290587
2.290786
2.289142
2.291901
2.286317
2.286209
2.285773
2.285571
2.284169
2.282385
2.280341
2.277403
2.275927
2.272080
2.270591
2.269449
2.269027
2.270955
2.271617
2.271600
2.271957
2.274267
2.276855
2.278028
2.279127
2.280293
2.283064
2.284414
2.284995
2.283803
2.286876
2.287151
2.288330
2.288917
2.289060
2.290912
2.290347
2.290375
2.288954
2.289724
2.289159
2.288201
2.286318
2.284853
2.286655
2.283503
2.281544
2.277952
2.278312
2.276807
2.274261
2.271461
2.268325
2.270322
2.269175
2.270807
2.272086
2.274486
2.276200
2.277207
2.278541
2.278917
2.281969
2.282532
2.283599
2.284805
2.285579
2.287781
2.288196
2.288857
2.289071
2.291347
2.291255
2.291420
2.291427
2.290519
2.291265
2.290040
2.289419
2.287276
2.288057
2.286963
2.286830
2.283862
2.281575
2.281238
2.277713
2.275133
2.271831
2.269936
2.268883
2.269999
2.270355
2.270953
2.272948
2.274162
2.275763
2.276220
2.278354
2.279686
2.280717
2.282098
2.282110
2.285019
2.285409
2.286474
2.287164
2.288075
2.289431
2.289571
2.289846
2.289642
2.290946
2.289814
2.289214
2.288392
2.287198
2.287322
2.286075
2.284492
2.282251
2.282190
2.279958
2.278020
2.276062
2.273079
2.271884
2.269014
2.269598
2.268462
2.271252
2.272738
2.274442
2.275662
2.276583
2.279183
2.279980
2.281343
2.282736
2.284363
2.285070
2.285708
2.286752
2.287364
2.289938
2.289166
2.290732
2.290779
2.291139
2.291974
2.290837
2.291183
2.288519
2.289924
2.288489
2.287016
2.286391
2.284826
2.284706
2.282132
2.280478
2.277271
2.276135
2.272817
2.269527
2.268637
2.268385
2.271484
2.271950
2.272837
2.273300
2.276015
2.277328
2.278100
2.279171
2.280000
2.283159
2.283195
2.284815
2.284482
2.286767
2.287791
2.288185
2.288829
2.288877
2.291408
2.290823
2.289957
2.288640
2.288939
2.288899
2.287840
2.287005
2.284703
2.285203
2.283499
2.281557
2.279767
2.277666
2.276577
2.273861
2.270869
2.267964
2.270116
2.268782
2.270641
2.272534
2.273546
2.276200
2.277062
2.278608
2.279075
2.281193
2.284072
2.285695
2.285039
2.285320
2.287911
2.287588
2.286713
2.288513
2.290695
2.291139
2.290423
2.290977
2.290319
2.291256
2.290193
2.288636
2.285357
2.286532
2.287007
2.285978
2.284407
2.281238
2.279445
2.277850
2.275166
2.272333
2.269354
2.268912
2.269260
2.269336
2.270357
2.273237
2.274072
2.275535
2.276709
2.277496
2.279985
2.280542
2.281621
2.282109
2.286395
2.284119
2.286072
2.287255
2.287090
2.289524
2.289692
2.289793
2.289324
2.290570
2.289724
2.289182
2.288384
2.286985
2.287155
2.284956
2.284428
2.282036
2.281828
2.280340
2.278163
2.276149
2.272603
2.271805
2.269032
2.269101
2.270097
2.271724
2.272846
2.273085
2.275547
2.276325
2.279067
2.279582
2.281289
2.282001
2.283444
2.285386
2.285882
2.287173
2.288972
2.291303
2.288627
2.290083
2.290494
2.288769
2.292091
2.291288
2.290435
2.289288
2.291394
2.287003
2.287116
2.286804
2.284529
2.284607
2.282091
2.280324
2.277241
2.275817
2.272604
2.269886
2.268206
2.268525
2.272186
2.270478
2.272252
2.273827
2.275735
2.277192
2.278191
2.279316
2.279508
2.283757
2.283582
2.284706
2.283146
2.285852
2.287663
2.288149
2.289439
2.289390
2.291044
2.290593
2.290437
2.289905
2.288533
2.289568
2.287986
2.286705
2.284858
2.285264
2.283273
2.281612
2.279884
2.277425
2.277185
2.273787
2.271425
2.268568
2.269405
2.269700
2.271094
2.272952
2.273497
2.277206
2.278555
2.278436
2.278703
2.282023
2.281256
2.283480
2.284949
2.285480
2.288058
2.287864
2.289363
2.289581
2.290367
2.291908
2.292504
2.291736
2.290311
2.290074
2.290164
2.290214
2.287759
2.286808
2.287132
2.285790
2.283812
2.281600
2.281193
2.278403
2.275542
2.272508
2.269202
2.269340
2.269405
2.270327
2.270704
2.273898
2.274411
2.276083
2.277282
2.277183
2.280351
2.281085
2.282175
2.282415
2.286070
2.285214
2.286258
2.287525
2.287709
2.289842
2.289870
2.290429
2.290246
2.290567
2.291520
2.290568
2.287813
2.286952
2.287569
2.285200
2.284514
2.284168
2.281942
2.280205
2.277570
2.276387
2.273393
2.272217
2.269370
2.271021
2.270213
2.270923
2.273163
2.274348
2.276603
2.273855
2.278180
2.280227
2.281286
2.282487
2.283252
2.286161
2.286631
2.287295
2.287760
2.289770
2.290254
2.290687
2.291151
2.290508
2.292572
2.291728
2.291071
2.290598
2.289477
2.287983
2.287580
2.287021
2.284913
2.284748
2.283202
2.281097
2.278860
2.274667
2.273381
2.269917
2.268611
2.268389
2.272465
2.272092
2.272587
2.273439
2.275040
2.277793
2.278512
2.279741
2.280228
2.282752
2.283224
2.284665
2.285292
2.285749
2.288111
2.288423
2.289113
2.288909
2.290850
2.290522
2.290429
2.289789
2.288586
2.289657
2.287645
2.286953
2.285011
2.284912
2.285388
2.282447
2.280427
2.277694
2.276774
2.272437
2.270775
2.267250
2.269388
2.268947
2.270772
2.272692
2.273293
2.276781
2.277215
2.278715
2.279614
2.280901
2.282963
2.285064
2.285109
2.285489
2.286801
2.286980
2.288927
2.289227
2.289683
2.291646
2.291079
2.291574
2.290122
2.291288
2.290066
2.289800
2.287944
2.285933
2.287576
2.285470
2.283929
2.281401
2.281020
2.278144
2.275681
2.272151
2.268193
2.268859
2.269036
2.270196
2.271255
2.273033
2.274743
2.275432
2.277051
2.277436
2.280445
2.281144
2.281696
2.282951
2.283936
2.285876
2.286329
2.287434
2.287337
2.289336
2.289932
2.289944
2.291421
2.290498
2.290990
2.288587
2.288629
2.287371
2.285856
2.285395
2.284191
2.282951
2.280803
2.280520
2.278389
2.276137
2.272856
2.271776
2.269030
2.268962
2.269239
2.269624
2.273074
2.273661
2.275345
2.276660
2.278792
2.279797
2.280747
2.282159
2.282600
2.285466
2.286192
2.286656
2.287449
2.288629
2.290096
2.290388
2.290701
2.290325
2.292254
2.291172
2.290491
2.289819
2.288742
2.288898
2.288189
2.287726
2.283731
2.285238
2.282088
2.278598
2.277349
2.274112
2.272967
2.269666
2.268170
2.268394
2.270384
2.271562
2.272705
2.273983
2.274620
2.277588
2.278237
2.279220
2.280105
2.282191
2.283493
2.285805
2.286257
2.284507
2.287827
2.288653
2.287241
2.288761
2.290922
2.289931
2.290175
2.289505
2.288163
2.288935
2.287668
2.286679
2.285195
2.284627
2.283593
2.283405
2.280431
2.275596
2.276966
2.273893
2.271250
2.268816
2.268744
2.270135
2.271718
2.272670
2.272298
2.275605
2.277247
2.278758
2.279627
2.280411
2.283402
2.283670
2.284781
2.285446
2.287644
2.288252
2.289457
2.289672
2.289562
2.291787
2.291296
2.291479
2.290531
2.290826
2.290078
2.289372
2.287761
2.286424
2.287209
2.285444
2.283540
2.281866
2.279879
2.278278
2.275108
2.272217
2.268718
2.268870
2.269171
2.269788
2.271568
2.273164
2.273497
2.275372
2.277815
2.279386
2.279793
2.280936
2.282529
2.281976
2.282944
2.285002
2.284040
2.286884
2.287501
2.289343
2.290062
2.290068
2.290275
2.289652
2.290237
2.289267
2.288589
2.287660
2.286491
2.285891
2.284375
2.283013
2.281004
2.280786
2.278271
2.276058
2.273481
2.271000
2.269464
2.269498
2.268654
2.269945
2.273399
2.274164
2.275760
2.276624
2.278229
2.280571
2.281185
2.282533
2.282965
2.285839
2.286854
2.286840
2.287831
2.288371
2.290722
2.290846
2.291235
2.290977
2.293121
2.291562
2.289582
2.290034
2.290298
2.289373
2.287481
2.284943
2.284499
2.284276
2.282497
2.280596
2.278180
2.274504
2.273192
2.270019
2.269937
2.269348
2.270690
2.271748
2.271941
2.273832
2.275113
2.276348
2.277997
2.279748
2.280318
2.281920
2.283615
2.285941
2.284346
2.285593
2.288150
2.288463
2.289144
2.289596
2.289448
2.291035
2.290538
2.289919
2.288334
2.289551
2.288389
2.286928
2.285528
2.283598
2.285101
2.281840
2.280974
2.277099
2.275805
2.274179
2.270664
2.268945
2.268174
2.270160
2.271487
2.272816
2.273679
2.276329
2.277315
2.278768
2.279816
2.280312
2.283578
2.283950
2.285054
2.286070
2.286998
2.288470
2.289057
2.289595
2.289422
2.291668
2.291360
2.291586
2.291019
2.290217
2.290930
2.289652
2.288410
2.287605
2.287616
2.285786
2.285531
2.279804
2.279016
2.278609
2.273213
2.272177
2.268862
2.268868
2.268955
2.271101
2.272248
2.271847
2.275128
2.275873
2.275398
2.276904
2.279274
2.279343
2.281284
2.282981
2.284688
2.284690
2.285967
2.287149
2.287602
2.288980
2.289695
2.290020
2.290537
2.289294
2.290722
2.289385
2.288694
2.287572
2.286487
2.286248
2.284839
2.283087
2.280802
2.280536
2.278353
2.277224
2.272796
2.270396
2.269872
2.269617
2.268723
2.269915
2.272909
2.274688
2.275594
2.277260
2.277837
2.280556
2.281243
2.282571
2.284250
2.285553
2.285438
2.286431
2.288301
2.288424
2.290579
2.290884
2.291550
2.292163
2.291982
2.291459
2.290726
2.289596
2.288179
2.288995
2.287400
2.286658
2.285203
2.283781
2.282518
2.280176
2.278263
2.274306
2.273223
2.269744
2.268089
2.268855
2.269738
2.271984
2.273030
2.274161
2.274929
2.277545
2.278622
2.279420
2.280546
2.280794
2.283733
2.284825
2.284865
2.285641
2.287549
2.288553
2.288895
2.289588
2.289260
2.292054
2.290211
2.289954
2.287735
2.288446
2.287977
2.287077
2.285641
2.283584
2.283701
2.281806
2.279931
2.277619
2.276123
2.273951
2.271230
2.268880
2.267597
2.270162
2.271235
2.272811
2.273836
2.275200
2.277846
2.278917
2.279754
2.280240
2.282996
2.283806
2.284938
2.286487
2.285961
2.288781
2.289271
2.289986
2.289433
2.291658
2.291623
2.291391
2.290950
2.289705
2.290925
2.289844
2.287980
2.286481
2.287017
2.285760
2.284499
2.282150
2.279364
2.278027
2.275432
2.272949
2.268672
2.268427
2.269138
2.270177
2.271339
2.271742
2.274820
2.275453
2.276683
2.277804
2.279133
2.281292
2.282208
2.283067
2.283940
2.285218
2.286269
2.287065
2.287871
2.288058
2.290242
2.289903
2.290166
2.288828
2.290047
2.289141
2.288533
2.287458
2.285595
2.286294
2.284581
2.282163
2.280563
2.280455
2.277957
2.275721
2.273587
2.270707
2.269309
2.269573
2.270004
2.271922
2.272686
2.274310
2.275355
2.275953
2.277028
2.280139
2.281312
2.281592
2.282550
2.284787
2.287288
2.285997
2.288209
2.287163
2.290911
2.290711
2.289089
2.290919
2.290861
2.291654
2.290817
2.289810
2.290007
2.287575
2.287142
2.286485
2.285215
2.283325
2.282574
2.280360
2.277945
2.274490
2.272669
2.270011
2.268019
2.268966
2.269246
2.272030
2.272710
2.275675
2.273498
2.276797
2.278350
2.279298
2.280631
2.280813
2.283926
2.285697
2.284473
2.285446
2.288378
2.288556
2.288480
2.288412
2.288861
2.290919
2.290196
2.289818
2.288871
2.288340
2.288368
2.286449
2.285767
2.283445
2.283868
2.281813
2.279890
2.277877
2.275376
2.274315
2.271284
2.268685
2.268325
2.269831
2.271081
2.272754
2.274176
2.276495
2.278913
2.278188
2.278987
2.281311
2.284040
2.280684
2.282913
2.285404
2.285852
2.288775
2.289279
2.289782
2.290313
2.291101
2.291617
2.291366
2.291319
2.289490
2.290632
2.291214
2.288231
2.286804
2.284956
2.285662
2.283825
2.282135
2.279285
2.278616
2.275392
2.272260
2.269377
2.267829
2.269678
2.269804
2.271045
2.272227
2.274436
2.275838
2.276667
2.278026
2.278687
2.281092
2.281936
2.282736
2.285234
2.284193
2.286205
2.287547
2.288089
2.288058
2.290397
2.290266
2.290028
2.289831
2.290158
2.289370
2.288474
2.288269
2.285379
2.286231
2.284391
2.283009
2.281122
2.279622
2.278755
2.276512
2.275673
2.271574
2.269866
2.268807
2.268844
2.271176
2.271548
2.272928
2.275347
2.275597
2.277780
2.280591
2.281086
2.282486
2.283625
2.284005
2.287204
2.286651
2.288126
2.288228
2.290344
2.290436
2.290776
2.291397
2.290274
2.292166
2.290642
2.289981
2.288727
2.288399
2.287488
2.286615
2.285126
2.282778
2.283149
2.280748
2.278262
2.274912
2.272756
2.270166
2.268208
2.268740
2.268938
2.271947
2.272734
2.274224
2.274877
2.278987
2.278513
2.278476
2.279715
2.279857
2.283864
2.284648
2.284302
2.285914
2.286719
2.289143
2.289105
2.289255
2.289134
2.291173
2.290688
2.289551
2.289122
2.287717
2.288948
2.287304
2.287346
2.282999
2.283208
2.281761
2.278811
2.277839
2.275538
2.274654
2.271708
2.268932
2.268381
2.269539
2.271187
2.272338
2.273884
2.274605
2.277772
2.278266
2.279710
2.280554
2.282060
2.284344
2.284786
2.286047
2.286538
2.288582
2.290864
2.289997
2.290562
2.290866
2.290432
2.291294
2.291135
2.289768
2.290891
2.289959
2.287475
2.287078
2.286007
2.286258
2.284343
2.282004
2.280012
2.278684
2.275501
2.272683
2.269807
2.267491
2.269863
2.270310
2.271880
2.272227
2.275099
2.275814
2.276679
2.278462
2.278500
2.281831
2.281592
2.283104
2.283549
2.285320
2.286853
2.287592
2.288286
2.288256
2.290698
2.290275
2.290395
2.291598
2.290557
2.288898
2.288560
2.288482
2.284940
2.285879
2.283423
2.282782
2.281778
2.279330
2.279064
2.276478
2.273698
2.270769
2.269760
2.270041
2.268600
2.270815
2.271641
2.274849
2.275579
2.277604
2.277898
2.280564
2.281418
2.282351
2.283708
2.283832
2.286703
2.287493
2.288247
2.288939
2.290441
2.290840
2.291102
2.291697
2.290493
2.292271
2.290587
2.290145
2.289240
2.288532
2.287602
2.286843
2.285600
2.283144
2.283233
2.280651
2.278380
2.275547
2.273273
2.270756
2.267655
2.268921
2.269033
2.271802
2.273092
2.274172
2.275423
2.275900
2.278746
2.279695
2.280693
2.281431
2.284174
2.286236
2.286047
2.286049
2.286531
2.288670
2.287136
2.289435
2.287677
2.289848
2.290678
2.289635
2.289138
2.287678
2.289126
2.286297
2.285521
2.284452
2.282543
2.282209
2.280043
2.278306
2.275023
2.274148
2.271163
2.269009
2.269413
2.268082
2.271200
2.272421
2.274203
2.274651
2.277381
2.279608
2.279755
2.280871
2.280914
2.284905
2.284449
2.285562
2.286168
2.287665
2.289115
2.289937
2.290035
2.289615
2.292061
2.291892
2.291153
2.290003
2.290072
2.289663
2.287998
2.287270
2.285495
2.285882
2.284049
2.282069
2.279863
2.277953
2.275311
2.272312
2.269371
2.267401
2.269932
2.270206
2.271534
2.272281
2.273839
2.276693
2.276326
2.278721
2.279752
2.281102
2.282224
2.282721
2.283026
2.283763
2.285313
2.286579
2.289564
2.287875
2.289954
2.288964
2.290127
2.289872
2.288899
2.289749
2.288500
2.287908
2.285823
2.285998
2.284680
2.283269
2.281818
2.279077
2.278869
2.276235
2.273628
2.270530
2.269065
2.270309
2.268958
2.270548
2.271846
2.275349
2.275828
2.276899
2.278078
2.279792
2.281533
2.282831
2.283574
2.283760
2.286887
2.287236
2.288004
2.288899
2.289106
2.291236
2.291018
2.291415
2.290577
2.291653
2.291028
2.290193
2.289972
2.288126
2.288191
2.285030
2.284881
2.282903
2.282524
2.280402
2.277982
2.274731
2.271333
2.270066
2.270027
2.269952
2.268014
2.271394
2.273387
2.272146
2.275228
2.275800
2.278839
2.279680
2.280484
2.281308
2.282995
2.285399
2.284587
2.286024
2.286098
2.288577
2.288601
2.289413
2.289233
2.289991
2.290684
2.289866
2.289132
2.287614
2.288191
2.287032
2.285789
2.284605
2.282599
2.282090
2.279803
2.277945
2.275066
2.274851
2.272065
2.268981
2.268106
2.267420
2.271817
2.272657
2.273656
2.274719
2.277325
2.278694
2.279608
2.280906
2.281287
2.284259
2.284622
2.285884
2.286487
2.288160
2.289483
2.290028
2.290458
2.290025
2.292126
2.291593
2.291363
2.289949
2.289611
2.289966
2.288442
2.287229
2.287920
2.286415
2.282057
2.282047
2.279487
2.276379
2.275578
2.272435
2.269340
2.267473
2.269823
2.270129
2.271329
2.272766
2.273358
2.276337
2.277150
2.279543
2.278558
2.280856
2.281330
2.283000
2.284939
2.284287
2.287909
2.288053
2.287029
2.288358
2.289569
2.289594
2.290602
2.290411
2.288952
2.289959
2.288699
2.287590
2.286079
2.285776
2.285196
2.284223
2.281014
2.278798
2.278818
2.276035
2.273681
2.270879
2.268645
2.269478
2.269270
2.270674
2.271683
2.274820
2.275386
2.276657
2.278246
2.278793
2.281716
2.282109
2.283557
2.283518
2.286475
2.287061
2.287856
2.289209
2.289885
2.291365
2.290868
2.289931
2.290573
2.292413
2.292666
2.290307
2.289522
2.288312
2.287425
2.285045
2.285004
2.280074
2.281680
2.280336
2.278363
2.274857
2.271156
2.270248
2.268043
2.269245
2.270114
2.272100
2.274110
2.273481
2.274390
2.274489
2.278426
2.279387
2.280821
2.281888
2.282570
2.285844
2.284794
2.286375
2.286462
2.288839
2.289485
2.289490
2.289740
2.289525
2.291015
2.289738
2.289312
2.287967
2.288992
2.287937
2.285661
2.284205
2.280822
2.282596
2.279938
2.278401
2.275611
2.273764
2.271472
2.268972
2.268614
2.268423
2.271628
2.272632
2.273861
2.274869
2.277393
2.278844
2.279841
2.280918
2.281394
2.284312
2.285329
2.285942
2.287851
2.288038
2.289944
2.289508
2.290105
2.289673
2.291718
2.291240
2.291119
2.290476
2.289310
2.290544
2.287785
2.286894
2.285842
2.285555
2.283716
2.282066
2.280156
2.277247
2.275633
2.272833
2.270104
2.267685
2.268732
2.269574
2.271258
2.272614
2.272899
2.275862
2.276777
2.277444
2.278773
2.280167
2.282003
2.282515
2.284231
2.284441
2.286916
2.287233
2.287941
2.288789
2.289123
2.290290
2.289914
2.289974
2.288712
2.289874
2.288142
2.287844
2.286021
2.284638
2.284896
2.283115
2.281694
2.279519
2.278616
2.276356
2.273427
2.271125
2.267956
2.269346
2.269223
2.270677
2.271649
2.274181
2.275888
2.276958
2.278386
2.279530
2.281603
2.282303
2.282690
2.283556
2.285830
2.287455
2.287924
2.288986
2.288656
2.290842
2.291561
2.290328
2.290906
2.290800
2.290999
2.289941
2.289643
2.286679
2.287671
2.286512
2.285340
2.283619
2.281642
2.280628
2.277715
2.275171
2.271448
2.270483
2.268168
2.268805
2.269760
2.270344
2.273452
2.274063
2.275225
2.276292
2.279314
2.278841
2.280290
2.281668
2.282029
2.285407
2.285208
2.286095
2.286667
2.288389
2.289509
2.289882
2.289466
2.288369
2.290551
2.289826
2.289158
2.287872
2.288651
2.285934
2.285612
2.284542
2.282146
2.282499
2.280441
2.277828
2.276598
2.275589
2.272508
2.268980
2.267613
2.269846
2.270879
2.270787
2.274271
2.274982
2.275088
2.279424
2.280005
2.281926
2.281745
2.282635
2.283894
2.284774
2.286881
2.287229
2.289831
2.289972
2.290963
2.290568
2.291775
2.291851
2.291123
2.290815
2.289030
2.291101
2.287598
2.288516
2.287194
2.285522
2.283222
2.282166
2.280715
2.277278
2.276139
2.272429
2.269843
2.268083
2.268862
2.270316
2.271291
2.272986
2.273143
2.276599
2.277243
2.278213
2.279229
2.280017
2.282458
2.283107
2.285833
2.283054
2.286708
2.287425
2.288469
2.289148
2.288623
2.290934
2.290719
2.290267
2.289354
2.289734
2.288857
2.287941
2.286205
2.284605
2.285324
2.283226
2.281713
2.279086
2.278542
2.276750
2.273798
2.272794
2.268226
2.269903
2.269260
2.270781
2.270242
2.273176
2.275766
2.277297
2.278388
2.278805
2.281927
2.282403
2.283381
2.284731
2.286241
2.287338
2.287927
2.289165
2.288868
2.291102
2.291225
2.291514
2.291456
2.290422
2.291262
2.290183
2.290975
2.286721
2.287709
2.286982
2.285293
2.283728
2.281901
2.281471
2.278340
2.275285
2.271759
2.270108
2.268770
2.269048
2.270049
2.270940
2.273660
2.274430
2.275784
2.276487
2.278150
2.280611
2.281508
2.281516
2.281194
2.285010
2.284895
2.286099
2.287548
2.287831
2.289384
2.289515
2.289906
2.290421
2.289865
2.290001
2.289058
2.288833
2.287237
2.287374
2.285833
2.284485
2.283539
2.283596
2.279040
2.278011
2.275762
2.271572
2.271208
2.268932
2.270431
2.267724
2.271370
2.272853
2.274106
2.275387
2.276272
2.279326
2.280032
2.281030
2.282229
2.283677
2.285253
2.286349
2.287099
2.287153
2.290125
2.289709
2.292005
2.291189
2.291121
2.292042
2.289584
2.290704
2.289265
2.290726
2.287635
2.287104
2.286478
2.284977
2.284628
2.282298
2.280134
2.277212
2.276222
2.272504
2.269885
2.268196
2.268244
2.270696
2.271836
2.272891
2.273499
2.275957
2.278610
2.278230
2.278251
2.279874
2.281665
2.282923
2.284430
2.284420
2.286379
2.287654
2.288303
2.288456
2.288691
2.290723
2.292203
2.290815
2.289683
2.289699
2.288687
2.285598
2.286125
2.284580
2.285798
2.283129
2.280219
2.279337
2.277759
2.276578
2.273914
2.270992
2.268033
2.270124
2.268617
2.270558
2.272124
2.272806
2.276021
2.277551
2.278628
2.278945
2.281535
2.282726
2.283076
2.284756
2.285046
2.287616
2.287931
2.288769
2.289264
2.290795
2.290922
2.291139
2.291243
2.290211
2.291675
2.290207
2.289916
2.287879
2.286890
2.287142
2.285515
2.283704
2.281452
2.281054
2.278706
2.275249
2.272139
2.269678
2.270117
2.269391
2.269233
2.270222
2.273603
2.274358
2.275408
2.276917
2.277355
2.280134
2.280955
2.281830
2.282522
2.286217
2.286245
2.286217
2.287481
2.286935
2.289564
2.286064
2.289406
2.289448
2.291015
2.289932
2.289150
2.288365
2.286813
2.287114
2.285520
2.284705
2.281901
2.282022
2.280613
2.278329
2.276220
2.273057
2.271927
2.269111
2.269440
2.268852
2.270913
2.272999
2.274222
2.275822
2.276303
2.279408
2.279932
2.282898
2.282268
2.283438
2.284252
2.286178
2.287025
2.287495
2.289842
2.290050
2.290571
2.290738
2.290803
2.292506
2.291561
2.290885
2.289521
2.290043
2.288487
2.287275
2.286924
2.284586
2.284594
2.282474
2.280382
2.277700
2.275606
2.272957
2.269437
2.268370
2.268136
2.271008
2.271504
2.272803
2.273589
2.275541
2.277151
2.279133
2.281049
2.279531
2.281816
2.283090
2.283731
2.283536
2.285680
2.287806
2.288085
2.288830
2.291090
2.290277
2.289924
2.289073
2.289267
2.288348
2.289211
2.288042
2.286530
2.285088
2.284850
2.283362
2.281719
2.279881
2.277396
2.276447
2.274089
2.270916
2.268311
2.269711
2.269057
2.270678
2.272503
2.273149
2.276242
2.276921
2.278429
2.279149
2.281002
2.282730
2.284839
2.284720
2.284607
2.287973
2.287784
2.288308
2.289026
2.289719
2.291302
2.291263
2.291275
2.290173
2.291061
2.290031
2.289922
2.287641
2.285925
2.288135
2.285305
2.282919
2.280593
2.280753
2.278245
2.275555
2.271961
2.270012
2.270275
2.268293
2.269876
2.270070
2.272040
2.273847
2.275464
2.276896
2.277021
2.280541
2.280876
2.281763
2.282404
2.285975
2.284400
2.286138
2.287210
2.287288
2.289696
2.289609
2.289917
2.289889
2.290280
2.290071
2.289288
2.288487
2.287420
2.287095
2.285474
2.284238
2.282790
2.281311
2.280376
2.278519
2.276065
2.272701
2.271534
2.269228
2.270079
2.269377
2.270043
2.272003
2.274113
2.275904
2.276561
2.279571
2.280048
2.280824
2.282560
2.282391
2.285495
2.286180
2.287385
2.287423
2.289550
2.289925
2.290526
2.291205
2.290633
2.292533
2.291108
2.290465
2.289340
2.289488
2.288592
2.288510
2.287672
2.284063
2.284555
2.282310
2.278813
2.275088
2.274122
2.273784
2.268535
2.267827
2.268103
2.270429
2.271564
2.272705
2.274361
2.275973
2.276099
2.278418
2.279506
2.281480
2.282688
2.283087
2.282994
2.285102
2.285470
2.288194
2.288001
2.288831
2.288369
2.289801
2.290505
2.289888
2.289651
2.287858
2.288997
2.287632
2.286234
2.284725
2.284627
2.283164
2.281304
2.279985
2.277123
2.276808
2.273667
2.271020
2.268432
2.268555
2.269980
2.270885
2.272205
2.273019
2.276334
2.277093
2.278249
2.279838
2.280419
2.282930
2.283595
2.284617
2.285134
2.287610
2.287958
2.289664
2.288910
2.289888
2.293117
2.291197
2.290260
2.290943
2.292923
2.290703
2.289729
2.288329
2.285740
2.285938
2.284849
2.282432
2.281383
2.280356
2.278017
2.274939
2.272253
2.268524
2.269294
2.269185
2.269720
2.271022
2.272542
2.274522
2.275357
2.276514
2.277095
2.280318
2.280680
2.282026
2.282436
2.284342
2.285577
2.286246
2.288229
2.287667
2.288229
2.289534
2.289314
2.289549
2.289448
2.290494
2.289275
2.288437
2.286652
2.287167
2.286307
2.284887
2.283110
2.279599
2.280082
2.278023
2.275978
2.273219
2.271499
2.268951
2.268673
2.269252
2.269862
2.273110
2.274365
2.275215
2.276679
2.278428
2.280060
2.281423
2.282065
2.282398
2.285644
2.286242
2.288305
2.289434
2.287968
2.289978
2.290233
2.289457
2.289438
2.292168
2.291009
2.290484
2.289885
2.289795
2.288100
2.286981
2.286643
2.284340
2.284291
2.282121
2.280115
2.277515
2.274064
2.273104
2.269318
2.268808
2.268716
2.270344
2.270365
2.271933
2.274082
2.274450
2.277349
2.278261
2.279263
2.279696
2.281820
2.283462
2.284206
2.285173
2.285280
2.288061
2.288384
2.288884
2.289460
2.290093
2.290969
2.290263
2.289609
2.288034
2.289203
2.287928
2.286563
2.285594
2.284775
2.282918
2.281956
2.279989
2.277349
2.276777
2.273672
2.271159
2.269117
2.268263
2.270374
2.271175
2.272633
2.273616
2.277622
2.278167
2.278131
2.279750
2.279890
2.284046
2.283462
2.284248
2.285141
2.287033
2.288284
2.288710
2.289666
2.289265
2.291359
2.291336
2.291325
2.290394
2.290566
2.290165
2.288974
2.288080
2.286086
2.286924
2.285119
2.283396
2.281854
2.279819
2.278497
2.274890
2.272059
2.268679
2.268841
2.268807
2.269900
2.270906
2.271966
2.274397
2.275584
2.276562
2.277097
2.279549
2.280467
2.282631
2.282297
2.283444
2.285100
2.286121
2.286897
2.287238
2.289209
2.290306
2.290594
2.290098
2.288636
2.290877
2.288828
2.288547
2.287192
2.286703
2.285750
2.284659
2.282934
2.280803
2.280884
2.278599
2.275987
2.273344
2.271416
2.269653
2.268683
2.268544
2.269999
2.273473
2.274397
2.275779
2.276766
2.277924
2.280535
2.281204
2.282555
2.282746
2.285488
2.286317
2.287040
2.288258
2.288244
2.290658
2.290305
2.291133
2.290434
2.291661
2.291064
2.290228
2.290422
2.287851
2.288595
2.287115
2.286023
2.284833
2.283396
2.281850
2.279379
2.277327
2.274163
2.272772
2.269204
2.267959
2.268182
2.269723
2.271464
2.272635
2.273799
2.274613
2.277295
2.278171
2.279317
2.280190
2.281053
2.283515
2.284740
2.284945
2.285309
2.287911
2.288181
2.289023
2.289211
2.289321
2.290581
2.289987
2.289961
2.287701
2.289081
2.287748
2.289286
2.285437
2.283016
2.283288
2.281169
2.277578
2.276389
2.276121
2.271776
2.271425
2.267739
2.268399
2.269190
2.270636
2.271960
2.272206
2.275403
2.277526
2.278019
2.279821
2.280167
2.282692
2.283541
2.284448
2.286662
2.286257
2.288283
2.288885
2.289574
2.289528
2.291369
2.291077
2.291166
2.290659
2.289687
2.290268
2.290279
2.286853
2.285776
2.287056
2.285001
2.283207
2.281904
2.279301
2.278162
2.274753
2.271711
2.268406
2.268227
2.268794
2.269410
2.271080
2.271759
2.274591
2.275297
2.276601
2.277253
2.279278
2.280388
2.283036
2.282813
2.282972
2.284444
2.285881
2.287162
2.287291
2.288471
2.289673
2.289644
2.290289
2.289066
2.290199
2.289008
2.288144
2.287347
2.285816
2.286020
2.285548
2.284364
2.280689
2.280391
2.277224
2.276409
2.272218
2.269180
2.268001
2.268178
2.269437
2.269986
2.272961
2.274203
2.275727
2.276859
2.277365
2.280412
2.281175
2.281979
2.282332
2.284807
2.286130
2.286971
2.287522
2.287689
2.290400
2.290661
2.291137
2.292113
2.291325
2.291678
2.289521
2.289913
2.288852
2.288642
2.287451
2.286482
2.284860
2.283684
2.282614
2.280219
2.277887
2.274264
2.272855
2.269378
2.268102
2.268681
2.269324
2.272469
2.272579
2.274231
2.274640
2.277482
2.278266
2.279451
2.280664
2.280895
2.283878
2.284113
2.285342
2.285500
2.287412
2.288374
2.288912
2.289456
2.288919
2.291635
2.291263
2.290079
2.288278
2.288352
2.288083
2.285180
2.282551
2.282826
2.285252
2.281511
2.278949
2.276839
2.275668
2.274096
2.270933
2.268838
2.268119
2.269970
2.271166
2.272479
2.273721
2.275075
2.278292
2.278411
2.279823
2.280710
2.282658
2.283713
2.285184
2.286128
2.286140
2.288957
2.289237
2.290076
2.289856
2.291566
2.291541
2.291413
2.291228
2.289554
2.290628
2.289628
2.287962
2.286700
2.287078
2.285562
2.283626
2.281693
2.279167
2.278640
2.276434
2.273152
2.268692
2.267491
2.268691
2.271112
2.271150
2.270880
2.274250
2.275854
2.276740
2.278079
2.279290
2.281204
2.281862
2.282753
2.285037
2.287086
2.285675
2.287608
2.287877
2.286516
2.290025
2.290236
2.290313
2.289659
2.290207
2.289360
2.287875
2.287737
2.285441
2.286195
2.284756
2.282172
2.281047
2.280127
2.278238
2.276096
2.273418
2.270168
2.269483
2.268769
2.269685
2.270429
2.272614
2.274435
2.275657
2.277078
2.277338
2.280675
2.281483
2.282857
2.284533
2.284714
2.286265
2.285668
2.287819
2.288165
2.290758
2.290563
2.290606
2.291055
2.290741
2.291704
2.290376
2.290180
2.288340
2.288458
2.287176
2.286335
2.285169
2.282938
2.282911
2.279891
2.277875
2.274697
2.272938
2.269517
2.268592
2.268885
2.268956
2.272324
2.272962
2.274272
2.275099
2.277111
2.280031
2.280105
2.279943
2.280768
2.281852
2.285739
2.284581
2.285008
2.286663
2.288497
2.288917
2.290092
2.289204
2.292284
2.290263
2.289372
2.287875
2.288089
2.288910
2.285978
2.285453
2.283284
2.283767
2.281683
2.279693
2.278109
2.275524
2.274204
2.271152
2.269174
2.269029
2.269265
2.270730
2.272988
2.274404
2.274835
2.278225
2.278632
2.280236
2.280836
2.283142
2.283952
2.285097
2.286769
2.285682
2.288662
2.289368
2.290036
2.289918
2.291004
2.291679
2.291474
2.291324
2.289858
2.290743
2.290725
2.287329
2.286905
2.286150
2.285786
2.285101
2.281506
2.278762
2.278495
2.275170
2.273211
2.271141
2.267747
2.269598
2.270138
2.269592
2.272274
2.273966
2.275369
2.275650
2.279506
2.278698
2.281032
2.283416
2.282393
2.284555
2.282242
2.285892
2.287152
2.288241
2.288077
2.290414
2.290074
2.290242
2.289727
2.289977
2.289274
2.288435
2.287958
2.285119
2.286202
2.284694
2.282975
2.281155
2.279472
2.278679
2.276148
2.273886
2.269951
2.269728
2.269521
2.271044
2.271181
2.271767
2.274212
2.274604
2.276815
2.277891
2.280373
2.281340
2.282615
2.283755
2.284144
2.287382
2.287042
2.287852
2.288262
2.290653
2.290555
2.291209
2.291447
2.290565
2.291879
2.290649
2.290027
2.289496
2.287464
2.288346
2.287741
2.284838
2.283450
2.283013
2.278033
2.279098
2.272601
2.272754
2.266965
2.267985
2.267120
2.268512
2.271806
2.272961
2.274119
2.275279
2.276301
2.278582
2.279332
2.280460
2.282379
2.284387
2.284698
2.284059
2.285684
2.286791
2.288956
2.288892
2.289445
2.288950
2.290866
2.290462
2.289796
2.289057
2.287377
2.288133
2.286388
2.285388
2.283700
2.283161
2.281791
2.279677
2.277696
2.275182
2.274066
2.271165
2.269007
2.268073
2.269964
2.271200
2.272721
2.274005
2.275261
2.277998
2.278773
2.280595
2.282235
2.282700
2.284247
2.285724
2.284318
2.285959
2.288727
2.289338
2.289047
2.290884
2.291796
2.291963
2.291840
2.291099
2.290380
2.290627
2.289686
2.287723
2.287329
2.284242
2.285930
2.283992
2.282178
2.279683
2.278310
2.275565
2.272378
2.269703
2.267404
2.270375
2.269636
2.271580
2.272391
2.274187
2.275926
2.276826
2.278056
2.278267
2.281554
2.281854
2.282839
2.284824
2.284549
2.286516
2.287486
2.288302
2.288113
2.290441
2.289945
2.290401
2.289988
2.289089
2.289844
2.288768
2.287529
2.285836
2.286065
2.284393
2.283922
2.281604
2.278879
2.277286
2.275570
2.273569
2.271774
2.268124
2.269304
2.269085
2.270966
2.271523
2.275225
2.275754
2.277269
2.278113
2.280170
2.281492
2.282412
2.283773
2.284309
2.287885
2.288924
2.287022
2.288845
2.290134
2.288974
2.290860
2.291144
2.290618
2.292204
2.290745
2.290067
2.290127
2.286802
2.287300
2.286569
2.285297
2.282979
2.282703
2.280450
2.277886
2.274891
2.271704
2.269911
2.268397
2.269340
2.270290
2.272352
2.273041
2.272915
2.276796
2.276383
2.278503
2.280278
2.280045
2.280747
2.283527
2.285271
2.284776
2.286309
2.286488
2.288969
2.289166
2.289963
2.289820
2.290516
2.290869
2.290043
2.289372
2.287640
2.288589
2.286961
2.285507
2.284532
2.282724
2.282243
2.280074
2.278332
2.275072
2.274376
2.271219
2.268674
2.269170
2.268584
2.271836
2.272729
2.274470
2.274865
2.277589
2.279253
2.281517
2.280909
2.281629
2.284465
2.285179
2.286085
2.286199
2.288182
2.289367
2.289957
2.290604
2.290180
2.292116
2.291428
2.291211
2.290310
2.290360
2.290323
2.288006
2.287315
2.285541
2.286285
2.283942
2.282130
2.279710
2.277658
2.275247
2.271972
2.269161
2.267589
2.269833
2.270080
2.271439
2.272796
2.274214
2.276192
2.277125
2.278311
2.278498
2.281016
2.281851
2.283139
2.284084
2.285136
2.286850
2.286659
2.288400
2.288274
2.290296
2.290386
2.291020
2.290465
2.288823
2.289617
2.288186
2.288178
2.284933
2.285424
2.284780
2.282768
2.281502
2.278782
2.278774
2.276096
2.273592
2.270507
2.268975
2.269931
2.269053
2.270983
2.271979
2.275198
2.276111
2.277083
2.278277
2.279875
2.281817
2.282647
2.283705
2.284361
2.286836
2.287566
2.288246
2.288864
2.289417
2.291309
2.291055
2.291304
2.290717
2.291914
2.290978
2.290924
2.289604
2.286288
2.287449
2.286538
2.285189
2.283266
2.283030
2.280189
2.277371
2.274080
2.271044
2.269809
2.268346
2.269045
2.268907
2.271348
2.273300
2.273843
2.275229
2.276029
2.278644
2.279802
2.280537
2.281436
2.283033
2.285250
2.285027
2.286350
2.286543
2.288883
2.289111
2.289385
2.289787
2.289527
2.290767
2.289796
2.289528
2.287874
2.288665
2.287728
2.287320
2.284467
2.282171
2.281852
2.278928
2.276027
2.274849
2.274030
2.270443
2.269202
2.268894
2.268996
2.272033
2.273752
2.272679
2.273045
2.275873
2.278891
2.280059
2.281337
2.283402
2.284979
2.284194
2.285681
2.286512
2.287674
2.289196
2.289925
2.290417
2.289866
2.291905
2.291499
2.290968
2.290065
2.289371
2.290695
2.287564
2.287152
2.285246
2.285596
2.283818
2.282288
2.279986
2.277492
2.274902
2.271983
2.269216
2.267463
2.270213
2.269731
2.271413
2.272753
2.273733
2.276668
2.277089
2.278309
2.278574
2.280920
2.282046
2.283136
2.286399
2.284014
2.286403
2.287332
2.288142
2.288408
2.289591
2.290578
2.290657
2.290232
2.288849
2.289952
2.288984
2.287831
2.286437
2.287533
2.285753
2.282566
2.281545
2.278892
2.278596
2.275904
2.271402
2.269261
2.268319
2.270375
2.269535
2.270921
2.272234
2.275029
2.276288
2.277762
2.279029
2.279439
2.282096
2.282684
2.283888
2.284387
2.286944
2.287309
2.288390
2.289422
2.288582
2.291623
2.291800
2.291468
2.290740
2.292919
2.291105
2.290080
2.288573
2.286536
2.288122
2.286289
2.285370
2.283504
2.282273
2.280796
2.278194
2.275139
2.271238
2.270191
2.268547
2.269309
2.270228
2.271512
2.273815
2.274554
2.275655
2.275957
2.278935
2.280103
2.281546
2.282026
2.282805
2.285355
2.285681
2.286649
2.286856
2.288944
2.289237
2.289339
2.291167
2.291042
2.290253
2.289205
2.289547
2.286067
2.287638
2.286546
2.285524
2.285407
2.282408
2.280638
2.280785
2.277719
2.274681
2.272397
2.270949
2.268760
2.269810
2.268040
2.271765
2.272535
2.274275
2.275526
2.277150
2.278640
2.280020
2.280608
2.281656
2.284167
2.284882
2.285875
2.286837
2.287351
2.289374
2.289866
2.289950
2.290022
2.291624
2.291271
2.291000
2.290297
2.288915
2.289723
2.288071
2.286853
2.285587
2.285330
2.283407
2.281597
2.279954
2.276477
2.275555
2.271903
2.269158
2.267833
2.269135
2.270268
2.271460
2.274290
2.273410
2.275009
2.276686
2.278184
2.278985
2.280427
2.282673
2.282776
2.285007
2.284393
2.288595
2.288082
2.288125
2.289310
2.288715
2.287890
2.289864
2.290108
2.288424
2.289408
2.288576
2.287802
2.285870
2.284198
2.284940
2.282398
2.281603
2.278819
2.278407
2.275907
2.273242
2.270521
2.267918
2.269658
2.269006
2.270955
2.271969
2.274856
2.275972
2.277068
2.278554
2.279105
2.282039
2.282562
2.283767
2.284973
2.286848
2.287415
2.287214
2.288525
2.288637
2.291202
2.290906
2.291200
2.290904
2.290466
2.290892
2.289786
2.289462
2.287251
2.287602
2.286247
2.284850
2.283276
2.281162
2.280412
2.277475
2.274677
2.270931
2.269769
2.268155
2.268683
2.269783
2.270463
2.273288
2.273986
2.275445
2.277015
2.280439
2.279443
2.280409
2.282305
2.282194
2.285615
2.282103
2.285646
2.287874
2.287006
2.289022
2.289826
2.289807
2.289276
2.290979
2.290689
2.288975
2.287074
2.287559
2.286234
2.285613
2.284285
2.282363
2.281952
2.279786
2.277777
2.275693
2.272971
2.271481
2.268850
2.269328
2.268063
2.271327
2.272984
2.274294
2.275792
2.276372
2.279292
2.280115
2.281309
2.281880
2.284463
2.285072
2.286319
2.286903
2.287109
2.289838
2.289551
2.290208
2.290205
2.291499
2.291712
2.290828
2.290319
2.288894
2.290857
2.287158
2.286528
2.285721
2.285225
2.283952
2.281856
2.281098
2.275915
2.274936
2.271693
2.268913
2.268965
2.269750
2.271034
2.271248
2.272885
2.273366
2.276387
2.276017
2.276213
2.278675
2.279673
2.282667
2.283261
2.285905
2.283136
2.286296
2.287324
2.287919
2.288674
2.288470
2.290495
2.290349
2.290187
2.288999
2.289403
2.288444
2.287354
2.286359
2.284177
2.285100
2.282815
2.281259
2.279001
2.278107
2.276515
2.273384
2.270495
2.267793
2.269837
2.269270
2.270855
2.273531
2.274066
2.276309
2.276213
2.278432
2.278863
2.281585
2.282771
2.283674
2.284514
2.285465
2.287555
2.288206
2.289327
2.289304
2.291248
2.291387
2.292723
2.291022
2.289848
2.291036
2.288938
2.289628
2.286461
2.287490
2.286236
2.284932
2.285315
2.281607
2.279564
2.277577
2.274541
2.269646
2.268971
2.268445
2.269540
2.269721
2.270595
2.273587
2.274661
2.275692
2.276804
2.278323
2.280145
2.281227
2.281796
2.282343
2.286608
2.285528
2.286267
2.286119
2.287911
2.289619
2.289442
2.290009
2.289440
2.290658
2.289735
2.289004
2.288224
2.286850
2.287149
2.285437
2.284236
2.282105
2.281581
2.279794
2.277839
2.275653
2.272198
2.271605
2.268845
2.269909
2.268682
2.270791
2.273042
2.274181
2.275798
2.276315
2.279433
2.280011
2.281080
2.281895
2.283931
2.285117
2.286050
2.287351
2.287061
2.290486
2.289641
2.290437
2.290812
2.291676
2.293612
2.290372
2.290700
2.289323
2.289869
2.285132
2.286259
2.286915
2.283721
2.284309
2.282183
2.279482
2.276971
2.275218
2.272221
2.269540
2.268106
2.268151
2.270821
2.271384
2.274036
2.272919
2.275631
2.276966
2.278439
2.279770
2.279904
2.282869
2.282907
2.284724
2.284555
2.286500
2.287418
2.288072
2.288638
2.288609
2.290558
2.289848
2.290086
2.288957
2.288681
2.288315
2.287371
2.286057
2.284135
2.284635
2.282604
2.281021
2.279421
2.278683
2.275802
2.271832
2.270151
2.267716
2.269619
2.269526
2.270892
2.272423
2.273368
2.276497
2.277832
2.278820
2.279464
2.281860
2.282650
2.284035
2.284868
2.285341
2.288293
2.290286
2.289839
2.289872
2.290896
2.291071
2.289807
2.290742
2.290331
2.289659
2.289426
2.290297
2.286637
2.286937
2.286679
2.285233
2.283877
2.280812
2.280859
2.277655
2.275925
2.272536
2.269543
2.269917
2.266096
2.269415
2.270392
2.274136
2.275407
2.275469
2.276277
2.276692
2.279996
2.281008
2.282021
2.282450
2.286043
2.284720
2.286319
2.287259
2.287571
2.290047
2.289657
2.290217
2.289660
2.290501
2.289667
2.288983
2.289858
2.286886
2.286015
2.286217
2.284347
2.280864
2.281327
2.280197
2.277916
2.275570
2.272141
2.271463
2.269242
2.269452
2.268988
2.270859
2.273223
2.274143
2.275966
2.277148
2.280323
2.280615
2.281634
2.283108
2.282681
2.283887
2.284738
2.287697
2.287479
2.288512
2.289954
2.290511
2.290723
2.290310
2.292331
2.291012
2.290317
2.289082
2.289603
2.288252
2.287119
2.286404
2.283917
2.283981
2.281680
2.279857
2.277103
2.274942
2.272092
2.269036
2.268091
2.268259
2.270716
2.271687
2.272890
2.273890
2.275215
2.277129
2.278286
2.279683
2.279720
2.282594
2.283178
2.284771
2.284903
2.285840
2.287642
2.289764
2.287545
2.288452
2.290399
2.290240
2.289858
2.289715
2.288971
2.288932
2.286550
2.285922
2.284712
2.284523
2.283011
2.281139
2.279937
2.276883
2.276381
2.273300
2.270585
2.267936
2.270981
2.269832
2.270716
2.272889
2.272846
2.276394
2.277372
2.278616
2.279907
2.281259
2.282770
2.283850
2.284896
2.285578
2.287610
2.288551
2.289264
2.289780
2.290176
2.291660
2.291233
2.290976
2.290083
2.291064
2.290097
2.289808
2.287263
2.285752
2.286606
2.284810
2.283248
2.281114
2.281383
2.278059
2.274498
2.270682
2.267892
2.268763
2.269360
2.269866
2.270501
2.273329
2.274202
2.275534
2.277016
2.277042
2.280424
2.280815
2.282021
2.282343
2.284783
2.285346
2.286214
2.287256
2.287040
2.289610
2.289343
2.289948
2.289611
2.290053
2.290151
2.288921
2.288170
2.286698
2.287359
2.285818
2.284353
2.282462
2.280579
2.279934
2.277874
2.275743
2.272474
2.271226
2.268746
2.269266
2.269277
2.270245
2.273220
2.274821
2.276058
2.276542
2.278888
2.279676
2.281407
2.282385
2.282837
2.285482
2.286306
2.287099
2.287561
2.289352
2.290064
2.290558
2.290864
2.290403
2.292299
2.291046
2.290632
2.289347
2.289485
2.289100
2.286050
2.285793
2.284913
2.283403
2.282116
2.279625
2.277425
2.273998
2.272400
2.269076
2.268381
2.269031
2.269915
2.271547
2.272603
2.274295
2.274862
2.277738
2.278123
2.279323
2.279556
2.282475
2.283409
2.285056
2.285119
2.286301
2.288214
2.288789
2.288126
2.288961
2.290812
2.292975
2.290454
2.289286
2.288055
2.288926
2.285480
2.285640
2.284662
2.283514
2.282506
2.279918
2.279660
2.276419
2.274886
2.273184
2.270550
2.268418
2.269365
2.269489
2.270666
2.272378
2.273357
2.276598
2.277325
2.278885
2.279400
2.280621
2.283029
2.283663
2.285045
2.285070
2.287785
2.287772
2.289270
2.289122
2.289681
2.291853
2.291144
2.291030
2.290232
2.290363
2.291178
2.289407
2.287483
2.285891
2.285809
2.284422
2.283191
2.281300
2.280127
2.278062
2.274725
2.271832
2.267772
2.268801
2.270111
2.269197
2.270930
2.272759
2.274648
2.275957
2.276779
2.277348
2.280267
2.280862
2.282098
2.282799
2.284559
2.285318
2.286283
2.287296
2.287449
2.289651
2.289913
2.291676
2.290425
2.287932
2.290152
2.288610
2.286671
2.286101
2.286817
2.285410
2.284043
2.282997
2.280234
2.280370
2.277790
2.276827
2.272494
2.270651
2.267408
2.268356
2.269256
2.270162
2.273594
2.274224
2.275927
2.277032
2.278644
2.280412
2.281689
2.282457
2.283698
2.286644
2.284774
2.287073
2.287768
2.288736
2.290475
2.290537
2.290640
2.290648
2.291844
2.291051
2.290350
2.289820
2.288855
2.288209
2.287059
2.286256
2.284383
2.284294
2.281972
2.279736
2.277605
2.273433
2.272766
2.268987
2.268146
2.268530
2.270686
2.271622
2.273126
2.274671
2.276126
2.278428
2.277591
2.279112
2.280508
2.282141
2.283180
2.284540
2.286153
2.287569
2.288395
2.288505
2.289500
2.288292
2.287795
2.289831
2.289008
2.289289
2.288194
2.289165
2.288113
2.286260
2.284911
2.284009
2.282936
2.281852
2.279727
2.277054
2.276334
2.273212
2.270699
2.268811
2.269127
2.269880
2.270872
2.272701
2.273939
2.276335
2.277495
2.278523
2.279864
2.280374
2.283332
2.283602
2.285033
2.285865
2.287592
2.289950
2.289425
2.289940
2.288535
2.291620
2.291629
2.291992
2.290909
2.290662
2.290490
2.289319
2.288113
2.286071
2.286957
2.285432
2.285023
2.281243
2.279098
2.277633
2.273808
2.271486
2.267956
2.268752
2.269582
2.269900
2.271284
2.272123
2.274853
2.275588
2.277028
2.279443
2.280037
2.281893
2.282492
2.282774
2.282399
2.285982
2.284715
2.287034
2.287383
2.289931
2.290630
2.289200
2.290014
2.289258
2.290210
2.289200
2.289688
2.287429
2.285967
2.284485
2.283883
2.282986
2.280736
2.280114
2.277977
2.275585
2.272615
2.270306
2.268919
2.269499
2.269394
2.270206
2.273197
2.274232
2.275689
2.276934
2.277907
2.280560
2.281258
2.282560
2.282814
2.285392
2.286424
2.286706
2.288017
2.288287
2.290341
2.290222
2.290785
2.290431
2.291531
2.290863
2.290072
2.289546
2.288965
2.288066
2.286556
2.286186
2.284445
2.283366
2.282321
2.279688
2.277318
2.274852
2.271535
2.268178
2.269136
2.270401
2.269357
2.271729
2.273212
2.274312
2.272791
2.277570
2.277956
2.279869
2.280148
2.281400
2.283924
2.285838
2.284822
2.285118
2.288251
2.288390
2.289039
2.289537
2.288954
2.291171
2.290459
2.289803
2.288700
2.288634
2.287799
2.286232
2.285287
2.283136
2.283565
2.281551
2.279097
2.276788
2.276180
2.273644
2.270669
2.268693
2.268087
2.270702
2.271273
2.272732
2.273901
2.277210
2.278308
2.278884
2.279185
2.280459
2.283255
2.283773
2.285321
2.286066
2.286842
2.288558
2.289159
2.289805
2.289805
2.291488
2.291267
2.291461
2.291105
2.289630
2.290490
2.289350
2.287878
2.286150
2.287949
2.286798
2.282994
2.281470
2.279330
2.277668
2.273971
2.271591
2.268369
2.268733
2.269660
2.270114
2.271656
2.272162
2.275546
2.276085
2.277138
2.277697
2.279785
2.281242
2.282396
2.283299
2.284206
2.285884
2.287493
2.288398
2.288100
2.289310
2.289828
2.289568
2.290251
2.288121
2.290482
2.289227
2.288573
2.288047
2.285205
2.286175
2.284007
2.282822
2.280158
2.280092
2.278007
2.276380
2.273872
2.269685
2.269182
2.269228
2.268299
2.270155
2.273176
2.274604
2.275963
2.277449
2.277830
2.281064
2.281443
2.282286
2.283153
2.285089
2.286631
2.287391
2.288014
2.288670
2.290292
2.290860
2.292973
2.291805
2.292318
2.291232
2.290469
2.289015
2.288381
2.288258
2.285330
2.284833
2.284963
2.282592
2.282218
2.279630
2.277550
2.273658
2.272375
2.269017
2.268156
2.269737
2.268947
2.272675
2.273070
2.274604
2.274848
2.277870
2.278737
2.279878
2.281129
2.281181
2.284142
2.285671
2.284858
2.285461
2.287869
2.288858
2.289001
2.289791
2.289032
2.291430
2.290418
2.289901
2.288752
2.288533
2.287968
2.286708
2.285518
2.283655
2.283785
2.281344
2.279934
2.277601
2.276191
2.274110
2.270374
2.267692
2.268042
2.270361
2.271529
2.273290
2.274376
2.275595
2.278617
2.279112
2.280143
2.280672
2.283403
2.284197
2.285431
2.286400
2.286793
2.291064
2.290117
2.290216
2.289670
2.292145
2.289903
2.291257
2.291082
2.288125
2.290417
2.290379
2.287084
2.286526
2.286458
2.285139
2.283627
2.281439
2.278884
2.278256
2.274408
2.271905
2.268565
2.268134
2.269654
2.270422
2.271936
2.272093
2.275269
2.277084
2.277633
2.277908
2.277744
2.281369
2.282023
2.283229
2.283778
2.285986
2.286878
2.287488
2.288117
2.288509
2.290564
2.290118
2.290390
2.289470
2.290110
2.289464
2.287896
2.287693
2.285351
2.285898
2.284765
2.281896
2.280931
2.279867
2.277948
2.275510
2.273174
2.269707
2.269612
2.269248
2.269840
2.270897
2.272783
2.275023
2.276182
2.277493
2.279078
2.282571
2.280591
2.282581
2.283564
2.282718
2.286506
2.287395
2.289528
2.288899
2.290777
2.289217
2.290750
2.291114
2.290607
2.291636
2.290622
2.289587
2.288486
2.288402
2.286858
2.285969
2.284889
2.282277
2.282259
2.280279
2.277369
2.273921
2.271564
2.269431
2.268423
2.270178
2.270215
2.272422
2.274875
2.272596
2.273638
2.276985
2.278748
2.279650
2.281046
2.281023
2.283967
2.285820
2.284471
2.286250
2.286823
2.288777
2.289175
2.289724
2.290273
2.289690
2.289761
2.289262
2.288817
2.289054
2.288368
2.286158
2.283738
2.282823
2.283328
2.281402
2.279239
2.277706
2.274649
2.274027
2.272809
2.268786
2.268186
2.269552
2.271537
2.271301
2.274168
2.275378
2.278030
2.278975
2.280589
2.280864
2.283321
2.283990
2.285357
2.286440
2.286249
2.289450
2.289493
2.290084
2.290341
2.291309
2.291918
2.291607
2.291329
2.289674
2.290574
2.290652
2.287627
2.286422
2.285914
2.285772
2.283559
2.281984
2.279174
2.278399
2.276084
2.271772
2.268645
2.266728
2.270482
2.270015
2.271686
2.272950
2.274822
2.276525
2.277631
2.278910
2.279146
2.282038
2.282230
2.283551
2.284415
2.286410
2.287677
2.287651
2.288772
2.288573
2.290421
2.290220
2.290385
2.289858
2.289816
2.289394
2.288277
2.288024
2.285218
2.286183
2.284263
2.283897
2.281386
2.279000
2.278194
2.274917
2.272897
2.269453
2.269308
2.269298
2.269838
2.271409
2.272311
2.275053
2.275964
2.278461
2.278312
2.280825
2.280564
2.282752
2.283902
2.284274
2.287159
2.287288
2.288345
2.288634
2.290375
2.290823
2.291211
2.291477
2.290640
2.291546
2.290363
2.289721
2.288423
2.288301
2.287007
2.286343
2.284896
2.282467
2.282515
2.280124
2.277219
2.274387
2.271184
2.269684
2.268431
2.269801
2.269505
2.272412
2.273344
2.274976
2.275992
2.276687
2.279048
2.279667
2.280741
2.281333
2.284385
2.284921
2.286748
2.285163
2.287273
2.289030
2.289091
2.288315
2.288892
2.290723
2.290419
2.289780
2.289017
2.287255
2.288082
2.286521
2.285323
2.283441
2.282894
2.281752
2.279302
2.277582
2.274061
2.273576
2.270693
2.268550
2.268773
2.269602
2.271511
2.272895
2.274587
2.275972
2.277265
2.278984
2.280059
2.281002
2.281987
2.284682
2.285916
2.285509
2.286192
2.288914
2.289702
2.289469
2.290715
2.290163
2.291768
2.291579
2.290589
2.289463
2.290305
2.290081
2.287796
2.286791
2.285362
2.285067
2.283248
2.281510
2.279329
2.277948
2.274677
2.271425
2.269155
2.267445
2.270504
2.270376
2.271746
2.272925
2.274713
2.276391
2.277470
2.278777
2.279226
2.282346
2.282314
2.283933
2.285082
2.284831
2.288939
2.287963
2.289215
2.288107
2.290395
2.287897
2.289144
2.289816
2.289043
2.289646
2.288228
2.287654
2.285798
2.285731
2.284528
2.281528
2.279233
2.277825
2.278471
2.275422
2.274022
2.270057
2.269212
2.269182
2.268494
2.270975
2.271963
2.275527
2.275860
2.277908
2.278498
2.280506
2.281818
2.283072
2.283979
2.284605
2.287488
2.287521
2.288545
2.288946
2.290130
2.291119
2.291150
2.291518
2.290514
2.291750
2.290857
2.289834
2.289743
2.286956
2.287111
2.286669
2.284946
2.282620
2.282155
2.279860
2.277485
2.274496
2.270887
2.269552
2.268561
2.269390
2.269621
2.272436
2.273597
2.274585
2.275838
2.277423
2.279777
2.278300
2.280738
2.281517
2.283751
2.285935
2.284833
2.286572
2.287549
2.290941
2.289686
2.289072
2.289385
2.290369
2.292070
2.287076
2.287555
2.285693
2.288228
2.286206
2.285028
2.284071
2.281867
2.281781
2.279825
2.277853
2.274740
2.273664
2.270680
2.269087
2.269273
2.269558
2.272415
2.273390
2.274719
2.275606
2.278455
2.279246
2.280486
2.281563
2.282075
2.284793
2.285219
2.286805
2.286824
2.288998
2.290964
2.290376
2.290741
2.288810
2.292183
2.291688
2.291167
2.289958
2.290288
2.289659
2.288222
2.286909
2.285458
2.285847
2.283726
2.281906
2.279765
2.277508
2.274771
2.271740
2.269077
2.267403
2.270334
2.270963
2.271967
2.273118
2.273968
2.276496
2.277270
2.278671
2.279280
2.281740
2.282512
2.284904
2.286336
2.283396
2.287664
2.287757
2.286592
2.288408
2.290496
2.290404
2.291440
2.289183
2.288548
2.289646
2.288321
2.289016
2.285908
2.285640
2.282805
2.282376
2.281004
2.278149
2.278693
2.275295
2.273066
2.269980
2.268401
2.270522
2.269253
2.271236
2.271979
2.275525
2.276207
2.277632
2.278736
2.279927
2.281892
2.283247
2.284002
2.284461
2.287348
2.287573
2.288414
2.289790
2.290608
2.291138
2.291016
2.291294
2.289502
2.291397
2.290815
2.289755
2.289737
2.286186
2.287373
2.286173
2.284548
2.282702
2.281832
2.279916
2.277531
2.273967
2.271802
2.269674
2.267699
2.268720
2.269596
2.273507
2.274191
2.273350
2.275759
2.276005
2.277750
2.279896
2.280923
2.281891
2.283221
2.286344
2.284731
2.286587
2.286683
2.289110
2.289454
2.289526
2.290148
2.289976
2.290947
2.289640
2.289047
2.287225
2.288020
2.286621
2.285420
2.284173
2.281863
2.281590
2.279356
2.277530
2.274674
2.273434
2.270479
2.268649
2.269163
2.269209
2.272335
2.273476
2.274659
2.275726
2.277573
2.280545
2.280675
2.281528
2.280534
2.284907
2.285087
2.286430
2.286910
2.288101
2.289435
2.289896
2.290463
2.290043
2.292086
2.291262
2.290499
2.290270
2.289177
2.289714
2.287621
2.287040
2.284757
2.285735
2.283583
2.283515
2.279942
2.276288
2.275507
2.270297
2.267820
2.265908
2.269763
2.270364
2.271721
2.273316
2.273706
2.276803
2.277358
2.278709
2.279156
2.281635
2.282991
2.283911
2.285219
2.284224
2.287546
2.288095
2.289969
2.289305
2.289776
2.289301
2.290040
2.290332
2.288837
2.290220
2.288511
2.287755
2.286183
2.284892
2.284674
2.282928
2.281335
2.278555
2.278123
2.275689
2.273005
2.270582
2.268161
2.269378
2.270266
2.271398
2.272641
2.275500
2.276644
2.277951
2.279069
2.279546
2.282537
2.283309
2.284287
2.284743
2.286985
2.288273
2.288339
2.290263
2.288893
2.291538
2.291741
2.291588
2.291117
2.291477
2.290972
2.289879
2.289242
2.289174
2.288450
2.286558
2.284647
2.283558
2.280716
2.279015
2.275475
2.274104
2.270601
2.269764
2.268592
2.270074
2.270204
2.271363
2.273930
2.275011
2.276204
2.276509
2.279209
2.280314
2.281370
2.282407
2.282706
2.286105
2.285230
2.286965
2.287123
2.289097
2.289540
2.290144
2.290988
2.292123
2.290456
2.289208
2.287888
2.287175
2.286628
2.286457
2.285471
2.284022
2.281747
2.282153
2.279536
2.277640
2.274708
2.272907
2.271898
2.268769
2.269247
2.267617
2.272031
2.272922
2.274809
2.275789
2.277650
2.279323
2.280440
2.281206
2.282197
2.284250
2.285579
2.286233
2.287095
2.287681
2.290654
2.292089
2.289776
2.290446
2.291772
2.289987
2.290578
2.290497
2.288988
2.291216
2.286959
2.286844
2.285718
2.285191
2.283694
2.281403
2.279490
2.276455
2.274669
2.271650
2.268930
2.267787
2.269738
2.270272
2.272088
2.272826
2.273625
2.276846
2.277413
2.279612
2.279966
2.280838
2.281381
2.283495
2.284445
2.285141
2.287639
2.287443
2.288206
2.288895
2.288951
2.290593
2.290655
2.290191
2.288597
2.289792
2.288381
2.287309
2.286635
2.284244
2.285293
2.282135
2.281330
2.278952
2.277786
2.275756
2.272685
2.270218
2.267919
2.269977
2.269323
2.271160
2.272345
2.275237
2.276372
2.277815
2.279064
2.279468
2.282549
2.283040
2.285745
2.285707
2.285681
2.287745
2.288855
2.287459
2.290020
2.291163
2.291005
2.289862
2.290776
2.290329
2.291201
2.289470
2.289567
2.286999
2.287853
2.286053
2.284746
2.283127
2.280592
2.280532
2.277613
2.274376
2.270426
2.269334
2.268469
2.269599
2.270533
2.271095
2.274237
2.275224
2.275768
2.276836
2.279514
2.280149
2.281041
2.282063
2.282608
2.285656
2.285348
2.286664
2.287180
2.289118
2.289185
2.290326
2.290448
2.289551
2.291742
2.289833
2.288023
2.287639
2.287491
2.287740
2.285150
2.282456
2.281517
2.281702
2.279572
2.277366
2.275063
2.272095
2.270947
2.268655
2.269970
2.269032
2.273217
2.273079
2.275977
2.275511
2.276181
2.279511
2.280415
2.280074
2.281734
2.284517
2.285444
2.286600
2.287217
2.287390
2.290200
2.290335
2.290733
2.290618
2.291899
2.292101
2.291462
2.290496
2.288834
2.291532
2.288653
2.287207
2.286332
2.283077
2.282399
2.281541
2.279824
2.276563
2.275229
2.271956
2.270049
2.268400
2.268736
2.270316
2.271920
2.273744
2.272640
2.276725
2.277676
2.278636
2.280052
2.279978
2.282950
2.283964
2.285971
2.284188
2.286908
2.287719
2.288918
2.289287
2.288845
2.290986
2.290397
2.289995
2.289088
2.289297
2.288219
2.287509
2.286119
2.284027
2.284800
2.282794
2.280916
2.279853
2.278704
2.275528
2.273312
2.270013
2.266429
2.268923
2.269380
2.270132
2.272842
2.274150
2.276509
2.277580
2.279290
2.280610
2.282308
2.281889
2.283720
2.285078
2.285841
2.288022
2.288280
2.289320
2.289278
2.291195
2.291127
2.290992
2.291194
2.289834
2.291356
2.289762
2.289366
2.287108
2.287105
2.286152
2.285233
2.282653
2.281237
2.280793
2.277604
2.274513
2.271118
2.269087
2.269238
2.269683
2.270384
2.271023
2.274234
2.275087
2.276127
2.276812
2.278259
2.280306
2.281370
2.282260
2.282648
2.285494
2.286010
2.286965
2.288105
2.288519
2.291262
2.288817
2.289612
2.289588
2.290776
2.290090
2.289044
2.289711
2.287183
2.287011
2.284997
2.283515
2.281679
2.281213
2.279475
2.277231
2.275136
2.271876
2.270927
2.268710
2.269712
2.269275
2.271568
2.273513
2.275109
2.275863
2.276669
2.279578
2.280592
2.281235
2.282140
2.283795
2.285765
2.286548
2.287332
2.287298
2.290049
2.289494
2.291111
2.291178
2.290814
2.292007
2.291167
2.290512
2.288925
2.290526
2.288184
2.287104
2.285994
2.284124
2.283401
2.281479
2.279259
2.276112
2.274646
2.271463
2.268884
2.268534
2.268837
2.271514
2.272429
2.273605
2.274396
2.276384
2.277729
2.278532
2.280191
2.280325
2.282811
2.283638
2.284752
2.285510
2.286852
2.287893
2.288819
2.289495
2.289137
2.290560
2.290379
2.289872
2.289344
2.288549
2.288911
2.288006
2.285336
2.284017
2.284510
2.283328
2.280113
2.279014
2.276887
2.275892
2.272635
2.271270
2.268012
2.269472
2.269698
2.271353
2.273154
2.273877
2.276674
2.278001
2.279307
2.279590
2.282364
2.283323
2.283906
2.285194
2.285499
2.288220
2.289019
2.289317
2.289696
2.290828
2.291492
2.291312
2.291572
2.289957
2.291062
2.289790
2.289197
2.287182
2.286484
2.286100
2.284748
2.282894
2.280564
2.280117
2.277188
2.273590
2.271020
2.268266
2.268665
2.269762
2.269972
2.271228
2.274336
2.274637
2.276611
2.278906
2.277923
2.280082
2.281830
2.282181
2.279952
2.286431
2.286327
2.286574
2.287075
2.284822
2.290451
2.289894
2.289928
2.288655
2.288435
2.289450
2.289002
2.287861
2.286779
2.286284
2.285044
2.284359
2.281222
2.281098
2.279627
2.277543
2.275544
2.270781
2.270699
2.268827
2.269892
2.269220
2.270728
2.273371
2.274670
2.276931
2.276100
2.279356
2.280259
2.281464
2.282376
2.283219
2.285644
2.286520
2.287270
2.287592
2.290097
2.290217
2.290754
2.290831
2.290596
2.292103
2.291190
2.290397
2.289263
2.290098
2.287601
2.287200
2.286267
2.283717
2.282414
2.281487
2.279395
2.277031
2.274160
2.271791
2.268971
2.268476
2.270188
2.271613
2.272353
2.272931
2.274283
2.275591
2.277626
2.278558
2.279375
2.279951
2.283713
2.284614
2.283441
2.284276
2.285880
2.288537
2.288941
2.289211
2.287572
2.289956
2.290244
2.290000
2.289615
2.289295
2.287744
2.288393
2.285671
2.283782
2.284109
2.282794
2.280748
2.278782
2.276509
2.275510
2.272798
2.270030
2.268906
2.269869
2.270354
2.270855
2.272896
2.274103
2.277395
2.278177
2.279391
2.280530
2.281672
2.283823
2.284215
2.285581
2.285811
2.288708
2.288634
2.289230
2.290273
2.290221
2.291821
2.291542
2.291601
2.290381
2.291147
2.290002
2.290702
2.286848
2.285627
2.286772
2.284725
2.283401
2.280431
2.279773
2.276955
2.274238
2.271105
2.267904
2.269206
2.269762
2.272196
2.272364
2.273744
2.275429
2.275981
2.276269
2.276868
2.279811
2.281292
2.282491
2.281758
2.285911
2.284270
2.286596
2.287607
2.287454
2.290121
2.289850
2.290148
2.289880
2.289645
2.289917
2.288937
2.288162
2.287208
2.286115
2.285264
2.283711
2.282595
2.280216
2.279774
2.277254
2.275051
2.271814
2.270665
2.269043
2.269616
2.269790
2.270566
2.274275
2.274660
2.276214
2.277123
2.279468
2.280685
2.281716
2.283131
2.284205
2.286904
2.286381
2.287115
2.287340
2.288997
2.290385
2.291765
2.291068
2.290322
2.290379
2.290500
2.290198
2.289343
2.290024
2.287328
2.286484
2.285221
2.283704
2.283217
2.281609
2.281221
2.277517
2.273487
2.272096
2.267971
2.266564
2.267492
2.269820
2.272773
2.272131
2.275338
2.275491
2.276786
2.278522
2.279274
2.280096
2.282355
2.283695
2.285558
2.284364
2.285271
2.288501
2.288242
2.288868
2.288663
2.289733
2.290458
2.289620
2.289326
2.287760
2.288287
2.286943
2.286000
2.285777
2.283557
2.282476
2.279590
2.279009
2.276247
2.275233
2.272757
2.269689
2.268333
2.268426
2.270363
2.271556
2.272865
2.273723
2.276387
2.277657
2.278854
2.279986
2.280828
2.283241
2.284210
2.284886
2.285452
2.287702
2.288183
2.289612
2.289221
2.289558
2.291698
2.290870
2.290994
2.290014
2.290359
2.289842
2.290910
2.287784
2.284713
2.286350
2.284592
2.280745
2.280773
2.278206
2.277163
2.273717
2.270832
2.267747
2.270489
2.269889
2.269740
2.270093
2.272846
2.274747
2.275831
2.277020
2.277697
2.280608
2.280863
2.282090
2.283325
2.284094
2.286216
2.286532
2.287405
2.287450
2.289750
2.289503
2.289830
2.290093
2.288956
2.289653
2.288700
2.287886
2.286605
2.286224
2.285084
2.283620
2.282349
2.279580
2.279575
2.277412
2.275064
2.271633
2.270100
2.268310
2.268736
2.269928
2.270738
2.273546
2.275434
2.275651
2.277561
2.278661
2.280652
2.282719
2.282969
2.281784
2.285854
2.286441
2.287673
2.288177
2.290325
2.290653
2.289960
2.290650
2.290363
2.289928
2.290432
2.290152
2.289613
2.288480
2.287603
2.286456
2.286150
2.284254
2.283500
2.281293
2.279282
2.277218
2.272847
2.272124
2.268786
2.268646
2.268805
2.270972
2.272337
2.273493
2.274750
2.275379
2.278211
2.278743
2.279875
2.280788
2.282640
2.283940
2.284806
2.285590
2.286235
2.288750
2.290192
2.289151
2.290152
2.289274
2.289792
2.288615
2.289259
2.287803
2.288543
2.287857
2.285687
2.284889
2.283033
2.282208
2.281218
2.279055
2.276215
2.275476
2.272429
2.269801
2.268484
2.269221
2.270348
2.271352
2.273352
2.274067
2.276741
2.277919
2.279058
2.280398
2.280800
2.284924
2.285841
2.285078
2.286169
2.288185
2.287693
2.288896
2.289652
2.288716
2.292010
2.291777
2.291651
2.290801
2.290244
2.290214
2.289924
2.287369
2.285615
2.287839
2.284445
2.282344
2.280599
2.278577
2.277291
2.273739
2.271160
2.267804
2.269198
2.270152
2.270666
2.272173
2.272854
2.275642
2.276366
2.277521
2.278318
2.280536
2.281497
2.282403
2.283460
2.284295
2.286032
2.286778
2.287353
2.288103
2.289048
2.290158
2.289969
2.290372
2.289044
2.290140
2.289024
2.289100
2.286741
2.284617
2.285106
2.283549
2.282299
2.279757
2.279645
2.277217
2.274976
2.272435
2.269752
2.269017
2.271227
2.270066
2.269755
2.275733
2.275627
2.277913
2.278009
2.278419
2.278804
2.281374
2.282776
2.282020
2.286019
2.287098
2.287487
2.288753
2.288672
2.290948
2.290927
2.291221
2.290826
2.291720
2.291056
2.290334
2.289565
2.288871
2.287958
2.286365
2.286035
2.284046
2.283077
2.281627
2.279016
2.276709
2.272513
2.271674
2.268506
2.268554
2.269964
2.269831
2.272346
2.273463
2.274143
2.275621
2.278259
2.278857
2.281049
2.281529
2.281816
2.282987
2.285632
2.285235
2.285553
2.288101
2.288679
2.288991
2.289643
2.288998
2.290756
2.289910
2.289412
2.288010
2.288438
2.287771
2.285400
2.284780
2.282720
2.282889
2.280953
2.278572
2.276687
2.276854
2.272459
2.269389
2.268465
2.267691
2.269552
2.271484
2.273436
2.274417
2.276505
2.278283
2.279168
2.280374
2.280828
2.283600
2.283921
2.285485
2.286897
2.286712
2.288844
2.288989
2.289849
2.290754
2.291709
2.291935
2.290543
2.290416
2.289292
2.290113
2.288285
2.286487
2.285684
2.286077
2.284818
2.282797
2.281379
2.278499
2.277723
2.273885
2.270488
2.267843
2.269056
2.269956
2.270472
2.272144
2.272692
2.275871
2.276074
2.277529
2.278373
2.280312
2.281882
2.282759
2.283839
2.284425
2.286603
2.287075
2.287628
2.288445
2.288687
2.289937
2.289766
2.290371
2.288846
2.289556
2.289890
2.289261
2.286017
2.285426
2.285634
2.282811
2.281523
2.278578
2.278984
2.277209
2.274575
2.271922
2.268828
2.268890
2.269610
2.269755
2.270779
2.273647
2.275137
2.276200
2.277451
2.278248
2.281052
2.281659
2.282858
2.283692
2.285593
2.286554
2.287741
2.288077
2.289116
2.290177
2.290893
2.291033
2.290953
2.290697
2.291289
2.290145
2.289200
2.287832
2.288008
2.286648
2.285867
2.284334
2.282409
2.282141
2.279536
2.276437
2.272975
2.271320
2.268502
2.269552
2.269959
2.269557
2.271315
2.273011
2.275023
2.275543
2.277615
2.278984
2.280042
2.281303
2.281321
2.284560
2.285313
2.284890
2.286233
2.287975
2.288736
2.289817
2.290615
2.289172
2.290822
2.289479
2.288605
2.287803
2.287667
2.287305
2.285817
2.284889
2.282525
2.282962
2.280259
2.278576
2.276413
2.273976
2.272641
2.269342
2.268291
2.268622
2.270268
2.271381
2.272831
2.274432
2.275382
2.278186
2.279089
2.280381
2.281441
2.283145
2.284074
2.284072
2.286592
2.285965
2.289172
2.289336
2.289757
2.289820
2.291167
2.291245
2.291292
2.290465
2.289157
2.289727
2.288609
2.287057
2.285718
2.286043
2.284318
2.282733
2.280564
2.277601
2.276954
2.273351
2.270412
2.267967
2.267832
2.269873
2.269990
2.271308
2.272068
2.275087
2.275748
2.277150
2.277991
2.279033
2.281827
2.282264
2.283467
2.284219
2.285876
2.286566
2.287368
2.288339
2.287922
2.290865
2.290084
2.289797
2.288693
2.288579
2.289081
2.288169
2.286519
2.284579
2.285316
2.283793
2.281502
2.280071
2.279074
2.277563
2.275040
2.272500
2.268125
2.268833
2.269656
2.269524
2.271246
2.273057
2.275091
2.276482
2.277688
2.278315
2.281247
2.282061
2.283329
2.283771
2.284603
2.287192
2.287502
2.288314
2.288257
2.290430
2.290588
2.290972
2.291078
2.290255
2.291347
2.289989
2.289112
2.288340
2.287530
2.286920
2.285295
2.284914
2.281976
2.281388
2.278519
2.276157
2.273571
2.270832
2.268711
2.268796
2.272733
2.269942
2.272757
2.273467
2.274774
2.274407
2.277173
2.279002
2.279740
2.279480
2.281064
2.285023
2.285365
2.286121
2.285098
2.286274
2.286971
2.289099
2.290317
2.289086
2.290595
2.290103
2.289424
2.288460
2.287248
2.288060
2.286576
2.283352
2.282631
2.282795
2.280564
2.279315
2.276713
2.273787
2.272815
2.269629
2.268738
2.269500
2.271233
2.271816
2.272983
2.273888
2.275473
2.278336
2.279046
2.280592
2.280823
2.282984
2.284548
2.285153
2.287174
2.286432
2.288879
2.289534
2.290102
2.290248
2.290844
2.291738
2.291373
2.290476
2.289106
2.290215
2.289923
2.287338
2.286389
2.285295
2.285010
2.283100
2.281010
2.278306
2.277386
2.273995
2.270632
2.268485
2.267765
2.271284
2.272074
2.273196
2.272875
2.275337
2.276874
2.276614
2.278325
2.277830
2.281564
2.283593
2.283809
2.284784
2.284301
2.287270
2.287848
2.288585
2.288146
2.290350
2.290240
2.289842
2.289261
2.289070
2.288880
2.287518
2.286967
2.284916
2.285551
2.283377
2.282128
2.280471
2.278098
2.277372
2.274553
2.272196
2.269047
2.268988
2.268968
2.270289
2.271765
2.272855
2.275594
2.276735
2.277769
2.278660
2.281125
2.281936
2.282711
2.284094
2.284126
2.287357
2.287431
2.288297
2.288533
2.290424
2.291167
2.291292
2.292861
2.290319
2.289994
2.290280
2.289495
2.288086
2.287490
2.286925
2.285110
2.284327
2.281410
2.283537
2.279906
2.275040
2.272759
2.269801
2.267335
2.267900
2.269424
2.269465
2.272271
2.273263
2.275146
2.275791
2.276439
2.279274
2.279719
2.281238
2.281312
2.284450
2.284969
2.285477
2.286645
2.286559
2.289234
2.289112
2.289711
2.289020
2.290411
2.290108
2.289199
2.288803
2.286663
2.287767
2.285673
2.284964
2.283434
2.282819
2.280631
2.277267
2.276376
2.273635
2.272839
2.269593
2.268206
2.269190
2.269565
2.272151
2.273141
2.274926
2.275616
2.279911
2.278790
2.280048
2.281617
2.281865
2.283958
2.285399
2.286658
2.286687
2.288818
2.289616
2.290295
2.290156
2.289968
2.292116
2.291285
2.290519
2.289344
2.289624
2.290784
2.288007
2.285432
2.284667
2.284330
2.282233
2.280883
2.278820
2.276264
2.273813
2.270416
2.268784
2.267725
2.271283
2.271377
2.272019
2.272091
2.274755
2.276462
2.277524
2.278671
2.279541
2.281815
2.282556
2.283450
2.285164
2.285115
2.287151
2.287564
2.288379
2.288144
2.290334
2.289906
2.289791
2.289690
2.288341
2.289510
2.287712
2.287214
2.285193
2.285286
2.283581
2.281975
2.280226
2.277748
2.277305
2.274489
2.272150
2.268351
2.268707
2.269279
2.270015
2.271754
2.272121
2.276051
2.275548
2.277959
2.278674
2.280383
2.282069
2.283824
2.284603
2.283489
2.286849
2.287540
2.289111
2.290464
2.290879
2.290998
2.291334
2.291237
2.289157
2.290601
2.288514
2.288846
2.289107
2.286521
2.287231
2.285752
2.284389
2.282152
2.281622
2.279214
2.276551
2.273725
2.269920
2.268984
2.268486
2.269520
2.269987
2.272626
2.273784
2.274709
2.276645
2.276506
2.279468
2.280388
2.281260
2.282043
2.283881
2.285147
2.286116
2.286836
2.286834
2.289482
2.289492
2.289636
2.291508
2.290195
2.290425
2.288051
2.288235
2.286940
2.287807
2.286386
2.285004
2.284390
2.280764
2.280897
2.278938
2.276675
2.273444
2.272716
2.269706
2.268495
2.269154
2.269372
2.272333
2.273644
2.274917
2.275667
2.278528
2.279564
2.280849
2.281812
2.282199
2.285677
2.287278
2.287168
2.286872
2.288424
2.291023
2.289141
2.290444
2.288941
2.289592
2.291224
2.290388
2.289704
2.289526
2.290578
2.286126
2.286311
2.284958
2.285978
2.283003
2.281221
2.277153
2.275912
2.274067
2.270693
2.268605
2.267528
2.270881
2.270417
2.272110
2.273589
2.274324
2.276937
2.277784
2.278871
2.279606
2.282000
2.283794
2.283720
2.285775
2.283529
2.287415
2.287332
2.288527
2.288306
2.291064
2.290726
2.290198
2.290064
2.288303
2.289584
2.287926
2.287275
2.284864
2.286209
2.282619
2.282042
2.280392
2.277946
2.277722
2.274753
2.272257
2.268932
2.268222
2.271039
2.273187
2.270677
2.272404
2.275339
2.275977
2.276611
2.278874
2.279975
2.282755
2.283459
2.284255
2.284963
2.287402
2.287546
2.288721
2.289481
2.289471
2.291863
2.291348
2.291728
2.290624
2.291247
2.290474
2.289634
2.289621
2.286392
2.287306
2.285698
2.284560
2.282280
2.281286
2.279611
2.276536
2.273744
2.269495
2.269338
2.268546
2.270671
2.270150
2.272157
2.274400
2.274438
2.276484
2.277156
2.279783
2.280443
2.281514
2.283318
2.284278
2.286132
2.284591
2.287199
2.287378
2.289438
2.289649
2.289740
2.290297
2.289402
2.290704
2.289480
2.288619
2.287339
2.288400
2.285867
2.285010
2.283725
2.281498
2.281728
2.278988
2.277487
2.275520
2.273691
2.269810
2.268872
2.270167
2.266799
2.271816
2.273545
2.275092
2.276174
2.277991
2.279838
2.281057
2.282155
2.282407
2.285561
2.285803
2.286904
2.287444
2.288690
2.290148
2.290637
2.291164
2.290494
2.292854
2.292203
2.290761
2.289118
2.288493
2.289751
2.287897
2.286748
2.284750
2.285411
2.283028
2.281223
2.278911
2.275649
2.274595
2.270598
2.268538
2.268333
2.270332
2.270895
2.272440
2.273614
2.274528
2.277409
2.277721
2.278910
2.279807
2.281480
2.282926
2.283575
2.285119
2.284956
2.287715
2.288167
2.288664
2.288916
2.289603
2.290308
2.290223
2.290120
2.288488
2.289832
2.289839
2.287330
2.285328
2.284479
2.282960
2.282062
2.280630
2.278079
2.276167
2.274508
2.271718
2.269558
2.267722
2.270700
2.269888
2.272214
2.273232
2.275726
2.276575
2.278051
2.279482
2.279506
2.282793
2.283388
2.284564
2.284936
2.287171
2.288151
2.290550
2.289503
2.288514
2.292449
2.291236
2.290194
2.290626
2.290650
2.290509
2.289518
2.289367
2.286198
2.286844
2.285845
2.284403
2.282448
2.280394
2.279520
2.276007
2.272934
2.269303
2.268702
2.268775
2.269464
2.271609
2.271852
2.274338
2.275139
2.274875
2.276594
2.279652
2.280636
2.281306
2.282348
2.283016
2.285768
2.286075
2.287047
2.287396
2.289183
2.289828
2.291183
2.290781
2.288941
2.290432
2.289302
2.288072
2.287530
2.287352
2.285842
2.284529
2.283047
2.280816
2.280779
2.278995
2.276566
2.273980
2.271479
2.269769
2.268513
2.269568
2.269260
2.272489
2.273850
2.275006
2.276574
2.277515
2.280020
2.280431
2.282056
2.282127
2.285531
2.286009
2.286329
2.287706
2.286966
2.289969
2.290244
2.290749
2.290574
2.291547
2.291331
2.290691
2.290233
2.288493
2.289851
2.287567
2.286281
2.285261
2.284625
2.283324
2.280379
2.278498
2.275710
2.273972
2.270279
2.268491
2.268074
2.269431
2.271464
2.272411
2.273751
2.274340
2.277120
2.278143
2.279180
2.280205
2.281116
2.283189
2.284203
2.285206
2.284932
2.287892
2.288225
2.288532
2.289384
2.289357
2.291053
2.289944
2.290716
2.288502
2.289034
2.287376
2.286865
2.285685
2.283943
2.284065
2.281917
2.280440
2.278700
2.277336
2.275084
2.270597
2.269026
2.267565
2.269830
2.270797
2.272043
2.273135
2.275479
2.276966
2.278475
2.279644
2.279930
2.282711
2.283632
2.284480
2.285422
2.286409
2.288299
2.288660
2.289495
2.289571
2.291415
2.291191
2.291111
2.291127
2.290055
2.290952
2.289413
2.288878
2.286357
2.286607
2.285752
2.284280
2.282834
2.280654
2.279770
2.276261
2.272245
2.269198
2.269551
2.269070
2.270316
2.271488
2.274170
2.274687
2.275183
2.276004
2.277631
2.276201
2.279836
2.281349
2.281837
2.283089
2.286445
2.285625
2.285925
2.286406
2.288312
2.289925
2.290043
2.291516
2.289242
2.290401
2.288340
2.288240
2.287872
2.287007
2.285494
2.284470
2.284003
2.280270
2.280699
2.278904
2.276525
2.274377
2.271079
2.269835
2.268457
2.270110
2.268769
2.272245
2.274683
2.275516
2.276585
2.275518
2.279814
2.280985
2.282007
2.282842
2.284781
2.286010
2.287537
2.286816
2.287617
2.290428
2.290146
2.290712
2.290653
2.291301
2.291676
2.290713
2.289896
2.288289
2.290289
2.286581
2.286115
2.285492
2.283918
2.283168
2.281020
2.278706
2.275654
2.273655
2.270437
2.268591
2.268738
2.271299
2.273237
2.271310
2.273973
2.274591
2.275623
2.277961
2.279407
2.280509
2.280568
2.283520
2.283885
2.286609
2.285552
2.287380
2.287111
2.288572
2.289490
2.288996
2.290673
2.290214
2.290220
2.288821
2.289203
2.288290
2.288080
2.285442
2.283689
2.284221
2.282230
2.280574
2.278290
2.276610
2.275004
2.271714
2.269628
2.267841
2.270396
2.270549
2.272081
2.273840
2.274716
2.277452
2.278031
2.279369
2.279855
2.282844
2.283389
2.284370
2.285529
2.285939
2.288435
2.288600
2.289544
2.289514
2.291563
2.291291
2.291418
2.291306
2.290504
2.291932
2.288396
2.289035
2.286354
2.286335
2.285491
2.284045
2.282429
2.279842
2.280374
2.278236
2.272178
2.269424
2.267781
2.267866
2.269396
2.270813
2.271452
2.274492
2.275337
2.276376
2.277579
2.278640
2.280509
2.281477
2.282465
2.282712
2.285826
2.286156
2.286960
2.287849
2.288086
2.290120
2.289761
2.289886
2.289598
2.290700
2.289460
2.288697
2.287733
2.286013
2.286441
2.284952
2.282821
2.281018
2.280436
2.279876
2.276582
2.274131
2.269863
2.269539
2.268758
2.269651
2.270145
2.272568
2.273977
2.275274
2.276748
2.277496
2.280252
2.280914
2.281795
2.282920
2.284268
2.286021
2.286960
2.287996
2.287378
2.291117
2.289533
2.290924
2.291098
2.290866
2.292143
2.290716
2.292384
2.289418
2.289176
2.286825
2.286894
2.285135
2.281821
2.283181
2.280964
2.278742
2.275740
2.273437
2.270250
2.268358
2.268736
2.268995
2.271927
2.272332
2.274628
2.275776
2.275903
2.276351
2.278574
2.280684
2.280449
2.283555
2.284030
2.284971
2.285729
2.287119
2.288533
2.288903
2.289321
2.289023
2.290649
2.290398
2.290078
2.289107
2.288270
2.288311
2.287343
2.285810
2.283608
2.283988
2.281725
2.280394
2.278416
2.275760
2.274841
2.271993
2.269224
2.267554
2.270244
2.270696
2.272158
2.273748
2.274789
2.277924
2.278503
2.279432
2.280179
2.282765
2.283422
2.284686
2.285972
2.287360
2.289127
2.287910
2.289678
2.289691
2.292216
2.293319
2.290599
2.290829
2.289913
2.290252
2.288281
2.288964
2.286249
2.285883
2.286142
2.284321
2.282282
2.279757
2.279428
2.276563
2.273178
2.270197
2.267674
2.269529
2.269872
2.271065
2.271248
2.274320
2.275580
2.276391
2.277802
2.278256
2.280934
2.281504
2.282758
2.283224
2.285561
2.286165
2.287167
2.288082
2.288125
2.290071
2.290276
2.290100
2.289888
2.289829
2.290546
2.288645
2.287691
2.284822
2.286356
2.284615
2.284040
2.280864
2.279994
2.278967
2.276439
2.274228
2.270607
2.270056
2.268812
2.269303
2.270364
2.271586
2.274484
2.275392
2.276950
2.277226
2.280163
2.282177
2.283409
2.283361
2.283062
2.286602
2.285790
2.287130
2.288203
2.290267
2.290699
2.290944
2.290966
2.290534
2.292075
2.290812
2.290143
2.288684
2.289404
2.287562
2.286258
2.285411
2.283326
2.283561
2.280952
2.279735
2.275997
2.272748
2.269035
2.267854
2.268473
2.268845
2.271739
2.272524
2.273908
2.275066
2.276188
2.278316
2.278990
2.280313
2.280578
2.283670
2.284173
2.285494
2.285674
2.286378
2.288500
2.289159
2.289106
2.289489
2.291043
2.290524
2.290187
2.289058
2.287758
2.288691
2.287024
2.285774
2.285018
2.284774
2.282392
2.280580
2.277843
2.274516
2.274858
2.272058
2.268995
2.268194
2.270257
2.270210
2.272403
2.275483
2.275769
2.277365
2.278291
2.279134
2.278634
2.281888
2.284231
2.284785
2.285971
2.286044
2.288484
2.288658
2.289460
2.290497
2.290389
2.292157
2.291736
2.291286
2.289614
2.291088
2.289140
2.289136
2.286812
2.285123
2.286126
2.283930
2.282498
2.280127
2.278916
2.276419
2.273226
2.270021
2.267487
2.269498
2.270718
2.270352
2.271845
2.274491
2.275098
2.276958
2.278044
2.278098
2.281579
2.281417
2.282903
2.283545
2.285261
2.286505
2.287964
2.287811
2.286727
2.289873
2.289686
2.289783
2.289777
2.289300
2.289488
2.288554
2.287836
2.286263
2.286023
2.284678
2.283449
2.281563
2.280136
2.280843
2.275496
2.273538
2.270743
2.268853
2.267559
2.270112
2.269861
2.270684
2.274330
2.275155
2.276885
2.277405
2.279536
2.281153
2.282027
2.283441
2.283269
2.286367
2.287298
2.287381
2.287948
2.289332
2.290888
2.290964
2.291070
2.290222
2.291743
2.290580
2.290697
2.289446
2.287947
2.286500
2.286712
2.283890
2.283199
2.282286
2.280917
2.278495
2.275552
2.272359
2.270340
2.268416
2.268656
2.269458
2.271453
2.272505
2.273842
2.274979
2.276031
2.278308
2.279039
2.280533
2.280874
2.283591
2.283919
2.286097
2.285649
2.286213
2.288999
2.289164
2.289894
2.289380
2.290091
2.290718
2.289968
2.289508
2.287858
2.288778
2.288621
2.285662
2.283936
2.282541
2.282560
2.278231
2.278405
2.276128
2.275776
2.271585
2.268035
2.267792
2.269089
2.271295
2.272372
2.274124
2.274657
2.277365
2.278257
2.279510
2.281111
2.281334
2.284032
2.284634
2.285748
2.286367
2.288615
2.288977
2.290338
2.289701
2.290155
2.292150
2.291347
2.291262
2.290040
2.290872
2.289692
2.289087
2.287085
2.285439
2.286522
2.284107
2.282268
2.280003
2.279650
2.277386
2.271982
2.269430
2.266769
2.269349
2.270299
2.270736
2.272021
2.273481
2.276632
2.277290
2.277566
2.278201
2.279513
2.281699
2.282708
2.284001
2.284926
2.286225
2.287262
2.288868
2.289218
2.289141
2.289820
2.289991
2.289169
2.288044
2.290111
2.288876
2.288150
2.286455
2.285927
2.284431
2.283077
2.281771
2.279207
2.278864
2.276540
2.274314
2.270925
2.269161
2.269285
2.269492
2.270855
2.271459
2.274380
2.275738
2.277035
2.278385
2.279438
2.281280
2.282498
2.282918
2.283460
2.286577
2.287014
2.288984
2.289057
2.289030
2.289984
2.290280
2.290987
2.290518
2.291678
2.290906
2.289813
2.289381
2.288232
2.287986
2.286329
2.285510
2.283506
2.282847
2.280651
2.278116
2.276117
2.271973
2.270758
2.268553
2.268530
2.269434
2.271124
2.272785
2.273971
2.275223
2.275671
2.278811
2.278960
2.280520
2.281414
2.283918
2.284375
2.285436
2.285960
2.285677
2.288440
2.288837
2.289444
2.289363
2.289668
2.290821
2.289803
2.288848
2.288353
2.288766
2.286620
2.285232
2.283644
2.282838
2.282031
2.280954
2.277834
2.275258
2.274354
2.271297
2.268866
2.268179
2.268785
2.271208
2.272102
2.273707
2.274600
2.277220
2.278259
2.279503
2.280993
2.281222
2.284603
2.284911
2.286035
2.286617
2.287759
2.289301
2.289658
2.290298
2.289838
2.291897
2.291597
2.291493
2.290615
2.289639
2.289954
2.288571
2.287164
2.285582
2.286111
2.284508
2.282593
2.280241
2.278059
2.277056
2.273416
2.270048
2.267857
2.268590
2.270213
2.271342
2.272742
2.273549
2.276078
2.276908
2.278138
2.278589
2.281048
2.281848
2.282856
2.283949
2.284803
2.286957
2.287123
2.288091
2.288258
2.289571
2.290271
2.290030
2.290211
2.288898
2.289540
2.288457
2.287709
2.286439
2.285719
2.284301
2.283131
2.281629
2.279170
2.279845
2.275674
2.274095
2.271132
2.268443
2.269303
2.269878
2.270092
2.271231
2.274569
2.275409
2.276812
2.278605
2.278634
2.281514
2.281649
2.283096
2.283913
2.286258
2.287658
2.287473
2.288814
2.288508
2.291286
2.291063
2.291368
2.290696
2.291537
2.291161
2.290150
2.289066
2.287966
2.287642
2.287323
2.285452
2.283795
2.282311
2.282196
2.277673
2.276265
2.269638
2.269453
2.267798
2.268881
2.270645
2.269605
2.272891
2.273391
2.275469
2.275904
2.278187
2.279641
2.281190
2.281017
2.281650
2.284331
2.285079
2.285328
2.287346
2.287810
2.288329
2.288664
2.288511
2.289052
2.291376
2.289735
2.289052
2.287968
2.288341
2.287660
2.285005
2.284732
2.282389
2.282816
2.280341
2.278374
2.276129
2.274255
2.271640
2.269077
2.268624
2.269432
2.271035
2.272454
2.274024
2.275330
2.276613
2.278709
2.279459
2.281141
2.281420
2.284083
2.284504
2.286078
2.287064
2.287245
2.289235
2.289885
2.290325
2.290102
2.291964
2.291764
2.291338
2.290896
2.289011
2.290204
2.290856
2.287446
2.284319
2.285195
2.284222
2.282202
2.280830
2.277565
2.276800
2.272837
2.269834
2.267772
2.269211
2.272151
2.269830
2.272488
2.273139
2.276192
2.276913
2.279894
2.278905
2.280065
2.282112
2.282574
2.282860
2.284848
2.286255
2.287664
2.288202
2.288983
2.289053
2.290367
2.290130
2.290154
2.288679
2.289660
2.288500
2.287399
2.286757
2.284775
2.285336
2.283072
2.281724
2.279117
2.278501
2.276252
2.274066
2.272739
2.267954
2.269459
2.269303
2.271097
2.271059
2.274095
2.274687
2.276685
2.278509
2.278712
2.281882
2.282214
2.283553
2.284230
2.286033
2.287492
2.287865
2.288865
2.289665
2.290561
2.291154
2.291696
2.291362
2.290871
2.291120
2.290164
2.289072
2.287516
2.287766
2.286246
2.285459
2.283740
2.281680
2.281275
2.278459
2.275799
2.273351
2.271771
2.267614
2.268373
2.269850
2.269803
2.272573
2.274533
2.275174
2.276368
2.279524
2.279643
2.280759
2.280225
2.281983
2.285103
2.285910
2.285800
2.286510
2.288268
2.289200
2.289376
2.289788
2.289152
2.290867
2.289848
2.289116
2.288149
2.287529
2.287298
2.285625
2.284381
2.282501
2.282133
2.279924
2.278426
2.276073
2.274697
2.272758
2.268251
2.268429
2.269032
2.269857
2.272297
2.273932
2.275708
2.276121
2.279358
2.279817
2.280715
2.281531
2.283801
2.285142
2.285790
2.287163
2.287028
2.289677
2.291130
2.290605
2.289971
2.290536
2.291680
2.291024
2.290351
2.289070
2.289830
2.288696
2.286976
2.285248
2.285597
2.286007
2.282161
2.279891
2.277429
2.275533
2.271996
2.269624
2.268356
2.268350
2.270984
2.271200
2.272742
2.273389
2.276025
2.277052
2.278128
2.279395
2.279776
2.282680
2.283010
2.284502
2.285023
2.286792
2.287564
2.288178
2.288997
2.288811
2.290559
2.290156
2.290177
2.289010
2.289596
2.288844
2.287811
2.288503
2.284988
2.285099
2.282530
2.280544
2.279812
2.278826
2.276832
2.274048
2.271246
2.268395
2.269561
2.269666
2.270890
2.272299
2.274034
2.276183
2.277262
2.278410
2.278634
2.281554
2.282384
2.282995
2.284268
2.284866
2.287383
2.288403
2.289095
2.289200
2.291231
2.291129
2.292206
2.292931
2.289543
2.291430
2.290261
2.287489
2.287996
2.286303
2.286320
2.285020
2.284105
2.281096
2.281039
2.278336
2.275788
2.271503
2.270907
2.268702
2.268725
2.269043
2.270167
2.273427
2.274097
2.275446
2.276276
2.277440
2.279723
2.280581
2.281670
2.282215
2.284614
2.285417
2.285994
2.287213
2.287331
2.289528
2.289565
2.290305
2.289549
2.291003
2.290110
2.288958
2.288693
2.287248
2.287797
2.285643
2.284397
2.282275
2.282256
2.280011
2.278297
2.276773
2.273564
2.270991
2.269083
2.268628
2.269571
2.270731
2.272878
2.273962
2.275553
2.276331
2.279162
2.281455
2.281345
2.280974
2.283731
2.285305
2.286178
2.288028
2.288878
2.289457
2.289506
2.290586
2.290199
2.289925
2.291738
2.291133
2.290699
2.289301
2.289386
2.289258
2.286582
2.285591
2.284145
2.284350
2.282119
2.280251
2.277523
2.276363
2.272351
2.269619
2.268246
2.267970
2.272571
2.271498
2.271320
2.273618
2.275777
2.275555
2.278122
2.279123
2.279916
2.282612
2.283083
2.284188
2.285759
2.285407
2.287957
2.287948
2.290053
2.288850
2.289826
2.289647
2.290084
2.289322
2.289017
2.288976
2.287576
2.287014
2.284350
2.285231
2.283212
2.281446
2.279555
2.277238
2.276494
2.273842
2.270876
2.267882
2.269120
2.270502
2.270250
2.272339
2.273491
2.277914
2.278069
2.278016
2.278821
2.281969
2.280602
2.283619
2.284741
2.285146
2.288452
2.287755
2.289011
2.289480
2.290853
2.291181
2.291306
2.291371
2.290342
2.291466
2.289854
2.289006
2.288467
2.287954
2.286607
2.284501
2.282887
2.281096
2.281697
2.278513
2.275742
2.272431
2.268983
2.269169
2.269034
2.270349
2.270756
2.273696
2.274577
2.275482
2.276784
2.277453
2.280083
2.280883
2.282066
2.282406
2.284716
2.285418
2.286338
2.287760
2.287501
2.290114
2.290006
2.289952
2.289363
2.291091
2.290493
2.289502
2.288731
2.286612
2.287816
2.285855
2.284492
2.282764
2.281783
2.280689
2.278301
2.276227
2.273012
2.272165
2.271375
2.269374
2.268732
2.270006
2.273334
2.273911
2.274551
2.276098
2.279167
2.280154
2.281175
2.282290
2.282963
2.285672
2.286104
2.287661
2.287287
2.289721
2.290363
2.289971
2.290898
2.290804
2.292051
2.291356
2.290740
2.289172
2.289493
2.288877
2.286723
2.285807
2.284141
2.284707
2.282133
2.280365
2.277341
2.275855
2.272776
2.269322
2.268153
2.267964
2.271132
2.271599
2.273082
2.274355
2.275671
2.277591
2.279004
2.280121
2.279755
2.282695
2.281855
2.283951
2.285270
2.285949
2.287931
2.288237
2.289021
2.289007
2.290779
2.290844
2.289748
2.289903
2.288776
2.289366
2.287990
2.286978
2.284775
2.284669
2.283069
2.281556
2.281671
2.278409
2.275411
2.273404
2.271383
2.266282
2.268429
2.270237
2.270497
2.272445
2.273206
2.276453
2.278855
2.278844
2.279078
2.281376
2.283119
2.282503
2.284635
2.285013
2.288185
2.287748
2.288832
2.289932
2.291240
2.291448
2.290344
2.291096
2.290115
2.291181
2.289959
2.289060
2.288994
2.285528
2.286504
2.285221
2.283937
2.282097
2.280977
2.276750
2.275536
2.272062
2.268259
2.268848
2.269024
2.269974
2.270772
2.273288
2.274410
2.275604
2.276948
2.277181
2.280340
2.280960
2.281906
2.282754
2.284290
2.286231
2.285787
2.287142
2.287032
2.289541
2.289478
2.289982
2.289672
2.290046
2.291259
2.288663
2.287917
2.286471
2.286878
2.285593
2.283831
2.281821
2.280303
2.280867
2.277331
2.275584
2.272644
2.271311
2.268670
2.268409
2.269694
2.269525
2.273120
2.274087
2.275475
2.276216
2.278894
2.279800
2.281041
2.282165
2.282317
2.285438
2.286361
2.287023
2.287530
2.289397
2.290637
2.290354
2.290971
2.290273
2.292184
2.291226
2.290807
2.289118
2.288992
2.288972
2.286944
2.286057
2.284307
2.284219
2.282054
2.280324
2.278098
2.275046
2.272706
2.269914
2.268686
2.268128
2.270604
2.270801
2.272866
2.274129
2.274745
2.277567
2.278167
2.279246
2.280102
2.282446
2.283312
2.284471
2.285730
2.285346
2.288018
2.288575
2.288908
2.288964
2.290563
2.290455
2.290278
2.289752
2.287942
2.289122
2.287662
2.287281
2.284040
2.283977
2.283160
2.281196
2.280026
2.277066
2.276622
2.273768
2.272046
2.267945
2.268354
2.271274
2.271187
2.272377
2.273415
2.276512
2.277286
2.278516
2.279574
2.281340
2.283219
2.283987
2.284073
2.285513
2.287605
2.288046
2.289257
2.289907
2.289698
2.291616
2.291015
2.291527
2.290558
2.290850
2.290194
2.289182
2.288732
2.285993
2.286387
2.285101
2.283819
2.281383
2.280353
2.278150
2.275499
2.272295
2.268175
2.269072
2.269116
2.271460
2.270188
2.273838
2.277689
2.275835
2.277063
2.276984
2.280443
2.277528
2.281567
2.282716
2.283183
2.286471
2.285318
2.286852
2.286461
2.288549
2.290606
2.289788
2.289798
2.288263
2.290123
2.289205
2.288476
2.286976
2.287961
2.285174
2.283887
2.282876
2.280551
2.280573
2.278301
2.275391
2.272929
2.271231
2.269147
2.268614
2.270436
2.269633
2.273687
2.274438
2.275890
2.276888
2.278072
2.280284
2.281384
2.282542
2.282840
2.285677
2.286109
2.288306
2.287161
2.288477
2.290106
2.290486
2.291186
2.290353
2.292026
2.291015
2.290471
2.289898
2.288336
2.289875
2.286319
2.287086
2.283941
2.282786
2.281637
2.280265
2.278178
2.274183
2.272433
2.269295
2.268367
2.268515
2.270689
2.271804
2.273136
2.274182
2.274719
2.279302
2.279570
2.278315
2.280060
2.282407
2.281919
2.284116
2.286005
2.284632
2.287898
2.288627
2.288843
2.289515
2.289466
2.290446
2.290451
2.289614
2.288530
2.289339
2.287523
2.286953
2.285341
2.283856
2.283431
2.281469
2.279637
2.277393
2.276248
2.273459
2.270818
2.269658
2.268313
2.270869
2.269958
2.272278
2.273800
2.276546
2.277558
2.278911
2.280287
2.280686
2.283337
2.284210
2.285099
2.285600
2.287675
2.288585
2.288976
2.290372
2.289292
2.292173
2.291728
2.291293
2.290552
2.290468
2.290283
2.289287
2.288402
2.286104
2.286501
2.285305
2.283793
2.282057
2.279609
2.278533
2.275373
2.272030
2.269642
2.268047
2.270074
2.271495
2.271454
2.271812
2.275383
2.274516
2.276725
2.277502
2.280838
2.281916
2.281815
2.281613
2.283173
2.286502
2.286218
2.287306
2.287684
2.289272
2.289831
2.289950
2.290273
2.289277
2.290571
2.289376
2.288462
2.287173
2.286599
2.285962
2.284150
2.282982
2.280647
2.280643
2.278365
2.275526
2.273260
2.270568
2.269114
2.268705
2.270056
2.270172
2.273191
2.274231
2.276610
2.276834
2.278202
2.280831
2.281342
2.282735
2.282928
2.285429
2.286435
2.287217
2.288192
2.290010
2.290803
2.290480
2.291473
2.290102
2.290242
2.291128
2.290654
2.290182
2.288007
2.289547
2.287148
2.285520
2.285951
2.285129
2.281030
2.279782
2.278104
2.273133
2.272522
2.269437
2.268545
2.268687
2.270389
2.271901
2.273107
2.274299
2.274899
2.277772
2.278315
2.279717
2.280306
2.281159
2.284254
2.284679
2.285577
2.285392
2.288079
2.288327
2.289006
2.290000
2.289198
2.291096
2.290178
2.289892
2.288225
2.288622
2.287167
2.286496
2.286366
2.283484
2.283823
2.279775
2.279688
2.277446
2.276019
2.273687
2.270425
2.268381
2.268006
2.270790
2.270885
2.272546
2.274099
2.275723
2.277549
2.279103
2.279696
2.280157
2.283389
2.283924
2.284735
2.286080
2.287223
2.288789
2.289427
2.289639
2.289387
2.291569
2.290984
2.291238
2.290628
2.290754
2.291824
2.288402
2.288851
2.285260
2.285125
2.284493
2.283328
2.281600
2.278820
2.278746
2.275250
2.271860
2.268315
2.270011
2.269762
2.270425
2.270045
2.271957
2.275048
2.276002
2.276932
2.277744
2.279480
2.280995
2.281638
2.283346
2.283463
2.286422
2.286257
2.287559
2.287878
2.288505
2.290335
2.290596
2.290194
2.289424
2.290340
2.289225
2.288187
2.287722
2.285911
2.286102
2.284322
2.282434
2.280579
2.280427
2.278091
2.275752
2.273088
2.269775
2.269575
2.270384
2.269378
2.269416
2.273214
2.274627
2.275885
2.277473
2.278016
2.280674
2.282509
2.283114
2.282280
2.284261
2.286410
2.289066
2.289739
2.287130
2.290367
2.290996
2.289735
2.290978
2.291467
2.291451
2.290716
2.289929
2.288184
2.289559
2.286789
2.285126
2.284886
2.283126
2.282531
2.279987
2.277846
2.274327
2.272537
2.269486
2.268496
2.269670
2.270027
2.271870
2.273208
2.275171
2.274648
2.277845
2.278802
2.279701
2.281330
2.281276
2.284100
2.284804
2.286531
2.285463
2.287467
2.288309
2.288898
2.290874
2.289879
2.291658
2.289144
2.289207
2.288785
2.286968
2.288063
2.286347
2.285243
2.283334
2.283371
2.281685
2.279381
2.277193
2.275409
2.273634
2.270724
2.268771
2.267607
2.270835
2.270908
2.272518
2.274407
2.275236
2.277901
2.278775
2.280944
2.282491
2.281607
2.283626
2.284757
2.284529
2.286506
2.288523
2.288967
2.289884
2.289833
2.291178
2.291524
2.290886
2.290848
2.289386
2.290269
2.288947
2.288631
2.286280
2.286423
2.285133
2.283384
2.279994
2.278982
2.278340
2.275078
2.271207
2.268112
2.267853
2.269312
2.270681
2.271100
2.272340
2.274945
2.276000
2.276921
2.278478
2.279141
2.281250
2.282225
2.283517
2.283391
2.286190
2.286965
2.287348
2.288496
2.288359
2.290493
2.290010
2.290416
2.289430
2.290325
2.289257
2.288404
2.287474
2.285488
2.286288
2.283940
2.282881
2.280436
2.279587
2.278056
2.275383
2.273213
2.269737
2.271460
2.269685
2.269397
2.270729
2.272003
2.272851
2.275839
2.277359
2.277664
2.280696
2.281560
2.282439
2.283484
2.284483
2.286381
2.287090
2.287788
2.288106
2.290962
2.289565
2.291077
2.291258
2.290553
2.291846
2.290399
2.289567
2.288250
2.288645
2.286910
2.285488
2.284529
2.282426
2.282426
2.280022
2.277423
2.274154
2.271772
2.269220
2.269108
2.268094
2.269109
2.272108
2.273399
2.274469
2.275109
2.277097
2.278519
2.279860
2.282237
2.281637
2.283906
2.283186
2.285655
2.286008
2.287173
2.288928
2.289242
2.289836
2.288916
2.290763
2.290276
2.289484
2.288611
2.287300
2.287912
2.286791
2.285165
2.283249
2.283359
2.282735
2.281367
2.276844
2.274960
2.274141
2.268678
2.268265
2.268082
2.271533
2.270633
2.272895
2.274132
2.274737
2.277877
2.279199
2.280050
2.280581
2.282751
2.284067
2.284467
2.285729
2.286219
2.288772
2.289329
2.289969
2.290205
2.292207
2.291731
2.290775
2.290107
2.289557
2.291193
2.290097
2.288018
2.286307
2.284695
2.284253
2.283390
2.281884
2.278694
2.278321
2.275298
2.271587
2.269117
2.267674
2.269816
2.270977
2.271048
2.272482
2.274708
2.276170
2.277216
2.278486
2.278612
2.281722
2.282318
2.283463
2.283731
2.286019
2.286558
2.287568
2.288769
2.288254
2.290508
2.290059
2.290206
2.291636
2.290114
2.288476
2.287829
2.286397
2.284446
2.285976
2.286454
2.282699
2.280770
2.277951
2.278149
2.275314
2.273073
2.269487
2.269073
2.268376
2.270517
2.270711
2.272117
2.275692
2.275385
2.276226
2.277403
2.280400
2.281337
2.282420
2.283763
2.283801
2.287060
2.287505
2.287925
2.288069
2.290487
2.290469
2.290661
2.291049
2.290081
2.291649
2.290344
2.289481
2.288283
2.287996
2.287021
2.285771
2.284837
2.282448
2.282687
2.279715
2.277613
2.274460
2.271323
2.269427
2.268350
2.271068
2.269565
2.272233
2.271853
2.274294
2.275540
2.276348
2.278856
2.279782
2.280693
2.281380
2.283747
2.284750
2.285847
2.286240
2.287943
2.289609
2.288855
2.289582
2.288787
2.291101
2.289755
2.289234
2.288845
2.287461
2.288513
2.287037
2.284786
2.283081
2.282398
2.281373
2.279108
2.277118
2.274229
2.273452
2.270406
2.268090
2.268231
2.270650
2.271041
2.272103
2.274262
2.274789
2.277753
2.278567
2.279728
2.281127
2.282878
2.284464
2.285388
2.285285
2.287065
2.288063
2.289410
2.289741
2.290553
2.290210
2.292149
2.291545
2.290869
2.289810
2.290366
2.289121
2.288615
2.286872
2.284053
2.285503
2.283243
2.281466
2.279001
2.277473
2.275225
2.271488
2.268500
2.267242
2.270232
2.270594
2.271346
2.272599
2.274811
2.275329
2.277097
2.278748
2.279022
2.281986
2.282313
2.283670
2.283964
2.286130
2.286995
2.287085
2.288200
2.288364
2.290396
2.290614
2.290280
2.290325
2.288299
2.289448
2.288136
2.287182
2.285612
2.285038
2.284396
2.282138
2.281185
2.278438
2.277634
2.275119
2.272570
2.269573
2.268717
2.268705
2.270181
2.270752
2.271840
2.275466
2.276042
2.277149
2.278367
2.280351
2.281749
2.282789
2.283763
2.284361
2.286754
2.288467
2.287611
2.288579
2.289721
2.291086
2.291037
2.291343
2.290055
2.291315
2.290173
2.289641
2.288550
2.288112
2.287021
2.285485
2.285391
2.282407
2.282245
2.279385
2.277430
2.274697
2.271691
2.272299
2.268345
2.269203
2.269168
2.272702
2.271374
2.273636
2.276210
2.276096
2.277593
2.280549
2.279819
2.281390
2.282466
2.284376
2.286372
2.286279
2.286397
2.289349
2.289397
2.289448
2.289778
2.291715
2.289141
2.288957
2.288658
2.287015
2.288185
2.286609
2.285159
2.283750
2.282314
2.281767
2.279510
2.277297
2.274430
2.273429
2.270239
2.268651
2.268457
2.270392
2.272633
2.272640
2.273595
2.274647
2.277845
2.279203
2.280261
2.281557
2.281811
2.284311
2.285187
2.286296
2.286971
2.288180
2.289289
2.290388
2.289856
2.290244
2.292396
2.291281
2.290791
2.289687
2.289916
2.288967
2.288976
2.286209
2.284350
2.285591
2.283324
2.281915
2.279189
2.277071
2.274892
2.272564
2.270362
2.267222
2.269379
2.270204
2.271615
2.273849
2.273001
2.277142
2.276312
2.277578
2.278631
2.281593
2.283343
2.284192
2.284603
2.285112
2.286041
2.287350
2.288332
2.288292
2.290186
2.290197
2.290228
2.290044
2.288977
2.289857
2.288514
2.287682
2.285826
2.285444
2.284133
2.282430
2.281012
2.278290
2.278432
2.275109
2.272833
2.269801
2.268319
2.269378
2.270143
2.271511
2.272093
2.275390
2.276101
2.277455
2.279081
2.279806
2.282037
2.283223
2.284214
2.284425
2.286982
2.287733
2.288436
2.289424
2.289422
2.291484
2.291316
2.292147
2.291240
2.290854
2.289569
2.289471
2.289059
2.287320
2.287341
2.285840
2.285140
2.284187
2.283148
2.278590
2.277030
2.274944
2.268811
2.269625
2.268578
2.269335
2.270375
2.271768
2.273541
2.274237
2.275823
2.276095
2.279588
2.280017
2.281397
2.281982
2.283363
2.285208
2.286304
2.286558
2.287078
2.289124
2.289542
2.289895
2.289882
2.289605
2.291017
2.289680
2.288843
2.287685
2.287903
2.287052
2.285389
2.283913
2.283152
2.282249
2.279359
2.276382
2.274504
2.273364
2.270401
2.268582
2.268787
2.269785
2.271788
2.273043
2.274833
2.275865
2.277771
2.280603
2.281144
2.280690
2.281902
2.284955
2.285112
2.286355
2.286819
2.288486
2.289784
2.290303
2.290989
2.290362
2.292832
2.293610
2.290448
2.290130
2.289422
2.287852
2.288316
2.286311
2.284760
2.285345
2.283935
2.281553
2.279933
2.276731
2.275440
2.271514
2.268748
2.267468
2.270110
2.272449
2.271829
2.273701
2.272389
2.276596
2.277656
2.278715
2.279320
2.281601
2.282833
2.283786
2.284900
2.284967
2.287560
2.287695
2.288306
2.289194
2.289945
2.290795
2.290557
2.290266
2.288823
2.289587
2.288613
2.287373
2.286209
2.284932
2.284224
2.282816
2.281118
2.278345
2.278249
2.275298
2.272904
2.270087
2.267503
2.269317
2.270430
2.271404
2.273882
2.274494
2.276167
2.277593
2.278724
2.279640
2.282172
2.283001
2.285292
2.285387
2.285659
2.287892
2.290053
2.289639
2.288319
2.291046
2.289831
2.290453
2.290538
2.291142
2.290626
2.289616
2.289144
2.287883
2.287168
2.285421
2.284667
2.282845
2.281360
2.280170
2.277303
2.274616
2.270288
2.269310
2.268260
2.269320
2.270616
2.271151
2.274008
2.275368
2.275410
2.276599
2.279321
2.280251
2.280998
2.282235
2.282485
2.285458
2.286537
2.286593
2.286717
2.288848
2.289334
2.289987
2.290031
2.290518
2.291290
2.289222
2.287768
2.287056
2.287484
2.286743
2.284886
2.283794
2.281365
2.281887
2.279419
2.277046
2.274709
2.273080
2.270530
2.268566
2.268794
2.269199
2.271760
2.273155
2.274889
2.276288
2.277220
2.279491
2.280614
2.283350
2.283357
2.283593
2.285858
2.285088
2.287321
2.286966
2.289791
2.289860
2.290784
2.290428
2.291552
2.291327
2.290820
2.289984
2.288792
2.289323
2.288706
2.286066
2.284757
2.284774
2.284647
2.281272
2.279406
2.274993
2.275083
2.271069
2.268699
2.267814
2.269345
2.271274
2.271526
2.273365
2.273690
2.276646
2.277141
2.278414
2.279480
2.280755
2.283244
2.284663
2.284262
2.285354
2.285875
2.286766
2.288344
2.288911
2.289009
2.290933
2.290398
2.289876
2.288721
2.289675
2.288153
2.287250
2.286425
2.283843
2.284421
2.282478
2.280745
2.278121
2.277726
2.274773
2.272657
2.270028
2.268264
2.271890
2.269735
2.271625
2.272472
2.274792
2.274037
2.277671
2.278840
2.279582
2.282466
2.283382
2.284197
2.284877
2.286307
2.289442
2.287794
2.289260
2.289883
2.290707
2.291340
2.291558
2.291088
2.290525
2.290795
2.289680
2.288978
2.287627
2.287305
2.285251
2.284020
2.283022
2.280496
2.279894
2.276946
2.274435
2.270001
2.269167
2.268451
2.269708
2.269895
2.270512
2.274103
2.274635
2.275831
2.276655
2.278534
2.280226
2.281302
2.282231
2.283855
2.285480
2.285746
2.285472
2.286715
2.288236
2.289674
2.289780
2.289904
2.289593
2.290732
2.289690
2.288769
2.287824
2.286701
2.286956
2.284994
2.283813
2.281393
2.281600
2.280917
2.277039
2.274444
2.271733
2.270923
2.266672
2.268894
2.269796
2.272068
2.273412
2.274714
2.276402
2.276719
2.280086
2.280836
2.281786
2.282252
2.284487
2.285545
2.286466
2.287641
2.287492
2.290151
2.290591
2.290518
2.290568
2.291729
2.293224
2.290742
2.290596
2.287084
2.289551
2.287896
2.286711
2.285029
2.284034
2.283546
2.281366
2.279236
2.275885
2.275568
2.271200
2.268986
2.268315
2.269294
2.271584
2.272183
2.273799
2.274090
2.276807
2.277583
2.278683
2.280233
2.280634
2.283641
2.283543
2.284641
2.285490
2.287453
2.288081
2.288679
2.289364
2.288877
2.291052
2.290598
2.291518
2.290930
2.288382
2.288192
2.287374
2.286081
2.283038
2.284279
2.282949
2.281933
2.278937
2.276787
2.274229
2.272654
2.269830
2.267777
2.269548
2.271901
2.270742
2.273090
2.274525
2.277027
2.277540
2.279047
2.279580
2.282383
2.283219
2.283977
2.285624
2.285655
2.288136
2.289315
2.290664
2.289062
2.290630
2.291273
2.289981
2.291000
2.289972
2.291385
2.289745
2.288883
2.287810
2.286687
2.285621
2.284670
2.282997
2.280725
2.280378
2.277537
2.274574
2.270629
2.268916
2.269163
2.269824
2.270871
2.272956
2.274090
2.274036
2.275954
2.277333
2.278903
2.280816
2.281442
2.282656
2.282884
2.285560
2.286521
2.287015
2.287776
2.289512
2.290158
2.290049
2.290540
2.289068
2.290371
2.289707
2.288778
2.288024
2.286478
2.287599
2.284839
2.283825
2.281634
2.281188
2.279426
2.276976
2.274911
2.271304
2.270562
2.268462
2.268812
2.270091
2.271756
2.273495
2.275158
2.276816
2.275877
2.279582
2.280430
2.281916
2.282662
2.284320
2.286764
2.286375
2.287757
2.286354
2.289722
2.290264
2.290619
2.290828
2.291054
2.291893
2.290865
2.290545
2.288930
2.289618
2.288682
2.286543
2.285134
2.283590
2.283717
2.281570
2.279482
2.276486
2.274776
2.271236
2.268634
2.268160
2.268915
2.271540
2.271935
2.273569
2.274793
2.276291
2.277768
2.279369
2.280083
2.280330
2.283361
2.283884
2.284849
2.286003
2.286524
2.288452
2.288409
2.289209
2.288579
2.290835
2.290135
2.290958
2.289371
2.288388
2.287650
2.286942
2.286924
2.283567
2.284238
2.282711
2.280744
2.279118
2.276602
2.275321
2.272804
2.270280
2.268084
2.270114
2.270706
2.272097
2.273440
2.274389
2.277402
2.278150
2.279257
2.279751
2.282286
2.283543
2.284202
2.285436
2.285505
2.288469
2.288786
2.289593
2.290103
2.290602
2.291280
2.290963
2.291167
2.289645
2.290729
2.289641
2.289010
2.288216
2.287312
2.284889
2.284182
2.283057
2.281516
2.280439
2.278377
2.273023
2.270930
2.271239
2.269859
2.269904
2.270390
2.272350
2.272202
2.273195
2.275962
2.277623
2.277775
2.280446
2.281438
2.282810
2.281169
2.285231
2.287283
2.286693
2.287279
2.287753
2.290323
2.289762
2.291537
2.289664
2.290113
2.289248
2.288389
2.287689
2.286392
2.286630
2.284741
2.283515
2.281801
2.280695
2.279062
2.276869
2.274830
2.271376
2.270605
2.268825
2.268689
2.270595
2.271569
2.274604
2.275054
2.276212
2.275876
2.279948
2.280772
2.281643
2.283241
2.283408
2.285810
2.286752
2.287984
2.287472
2.289690
2.291152
2.289907
2.291225
2.291571
2.291026
2.290556
2.290388
2.289079
2.288955
2.288359
2.286496
2.285413
2.283589
2.284170
2.281618
2.279049
2.276386
2.274317
2.271258
2.268343
2.268502
2.269733
2.272668
2.273153
2.272719
2.274634
2.275674
2.278177
2.278566
2.278476
2.280328
2.284831
2.283907
2.285548
2.285642
2.286443
2.288118
2.287494
2.288515
2.289753
2.290170
2.289392
2.288449
2.288893
2.287799
2.288859
2.287725
2.286071
2.283451
2.283786
2.282547
2.280333
2.278482
2.275875
2.275605
2.272553
2.269807
2.267563
2.269196
2.271770
2.271116
2.273122
2.274098
2.277659
2.277627
2.279624
2.280280
2.281801
2.283580
2.284432
2.285504
2.286130
2.288286
2.288865
2.289475
2.290225
2.290328
2.291845
2.291533
2.291351
2.291462
2.291417
2.290022
2.287387
2.288246
2.285407
2.286052
2.285513
2.284420
2.280725
2.279339
2.277271
2.272249
2.270345
2.267571
2.269479
2.270762
2.271339
2.271854
2.274109
2.274715
2.274688
2.277306
2.277790
2.280791
2.281342
2.282745
2.283391
2.285281
2.286854
2.286736
2.287607
2.287662
2.290057
2.289951
2.290294
2.289712
2.289786
2.290246
2.288631
2.288080
2.286439
2.287198
2.285004
2.283518
2.282953
2.279652
2.280865
2.277238
2.275135
2.270223
2.269976
2.268378
2.269145
2.270924
2.270414
2.274054
2.275487
2.276545
2.277265
2.279614
2.281111
2.281884
2.283347
2.283393
2.286360
2.286594
2.287688
2.288022
2.289740
2.290689
2.290691
2.291207
2.290388
2.292089
2.291092
2.291530
2.290972
2.288378
2.287592
2.286439
2.284648
2.282223
2.283188
2.280908
2.278967
2.276978
2.273371
2.272241
2.269226
2.268471
2.267777
2.271028
2.272200
2.274559
2.275153
2.275434
2.277184
2.278837
2.280125
2.280309
2.282833
2.283664
2.284623
2.286204
2.285736
2.288511
2.288486
2.289118
2.289039
2.290787
2.290523
2.290270
2.289411
2.287703
2.288463
2.287213
2.286336
2.284536
2.283518
2.282622
2.280710
2.279141
2.276076
2.275622
2.272356
2.269635
2.268220
2.268416
2.270623
2.271726
2.273448
2.274052
2.277393
2.279202
2.278206
2.279581
2.281045
2.283849
2.284418
2.285266
2.287047
2.289307
2.289169
2.287994
2.289469
2.289662
2.290211
2.291339
2.291203
2.290037
2.291479
2.289309
2.288316
2.288418
2.285025
2.285843
2.284298
2.282807
2.280558
2.278777
2.276937
2.273980
2.270467
2.267476
2.269006
2.269671
2.270514
2.271943
2.273130
2.275995
2.275587
2.277541
2.278046
2.280716
2.281476
2.282440
2.283522
2.284085
2.287374
2.286634
2.287661
2.287765
2.289590
2.290106
2.290120
2.289942
2.288888
2.291712
2.288678
2.287288
2.284856
2.286180
2.284243
2.283620
2.282219
2.279729
2.279773
2.276756
2.274264
2.271835
2.269835
2.268684
2.268963
2.270678
2.270970
2.274384
2.275128
2.276310
2.277555
2.278938
2.281125
2.283485
2.283608
2.282428
2.286185
2.284583
2.287282
2.287627
2.288666
2.290249
2.290428
2.290812
2.290500
2.291571
2.290806
2.290003
2.289144
2.287421
2.288738
2.285944
2.284623
2.282938
2.283041
2.280878
2.280231
2.276659
2.272765
2.269632
2.268183
2.268474
2.269039
2.272283
2.271569
2.273397
2.274793
2.275193
2.278067
2.278937
2.280268
2.281210
2.282819
2.284136
2.284917
2.286047
2.286085
2.288405
2.288711
2.289661
2.289668
2.289348
2.290326
2.289862
2.289402
2.287908
2.288808
2.287096
2.286620
2.285171
2.283581
2.282280
2.280204
2.278857
2.274942
2.275100
2.272190
2.269496
2.269983
2.269174
2.270581
2.271661
2.273093
2.274125
2.276621
2.277756
2.277852
2.280293
2.281082
2.284017
2.284276
2.285447
2.285836
2.287779
2.288601
2.289367
2.290623
2.289281
2.291584
2.291592
2.291178
2.290650
2.289872
2.289494
2.288468
2.287768
2.285132
2.285686
2.283958
2.282711
2.280455
2.278054
2.277243
2.273806
2.269843
2.267365
2.268889
2.269619
2.271628
2.270792
2.272711
2.275437
2.276579
2.277387
2.277933
2.280642
2.281636
2.282715
2.283776
2.284110
2.288860
2.286509
2.287596
2.286367
2.289410
2.289854
2.289786
2.289952
2.288858
2.290161
2.288738
2.287645
2.286109
2.286026
2.285095
2.283380
2.281741
2.280102
2.280856
2.276351
2.274143
2.271569
2.267174
2.268681
2.269008
2.271335
2.270563
2.273461
2.274858
2.276657
2.277896
2.279050
2.281353
2.281835
2.283035
2.283449
2.285953
2.286571
2.288090
2.288175
2.288353
2.291118
2.290892
2.291227
2.290589
2.291574
2.291624
2.290501
2.289131
2.286181
2.288166
2.286140
2.284920
2.283840
2.282808
2.280988
2.278870
2.276380
2.273160
2.271014
2.268748
2.268606
2.269256
2.270869
2.272872
2.274066
2.275031
2.275807
2.278513
2.279016
2.280297
2.281448
2.281741
2.284614
2.285066
2.286205
2.286162
2.288523
2.288995
2.289522
2.289920
2.289179
2.290878
2.291341
2.290957
2.286835
2.288414
2.286436
2.285185
2.284250
2.282350
2.283602
2.279865
2.279820
2.277332
2.274800
2.271419
2.268801
2.268326
2.268023
2.272233
2.271576
2.273453
2.275091
2.278447
2.277201
2.279091
2.280664
2.281124
2.283888
2.284589
2.285641
2.286654
2.287206
2.289255
2.289368
2.290052
2.289926
2.291721
2.291452
2.291025
2.290659
2.289345
2.289987
2.288688
2.287424
2.285217
2.285529
2.284110
2.282404
2.280837
2.278760
2.278311
2.272727
2.270175
2.266883
2.267650
2.269512
2.271193
2.272032
2.273470
2.276317
2.276262
2.276106
2.278076
2.279762
2.281660
2.282353
2.284032
2.284120
2.286912
2.286478
2.288317
2.289770
2.288021
2.290261
2.289820
2.288104
2.288478
2.289836
2.288564
2.287365
2.286687
2.285348
2.284622
2.283190
2.281726
2.279632
2.278804
2.276496
2.274145
2.271542
2.268265
2.268984
2.268749
2.271368
2.271010
2.273536
2.275131
2.276617
2.277825
2.278653
2.281492
2.281294
2.283104
2.283560
2.285159
2.287979
2.288373
2.287970
2.287400
2.290282
2.290694
2.291120
2.290543
2.291049
2.291053
2.289655
2.289138
2.287549
2.288443
2.285889
2.284648
2.283866
2.281836
2.281064
2.278544
2.276253
2.272371
2.270513
2.267882
2.268401
2.269617
2.270181
2.272570
2.273225
2.275345
2.274787
2.279597
2.279298
2.280171
2.281594
2.281145
2.284265
2.284858
2.286557
2.286214
2.287619
2.288762
2.289129
2.289782
2.289017
2.290961
2.289711
2.289543
2.288581
2.287548
2.286896
2.285253
2.284155
2.282270
2.282525
2.280316
2.278652
2.275920
2.273825
2.272266
2.269136
2.268314
2.268158
2.271437
2.271809
2.273139
2.274917
2.275641
2.278574
2.279125
2.280400
2.280955
2.283572
2.284387
2.285744
2.286469
2.286950
2.289115
2.289464
2.290104
2.289900
2.291260
2.291530
2.291118
2.290560
2.289339
2.289762
2.288207
2.287087
2.285230
2.284584
2.283724
2.282168
2.280338
2.277882
2.277537
2.273284
2.269778
2.266621
2.267926
2.269891
2.271392
2.271725
2.272872
2.275218
2.276419
2.277534
2.279087
2.279636
2.281909
2.282221
2.283716
2.283939
2.286741
2.286976
2.288017
2.288488
2.288169
2.290606
2.290069
2.290049
2.289132
2.289621
2.288761
2.287322
2.286735
2.284466
2.284996
2.283318
2.281322
2.279432
2.278038
2.276843
2.274143
2.271360
2.268246
2.269915
2.268822
2.270821
2.271731
2.273630
2.275645
2.277406
2.278377
2.278593
2.280380
2.282353
2.283444
2.284245
2.284963
2.287019
2.287968
2.288700
2.288845
2.290930
2.290967
2.291097
2.291121
2.290335
2.291529
2.290870
2.289231
2.288024
2.288603
2.288449
2.285543
2.283623
2.281010
2.281054
2.278281
2.275696
2.273013
2.269068
2.267067
2.269005
2.269184
2.270229
2.272179
2.273270
2.275468
2.276273
2.278999
2.277867
2.280221
2.281651
2.282067
2.284661
2.284997
2.287350
2.287807
2.287483
2.288501
2.289032
2.289689
2.289509
2.291099
2.290239
2.289643
2.288039
2.287098
2.287634
2.286613
2.284209
2.282327
2.282399
2.280595
2.278635
2.276200
2.273186
2.272365
2.269577
2.268808
2.268695
2.271053
2.272578
2.273774
2.275285
2.275678
2.279524
2.279638
2.281098
2.281569
2.283420
2.284582
2.285687
2.286547
2.287185
2.289487
2.289703
2.290183
2.290352
2.290733
2.291970
2.291061
2.290803
2.289354
2.291287
2.288628
2.286428
2.285516
2.284093
2.284612
2.284428
2.281537
2.276552
2.276148
2.273654
2.267883
2.268229
2.267639
2.270784
2.271404
2.272294
2.273115
2.275528
2.276651
2.277640
2.278907
2.279459
2.282373
2.282913
2.283981
2.284306
2.286539
2.287351
2.288076
2.288658
2.288690
2.290804
2.290140
2.290438
2.289492
2.288872
2.288732
2.287856
2.286469
2.284955
2.285089
2.283112
2.282476
2.279395
2.277656
2.278013
2.274579
2.271499
2.267612
2.268652
2.269665
2.271112
2.271716
2.273058
2.275964
2.276641
2.278132
2.278715
2.280821
2.282014
2.283462
2.285813
2.283776
2.287233
2.288446
2.288688
2.289026
2.290729
2.291180
2.291338
2.292114
2.291898
2.291123
2.289880
2.289210
2.286102
2.288024
2.285227
2.284805
2.283537
2.281253
2.281143
2.278634
2.276194
2.272772
2.269333
2.268675
2.268591
2.270026
2.270579
2.273082
2.274230
2.276015
2.277084
2.277386
2.278581
2.280232
2.281597
2.281881
2.284284
2.285374
2.286772
2.286848
2.286707
2.289218
2.290071
2.289521
2.289752
2.290904
2.290117
2.289208
2.288783
2.286565
2.287675
2.285900
2.284503
2.282836
2.281847
2.280849
2.279529
2.277241
2.272876
2.272035
2.269245
2.267500
2.269027
2.271349
2.272474
2.273638
2.275628
2.276430
2.278852
2.279660
2.280721
2.283259
2.281712
2.285202
2.285814
2.287261
2.288456
2.290820
2.289816
2.289621
2.290594
2.289913
2.290660
2.290910
2.290637
2.289151
2.289890
2.288308
2.287995
2.285964
2.283297
2.284175
2.282348
2.280344
2.277649
2.276291
2.273329
2.269453
2.268052
2.267725
2.270293
2.271422
2.271993
2.273253
2.275547
2.276103
2.278024
2.279063
2.279738
2.282118
2.282727
2.283764
2.284588
2.286277
2.287471
2.287260
2.288353
2.288212
2.290505
2.290059
2.290055
2.289761
2.288322
2.290022
2.288041
2.286730
2.283910
2.284706
2.283121
2.281386
2.280140
2.277297
2.276973
2.274311
2.271776
2.268277
2.268910
2.269745
2.271388
2.271701
2.272983
2.276429
2.277058
2.278506
2.279081
2.281170
2.284113
2.283760
2.284190
2.284873
2.287113
2.286093
2.288569
2.289330
2.289875
2.291562
2.290978
2.291230
2.289667
2.291213
2.290022
2.289085
2.288011
2.287043
2.286026
2.284349
2.284389
2.280976
2.279800
2.278514
2.276538
2.273041
2.268370
2.267236
2.268657
2.269697
2.271237
2.272196
2.273667
2.275353
2.276586
2.276894
2.279758
2.280430
2.281361
2.282507
2.284159
2.285001
2.286108
2.286814
2.287132
2.289787
2.289149
2.289770
2.289496
2.290248
2.290325
2.289221
2.288345
2.286497
2.287542
2.285840
2.284465
2.282813
2.281154
2.280315
2.278212
2.276069
2.273381
2.271782
2.269475
2.269012
2.271277
2.270123
2.272849
2.273586
2.275121
2.275767
2.278897
2.279827
2.279987
2.282028
2.282608
2.285476
2.285781
2.286851
2.287576
2.288870
2.289876
2.291513
2.289848
2.290485
2.292069
2.291230
2.290717
2.289395
2.289304
2.288740
2.287334
2.285953
2.284135
2.284651
2.282680
2.280576
2.277917
2.275750
2.273576
2.269644
2.269176
2.269052
2.270456
2.271420
2.272466
2.272901
2.274516
2.277256
2.278005
2.279101
2.279801
2.282496
2.283396
2.284269
2.285341
2.285915
2.289115
2.288153
2.288529
2.288699
2.288911
2.291147
2.289662
2.290016
2.288327
2.289391
2.287475
2.286464
2.285196
2.284174
2.283318
2.281674
2.279997
2.279326
2.277007
2.273670
2.270923
2.268649
2.266596
2.269465
2.271072
2.271729
2.272750
2.275810
2.276645
2.278169
2.279707
2.280334
2.282731
2.283338
2.284692
2.285021
2.287482
2.288580
2.288604
2.289507
2.289373
2.291533
2.291075
2.291716
2.290022
2.290619
2.290393
2.290370
2.288311
2.286814
2.285392
2.284509
2.284003
2.281827
2.280523
2.278262
2.275563
2.272903
2.268515
2.269109
2.268830
2.270000
2.270789
2.272637
2.274133
2.275198
2.276556
2.277241
2.280230
2.281841
2.279809
2.281849
2.283263
2.285631
2.286550
2.286530
2.286995
2.289379
2.289556
2.289755
2.289966
2.289652
2.291541
2.290779
2.287491
2.286683
2.287542
2.284240
2.284024
2.282804
2.281411
2.280672
2.278947
2.275789
2.273888
2.271011
2.268809
2.266544
2.269118
2.270495
2.272259
2.273973
2.275315
2.276259
2.278367
2.279775
2.280868
2.282148
2.282373
2.285348
2.285829
2.286760
2.287635
2.288243
2.289749
2.290359
2.290941
2.290294
2.291906
2.291208
2.290881
2.289782
2.288491
2.289006
2.287437
2.285452
2.283787
2.284141
2.282351
2.280253
2.278164
2.274656
2.273915
2.269308
2.268141
2.268090
2.270286
2.271687
2.272857
2.273962
2.274452
2.279111
2.278221
2.277901
2.279700
2.281904
2.283162
2.283825
2.285134
2.285450
2.288162
2.288492
2.290575
2.288444
2.289651
2.290898
2.290663
2.287826
2.287930
2.289137
2.287664
2.286544
2.286102
2.283060
2.283254
2.281513
2.280126
2.277355
2.276637
2.273771
2.270964
2.269151
2.267715
2.270237
2.271301
2.272297
2.273831
2.277598
2.276664
2.279126
2.278390
2.279128
2.282849
2.284766
2.283872
2.284845
2.287338
2.288398
2.289816
2.289785
2.288637
2.291024
2.291186
2.290910
2.290541
2.290462
2.289928
2.289032
2.287640
2.286610
2.286588
2.284315
2.283215
2.281821
2.279793
2.278515
2.275679
2.272653
2.268207
2.268865
2.268703
2.269691
2.271311
2.271920
2.274296
2.275920
2.276093
2.278138
2.281473
2.279784
2.281785
2.282816
2.281426
2.285749
2.287034
2.286701
2.286622
2.289018
2.289966
2.290037
2.290097
2.289003
2.290371
2.289562
2.288323
2.288252
2.286956
2.286044
2.282631
2.282404
2.280831
2.281054
2.278159
2.275726
2.273346
2.270963
2.269500
2.268563
2.269305
2.270309
2.272614
2.274382
2.275819
2.277039
2.277958
2.280302
2.281110
2.282479
2.282554
2.285073
2.285883
2.286866
2.288945
2.287208
2.290081
2.290443
2.290816
2.290048
2.291350
2.291115
2.290470
2.289746
2.287857
2.288584
2.287378
2.285180
2.283999
2.283360
2.282211
2.279693
2.278395
2.274405
2.274944
2.269291
2.266787
2.268271
2.269983
2.273246
2.273099
2.274008
2.274632
2.277029
2.277910
2.279041
2.280558
2.281287
2.283437
2.284113
2.285275
2.285448
2.287679
2.288550
2.288918
2.289492
2.289016
2.290726
2.290127
2.289627
2.288336
2.289063
2.287690
2.286482
2.286299
2.282577
2.283878
2.281430
2.279990
2.277349
2.276250
2.274064
2.271161
2.268763
2.267853
2.270390
2.271355
2.272249
2.273473
2.275438
2.277869
2.278919
2.279552
2.280470
2.282712
2.283968
2.284251
2.285309
2.285686
2.288688
2.288741
2.289622
2.290051
2.291240
2.291273
2.291700
2.290943
2.289797
2.290374
2.289016
2.288051
2.286580
2.286067
2.284597
2.283256
2.281711
2.279125
2.278467
2.275627
2.272434
2.268310
2.268140
2.268937
2.269902
2.271675
2.271737
2.274353
2.275425
2.276639
2.277314
2.279897
2.279852
2.281806
2.282936
2.283135
2.285563
2.286392
2.286810
2.288463
2.288380
2.290801
2.288616
2.290188
2.289605
2.290286
2.289367
2.288431
2.287043
2.286201
2.286488
2.283735
2.282916
2.280639
2.280331
2.278016
2.275943
2.273361
2.270140
2.269232
2.267917
2.269372
2.270219
2.272902
2.274427
2.275696
2.277073
2.277346
2.280595
2.281079
2.282509
2.282910
2.285409
2.286131
2.287264
2.288004
2.288240
2.290329
2.290536
2.291607
2.290361
2.292170
2.293087
2.291768
2.289955
2.287508
2.288436
2.286458
2.284876
2.283993
2.282276
2.282730
2.278132
2.276543
2.274265
2.273172
2.267575
2.267694
2.268575
2.269296
2.272556
2.271910
2.273669
2.274336
2.277216
2.278108
2.279261
2.280830
2.280484
2.283742
2.284083
2.285085
2.285939
2.287363
2.288059
2.289045
2.289513
2.288501
2.290993
2.290061
2.289667
2.288342
2.288322
2.287303
2.286609
2.286470
2.282225
2.282953
2.281691
2.278802
2.277337
2.275637
2.274114
2.271041
2.268712
2.267752
2.271328
2.271572
2.271774
2.272868
2.274811
2.277670
2.278424
2.279680
2.280194
2.282821
2.283487
2.284761
2.285904
2.286192
2.289407
2.288665
2.289665
2.289671
2.291366
2.291406
2.291064
2.292591
2.290471
2.289705
2.289673
2.286286
2.286878
2.285132
2.284542
2.283555
2.282079
2.279316
2.278982
2.275623
2.272586
2.268865
2.268183
2.269421
2.270012
2.273099
2.270855
2.274836
2.275534
2.276592
2.277482
2.278875
2.281217
2.282901
2.282814
2.282449
2.284978
2.286449
2.286938
2.287492
2.288061
2.289804
2.289903
2.290211
2.289251
2.289742
2.288923
2.287798
2.286828
2.285472
2.285661
2.283741
2.282723
2.280344
2.279475
2.277713
2.275267
2.273027
2.269384
2.269158
2.268253
2.269362
2.270284
2.272639
2.274360
2.275568
2.276793
2.277027
2.280029
2.280985
2.282152
2.282779
2.285149
2.286844
2.285188
2.287431
2.288738
2.291838
2.289102
2.290852
2.291542
2.289794
2.291013
2.289324
2.289543
2.287852
2.288365
2.287564
2.284744
2.284235
2.282099
2.282388
2.280292
2.277621
2.274916
2.272833
2.269285
2.268162
2.268966
2.269087
2.272385
2.272751
2.273974
2.275238
2.276190
2.278692
2.279722
2.280426
2.281101
2.283512
2.284454
2.285157
2.286366
2.286610
2.288138
2.288545
2.289261
2.289193
2.290859
2.290481
2.289683
2.288668
2.287852
2.287855
2.286785
2.285411
2.282813
2.285079
2.281238
2.279441
2.277689
2.273499
2.274433
2.270684
2.267292
2.267643
2.269821
2.271461
2.272118
2.274207
2.274448
2.278059
2.280828
2.279221
2.280353
2.282501
2.282549
2.284722
2.286006
2.286037
2.289289
2.288685
2.289478
2.290057
2.290970
2.291374
2.291296
2.291126
2.289355
2.290317
2.289189
2.287740
2.286814
2.285240
2.285092
2.283101
2.281795
2.279044
2.278605
2.275680
2.272260
2.269057
2.267445
2.270473
2.271525
2.272011
2.271521
2.274561
2.275879
2.277234
2.278254
2.278782
2.281690
2.282355
2.283369
2.283437
2.286069
2.286556
2.287580
2.288107
2.288209
2.290519
2.290021
2.289897
2.289114
2.290112
2.289441
2.288278
2.287390
2.285413
2.286189
2.284205
2.283027
2.280902
2.279512
2.277997
2.275849
2.273777
2.269895
2.269710
2.269056
2.272108
2.271875
2.271100
2.274927
2.275985
2.275494
2.277639
2.280713
2.281204
2.282493
2.284902
2.284234
2.285977
2.286556
2.288921
2.287455
2.290050
2.291311
2.289984
2.291263
2.290750
2.291792
2.290602
2.289627
2.288256
2.288014
2.287456
2.285623
2.284110
2.282088
2.282444
2.279792
2.277374
2.274179
2.271994
2.269129
2.267947
2.269175
2.269470
2.272316
2.273020
2.275460
2.274174
2.276502
2.278291
2.279528
2.280649
2.281021
2.283515
2.284300
2.285349
2.286164
2.286627
2.288975
2.288929
2.289441
2.288989
2.292466
2.290103
2.288604
2.287927
2.287503
2.287847
2.286526
2.285431
2.283823
2.284392
2.280530
2.279651
2.277843
2.273641
2.273198
2.270610
2.268316
2.267983
2.269908
2.271673
2.272733
2.273746
2.274418
2.278085
2.278325
2.280427
2.281171
2.282046
2.284148
2.284783
2.286139
2.286309
2.289042
2.289101
2.289963
2.290472
2.290258
2.292159
2.291121
2.291261
2.289581
2.290136
2.289118
2.288017
2.286855
2.284674
2.285787
2.284076
2.281554
2.278271
2.276926
2.275353
2.272372
2.270254
2.268510
2.269930
2.269738
2.271444
2.271281
2.273885
2.276114
2.276837
2.278197
2.278398
2.281623
2.282125
2.283484
2.284013
2.285400
2.287001
2.287582
2.288387
2.288029
2.290319
2.290165
2.290221
2.290065
2.289329
2.291823
2.287714
2.287385
2.285373
2.284921
2.283821
2.282234
2.282027
2.278038
2.278662
2.275904
2.272947
2.269652
2.269246
2.269039
2.269875
2.272386
2.271572
2.275296
2.274471
2.277251
2.277967
2.279979
2.281463
2.282586
2.283836
2.283919
2.286847
2.287307
2.288221
2.288550
2.289774
2.290949
2.291009
2.290964
2.290158
2.291663
2.290493
2.289777
2.288458
2.287331
2.287801
2.285700
2.283908
2.282315
2.282389
2.279724
2.277751
2.275102
2.271322
2.269524
2.268347
2.269304
2.269596
2.272813
2.273189
2.274485
2.275808
2.276435
2.279062
2.279730
2.280925
2.281364
2.285222
2.284591
2.284291
2.286792
2.286682
2.289299
2.290681
2.290416
2.288667
2.290498
2.290612
2.287755
2.288751
2.287356
2.288234
2.286466
2.286025
2.283178
2.282376
2.281525
2.279372
2.277714
2.274495
2.273906
2.270414
2.268503
2.268251
2.269343
2.272321
2.272612
2.274725
2.275029
2.277776
2.278876
2.279845
2.281067
2.281805
2.284952
2.285397
2.285935
2.287576
2.288535
2.288138
2.289658
2.290466
2.290068
2.292442
2.291793
2.291024
2.288482
2.289692
2.288816
2.287909
2.287173
2.284577
2.284395
2.283022
2.281531
2.279305
2.277459
2.275237
2.271895
2.268759
2.267370
2.270196
2.270660
2.271792
2.272795
2.273861
2.276994
2.276588
2.279063
2.281137
2.281274
2.282200
2.283449
2.282662
2.284963
2.288082
2.287529
2.288017
2.288542
2.290359
2.290332
2.290130
2.290170
2.288718
2.289826
2.288448
2.287319
2.285779
2.286242
2.283921
2.283431
2.281560
2.278510
2.277083
2.275183
2.273235
2.269835
2.268617
2.269194
2.269858
2.271672
2.272601
2.276382
2.276055
2.277107
2.278221
2.279631
2.281607
2.282605
2.283880
2.284381
2.286924
2.287354
2.288302
2.288890
2.288844
2.291391
2.291157
2.291532
2.290545
2.291648
2.290384
2.289308
2.288618
2.287240
2.287852
2.285196
2.283980
2.281921
2.282661
2.279167
2.277253
2.274790
2.270831
2.269434
2.268226
2.269208
2.270604
2.273599
2.273852
2.274105
2.274657
2.276730
2.277306
2.279562
2.280557
2.281960
2.282955
2.284952
2.285542
2.287208
2.286450
2.288672
2.289277
2.289615
2.289488
2.289478
2.290851
2.289810
2.289121
2.287618
2.287517
2.286574
2.285412
2.283949
2.281677
2.281834
2.279639
2.277439
2.274828
2.273496
2.270562
2.268389
2.268815
2.268866
2.272092
2.272795
2.274641
2.275278
2.277485
2.278947
2.280054
2.281101
2.281841
2.284828
2.285713
2.286022
2.285832
2.287833
2.289286
2.289930
2.291083
2.289448
2.291573
2.291108
2.290753
2.289461
2.288915
2.289308
2.287785
2.286801
2.284566
2.284920
2.283942
2.282273
2.279257
2.276572
2.275357
2.271042
2.268448
2.267287
2.269735
2.270558
2.271921
2.272487
2.273896
2.276569
2.277605
2.278530
2.278866
2.281199
2.282571
2.283628
2.284662
2.284526
2.287658
2.287202
2.288077
2.288581
2.289764
2.290589
2.290581
2.290427
2.288595
2.289009
2.287630
2.287006
2.285939
2.284399
2.284296
2.282159
2.281136
2.278575
2.277756
2.275372
2.272427
2.269983
2.268056
2.269056
2.269751
2.271561
2.271684
2.275098
2.276388
2.277444
2.278743
2.279094
2.282128
2.282618
2.283683
2.284413
2.286594
2.287428
2.288176
2.288957
2.288772
2.290699
2.290978
2.290913
2.290505
2.290910
2.290640
2.289731
2.288595
2.286776
2.287649
2.285248
2.284291
2.282868
2.281844
2.279819
2.277204
2.273872
2.270349
2.269328
2.268255
2.269068
2.269994
2.271672
2.273046
2.274256
2.275473
2.276349
2.279449
2.280049
2.281035
2.282004
2.282831
2.285381
2.285419
2.286629
2.286661
2.289147
2.289361
2.289872
2.290235
2.289380
2.290888
2.289738
2.288968
2.287490
2.287724
2.286731
2.285324
2.283777
2.281673
2.282321
2.278950
2.277516
2.275019
2.272826
2.270781
2.268447
2.268445
2.269191
2.272318
2.273540
2.274791
2.275750
2.276471
2.279307
2.280106
2.281477
2.282442
2.283990
2.286147
2.287505
2.287866
2.288166
2.290041
2.289453
2.290357
2.289680
2.291257
2.290998
2.289977
2.288359
2.288756
2.289225
2.287713
2.285534
2.284039
2.284436
2.283446
2.281287
2.279757
2.276805
2.275667
2.271755
2.268702
2.267861
2.269402
2.270492
2.273263
2.272246
2.273701
2.276832
2.277339
2.278563
2.279806
2.280955
2.282774
2.283492
2.286268
2.285108
2.288001
2.286361
2.288302
2.289027
2.289325
2.290298
2.290816
2.290635
2.289060
2.289779
2.288758
2.287452
2.286817
2.285060
2.284251
2.282576
2.280928
2.278591
2.277893
2.275609
2.272858
2.270303
2.267906
2.269699
2.270485
2.272189
2.272222
2.274935
2.276599
2.277907
2.279092
2.279391
2.281970
2.283426
2.284194
2.285098
2.286236
2.287713
2.289594
2.289916
2.289389
2.292436
2.290399
2.291254
2.290036
2.290860
2.291176
2.289720
2.287439
2.286841
2.287763
2.285277
2.283931
2.282922
2.280761
2.280104
2.277361
2.274463
2.270739
2.268997
2.268484
2.269292
2.270200
2.271289
2.273424
2.274649
2.276599
2.275885
2.279065
2.280445
2.281240
2.282190
2.282588
2.285510
2.285744
2.287425
2.287055
2.288536
2.289617
2.289797
2.289927
2.289348
2.290793
2.289525
2.288964
2.287772
2.287035
2.286783
2.285278
2.283348
2.281488
2.281652
2.280838
2.277783
2.273313
2.271963
2.271059
2.268453
2.268979
2.269894
2.272932
2.273332
2.274787
2.276199
2.277178
2.280444
2.282366
2.281207
2.281522
2.284399
2.283937
2.285967
2.287114
2.287970
2.289475
2.289803
2.290365
2.290056
2.291362
2.291176
2.290912
2.289960
2.288613
2.289434
2.287945
2.287005
2.284544
2.283536
2.283209
2.281036
2.278804
2.276557
2.275552
2.271366
2.268305
2.268003
2.268781
2.270960
2.271900
2.274432
2.273798
2.276571
2.275808
2.278288
2.279770
2.280201
2.282794
2.283404
2.284467
2.284608
2.287064
2.287487
2.287901
2.289071
2.289699
2.291088
2.289680
2.289246
2.287731
2.288409
2.288163
2.286877
2.285824
2.284239
2.283914
2.282574
2.280470
2.278379
2.277177
2.275051
2.272166
2.269218
2.267852
2.269112
2.269921
2.273398
2.272772
2.273507
2.276495
2.275870
2.278400
2.279075
2.282370
2.282686
2.283931
2.284952
2.287067
2.288201
2.288828
2.287275
2.288573
2.291673
2.290223
2.291417
2.291289
2.289859
2.291165
2.289705
2.288552
2.286857
2.287606
2.285212
2.283903
2.282995
2.280331
2.280563
2.277015
2.274559
2.271090
2.268586
2.268641
2.269705
2.270429
2.270849
2.274553
2.274510
2.277277
2.276331
2.278656
2.280589
2.281259
2.282391
2.282878
2.285613
2.285943
2.287256
2.287301
2.287838
2.289975
2.289819
2.289983
2.289354
2.290745
2.291009
2.288994
2.287775
2.285444
2.286886
2.285538
2.283642
2.283043
2.283139
2.278613
2.276605
2.275183
2.269410
2.270259
2.268581
2.268649
2.269639
2.272546
2.272950
2.274765
2.275939
2.276711
2.279877
2.281029
2.281804
2.282775
2.284110
2.285596
2.286741
2.287806
2.287693
2.290362
2.290299
2.290485
2.290709
2.291166
2.291975
2.290990
2.290421
2.288687
2.289314
2.287652
2.286210
2.284995
2.283362
2.283754
2.281672
2.280662
2.275745
2.274704
2.270262
2.268480
2.268395
2.268543
2.271570
2.271955
2.273267
2.274066
2.276171
2.277637
2.278576
2.279805
2.280168
2.283257
2.283550
2.284637
2.285146
2.287145
2.287866
2.288851
2.289200
2.288423
2.290747
2.290135
2.289890
2.289140
2.289488
2.290225
2.287207
2.285741
2.284176
2.283410
2.281844
2.281529
2.278270
2.276935
2.275721
2.272786
2.270221
2.267706
2.269461
2.270396
2.272599
2.273248
2.274777
2.277358
2.277529
2.278041
2.279626
2.282234
2.283369
2.284286
2.285067
2.285191
2.288574
2.288561
2.289227
2.289402
2.290750
2.291200
2.291512
2.290604
2.289886
2.292027
2.290636
2.289072
2.286855
2.286375
2.284555
2.283594
2.282469
2.280073
2.280002
2.277017
2.274393
2.271003
2.268258
2.269076
2.269456
2.270731
2.271122
2.274477
2.275091
2.276598
2.277211
2.278084
2.281037
2.281353
2.282382
2.283051
2.285354
2.287317
2.287952
2.288651
2.286623
2.289533
2.290092
2.288826
2.289744
2.290614
2.289804
2.288760
2.287943
2.286342
2.286975
2.286395
2.282823
2.281648
2.280827
2.279571
2.276899
2.274808
2.271496
2.270319
2.268813
2.268974
2.270222
2.271651
2.273859
2.274854
2.276886
2.276837
2.279880
2.280951
2.281757
2.283505
2.283716
2.286355
2.286513
2.287862
2.287930
2.289954
2.291674
2.289662
2.290657
2.290307
2.291859
2.291072
2.291641
2.288693
2.288383
2.286721
2.286693
2.285235
2.282686
2.283456
2.281272
2.279585
2.276189
2.274255
2.271468
2.268606
2.268268
2.268531
2.271397
2.272261
2.273450
2.274005
2.276646
2.277256
2.278602
2.280614
2.282206
2.283868
2.283314
2.285131
2.284077
2.286947
2.287930
2.288414
2.289038
2.288836
2.290748
2.290254
2.290025
2.289656
2.287867
2.288661
2.287148
2.285947
2.284787
2.283618
2.282197
2.280260
2.279091
2.277189
2.275220
2.271640
2.268931
2.267720
2.269400
2.270564
2.272021
2.273251
2.274011
2.277033
2.277893
2.279098
2.280143
2.281750
2.283362
2.284440
2.285495
2.285322
2.288300
2.288761
2.289383
2.289911
2.290002
2.291492
2.291397
2.290828
2.289941
2.291005
2.289575
2.288523
2.287529
2.285854
2.285752
2.283899
2.282426
2.280087
2.279673
2.277515
2.274082
2.270992
2.267251
2.270364
2.271243
2.269863
2.271529
2.273960
2.274213
2.275673
2.276412
2.276786
2.280698
2.281343
2.282369
2.282946
2.284752
2.286208
2.287982
2.286695
2.287230
2.290044
2.289522
2.290373
2.289812
2.289805
2.290246
2.288739
2.288351
2.286432
2.286681
2.286477
2.284005
2.281338
2.279728
2.279494
2.275698
2.274631
2.271600
2.270451
2.268571
2.268704
2.270288
2.271396
2.273766
2.274973
2.276201
2.276815
2.279520
2.280455
2.281818
2.283126
2.283439
2.286600
2.286922
2.288790
2.288271
2.288253
2.289715
2.291281
2.290381
2.290631
2.292567
2.291437
2.290357
2.288780
2.288521
2.287785
2.286730
2.284789
2.282819
2.283076
2.281551
2.280553
2.276481
2.273009
2.271358
2.267007
2.268184
2.268627
2.271401
2.272689
2.273074
2.274843
2.275641
2.278357
2.278857
2.279893
2.280684
2.283078
2.284254
2.284905
2.285991
2.286501
2.288315
2.288734
2.289315
2.289245
2.290193
2.290300
2.290058
2.290234
2.288496
2.288694
2.285805
2.285862
2.284225
2.283314
2.282350
2.280623
2.278751
2.275862
2.275296
2.272519
2.269725
2.268067
2.268327
2.270956
2.271990
2.273621
2.274131
2.277356
2.277905
2.279130
2.280894
2.281702
2.283781
2.284738
2.285632
2.286059
2.288008
2.288916
2.289385
2.290159
2.290150
2.292133
2.291524
2.291432
2.291701
2.291674
2.289703
2.288451
2.287347
2.285547
2.285906
2.283844
2.282718
2.280496
2.279617
2.277384
2.273691
2.270325
2.266720
2.269174
2.269883
2.271003
2.272089
2.273672
2.275299
2.276103
2.277603
2.278099
2.281013
2.281709
2.282957
2.283791
2.284414
2.286695
2.287253
2.287930
2.288137
2.290178
2.290174
2.290498
2.290394
2.289340
2.290507
2.289075
2.288253
2.286770
2.286686
2.286520
2.283180
2.282569
2.280464
2.279229
2.276877
2.274997
2.271916
2.270168
2.268751
2.269353
2.270494
2.271536
2.274334
2.276235
2.277228
2.277812
2.279528
2.280369
2.282173
2.283103
2.283557
2.286345
2.287031
2.287812
2.288374
2.289280
2.290970
2.291175
2.291495
2.290732
2.292121
2.291092
2.290402
2.289633
2.287959
2.288337
2.286820
2.285369
2.282751
2.283027
2.281206
2.279748
2.276329
2.273367
2.271523
2.268498
2.268502
2.269272
2.271281
2.272670
2.273615
2.275379
2.275401
2.278593
2.279038
2.280185
2.280853
2.282749
2.284043
2.284943
2.286343
2.287074
2.288696
2.288784
2.288586
2.289287
2.290041
2.290780
2.290072
2.289500
2.288181
2.288713
2.287088
2.286173
2.285361
2.282313
2.282850
2.280411
2.279022
2.276282
2.275384
2.272470
2.269955
2.268626
2.268447
2.272123
2.272543
2.273877
2.274871
2.282159
2.276506
2.279356
2.280777
2.280968
2.282327
2.284128
2.285106
2.285927
2.286983
2.289063
2.289015
2.290233
2.289263
2.291741
2.290928
2.291202
2.290698
2.290081
2.290941
2.288769
2.287371
2.284944
2.285560
2.283520
2.282417
2.280907
2.278484
2.277410
2.273924
2.270877
2.267860
2.269306
2.269980
2.270907
2.273141
2.272407
2.275758
2.277046
2.277246
2.278506
2.281163
2.281625
2.282842
2.283880
2.284248
2.286737
2.287372
2.288051
2.287766
2.289511
2.290123
2.290323
2.290117
2.289447
2.290214
2.288554
2.287968
2.286696
2.286001
2.286808
2.282532
2.281772
2.279822
2.279214
2.277013
2.275770
2.271864
2.267825
2.268558
2.268980
2.270620
2.271420
2.274206
2.275195
2.276377
2.277795
2.278936
2.283077
2.282694
2.282782
2.283289
2.284106
2.286367
2.287724
2.289645
2.287552
2.290938
2.290890
2.290918
2.290598
2.291230
2.290787
2.290025
2.289238
2.287405
2.288155
2.286448
2.284697
2.282965
2.282144
2.280816
2.278462
2.276335
2.272686
2.271304
2.268369
2.268398
2.269499
2.270776
2.272577
2.273331
2.274934
2.276792
2.278695
2.279108
2.279220
2.280933
2.281713
2.284775
2.285138
2.286116
2.286295
2.288688
2.288771
2.289621
2.289796
2.289425
2.290958
2.290011
2.289243
2.288066
2.288302
2.287356
2.286090
2.284601
2.282639
2.283021
2.280527
2.278481
2.275875
2.274932
2.272614
2.269764
2.268659
2.268488
2.271292
2.274493
2.275076
2.273925
2.276612
2.278650
2.277514
2.280613
2.281263
2.284203
2.284444
2.285677
2.286682
2.287443
2.290857
2.289464
2.290006
2.289038
2.290332
2.291465
2.291449
2.290661
2.289510
2.289973
2.288731
2.287400
2.285929
2.285589
2.283409
2.282317
2.280956
2.277939
2.277431
2.273808
2.270788
2.267795
2.269206
2.270392
2.271196
2.273013
2.272294
2.276003
2.276866
2.278913
2.277766
2.280533
2.281746
2.283410
2.284076
2.284489
2.288136
2.287156
2.287647
2.288519
2.289351
2.289912
2.290325
2.290192
2.288906
2.290096
2.288784
2.289005
2.286835
2.285150
2.285729
2.281729
2.281870
2.281075
2.279544
2.276046
2.274249
2.270264
2.267889
2.269015
2.268819
2.270744
2.271799
2.274092
2.275446
2.276122
2.278394
2.277667
2.281685
2.282423
2.283174
2.284125
2.285752
2.286813
2.288081
2.288801
2.288336
2.290894
2.290999
2.290989
2.290757
2.291193
2.291031
2.290307
2.289419
2.287736
2.288070
2.286654
2.285179
2.283276
2.282449
2.281559
2.279252
2.276080
2.273431
2.271433
2.268295
2.267100
2.269306
2.270262
2.273060
2.273635
2.275136
2.275747
2.278274
2.278529
2.280421
2.281589
2.281837
2.284782
2.285282
2.286080
2.286763
2.288126
2.289267
2.289399
2.289928
2.289190
2.291150
2.290328
2.289215
2.288371
2.289370
2.288218
2.284716
2.284235
2.282709
2.280789
2.280756
2.277962
2.276516
2.274291
2.272137
2.269310
2.268319
2.268106
2.271342
2.272853
2.273365
2.275033
2.275999
2.280114
2.279753
2.281131
2.280096
2.283745
2.285219
2.286044
2.286882
2.287083
2.289519
2.289777
2.290462
2.290487
2.291968
2.291663
2.291345
2.290887
2.289752
2.290423
2.288971
2.287622
2.286240
2.285201
2.283726
2.282355
2.280849
2.277614
2.277053
2.273430
2.270744
2.267714
2.268515
2.270593
2.271217
2.272915
2.272995
2.276071
2.276641
2.277893
2.279235
2.279977
2.282240
2.283112
2.284089
2.284465
2.287160
2.287773
2.290546
2.289543
2.286980
2.290965
2.290398
2.290867
2.287827
2.289873
2.289377
2.288129
2.287219
2.284954
2.285733
2.283453
2.282007
2.279977
2.279144
2.277146
2.274395
2.272009
2.268211
2.269270
2.269500
2.270236
2.271778
2.273846
2.275601
2.276946
2.278129
2.278697
2.281889
2.282163
2.283896
2.284595
2.285619
2.287536
2.287964
2.289255
2.288713
2.290999
2.293104
2.291040
2.291315
2.289487
2.291170
2.289842
2.289324
2.288979
2.288253
2.286237
2.283565
2.282969
2.280872
2.281373
2.278582
2.276284
2.272773
2.270787
2.268376
2.268561
2.269861
2.270290
2.273846
2.273034
2.275037
2.276411
2.277275
2.279589
2.281037
2.283151
2.283381
2.283678
2.285576
2.284192
2.287499
2.289967
2.288356
2.287544
2.289846
2.289601
2.291131
2.290270
2.289496
2.289006
2.287411
2.287741
2.286121
2.285618
2.282873
2.283221
2.279392
2.278390
2.276341
2.273199
2.274448
2.269328
2.268192
2.267965
2.271482
2.273090
2.273606
2.275721
2.275999
2.279246
2.279791
2.281204
2.282034
2.283825
2.285140
2.286105
2.287309
2.287242
2.289967
2.290207
2.290574
2.290747
2.291529
2.291916
2.291266
2.290813
2.289211
2.290385
2.288424
2.287818
2.286553
2.284286
2.284599
2.282348
2.281107
2.277440
2.277311
2.273762
2.270563
2.268661
2.268450
2.272291
2.272136
2.271918
2.273270
2.274569
2.276466
2.279138
2.279180
2.279621
2.281306
2.282749
2.283916
2.284266
2.286402
2.287679
2.288116
2.288840
2.288452
2.291103
2.290425
2.290260
2.289612
2.289684
2.289003
2.288172
2.286946
2.285097
2.285510
2.283228
2.282072
2.279924
2.278572
2.276987
2.274366
2.271862
2.268602
2.269723
2.269735
2.270798
2.272530
2.273611
2.276588
2.276578
2.278579
2.278881
2.281651
2.282692
2.283990
2.284855
2.285079
2.288133
2.288360
2.289337
2.290534
2.290480
2.291063
2.290362
2.291865
2.291410
2.290980
2.289829
2.289200
2.288097
2.287393
2.286856
2.285114
2.283301
2.281225
2.281592
2.280264
2.276973
2.271796
2.269846
2.268503
2.267289
2.269555
2.270105
2.273988
2.273400
2.275212
2.276673
2.277340
2.280043
2.280201
2.281854
2.282112
2.284973
2.285318
2.286271
2.287410
2.287109
2.289311
2.289689
2.289681
2.289656
2.290817
2.290318
2.290511
2.288834
2.287179
2.287839
2.284947
2.283559
2.281811
2.281409
2.280564
2.278296
2.276413
2.273162
2.272313
2.269147
2.268546
2.269068
2.270519
2.272976
2.273975
2.275569
2.275899
2.279409
2.279691
2.281280
2.282263
2.283134
2.285342
2.286103
2.287143
2.287046
2.289773
2.289845
2.290367
2.290909
2.290750
2.292145
2.291002
2.291446
2.290686
2.290193
2.287928
2.287392
2.284833
2.284228
2.284083
2.282447
2.280637
2.277591
2.276531
2.274128
2.271013
2.268438
2.266947
2.270541
2.271423
2.272760
2.273544
2.275485
2.277345
2.278298
2.279419
2.279885
2.282460
2.283249
2.284289
2.284898
2.286065
2.287895
2.287899
2.288290
2.288594
2.290629
2.290382
2.290119
2.289909
2.288773
2.289506
2.287973
2.286923
2.285024
2.285097
2.283441
2.281858
2.280970
2.277082
2.276909
2.274405
2.271875
2.268592
2.269143
2.269720
2.271167
2.272635
2.273085
2.276556
2.277040
2.278986
2.280166
2.280715
2.282204
2.283298
2.284626
2.285065
2.287790
2.288312
2.288822
2.289584
2.291871
2.292164
2.291124
2.291414
2.289834
2.291355
2.290248
2.289507
2.288437
2.286909
2.286671
2.284901
2.283103
2.281478
2.280939
2.278282
2.276070
2.273195
2.269593
2.269285
2.269052
2.270032
2.270818
2.273343
2.274346
2.275490
2.276815
2.277082
2.280052
2.280781
2.281697
2.282338
2.284278
2.285479
2.286327
2.287264
2.287865
2.290021
2.290027
2.289865
2.288910
2.290761
2.290542
2.289402
2.288753
2.286908
2.287652
2.285929
2.285217
2.282772
2.281412
2.280532
2.278178
2.276253
2.272958
2.272072
2.269368
2.268813
2.269531
2.270784
2.273515
2.274331
2.275749
2.276796
2.279165
2.280020
2.281412
2.282206
2.282716
2.285469
2.286189
2.287264
2.287381
2.289817
2.290096
2.290205
2.291109
2.290297
2.292008
2.292008
2.290672
2.288833
2.289383
2.289077
2.288135
2.285674
2.283347
2.283114
2.282052
2.280361
2.278149
2.275996
2.273296
2.269793
2.267951
2.268032
2.270509
2.271662
2.273451
2.273783
2.275005
2.278122
2.277601
2.279463
2.280019
2.282643
2.283626
2.284251
2.285349
2.285613
2.288777
2.288578
2.288604
2.288960
2.290416
2.290719
2.290318
2.289822
2.288342
2.289433
2.287913
2.286663
2.285330
2.285979
2.282696
2.281709
2.280158
2.277425
2.277251
2.274422
2.271633
2.270089
2.270508
2.270884
2.270994
2.272419
2.274019
2.275750
2.275282
2.278121
2.279433
2.279004
2.283759
2.283643
2.284369
2.284072
2.286194
2.288461
2.288962
2.289047
2.289517
2.291317
2.291033
2.291087
2.290196
2.290974
2.289961
2.289464
2.287878
2.286103
2.287461
2.284389
2.282847
2.280909
2.280551
2.278528
2.275834
2.273046
2.268999
2.269275
2.269364
2.269977
2.271267
2.273763
2.273800
2.275209
2.276716
2.277529
2.281516
2.280788
2.281359
2.281769
2.284208
2.286009
2.286550
2.287602
2.287533
2.289238
2.289836
2.290161
2.290211
2.289758
2.290413
2.289590
2.288549
2.287244
2.287524
2.285782
2.284749
2.283230
2.280676
2.281105
2.278516
2.276264
2.272940
2.271667
2.269017
2.268804
2.269632
2.270182
2.275031
2.276206
2.274972
2.276416
2.277485
2.279155
2.281388
2.282566
2.282630
2.286547
2.285393
2.286776
2.287754
2.289287
2.289917
2.292214
2.291090
2.289815
2.290948
2.291467
2.290778
2.289887
2.288525
2.288972
2.287542
2.286267
2.283741
2.283489
2.282046
2.280340
2.278091
2.274932
2.273456
2.270331
2.268056
2.268327
2.270823
2.271580
2.273111
2.274185
2.274680
2.277461
2.278318
2.280670
2.279030
2.282106
2.283308
2.284857
2.285169
2.285256
2.288610
2.288170
2.288898
2.289143
2.289825
2.290508
2.289940
2.289583
2.288413
2.289393
2.287788
2.286521
2.286624
2.284480
2.283348
2.280123
2.281626
2.277781
2.275523
2.273658
2.270424
2.267764
2.268009
2.270257
2.271166
2.273070
2.273164
2.276230
2.276957
2.279021
2.279446
2.280415
2.283572
2.283989
2.285218
2.285247
2.287676
2.288365
2.288897
2.289840
2.289508
2.291765
2.291946
2.291378
2.290874
2.290863
2.290106
2.289473
2.288278
2.286195
2.287150
2.284585
2.283342
2.281643
2.280101
2.278368
2.275614
2.272593
2.269676
2.270159
2.269210
2.269417
2.270820
2.272178
2.275163
2.275655
2.277056
2.277372
2.279837
2.281116
2.282087
2.282926
2.283468
2.287182
2.287315
2.286845
2.287146
2.289052
2.289058
2.289675
2.290281
2.289087
2.290452
2.289092
2.288476
2.288448
2.287284
2.285190
2.284567
2.282426
2.279418
2.281417
2.277531
2.276164
2.273465
2.271118
2.269739
2.268820
2.269680
2.270401
2.273940
2.274512
2.275833
2.277347
2.278152
2.281320
2.282330
2.282411
2.282228
2.285368
2.286302
2.287325
2.288288
2.288377
2.290692
2.290896
2.291028
2.290706
2.292289
2.291387
2.290441
2.289786
2.288212
2.289075
2.287138
2.285857
2.283846
2.283196
2.282267
2.280079
2.278024
2.274495
2.273502
2.269722
2.267987
2.268885
2.270232
2.271484
2.273225
2.274117
2.274511
2.277667
2.278518
2.279267
2.280058
2.281761
2.283379
2.284036
2.285228
2.285574
2.288324
2.289639
2.289499
2.288858
2.289184
2.290906
2.287599
2.289528
2.288409
2.288866
2.287445
2.286271
2.285372
2.283481
2.283211
2.281327
2.279705
2.277238
2.275803
2.273618
2.270796
2.268746
2.267503
2.270350
2.270727
2.272916
2.273431
2.275834
2.277625
2.278475
2.280189
2.280186
2.282926
2.284009
2.284806
2.285728
2.286997
2.288577
2.288944
2.289435
2.289512
2.291545
2.291022
2.291352
2.290539
2.289939
2.291493
2.287837
2.287607
2.286091
2.287515
2.284386
2.281545
2.280812
2.279054
2.278666
2.275227
2.272397
2.269107
2.268853
2.269496
2.270011
2.271947
2.272881
2.274182
2.275290
2.277582
2.276801
2.279817
2.281163
2.283612
2.284402
2.282323
2.286493
2.284962
2.287386
2.287163
2.289132
2.289829
2.290135
2.290111
2.289211
2.290370
2.289167
2.288438
2.287260
2.286497
2.285843
2.284803
2.282177
2.280393
2.280239
2.277758
2.275577
2.272953
2.269589
2.270418
2.269253
2.269753
2.269250
2.273399
2.274309
2.275990
2.277533
2.277766
2.280922
2.281362
2.282745
2.282788
2.285480
2.286388
2.287155
2.288030
2.288594
2.290622
2.291691
2.291071
2.290977
2.290677
2.290573
2.290174
2.290013
2.288015
2.288845
2.286770
2.286155
2.284036
2.282609
2.282019
2.280143
2.277783
2.274783
2.273216
2.269976
2.268324
2.269717
2.271400
2.271259
2.273171
2.274287
2.273085
2.277380
2.278307
2.280367
2.281470
2.281213
2.282369
2.284057
2.285625
2.285968
2.288279
2.288476
2.288455
2.289520
2.288817
2.291121
2.289932
2.289582
2.288423
2.288716
2.287604
2.286577
2.285103
2.283434
2.283575
2.281740
2.279445
2.277359
2.275524
2.273589
2.270744
2.268774
2.267996
2.270848
2.271215
2.272955
2.274107
2.275493
2.277920
2.279136
2.280152
2.280664
2.283528
2.284220
2.285091
2.286302
2.286347
2.288971
2.289495
2.289930
2.290531
2.292162
2.291179
2.290163
2.291134
2.289574
2.290448
2.289346
2.288352
2.286252
2.286703
2.285053
2.282504
2.281547
2.279288
2.280295
2.275162
2.271734
2.269430
2.266768
2.269349
2.270563
2.271651
2.272508
2.274855
2.275926
2.277105
2.278275
2.279444
2.282186
2.280885
2.283474
2.283750
2.286269
2.286743
2.287670
2.287927
2.288107
2.289955
2.289855
2.290239
2.289105
2.290171
2.289194
2.288278
2.287241
2.285676
2.287213
2.284530
2.282090
2.278860
2.279737
2.277857
2.275358
2.273182
2.269917
2.269530
2.268946
2.269477
2.270582
2.273031
2.274633
2.275850
2.277175
2.277973
2.281013
2.281528
2.282822
2.283527
2.284648
2.286612
2.286901
2.287895
2.287973
2.290529
2.290542
2.290829
2.290923
2.290767
2.291228
2.291700
2.291343
2.287209
2.288411
2.286948
2.285166
2.283850
2.281532
2.282181
2.279794
2.277350
2.274408
2.272554
2.269902
2.269741
2.269186
2.269520
2.271489
2.273077
2.274605
2.275229
2.277302
2.278696
2.279754
2.281570
2.281463
2.284184
2.284687
2.285566
2.286214
2.287344
2.288547
2.289074
2.289796
2.289360
2.291006
2.290735
2.290367
2.288657
2.287685
2.287762
2.285076
2.285149
2.283434
2.283334
2.281330
2.280419
2.277064
2.275209
2.274116
2.270325
2.268746
2.267785
2.270345
2.271391
2.273139
2.274484
2.274836
2.278326
2.278545
2.279890
2.281887
2.283384
2.283646
2.283922
2.286088
2.286069
2.289435
2.289247
2.290562
2.292233
2.290421
2.291288
2.291540
2.289140
2.289922
2.290215
2.288775
2.287942
2.286476
2.285508
2.284932
2.282633
2.281603
2.278672
2.278407
2.275090
2.272071
2.269212
2.267837
2.269962
2.270085
2.271898
2.272438
2.275211
2.276254
2.277400
2.278470
2.278977
2.282004
2.282202
2.283590
2.283909
2.285990
2.287074
2.287854
2.288321
2.288327
2.291963
2.290094
2.290438
2.288402
2.289777
2.289068
2.288509
2.287483
2.285371
2.286426
2.284553
2.282781
2.280875
2.279447
2.278287
2.275824
2.273149
2.269486
2.269930
2.269041
2.269763
2.270883
2.272761
2.275009
2.275913
2.277810
2.278088
2.282604
2.282296
2.282408
2.283695
2.283927
2.286975
2.287587
2.288650
2.288983
2.289968
2.290637
2.290813
2.291190
2.290182
2.291450
2.290444
2.289413
2.288805
2.288404
2.286549
2.286449
2.284278
2.281643
2.281895
2.279254
2.277436
2.274322
2.272068
2.269785
2.268222
2.269021
2.269672
2.272338
2.273685
2.274170
2.274943
2.277515
2.278516
2.279957
2.280959
2.281430
2.284154
2.284620
2.285698
2.286485
2.287081
2.289033
2.288560
2.289660
2.289191
2.290851
2.290363
2.289593
2.288876
2.287418
2.287940
2.286305
2.285432
2.284012
2.282388
2.281466
2.279764
2.277461
2.274359
2.273950
2.270285
2.268811
2.268732
2.271024
2.271866
2.273659
2.273600
2.275022
2.278458
2.278787
2.280280
2.281127
2.282597
2.284236
2.285261
2.286310
2.286243
2.289216
2.289690
2.289632
2.290445
2.290435
2.292002
2.291285
2.291079
2.289344
2.290450
2.289128
2.288442
2.286097
2.284892
2.284756
2.282657
2.281479
2.278841
2.279335
2.273847
2.271957
2.269433
2.267586
2.270216
2.270488
2.271830
2.272843
2.274625
2.276576
2.277673
2.278605
2.279267
2.281799
2.283081
2.283962
2.284101
2.284817
2.286846
2.288151
2.288249
2.288356
2.290929
2.290000
2.290371
2.289847
2.289251
2.289843
2.288584
2.288195
2.285432
2.286760
2.286690
2.283369
2.280919
2.278478
2.277613
2.274042
2.270870
2.269215
2.269195
2.268509
2.270484
2.270897
2.271906
2.275348
2.273926
2.277355
2.278199
2.280613
2.281597
2.282697
2.283990
2.284161
2.286910
2.287274
2.288439
2.290172
2.288893
2.290666
2.291276
2.292230
2.290801
2.292047
2.289153
2.289698
2.288768
2.287625
2.287644
2.286202
2.284379
2.281889
2.282247
2.279937
2.277548
2.274650
2.271422
2.270123
2.268497
2.269540
2.269463
2.272668
2.274071
2.274373
2.275927
2.276500
2.279385
2.280337
2.281882
2.280932
2.284372
2.285102
2.286162
2.286928
2.287076
2.289514
2.289541
2.289848
2.289842
2.290756
2.290477
2.289670
2.289158
2.287363
2.288246
2.286741
2.285467
2.284426
2.283085
2.281520
2.279840
2.277877
2.273800
2.273026
2.270514
2.268512
2.267396
2.269573
2.272151
2.273664
2.274864
2.275488
2.278311
2.279187
2.280539
2.282026
2.282471
2.284690
2.285733
2.286339
2.286770
2.289300
2.289849
2.290084
2.290548
2.290610
2.292119
2.291226
2.290614
2.289770
2.289969
2.289233
2.288259
2.287064
2.285002
2.284982
2.282973
2.281728
2.278989
2.277510
2.275188
2.271616
2.269652
2.267572
2.270415
2.271829
2.271788
2.273531
2.272611
2.276319
2.277325
2.278678
2.279003
2.281792
2.282333
2.283854
2.284252
2.284833
2.287369
2.287983
2.288584
2.288243
2.290285
2.290527
2.290673
2.290008
2.290485
2.290940
2.286848
2.286926
2.285513
2.284116
2.284005
2.282385
2.280776
2.278963
2.277005
2.275506
2.273068
2.270047
2.268773
2.269205
2.270146
2.271532
2.272611
2.275419
2.276114
2.277699
2.278076
2.279854
2.282003
2.282930
2.285274
2.284605
2.286872
2.287111
2.287629
2.288867
2.289407
2.291424
2.291346
2.291609
2.290411
2.291749
2.290629
2.289811
2.288548
2.287172
2.287538
2.285681
2.284064
2.281615
2.281876
2.279825
2.277375
2.274463
2.270855
2.270215
2.268623
2.269293
2.269898
2.272679
2.274894
2.274252
2.276188
2.275978
2.279024
2.279684
2.281220
2.281805
2.283577
2.285125
2.285742
2.286434
2.286997
2.289811
2.290046
2.288858
2.289634
2.290612
2.289718
2.289257
2.288293
2.286490
2.287769
2.286407
2.284964
2.283931
2.281436
2.281748
2.279479
2.277215
2.274295
2.273175
2.270440
2.268429
2.268964
2.269035
2.272537
2.273074
2.274638
2.275386
2.277957
2.279071
2.280354
2.281376
2.281886
2.284722
2.285477
2.286611
2.286941
2.288259
2.289430
2.290106
2.290538
2.290375
2.291971
2.291405
2.291315
2.290038
2.289765
2.289102
2.287908
2.288345
2.284091
2.283819
2.284027
2.281296
2.278979
2.277127
2.275876
2.270887
2.268181
2.267702
2.270223
2.270858
2.271990
2.273465
2.274770
2.277597
2.276886
2.278557
2.277988
2.281675
2.284587
2.284107
2.284305
2.283126
2.287025
2.287076
2.287167
2.288535
2.289934
2.290833
2.290677
2.290765
2.288835
2.289769
2.286916
2.286593
2.286050
2.285071
2.285523
2.281402
2.280759
2.278141
2.277918
2.275191
2.272457
2.270209
2.268269
2.269719
2.270666
2.272846
2.272627
2.274705
2.275848
2.277399
2.279085
2.279776
2.282578
2.283174
2.283923
2.284531
2.287455
2.287698
2.288553
2.289982
2.289005
2.291362
2.291256
2.291438
2.290613
2.291546
2.290632
2.289746
2.288938
2.286953
2.287416
2.285869
2.284041
2.281676
2.281112
2.279654
2.276990
2.274836
2.270644
2.269934
2.268660
2.269540
2.272462
2.271853
2.274169
2.274743
2.276006
2.275013
2.279204
2.280216
2.282518
2.281536
2.283483
2.285168
2.284799
2.286355
2.286893
2.288995
2.289034
2.289611
2.290117
2.289378
2.290751
2.289373
2.288782
2.287416
2.287594
2.286504
2.285026
2.283797
2.281139
2.281705
2.279140
2.277519
2.274568
2.272506
2.270157
2.268434
2.268833
2.269017
2.272325
2.273474
2.275273
2.275510
2.277871
2.279708
2.281806
2.281471
2.281794
2.284625
2.285161
2.286139
2.287344
2.287984
2.289973
2.289808
2.290249
2.290347
2.292044
2.292361
2.290784
2.290173
2.288452
2.288700
2.287189
2.285254
2.284863
2.284713
2.282097
2.281288
2.279342
2.277422
2.276458
2.270420
2.269365
2.268500
2.268230
2.270943
2.272637
2.273886
2.273390
2.277233
2.277960
2.278976
2.279755
2.281406
2.282602
2.283528
2.284814
2.285016
2.287294
2.287930
2.288327
2.289171
2.289201
2.290697
2.290237
2.289975
2.288441
2.289695
2.288262
2.287547
2.285700
2.284417
2.284465
2.283203
2.281288
2.278314
2.276445
2.274702
2.272448
2.270090
2.267628
2.269799
2.269937
2.271474
2.272629
2.275221
2.276455
2.278050
2.279537
2.279109
2.282742
2.283075
2.284144
2.284805
2.286373
2.287626
2.288467
2.289506
2.288778
2.290978
2.290860
2.291303
2.290865
2.290404
2.290839
2.291489
2.288408
2.286565
2.286932
2.284725
2.283155
2.281708
2.280243
2.279760
2.276899
2.274178
2.270193
2.269951
2.268576
2.269927
2.271778
2.271692
2.274414
2.273185
2.275990
2.276521
2.279390
2.280629
2.281018
2.282203
2.282649
2.285490
2.285970
2.286937
2.287006
2.288774
2.289651
2.289983
2.290304
2.289277
2.290898
2.289813
2.289230
2.287584
2.287005
2.286492
2.284949
2.284144
2.281041
2.281492
2.279660
2.276363
2.274576
2.271850
2.270373
2.268988
2.268780
2.269600
2.272307
2.273734
2.274899
2.276332
2.276973
2.279559
2.280698
2.281652
2.282323
2.285881
2.285780
2.285194
2.287020
2.287643
2.290453
2.290307
2.292144
2.291133
2.291287
2.291318
2.290838
2.288318
2.288364
2.289433
2.287853
2.286870
2.285058
2.283933
2.282805
2.281160
2.279084
2.275988
2.275217
2.271329
2.268888
2.268347
2.269533
2.270949
2.272149
2.273532
2.274041
2.276929
2.277632
2.278954
2.279932
2.280743
2.283198
2.284072
2.286576
2.284837
2.287055
2.287802
2.287141
2.289021
2.288452
2.291046
2.291580
2.290339
2.288221
2.287808
2.288045
2.287112
2.285872
2.284172
2.284737
2.282290
2.280512
2.278249
2.276906
2.275376
2.272211
2.269729
2.267537
2.269521
2.270078
2.271815
2.273111
2.274514
2.276911
2.277635
2.279083
2.280409
2.284034
2.282260
2.283970
2.285013
2.285398
2.287089
2.288159
2.289538
2.288727
2.291176
2.291456
2.291217
2.291465
2.289979
2.290591
2.289456
2.288407
2.286837
2.287319
2.285360
2.285466
2.281860
2.279968
2.278902
2.275981
2.274085
2.270647
2.268998
2.268773
2.269618
2.270634
2.271208
2.275198
2.273850
2.275913
2.277752
2.277797
2.280623
2.281499
2.282501
2.282767
2.285578
2.285580
2.286959
2.287809
2.287514
2.289539
2.289813
2.290241
2.289413
2.290251
2.289445
2.288733
2.287824
2.286285
2.286795
2.284853
2.283990
2.280989
2.281294
2.279099
2.277077
2.274425
2.271015
2.270728
2.268483
2.269112
2.269514
2.273390
2.275120
2.274585
2.275907
2.276765
2.279442
2.280684
2.281591
2.282534
2.284287
2.285435
2.286478
2.287479
2.287563
2.291141
2.289130
2.290658
2.290614
2.290881
2.291804
2.290919
2.290120
2.288377
2.288926
2.287587
2.286494
2.285047
2.282995
2.282916
2.280713
2.278889
2.276040
2.274589
2.271276
2.268917
2.268412
2.268550
2.271442
2.272290
2.273910
2.273712
2.276593
2.277650
2.278538
2.280244
2.280241
2.283998
2.284331
2.285061
2.284938
2.286963
2.288234
2.288281
2.289383
2.288969
2.290782
2.290409
2.289984
2.288935
2.288580
2.288424
2.287397
2.285896
2.284059
2.284532
2.282107
2.280374
2.278531
2.276298
2.274905
2.271997
2.269523
2.267269
2.269443
2.270568
2.271561
2.273343
2.274053
2.277074
2.278137
2.279319
2.279569
2.282086
2.283534
2.284533
2.285614
2.285626
2.288324
2.288865
2.290187
2.289196
2.290947
2.291914
2.291700
2.291725
2.290288
2.290012
2.289355
2.288727
2.287189
2.286506
2.285850
2.283457
2.282227
2.280043
2.279818
2.277001
2.273746
2.270898
2.268743
2.268792
2.269914
2.270923
2.271359
2.274324
2.275413
2.276593
2.277571
2.278554
2.280766
2.281194
2.283621
2.282727
2.285484
2.286366
2.287412
2.287691
2.287889
2.290040
2.290255
2.290761
2.290051
2.291053
2.292593
2.289664
2.288099
2.286105
2.286896
2.283098
2.282977
2.281708
2.280495
2.277414
2.276815
2.274426
2.270793
2.270035
2.267194
2.268870
2.270588
2.272013
2.274590
2.275333
2.276214
2.277260
2.280520
2.280933
2.282383
2.283481
2.284167
2.286709
2.286753
2.288257
2.288312
2.290324
2.290617
2.290942
2.291064
2.290882
2.292051
2.291042
2.290615
2.288819
2.288966
2.287889
2.286587
2.285922
2.283532
2.282884
2.281026
2.279009
2.276557
2.274443
2.271136
2.269258
2.268993
2.269092
2.272992
2.272884
2.274402
2.273046
2.276394
2.278633
2.279153
2.280241
2.280719
2.283447
2.284166
2.285655
2.286032
2.287067
2.289106
2.289203
2.289288
2.289119
2.291283
2.290697
2.290183
2.289451
2.288511
2.288629
2.288591
2.287177
2.283234
2.284663
2.282296
2.278885
2.279336
2.275200
2.275886
2.272624
2.269842
2.268259
2.269698
2.270796
2.272133
2.274051
2.274983
2.276931
2.278511
2.279820
2.280474
2.282328
2.283448
2.285854
2.285843
2.285993
2.286938
2.288869
2.290134
2.289878
2.290655
2.291972
2.291931
2.291147
2.289976
2.290888
2.290004
2.288522
2.287395
2.285802
2.285604
2.283708
2.282252
2.279890
2.279626
2.276723
2.273692
2.270803
2.268139
2.269257
2.269949
2.270929
2.271711
2.274503
2.275524
2.276533
2.277771
2.277943
2.281123
2.281371
2.282645
2.283446
2.285304
2.286473
2.286901
2.288058
2.289574
2.289677
2.289706
2.290177
2.290764
2.289000
2.289994
2.287583
2.287987
2.285941
2.286603
2.285140
2.284616
2.281020
2.279709
2.279263
2.276704
2.274486
2.271311
2.270247
2.268823
2.269419
2.270486
2.271538
2.274909
2.275254
2.276667
2.277817
2.280163
2.281268
2.282169
2.283349
2.284155
2.286810
2.286822
2.288167
2.288285
2.290204
2.290688
2.291092
2.291583
2.290303
2.292111
2.290937
2.290339
2.289053
2.288750
2.287877
2.286456
2.285365
2.283131
2.284997
2.282009
2.279302
2.274657
2.273700
2.270637
2.268819
2.268841
2.269309
2.272041
2.272997
2.275089
2.274792
2.276214
2.279078
2.279241
2.280740
2.281300
2.285374
2.284366
2.285297
2.286268
2.286418
2.287989
2.288861
2.288993
2.289286
2.290897
2.290982
2.290073
2.290009
2.288056
2.288983
2.287306
2.286093
2.284465
2.284365
2.282414
2.280670
2.279213
2.276227
2.275298
2.272238
2.269867
2.268583
2.269498
2.271358
2.273924
2.274234
2.274848
2.276013
2.278145
2.279822
2.281191
2.281684
2.284054
2.284833
2.286518
2.286369
2.288867
2.289010
2.290083
2.290634
2.290183
2.292191
2.291650
2.291414
2.289925
2.290882
2.289829
2.288662
2.287455
2.285676
2.286171
2.283986
2.281908
2.279907
2.279550
2.276657
2.273941
2.271290
2.268342
2.269770
2.271380
2.272844
2.272134
2.274588
2.275415
2.275372
2.277310
2.278353
2.281201
2.282053
2.283227
2.285208
2.285237
2.286752
2.285919
2.288149
2.288326
2.289947
2.290377
2.290671
2.290307
2.289230
2.290130
2.289113
2.287941
2.286648
2.286739
2.284964
2.283782
2.282070
2.279577
2.279795
2.277007
2.274663
2.271561
2.269970
2.269077
2.269722
2.271152
2.271742
2.275184
2.275928
2.276875
2.278165
2.280016
2.281508
2.282519
2.283827
2.283859
2.286720
2.287116
2.288068
2.288680
2.289770
2.291149
2.290788
2.292072
2.290351
2.293498
2.291553
2.289007
2.289202
2.287892
2.288318
2.286676
2.285607
2.283053
2.282583
2.281167
2.279036
2.278528
2.272984
2.271300
2.269553
2.269193
2.267891
2.271466
2.273068
2.274536
2.275240
2.276266
2.278978
2.279405
2.280636
2.281414
2.283412
2.284707
2.285268
2.286334
2.286721
2.289614
2.289544
2.289226
2.289896
2.290558
2.291029
2.290303
2.289685
2.287909
2.289109
2.287387
2.286259
2.284606
2.283441
2.282745
2.281443
2.278574
2.274801
2.274454
2.271960
2.270612
2.269617
2.268221
2.271385
2.271996
2.273949
2.274630
2.277623
2.278160
2.279887
2.281191
2.281545
2.284648
2.284959
2.286019
2.286155
2.288566
2.289321
2.289892
2.290472
2.289776
2.292174
2.291530
2.291453
2.290261
2.291596
2.290397
2.287889
2.287712
2.285742
2.284234
2.283535
2.282051
2.280474
2.278323
2.276649
2.273728
2.270600
2.268723
2.269573
2.270441
2.272151
2.273539
2.273870
2.275167
2.276411
2.278119
2.278652
2.281192
2.282134
2.283027
2.284427
2.284724
2.287496
2.287462
2.288621
2.288379
2.289827
2.290252
2.290413
2.290602
2.289036
2.290214
2.288983
2.287662
2.286544
2.285777
2.284848
2.283331
2.281705
2.278997
2.280005
2.276006
2.274251
2.271820
2.269238
2.269490
2.269484
2.270705
2.271384
2.274791
2.275824
2.276857
2.278193
2.278666
2.281538
2.282394
2.283458
2.284763
2.288788
2.285563
2.286812
2.288951
2.288902
2.292493
2.292804
2.291260
2.290469
2.291620
2.290367
2.288868
2.289185
2.287682
2.288345
2.286524
2.285355
2.282684
2.281916
2.280782
2.278590
2.276223
2.272577
2.271692
2.268991
2.268533
2.269737
2.271187
2.273235
2.274657
2.275575
2.276030
2.278761
2.279547
2.280399
2.281796
2.282463
2.284887
2.285357
2.286420
2.286739
2.289136
2.289518
2.289555
2.289833
2.289481
2.292557
2.290323
2.289414
2.286377
2.288280
2.287016
2.286027
2.284995
2.282518
2.282569
2.280501
2.278297
2.275588
2.274665
2.271785
2.269209
2.268724
2.268356
2.271748
2.272549
2.274293
2.275089
2.276952
2.278990
2.279948
2.282094
2.283402
2.283121
2.284726
2.285725
2.285551
2.287249
2.289423
2.290070
2.290377
2.290065
2.291705
2.291340
2.291205
2.290444
2.289540
2.290250
2.288612
2.287326
2.285421
2.285619
2.283496
2.282699
2.280632
2.278336
2.274905
2.272890
2.270379
2.267776
2.269441
2.270242
2.271772
2.273563
2.274112
2.275234
2.276562
2.277515
2.277806
2.280841
2.282029
2.283045
2.283909
2.284281
2.287101
2.287602
2.288411
2.288213
2.289165
2.290719
2.290355
2.290289
2.289068
2.290015
2.289041
2.287791
2.286610
2.285131
2.285272
2.283783
2.281368
2.279370
2.279193
2.276484
2.273998
2.271139
2.268356
2.269254
2.269868
2.270664
2.273477
2.276134
2.275566
2.276672
2.277891
2.279143
2.280326
2.281970
2.283347
2.283871
2.285916
2.287181
2.287772
2.288809
2.289672
2.290097
2.290785
2.290934
2.290448
2.290970
2.290902
2.290092
2.288837
2.287379
2.287788
2.286099
2.284832
2.283357
2.281364
2.280574
2.278315
2.275923
2.272854
2.271082
2.269118
2.268648
2.269928
2.270570
2.273436
2.274971
2.274553
2.276040
2.278366
2.279299
2.280588
2.281784
2.281908
2.285874
2.285596
2.286168
2.285091
2.288339
2.288912
2.289391
2.290043
2.289299
2.291304
2.289680
2.289296
2.288408
2.289128
2.286375
2.285590
2.284670
2.281943
2.282017
2.281209
2.278771
2.275461
2.273292
2.271448
2.268813
2.268646
2.268530
2.271679
2.272411
2.274192
2.275404
2.276379
2.278777
2.279592
2.281117
2.281339
2.284242
2.285026
2.285538
2.287024
2.287099
2.289706
2.290400
2.289863
2.290278
2.292378
2.290666
2.291745
2.290898
2.289257
2.289750
2.287703
2.287192
2.285627
2.285379
2.283702
2.281651
2.280425
2.277463
2.276563
2.273070
2.270311
2.268556
2.268890
2.270353
2.272091
2.272869
2.273533
2.276130
2.277078
2.278316
2.279292
2.280281
2.282547
2.283301
2.285053
2.284026
2.287173
2.287461
2.288476
2.289234
2.288899
2.290775
2.290354
2.290301
2.289625
2.289774
2.288728
2.287892
2.286863
2.284617
2.284967
2.283962
2.280996
2.279765
2.278896
2.276305
2.273983
2.270666
2.268003
2.269495
2.269514
2.270921
2.271986
2.274630
2.276205
2.276788
2.279047
2.278492
2.281706
2.282615
2.283604
2.284479
2.286076
2.287280
2.288278
2.289042
2.289312
2.290998
2.291232
2.291591
2.291223
2.290650
2.291305
2.290094
2.289470
2.287757
2.287933
2.286476
2.284818
2.283266
2.280879
2.281251
2.278524
2.275802
2.272305
2.270527
2.269124
2.268605
2.270442
2.270481
2.273717
2.275277
2.275825
2.276517
2.277798
2.279874
2.280769
2.282174
2.282605
2.284847
2.286233
2.288115
2.288036
2.287956
2.289650
2.289867
2.288507
2.289541
2.290205
2.290275
2.288206
2.287004
2.287173
2.287197
2.285851
2.283162
2.282944
2.281263
2.280012
2.278790
2.275468
2.273055
2.272274
2.269297
2.268762
2.268882
2.271549
2.272936
2.274825
2.276579
2.275367
2.279297
2.279781
2.281022
2.281919
2.283835
2.285011
2.285993
2.288304
2.287691
2.289702
2.289958
2.288942
2.290245
2.291381
2.292156
2.291163
2.290364
2.289024
2.290071
2.288491
2.287218
2.285738
2.284422
2.284279
2.281414
2.280093
2.277060
2.276396
2.272862
2.269862
2.268877
2.268264
2.270807
2.271535
2.272943
2.273437
2.276196
2.276846
2.278250
2.279616
2.280167
2.282708
2.283005
2.284255
2.284844
2.287006
2.287718
2.288489
2.289207
2.291319
2.290415
2.289622
2.290248
2.289440
2.288935
2.288810
2.287866
2.285215
2.284683
2.284896
2.284266
2.280826
2.279510
2.277960
2.276633
2.273721
2.271147
2.267987
2.269485
2.269682
2.270877
2.272554
2.273896
2.276710
2.277055
2.278643
2.279123
2.281786
2.282751
2.283220
2.285102
2.285438
2.288089
2.288520
2.289061
2.289701
2.290786
2.291093
2.291190
2.291074
2.290192
2.291234
2.289971
2.288943
2.287832
2.287400
2.286367
2.284690
2.283492
2.280481
2.280627
2.279273
2.276226
2.270830
2.268983
2.269276
2.268781
2.269958
2.270474
2.273531
2.275594
2.274469
2.276541
2.278438
2.280213
2.282619
2.281377
2.282289
2.285036
2.284607
2.285857
2.287162
2.287716
2.289279
2.289746
2.290218
2.289555
2.291431
2.290048
2.289454
2.288780
2.287222
2.287614
2.286047
2.284527
2.282802
2.281493
2.279977
2.278306
2.276092
2.272474
