10.009000
2.179105
2.179369
2.179300
2.179307
2.179314
2.179220
2.179361
2.179313
2.179310
2.179322
2.179187
2.179478
2.179594
2.179518
2.179617
2.179538
2.179424
2.179341
2.179322
2.179462
2.179387
2.179519
2.179773
2.179582
2.179424
2.179342
2.179545
2.179716
2.179722
2.179554
2.179480
2.179640
2.179469
2.179429
2.179548
2.179685
2.179820
2.179523
2.179604
2.179502
2.179546
2.179782
2.179720
2.179642
2.179655
2.179583
2.179495
2.179589
2.179512
2.179620
2.179766
2.179650
2.179483
2.179458
2.179402
2.179596
2.179533
2.179355
2.179509
2.179320
2.179102
2.179363
2.179459
2.179350
2.179415
2.179242
2.179314
2.179338
2.179330
2.179447
2.179418
2.179247
2.179135
2.179151
2.179385
2.179169
2.179031
2.178896
2.178617
2.178537
2.178303
2.178475
2.178548
2.178580
2.178266
2.178307
2.178223
2.178321
2.178041
2.178307
2.178123
2.177958
2.177834
2.177766
2.177782
2.177687
2.177899
2.178058
2.178010
2.177793
2.177640
2.177455
2.177396
2.177730
2.177721
2.177469
2.177342
2.177206
2.177367
2.177480
2.177543
2.177351
2.177206
2.177173
2.177252
2.177153
2.177045
2.176881
2.176809
2.176976
2.176853
2.176890
2.176863
2.176668
2.176633
2.176601
2.176676
2.176735
2.176998
2.177070
2.177036
2.177085
2.177175
2.176943
2.177033
2.177060
2.176656
2.176140
2.175791
2.175403
2.175081
2.175049
2.175154
2.174792
2.174810
2.174465
2.173904
2.173594
2.172880
2.172102
2.170959
2.169884
2.168739
2.167765
2.166614
2.165970
2.165755
2.165147
2.164815
2.164867
2.165214
2.165513
2.166271
2.167380
2.168372
2.169694
2.170756
2.171653
2.172541
2.173187
2.173858
2.174086
2.174095
2.174096
2.173861
2.174009
2.174077
2.174322
2.174421
2.174249
2.174358
2.174436
2.174977
2.175152
2.175729
2.176043
2.176102
2.175971
2.175831
2.175639
2.175486
2.175335
2.174733
2.175322
2.174819
2.174104
2.172706
2.171131
2.170153
2.168161
2.167754
2.165958
2.164669
2.162926
2.162424
2.162318
2.162215
2.163291
2.164834
2.166132
2.167017
2.168131
2.169065
2.169772
2.170431
2.171291
2.172024
2.172471
2.173043
2.173319
2.173333
2.173159
2.173662
2.173977
2.173964
2.174196
2.174479
2.174486
2.174340
2.174563
2.174872
2.174858
2.175257
2.175120
2.175128
2.175361
2.175488
2.175284
2.175155
2.175274
2.175493
2.175113
2.175192
2.174861
2.174469
2.174389
2.174398
2.174181
2.173957
2.173792
2.173272
2.172805
2.172642
2.172752
2.172410
2.172006
2.171773
2.171227
2.170569
2.169884
2.169209
2.167446
2.165582
2.163418
2.161153
2.158579
2.155427
2.152888
2.149913
2.146862
2.144726
2.143156
2.141942
2.141359
2.141472
2.142211
2.143055
2.145042
2.147545
2.149565
2.151936
2.154551
2.156669
2.158242
2.160438
2.161540
2.161971
2.162287
2.162330
2.162227
2.162318
2.162267
2.162131
2.162036
2.161707
2.161593
2.161091
2.160548
2.160477
2.160305
2.159919
2.160200
2.160882
2.161503
2.162271
2.164498
2.165378
2.165965
2.166449
2.167687
2.167878
2.168683
2.170140
2.170551
2.170269
2.170151
2.171094
2.171453
2.172688
2.173996
2.174411
2.174805
2.174234
2.174979
2.175637
2.176806
2.177463
2.177702
2.177842
2.177697
2.177852
2.178692
2.178934
2.179753
2.179861
2.179741
2.180063
2.180251
2.180644
2.180999
2.181430
2.181304
2.181224
2.181461
2.181767
2.181897
2.182090
2.182336
2.182010
2.182111
2.182419
2.182677
2.182360
2.182536
2.182925
2.182834
2.182775
2.183169
2.183188
2.183182
2.183461
2.183726
2.183425
2.183575
2.183680
2.184005
2.183750
2.183762
2.184519
2.184227
2.184024
2.184226
2.184373
2.184123
2.184350
2.185031
2.184572
2.184529
2.184519
2.185124
2.184910
2.184944
2.185249
2.184829
2.184899
2.185143
2.185413
2.185377
2.185404
2.185771
2.185555
2.185464
2.185527
2.186096
2.185842
2.185857
2.186170
2.186226
2.186202
2.186270
2.186254
2.186221
2.186040
2.186523
2.186298
2.186236
2.186298
2.186521
2.186612
2.186516
2.186705
2.186659
2.186748
2.186840
2.186733
2.186741
2.186617
2.186821
2.186745
2.186529
2.186670
2.186727
2.186784
2.186834
2.186894
2.186953
2.186646
2.186841
2.187096
2.187028
2.187157
2.187321
2.187347
2.187076
2.187198
2.187133
2.187434
2.187499
2.187353
2.187691
2.187496
2.187303
2.187346
2.187347
2.187245
2.187524
2.187722
2.187791
2.187448
2.187474
2.187597
2.187674
2.187732
2.187583
2.187686
2.187767
2.187892
2.187916
2.187657
2.187746
2.187622
2.187951
2.188110
2.187981
2.187833
2.187775
2.187862
2.187937
2.188120
2.187774
2.187572
2.187527
2.187901
2.187844
2.187882
2.187979
2.187984
2.187867
2.188082
2.188148
2.187989
2.187999
2.187840
2.187956
2.187823
2.187878
2.187740
2.187969
2.187978
2.188046
2.187883
2.187989
2.187802
2.187853
2.187864
2.188012
2.187870
2.187935
2.187973
2.188079
2.188002
2.187789
2.187861
2.187955
2.188000
2.187899
2.187958
2.188189
2.188007
2.187994
2.187945
2.187948
2.187983
2.188020
2.187855
2.187902
2.188029
2.188286
2.187986
2.188100
2.187902
2.187766
2.187786
2.187884
2.188163
2.188204
2.188047
2.188032
2.187958
2.187946
2.188001
2.188053
2.187994
2.187987
2.187950
2.188150
2.188064
2.188182
2.188033
2.187812
2.187708
2.187778
2.187729
2.187923
2.187946
2.187855
2.188077
2.188002
2.187998
2.187895
2.188133
2.188245
2.188049
2.187812
2.187867
2.187897
2.188224
2.188198
2.188013
2.187918
2.187967
2.187754
2.188051
2.188105
2.188129
2.188160
2.188089
2.187951
2.187974
2.187684
2.187862
2.187960
2.187781
2.187579
2.187719
2.187855
2.187794
2.187979
2.187977
2.187941
2.188026
2.187719
2.187583
2.187719
2.187805
2.187839
2.187741
2.187477
2.187420
2.187333
2.187753
2.187374
2.187421
2.187437
2.187490
2.187552
2.187490
2.187731
2.187590
2.187560
2.187633
2.187750
2.187632
2.187793
2.187912
2.187819
2.187928
2.187767
2.187507
2.187533
2.187607
2.187230
2.187309
2.187160
2.186985
2.187071
2.187374
2.187287
2.187070
2.187076
2.187217
2.187060
2.187162
2.187199
2.187243
2.187198
2.187060
2.187058
2.187226
2.187344
2.187287
2.186873
2.187045
2.187054
2.186986
2.187013
2.187284
2.187232
2.186943
2.187019
2.186861
2.186635
2.186881
2.186710
2.186688
2.186866
2.186709
2.186705
2.186582
2.186565
2.186714
2.186708
2.186502
2.186555
2.186867
2.186557
2.186883
2.186692
2.186410
2.186464
2.186431
2.186481
2.186459
2.186391
2.186263
2.186193
2.186179
2.186086
2.186114
2.185926
2.186034
2.185948
2.186114
2.185996
2.185987
2.186143
2.185907
2.185871
2.185978
2.185814
2.185831
2.185696
2.185590
2.185839
2.185562
2.185525
2.185583
2.185452
2.185140
2.185144
2.185208
2.185168
2.185003
2.184904
2.184982
2.184890
2.184883
2.184790
2.185010
2.184622
2.184422
2.184579
2.184322
2.184197
2.184334
2.184525
2.184263
2.184197
2.184309
2.184097
2.183887
2.183979
2.184340
2.183974
2.183778
2.183737
2.183637
2.183477
2.183535
2.183785
2.183180
2.183227
2.183330
2.183176
2.182658
2.182698
2.183114
2.182733
2.182403
2.182260
2.181863
2.181641
2.180812
2.180336
2.179570
2.178623
2.178116
2.177334
2.176061
2.175297
2.174737
2.174244
2.173566
2.173488
2.173260
2.173345
2.173133
2.173718
2.174603
2.174332
2.174781
2.175393
2.175815
2.176177
2.177038
2.177945
2.178405
2.178850
2.179174
2.179565
2.179995
2.180795
2.180625
2.180718
2.180673
2.180131
2.180536
2.180684
2.180907
2.180880
2.180646
2.180545
2.179514
2.179996
2.179952
2.180349
2.180831
2.180272
2.180120
2.179035
2.178639
2.179107
2.179179
2.180132
2.179518
2.179329
2.178372
2.177444
2.178192
2.178136
2.179185
2.179277
2.178829
2.177687
2.177063
2.177979
2.177597
2.178276
2.178901
2.178567
2.177446
2.176492
2.177637
2.177163
2.177027
2.178224
2.177811
2.176651
2.175149
2.175791
2.176523
2.175829
2.176759
2.176691
2.175006
2.173173
2.172382
2.172663
2.172322
2.171755
2.170702
2.168218
2.164653
2.164147
2.163076
2.162079
2.161382
2.161174
2.160115
2.157950
2.159512
2.160453
2.159871
2.161092
2.161927
2.162279
2.161911
2.163599
2.164264
2.164356
2.164904
2.165686
2.166217
2.166724
2.167447
2.168120
2.168449
2.168581
2.168837
2.168819
2.168497
2.168008
2.168116
2.167473
2.167193
2.167136
2.166612
2.165816
2.165849
2.165642
2.165061
2.164924
2.164500
2.163792
2.163312
2.160588
2.158682
2.158868
2.161668
2.161821
2.162066
2.159463
2.154192
2.155710
2.156969
2.165280
2.167607
2.168099
2.162935
2.158434
2.161072
2.160238
2.168322
2.169966
2.168612
2.161748
2.160549
2.162655
2.161188
2.167283
2.168608
2.166572
2.161751
2.164037
2.165212
2.163370
2.164209
2.163064
2.161294
2.159315
2.159032
2.158207
2.157655
2.157086
2.156426
2.156785
2.156646
2.155775
2.154723
2.153266
2.151487
2.150847
2.150633
2.149864
2.148787
2.148364
2.147392
2.147693
2.148709
2.149857
2.150372
2.151136
2.151937
2.152400
2.154446
2.156292
2.157934
2.159092
2.160141
2.161433
2.162177
2.163295
2.163968
2.163922
2.163349
2.163923
2.164425
2.164895
2.164598
2.164364
2.164688
2.164497
2.164894
2.165355
2.165869
2.165428
2.165453
2.166035
2.165866
2.166569
2.167226
2.167903
2.168200
2.168210
2.168831
2.169009
2.169857
2.170200
2.170364
2.170895
2.171159
2.171775
2.172038
2.172562
2.173287
2.173163
2.173465
2.174090
2.174047
2.174184
2.174887
2.174837
2.174549
2.175007
2.174882
2.175076
2.175171
2.175468
2.175487
2.175683
2.175867
2.175922
2.175930
2.175886
2.176306
2.176123
2.176316
2.176504
2.176458
2.176589
2.176533
2.176536
2.176657
2.176543
2.176633
2.176663
2.176516
2.176687
2.176853
2.176483
2.176599
2.176733
2.177004
2.177103
2.176836
2.177089
2.177110
2.177086
2.176974
2.177256
2.177100
2.176951
2.177101
2.176919
2.177034
2.177007
2.177197
2.177106
2.177140
2.177163
2.177123
2.177110
2.177295
2.177496
2.177541
2.177352
2.177318
2.177354
2.177425
2.177446
2.177615
2.177677
2.177880
2.177724
2.177735
2.177609
2.177711
2.178103
2.177879
2.177799
2.178085
2.178048
2.177924
2.178167
2.178497
2.178619
2.178372
2.178234
2.178445
2.177942
2.178115
2.178215
2.178258
2.178262
2.178231
2.178662
2.178468
2.178298
2.178515
2.178517
2.178553
2.178550
2.178618
2.178605
2.178537
2.178571
2.178795
2.178539
2.178552
2.178593
2.178697
2.178847
2.178884
2.178754
2.178661
2.178802
2.178759
2.178726
2.179070
2.178951
2.178943
2.178757
2.178745
2.178889
2.179208
2.179158
2.179027
2.178971
2.178904
2.178931
2.178943
2.179136
2.179283
2.179283
2.178991
2.179127
2.179332
2.179245
2.179357
2.179216
2.179288
2.179224
2.179416
2.179176
2.179391
2.179550
2.179381
2.179569
2.179431
2.179512
2.179456
2.179664
2.179704
2.179782
2.179713
2.180061
2.179829
2.179543
2.179668
2.179883
2.180033
2.179925
2.180009
2.179971
2.179865
2.179819
2.179945
2.179812
2.179879
2.180070
2.180262
2.180103
2.179983
2.180238
2.180297
2.180304
2.180576
2.180433
2.180261
2.180405
2.180595
2.180502
2.180437
2.180528
2.180479
2.180480
2.180452
2.180536
2.180570
2.180758
2.180906
2.180896
2.180858
2.180563
2.180851
2.180733
2.180864
2.181015
2.181306
2.181035
2.181012
2.180985
2.180960
2.181105
2.181312
2.181032
2.181066
2.181160
2.181297
2.181054
2.180988
2.181132
2.181115
2.181178
2.181287
2.181471
2.181439
2.181346
2.181385
2.181441
2.181779
2.181464
2.181748
2.181734
2.181755
2.181493
2.181675
2.181740
2.181522
2.181668
2.181708
2.181609
2.181634
2.181958
2.181974
2.181741
2.182007
2.182145
2.181863
2.182067
2.181984
2.182071
2.181990
2.182102
2.182091
2.181965
2.182115
2.182391
2.182209
2.182066
2.182275
2.182075
2.182233
2.182227
2.182285
2.182505
2.182524
2.182382
2.182421
2.182204
2.182057
2.182412
2.182667
2.182472
2.182255
2.182351
2.182419
2.182507
2.182673
2.182522
2.182565
2.182576
2.182661
2.182528
2.182389
2.182763
2.182680
2.182647
2.182510
2.182862
2.182603
2.182730
2.182719
2.182802
2.182824
2.182976
2.183114
2.183030
2.183183
2.183142
2.183228
2.183185
2.183322
2.183294
2.183182
2.183260
2.183148
2.183453
2.183186
2.183099
2.183281
2.183113
2.183394
2.183630
2.183627
2.183494
2.183209
2.183509
2.183461
2.183464
2.183643
2.183735
2.183595
2.183598
2.183685
2.183416
2.183500
2.183447
2.183547
2.183419
2.183627
2.183542
2.183756
2.183713
2.183973
2.183928
2.183981
2.183912
2.183946
2.183819
2.183772
2.183824
2.183708
2.183971
2.183557
2.183970
2.184287
2.184069
2.184008
2.183900
2.183958
2.183939
2.184067
2.183979
2.184022
2.184013
2.184158
2.184332
2.184160
2.184036
2.184215
2.184223
2.184145
2.184120
2.184041
2.184016
2.184151
2.184306
2.184146
2.184328
2.184250
2.184238
2.184271
2.184188
2.184368
2.184393
2.184429
2.184576
2.184514
2.184559
2.184655
2.184517
2.184524
2.184435
2.184731
2.184626
2.184704
2.184691
2.184613
2.184825
2.184815
2.184895
2.184936
2.184949
2.184967
2.184849
2.184966
2.184926
2.185244
2.184852
2.184979
2.185102
2.185140
2.185256
2.185069
2.185289
2.185147
2.185087
2.185268
2.185215
2.185210
2.185262
2.185228
2.185041
2.185093
2.185230
2.185356
2.185211
2.185114
2.185205
2.185570
2.185294
2.185132
2.185236
2.185359
2.185355
2.185447
2.185172
2.185197
2.185249
2.185089
2.185459
2.185519
2.185518
2.185500
2.185341
2.185411
2.185418
2.185384
2.185277
2.185451
2.185525
2.185376
2.185254
2.185155
2.185384
2.185542
2.185421
2.185440
2.185637
2.185246
2.185444
2.185572
2.185479
2.185242
2.185527
2.185428
2.185426
2.185395
2.185466
2.185737
2.185631
2.185825
2.185624
2.185587
2.185411
2.185546
2.185709
2.185681
2.186052
2.185967
2.185982
2.185942
2.185827
2.185690
2.185903
2.185876
2.185712
2.185730
2.185752
2.185765
2.185924
2.185795
2.185746
2.185822
2.185962
2.185621
2.185698
2.185614
2.185639
2.185517
2.185724
2.185767
2.185901
2.185822
2.185653
2.185640
2.185872
2.185795
2.185682
2.185718
2.185758
2.185806
2.185652
2.185660
2.185773
2.185896
2.185723
2.185950
2.185879
2.185934
2.185919
2.186095
2.186069
2.185917
2.185898
2.186028
2.186039
2.185838
2.185888
2.186239
2.186403
2.186170
2.186241
2.186228
2.186198
2.186217
2.185995
2.186073
2.186058
2.186215
2.185941
2.186114
2.186229
2.186219
2.186221
2.185990
2.185987
2.186202
2.186167
2.186218
2.186180
2.186254
2.186244
2.186279
2.186281
2.186494
2.186458
2.186428
2.186187
2.186270
2.186376
2.186264
2.186487
2.186393
2.186294
2.186503
2.186331
2.186111
2.186151
2.186266
2.186219
2.186564
2.186473
2.186387
2.186354
2.186514
2.186131
2.186520
2.186279
2.186378
2.186377
2.186792
2.186609
2.186345
2.186620
2.186420
2.186449
2.186286
2.186452
2.186548
2.186559
2.186418
2.186687
2.186555
2.186390
2.186541
2.186413
2.186358
2.186497
2.186465
2.186447
2.186567
2.186580
2.186410
2.186365
2.186634
2.186695
2.186258
2.186383
2.186312
2.186363
2.186461
2.186347
2.186453
2.186422
2.186323
2.186584
2.186323
2.186447
2.186419
2.186420
2.186594
2.186587
2.186518
2.186508
2.186521
2.186510
2.186640
2.186583
2.186701
2.186510
2.186251
2.186218
2.186363
2.186483
2.186683
2.186310
2.186562
2.186417
2.186593
2.186568
2.186517
2.186326
2.186273
2.186491
2.186452
2.186501
2.186231
2.186410
2.186455
2.186624
2.186438
2.186377
2.186676
2.186403
2.186514
2.186470
2.186228
2.186340
2.186677
2.186570
2.186606
2.186766
2.186579
2.186589
2.186425
2.186497
2.186686
2.186448
2.186389
2.186331
2.186315
2.186413
2.186294
2.186801
2.186574
2.186489
2.186497
2.186390
2.186226
2.186120
2.186396
2.186460
2.186538
2.186329
2.186387
2.186323
2.186473
2.186351
2.186487
2.186258
2.186177
2.186354
2.186448
2.186273
2.186398
2.186353
2.186299
2.186400
2.186040
2.186349
2.186292
2.186281
2.186427
2.186272
2.186179
2.186059
2.185876
2.186053
2.186100
2.185920
2.186186
2.186270
2.185875
2.186131
2.186142
2.186090
2.186328
2.186626
2.186037
2.185922
2.186238
2.186136
2.186014
2.185990
2.186087
2.185928
2.185827
2.185855
2.185655
2.185714
2.186027
2.185839
2.185884
2.185506
2.185673
2.185648
2.185636
2.185627
2.185661
2.185682
2.185612
2.185415
2.185451
2.185493
2.185668
2.185538
2.185337
2.185233
2.185246
2.185242
2.185062
2.185349
2.185486
2.185235
2.185084
2.185146
2.185194
2.185092
2.185147
2.185429
2.185210
2.185283
2.185381
2.185119
2.185040
2.184931
2.185051
2.184927
2.184883
2.184781
2.184654
2.184755
2.184895
2.184652
2.184705
2.184752
2.184439
2.184705
2.184548
2.184674
2.184765
2.184684
2.184513
2.184671
2.184574
2.184243
2.184324
2.184401
2.184608
2.184113
2.184049
2.184012
2.184207
2.184016
2.184057
2.184179
2.184168
2.183948
2.183747
2.183679
2.183681
2.183864
2.183865
2.183718
2.183397
2.183222
2.183405
2.183338
2.183218
2.183285
2.183279
2.183110
2.182954
2.183011
2.182945
2.182817
2.182841
2.183026
2.182794
2.182533
2.182541
2.182253
2.182413
2.182436
2.182705
2.182177
2.182066
2.182162
2.182021
2.182035
2.182081
2.181979
2.181910
2.181751
2.182023
2.181700
2.181668
2.181786
2.181940
2.181828
2.181630
2.181650
2.181465
2.181466
2.181516
2.181560
2.181352
2.181306
2.181016
2.181237
2.181095
2.181165
2.181324
2.181230
2.180891
2.180635
2.180644
2.180482
2.180413
2.180400
2.180544
2.180340
2.180207
2.180346
2.180105
2.179889
2.180231
2.180274
2.179909
2.179816
2.180070
2.180074
2.179766
2.179589
2.179520
2.179353
2.179492
2.179174
2.179229
2.179219
2.179159
2.178982
2.178759
2.178907
2.179014
2.178676
2.178688
2.178631
2.178717
2.178507
2.178521
2.178338
2.178202
2.178327
2.178045
2.177836
2.178013
2.177990
2.177915
2.177584
2.177786
2.177770
2.177592
2.177451
2.177261
2.177292
2.177472
2.177405
2.177241
2.177010
2.176986
2.176745
2.176718
2.176619
2.176563
2.176582
2.176509
2.176257
2.176228
2.176038
2.175918
2.175846
2.175887
2.175632
2.175617
2.175583
2.175518
2.175664
2.175421
2.175165
2.174854
2.174693
2.174776
2.174641
2.174327
2.174175
2.174117
2.174052
2.173947
2.173659
2.173744
2.173346
2.173406
2.173201
2.173163
2.172837
2.172785
2.172661
2.172567
2.172533
2.172410
2.172139
2.172311
2.172046
2.171914
2.171806
2.171584
2.171662
2.171338
2.171347
2.171033
2.170964
2.170842
2.170767
2.170634
2.170642
2.170419
2.170179
2.170025
2.170070
2.169840
2.169825
2.169975
2.169870
2.169520
2.169524
2.169562
2.169650
2.169555
2.169306
2.169316
2.169375
2.169341
2.169388
2.169287
2.168956
2.168901
2.168953
2.168802
2.168858
2.168874
2.168885
2.168459
2.168211
2.168213
2.168157
2.168259
2.168131
2.168037
2.167746
2.167521
2.167402
2.167103
2.167376
2.167077
2.167113
2.166617
2.166806
2.166719
2.166135
2.166602
2.166110
2.166245
2.166146
2.166242
2.166103
2.165902
2.166259
2.166463
2.166200
2.165840
2.165911
2.166011
2.165866
2.165993
2.166036
2.165880
2.165497
2.164844
2.164824
2.164698
2.164942
2.165265
2.165515
2.165160
2.164696
2.164538
2.164505
2.164579
2.164837
2.165012
2.164807
2.164621
2.164328
2.163944
2.164145
2.164109
2.164337
2.164406
2.164582
2.164159
2.162774
2.162217
2.162924
2.163239
2.162881
2.162631
2.162197
2.160410
2.157114
2.158688
2.160062
2.159993
2.159967
2.159263
2.157041
2.155545
2.154773
2.155293
2.153589
2.151513
2.148223
2.145482
2.142159
2.141601
2.141590
2.140748
2.140461
2.139674
2.137471
2.137443
2.137712
2.140222
2.140492
2.139248
2.135553
2.134302
2.135549
2.132591
2.128685
2.128401
2.127006
2.126739
2.126114
2.125319
2.126386
2.128379
2.131568
2.134975
2.133956
2.129930
2.135881
2.137771
2.145373
2.148736
2.149116
2.139742
2.145697
2.148519
2.146041
2.152723
2.153601
2.151915
2.150958
2.152523
2.152442
2.150849
2.151755
2.151527
2.150831
2.150930
2.150311
2.150051
2.147911
2.145492
2.139615
2.133528
2.133858
2.129042
2.119593
2.100247
2.067379
2.051649
2.067711
2.088582
2.102812
2.092980
2.044163
2.053808
2.071256
2.071680
2.081397
2.070132
2.062057
2.050393
2.049400
2.044922
2.042239
2.040170
2.041790
2.045038
2.049243
2.056277
2.065830
2.074621
2.084861
2.095470
2.103487
2.102714
2.111084
2.113119
2.108835
2.113152
2.112903
2.110316
2.110770
2.112359
2.115680
2.121100
2.119963
2.117370
2.120489
2.120616
2.121204
2.123466
2.126056
2.128717
2.131905
2.134979
2.137943
2.141319
2.144311
2.146196
2.147097
2.148116
2.149153
2.149756
2.150754
2.151971
2.153856
2.155593
2.157617
2.159095
2.159887
2.161094
2.161879
2.162353
2.162759
2.163329
2.163761
2.163623
2.163478
2.163805
2.164134
2.164541
2.164689
2.164566
2.164742
2.164599
2.164792
2.164705
2.164700
2.164979
2.164863
2.164977
2.165152
2.165186
2.165458
2.165428
2.165810
2.165681
2.165591
2.165564
2.165992
2.165996
2.166351
2.166400
2.166541
2.166600
2.166378
2.166442
2.166697
2.166556
2.166645
2.167069
2.166843
2.167137
2.167235
2.167506
2.167127
2.167590
2.167732
2.167720
2.167701
2.167717
2.167578
2.167594
2.167730
2.167958
2.167710
2.167596
2.168244
2.167838
2.167637
2.167408
2.168095
2.167697
2.167664
2.167889
2.167826
2.167593
2.167848
2.168371
2.167980
2.168071
2.168230
2.168074
2.167423
2.167650
2.168072
2.167865
2.167649
2.167834
2.167702
2.167370
2.167479
2.167604
2.167384
2.167300
2.167253
2.167170
2.166936
2.166851
2.167257
2.167326
2.167698
2.167270
2.167391
2.166871
2.167086
2.167556
2.167353
2.167320
2.167205
2.167286
2.167175
2.166982
2.167476
2.167079
2.166897
2.167088
2.166780
2.166438
2.166620
2.166624
2.166126
2.165771
2.165532
2.165022
2.164348
2.164446
2.164529
2.164392
2.164061
2.164059
2.163961
2.163523
2.163741
2.163793
2.163843
2.163968
2.163864
2.163716
2.163927
2.164533
2.165000
2.165167
2.165396
2.165639
2.165811
2.165505
2.165905
2.166162
2.166176
2.166167
2.166232
2.166047
2.165601
2.165730
2.165610
2.165642
2.165459
2.165178
2.164931
2.164319
2.164418
2.164611
2.164734
2.164693
2.164523
2.164306
2.163979
2.164341
2.164809
2.164534
2.164531
2.164562
2.164843
2.164442
2.164882
2.164944
2.164955
2.164596
2.164334
2.163717
2.163526
2.163693
2.163406
2.162961
2.162622
2.162486
2.162130
2.161485
2.161748
2.161747
2.161698
2.161156
2.160816
2.160325
2.159863
2.160077
2.160153
2.159755
2.159497
2.159294
2.159115
2.158857
2.158943
2.159346
2.159105
2.158974
2.158643
2.158415
2.158167
2.158533
2.159280
2.159057
2.158707
2.159003
2.158892
2.159181
2.159230
2.159623
2.159473
2.159746
2.159529
2.159509
2.159419
2.159837
2.160433
2.160395
2.160283
2.160547
2.160555
2.160607
2.160981
2.161269
2.161058
2.161263
2.161633
2.161446
2.161186
2.161645
2.162240
2.162258
2.162175
2.162308
2.162269
2.162239
2.162629
2.162917
2.162865
2.162906
2.163283
2.163033
2.162707
2.163398
2.163525
2.163554
2.163497
2.163476
2.163553
2.163303
2.163821
2.164000
2.163833
2.164114
2.164145
2.164167
2.164044
2.164445
2.164795
2.164754
2.164791
2.164666
2.164365
2.163994
2.164576
2.164826
2.164664
2.164446
2.164683
2.164621
2.164277
2.164350
2.164544
2.164321
2.164384
2.164490
2.164307
2.163938
2.164088
2.164332
2.164286
2.164304
2.164100
2.164263
2.163974
2.163967
2.164397
2.164164
2.163695
2.164174
2.164046
2.163715
2.163957
2.164247
2.164025
2.164108
2.164248
2.163786
2.163568
2.163850
2.164051
2.164021
2.164047
2.163880
2.163378
2.163339
2.163627
2.163714
2.163752
2.163669
2.163973
2.164065
2.163413
2.163590
2.164081
2.164112
2.163811
2.163921
2.163936
2.163414
2.163785
2.164051
2.164187
2.164055
2.164105
2.164185
2.163874
2.163904
2.164124
2.164233
2.164167
2.164060
2.164132
2.163960
2.164320
2.164329
2.164233
2.164177
2.164325
2.164279
2.163892
2.164143
2.164486
2.164153
2.164314
2.164160
2.164208
2.164207
2.164131
2.164205
2.164191
2.164277
2.164419
2.164062
2.163919
2.164631
2.164502
2.164389
2.164317
2.164080
2.164289
2.164347
2.164640
2.164380
2.164383
2.164519
2.164375
2.164203
2.164608
2.164702
2.164683
2.164459
2.164217
2.164010
2.164097
2.164725
2.164449
2.164260
2.163961
2.163675
2.163815
2.163812
2.164062
2.164047
2.163776
2.163731
2.163786
2.163437
2.163470
2.164074
2.164432
2.164143
2.163531
2.163243
2.163336
2.163613
2.163655
2.163801
2.163616
2.163569
2.163150
2.163086
2.163093
2.163657
2.163675
2.163526
2.163215
2.162828
2.162604
2.162870
2.163293
2.163332
2.162888
2.162638
2.162546
2.162078
2.162018
2.162532
2.162541
2.162536
2.162261
2.161614
2.160979
2.161222
2.161671
2.161747
2.161939
2.161477
2.161044
2.160746
2.160585
2.161038
2.161105
2.161102
2.160841
2.160812
2.160099
2.159895
2.160699
2.160869
2.160629
2.160804
2.160428
2.159989
2.159553
2.160238
2.160699
2.160891
2.161033
2.160809
2.159967
2.159671
2.160150
2.160693
2.160611
2.160674
2.160923
2.159879
2.159960
2.160031
2.160400
2.160413
2.160642
2.160715
2.160018
2.159501
2.159669
2.159739
2.160015
2.160058
2.160066
2.159454
2.159097
2.159356
2.159163
2.159316
2.159182
2.159456
2.158867
2.158378
2.158567
2.158737
2.158325
2.158399
2.158504
2.158176
2.157815
2.157655
2.157713
2.157601
2.157397
2.157394
2.157271
2.156780
2.156917
2.157041
2.156605
2.156398
2.156647
2.156307
2.155937
2.156019
2.156016
2.155401
2.155387
2.155282
2.155207
2.154758
2.154900
2.155179
2.154787
2.154531
2.154877
2.154505
2.154150
2.154338
2.154567
2.154395
2.153805
2.153782
2.153630
2.153418
2.153621
2.154164
2.153967
2.153226
2.153257
2.152969
2.152280
2.152567
2.153100
2.153199
2.152599
2.152587
2.152216
2.152139
2.152295
2.152629
2.152200
2.152130
2.151648
2.151580
2.151033
2.151302
2.151403
2.151482
2.151175
2.150832
2.150645
2.150361
2.150553
2.150624
2.150328
2.149849
2.149901
2.149621
2.149350
2.149670
2.149503
2.149336
2.148764
2.147905
2.147856
2.147306
2.147242
2.147331
2.146505
2.145558
2.144780
2.144609
2.143820
2.143605
2.144004
2.143239
2.142674
2.142043
2.141404
2.140514
2.140545
2.141065
2.140751
2.139966
2.139442
2.138836
2.138309
2.138114
2.138213
2.138537
2.137755
2.137707
2.137104
2.136126
2.135910
2.136434
2.136313
2.135527
2.134910
2.135074
2.134150
2.133815
2.133975
2.133989
2.134343
2.133328
2.133253
2.132238
2.131712
2.131991
2.132204
2.132386
2.132000
2.131253
2.131168
2.130027
2.130170
2.130077
2.130412
2.131238
2.130407
2.129788
2.128813
2.128664
2.129284
2.128919
2.129607
2.128581
2.127490
2.127405
2.126601
2.127305
2.127174
2.127680
2.126288
2.124839
2.124857
2.124652
2.125047
2.124642
2.124587
2.123547
2.123448
2.122387
2.121902
2.122507
2.122872
2.122709
2.121472
2.121748
2.120229
2.120023
2.121129
2.121477
2.121413
2.119204
2.117229
2.105775
2.114796
2.114569
2.114916
2.113325
2.110256
2.105536
2.092928
2.098222
2.104124
2.106020
2.107131
2.108402
2.108851
2.102621
2.097002
2.110338
2.114359
2.114826
2.113322
2.101175
2.086890
2.054579
2.097762
2.108895
2.108781
2.106768
2.098951
2.075419
2.072271
2.091821
2.098800
2.096795
2.092534
2.087088
2.081565
2.076592
2.074617
2.073478
2.073517
2.074187
2.075408
2.077720
2.077199
2.080491
2.082724
2.081852
2.079760
2.076895
2.070445
2.037867
2.052807
2.068998
2.068397
2.067513
2.067415
2.066403
2.050915
2.070374
2.074527
2.078432
2.080684
2.082442
2.083957
2.084586
2.084784
2.084976
2.085562
2.085719
2.085693
2.085563
2.085441
2.085007
2.085637
2.086872
2.087830
2.087187
2.088305
2.089853
2.089307
2.087747
2.086499
2.089797
2.089603
2.089707
2.090312
2.085515
2.069454
2.070764
2.087225
2.089641
2.089064
2.086899
2.086902
2.076111
2.075434
2.078526
2.083798
2.083304
2.081133
2.076905
2.071938
2.066388
2.068244
2.075812
2.075623
2.075326
2.072743
2.068369
2.065256
2.067659
2.067283
2.064556
2.069900
2.071303
2.070177
2.059866
2.059511
2.056659
2.051086
2.060798
2.067647
2.065917
2.054068
2.049485
2.048757
2.043993
2.052951
2.064708
2.062623
2.049927
2.045368
2.049959
2.049055
2.054107
2.068530
2.068682
2.057008
2.051350
2.059882
2.062055
2.066718
2.080231
2.079010
2.067682
2.062501
2.071605
2.074196
2.082924
2.094769
2.092310
2.080338
2.076887
2.086256
2.087983
2.101043
2.109887
2.109481
2.099068
2.095162
2.103567
2.104161
2.117325
2.121773
2.123857
2.115934
2.108940
2.115257
2.116926
2.128821
2.129077
2.132797
2.128379
2.117161
2.121636
2.126155
2.133821
2.133006
2.136644
2.135387
2.126904
2.129819
2.134951
2.137243
2.136665
2.140075
2.139600
2.136146
2.138402
2.141116
2.141126
2.139895
2.143156
2.143305
2.141218
2.144033
2.146663
2.144751
2.142098
2.145100
2.144442
2.141421
2.144321
2.145605
2.143317
2.143198
2.144451
2.142605
2.139438
2.143685
2.145206
2.144426
2.145517
2.144833
2.141817
2.139089
2.143597
2.145256
2.145851
2.146340
2.145568
2.142780
2.140875
2.145583
2.146871
2.147745
2.148493
2.147752
2.144800
2.143744
2.147486
2.148849
2.149289
2.149886
2.149370
2.145918
2.146106
2.149579
2.150589
2.151022
2.151845
2.151409
2.148033
2.148783
2.151856
2.152480
2.153064
2.153432
2.152921
2.149688
2.151056
2.153179
2.153780
2.154047
2.154166
2.153162
2.150286
2.152336
2.153608
2.154740
2.154750
2.154112
2.152966
2.151492
2.153275
2.153756
2.154514
2.154695
2.154331
2.153074
2.153271
2.154421
2.154328
2.155539
2.155761
2.155572
2.155370
2.155820
2.156118
2.156528
2.157260
2.156675
2.156786
2.157138
2.156979
2.157022
2.157863
2.157553
2.156751
2.157315
2.157207
2.156578
2.156892
2.157620
2.156489
2.156835
2.157679
2.157788
2.157684
2.158387
2.158294
2.155667
2.157841
2.158318
2.157329
2.157784
2.158870
2.156899
2.156744
2.158899
2.158129
2.157208
2.158428
2.158586
2.157289
2.158940
2.159762
2.158508
2.157519
2.158793
2.158489
2.158877
2.160469
2.159766
2.158463
2.158816
2.159337
2.158892
2.160228
2.160711
2.159929
2.158967
2.160339
2.159925
2.160125
2.161303
2.160965
2.159904
2.160728
2.161584
2.160959
2.161786
2.161745
2.161453
2.160982
2.161657
2.162153
2.162150
2.162465
2.162064
2.161910
2.161809
2.162140
2.162595
2.162933
2.162993
2.162445
2.162142
2.161925
2.162144
2.162454
2.162703
2.163122
2.162762
2.162113
2.162148
2.162437
2.162372
2.162175
2.162656
2.162508
2.162170
2.161975
2.162134
2.162058
2.161490
2.161859
2.162299
2.161642
2.160964
2.161267
2.161319
2.160382
2.159658
2.159700
2.160051
2.159685
2.159442
2.159599
2.158427
2.156918
2.156191
2.156007
2.156489
2.156218
2.156196
2.155547
2.154383
2.153370
2.153237
2.154155
2.155260
2.155086
2.154973
2.154064
2.152959
2.152367
2.151655
2.152584
2.153119
2.153106
2.152727
2.151324
2.151707
2.151768
2.152287
2.152992
2.153018
2.152090
2.150378
2.150221
2.149679
2.147872
2.146919
2.144952
2.141819
2.137778
2.135201
2.134533
2.132791
2.130808
2.129101
2.127441
2.125843
2.124096
2.123241
2.122790
2.122363
2.121091
2.119640
2.119410
2.118639
2.117342
2.117498
2.117077
2.116206
2.115164
2.113676
2.114494
2.114562
2.114116
2.113496
2.113224
2.112898
2.111897
2.109483
2.107213
2.099223
2.098224
2.094991
2.094883
2.094186
2.093642
2.093114
2.087857
2.087530
2.087686
2.087281
2.087392
2.085101
2.083225
2.077995
2.073213
2.073430
2.071840
2.070524
2.067254
2.064050
2.058824
2.053018
2.051677
2.049882
2.047241
2.042995
2.039698
2.035239
2.030731
2.027422
2.023701
2.020954
2.016136
2.012566
2.007881
2.002586
2.000428
1.994985
1.992830
1.991999
1.989361
1.986980
1.975447
1.978047
1.976472
1.967202
1.976099
1.975716
1.973785
1.963385
1.953208
1.959883
1.950350
1.957546
1.963469
1.961945
1.957979
1.940126
1.945940
1.945120
1.945727
1.954679
1.953197
1.948684
1.938796
1.929137
1.935517
1.932293
1.939188
1.941594
1.940235
1.939011
1.928248
1.933116
1.934092
1.938415
1.941509
1.943139
1.941663
1.942357
1.940931
1.945478
1.949090
1.948195
1.954715
1.955293
1.957659
1.961197
1.965474
1.969090
1.968583
1.972321
1.978868
1.973920
1.986204
1.989899
1.993157
1.995434
1.991527
1.999013
1.998958
1.997151
2.011251
2.013865
2.016953
2.016196
2.017145
2.023693
2.016847
2.030770
2.037917
2.040985
2.043842
2.039337
2.043992
2.046965
2.048514
2.060665
2.062836
2.065291
2.063866
2.061363
2.066473
2.065248
2.078110
2.081501
2.083288
2.085192
2.081301
2.084211
2.082680
2.087142
2.097579
2.099259
2.100808
2.101158
2.100310
2.101588
2.097552
2.108350
2.112032
2.113321
2.114937
2.116288
2.117294
2.116549
2.118717
2.123652
2.125306
2.126351
2.127745
2.129689
2.131125
2.131534
2.134512
2.136403
2.137540
2.138376
2.139738
2.141160
2.141771
2.142258
2.143738
2.144374
2.144938
2.145650
2.146607
2.147534
2.147477
2.147928
2.148188
2.148505
2.148771
2.149681
2.150135
2.150164
2.150550
2.150574
2.151056
2.150829
2.151006
2.151728
2.152118
2.151985
2.151907
2.151666
2.152233
2.152395
2.152306
2.152952
2.153233
2.152800
2.152741
2.152826
2.153140
2.153081
2.153568
2.153612
2.153348
2.153262
2.153391
2.153586
2.153529
2.153636
2.154011
2.154057
2.153900
2.153374
2.153599
2.153822
2.153693
2.153805
2.154056
2.153844
2.153880
2.153737
2.153883
2.154029
2.154014
2.154081
2.154146
2.154055
2.153738
2.154201
2.154314
2.154142
2.154455
2.154410
2.154644
2.154158
2.153853
2.154455
2.154445
2.154557
2.154546
2.154576
2.154955
2.154554
2.154357
2.154481
2.154732
2.154934
2.154856
2.155139
2.154874
2.154825
2.155030
2.155393
2.155156
2.155274
2.155410
2.155566
2.155411
2.155315
2.155223
2.155515
2.155836
2.155705
2.155464
2.155597
2.155572
2.155851
2.155986
2.155679
2.155795
2.155474
2.155741
2.155734
2.155328
2.155540
2.155740
2.155640
2.155328
2.155187
2.155260
2.155117
2.155467
2.155640
2.155534
2.155392
2.155352
2.155258
2.155067
2.155088
2.155140
2.155297
2.155111
2.155194
2.154961
2.154964
2.154953
2.154744
2.154353
2.154176
2.154334
2.153990
2.153806
2.153961
2.154251
2.154251
2.153239
2.153727
2.153592
2.152436
2.153345
2.153436
2.153448
2.152728
2.152182
2.152447
2.151796
2.151284
2.152771
2.152583
2.152151
2.150904
2.151455
2.150967
2.150086
2.151693
2.152195
2.151245
2.150421
2.150357
2.150841
2.149863
2.149515
2.151247
2.151012
2.149998
2.149388
2.150109
2.149023
2.148477
2.149681
2.150416
2.149166
2.148333
2.148488
2.148921
2.147911
2.148455
2.149532
2.149560
2.148703
2.148292
2.148828
2.148212
2.147700
2.148233
2.148294
2.147731
2.147207
2.146851
2.146511
2.145524
2.145404
2.145842
2.145269
2.144292
2.143448
2.143613
2.143207
2.142628
2.142407
2.142083
2.141388
2.140731
2.140267
2.139844
2.139252
2.138758
2.138956
2.138209
2.137197
2.137094
2.136939
2.136664
2.136335
2.136000
2.135831
2.135414
2.135033
2.134963
2.134771
2.134584
2.134498
2.134579
2.134289
2.134438
2.134347
2.134344
2.134385
2.134241
2.134481
2.134407
2.134560
2.134388
2.134439
2.134670
2.134956
2.134774
2.135106
2.134692
2.134919
2.135248
2.135490
2.135491
2.135356
2.135798
2.135789
2.136199
2.136260
2.136247
2.136779
2.136735
2.137127
2.137314
2.137165
2.137910
2.137679
2.138279
2.138090
2.137888
2.138270
2.138115
2.138134
2.137628
2.137682
2.137538
2.137092
2.136572
2.135883
2.135158
2.134950
2.134535
2.133601
2.132034
2.131336
2.130715
2.130224
2.129449
2.128470
2.128142
2.128088
2.127800
2.126721
2.126743
2.126321
2.125759
2.125283
2.124072
2.124584
2.124892
2.125041
2.124766
2.124304
2.124909
2.125720
2.126626
2.127160
2.126510
2.126988
2.127810
2.127869
2.127607
2.127061
2.126990
2.127056
2.126513
2.126032
2.125564
2.125169
2.124898
2.124228
2.123711
2.122937
2.122225
2.121875
2.121164
2.120709
2.119429
2.118979
2.118592
2.117772
2.116775
2.115538
2.115261
2.114415
2.113338
2.112353
2.110958
2.110341
2.109470
2.108274
2.106976
2.104883
2.104458
2.102990
2.101296
2.099574
2.097904
2.097577
2.095745
2.093827
2.092210
2.090501
2.090467
2.088463
2.086269
2.081876
2.079489
2.077202
2.073931
2.071829
2.070604
2.071843
2.071034
2.070653
2.070634
2.071230
2.071376
2.068061
2.065786
2.062591
2.060452
2.057905
2.054282
2.052484
2.051110
2.052052
2.051657
2.051635
2.052730
2.053519
2.055017
2.054350
2.054410
2.054027
2.054242
2.053624
2.051756
2.051171
2.049615
2.049498
2.047758
2.046994
2.046566
2.046248
2.045985
2.044146
2.043473
2.041874
2.042214
2.041587
2.040029
2.039772
2.038908
2.038222
2.036351
2.034459
2.034602
2.033401
2.032917
2.030534
2.029672
2.029267
2.028607
2.027397
2.025156
2.024953
2.023985
2.023134
2.021396
2.019321
2.018957
2.018083
2.017266
2.015718
2.014498
2.013556
2.012071
2.009754
2.006311
2.005481
2.003779
2.002477
2.000680
1.999363
2.000634
2.001271
2.002427
2.002673
2.004012
2.005656
2.007787
2.008505
2.007949
2.008856
2.009150
2.010536
2.010226
2.009815
2.011847
2.013558
2.015650
2.015859
2.017376
2.018813
2.021420
2.021790
2.020485
2.021297
2.019952
2.022420
2.020537
2.018836
2.018508
2.017313
2.019255
2.015681
2.014860
2.013066
2.014216
2.014644
2.011597
2.013758
2.011495
2.015671
2.015440
2.013706
2.015913
2.014858
2.019598
2.017693
2.018393
2.019237
2.021591
2.025528
2.024164
2.027799
2.028311
2.034108
2.036023
2.035722
2.039435
2.039392
2.045193
2.044746
2.045059
2.046170
2.046756
2.050328
2.047998
2.049204
2.047659
2.050645
2.051546
2.048171
2.050094
2.048107
2.053545
2.052455
2.051165
2.052150
2.050829
2.054465
2.052609
2.052906
2.052242
2.054856
2.054657
2.056106
2.054195
2.057973
2.057298
2.055289
2.056519
2.054763
2.057242
2.055053
2.054806
2.053714
2.055199
2.056050
2.052844
2.053095
2.050828
2.053891
2.052682
2.050715
2.050592
2.049696
2.050620
2.047825
2.047784
2.046337
2.047675
2.046817
2.044175
2.044003
2.041773
2.043186
2.041399
2.039633
2.039252
2.038696
2.038301
2.035354
2.034794
2.034330
2.034483
2.032943
2.030159
2.029876
2.028651
2.027665
2.024962
2.023212
2.022776
2.022308
2.021095
2.018719
2.018452
2.017485
2.017463
2.015884
2.015312
2.014325
2.012342
2.010159
2.007443
2.006493
2.005256
2.002870
2.001079
1.999649
1.998492
1.996884
1.995079
1.994621
1.993638
1.992937
1.991538
1.989702
1.988248
1.987802
1.987547
1.987053
1.985000
1.983401
1.980732
1.978318
1.976979
1.975324
1.974490
1.972660
1.971821
1.970062
1.967574
1.965563
1.963198
1.961657
1.960657
1.959466
1.955999
1.950846
1.944662
1.942009
1.939459
1.934045
1.930575
1.923726
1.917898
1.914213
1.905615
1.901748
1.892843
1.889818
1.889660
1.883644
1.881641
1.874447
1.871065
1.868248
1.863825
1.864421
1.858830
1.855379
1.851922
1.847385
1.847293
1.839560
1.843154
1.844256
1.842046
1.840684
1.833206
1.839725
1.840274
1.839129
1.838464
1.837516
1.845472
1.845447
1.839824
1.839066
1.842579
1.849814
1.849314
1.845958
1.843280
1.849893
1.854599
1.852375
1.853975
1.849201
1.858959
1.862152
1.857277
1.860448
1.859231
1.867208
1.864595
1.864368
1.861462
1.867731
1.872545
1.867136
1.871248
1.870881
1.877003
1.872740
1.873757
1.869121
1.876953
1.876484
1.869943
1.869509
1.868538
1.872361
1.865305
1.867360
1.865295
1.869651
1.864792
1.863433
1.859810
1.861877
1.860539
1.857546
1.860868
1.857778
1.859360
1.856982
1.857445
1.854714
1.853925
1.857620
1.858100
1.858584
1.856704
1.859136
1.858889
1.859673
1.855678
1.858321
1.861560
1.860858
1.861013
1.860102
1.863304
1.863135
1.866126
1.865398
1.868010
1.871561
1.874287
1.877168
1.875592
1.879285
1.882437
1.890261
1.886528
1.890532
1.894904
1.897964
1.903358
1.901899
1.908020
1.912087
1.918961
1.917720
1.922572
1.926280
1.925034
1.932071
1.934903
1.941993
1.941004
1.943288
1.950278
1.954219
1.956393
1.951671
1.962898
1.966389
1.970497
1.969674
1.968082
1.976682
1.979277
1.984192
1.982589
1.986139
1.990244
1.995874
1.998104
1.990802
1.998140
2.003735
2.009559
2.009606
2.002507
2.012656
2.014017
2.016675
2.013361
2.015573
2.023515
2.025326
2.026637
2.020971
2.025605
2.027176
2.031393
2.035050
2.029743
2.037606
2.036280
2.038615
2.037441
2.032213
2.045647
2.046321
2.047697
2.044693
2.042754
2.050977
2.047813
2.050326
2.052940
2.053620
2.059177
2.056156
2.057816
2.056186
2.057635
2.065130
2.063240
2.064656
2.062699
2.066600
2.066861
2.063707
2.065296
2.066501
2.073088
2.070671
2.068005
2.067742
2.067765
2.073590
2.069877
2.069811
2.070820
2.070774
2.074538
2.069042
2.069366
2.068370
2.071334
2.074342
2.069435
2.068567
2.067246
2.072108
2.069660
2.066731
2.067977
2.066096
2.073465
2.068465
2.066934
2.065577
2.065092
2.072816
2.067478
2.067103
2.064927
2.068599
2.069412
2.066378
2.066782
2.063287
2.071414
2.067427
2.066397
2.064513
2.065319
2.072578
2.067081
2.066766
2.066350
2.072296
2.071289
2.068850
2.070423
2.069788
2.077593
2.071412
2.072268
2.072071
2.074223
2.078756
2.073604
2.075385
2.073815
2.080902
2.075793
2.075343
2.075876
2.075602
2.082885
2.076089
2.077067
2.076358
2.079486
2.080362
2.076808
2.078748
2.077246
2.082916
2.077841
2.079358
2.078451
2.077186
2.081209
2.077735
2.078673
2.074651
2.079771
2.075185
2.075910
2.075194
2.070789
2.074575
2.071059
2.073965
2.067592
2.070414
2.068641
2.070005
2.068761
2.062797
2.067273
2.067546
2.070137
2.061885
2.066006
2.064430
2.072017
2.067859
2.065758
2.068893
2.073933
2.073380
2.061579
2.066006
2.067684
2.071003
2.061884
2.062573
2.063193
2.066352
2.060283
2.054347
2.059180
2.062650
2.061545
2.052536
2.057129
2.058355
2.057394
2.050893
2.054214
2.058513
2.058183
2.053965
2.052326
2.057804
2.057374
2.055839
2.053676
2.061670
2.061523
2.059492
2.055162
2.062584
2.064747
2.063544
2.060870
2.067642
2.070840
2.069480
2.066476
2.072017
2.077727
2.076614
2.076165
2.078926
2.085618
2.085087
2.084906
2.086083
2.093415
2.093333
2.094030
2.093077
2.099379
2.101461
2.101806
2.099671
2.103122
2.106726
2.106795
2.104248
2.105183
2.110246
2.109785
2.106197
2.104677
2.110729
2.111246
2.107950
2.104758
2.110185
2.111151
2.106494
2.101964
2.107952
2.111473
2.107307
2.101541
2.105566
2.111232
2.107023
2.100732
2.104547
2.112526
2.108399
2.100691
2.101754
2.111109
2.107448
2.099416
2.099214
2.109629
2.107056
2.097198
2.095007
2.106242
2.105636
2.096439
2.091897
2.103803
2.104757
2.096684
2.089959
2.103127
2.106982
2.099948
2.091472
2.103233
2.107943
2.102494
2.093664
2.102180
2.110025
2.106438
2.098406
2.101555
2.112055
2.110196
2.103799
2.101709
2.115396
2.114754
2.110798
2.105734
2.117344
2.118505
2.116772
2.112594
2.119222
2.122912
2.123073
2.120531
2.120037
2.126191
2.128084
2.128220
2.124710
2.129584
2.132220
2.132810
2.129595
2.130545
2.133276
2.135247
2.134790
2.132862
2.135127
2.136678
2.136526
2.134677
2.135543
2.137005
2.137722
2.136586
2.136095
2.135908
2.136003
2.136182
2.135127
2.135835
2.137143
2.137524
2.136498
2.135898
2.136163
2.136813
2.135898
2.136832
2.137545
2.137060
2.135164
2.134485
2.135337
2.135490
2.135476
2.136475
2.137015
2.137336
2.135888
2.134970
2.134612
2.135552
2.136273
2.137436
2.137541
2.138088
2.137246
2.136981
2.137727
2.138975
2.138815
2.138367
2.138187
2.138956
2.139774
2.139183
2.139286
2.140213
2.140493
2.139643
2.140267
2.141247
2.141307
2.140539
2.140765
2.141048
2.141265
2.140996
2.141638
2.141284
2.140882
2.140369
2.139797
2.140089
2.140235
2.139986
2.139406
2.138827
2.138318
2.136858
2.135834
2.136241
2.136176
2.135761
2.134307
2.133976
2.134398
2.134539
2.133712
2.133129
2.132090
2.131047
2.130794
2.131736
2.130780
2.130501
2.129580
2.128814
2.129261
2.129043
2.128118
2.127014
2.127981
2.127737
2.126266
2.126389
2.125313
2.123312
2.122024
2.122789
2.122828
2.121642
2.121276
2.119702
2.116091
2.114008
2.113063
2.115456
2.113992
2.113138
2.110028
2.104190
2.100515
2.098548
2.102723
2.100447
2.098237
2.095342
2.088042
2.083576
2.081482
2.085537
2.083569
2.080286
2.077761
2.067695
2.060111
2.057453
2.059513
2.059556
2.054237
2.048236
2.033162
2.025308
2.022857
2.017874
2.014908
2.003661
2.001945
1.996577
1.984617
1.976698
1.967967
1.969159
1.965775
1.952994
1.931292
1.908882
1.896926
1.888139
1.879455
1.874080
1.868725
1.866742
1.862149
1.866978
1.875926
1.881696
1.896493
1.906324
1.915291
1.918286
1.921083
1.924125
1.920273
1.921136
1.919556
1.916580
1.911523
1.908416
1.907884
1.904340
1.900401
1.900941
1.899314
1.896552
1.894805
1.895797
1.896862
1.892703
1.894326
1.895269
1.895694
1.894013
1.897129
1.900684
1.898220
1.895356
1.898613
1.900889
1.898609
1.899809
1.904740
1.904479
1.898746
1.903057
1.906973
1.906488
1.906587
1.915360
1.918969
1.914461
1.915925
1.921486
1.924523
1.919616
1.928300
1.931991
1.925669
1.913017
1.906599
1.897922
1.877302
1.873886
1.878074
1.872951
1.856159
1.855194
1.859043
1.856616
1.864885
1.887864
1.901309
1.901798
1.910532
1.926956
1.938726
1.943974
1.967697
1.987323
1.989331
1.984499
1.994200
2.002754
1.997870
2.012749
2.028607
2.031005
2.011856
2.010193
2.019288
2.018389
2.022287
2.036536
2.048181
2.037901
2.027495
2.030153
2.037144
2.035883
2.051259
2.067665
2.067315
2.043261
2.039705
2.050157
2.050577
2.062665
2.081127
2.086998
2.073065
2.053559
2.056752
2.065728
2.070449
2.092550
2.098815
2.093495
2.071221
2.061565
2.071679
2.075478
2.098278
2.102348
2.100465
2.085542
2.063852
2.069243
2.079284
2.100220
2.102465
2.101114
2.093790
2.066453
2.061704
2.077066
2.095163
2.096853
2.098169
2.098980
2.076112
2.066576
2.083405
2.104608
2.104918
2.108594
2.111250
2.096553
2.079710
2.097799
2.111769
2.111452
2.111793
2.116541
2.110120
2.088533
2.103348
2.112445
2.106780
2.107932
2.108430
2.109757
2.096418
2.103321
2.110154
2.100667
2.100016
2.106346
2.107691
2.106274
2.108144
2.110112
2.105131
2.095180
2.101772
2.105803
2.103539
2.104133
2.103590
2.098869
2.095062
2.092834
2.096455
2.096152
2.094803
2.093275
2.087335
2.086560
2.088404
2.084555
2.084299
2.083740
2.081727
2.080622
2.079369
2.078661
2.078493
2.077228
2.074676
2.073045
2.072734
2.074091
2.074060
2.074665
2.075933
2.072060
2.062339
2.067748
2.062092
2.069673
2.078842
2.080734
2.080615
2.068096
2.057297
2.072029
2.057142
2.064515
2.082054
2.083222
2.080767
2.057570
2.052176
2.071853
2.056066
2.053611
2.072709
2.074520
2.071467
2.041638
2.053193
2.067937
2.052827
2.057008
2.062223
2.056745
2.033285
2.025767
2.034538
2.025651
2.015479
2.004414
1.982520
1.942656
1.935353
1.932742
1.926951
1.915647
1.916144
1.898268
1.860118
1.864771
1.872687
1.875520
1.867356
1.871057
1.859789
1.828272
1.829895
1.841712
1.854302
1.859338
1.869454
1.873555
1.865422
1.869369
1.876080
1.889804
1.899229
1.904935
1.906880
1.907709
1.905929
1.902275
1.903449
1.909634
1.912938
1.915157
1.917444
1.917900
1.920347
1.923599
1.926720
1.929328
1.924317
1.923995
1.928329
1.929932
1.931743
1.926180
1.924654
1.932347
1.934679
1.927804
1.921642
1.921021
1.926494
1.928864
1.938968
1.934719
1.927054
1.917274
1.925764
1.931081
1.913972
1.920514
1.935037
1.944056
1.942406
1.916249
1.901857
1.899189
1.920931
1.941401
1.945739
1.933164
1.914685
1.895231
1.921697
1.908494
1.935781
1.932963
1.939157
1.941509
1.909378
1.935784
1.923485
1.933808
1.945199
1.945059
1.944237
1.927829
1.936549
1.949690
1.948214
1.950485
1.944491
1.945633
1.948586
1.950434
1.953776
1.952374
1.952089
1.952682
1.953008
1.952354
1.952256
1.956838
1.958277
1.957461
1.957834
1.957278
1.956309
1.955684
1.955526
1.955891
1.955217
1.954715
1.954400
1.953465
1.953066
1.953243
1.955896
1.956902
1.957250
1.957307
1.958283
1.958945
1.960341
1.961840
1.963006
1.963077
1.963786
1.965507
1.966063
1.967772
1.969177
1.972460
1.975262
1.977854
1.980699
1.983333
1.987148
1.991306
1.995779
1.999788
2.003800
2.007770
2.011451
2.014549
2.019219
2.022787
2.026592
2.030565
2.034008
2.037085
2.038903
2.043276
2.049343
2.053235
2.056257
2.057878
2.061075
2.064644
2.067285
2.071024
2.073513
2.076182
2.079562
2.081345
2.082564
2.083026
2.085394
2.090260
2.092018
2.093327
2.094441
2.095394
2.095862
2.097019
2.099695
2.101586
2.102084
2.102705
2.102894
2.101730
2.101914
2.102785
2.105200
2.105713
2.105464
2.105852
2.104864
2.104748
2.104770
2.106943
2.107844
2.108247
2.108571
2.108369
2.107214
2.107353
2.109264
2.111170
2.111678
2.111924
2.112050
2.110966
2.111008
2.112491
2.113376
2.114947
2.115911
2.116632
2.116053
2.115288
2.115459
2.117939
2.118766
2.119616
2.120187
2.120314
2.119248
2.119264
2.121438
2.122471
2.123741
2.124628
2.125935
2.125337
2.124603
2.125184
2.127340
2.127713
2.128972
2.129748
2.130558
2.129450
2.129302
2.130448
2.131596
2.132018
2.133210
2.133959
2.133276
2.132381
2.132415
2.134097
2.134337
2.134497
2.135027
2.135265
2.134852
2.134601
2.134784
2.135949
2.135694
2.136513
2.136781
2.136679
2.136152
2.136267
2.137372
2.137449
2.138035
2.137999
2.138273
2.137991
2.137553
2.138130
2.138576
2.138789
2.139350
2.139407
2.139137
2.139039
2.139060
2.138873
2.139103
2.139858
2.139571
2.139831
2.139421
2.139156
2.138946
2.138088
2.140487
2.140544
2.140518
2.140288
2.139981
2.139571
2.137547
2.139171
2.140857
2.140903
2.140899
2.140664
2.140092
2.137583
2.138529
2.140989
2.141773
2.141771
2.141150
2.140706
2.138562
2.138309
2.139978
2.141380
2.141833
2.141486
2.141233
2.139109
2.136337
2.138685
2.140361
2.141851
2.142044
2.141422
2.140145
2.134826
2.136337
2.138869
2.141104
2.142197
2.141999
2.140920
2.135004
2.130494
2.138128
2.140574
2.141539
2.141948
2.141259
2.137351
2.126955
2.135696
2.139675
2.141125
2.141277
2.141421
2.139655
2.129590
2.132904
2.138320
2.141162
2.140699
2.140155
2.140145
2.135246
2.132990
2.137020
2.139962
2.141015
2.140096
2.139148
2.138104
2.135175
2.137005
2.138337
2.140436
2.140254
2.138650
2.137774
2.137013
2.136922
2.136964
2.139135
2.140039
2.139398
2.137294
2.136312
2.135701
2.136518
2.138240
2.139415
2.139452
2.138520
2.136403
2.134915
2.135068
2.137138
2.139136
2.138474
2.138472
2.137846
2.134899
2.134866
2.135871
2.138694
2.138521
2.137716
2.137308
2.136611
2.134612
2.135987
2.137073
2.138414
2.137430
2.136437
2.136703
2.135733
2.134376
2.136548
2.137656
2.137416
2.136594
2.135553
2.135727
2.135319
2.134903
2.136764
2.137699
2.136738
2.135612
2.135463
2.135825
2.135227
2.135170
2.136985
2.137841
2.136796
2.134959
2.135891
2.135822
2.135745
2.136151
2.137257
2.137387
2.137029
2.135919
2.136001
2.135829
2.136053
2.136283
2.136338
2.136193
2.135555
2.134379
2.133129
2.132498
2.132800
2.131867
2.131179
2.130890
2.130282
2.129350
2.128066
2.127883
2.127615
2.126519
2.125605
2.125036
2.124051
2.123357
2.123019
2.123879
2.124052
2.123768
2.123820
2.124978
2.125576
2.126498
2.128174
2.130372
2.131340
2.132363
2.133575
2.134739
2.135476
2.136125
2.137871
2.138181
2.137890
2.137575
2.137858
2.137984
2.138496
2.139435
2.141036
2.141110
2.141117
2.141225
2.141556
2.141495
2.141955
2.143598
2.144623
2.144004
2.143834
2.144129
2.144142
2.144218
2.145416
2.146600
2.146806
2.146510
2.146587
2.146361
2.146297
2.146847
2.148552
2.149033
2.148604
2.148432
2.147885
2.147850
2.148052
2.148723
2.150223
2.149635
2.149619
2.149063
2.148910
2.148860
2.149035
2.150784
2.150610
2.150127
2.149811
2.149599
2.149040
2.149563
2.150346
2.151164
2.150409
2.150167
2.150040
2.149901
2.149088
2.149179
2.150009
2.149994
2.149860
2.149854
2.149717
2.149585
2.149644
2.149880
2.149618
2.149336
2.149506
2.150066
2.149740
2.149667
2.149302
2.149298
2.149352
2.149417
2.148836
2.148675
2.149012
2.148437
2.148251
2.148504
2.147740
2.147685
2.148085
2.148155
2.148202
2.147976
2.148034
2.147533
2.147651
2.148010
2.148260
2.148041
2.148167
2.147585
2.147758
2.148186
2.148268
2.147941
2.148252
2.147623
2.147983
2.147979
2.148317
2.148299
2.148202
2.148302
2.147483
2.148031
2.148069
2.148100
2.148703
2.148594
2.147377
2.147710
2.148197
2.148553
2.148092
2.148278
2.148386
2.147896
2.148490
2.148201
2.148478
2.147717
2.148371
2.148869
2.147924
2.147687
2.148163
2.148429
2.148281
2.147774
2.147797
2.148111
2.148564
2.147990
2.147663
2.147713
2.147583
2.148269
2.148321
2.148401
2.147691
2.147506
2.148209
2.147788
2.147254
2.147549
2.147523
2.147641
2.147280
2.147292
2.147211
2.147530
2.147851
2.147152
2.146599
2.146775
2.147256
2.147408
2.146850
2.147191
2.146781
2.146696
2.147840
2.147177
2.146904
2.146628
2.147074
2.147243
2.146199
2.146654
2.147202
2.146997
2.147195
2.146666
2.146841
2.146347
2.146927
2.147893
2.147093
2.146573
2.146947
2.146837
2.146676
2.145936
2.146572
2.146716
2.146214
2.146943
2.146531
2.145726
2.146165
2.146268
2.147242
2.146128
2.145995
2.146530
2.145889
2.146299
2.146064
2.145743
2.145695
2.145097
2.145803
2.144883
2.143682
2.145238
2.144853
2.144409
2.143960
2.143072
2.144485
2.143476
2.143065
2.143360
2.141566
2.142944
2.142836
2.141330
2.141169
2.139705
2.142322
2.142091
2.139595
2.140030
2.139016
2.141297
2.141027
2.139519
2.140274
2.138845
2.141445
2.141971
2.139233
2.139988
2.139354
2.142360
2.142155
2.139857
2.140728
2.139969
2.142043
2.142478
2.140530
2.140779
2.140231
2.142456
2.142861
2.140150
2.140788
2.141168
2.142547
2.142786
2.140828
2.141096
2.140770
2.141935
2.143076
2.141395
2.141371
2.141371
2.141734
2.143010
2.141055
2.141669
2.142131
2.141410
2.143201
2.141554
2.141814
2.141869
2.141078
2.143674
2.141757
2.141970
2.142287
2.140737
2.142528
2.140803
2.141630
2.141815
2.140144
2.141728
2.140538
2.140357
2.140993
2.139820
2.141111
2.140405
2.140589
2.141066
2.138735
2.139018
2.138613
2.139527
2.139174
2.137997
2.137858
2.137037
2.137281
2.137447
2.137305
2.136911
2.135596
2.136437
2.136453
2.135683
2.135700
2.134011
2.135254
2.134265
2.133144
2.133358
2.129834
2.129709
2.127821
2.125878
2.124519
2.120206
2.121418
2.121551
2.122474
2.122399
2.120739
2.123640
2.126675
2.129289
2.131809
2.131149
2.130820
2.132203
2.133319
2.133282
2.132753
2.131162
2.132844
2.132902
2.131721
2.131644
2.130588
2.131504
2.132046
2.132083
2.131954
2.130008
2.131212
2.132601
2.133380
2.133910
2.134085
2.135213
2.135305
2.134566
2.136910
2.138378
2.139063
2.139913
2.140959
2.141516
2.139847
2.140539
2.143577
2.144621
2.144802
2.144991
2.145292
2.145668
2.143192
2.146113
2.147334
2.146483
2.147026
2.148064
2.148185
2.146801
2.144660
2.148255
2.149072
2.148843
2.149131
2.148960
2.149526
2.147774
2.148710
2.150311
2.149874
2.149647
2.151119
2.151197
2.150885
2.147849
2.150970
2.151629
2.151375
2.151620
2.151794
2.152146
2.151664
2.150699
2.152312
2.152010
2.152066
2.152982
2.153001
2.152774
2.151392
2.152339
2.152790
2.153156
2.153044
2.153130
2.152936
2.152805
2.152333
2.153170
2.153194
2.153313
2.153590
2.153908
2.153276
2.152979
2.152821
2.153408
2.153502
2.153550
2.153385
2.153745
2.153371
2.152927
2.153307
2.153177
2.153578
2.153447
2.153412
2.153110
2.152649
2.152778
2.152627
2.152848
2.153245
2.152956
2.152695
2.152665
2.152181
2.152241
2.152237
2.152491
2.152622
2.152376
2.152222
2.151813
2.151538
2.151751
2.151859
2.151853
2.151852
2.151841
2.151190
2.150590
2.149712
2.149009
2.148308
2.147788
2.147342
2.146715
2.146015
2.145243
2.145279
2.145595
2.146232
2.146511
2.146896
2.147461
2.148007
2.148495
2.149842
2.150456
2.150804
2.151287
2.151146
2.150676
2.150971
2.151110
2.151719
2.151715
2.151464
2.151631
2.151464
2.151223
2.151491
2.151740
2.151836
2.151880
2.151408
2.151749
2.151159
2.151375
2.151644
2.151673
2.151761
2.151515
2.151884
2.151916
2.150738
2.150925
2.151019
2.151272
2.152035
2.151253
2.151122
2.150604
2.150325
2.151055
2.151038
2.150510
2.150770
2.150133
2.150850
2.150682
2.149480
2.149951
2.149986
2.150362
2.150870
2.149979
2.149500
2.148975
2.148986
2.149990
2.149829
2.148946
2.148850
2.148575
2.148495
2.149035
2.148442
2.148663
2.148163
2.148117
2.148570
2.148276
2.147647
2.146878
2.146992
2.146448
2.146419
2.146229
2.146014
2.145739
2.145585
2.145840
2.145773
2.145529
2.145255
2.145130
2.144396
2.144451
2.144116
2.144451
2.145013
2.143923
2.143819
2.143820
2.143586
2.143732
2.143659
2.143161
2.143175
2.143467
2.143694
2.143329
2.142593
2.142311
2.142361
2.142749
2.142762
2.142236
2.141755
2.141683
2.141255
2.140757
2.140004
2.138697
2.138285
2.137832
2.137375
2.136560
2.135541
2.135207
2.135410
2.135607
2.135913
2.135777
2.135996
2.136144
2.135984
2.136550
2.137080
2.137178
2.137665
2.137910
2.137893
2.138022
2.137844
2.138727
2.138962
2.139083
2.138929
2.138095
2.137461
2.136721
2.136208
2.135920
2.135444
2.135348
2.135422
2.135799
2.136841
2.137654
2.138237
2.138543
2.138426
2.137519
2.136881
2.135837
2.135252
2.134730
2.134309
2.133336
2.132235
2.131001
2.130067
2.128650
2.127851
2.127290
2.126458
2.125569
2.124338
2.123576
2.122484
2.121182
2.120115
2.119393
2.118176
2.116909
2.115570
2.114346
2.112794
2.111198
2.110039
2.108799
2.107175
2.105314
2.103710
2.101867
2.100402
2.099860
2.099298
2.097973
2.097163
2.098429
2.099574
2.099032
2.096059
2.097143
2.100841
2.103896
2.103965
2.103952
2.103654
2.103124
2.107668
2.114215
2.119610
2.120067
2.114322
2.114113
2.124690
2.130421
2.131980
2.128012
2.122899
2.131494
2.134456
2.134484
2.134010
2.132027
2.135009
2.135772
2.135887
2.136177
2.135876
2.135889
2.136774
2.137424
2.137501
2.136813
2.136773
2.138274
2.138132
2.137786
2.137867
2.138208
2.138053
2.138209
2.138458
2.137954
2.137165
2.137536
2.138160
2.138216
2.137792
2.137899
2.138730
2.139146
2.139283
2.139981
2.141045
2.141098
2.141530
2.141847
2.142394
2.142218
2.142041
2.142943
2.143295
2.143145
2.142882
2.143247
2.143002
2.142997
2.142991
2.143642
2.143294
2.143161
2.143248
2.143736
2.143319
2.142710
2.143121
2.143365
2.142709
2.142295
2.141854
2.141110
2.138754
2.135640
2.131861
2.128707
2.127002
2.127014
2.126987
2.126598
2.125686
2.125369
2.125393
2.124839
2.123347
2.121271
2.118554
2.115012
2.110875
2.106712
2.101963
2.096485
2.091364
2.087830
2.085438
2.083663
2.083609
2.084465
2.085754
2.086932
2.088516
2.090780
2.093101
2.095610
2.098460
2.101564
2.104854
2.108093
2.111197
2.112622
2.112017
2.111810
2.112778
2.114474
2.116516
2.118809
2.122362
2.125908
2.130009
2.133613
2.137341
2.139921
2.142004
2.143179
2.144049
2.144605
2.145375
2.145732
2.146435
2.146622
2.147015
2.147792
2.148036
2.148298
2.149033
2.149419
2.149445
2.149818
2.150407
2.150511
2.150803
2.151067
2.151641
2.151935
2.152288
2.152548
2.152900
2.153090
2.153515
2.153873
2.154022
2.154623
2.154793
2.155136
2.155282
2.155401
2.155440
2.155873
2.156090
2.156156
2.156526
2.156602
2.156804
2.156875
2.157277
2.157367
2.157567
2.157946
2.158061
2.157754
2.158003
2.158006
2.158154
2.158315
2.158269
2.158667
2.158552
2.158667
2.158601
2.158959
2.159181
2.159033
2.159299
2.159514
2.159411
2.159598
2.159638
2.159902
2.160187
2.160184
2.160385
2.160434
2.160319
2.160439
2.160383
2.160625
2.160579
2.160648
2.160873
2.160859
2.160823
2.161011
2.161021
2.161075
2.161144
2.161272
2.161233
2.161331
2.161577
2.161223
2.161438
2.161522
2.161650
2.161751
2.161739
2.161594
2.161651
2.161809
2.161918
2.161843
2.161973
2.161950
2.161922
2.161850
2.161857
2.161928
2.161710
2.162060
2.162256
2.161786
2.161750
2.161812
2.161702
2.161471
2.161583
2.161877
2.161569
2.161275
2.160892
2.160867
2.160536
2.160347
2.160270
2.159579
2.158772
2.157705
2.157202
2.156610
2.156575
2.156879
2.157009
2.157183
2.157500
2.157375
2.157927
2.158501
2.158861
2.159106
2.159570
2.159672
2.160056
2.160510
2.160878
2.161228
2.161701
2.161910
2.162360
2.162384
2.162794
2.162840
2.162811
2.162963
2.163198
2.163078
2.163396
2.163326
2.163413
2.163496
2.163517
2.163858
2.163609
2.163621
2.163779
2.163680
2.163841
2.163954
2.163820
2.163922
2.163904
2.164065
2.163864
2.164004
2.164032
2.164225
2.164237
2.164101
2.164263
2.163842
2.164207
2.164258
2.164333
2.164248
2.164198
2.164130
2.164050
2.164197
2.164398
2.164190
2.164270
2.164403
2.164305
2.164682
2.164704
2.164403
2.164492
2.164435
2.164437
2.164313
2.164593
2.164439
2.164370
2.164525
2.164513
2.164462
2.164401
2.164555
2.164141
2.164310
2.164045
2.164436
2.164245
2.164331
2.164445
2.164541
2.164610
2.164479
2.164505
2.164490
2.164425
2.164483
2.164588
2.164789
2.164605
2.164643
2.164800
2.164627
2.164655
2.164691
2.164692
2.164688
2.164872
2.164985
2.165043
2.165081
2.165020
2.164918
2.165012
2.164968
2.164836
2.164808
2.165055
2.164773
2.164837
2.164918
2.164962
2.164889
2.164848
2.165040
2.164719
2.164730
2.164866
2.164704
2.164800
2.164760
2.164832
2.164699
2.164529
2.164548
2.164831
2.164720
2.164730
2.164614
2.164853
2.164651
2.164945
2.164791
2.164975
2.164753
2.164845
2.164512
2.164422
2.164664
2.164597
2.164508
2.164479
2.164191
2.164396
2.164091
2.164190
2.164181
2.164023
2.164201
2.164178
2.164089
2.163940
2.163937
2.164386
2.164209
2.164153
2.164000
2.163970
2.163899
2.163742
2.163937
2.164027
2.164002
2.163809
2.163835
2.163618
2.163640
2.163787
2.163756
2.163378
2.163442
2.163475
2.163479
2.163228
2.163246
2.163329
2.163255
2.163161
2.162860
2.162837
2.162870
2.162836
2.162743
2.162798
2.162655
2.162704
2.162210
2.162039
2.162287
2.162524
2.162212
2.162464
2.161989
2.162007
2.161919
2.161865
2.161803
2.162082
2.161869
2.161846
2.161707
2.161274
2.161275
2.161599
2.161656
2.161493
2.161188
2.161066
2.161088
2.160835
2.161213
2.161360
2.161145
2.161205
2.160873
2.160414
2.160415
2.160403
2.160575
2.160350
2.160198
2.159926
2.159581
2.159367
2.159403
2.159361
2.159203
2.159150
2.158837
2.158709
2.158360
2.158360
2.158412
2.158316
2.158074
2.157848
2.157431
2.157250
2.156916
2.157089
2.157004
2.156609
2.156200
2.155977
2.155766
2.155771
2.155763
2.155770
2.155387
2.155310
2.154791
2.154779
2.154195
2.154072
2.154148
2.154004
2.153611
2.153131
2.152717
2.152818
2.152396
2.152211
2.151964
2.151313
2.150911
2.150885
2.150623
2.149926
2.150068
2.150134
2.149538
2.148315
2.147838
2.147904
2.147489
2.147316
2.147267
2.146278
2.145112
2.145011
2.145285
2.144890
2.143766
2.144770
2.144513
2.143652
2.142360
2.141501
2.142313
2.141954
2.143285
2.141591
2.139655
2.139446
2.139293
2.141428
2.136517
2.135892
2.137215
2.136456
2.139781
2.130115
2.131835
2.131049
2.129611
2.140012
2.130241
2.131107
2.127869
2.125869
2.136627
2.128665
2.131194
2.129083
2.125674
2.133024
2.125085
2.127498
2.126058
2.124720
2.132772
2.126612
2.125275
2.120391
2.118142
2.124541
2.121171
2.119772
2.116366
2.113587
2.113432
2.106808
2.103730
2.098645
2.092881
2.088600
2.080223
2.072269
2.064050
2.057328
2.051416
2.043540
2.035964
2.029603
2.023761
2.019246
2.017985
2.018722
2.021954
2.026446
2.030729
2.034379
2.038898
2.046837
2.055870
2.062176
2.067304
2.074981
2.083955
2.093025
2.098307
2.102749
2.110396
2.115973
2.121171
2.123278
2.124197
2.128651
2.126729
2.128125
2.127023
2.127494
2.132807
2.125582
2.128189
2.125813
2.126808
2.133049
2.122608
2.128761
2.123556
2.124836
2.131929
2.118304
2.126673
2.119101
2.118120
2.129035
2.114508
2.119285
2.117216
2.109769
2.122568
2.118255
2.115557
2.124987
2.114505
2.120523
2.132149
2.129285
2.139324
2.134420
2.129141
2.143577
2.145318
2.147290
2.147314
2.141056
2.148893
2.151064
2.152133
2.152485
2.151231
2.153016
2.154341
2.155271
2.155899
2.156532
2.155994
2.156379
2.157022
2.157401
2.157697
2.157599
2.157912
2.158130
2.157681
2.157587
2.157547
2.157263
2.157516
2.157677
2.157419
2.156814
2.155790
2.155600
2.155834
2.154879
2.154502
2.153013
2.152513
2.152557
2.152090
2.151091
2.147509
2.148048
2.149884
2.149919
2.149089
2.145198
2.136849
2.147767
2.148281
2.148366
2.147401
2.125802
2.140576
2.149028
2.143182
2.146169
2.128437
2.130236
2.142001
2.137889
2.137844
2.131962
2.122900
2.138482
2.133095
2.132937
2.132998
2.125026
2.143255
2.133004
2.128340
2.146800
2.132491
2.145076
2.151051
2.133157
2.147985
2.148994
2.147915
2.157738
2.149604
2.149415
2.157825
2.153618
2.158011
2.158502
2.154959
2.159656
2.158477
2.159209
2.161015
2.158715
2.160791
2.161070
2.160439
2.161697
2.160296
2.161447
2.161921
2.160975
2.162162
2.161592
2.161586
2.161834
2.161180
2.161652
2.161384
2.160630
2.160675
2.159902
2.159165
2.158188
2.156795
2.155824
2.154171
2.152631
2.151451
2.149638
2.147908
2.146328
2.144828
2.143134
2.141886
2.140605
2.139449
2.138138
2.137582
2.136819
2.136713
2.136768
2.137259
2.137968
2.138382
2.138981
2.139637
2.140325
2.141321
2.142608
2.144027
2.145318
2.146530
2.147991
2.149352
2.150600
2.151811
2.152762
2.153624
2.154146
2.154345
2.154945
2.155139
2.155657
2.156152
2.157013
2.157733
2.158327
2.158929
2.159727
2.160159
2.160674
2.160949
2.160674
2.160630
2.160550
2.160782
2.160842
2.160736
2.160881
2.161172
2.161345
2.161913
2.161580
2.161562
2.161937
2.162039
2.161998
2.161983
2.162068
2.162029
2.161832
2.161601
2.161315
2.161154
2.160921
2.160872
2.160716
2.160288
2.160153
2.159755
2.159371
2.159615
2.158861
2.158756
2.158617
2.158326
2.158263
2.157702
2.157695
2.157434
2.157035
2.156688
2.155528
2.154943
2.153530
2.152011
2.150416
2.147944
2.145416
2.142760
2.139692
2.136806
2.132899
2.130086
2.127528
2.124662
2.122717
2.120622
2.120155
2.119575
2.118814
2.118587
2.118602
2.119498
2.120426
2.121199
2.122156
2.123629
2.125531
2.126970
2.128211
2.129502
2.130776
2.131704
2.132677
2.133271
2.134169
2.134874
2.135683
2.136185
2.136638
2.137138
2.137780
2.138460
2.138816
2.138963
2.139637
2.140476
2.141249
2.141750
2.142563
2.142966
2.143485
2.144158
2.144374
2.144700
2.144911
2.145335
2.145795
2.146212
2.146974
2.147120
2.147438
2.147859
2.148093
2.148139
2.148331
2.148412
2.148612
2.148860
2.148725
2.149041
2.149060
2.149565
2.150204
2.150916
2.151537
2.152481
2.153598
2.154858
2.156137
2.156898
2.157868
2.158648
2.159334
2.159854
2.160228
2.160523
2.160637
2.160841
2.161121
2.161177
2.161450
2.161652
2.161710
2.161957
2.161908
2.162041
2.161957
2.161843
2.162076
2.162122
2.162165
2.162451
2.162276
2.162456
2.162460
2.162474
2.162610
2.162435
2.162498
2.162653
2.162692
2.162818
2.162781
2.162693
2.162557
2.162598
2.162574
2.162759
2.162732
2.162774
2.162599
2.162668
2.162613
2.162701
2.162673
2.162870
2.162752
2.162732
2.162733
2.162638
2.162409
2.162430
2.162483
2.162318
2.162107
2.162231
2.162261
2.161824
2.161779
2.161515
2.161894
2.161735
2.161868
2.161762
2.161507
2.161493
2.161341
2.161469
2.161337
2.161211
2.161154
2.161757
2.161450
2.161027
2.160806
2.160531
2.160474
2.160723
2.160836
2.160591
2.160046
2.159948
2.160069
2.159835
2.159832
2.159734
2.159596
2.159882
2.159373
2.158939
2.158711
2.158471
2.158647
2.158837
2.158624
2.158436
2.158310
2.158328
2.158210
2.158366
2.158459
2.158357
2.157665
2.157663
2.157240
2.157119
2.156767
2.156758
2.157503
2.156540
2.155696
2.155301
2.154841
2.154255
2.153811
2.153032
2.150578
2.149820
2.148674
2.148202
2.146357
2.145672
2.147617
2.151222
2.150577
2.150515
2.152242
2.152624
2.152742
2.153269
2.152826
2.151226
2.151524
2.152408
2.153093
2.153093
2.152739
2.152474
2.150894
2.149997
2.151183
2.152298
2.152612
2.152303
2.152297
2.150994
2.137406
2.138226
2.151139
2.152687
2.153147
2.152916
2.152551
2.147551
2.153583
2.149948
2.152816
2.153647
2.153394
2.153260
2.152855
2.153781
2.154149
2.153549
2.154289
2.153930
2.154043
2.153950
2.154146
2.154539
2.154400
2.154602
2.154369
2.154484
2.154462
2.154089
2.154699
2.154609
2.154566
2.154381
2.154112
2.153822
2.153508
2.153918
2.153941
2.153569
2.153305
2.153516
2.153118
2.152905
2.152826
2.153026
2.153341
2.153066
2.152982
2.152652
2.152591
2.152271
2.152140
2.152614
2.152557
2.152229
2.152137
2.152010
2.151556
2.151312
2.151653
2.151876
2.151540
2.151195
2.151076
2.150725
2.150647
2.150263
2.150548
2.150856
2.149394
2.150039
2.149888
2.149801
2.149869
2.149865
2.150236
2.139626
2.143179
2.147323
2.146690
2.148070
2.147800
2.147707
2.138997
2.126051
2.128143
2.130189
2.134109
2.140071
2.141370
2.140922
2.128131
2.111822
2.112226
2.114422
2.120264
2.125459
2.132683
2.131822
2.121605
2.105604
2.103901
2.103322
2.113006
2.121606
2.125946
2.125762
2.114251
2.104052
2.103209
2.094645
2.110499
2.119340
2.119380
2.122796
2.113126
2.107760
2.107840
2.092425
2.107261
2.111170
2.118438
2.120242
2.116655
2.116323
2.117019
2.098740
2.102553
2.107612
2.115635
2.115239
2.106891
2.109539
2.112324
2.103242
2.099141
2.105616
2.107585
2.100804
2.089158
2.092307
2.105095
2.101401
2.099383
2.102439
2.100005
2.085008
2.066888
2.076080
2.093533
2.090406
2.091022
2.090999
2.079355
2.069392
2.045878
2.067772
2.082559
2.077591
2.080804
2.074572
2.049708
2.059981
2.039631
2.060041
2.056468
2.050224
2.050952
2.032712
2.035241
2.051837
2.035973
2.054324
2.036277
2.043175
2.040422
2.029569
2.064689
2.070198
2.057456
2.058070
2.036806
2.043002
2.037898
2.048715
2.084961
2.077388
2.073314
2.052220
2.044946
2.045880
2.045258
2.077387
2.093095
2.082908
2.075590
2.048285
2.055282
2.052229
2.063500
2.097336
2.100464
2.090780
2.072136
2.060995
2.065386
2.061360
2.081973
2.103600
2.103527
2.090698
2.069445
2.072209
2.069585
2.069018
2.098320
2.105198
2.103762
2.091153
2.072197
2.081144
2.075306
2.085892
2.111628
2.112488
2.109381
2.094544
2.080837
2.087367
2.081581
2.100930
2.111614
2.111488
2.108259
2.092590
2.085310
2.085879
2.086099
2.108113
2.109927
2.109463
2.106469
2.091401
2.086587
2.084773
2.093866
2.106843
2.106872
2.106159
2.103974
2.090816
2.087137
2.085632
2.098726
2.104636
2.104156
2.103449
2.102664
2.093804
2.091851
2.090535
2.101452
2.105294
2.106144
2.106517
2.106763
2.106202
2.093751
2.096266
2.100291
2.110137
2.110990
2.111385
2.111907
2.112376
2.104831
2.105117
2.109622
2.115511
2.116539
2.116908
2.117110
2.117567
2.117248
2.113060
2.116211
2.117150
2.115685
2.115229
2.113069
2.104372
2.109368
2.114611
2.116675
2.117105
2.117760
2.118258
2.114506
2.109072
2.116744
2.119138
2.119225
2.119382
2.119498
2.119734
2.115800
2.113629
2.119552
2.122687
2.124060
2.124847
2.125715
2.125611
2.120883
2.117960
2.123502
2.125967
2.126523
2.126136
2.126029
2.125679
2.118300
2.116958
2.123206
2.126255
2.127997
2.128078
2.128469
2.127514
2.116701
2.120455
2.126783
2.128872
2.131339
2.131183
2.131287
2.130986
2.120554
2.128708
2.129728
2.127853
2.130588
2.131339
2.131729
2.130521
2.122686
2.130406
2.130886
2.127477
2.129391
2.130731
2.131018
2.130425
2.124969
2.129995
2.130705
2.128776
2.128267
2.130652
2.130881
2.130429
2.126901
2.130898
2.131212
2.130437
2.127699
2.130106
2.130615
2.130542
2.128217
2.131194
2.130926
2.130597
2.128392
2.130141
2.130404
2.130596
2.129084
2.131183
2.131068
2.131028
2.129607
2.129297
2.130232
2.129898
2.129045
2.130319
2.130507
2.130327
2.129528
2.128759
2.128664
2.128517
2.128069
2.129096
2.129287
2.128503
2.127768
2.126590
2.126585
2.126581
2.126442
2.127762
2.127364
2.126563
2.126029
2.125682
2.125654
2.125354
2.125463
2.126379
2.126479
2.125823
2.125605
2.124783
2.124836
2.124215
2.124152
2.125373
2.125633
2.125058
2.124613
2.124084
2.123762
2.123377
2.123601
2.124506
2.124836
2.124181
2.123948
2.123612
2.123269
2.123274
2.123383
2.124121
2.125230
2.124407
2.124001
2.124237
2.124460
2.124055
2.124133
2.125111
2.125631
2.125323
2.125830
2.125876
2.125989
2.126014
2.125871
2.126427
2.127537
2.127668
2.127386
2.126901
2.126903
2.126753
2.126682
2.127045
2.127692
2.127165
2.126910
2.126544
2.126329
2.126076
2.126177
2.126558
2.127233
2.127427
2.126804
2.126213
2.126048
2.126455
2.126191
2.126172
2.127287
2.126723
2.126228
2.126078
2.126163
2.125776
2.125614
2.125909
2.126408
2.125966
2.126057
2.125355
2.125009
2.125112
2.125365
2.125348
2.126041
2.126343
2.126313
2.126274
2.126616
2.127092
2.127235
2.127596
2.128763
2.128810
2.128825
2.129115
2.129194
2.129217
2.129172
2.129233
2.129489
2.129607
2.129703
2.129387
2.129065
2.129037
2.129142
2.128899
2.129433
2.129889
2.129911
2.129887
2.129502
2.129492
2.129090
2.129304
2.129254
2.129703
2.129524
2.129189
2.128958
2.128842
2.128741
2.128805
2.128775
2.129269
2.129529
2.129114
2.128790
2.128886
2.128707
2.128746
2.129120
2.129384
2.129496
2.129181
2.128656
2.128609
2.128585
2.128515
2.128624
2.128209
2.128130
2.128153
2.127316
2.126954
2.126945
2.126436
2.125365
2.124768
2.124587
2.123823
2.122745
2.122737
2.121887
2.120596
2.120535
2.119897
2.119519
2.119322
2.119076
2.118412
2.116807
2.116334
2.117141
2.116310
2.115465
2.115887
2.115266
2.114072
2.112381
2.111765
2.112417
2.110443
2.108263
2.106315
2.104309
2.102203
2.099382
2.097201
2.096602
2.094145
2.090413
2.086973
2.083505
2.080260
2.077543
2.076360
2.076316
2.075410
2.073833
2.072647
2.071317
2.070306
2.071561
2.073880
2.076222
2.075849
2.075036
2.076242
2.078835
2.083496
2.090878
2.101030
2.109963
2.114663
2.116284
2.119014
2.122599
2.123954
2.124506
2.128446
2.129257
2.126532
2.122992
2.122400
2.121190
2.117482
2.113464
2.116802
2.114678
2.113795
2.113633
2.115950
2.118829
2.120396
2.121032
2.126810
2.129799
2.131388
2.132190
2.131560
2.129398
2.128540
2.126710
2.127810
2.129551
2.129900
2.130182
2.130637
2.128595
2.128205
2.126620
2.126390
2.127213
2.127128
2.128134
2.129216
2.127566
2.126772
2.128062
2.128826
2.129869
2.129099
2.129400
2.130123
2.128220
2.126942
2.127569
2.128137
2.128723
2.127564
2.127447
2.128237
2.126439
2.125598
2.124923
2.124364
2.124876
2.123604
2.122957
2.123920
2.122038
2.121481
2.121179
2.122228
2.124595
2.125633
2.127243
2.129967
2.128938
2.128412
2.126647
2.126975
2.128314
2.128370
2.129472
2.130903
2.130219
2.129993
2.129712
2.130696
2.131882
2.131751
2.131616
2.132254
2.130921
2.131160
2.130895
2.131743
2.132037
2.131160
2.131916
2.132109
2.130847
2.130866
2.131329
2.131873
2.131934
2.131619
2.132397
2.132449
2.130871
2.130741
2.131649
2.132317
2.132531
2.132524
2.132872
2.132518
2.130831
2.130247
2.131041
2.132223
2.132624
2.132246
2.132581
2.132205
2.130131
2.130068
2.130380
2.131261
2.132238
2.131690
2.131411
2.131085
2.128996
2.129595
2.129456
2.130607
2.131010
2.130368
2.130406
2.130265
2.128401
2.128623
2.129122
2.129561
2.130150
2.129791
2.129592
2.129064
2.127442
2.127850
2.128248
2.129087
2.129794
2.128626
2.128028
2.127228
2.125328
2.125186
2.124397
2.123973
2.122521
2.120091
2.119360
2.119167
2.118667
2.118959
2.119666
2.119871
2.118815
2.116608
2.115610
2.115266
2.113339
2.113177
2.113581
2.113476
2.112939
2.112170
2.112474
2.112862
2.111207
2.110170
2.110401
2.110449
2.109864
2.109098
2.108613
2.108055
2.105994
2.104633
2.103986
2.103933
2.103227
2.101746
2.100665
2.100222
2.098342
2.097374
2.097145
2.097501
2.096945
2.095841
2.095103
2.094654
2.093590
2.092656
2.091832
2.091999
2.090799
2.089130
2.087732
2.087629
2.087228
2.086660
2.085612
2.085598
2.084510
2.083324
2.082670
2.083180
2.082819
2.082242
2.081247
2.081469
2.081169
2.080772
2.080796
2.082024
2.082427
2.082711
2.083229
2.083959
2.085105
2.085556
2.086020
2.087417
2.088312
2.088544
2.090558
2.093059
2.094688
2.095126
2.095484
2.097076
2.098502
2.098410
2.100337
2.102600
2.104411
2.104827
2.104545
2.104533
2.105734
2.106511
2.106591
2.108012
2.109351
2.109233
2.107558
2.108866
2.110519
2.111780
2.109895
2.110510
2.112678
2.112205
2.108782
2.111320
2.114012
2.114982
2.112897
2.109826
2.114058
2.115079
2.110426
2.109302
2.114915
2.115107
2.111480
2.104142
2.111509
2.115439
2.108748
2.102412
2.113299
2.115575
2.112517
2.099739
2.104771
2.115459
2.108829
2.095058
2.106144
2.112377
2.107707
2.088262
2.083177
2.101531
2.096103
2.074989
2.080584
2.093507
2.089037
2.066563
2.056019
2.078831
2.080624
2.057289
2.056851
2.073389
2.073838
2.049992
2.041234
2.066578
2.073544
2.054299
2.052286
2.069634
2.075034
2.052389
2.047815
2.072682
2.080221
2.064837
2.061689
2.075771
2.081719
2.063440
2.059225
2.074508
2.078410
2.069553
2.063557
2.067221
2.070347
2.056621
2.053309
2.061902
2.064127
2.060241
2.056629
2.058923
2.061185
2.054108
2.056884
2.062803
2.064053
2.064030
2.062899
2.063009
2.063669
2.061304
2.061412
2.060948
2.058829
2.056082
2.053233
2.051498
2.048490
2.043951
2.039148
2.035366
2.031244
2.027212
2.023042
2.019004
2.014065
2.009174
2.003849
1.999116
1.994064
1.988750
1.983773
1.979166
1.974171
1.968314
1.963355
1.958928
1.954154
1.950160
1.946726
1.943287
1.940485
1.938593
1.937682
1.937337
1.937622
1.938639
1.940394
1.942563
1.945853
1.949146
1.952986
1.956564
1.960921
1.965243
1.970133
1.974252
1.978518
1.982893
1.987584
1.991823
1.996726
2.002076
2.007633
2.012644
2.018468
2.023919
2.028895
2.034019
2.038862
2.043608
2.047594
2.051412
2.055114
2.059297
2.063299
2.066451
2.069346
2.072561
2.075183
2.077447
2.079975
2.082598
2.083623
2.084275
2.085513
2.085949
2.085909
2.086136
2.086722
2.086945
2.086130
2.086102
2.086244
2.086278
2.086502
2.086768
2.087528
2.087724
2.087794
2.087488
2.087729
2.087791
2.087947
2.087667
2.088199
2.087573
2.086696
2.086884
2.087438
2.087536
2.087682
2.088109
2.088675
2.088265
2.088956
2.089623
2.089786
2.089750
2.089457
2.090372
2.090531
2.089798
2.091012
2.091196
2.091862
2.092587
2.092018
2.093439
2.094464
2.095091
2.096506
2.096222
2.097315
2.097861
2.097529
2.099279
2.099041
2.098584
2.099095
2.098964
2.099142
2.098501
2.096707
2.097753
2.096879
2.097809
2.097079
2.093619
2.095521
2.096047
2.097301
2.097733
2.095547
2.095758
2.095786
2.097898
2.098452
2.095998
2.096427
2.098308
2.098689
2.099795
2.099248
2.099443
2.102072
2.103947
2.104632
2.102342
2.103046
2.105724
2.106682
2.108209
2.107350
2.106121
2.107178
2.109519
2.110296
2.109388
2.109592
2.110570
2.109815
2.112036
2.111736
2.111133
2.112194
2.113739
2.113643
2.109831
2.111987
2.113622
2.114803
2.115851
2.114515
2.110454
2.111244
2.116033
2.118205
2.117210
2.114244
2.115071
2.114491
2.116632
2.118815
2.116786
2.117977
2.120790
2.119479
2.117299
2.116006
2.118313
2.122638
2.122583
2.122489
2.118013
2.115423
2.120036
2.122979
2.123700
2.122958
2.121885
2.120983
2.121447
2.121850
2.123407
2.122977
2.123588
2.123172
2.121663
2.121983
2.122388
2.123031
2.123129
2.122788
2.122139
2.121118
2.120926
2.121275
2.121004
2.120528
2.119918
2.119132
2.118570
2.117971
2.117093
2.115840
2.114043
2.112846
2.112167
2.110738
2.109426
2.109000
2.108732
2.108718
2.108109
2.107436
2.106434
2.105866
2.105510
2.105728
2.105939
2.106594
2.107390
2.108343
2.109643
2.111078
2.112718
2.114829
2.116818
2.118232
2.119395
2.120037
2.120497
2.122359
2.125065
2.126971
2.127809
2.128389
2.128997
2.129446
2.130004
2.130372
2.130478
2.130863
2.131504
2.131603
2.131722
2.131609
2.132031
2.132247
2.132202
2.132550
2.133146
2.133498
2.133887
2.133758
2.133998
2.133886
2.134020
2.134206
2.134008
2.133960
2.133803
2.134275
2.133609
2.133211
2.132824
2.132769
2.132882
2.133179
2.133412
2.133304
2.133309
2.133383
2.133858
2.134427
2.135072
2.134699
2.134441
2.133949
2.133753
2.134055
2.134975
2.133898
2.133546
2.133856
2.133484
2.133413
2.132606
2.132496
2.132971
2.132731
2.132328
2.130790
2.127773
2.124119
2.123829
2.127367
2.128835
2.127777
2.125876
2.123472
2.113720
2.109641
2.111001
2.119651
2.122119
2.120712
2.119060
2.104895
2.092582
2.088166
2.094995
2.109445
2.112169
2.109591
2.101223
2.083448
2.067254
2.063438
2.076230
2.093778
2.098317
2.097039
2.079517
2.057925
2.044848
2.044879
2.058671
2.075315
2.080182
2.077761
2.056963
2.034553
2.027343
2.031261
2.044091
2.054459
2.061853
2.056185
2.034327
2.016345
2.011768
2.011805
2.017913
2.027422
2.037419
2.024179
2.005909
1.995768
1.994378
1.995820
1.996660
2.004870
2.011641
1.999266
1.989632
1.990173
1.985649
1.975660
1.976414
1.986271
1.991145
1.983473
1.973135
1.975895
1.968560
1.961895
1.968142
1.972417
1.977305
1.973040
1.972436
1.978208
1.969877
1.970302
1.978415
1.980935
1.989940
1.989677
1.988777
1.997340
1.996167
2.005565
2.018043
2.013738
2.019159
2.020938
2.020679
2.034603
2.030979
2.028064
2.032245
2.027012
2.034297
2.043826
2.031006
2.032931
2.030357
2.026433
2.045888
2.031615
2.023614
2.023602
2.009857
2.017561
2.019666
1.998714
1.994301
1.987817
1.971666
1.990263
1.969802
1.952534
1.955692
1.939431
1.942760
1.941524
1.918311
1.917843
1.918619
1.908997
1.916897
1.907540
1.900328
1.914157
1.914021
1.919967
1.922716
1.917242
1.930267
1.937733
1.943061
1.951496
1.955280
1.965350
1.977577
1.984405
1.992465
1.999708
2.006128
2.014626
2.018428
2.020711
2.025582
2.029741
2.034602
2.037457
2.037752
2.038364
2.039301
2.038475
2.039588
2.038673
2.037643
2.038418
2.037243
2.034962
2.034059
2.037817
2.041388
2.045969
2.045786
2.044322
2.035502
2.027152
2.027629
2.030870
2.032358
2.040516
2.041554
2.035685
2.014763
1.999519
1.995815
1.996169
1.994033
2.010994
2.016298
2.007371
1.991776
1.988320
1.979489
1.976440
1.965457
1.980224
1.996233
1.988084
1.984208
1.982459
1.980847
1.978382
1.964262
1.966952
1.982771
1.976338
1.979139
1.980592
1.977541
1.976343
1.971110
1.967858
1.974156
1.972021
1.971343
1.969979
1.967216
1.966597
1.966410
1.967108
1.968954
1.970522
1.970409
1.971329
1.970488
1.975568
1.978811
1.975958
1.975588
1.977493
1.981507
1.982132
1.976342
1.977123
1.980110
1.983686
1.985727
1.980511
1.976132
1.975492
1.981438
1.989008
1.981151
1.974743
1.969703
1.978890
1.984198
1.972383
1.963216
1.957836
1.961621
1.966097
1.952823
1.940102
1.936457
1.939976
1.951112
1.945737
1.933385
1.931357
1.926842
1.935431
1.935694
1.922879
1.923376
1.913222
1.914707
1.920912
1.907125
1.908879
1.897548
1.892663
1.905621
1.896014
1.899188
1.889669
1.880958
1.895564
1.890686
1.891307
1.882926
1.871721
1.883918
1.885130
1.885975
1.880064
1.870878
1.881548
1.885124
1.886496
1.881756
1.872259
1.879649
1.885275
1.887406
1.886665
1.879969
1.890213
1.892951
1.894217
1.890675
1.876549
1.874441
1.879652
1.888465
1.887647
1.881492
1.882698
1.880573
1.873561
1.871945
1.876159
1.890206
1.897907
1.899607
1.895098
1.880305
1.876152
1.877025
1.887367
1.908114
1.909311
1.908669
1.904068
1.890794
1.888588
1.890197
1.917849
1.927137
1.925340
1.925811
1.919680
1.902713
1.908925
1.910018
1.939155
1.943208
1.940926
1.944199
1.943924
1.946186
1.947533
1.959273
1.977034
1.984961
1.987877
1.990826
2.004574
2.010959
2.016709
2.019385
2.026966
2.029694
2.033489
2.041842
2.047980
2.054312
2.058411
2.062067
2.067979
2.073128
2.077185
2.081674
2.085800
2.091066
2.094543
2.097648
2.101274
2.103745
2.106448
2.107970
2.109084
2.110141
2.111456
2.113326
2.114693
2.115805
2.116602
2.117559
2.118651
2.120160
2.121889
2.123154
2.124363
2.125948
2.126721
2.127259
2.127867
2.128059
2.129162
2.129723
2.130750
2.131715
2.131636
2.132058
2.133070
2.133375
2.133397
2.132238
2.132707
2.134023
2.134270
2.133126
2.130846
2.131115
2.132161
2.132154
2.131407
2.129635
2.130471
2.132301
2.133036
2.132050
2.130542
2.131335
2.133814
2.134654
2.133067
2.133790
2.133144
2.135727
2.135991
2.136949
2.141094
2.142484
2.143700
2.143395
2.143763
2.144369
2.144046
2.144139
2.143580
2.143818
2.143891
2.143384
2.142585
2.141662
2.142026
2.141461
2.139639
2.138084
2.137346
2.138031
2.136362
2.134203
2.133693
2.134498
2.135823
2.136638
2.136693
2.138454
2.141953
2.145050
2.147563
2.147838
2.147374
2.148985
2.148978
2.149385
2.149057
2.148919
2.149402
2.148933
2.150062
2.149791
2.149554
2.149512
2.149237
2.149938
2.150072
2.150146
2.150537
2.150104
2.150481
2.150065
2.149861
2.150285
2.149345
2.149830
2.150211
2.149791
2.149608
2.148839
2.148970
2.149394
2.149035
2.149280
2.148886
2.148691
2.149169
2.149256
2.148791
2.148335
2.148468
2.149335
2.149158
2.148219
2.148004
2.148095
2.148585
2.148539
2.147378
2.147322
2.147645
2.147937
2.148004
2.146935
2.146832
2.147110
2.147706
2.147612
2.146709
2.146470
2.146614
2.147006
2.146491
2.146053
2.145854
2.145889
2.146116
2.145470
2.145012
2.145008
2.144838
2.145282
2.144685
2.144310
2.144353
2.144418
2.143989
2.143296
2.143878
2.144180
2.144226
2.143284
2.142534
2.143000
2.143472
2.143166
2.128534
2.134151
2.141562
2.141919
2.132075
2.096871
2.113037
2.132132
2.129229
2.096634
2.097281
2.102295
2.121103
2.106337
2.096148
2.122716
2.113078
2.107946
2.096580
2.116657
2.128467
2.117373
2.099432
2.104067
2.127963
2.130154
2.120710
2.104779
2.115096
2.130895
2.128462
2.121469
2.113053
2.125475
2.131548
2.127120
2.122004
2.118173
2.129463
2.131770
2.128982
2.123467
2.120419
2.130103
2.131329
2.129800
2.125376
2.126220
2.133679
2.131946
2.130126
2.127028
2.129754
2.135031
2.135218
2.133892
2.130389
2.133707
2.136916
2.137300
2.135668
2.133402
2.138131
2.139571
2.138538
2.135927
2.135204
2.139218
2.139661
2.140051
2.139333
2.138035
2.140284
2.141091
2.141894
2.140611
2.141985
2.144539
2.144352
2.144269
2.143377
2.145125
2.145216
2.145832
2.146395
2.145392
2.144406
2.142352
2.139912
2.137402
2.135972
2.135852
2.135202
2.133796
2.134925
2.135780
2.137818
2.137715
2.136054
2.135496
2.135468
2.136607
2.138113
2.139730
2.140572
2.141320
2.142766
2.143360
2.142680
2.142522
2.142357
2.143175
2.142687
2.142437
2.142314
2.140307
2.139842
2.139776
2.139748
2.139075
2.138796
2.137033
2.136047
2.134925
2.134018
2.134106
2.133177
2.131303
2.131235
2.130302
2.129287
2.129323
2.128657
2.127792
2.127983
2.128355
2.128356
2.125893
2.123904
2.122954
2.119248
2.117245
2.116700
2.113260
2.106137
2.104534
2.102590
2.097268
2.086250
2.090552
2.089233
2.080140
2.073872
2.072852
2.066877
2.043764
2.057168
2.058034
2.051862
2.036562
2.043602
2.039803
2.020737
2.017221
2.040582
2.033305
2.014096
2.022653
2.024124
2.019733
1.998839
2.034535
2.022183
2.007783
1.999169
2.019396
2.008709
1.997475
2.024629
2.025097
2.004735
1.987152
2.025915
2.003223
2.003627
2.021958
2.035102
2.006697
1.985340
2.024181
2.021242
2.001099
2.017699
2.034885
2.012100
1.979373
2.009723
2.026533
2.004379
2.012326
2.025591
2.017565
1.985602
2.003732
2.023667
2.016945
2.015919
2.027282
2.026656
2.008740
2.012826
2.032345
2.033021
2.027196
2.036227
2.041068
2.043872
2.037265
2.044656
2.054390
2.060878
2.067919
2.062834
2.058678
2.068605
2.079211
2.082148
2.078697
2.076933
2.084342
2.091212
2.092502
2.089714
2.091272
2.081028
2.087996
2.092610
2.091616
2.092902
2.090452
2.083491
2.094761
2.097899
2.096452
2.096916
2.087731
2.088421
2.095761
2.097869
2.098145
2.097074
2.086128
2.093534
2.100440
2.103487
2.104356
2.100324
2.093518
2.103862
2.109932
2.111334
2.113585
2.105208
2.104929
2.113165
2.115735
2.115962
2.114423
2.102323
2.109273
2.110120
2.113534
2.112800
2.107753
2.105244
2.112013
2.119083
2.112243
2.117656
2.108880
2.114721
2.118477
2.111431
2.120401
2.107741
2.111732
2.119611
2.121238
2.121362
2.113270
2.111404
2.107832
2.117773
2.124173
2.124022
2.122446
2.119838
2.117363
2.109597
2.117615
2.125559
2.122236
2.124380
2.121059
2.121314
2.117528
2.117112
2.122878
2.122131
2.120101
2.118811
2.119940
2.121949
2.124627
2.127666
2.128430
2.128283
2.127917
2.125216
2.125844
2.128749
2.129969
2.133148
2.132905
2.131782
2.127985
2.120143
2.124851
2.128310
2.132927
2.131362
2.129685
2.128104
2.117438
2.124726
2.131872
2.133646
2.134432
2.134079
2.133120
2.124169
2.134017
2.138965
2.140501
2.141820
2.142093
2.141244
2.135770
2.140246
2.146077
2.147809
2.149667
2.150445
2.150372
2.148531
2.146523
2.152693
2.154365
2.155918
2.156798
2.156916
2.155578
2.153384
2.156417
2.158148
2.158977
2.160401
2.161045
2.161209
2.158802
2.157638
2.160533
2.161645
2.162690
2.163159
2.163494
2.163487
2.160023
2.161542
2.162939
2.163877
2.164625
2.164922
2.165279
2.164637
2.162177
2.164472
2.164980
2.165357
2.165452
2.165807
2.165950
2.165541
2.165853
2.166170
2.166362
2.166249
2.166725
2.166842
2.166942
2.166843
2.167004
2.167079
2.167084
2.167016
2.167038
2.167169
2.167170
2.167475
2.167602
2.167631
2.167580
2.167705
2.167488
2.167831
2.167981
2.168245
2.168140
2.168030
2.168095
2.168018
2.167984
2.167982
2.168199
2.168397
2.168375
2.168503
2.168499
2.168316
2.168415
2.168278
2.168307
2.168513
2.168318
2.168512
2.168232
2.168573
2.168532
2.168609
2.168499
2.168664
2.168667
2.168968
2.168878
2.168818
2.168811
2.168989
2.168745
2.168784
2.168605
2.168375
2.168624
2.168635
2.168562
2.168579
2.168558
2.168648
2.168759
2.168645
2.168697
2.168767
2.168769
2.168787
2.169157
2.168872
2.168990
2.168961
2.169037
2.168767
2.168592
2.168979
2.169017
2.168742
2.168828
2.168958
2.168891
2.168754
2.168726
2.168705
2.168254
2.168110
2.168195
2.168010
2.167541
2.167241
2.167045
2.166630
2.166486
2.166069
2.165990
2.165745
2.165782
2.165719
2.165585
2.165467
2.165217
2.165300
2.165056
2.165076
2.164963
2.165141
2.165076
2.165076
2.164900
2.164985
2.164952
2.164997
2.165155
2.164967
2.164795
2.164760
2.164956
2.164983
2.165027
2.164935
2.165003
2.165362
2.165415
2.165533
2.165704
2.165836
2.165887
2.166128
2.166090
2.166014
2.165993
2.166277
2.166295
2.166245
2.166447
2.166421
2.166492
2.166679
2.166637
2.166657
2.166620
2.166363
2.166587
2.166526
2.166411
2.166348
2.166551
2.166731
2.166510
2.166307
2.166469
2.166388
2.166634
2.166365
2.166141
2.166185
2.166086
2.166042
2.165840
2.165531
2.165375
2.165455
2.165397
2.164956
2.164673
2.164544
2.164486
2.164485
2.164081
2.163662
2.163375
2.163143
2.163051
2.163014
2.162564
2.162044
2.162442
2.162142
2.162092
2.161916
2.161700
2.161699
2.161567
2.161443
2.161420
2.161497
2.161096
2.161295
2.161067
2.161161
2.161373
2.161349
2.161204
2.161540
2.161614
2.161827
2.162331
2.162511
2.162780
2.162951
2.163305
2.163420
2.163204
2.163336
2.163236
2.163333
2.163549
2.163123
2.162915
2.162842
2.162974
2.163113
2.163045
2.162841
2.162508
2.162538
2.162682
2.162666
2.162474
2.162462
2.162652
2.162740
2.162693
2.162359
2.162355
2.162730
2.162793
2.162903
2.162534
2.162450
2.162544
2.162483
2.162500
2.162121
2.161854
2.161598
2.161697
2.161623
2.162073
2.161923
2.161996
2.161921
2.162128
2.162431
2.162210
2.162595
2.162477
2.162440
2.162676
2.162675
2.162905
2.162986
2.162843
2.163001
2.163144
2.163394
2.163383
2.163020
2.163149
2.163123
2.163202
2.163297
2.163375
2.163200
2.162929
2.162726
2.162256
2.161824
2.161424
2.160599
2.159820
2.158965
2.158521
2.158328
2.157933
2.157961
2.158213
2.157822
2.158406
2.157856
2.157453
2.156876
2.156095
2.156096
2.156003
2.156047
2.156291
2.155228
2.154264
2.154950
2.155172
2.155084
2.154548
2.152972
2.153453
2.153375
2.153254
2.153488
2.152425
2.152950
2.153317
2.153158
2.153986
2.153010
2.153404
2.154468
2.153556
2.154379
2.154188
2.153620
2.153844
2.154210
2.154069
2.153772
2.152783
2.152116
2.151965
2.151999
2.152611
2.153619
2.155104
2.156140
2.156941
2.158951
2.160718
2.161547
2.162004
2.162192
2.162150
2.162442
2.162638
2.162575
2.162773
2.162659
2.162519
2.162338
2.162259
2.162031
2.162223
2.162293
2.162542
2.162309
2.161460
2.160608
2.159304
2.157698
2.156129
2.153556
2.152036
2.150773
2.150152
2.149937
2.149338
2.149605
2.150075
2.151340
2.153237
2.155744
2.158386
2.160433
2.161513
2.162208
2.162718
2.163130
2.163370
2.163317
2.163246
2.163435
2.163520
2.163596
2.163778
2.163651
2.163817
2.163860
2.163679
2.163483
2.163621
2.163553
2.163629
2.163880
2.163384
2.163190
2.162608
2.162288
2.161530
2.160177
2.159076
2.158158
2.158079
2.158796
2.158696
2.157167
2.156925
2.156987
2.157364
2.158443
2.159358
2.160050
2.160773
2.160753
2.160690
2.161099
2.160899
2.160877
2.160925
2.160408
2.160445
2.160552
2.159777
2.160021
2.159693
2.159110
2.158903
2.158248
2.158006
2.157974
2.156478
2.155791
2.152342
2.153112
2.151485
2.149466
2.148114
2.142811
2.141204
2.142136
2.137100
2.135509
2.131792
2.122813
2.125868
2.121390
2.118791
2.117423
2.109202
2.110199
2.110167
2.107046
2.107130
2.103308
2.101817
2.103428
2.102529
2.103078
2.102717
2.101316
2.102957
2.102774
2.102106
2.101574
2.100433
2.100183
2.100431
2.099490
2.099240
2.098637
2.097682
2.097282
2.096134
2.095874
2.096359
2.096381
2.096746
2.096236
2.094659
2.094179
2.093720
2.093911
2.093476
2.092896
2.093886
2.092580
2.095976
2.095688
2.097001
2.098929
2.092171
2.095200
2.093518
2.092394
2.100641
2.090379
2.092710
2.094734
2.092372
2.105274
2.094470
2.097106
2.099302
2.098342
2.114099
2.100835
2.101644
2.108061
2.102242
2.123235
2.107192
2.106962
2.115978
2.107633
2.130745
2.116845
2.114866
2.123860
2.113993
2.131999
2.128269
2.121233
2.130299
2.119552
2.128051
2.139390
2.129709
2.137393
2.131525
2.125434
2.146113
2.139660
2.143924
2.145973
2.131379
2.144957
2.147772
2.150317
2.154051
2.146512
2.140574
2.153715
2.155781
2.157993
2.157837
2.148242
2.153807
2.158558
2.160954
2.161875
2.158607
2.154917
2.160017
2.160965
2.161054
2.161130
2.159134
2.154453
2.155434
2.159683
2.159482
2.159241
2.157837
2.155920
2.158705
2.159797
2.158250
2.157764
2.155851
2.155644
2.157747
2.157617
2.157130
2.156993
2.154411
2.152150
2.152265
2.153831
2.152442
2.152485
2.153890
2.153294
2.153058
2.153834
2.152564
2.148247
2.146381
2.151706
2.153679
2.153290
2.151887
2.146223
2.146281
2.145845
2.145902
2.148340
2.145641
2.142009
2.139888
2.141930
2.140988
2.141083
2.142630
2.139716
2.138351
2.142470
2.144929
2.144967
2.144680
2.144643
2.140182
2.143341
2.151281
2.152143
2.151930
2.149847
2.146835
2.143950
2.151317
2.151148
2.148859
2.154570
2.152162
2.148739
2.147040
2.148093
2.130827
2.131788
2.136660
2.131455
2.122973
2.115018
2.102972
2.099769
2.096493
2.090445
2.078808
2.065576
2.070881
2.069380
2.063780
2.051896
2.043573
2.051350
2.051381
2.047281
2.040982
2.040364
2.054610
2.063047
2.048541
2.038784
2.045918
2.065002
2.092118
2.095513
2.092603
2.057198
2.055327
2.077875
2.105088
2.110379
2.107773
2.105442
2.094163
2.080673
2.080697
2.096266
2.087148
2.088754
2.087964
2.078009
2.058881
2.046199
2.051837
2.047378
2.054404
2.054761
2.054684
2.056151
2.055868
2.061511
2.066471
2.071180
2.073210
2.075000
2.076457
2.071753
2.078259
2.083776
2.090492
2.095371
2.099906
2.092190
2.095913
2.107437
2.112150
2.123488
2.126105
2.127524
2.117367
2.114867
2.119305
2.124197
2.126441
2.125832
2.125341
2.124762
2.122821
2.124012
2.125034
2.125062
2.124909
2.125155
2.125887
2.127329
2.127818
2.128679
2.129661
2.131256
2.131435
2.132536
2.133868
2.133019
2.133406
2.134131
2.134373
2.133862
2.132435
2.134674
2.134486
2.134826
2.134051
2.133216
2.135243
2.135981
2.136728
2.133763
2.133855
2.136697
2.138523
2.136730
2.134278
2.134447
2.136568
2.140701
2.140471
2.135756
2.135675
2.136546
2.144100
2.144611
2.139567
2.137336
2.137141
2.142181
2.143593
2.142504
2.136646
2.136980
2.139952
2.142565
2.141815
2.137973
2.136338
2.137588
2.141188
2.140825
2.138894
2.134379
2.134161
2.136936
2.136142
2.135954
2.130964
2.125659
2.129587
2.124301
2.126429
2.123022
2.105674
2.113132
2.103937
2.099403
2.101912
2.083539
2.093527
2.086391
2.074446
2.080561
2.067956
2.065138
2.075623
2.061237
2.063238
2.056358
2.046063
2.060024
2.050163
2.044736
2.043085
2.035027
2.040746
2.037405
2.031628
2.028942
2.022378
2.021618
2.019639
2.012929
2.008557
2.003109
1.999830
1.996080
1.991094
1.987397
1.984105
1.981854
1.978313
1.974773
1.972028
1.970553
1.970329
1.969767
1.969966
1.970688
1.971933
1.974309
1.978255
1.983283
1.989421
1.996688
2.004259
2.011356
2.019495
2.028134
2.036147
2.044461
2.051982
2.060044
2.071014
2.080523
2.089070
2.096057
2.102963
2.112992
2.121299
2.127698
2.131737
2.136827
2.143191
2.146977
2.150586
2.151345
2.153599
2.156211
2.156917
2.157886
2.157036
2.156978
2.158149
2.158183
2.157996
2.157438
2.157179
2.157462
2.157962
2.157623
2.157761
2.157521
2.158387
2.158420
2.157475
2.157199
2.157277
2.157894
2.157792
2.156981
2.156332
2.156197
2.156005
2.155712
2.154949
2.154824
2.154524
2.154533
2.154296
2.153808
2.153518
2.153879
2.153816
2.154286
2.154142
2.153805
2.154198
2.154545
2.155168
2.155019
2.154861
2.155753
2.156087
2.156180
2.156497
2.156431
2.156563
2.157181
2.157824
2.157915
2.157317
2.157671
2.158508
2.158814
2.158481
2.157363
2.157632
2.158219
2.158755
2.158461
2.157441
2.157175
2.157530
2.158426
2.158452
2.157061
2.156996
2.157061
2.158017
2.157851
2.156896
2.156407
2.156496
2.157405
2.157463
2.156065
2.155880
2.155407
2.155831
2.156193
2.155699
2.155258
2.154933
2.155021
2.155594
2.155848
2.155320
2.154986
2.155013
2.155788
2.155737
2.155708
2.155727
2.155527
2.155244
2.155272
2.155457
2.154886
2.154654
2.154759
2.155273
2.155169
2.154353
2.154130
2.154626
2.154535
2.154790
2.154874
2.154167
2.153571
2.153798
2.153974
2.153918
2.153511
2.153418
2.153603
2.153736
2.153899
2.153845
2.153654
2.153699
2.154084
2.154967
2.155216
2.155321
2.155351
2.155843
2.156371
2.156590
2.156764
2.156903
2.156921
2.157366
2.157646
2.158000
2.157736
2.157854
2.158214
2.158464
2.158543
2.158551
2.158418
2.158577
2.158760
2.158517
2.158709
2.158644
2.158598
2.158732
2.158607
2.158331
2.158433
2.158205
2.158221
2.158470
2.158355
2.158154
2.158082
2.157852
2.157737
2.157596
2.158015
2.158048
2.157668
2.157726
2.157590
2.157313
2.157397
2.157453
2.157829
2.157539
2.157554
2.157451
2.157214
2.157171
2.157100
2.157305
2.157632
2.157264
2.157164
2.157330
2.157509
2.157243
2.157105
2.157314
2.157379
2.156945
2.156999
2.157184
2.157345
2.157102
2.157136
2.157072
2.157027
2.156612
2.156779
2.157173
2.156640
2.156689
2.156599
2.156549
2.156452
2.156314
2.156595
2.156768
2.156492
2.156237
2.156172
2.156363
2.156175
2.155880
2.156245
2.156361
2.156245
2.155797
2.155955
2.155904
2.155653
2.155861
2.155706
2.156134
2.156034
2.155587
2.155349
2.155403
2.155152
2.155010
2.155142
2.155913
2.155125
2.154738
2.154615
2.154420
2.154434
2.154545
2.154777
2.154719
2.153830
2.153434
2.153423
2.153185
2.153291
2.153127
2.153050
2.152580
2.152154
2.151766
2.151369
2.151618
2.151289
2.150916
2.151040
2.150602
2.150348
2.150052
2.149522
2.149463
2.149005
2.148849
2.148482
2.148014
2.147591
2.147003
2.146741
2.146611
2.146175
2.145971
2.145667
2.145244
2.145349
2.144861
2.144967
2.144748
2.144462
2.144593
2.144732
2.144931
2.145192
2.145206
2.145719
2.145766
2.145510
2.145715
2.145562
2.146484
2.146878
2.146908
2.147288
2.147864
2.147209
2.146995
2.146895
2.148420
2.148935
2.149250
2.149977
2.150080
2.149451
2.149427
2.148322
2.149268
2.150007
2.149516
2.150791
2.150973
2.150627
2.149596
2.147691
2.146837
2.146625
2.147085
2.147810
2.146987
2.146496
2.146366
2.145042
2.144141
2.144285
2.145251
2.145759
2.145738
2.145467
2.144991
2.143551
2.142786
2.142885
2.143999
2.144423
2.143635
2.143177
2.142819
2.142083
2.140753
2.140988
2.141093
2.141050
2.140453
2.140236
2.139795
2.140016
2.139213
2.138699
2.138770
2.138508
2.138504
2.137953
2.137620
2.137027
2.136558
2.136232
2.135678
2.134923
2.134046
2.133545
2.132925
2.132501
2.131700
2.130808
2.129706
2.129425
2.128975
2.128464
2.127556
2.126852
2.126664
2.126431
2.125996
2.125703
2.125362
2.125009
2.124689
2.123950
2.122277
2.119896
2.117207
2.115828
2.116250
2.117987
2.119515
2.120737
2.121614
2.122275
2.122841
2.122658
2.122363
2.122348
2.122625
2.122856
2.122284
2.121394
2.121297
2.121462
2.121552
2.121556
2.121270
2.121539
2.120943
2.120892
2.121058
2.120879
2.120177
2.119741
2.119599
2.120576
2.121112
2.120243
2.120523
2.120036
2.120813
2.121853
2.122096
2.122560
2.123100
2.122711
2.124160
2.125012
2.125617
2.126015
2.125854
2.126419
2.127276
2.127380
2.127858
2.127821
2.128074
2.128515
2.128357
2.128640
2.129005
2.129368
2.129424
2.129362
2.129207
2.129653
2.129678
2.129916
2.130651
2.130548
2.130311
2.130545
2.130535
2.130790
2.130774
2.130800
2.131155
2.131371
2.130788
2.130970
2.130768
2.130874
2.131090
2.131283
2.131523
2.131526
2.131261
2.131445
2.131827
2.132021
2.132022
2.132280
2.132431
2.132863
2.132792
2.133116
2.133081
2.133268
2.133917
2.133719
2.133587
2.133593
2.133952
2.133875
2.133881
2.134005
2.133595
2.133159
2.133558
2.133523
2.133948
2.133718
2.133819
2.133181
2.132831
2.132736
2.132929
2.132823
2.132827
2.132295
2.132155
2.131848
2.131710
2.131789
2.132234
2.132083
2.131587
2.130999
2.130794
2.130134
2.130324
2.131059
2.130238
2.129735
2.128972
2.128333
2.128503
2.128975
2.129043
2.128454
2.127684
2.126895
2.126654
2.126428
2.126493
2.126105
2.125413
2.124640
2.123514
2.123004
2.122884
2.122626
2.122421
2.121809
2.120799
2.120329
2.119820
2.119706
2.118905
2.118316
2.118381
2.117741
2.116289
2.114905
2.115612
2.115619
2.115147
2.113866
2.112305
2.111971
2.111503
2.110437
2.107201
2.105989
2.106875
2.108195
2.107257
2.107360
2.108188
2.107661
2.105317
2.102732
2.102907
2.102605
2.100402
2.096260
2.095574
2.097169
2.094868
2.090306
2.088575
2.089349
2.086878
2.081810
2.079357
2.077503
2.075209
2.072073
2.071474
2.069648
2.069345
2.068782
2.070148
2.069281
2.069986
2.069367
2.069814
2.068404
2.067584
2.067041
2.066885
2.066751
2.066664
2.067085
2.068596
2.071282
2.074007
2.077086
2.081025
2.084432
2.086427
2.087920
2.089410
2.089997
2.091195
2.091694
2.091972
2.091792
2.092175
2.092181
2.092711
2.093259
2.094569
2.096265
2.097486
2.098981
2.100925
2.101968
2.102326
2.102393
2.103167
2.103844
2.104943
2.105588
2.106102
2.107391
2.108594
2.108019
2.107849
2.110696
2.112210
2.113518
2.114543
2.115958
2.112404
2.105830
2.105103
2.109467
2.115325
2.118667
2.121120
2.121890
2.113537
2.105875
2.103772
2.109205
2.120157
2.128587
2.132244
2.129299
2.115039
2.111042
2.114919
2.125604
2.133231
2.135546
2.131974
2.121757
2.117130
2.117678
2.117090
2.128135
2.134675
2.133781
2.123798
2.118487
2.120739
2.117179
2.122825
2.133527
2.136620
2.130855
2.135563
2.136052
2.134791
2.125493
2.122170
2.133451
2.135596
2.137184
2.141170
2.141089
2.141044
2.132746
2.123924
2.135634
2.136598
2.142754
2.143202
2.143865
2.144223
2.137772
2.126403
2.137872
2.141634
2.145942
2.146568
2.147001
2.146898
2.143625
2.133497
2.142489
2.146743
2.148541
2.148941
2.149202
2.148909
2.147655
2.144421
2.147857
2.149398
2.150140
2.150657
2.150496
2.150511
2.149746
2.149431
2.150673
2.150869
2.151626
2.151954
2.151608
2.150927
2.149446
2.148464
2.149755
2.150841
2.149448
2.143527
2.140499
2.140585
2.140938
2.140562
2.141352
2.142659
2.144356
2.145342
2.146740
2.148067
2.149632
2.150600
2.151939
2.153370
2.154216
2.154441
2.154419
2.154382
2.154247
2.154096
2.154594
2.155215
2.155936
2.156268
2.156093
2.156268
2.155939
2.155550
2.156069
2.156672
2.156871
2.157023
2.157230
2.157435
2.156797
2.156717
2.157090
2.157770
2.157941
2.157978
2.157904
2.157968
2.157421
2.157525
2.158132
2.158192
2.158014
2.158115
2.158173
2.158460
2.157894
2.157800
2.157689
2.158027
2.158468
2.158574
2.158341
2.157676
2.157567
2.157629
2.157638
2.157564
2.157149
2.157105
2.156802
2.156633
2.156141
2.155988
2.155350
2.155470
2.155787
2.156084
2.155352
2.155128
2.155493
2.155885
2.155633
2.155636
2.155609
2.156167
2.156117
2.156590
2.156419
2.156467
2.156143
2.156813
2.157500
2.157388
2.157395
2.156908
2.157353
2.157769
2.158050
2.158266
2.158355
2.158661
2.158598
2.158884
2.159173
2.158598
2.158772
2.159496
2.159835
2.159661
2.159782
2.159382
2.160017
2.160462
2.160093
2.160141
2.160028
2.160441
2.161114
2.161271
2.160901
2.160879
2.160755
2.161451
2.161857
2.161894
2.162089
2.161497
2.161832
2.161925
2.162089
2.162341
2.162201
2.162557
2.162828
2.162513
2.162440
2.162421
2.162747
2.163024
2.163559
2.163379
2.163036
2.163185
2.163503
2.163942
2.164053
2.163732
2.164195
2.163854
2.163922
2.164305
2.164946
2.164772
2.164642
2.164658
2.165391
2.165379
2.165497
2.165500
2.165797
2.165926
2.166082
2.166142
2.166466
2.166460
2.166731
2.167019
2.167294
2.167053
2.166737
2.167284
2.167604
2.167728
2.167903
2.167830
2.167780
2.168029
2.168377
2.168477
2.168429
2.168480
2.168619
2.168463
2.168652
2.169014
2.169116
2.169529
2.169910
2.169877
2.169860
2.169795
2.170067
2.170378
2.170576
2.170553
2.170690
2.170574
2.170740
2.170803
2.170920
2.171456
2.171500
2.171586
2.171577
2.171551
2.171652
2.172017
2.172030
2.172121
2.172477
2.172419
2.172433
2.172214
2.172551
2.173015
2.173179
2.173160
2.173230
2.173306
2.173441
2.173251
2.173485
2.173856
2.173889
2.173878
2.173833
2.173885
2.174360
2.174114
2.174351
2.174717
2.174487
2.174517
2.174913
2.174766
2.174760
2.174786
2.175319
2.175429
2.175245
2.175218
2.175485
2.175305
2.175334
2.175439
2.175692
2.175927
2.175567
2.175632
2.175849
2.175692
2.175722
2.176017
2.175972
2.176083
2.176095
2.176134
2.176252
2.176039
2.176191
2.176396
2.176286
2.175978
2.176113
2.176159
2.175945
2.175568
2.175609
2.175865
2.175287
2.175817
2.175594
2.175782
2.175363
2.174981
2.175328
2.175594
2.175356
2.175132
2.175239
2.175485
2.175163
2.175305
2.175460
2.175156
2.175376
2.175354
2.175192
2.175376
2.175058
2.175338
2.175387
2.175530
2.175480
2.175445
2.175456
2.175161
2.175374
2.175319
2.175594
2.175463
2.175638
2.176064
2.175873
2.176415
2.176584
2.176394
2.176548
2.176411
2.176656
2.177022
2.176769
2.176801
2.177203
2.177039
2.177416
2.177094
2.177293
2.177424
2.177712
2.177712
2.177897
2.177613
2.177858
2.177966
2.178249
2.178371
2.178334
2.178386
2.178228
2.178455
2.178249
2.178640
2.178509
2.178470
2.178771
2.178665
2.178624
2.178524
2.178442
2.178530
2.178487
2.178581
2.178523
2.178678
2.178937
2.178883
2.178790
2.178767
2.178828
2.178687
2.178841
2.179024
2.179010
2.178901
2.178856
2.179081
2.178999
2.179005
2.179237
2.179126
2.179096
2.179282
2.179682
2.179523
2.179628
2.179705
2.179848
2.179710
2.179731
2.179419
2.179484
2.179496
2.179615
2.179915
2.179843
2.179708
2.179728
2.179467
2.179483
2.179404
2.179307
2.179303
2.179253
2.179406
2.179249
2.179113
2.179320
2.179195
2.179222
2.179149
2.178937
2.178746
2.178886
2.178913
2.179026
2.179030
2.179065
2.179272
2.179433
2.179235
2.179292
2.179329
2.179327
2.179570
2.179425
2.179292
2.179440
2.179568
2.179592
2.179912
2.179769
2.179765
2.179683
2.179870
2.179578
2.179938
2.179731
2.179602
2.179695
2.179796
2.179876
2.179975
2.179969
2.180040
2.179936
2.180153
2.180268
2.180173
2.180083
2.180215
2.180188
2.180163
2.180330
2.180232
2.180085
2.180288
2.180411
2.180259
2.180027
2.180337
2.180454
2.180248
2.180079
2.180465
2.180403
2.180219
2.180364
2.180052
2.180122
2.180443
2.180283
2.180612
2.180385
2.180130
2.180068
2.179614
2.180045
2.180004
2.180046
2.179909
2.179900
2.179795
2.179775
2.179632
2.179843
2.180047
2.179738
2.179884
2.179790
2.179945
2.180047
2.179760
2.179899
2.179883
2.179908
2.179936
2.179999
2.179992
2.180054
2.179826
2.179915
2.179698
2.179779
2.179707
2.179834
2.179556
2.179487
2.179494
2.179447
2.179686
2.179610
2.179827
2.179763
2.179128
2.179034
2.179158
2.179456
2.179338
2.179522
2.179250
2.179096
2.178804
2.178945
2.178789
2.178911
2.179351
2.179298
2.178980
2.178957
2.178564
2.178601
2.178837
2.179330
2.179434
2.179003
2.179257
2.179166
2.179086
2.179105
2.178852
2.178886
2.179076
2.179012
2.178685
2.178770
2.178623
2.178681
2.178678
2.178603
2.178605
2.178475
2.178516
2.178620
2.178184
2.178250
2.178021
2.177925
2.178111
2.178089
2.178048
2.178061
2.177729
2.177618
2.177450
2.177772
2.178007
2.177433
2.177315
2.177349
2.177180
2.176840
2.177032
2.177241
2.176990
2.176671
2.176619
2.176197
2.176022
2.175909
2.175965
2.175451
2.175503
2.175344
2.174718
2.174813
2.174928
2.174503
2.174410
2.174528
2.174354
2.174079
2.174427
2.174411
2.174185
2.173749
2.173547
2.173424
2.173353
2.173473
2.173650
2.173157
2.173405
2.172626
2.172493
2.172750
2.172879
2.172568
2.172334
2.171921
2.171927
2.171346
2.171642
2.172027
2.171707
2.171407
2.171218
2.171059
2.170835
2.170909
2.171240
2.171553
2.171152
2.170709
2.170998
2.170630
2.170492
2.170864
2.170970
2.170872
2.170072
2.170187
2.169685
2.169771
2.169340
2.169176
2.168849
2.168944
2.168790
2.168136
2.167923
2.167588
2.167321
2.166890
2.167048
2.166640
2.166883
2.167019
2.166958
2.166852
2.166850
2.167062
2.167513
2.167681
2.167436
2.167052
2.166635
2.166317
2.166246
2.166414
2.166745
2.166081
2.165597
2.165385
2.165442
2.165537
2.166036
2.166306
2.166317
2.165900
2.165857
2.166177
2.166211
2.166315
2.166852
2.166957
2.166640
2.166481
2.166628
2.166931
2.167408
2.167283
2.167426
2.166984
2.166795
2.166900
2.167050
2.167448
2.167194
2.167245
2.167079
2.166409
2.166062
2.166284
2.166466
2.166596
2.166383
2.166305
2.165277
2.165157
2.165374
2.165258
2.165437
2.165197
2.164997
2.164626
2.164107
2.164161
2.163940
2.163962
2.163873
2.164101
2.163520
2.162485
2.162758
2.162215
2.162048
2.162108
2.161984
2.161842
2.161077
2.161058
2.160759
2.160267
2.160285
2.160371
2.160349
2.159606
2.159099
2.158825
2.158514
2.158656
2.158338
2.159011
2.158427
2.157877
2.157870
2.157620
2.157528
2.156959
2.156879
2.156055
2.155275
2.154811
2.154397
2.153756
2.153239
2.152585
2.152910
2.152196
2.151785
2.151903
2.151827
2.151887
2.150764
2.150728
2.150929
2.150419
2.150672
2.151201
2.151114
2.150897
2.149929
2.151315
2.150744
2.150796
2.151471
2.151670
2.151685
2.150502
2.151256
2.151217
2.150767
2.151855
2.152054
2.151818
2.150666
2.150115
2.150660
2.149777
2.150201
2.150761
2.150548
2.150171
2.148917
2.149007
2.148539
2.148506
2.149503
2.149624
2.149320
2.148601
2.147359
2.147721
2.147113
2.147903
2.148578
2.148164
2.147767
2.146042
2.146548
2.146024
2.146412
2.147642
2.147562
2.147316
2.145836
2.145447
2.145606
2.145401
2.146318
2.147312
2.146945
2.145476
2.144055
2.144976
2.144459
2.145332
2.146122
2.146612
2.146124
2.144589
2.145293
2.144424
2.144952
2.145816
2.145758
2.144976
2.143505
2.143285
2.142825
2.142776
2.143987
2.144541
2.144133
2.143481
2.142916
2.143053
2.143049
2.144077
2.144837
2.144709
2.144527
2.143756
2.143823
2.143291
2.144065
2.145317
2.145540
2.145044
2.143933
2.143933
2.143766
2.143786
2.144713
2.144386
2.144555
2.143489
2.143076
2.142726
2.142543
2.143618
2.143649
2.143311
2.142307
2.142274
2.141801
2.141668
2.142581
2.142817
2.143142
2.142419
2.142075
2.141861
2.141503
2.142580
2.143368
2.143108
2.142428
2.142513
2.142213
2.142082
2.142664
2.142982
2.143152
2.142268
2.142379
2.141716
2.141296
2.141840
2.141901
2.142001
2.142152
2.142007
2.141870
2.141774
2.142908
2.143037
2.143822
2.143182
2.142993
2.143019
2.142964
2.144142
2.143954
2.144855
2.144452
2.143937
2.144194
2.144299
2.145104
2.145071
2.145838
2.145215
2.145453
2.145683
2.145250
2.145546
2.145913
2.146895
2.146642
2.146505
2.146891
2.146692
2.146825
2.147731
2.148260
2.147993
2.147998
2.147787
2.147756
2.148111
2.148326
2.149268
2.148723
2.148890
2.149200
2.148563
2.149382
2.149206
2.150115
2.150117
2.150221
2.149856
2.149305
2.150018
2.150126
2.151337
2.150490
2.150403
2.150098
2.149570
2.151085
2.150881
2.151585
2.151176
2.151248
2.151269
2.151119
2.152005
2.152004
2.152660
2.152290
2.153121
2.152659
2.151893
2.153043
2.153546
2.154229
2.154029
2.153933
2.153448
2.153606
2.154807
2.156060
2.155893
2.156022
2.156756
2.156399
2.156924
2.157189
2.158309
2.158760
2.158767
2.159426
2.158891
2.159057
2.159581
2.160429
2.160483
2.160183
2.161011
2.160009
2.159927
2.160247
2.161414
2.161835
2.161698
2.161626
2.160784
2.160993
2.161644
2.162470
2.162295
2.162449
2.162692
2.162184
2.162146
2.162651
2.163633
2.163553
2.163773
2.164329
2.163435
2.163123
2.163870
2.164594
2.164516
2.165112
2.165318
2.164163
2.164137
2.164780
2.165538
2.165331
2.165866
2.166194
2.165124
2.165200
2.165815
2.166240
2.165962
2.166570
2.166516
2.165286
2.165278
2.165900
2.166227
2.165771
2.166632
2.166586
2.165607
2.165645
2.165821
2.166313
2.166126
2.166430
2.166539
2.165704
2.165732
2.166238
2.166125
2.165691
2.166041
2.165923
2.165387
2.165100
2.165594
2.166086
2.165437
2.166433
2.166607
2.165712
2.165966
2.166036
2.166260
2.166024
2.166374
2.166692
2.166055
2.166159
2.167071
2.167107
2.166485
2.166838
2.167381
2.166909
2.166610
2.167277
2.167390
2.166966
2.166934
2.168047
2.167557
2.166767
2.167711
2.167830
2.167403
2.167368
2.168290
2.167752
2.166837
2.167352
2.167509
2.167272
2.166814
2.167432
2.167048
2.166463
2.166739
2.167199
2.166846
2.166416
2.167066
2.167124
2.166692
2.166939
2.166868
2.166857
2.166241
2.167164
2.167432
2.166778
2.166728
2.167171
2.167165
2.166874
2.166916
2.167528
2.166724
2.166682
2.167471
2.167378
2.166851
2.167210
2.167871
2.167447
2.167073
2.167843
2.167637
2.167642
2.167283
2.167879
2.167833
2.167588
2.168219
2.168071
2.167867
2.167868
2.168601
2.168549
2.167832
2.168161
2.168511
2.168360
2.168273
2.168645
2.169002
2.168463
2.168667
2.169015
2.168553
2.168630
2.168665
2.169257
2.168761
2.168247
2.169037
2.168906
2.168537
2.168822
2.169410
2.168804
2.168505
2.169141
2.169103
2.168662
2.168298
2.169172
2.168574
2.167853
2.168501
2.168677
2.168335
2.168186
2.168462
2.168441
2.167964
2.168098
2.168499
2.167969
2.167964
2.168263
2.168242
2.167488
2.167458
2.167988
2.167543
2.167250
2.167022
2.167425
2.166576
2.166303
2.167023
2.166660
2.165817
2.165807
2.166098
2.165032
2.164429
2.165170
2.164827
2.164313
2.163980
2.164487
2.163655
2.163085
2.163682
2.163618
2.163092
2.163053
2.163393
2.163018
2.162317
2.163417
2.163265
2.162828
2.162503
2.162737
2.162750
2.161875
2.163187
2.163414
2.162782
2.162811
2.162673
2.162807
2.162330
2.163230
2.163600
2.163110
2.162688
2.162855
2.163217
2.162226
2.162696
2.163536
2.163246
2.163132
2.163167
2.163061
2.162198
2.163221
2.163993
2.163689
2.163250
2.163123
2.163357
2.162609
2.163400
2.164026
2.163962
2.163687
2.163360
2.163608
2.162980
2.163705
2.164161
2.164372
2.163808
2.163545
2.163959
2.163600
2.164397
2.164752
2.165207
2.164516
2.164069
2.164616
2.164792
2.166126
2.166104
2.166604
2.166193
2.165248
2.165973
2.165975
2.166996
2.166839
2.166880
2.166083
2.165281
2.165984
2.166040
2.166857
2.166657
2.166951
2.166045
2.165124
2.165063
2.164972
2.165958
2.165741
2.165391
2.164524
2.163332
2.163091
2.163008
2.163967
2.163410
2.163790
2.163510
2.162283
2.161810
2.161680
2.162790
2.162904
2.162816
2.161908
2.161001
2.160622
2.159781
2.160394
2.159933
2.159507
2.159178
2.158341
2.157269
2.155806
2.156932
2.156847
2.156454
2.155373
2.153706
2.153150
2.152591
2.153995
2.153971
2.153460
2.153678
2.152341
2.151257
2.149878
2.149768
2.148451
2.144280
2.140026
2.135668
2.131799
2.128465
2.126738
2.124820
2.122878
2.121660
2.121472
2.122899
2.124023
2.127640
2.130378
2.132115
2.133768
2.136698
2.140383
2.142944
2.145957
2.147523
2.147955
2.147655
2.147833
2.148712
2.149228
2.150732
2.150811
2.150166
2.149433
2.148163
2.146251
2.145147
2.147321
2.148679
2.149041
2.149162
2.149692
2.151378
2.151684
2.152734
2.152089
2.151177
2.151874
2.152143
2.150871
2.150236
2.152948
2.153110
2.151825
2.150262
2.149733
2.148654
2.148586
2.148584
2.145197
2.142087
2.140983
2.140069
2.137918
2.136955
2.136990
2.135652
2.134613
2.135350
2.136801
2.138343
2.141823
2.145125
2.145599
2.146564
2.148095
2.149095
2.149177
2.150763
2.152276
2.151722
2.150806
2.149626
2.148604
2.146661
2.146835
2.145685
2.142476
2.140519
2.138178
2.136791
2.134418
2.133606
2.132028
2.129623
2.127740
2.126030
2.125883
2.124820
2.126526
2.126659
2.126284
2.126871
2.127787
2.129525
2.131224
2.134361
2.135575
2.136477
2.136691
2.136778
2.136961
2.137600
2.139868
2.139776
2.139885
2.139704
2.140526
2.141396
2.143401
2.145497
2.145698
2.147054
2.147391
2.148679
2.149463
2.151227
2.152346
2.151828
2.151823
2.150997
2.151334
2.151417
2.152478
2.153206
2.153144
2.152973
2.151822
2.151781
2.151678
2.153423
2.153546
2.153375
2.152866
2.152155
2.152116
2.152331
2.153360
2.153801
2.153424
2.152858
2.152846
2.152423
2.152324
2.153766
2.153554
2.153686
2.152989
2.152036
2.151895
2.152051
2.152721
2.153445
2.153218
2.152095
2.151088
2.151275
2.151530
2.152547
2.152215
2.151356
2.150916
2.150041
2.150394
2.149935
2.150158
2.149963
2.150059
2.149860
2.149314
2.149085
2.148589
2.149069
2.149857
2.149767
2.149464
2.148052
2.147522
2.147455
2.147629
2.148894
2.148564
2.148104
2.146210
2.146230
2.146152
2.146477
2.146230
2.146005
2.145989
2.144618
2.144935
2.144556
2.143879
2.143853
2.144448
2.144980
2.144369
2.143261
2.143132
2.142715
2.142872
2.143288
2.144171
2.143797
2.141933
2.141582
2.141976
2.141685
2.141541
2.140980
2.139851
2.140250
2.140182
2.140312
2.139589
2.138439
2.137892
2.137884
2.137339
2.136770
2.136262
2.135316
2.134348
2.134427
2.134362
2.133722
2.133404
2.133075
2.132915
2.132720
2.132621
2.132166
2.131958
2.131952
2.131139
2.129576
2.127666
2.126706
2.125879
2.125432
2.124187
2.123637
2.123494
2.123854
2.123802
2.123543
2.121891
2.121626
2.122011
2.121361
2.120610
2.118924
2.116467
2.115217
2.113165
2.110284
2.107800
2.103704
2.101155
2.099685
2.097092
2.095737
2.094858
2.093635
2.093625
2.093596
2.092872
2.094198
2.094977
2.095933
2.096560
2.096264
2.096627
2.097530
2.098079
2.098491
2.097868
2.096953
2.096312
2.095991
2.095578
2.092351
2.091300
2.089812
2.087328
2.086453
2.083775
2.082058
2.081743
2.079712
2.074851
2.069654
2.069271
2.072149
2.070366
2.067617
2.058746
2.056847
2.063482
2.062896
2.061920
2.057215
2.051182
2.057090
2.057310
2.056299
2.054890
2.046835
2.050436
2.051157
2.048184
2.048685
2.041368
2.041727
2.044627
2.037717
2.037806
2.037944
2.031856
2.034293
2.026521
2.020839
2.026147
2.024376
2.024341
2.018267
2.006654
2.010695
2.017871
2.017024
2.013651
1.999410
1.997953
2.003070
2.005447
2.000613
1.989208
1.981943
1.980659
1.980724
1.976390
1.973766
1.965008
1.962075
1.953995
1.948301
1.951589
1.944380
1.939944
1.931702
1.923724
1.924515
1.924888
1.921248
1.917312
1.910696
1.908695
1.914691
1.912442
1.910739
1.910107
1.913985
1.921251
1.923941
1.926268
1.921750
1.933154
1.945372
1.950984
1.955997
1.948723
1.952111
1.970174
1.979682
1.987089
1.986134
1.968268
1.986003
2.002185
2.010952
2.018656
1.997114
1.996456
2.023531
2.029685
2.042286
2.035931
2.012656
2.034252
2.046685
2.058223
2.060682
2.043343
2.046942
2.065247
2.074521
2.080621
2.077047
2.070816
2.087889
2.093434
2.098783
2.100177
2.093908
2.102252
2.104980
2.107664
2.107891
2.105193
2.108613
2.108920
2.110441
2.110755
2.110605
2.111459
2.111097
2.111579
2.111406
2.111779
2.111543
2.112464
2.112506
2.112721
2.112076
2.111364
2.112799
2.113903
2.114943
2.115548
2.114994
2.115648
2.118092
2.120216
2.121866
2.122362
2.122043
2.123555
2.124474
2.125926
2.126675
2.126757
2.127122
2.126806
2.126295
2.125397
2.125708
2.126223
2.126392
2.125626
2.124757
2.123703
2.121939
2.121687
2.121188
2.120181
2.119266
2.117603
2.116126
2.114567
2.113550
2.113011
2.112038
2.111316
2.109941
2.109150
2.108428
2.107157
2.106138
2.105187
2.105250
2.104822
2.103904
2.103546
2.104004
2.104053
2.104152
2.103682
2.102809
2.104120
2.104999
2.105317
2.104686
2.105376
2.107394
2.108629
2.109879
2.110065
2.111200
2.111284
2.111458
2.110769
2.109995
2.111453
2.112091
2.112148
2.111688
2.112952
2.113780
2.113929
2.112928
2.112712
2.114637
2.114769
2.114493
2.113177
2.114390
2.115659
2.116564
2.115663
2.114491
2.115508
2.115847
2.116508
2.115297
2.116828
2.117917
2.117700
2.115389
2.114416
2.116962
2.117419
2.117938
2.116203
2.116150
2.116045
2.116813
2.116058
2.116091
2.117831
2.119011
2.118766
2.114829
2.114715
2.116841
2.118233
2.118580
2.119390
2.119146
2.117826
2.118541
2.117579
2.119320
2.121417
2.122868
2.123538
2.120849
2.120790
2.121897
2.123144
2.123911
2.124794
2.125779
2.125041
2.124457
2.123813
2.123695
2.125797
2.128238
2.128802
2.126914
2.126247
2.127236
2.127641
2.127996
2.129960
2.130762
2.129945
2.129406
2.129772
2.129507
2.129824
2.131475
2.132103
2.131681
2.130620
2.130590
2.129451
2.129638
2.131526
2.132263
2.132202
2.130806
2.130668
2.130155
2.130078
2.131560
2.131854
2.131582
2.131408
2.130796
2.129875
2.129558
2.130622
2.130495
2.130533
2.130752
2.129987
2.129380
2.128886
2.129520
2.128980
2.128476
2.129435
2.128693
2.128152
2.127653
2.127706
2.124379
2.124039
2.126202
2.125897
2.125570
2.125307
2.123647
2.118796
2.118728
2.122934
2.122213
2.122673
2.123492
2.121575
2.116579
2.115170
2.118055
2.118568
2.121564
2.121802
2.118385
2.113459
2.113454
2.115934
2.118659
2.120448
2.120366
2.116163
2.111835
2.114244
2.115082
2.119994
2.120055
2.118862
2.115270
2.111223
2.113947
2.115313
2.118256
2.117119
2.115950
2.112122
2.108859
2.110711
2.113121
2.113224
2.112006
2.111542
2.108612
2.106084
2.107410
2.109352
2.108813
2.107441
2.106380
2.106725
2.106379
2.107641
2.107708
2.107515
2.105867
2.105886
2.109245
2.109869
2.108710
2.109585
2.109102
2.106131
2.106940
2.109952
2.108760
2.108350
2.109026
2.108048
2.103460
2.107059
2.108910
2.107275
2.107399
2.107279
2.105964
2.101771
2.107863
2.109225
2.109068
2.110595
2.111974
2.110402
2.107788
2.113777
2.113240
2.113988
2.114116
2.114471
2.109627
2.109496
2.115491
2.115719
2.117580
2.118348
2.119235
2.114215
2.115566
2.119781
2.119925
2.120104
2.119550
2.118852
2.112497
2.113795
2.117483
2.117204
2.116206
2.116058
2.114587
2.109895
2.111992
2.114792
2.114986
2.115276
2.116569
2.112481
2.111093
2.120295
2.120488
2.122993
2.123728
2.124102
2.118907
2.096316
2.116515
2.111920
2.121851
2.124583
2.124301
2.123016
2.092975
2.086695
2.090573
2.119081
2.123225
2.122536
2.122251
2.111429
2.083350
2.083565
2.114475
2.116795
2.114605
2.111326
2.105740
2.094687
2.089715
2.097795
2.099067
2.097709
2.096492
2.093968
2.093832
2.092463
2.092989
2.092796
2.091501
2.089489
2.086658
2.085074
2.081444
2.077934
2.074423
2.070051
2.065360
2.060946
2.058669
2.055486
2.053376
2.052070
2.051615
2.052938
2.054667
2.058815
2.060989
2.065192
2.071402
2.074873
2.079524
2.082613
2.084365
2.073641
2.077965
2.091147
2.098206
2.095468
2.091019
2.092322
2.068743
2.069241
2.099813
2.104912
2.102554
2.086809
2.085019
2.062314
2.058238
2.095693
2.103001
2.103080
2.092686
2.085017
2.063136
2.075677
2.108302
2.104459
2.105909
2.109440
2.108310
2.085530
2.102254
2.122127
2.117248
2.112244
2.121835
2.123868
2.114528
2.119591
2.127709
2.126771
2.122154
2.123388
2.125325
2.125798
2.124968
2.127109
2.128186
2.127253
2.123552
2.125535
2.126274
2.123078
2.120878
2.125275
2.128033
2.123494
2.120411
2.122192
2.118384
2.108446
2.118148
2.122671
2.119086
2.113388
2.113128
2.110867
2.105652
2.112008
2.115604
2.109329
2.107048
2.108216
2.105014
2.103811
2.105431
2.108653
2.103676
2.101409
2.100409
2.097394
2.095383
2.095349
2.094504
2.091531
2.088866
2.087823
2.084694
2.081652
2.080413
2.079519
2.077689
2.074665
2.073881
2.072703
2.072567
2.073870
2.074917
2.075247
2.073850
2.075531
2.076713
2.078328
2.082188
2.084786
2.086457
2.084205
2.085941
2.087370
2.088691
2.093434
2.096952
2.097160
2.091849
2.091385
2.092053
2.092006
2.097234
2.100070
2.097984
2.089463
2.089071
2.089484
2.088265
2.095475
2.099369
2.098599
2.090144
2.090994
2.091298
2.089472
2.097614
2.101572
2.100651
2.093255
2.094707
2.095861
2.092560
2.099648
2.102137
2.102413
2.099546
2.101110
2.101850
2.098695
2.102470
2.103584
2.103659
2.104477
2.105927
2.103956
2.102520
2.103906
2.104408
2.105225
2.105997
2.106701
2.103925
2.102994
2.103733
2.103793
2.104142
2.104304
2.103795
2.101681
2.102007
2.101278
2.101548
2.102086
2.102560
2.102172
2.100199
2.100155
2.098684
2.099560
2.100178
2.100483
2.098866
2.097721
2.096823
2.095829
2.096294
2.096568
2.096981
2.094690
2.094004
2.093127
2.093186
2.093488
2.093778
2.093275
2.091348
2.091232
2.090465
2.089720
2.088554
2.088658
2.087475
2.086276
2.085707
2.084488
2.083641
2.084281
2.085342
2.084152
2.083341
2.082464
2.081731
2.081841
2.082835
2.083453
2.081935
2.081274
2.080991
2.081077
2.081650
2.082188
2.082003
2.081044
2.081357
2.081625
2.081494
2.081922
2.083420
2.083538
2.083623
2.084568
2.083252
2.081065
2.079340
2.084646
2.086010
2.087046
2.086058
2.078156
2.072016
2.073382
2.088366
2.087880
2.086902
2.075195
2.056821
2.060755
2.075393
2.087187
2.081915
2.071999
2.056280
2.045920
2.047941
2.072164
2.065096
2.061267
2.054504
2.027481
2.036627
2.021705
2.045193
2.043992
2.044317
2.032726
2.006276
2.008245
2.006594
2.027326
2.030903
2.034006
1.992251
2.001272
1.997201
2.001178
2.022634
2.021520
2.003989
1.973467
1.997433
1.985939
1.999947
1.995544
1.993269
1.969029
1.958991
1.990635
1.963146
1.968370
1.966774
1.957700
1.943108
1.957633
1.957726
1.937530
1.942370
1.943880
1.948037
1.924475
1.950099
1.951810
1.939043
1.953447
1.951745
1.950261
1.942378
1.965669
1.971818
1.957292
1.952766
1.957334
1.959783
1.964417
1.983250
1.974638
1.967246
1.968572
1.976796
1.987301
1.985376
1.999887
2.007310
2.007234
2.018615
2.010705
2.011262
2.028260
2.038430
2.057684
2.047625
2.029634
2.028838
2.026033
2.056230
2.074487
2.062854
2.061474
2.047240
2.038546
2.059110
2.068439
2.073371
2.074404
2.068601
2.070965
2.056673
2.053765
2.075226
2.081868
2.090892
2.096503
2.079761
2.058004
2.058621
2.079282
2.100324
2.094352
2.090687
2.086161
2.062683
2.067143
2.080466
2.095259
2.099503
2.096727
2.096137
2.079574
2.066400
2.078683
2.105111
2.105555
2.104416
2.100205
2.089559
2.070560
2.073640
2.109047
2.113630
2.114969
2.113214
2.103763
2.079024
2.072046
2.107715
2.117651
2.117869
2.116084
2.107537
2.086528
2.072078
2.101590
2.119280
2.118530
2.118474
2.112825
2.096748
2.075279
2.094106
2.118955
2.119723
2.118996
2.113814
2.103720
2.079129
2.085099
2.115816
2.116726
2.114699
2.109101
2.101638
2.078515
2.070974
2.098954
2.102524
2.099347
2.094476
2.088374
2.071948
2.059577
2.074957
2.085852
2.082448
2.077594
2.073143
2.062792
2.050830
2.050441
2.064105
2.063120
2.057589
2.053807
2.047994
2.039941
2.034007
2.036629
2.041901
2.034441
2.033992
2.032234
2.028010
2.025462
2.021409
2.023073
2.019355
2.022725
2.023870
2.022089
2.020105
2.018990
2.018793
2.017556
2.016970
2.017222
2.016534
2.015739
2.015194
2.017965
2.022201
2.023833
2.024297
2.025324
2.022756
2.019686
2.020135
2.025599
2.028952
2.026476
2.026269
2.021623
2.013319
2.010266
2.017215
2.019974
2.018533
2.014266
2.014282
2.005759
1.997640
2.009211
2.012942
2.014922
2.014372
2.016369
2.017601
2.004653
2.013090
2.022002
2.025152
2.028697
2.033164
2.037407
2.040680
2.040179
2.052686
2.059373
2.065234
2.071947
2.077883
2.083663
2.088255
2.094101
2.099723
2.102810
2.104394
2.104980
2.105418
2.105790
2.106169
2.108274
2.109451
2.109867
2.111082
2.112622
2.113020
2.114071
2.115373
2.117156
2.117373
2.117158
2.117906
2.118037
2.118517
2.119995
2.121431
2.122540
2.122853
2.124147
2.125639
2.125682
2.126718
2.127643
2.128832
2.129545
2.129948
2.130238
2.129881
2.130232
2.131752
2.132934
2.132636
2.132347
2.133086
2.133167
2.133086
2.133869
2.134690
2.134534
2.134381
2.135237
2.135250
2.134931
2.135733
2.136277
2.136539
2.136323
2.136452
2.136599
2.136054
2.136856
2.137517
2.137493
2.137136
2.137036
2.137743
2.137913
2.138441
2.139089
2.139115
2.138857
2.139497
2.139758
2.139549
2.139463
2.139946
2.140593
2.140833
2.140262
2.140144
2.140171
2.140366
2.141050
2.141611
2.141430
2.141281
2.141016
2.141058
2.140830
2.140792
2.141216
2.141093
2.141011
2.140164
2.139806
2.139513
2.139339
2.138902
2.138661
2.138504
2.137898
2.136981
2.136731
2.136619
2.136864
2.137229
2.137116
2.136898
2.137245
2.137646
2.138205
2.138652
2.139352
2.139915
2.140425
2.140286
2.140836
2.140746
2.141157
2.141729
2.142029
2.141717
2.141145
2.141652
2.141954
2.142071
2.142006
2.142032
2.141731
2.141517
2.141628
2.141618
2.141471
2.141720
2.141972
2.141271
2.140508
2.140571
2.140715
2.141148
2.141123
2.141349
2.140890
2.139770
2.139764
2.140107
2.140477
2.140707
2.140872
2.140612
2.139614
2.139450
2.139587
2.140030
2.140574
2.140486
2.140358
2.139524
2.139105
2.139507
2.139719
2.140013
2.140074
2.139897
2.138998
2.138593
2.138781
2.138581
2.138646
2.138773
2.139182
2.138449
2.137886
2.137880
2.137969
2.138061
2.137604
2.137884
2.137638
2.137130
2.136850
2.136462
2.137166
2.136450
2.136417
2.136292
2.135426
2.135330
2.135338
2.135494
2.135324
2.134567
2.135112
2.134305
2.134605
2.134354
2.134205
2.133908
2.134026
2.133659
2.133687
2.133101
2.132911
2.132933
2.133140
2.132520
2.132907
2.132451
2.132233
2.132389
2.132471
2.132730
2.132192
2.132419
2.133197
2.133067
2.133032
2.132929
2.132908
2.132708
2.132888
2.133367
2.133453
2.133041
2.133125
2.132781
2.133002
2.133018
2.133121
2.133245
2.133085
2.132657
2.132637
2.132729
2.133168
2.133359
2.133424
2.133310
2.132943
2.132428
2.132766
2.132992
2.133361
2.133607
2.133431
2.133978
2.133964
2.134306
2.135043
2.135233
2.135949
2.135878
2.135972
2.136428
2.136557
2.137263
2.137279
2.137263
2.136022
2.135141
2.136291
2.137397
2.138073
2.138321
2.137657
2.134948
2.132456
2.133577
2.137712
2.138376
2.138610
2.137125
2.134184
2.132306
2.131222
2.133849
2.137215
2.135972
2.134978
2.132621
2.131314
2.129978
2.127437
2.129273
2.128072
2.130414
2.130791
2.130700
2.130203
2.129354
2.129041
2.129355
2.131537
2.132722
2.133080
2.133464
2.133034
2.132048
2.133584
2.135116
2.134903
2.133957
2.131913
2.128450
2.123480
2.123969
2.124791
2.126104
2.125986
2.125939
2.123594
2.118085
2.119168
2.119177
2.120813
2.121817
2.124462
2.127547
2.127035
2.131721
2.134800
2.136844
2.137187
2.136968
2.137504
2.137915
2.138961
2.139795
2.140766
2.141615
2.142494
2.142504
2.142676
2.142874
2.142877
2.143127
2.143890
2.144410
2.144337
2.143688
2.143621
2.143785
2.143955
2.144214
2.144743
2.144749
2.144728
2.144249
2.144228
2.144223
2.144011
2.144249
2.144388
2.144301
2.144333
2.143415
2.143090
2.142562
2.142472
2.142522
2.140917
2.138799
2.135773
2.132915
2.129613
2.126458
2.123532
2.121216
2.120388
2.120845
2.121462
2.124313
2.130198
2.135772
2.139835
2.141927
2.143136
2.143152
2.143576
2.143674
2.144228
2.144427
2.145185
2.145720
2.146092
2.146369
2.147285
2.148604
2.149054
2.149951
2.150753
2.150919
2.150170
2.150002
2.150064
2.150305
2.150771
2.150974
2.151784
2.151141
2.151257
2.151563
2.151767
2.152055
2.152541
2.152646
2.152991
2.152973
2.153396
2.153926
2.154576
2.155607
2.156705
2.157619
2.158149
2.158514
2.159055
2.159742
2.159750
2.160407
2.160594
2.160892
2.160843
2.161044
2.161515
2.161980
2.162045
2.162387
2.162594
2.162482
2.162557
2.162604
2.163109
2.163585
2.163729
2.163756
2.163827
2.163608
2.164225
2.164403
2.164537
2.164842
2.164676
2.165237
2.165234
2.165056
2.165057
2.165211
2.165735
2.165988
2.166041
2.165669
2.165602
2.165465
2.165484
2.165592
2.165917
2.166145
2.166070
2.165986
2.165883
2.165848
2.165787
2.165799
2.166352
2.166117
2.166290
2.165970
2.165701
2.166017
2.166379
2.166281
2.166543
2.166506
2.166576
2.166368
2.166118
2.166300
2.166694
2.166648
2.166697
2.167047
2.167203
2.166976
2.166584
2.166654
2.166793
2.167080
2.166917
2.167248
2.167282
2.166953
2.166802
2.166929
2.166797
2.167342
2.167305
2.167482
2.167466
2.167462
2.167240
2.167315
2.167331
2.167435
2.167296
2.167618
2.167572
2.167599
2.167475
2.167516
2.167640
2.167653
2.167449
2.167886
2.167954
2.167795
2.167873
2.167822
2.167720
2.167745
2.167907
2.168018
2.168334
2.168064
2.168233
2.168133
2.168009
2.167971
2.168236
2.168155
2.168359
2.168322
2.168257
2.168586
2.168344
2.168357
2.168514
2.168730
2.168687
2.168558
2.168547
2.168447
2.168677
2.168712
2.168778
2.168746
2.168821
2.168810
2.168942
2.168543
2.168596
2.168693
2.168597
2.168818
2.168939
2.168638
2.168734
2.168775
2.168637
2.168995
2.168890
2.169062
2.169132
2.168879
2.169065
2.169004
2.168905
2.169097
2.169381
2.169292
2.169130
2.168996
2.168993
2.168911
2.169120
2.168822
2.169057
2.168967
2.168741
2.168501
2.168896
2.168861
2.168677
2.168614
2.168506
2.168606
2.168344
2.168455
2.168450
2.168299
2.168335
2.168306
2.168530
2.168493
2.168416
2.168266
2.168204
2.168314
2.168271
2.168208
2.168338
2.168620
2.168491
2.168341
2.168368
2.168361
2.167879
2.168099
2.168149
2.168344
2.168087
2.168262
2.167912
2.167730
2.167970
2.168216
2.167916
2.167889
2.167672
2.167816
2.167835
2.167847
2.167637
2.167664
2.167768
2.167897
2.167895
2.167588
2.167362
2.167130
2.167462
2.167389
2.167469
2.167089
2.167276
2.166892
2.166729
2.166781
2.166914
2.167022
2.166963
2.166902
2.166725
2.166775
2.166741
2.166756
2.166731
2.166672
2.166612
2.166502
2.166390
2.166395
2.166409
2.166612
2.166480
2.166473
2.166314
2.166057
2.165905
2.165902
2.166143
2.166124
2.165942
2.165669
2.165857
2.165630
2.165668
2.165585
2.165713
2.165635
2.165507
2.165319
2.165170
2.164836
2.165005
2.165125
2.165190
2.165393
2.164958
2.164881
2.164956
2.164744
2.164812
2.164820
2.164772
2.164494
2.164687
2.164380
2.164060
2.163799
2.163810
2.164056
2.163890
2.163731
2.163655
2.163594
2.163405
2.163037
2.163020
2.162759
2.162685
2.162668
2.162464
2.162215
2.161909
2.161817
2.161986
2.161956
2.161818
2.161859
2.161640
2.161576
2.161646
2.161407
2.161501
2.161313
2.161024
2.160800
2.160918
2.160710
2.160517
2.160550
2.160873
2.160662
2.160422
2.160234
2.160097
2.159907
2.159873
2.160058
2.160167
2.160082
2.159843
2.160018
2.159665
2.159851
2.159899
2.160228
2.160075
2.159997
2.159778
2.159574
2.159611
2.159833
2.159877
2.159495
2.159277
2.159556
2.159263
2.159144
2.159418
2.159164
2.159017
2.158867
2.158916
2.158497
2.158458
2.158276
2.158237
2.158040
2.157632
2.157429
2.157277
2.157112
2.157130
2.157559
2.157657
2.157300
2.156985
2.156983
2.157010
2.157069
2.157335
2.157419
2.157218
2.157050
2.156796
2.156740
2.156316
2.156410
2.156315
2.156367
2.156709
2.156419
2.156170
2.156143
2.155931
2.155753
2.155674
2.155274
2.154748
2.153161
2.148001
2.144514
2.143416
2.144207
2.146721
2.151206
2.154913
2.155472
2.155441
2.155744
2.156073
2.156572
2.156602
2.156422
2.156601
2.156200
2.156174
2.155900
2.156208
2.156383
2.156443
2.156729
2.156458
2.156762
2.156533
2.156444
2.156827
2.156761
2.156809
2.157022
2.156775
2.156857
2.156667
2.156739
2.157002
2.156855
2.156841
2.156785
2.156739
2.156684
2.156689
2.156754
2.156739
2.156678
2.156705
2.156797
2.156562
2.156674
2.156535
2.156387
2.156451
2.156218
2.156196
2.156040
2.156460
2.156466
2.156473
2.156032
2.155974
2.155787
2.155529
2.155804
2.156419
2.156212
2.155753
2.155343
2.155150
2.154409
2.154605
2.154786
2.155452
2.155070
2.154770
2.154479
2.153849
2.153874
2.154043
2.154181
2.154326
2.153758
2.153347
2.152591
2.152691
2.152771
2.152688
2.152364
2.152836
2.151806
2.151653
2.151051
2.151347
2.151458
2.151292
2.151078
2.151240
2.150681
2.150398
2.150915
2.150729
2.150416
2.149796
2.149588
2.148957
2.148198
2.147024
2.146066
2.145019
2.143752
2.142594
2.141572
2.140821
2.139506
2.137957
2.136966
2.136569
2.136222
2.135471
2.135589
2.135192
2.134569
2.133449
2.132748
2.131776
2.131414
2.130838
2.130555
2.129847
2.128913
2.127877
2.126817
2.126369
2.126518
2.125965
2.126161
2.125670
2.124833
2.124706
2.125186
2.125503
2.125682
2.125829
2.126336
2.125407
2.124742
2.124316
2.124274
2.123163
2.123142
2.122934
2.121254
2.119985
2.119482
2.119324
2.117775
2.117046
2.117489
2.115184
2.114483
2.114193
2.113993
2.111644
2.110946
2.110984
2.107829
2.107230
2.107615
2.106875
2.103899
2.103010
2.103197
2.100933
2.101072
2.102056
2.102697
2.101528
2.101537
2.103521
2.103193
2.103845
2.104633
2.104846
2.103721
2.102095
2.100899
2.099223
2.096493
2.094567
2.092048
2.089027
2.085487
2.082546
2.079139
2.074955
2.070832
2.066469
2.061899
2.056982
2.052950
2.049051
2.045068
2.042238
2.039009
2.036087
2.032926
2.030574
2.027853
2.024747
2.022406
2.020567
2.017866
2.015203
2.014067
2.013139
2.011669
2.010770
2.011129
2.009562
2.007145
2.006196
2.006289
2.005037
2.003837
2.003478
2.003530
2.001982
2.000806
2.000877
2.001019
2.000663
1.999804
1.999234
1.998984
1.998769
1.999108
2.000777
2.001724
2.002513
2.002116
2.003926
2.005575
2.007468
2.010074
2.013686
2.016132
2.017716
2.019402
2.023062
2.027113
2.030656
2.035043
2.039132
2.042568
2.044703
2.047860
2.051883
2.055855
2.059373
2.063967
2.068346
2.071797
2.074572
2.078123
2.082149
2.084969
2.087883
2.091073
2.093135
2.094613
2.094799
2.094733
2.093653
2.092795
2.093030
2.093931
2.094660
2.096108
2.097238
2.098751
2.099892
2.100264
2.100441
2.100775
2.100734
2.100816
2.101508
2.102490
2.103853
2.104465
2.105269
2.106971
2.107867
2.108659
2.109603
2.110880
2.112246
2.113115
2.114195
2.114975
2.115996
2.117652
2.118943
2.120796
2.121066
2.121820
2.122335
2.123243
2.124388
2.125875
2.127606
2.128962
2.129852
2.130670
2.131519
2.131850
2.132950
2.134182
2.134444
2.135065
2.135012
2.134737
2.134225
2.134402
2.135636
2.136043
2.136163
2.135906
2.135467
2.135102
2.135039
2.135867
2.136964
2.136459
2.136531
2.136043
2.135769
2.135419
2.135474
2.136565
2.136572
2.136716
2.136632
2.136176
2.135931
2.135565
2.136269
2.136749
2.136405
2.136214
2.135514
2.135647
2.135113
2.135186
2.135838
2.136053
2.136135
2.135194
2.135105
2.135093
2.134985
2.135369
2.135245
2.135078
2.134672
2.134285
2.133993
2.132999
2.133343
2.133754
2.132943
2.132871
2.131224
2.131712
2.131697
2.131412
2.131364
2.130744
2.131277
2.130007
2.130072
2.130429
2.129746
2.130226
2.126804
2.128644
2.129795
2.129242
2.126888
2.121682
2.124658
2.127947
2.127462
2.116958
2.115198
2.120005
2.123437
2.119121
2.098240
2.104332
2.109727
2.111601
2.097892
2.077849
2.085319
2.094955
2.094702
2.069196
2.062607
2.066334
2.080055
2.072376
2.040350
2.048058
2.049651
2.062215
2.045130
2.019212
2.028435
2.031206
2.038962
2.012944
2.003491
2.004044
2.009386
2.008836
1.982122
1.984898
1.978332
1.985489
1.981528
1.962321
1.966717
1.959689
1.964792
1.961204
1.952296
1.954614
1.949491
1.951732
1.948944
1.944529
1.945565
1.942403
1.943982
1.942424
1.940173
1.942326
1.940426
1.944137
1.945054
1.947391
1.950263
1.950616
1.956705
1.956769
1.965270
1.964963
1.967014
1.974062
1.973161
1.986820
1.978600
1.983165
1.990173
1.991318
2.005259
1.995474
2.002338
2.007087
2.015407
2.025927
2.017697
2.025415
2.029459
2.042135
2.046167
2.038143
2.047693
2.051925
2.062124
2.063954
2.058696
2.065902
2.069978
2.076890
2.077711
2.074140
2.079361
2.084188
2.087452
2.087162
2.086365
2.089515
2.093605
2.094899
2.094365
2.094362
2.095649
2.098049
2.098828
2.098357
2.098083
2.099306
2.100218
2.100504
2.100231
2.099410
2.101140
2.102219
2.102137
2.101310
2.101379
2.103677
2.103884
2.104101
2.103667
2.104527
2.105438
2.105370
2.105935
2.105069
2.106813
2.107632
2.108625
2.108902
2.108374
2.109712
2.110288
2.111073
2.111846
2.112113
2.113094
2.113109
2.113390
2.114021
2.114248
2.117131
2.117720
2.117253
2.116272
2.116740
2.117491
2.116821
2.119313
2.119690
2.119370
2.117458
2.116941
2.117395
2.117301
2.119168
2.120583
2.120602
2.118888
2.117453
2.115628
2.118627
2.118900
2.120091
2.120441
2.119523
2.116928
2.108620
2.116383
2.121105
2.122191
2.123035
2.123562
2.121485
2.107939
2.117376
2.127100
2.127668
2.128121
2.129225
2.126742
2.111722
2.122984
2.130287
2.131136
2.130339
2.130213
2.128624
2.118700
2.128853
2.131017
2.131602
2.131143
2.131513
2.131108
2.128218
2.131841
2.132291
2.133610
2.133797
2.133726
2.133750
2.132889
2.133904
2.134767
2.136011
2.135723
2.135525
2.135097
2.133758
2.134199
2.135793
2.137181
2.136865
2.136916
2.135484
2.134073
2.134309
2.137071
2.138093
2.137585
2.137400
2.135422
2.134677
2.134851
2.137145
2.137865
2.137146
2.137025
2.136148
2.135060
2.135694
2.137281
2.137802
2.137468
2.136940
2.136570
2.135428
2.136223
2.137643
2.137955
2.137660
2.137693
2.137671
2.136162
2.136869
2.138389
2.138976
2.138604
2.138737
2.139210
2.138268
2.138332
2.139093
2.139796
2.139441
2.139553
2.139896
2.139562
2.139367
2.139827
2.140507
2.140468
2.140437
2.140605
2.140371
2.140014
2.140309
2.141445
2.141132
2.140713
2.140803
2.141180
2.141057
2.141055
2.141483
2.141580
2.141128
2.141271
2.141999
2.141384
2.141138
2.141007
2.141679
2.141705
2.141712
2.141926
2.141654
2.141235
2.141425
2.141994
2.142144
2.141705
2.141258
2.141508
2.141453
2.141691
2.141270
2.141427
2.140678
2.140737
2.141612
2.141454
2.141697
2.140826
2.141023
2.141126
2.141670
2.141648
2.141336
2.140546
2.140495
2.140883
2.141666
2.141473
2.140714
2.140376
2.140350
2.141074
2.141286
2.141095
2.140615
2.140249
2.140746
2.141231
2.141219
2.140750
2.139967
2.140075
2.140567
2.140849
2.140431
2.140421
2.139865
2.139771
2.140605
2.140958
2.140902
2.140089
2.140085
2.140262
2.141165
2.141104
2.140945
2.140663
2.140146
2.141032
2.141473
2.140903
2.140555
2.140319
2.140412
2.140909
2.141155
2.140835
2.140334
2.139848
2.140257
2.140995
2.140597
2.140512
2.140272
2.140146
2.140767
2.140723
2.140737
2.140633
2.140704
2.140523
2.140893
2.140724
2.140700
2.140396
2.140343
2.140841
2.140514
2.140506
2.140702
2.140641
2.140530
2.140863
2.141312
2.141531
2.141416
2.141649
2.142199
2.142667
2.142565
2.142448
2.142509
2.142448
2.143030
2.143561
2.143172
2.142901
2.142925
2.143047
2.143595
2.143876
2.143528
2.143618
2.143226
2.143474
2.144096
2.143742
2.143783
2.143819
2.143668
2.143947
2.144412
2.144309
2.144535
2.144772
2.144769
2.145083
2.145129
2.145205
2.145479
2.144892
2.145289
2.145705
2.145534
2.145469
2.145862
2.145575
2.145489
2.145870
2.146069
2.145645
2.145503
2.145809
2.145929
2.146378
2.146118
2.146507
2.146420
2.146517
2.146860
2.146944
2.146490
2.146508
2.146515
2.146705
2.146615
2.146819
2.146876
2.147063
2.146806
2.147120
2.147203
2.147337
2.147564
2.147575
2.147284
2.147645
2.148071
2.148063
2.148247
2.148090
2.148097
2.148274
2.148427
2.148455
2.148275
2.148235
2.148625
2.148972
2.148639
2.148463
2.148662
2.148727
2.149050
2.148873
2.149207
2.149290
2.149333
2.149678
2.149640
2.149529
2.149497
2.149521
2.149676
2.149621
2.149979
2.150171
2.150089
2.149963
2.149950
2.149856
2.149926
2.150115
2.150371
2.150569
2.150258
2.150480
2.150379
2.150401
2.150576
2.150966
2.150860
2.150767
2.150739
2.150676
2.150480
2.150580
2.151129
2.150901
2.150779
2.150772
2.150522
2.150440
2.150429
2.150679
2.150806
2.150778
2.150540
2.150711
2.150321
2.150186
2.150198
2.150292
2.150031
2.149931
2.149668
2.149812
2.149501
2.149404
2.149847
2.149943
2.149544
2.149389
2.149305
2.149503
2.149419
2.149046
2.149332
2.149207
2.148812
2.149085
2.148513
2.148606
2.148500
2.148257
2.148591
2.148536
2.148213
2.147972
2.147788
2.147623
2.147639
2.147433
2.147372
2.147160
2.147205
2.147021
2.146933
2.146712
2.146385
2.146760
2.146889
2.146512
2.146211
2.146165
2.145892
2.146322
2.145952
2.145802
2.145459
2.145501
2.145752
2.145473
2.145061
2.145165
2.145160
2.145739
2.145330
2.145113
2.144936
2.145230
2.145519
2.145216
2.145343
2.145029
2.145028
2.145127
2.144822
2.144754
2.144388
2.144418
2.144521
2.144180
2.143838
2.143719
2.143741
2.143902
2.143804
2.143666
2.143350
2.143477
2.143431
2.143230
2.143242
2.142723
2.143047
2.143200
2.142873
2.142668
2.142635
2.142566
2.142678
2.142668
2.142673
2.142580
2.142519
2.142639
2.142370
2.142379
2.142446
2.142607
2.142534
2.142405
2.142411
2.142476
2.142329
2.142475
2.142599
2.142679
2.142573
2.142579
2.142719
2.142645
2.142549
2.142708
2.143047
2.142786
2.142700
2.142510
2.142508
2.142894
2.142580
2.142833
2.142872
2.142699
2.142709
2.142776
2.142525
2.142711
2.142879
2.143124
2.143037
2.142861
2.142783
2.142938
2.143183
2.143417
2.143157
2.143134
2.143216
2.143344
2.143547
2.143402
2.143290
2.143511
2.143695
2.143676
2.143726
2.143439
2.143655
2.143849
2.143641
2.143558
2.143841
2.143616
2.143797
2.143776
2.143903
2.143532
2.143523
2.143801
2.144067
2.143887
2.143763
2.144040
2.144040
2.144039
2.144045
2.143890
2.143742
2.143874
2.143830
2.143790
2.143802
2.143798
2.144017
2.143973
2.144026
2.143990
2.144183
2.144141
2.144111
2.144057
2.144085
2.143738
2.143675
2.143769
2.143893
2.143472
2.143481
2.143430
2.143598
2.143476
2.143383
2.143404
2.143002
2.142972
2.143408
2.143080
2.143071
2.142868
2.142882
2.142718
2.142497
2.142240
2.142671
2.142582
2.142528
2.142299
2.142261
2.142122
2.142311
2.142272
2.142062
2.141905
2.141893
2.142048
2.141779
2.141466
2.141690
2.141919
2.142004
2.141547
2.141078
2.141334
2.141157
2.141015
2.140879
2.140409
2.140391
2.140530
2.140481
2.140211
2.139868
2.139833
2.140388
2.140176
2.139242
2.139121
2.139620
2.139576
2.139602
2.138802
2.139206
2.139683
2.139722
2.139274
2.138695
2.138710
2.139197
2.139863
2.139294
2.138978
2.139118
2.139526
2.139997
2.139027
2.138798
2.139280
2.139825
2.140394
2.139232
2.138875
2.139185
2.139543
2.140003
2.139621
2.139234
2.139547
2.139957
2.140300
2.139493
2.139414
2.139708
2.141073
2.140849
2.140177
2.139838
2.140024
2.141087
2.140588
2.140138
2.140874
2.140681
2.141547
2.141163
2.140909
2.141324
2.141210
2.142124
2.142201
2.141857
2.142067
2.141845
2.142367
2.142359
2.142509
2.142974
2.142796
2.143024
2.143038
2.142797
2.143179
2.142869
2.143286
2.143478
2.143568
2.143407
2.143486
2.143572
2.143684
2.143803
2.144355
2.144690
2.145026
2.145123
2.144870
2.145362
2.145442
2.145722
2.145971
2.145641
2.145289
2.145257
2.145648
2.145910
2.145734
2.145836
2.146356
2.146321
2.146078
2.145963
2.146276
2.146072
2.146232
2.146271
2.146082
2.146205
2.146171
2.145808
2.145980
2.146216
2.146412
2.146181
2.146406
2.146428
2.146305
2.146313
2.146648
2.146561
2.146335
2.146273
2.146492
2.146099
2.146165
2.146031
2.146288
2.146200
2.146161
2.146342
2.146301
2.146299
2.146256
2.146347
2.146339
2.146265
2.146305
2.146585
2.146613
2.146734
2.146479
2.146646
2.146329
2.146541
2.146482
2.146760
2.146853
2.146813
2.146383
2.146568
2.146444
2.146397
2.146643
2.146885
2.147045
2.146702
2.146638
2.146834
2.146842
2.147006
2.147439
2.147241
2.146871
2.147175
2.147158
2.147006
2.146993
2.147318
2.147690
2.147591
2.147350
2.147087
2.146931
2.147424
2.147768
2.147721
2.147537
2.147486
2.147210
2.147312
2.147233
2.146724
2.146773
2.146901
2.147070
2.147032
2.146516
2.146593
2.146819
2.146789
2.146825
2.146764
2.146624
2.146720
2.146635
2.146891
2.146667
2.146689
2.146907
2.147138
2.146975
2.146834
2.146905
2.147122
2.147015
2.146879
2.146966
2.146807
2.146945
2.146972
2.147054
2.147266
2.147018
2.146945
2.147080
2.147012
2.147076
2.146749
2.147005
2.146890
2.146940
2.146915
2.147242
2.146834
2.146770
2.146819
2.146906
2.146683
2.146834
2.147042
2.147074
2.147039
2.146903
2.146785
2.146865
2.146866
2.147028
2.147028
2.147003
2.147170
2.146930
2.147073
2.146925
2.146829
2.146943
2.147537
2.147573
2.147068
2.147335
2.147303
2.147355
2.147419
2.147881
2.147859
2.147511
2.147783
2.147725
2.147951
2.147748
2.148178
2.148403
2.148320
2.148237
2.148115
2.148237
2.148296
2.148424
2.148516
2.148772
2.148731
2.148618
2.148885
2.148960
2.149073
2.149072
2.149344
2.149466
2.149288
2.149245
2.149100
2.149339
2.149361
2.149054
2.149431
2.149367
2.149448
2.149152
2.149166
2.149404
2.149426
2.149386
2.149482
2.149379
2.149470
2.149618
2.149699
2.149377
2.149262
2.149596
2.149891
2.149439
2.149535
2.149400
2.149525
2.149481
2.149352
2.149240
2.149523
2.149599
2.149389
2.149473
2.149534
2.149410
2.149418
2.149531
2.149737
2.149820
2.149675
2.149570
2.149402
2.149764
2.149936
2.150225
2.150126
2.150028
2.149714
2.150175
2.150071
2.149923
2.149873
2.150147
2.150322
2.150238
2.149811
2.149795
2.149628
2.149975
2.150406
2.150131
2.150081
2.149848
2.149717
2.149881
2.149968
2.149709
2.149941
2.150312
2.150381
2.150420
2.150124
2.150171
2.150267
2.150463
2.150924
2.150706
2.150764
2.150407
2.150345
2.150441
2.150980
2.150974
2.150940
2.151034
2.151110
2.151379
2.151306
2.151086
2.151315
2.151510
2.151968
2.151976
2.151741
2.151549
2.151533
2.151897
2.151911
2.152038
2.152164
2.152269
2.152094
2.152206
2.152005
2.151763
2.151966
2.152348
2.152432
2.152600
2.152267
2.152064
2.152256
2.152228
2.152389
2.152677
2.152919
2.152672
2.152492
2.152539
2.152799
2.152762
2.152837
2.152911
2.153281
2.153320
2.152972
2.152719
2.152526
2.152514
2.152789
2.152901
2.152907
2.152689
2.152839
2.152984
2.153345
2.152976
2.153047
2.153291
2.153314
2.153145
2.152867
2.153063
2.153078
2.153025
2.153378
2.153535
2.153354
2.153197
2.152947
2.153111
2.153221
2.153506
2.153373
2.153278
2.153186
2.153179
2.153528
2.153593
2.153102
2.153270
2.153710
2.153713
2.153561
2.153239
2.153065
2.153207
2.153423
2.153753
2.153474
2.153422
2.153550
2.153241
2.153404
2.153283
2.153162
2.153505
2.153511
2.153631
2.153381
2.153193
2.153249
2.153100
2.153296
2.153468
2.153178
2.153245
2.153037
2.153125
2.153165
2.153125
2.152978
2.153110
2.152889
2.152821
2.152767
2.152582
2.152468
2.152645
2.152945
2.152218
2.151955
2.152094
2.152081
2.152265
2.151608
2.151874
2.151675
2.151887
2.151934
2.151533
2.151462
2.151256
2.151476
2.151805
2.151713
2.151428
2.151289
2.151324
2.151654
2.151482
2.151025
2.151192
2.151375
2.151492
2.151213
2.150618
2.150692
2.150798
2.151240
2.151670
2.150469
2.150666
2.150573
2.150973
2.151163
2.150294
2.150466
2.150984
2.151009
2.151262
2.150543
2.150556
2.150697
2.150482
2.150977
2.150091
2.149791
2.149869
2.150004
2.150038
2.149143
2.148985
2.149562
2.149442
2.149544
2.148718
2.148761
2.149160
2.149097
2.149614
2.149007
2.148981
2.149466
2.149268
2.149889
2.149055
2.149273
2.149873
2.149663
2.149684
2.148756
2.148767
2.148721
2.148417
2.148519
2.147043
2.146973
2.146829
2.146093
2.145810
2.144445
2.144723
2.144758
2.144004
2.142906
2.141392
2.141593
2.142038
2.142090
2.142225
2.142315
2.144172
2.144385
2.145674
2.145583
2.145659
2.149619
2.152402
2.154234
2.154346
2.153962
2.154913
2.155429
2.155459
2.155737
2.155277
2.155806
2.155858
2.156048
2.155926
2.155485
2.155557
2.155973
2.156186
2.156246
2.155924
2.155808
2.155666
2.155921
2.156086
2.156203
2.156179
2.156071
2.156029
2.156073
2.155933
2.155744
2.155641
2.156000
2.156050
2.155768
2.155671
2.155833
2.155482
2.155645
2.155989
2.155739
2.155749
2.155634
2.155576
2.155511
2.154712
2.153335
2.151848
2.150960
2.149601
2.148681
2.148705
2.148867
2.149336
2.149674
2.150403
2.150629
2.150918
2.151350
2.152051
2.151895
2.152209
2.153187
2.153988
2.153974
2.154438
2.154937
2.155024
2.155293
2.155365
2.155694
2.155837
2.155440
2.155436
2.155458
2.155436
2.155483
2.155721
2.155827
2.155676
2.155463
2.155342
2.155363
2.155308
2.155553
2.155851
2.155555
2.155420
2.155271
2.155145
2.155083
2.155012
2.155576
2.155373
2.155170
2.155169
2.155023
2.154999
2.154770
2.154684
2.154949
2.155108
2.154874
2.154738
2.154447
2.154615
2.155005
2.154779
2.154697
2.154758
2.154422
2.154678
2.154377
2.154433
2.154335
2.154379
2.154770
2.154573
2.154282
2.154389
2.154360
2.154366
2.154202
2.154038
2.154055
2.154049
2.153993
2.154034
2.153549
2.153473
2.153388
2.153037
2.153365
2.153119
2.153231
2.153033
2.152790
2.152873
2.152843
2.152607
2.152694
2.152684
2.152330
2.152584
2.152538
2.152547
2.152406
2.152324
2.152225
2.152458
2.152057
2.151946
2.151907
2.151843
2.152207
2.152342
2.152157
2.151771
2.151679
2.152369
2.152480
2.152632
2.152867
2.152802
2.152857
2.153030
2.153073
2.153050
2.153267
2.153339
2.153412
2.153713
2.153605
2.153727
2.153562
2.153600
2.153984
2.154201
2.153784
2.153796
2.153649
2.153986
2.154161
2.154067
2.154098
2.154034
2.154277
2.154258
2.154131
2.154124
2.154219
2.154294
2.154545
2.154346
2.154329
2.154118
2.154382
2.154594
2.154798
2.154942
2.155337
2.155055
2.154993
2.154213
2.154723
2.155437
2.155502
2.155225
2.153826
2.153927
2.154817
2.155154
2.155113
2.152919
2.152669
2.154043
2.154828
2.154659
2.151381
2.150956
2.153215
2.155324
2.155111
2.150666
2.149609
2.151602
2.154561
2.154805
2.149808
2.148783
2.151277
2.153574
2.154552
2.148864
2.147807
2.151057
2.152904
2.154791
2.148649
2.146756
2.150716
2.152014
2.154383
2.148510
2.146301
2.150854
2.151812
2.154529
2.148396
2.145954
2.150660
2.150734
2.154711
2.148504
2.145718
2.150587
2.150000
2.154506
2.148769
2.145491
2.150902
2.149882
2.154554
2.148936
2.145563
2.151069
2.149745
2.154619
2.149405
2.146270
2.151639
2.149968
2.153960
2.149575
2.146351
2.151812
2.149991
2.153894
2.149905
2.146521
2.152199
2.150117
2.152622
2.149812
2.146522
2.152625
2.150803
2.151455
2.150103
2.146420
2.152563
2.150561
2.150664
2.150241
2.146419
2.152576
2.150977
2.149631
2.149191
2.146389
2.152848
2.151065
2.148882
2.148255
2.146356
2.152051
2.149667
2.147669
2.147092
2.145903
2.151529
2.148387
2.146024
2.144892
2.145487
2.150708
2.146617
2.144551
2.142928
2.144836
2.148281
2.143329
2.142369
2.139951
2.142994
2.144814
2.139169
2.139046
2.135584
2.140734
2.141238
2.136096
2.136892
2.133899
2.139366
2.139269
2.134750
2.136796
2.134486
2.139363
2.138622
2.134615
2.136472
2.135552
2.138934
2.138283
2.135863
2.137293
2.137048
2.139309
2.138438
2.137263
2.138156
2.138943
2.140183
2.139068
2.138218
2.138116
2.139430
2.139941
2.138479
2.138842
2.138317
2.139903
2.139816
2.137877
2.138846
2.138149
2.139658
2.139775
2.138243
2.138983
2.137777
2.139237
2.139601
2.137702
2.138838
2.137869
2.139624
2.139654
2.137507
2.138575
2.137876
2.139597
2.139041
2.137645
2.139072
2.137781
2.139437
2.138494
2.137818
2.138918
2.137381
2.139605
2.138780
2.137334
2.138676
2.136747
2.139488
2.137482
2.136654
2.137701
2.136303
2.138896
2.136831
2.136217
2.137238
2.135416
2.138651
2.136135
2.136836
2.137337
2.135039
2.138966
2.136064
2.136055
2.136148
2.133241
2.138564
2.135210
2.135445
2.136080
2.132675
2.138215
2.134715
2.135329
2.137372
2.132852
2.138337
2.135688
2.135352
2.137584
2.132089
2.138472
2.137048
2.136042
2.139256
2.133465
2.139463
2.138844
2.137286
2.142338
2.136735
2.141546
2.142259
2.139766
2.144766
2.139329
2.142269
2.145150
2.142026
2.146473
2.141429
2.142389
2.146010
2.141674
2.145796
2.143561
2.142346
2.147033
2.142169
2.146041
2.144521
2.141125
2.146641
2.143178
2.145681
2.146006
2.141050
2.147006
2.143375
2.144254
2.145845
2.140673
2.146661
2.144439
2.143259
2.146285
2.139826
2.144691
2.144095
2.142703
2.146451
2.140374
2.144154
2.144601
2.141567
2.146593
2.140779
2.144108
2.146417
2.141194
2.145474
2.142176
2.142682
2.145454
2.140818
2.145336
2.143325
2.141028
2.145112
2.141468
2.144129
2.143497
2.140315
2.145222
2.140526
2.141443
2.143764
2.138613
2.144401
2.142569
2.141132
2.143288
2.137177
2.142574
2.142286
2.139586
2.144817
2.138335
2.139778
2.140871
2.136844
2.142472
2.138929
2.138752
2.141079
2.134944
2.139289
2.137774
2.136586
2.138635
2.132017
2.136799
2.136058
2.131055
2.135457
2.132604
2.126392
2.126509
2.128552
2.133338
2.131264
2.130638
2.131876
2.115160
2.122586
2.131213
2.130205
2.133050
2.131481
2.125524
2.111031
2.116717
2.130333
2.132841
2.130420
2.129541
2.110242
2.102005
2.112231
2.119133
2.122519
2.120209
2.112368
2.094243
2.095486
2.101266
2.101609
2.098973
2.094519
2.074087
2.061314
2.062695
2.062076
2.058281
2.049052
2.045773
2.033563
2.027695
2.017301
2.018813
2.029315
2.027774
2.029265
2.026830
2.015192
1.996703
2.010021
2.023112
2.032258
2.032710
2.021052
1.997865
1.987245
2.002189
2.002892
2.015826
2.022038
2.007232
1.986719
1.987695
2.005365
1.996276
2.008640
2.018707
2.000229
1.995573
1.998169
2.014609
1.990752
2.005150
2.008088
2.000691
2.000526
1.999433
2.006422
1.967059
1.978440
1.974080
1.982382
1.978114
1.980783
1.977674
1.934689
1.941147
1.940661
1.955245
1.950458
1.955271
1.942890
1.910580
1.908324
1.910759
1.925836
1.922979
1.927475
1.916100
1.899270
1.901303
1.915403
1.930189
1.934245
1.940580
1.934657
1.924611
1.927673
1.943989
1.956374
1.964223
1.969956
1.963033
1.956719
1.960038
1.974568
1.987100
1.999574
2.001249
1.993857
1.989879
1.990049
1.995239
2.005370
2.015378
2.017571
2.024813
2.010506
2.009296
2.010141
2.005280
2.030961
2.039149
2.023739
2.010995
2.011172
2.010104
2.012834
2.039956
2.040523
2.024910
2.016569
2.014883
2.015707
2.028331
2.045443
2.044321
2.030289
2.026016
2.019488
2.028983
2.044095
2.050682
2.048723
2.034770
2.031394
2.025234
2.034261
2.053590
2.053786
2.053993
2.043001
2.046878
2.043850
2.059251
2.069495
2.073353
2.068748
2.065744
2.069619
2.064580
2.079075
2.082090
2.084292
2.079381
2.082351
2.084926
2.080662
2.090917
2.092770
2.093444
2.092460
2.093756
2.094173
2.092851
2.098891
2.101958
2.099451
2.097092
2.098016
2.098563
2.096533
2.100290
2.104306
2.102088
2.098117
2.097917
2.098460
2.095997
2.098547
2.103862
2.103587
2.099004
2.096580
2.099406
2.096324
2.096419
2.102333
2.103173
2.099776
2.098036
2.100250
2.096263
2.095211
2.101682
2.103476
2.100623
2.099627
2.102838
2.099931
2.094437
2.100429
2.103818
2.102279
2.101532
2.105088
2.104281
2.095673
2.099249
2.104338
2.103768
2.102731
2.105104
2.106332
2.099499
2.097113
2.102971
2.103841
2.102292
2.101520
2.104498
2.100636
2.094701
2.100852
2.102281
2.100964
2.097580
2.100748
2.100179
2.093896
2.098421
2.101387
2.098914
2.095998
2.097409
2.098864
2.093769
2.096019
2.101136
2.097830
2.095017
2.096182
2.097895
2.094743
2.094830
2.101148
2.097794
2.093827
2.094557
2.097203
2.094592
2.095228
2.100333
2.097472
2.092136
2.092875
2.096558
2.094920
2.096614
2.100117
2.095619
2.090379
2.092520
2.094511
2.094571
2.098221
2.100536
2.095534
2.089249
2.092927
2.093281
2.095851
2.100771
2.101389
2.095104
2.089288
2.094203
2.094554
2.098379
2.101911
2.101521
2.094879
2.091107
2.093567
2.095377
2.100065
2.103466
2.101033
2.093087
2.091848
2.092834
2.096744
2.100846
2.102590
2.099721
2.091739
2.092485
2.091686
2.097026
2.100734
2.102656
2.097716
2.087575
2.090899
2.090649
2.098486
2.100305
2.100639
2.094024
2.085854
2.091192
2.090926
2.099143
2.099589
2.097815
2.088484
2.087069
2.088500
2.091397
2.093790
2.090729
2.083156
2.075548
2.080393
2.079819
2.083611
2.086599
2.087063
2.081047
2.078717
2.087245
2.086298
2.091891
2.094636
2.091555
2.082609
2.083094
2.090067
2.086436
2.092299
2.093633
2.089979
2.080867
2.084625
2.087505
2.086158
2.094243
2.094877
2.089451
2.082158
2.089496
2.088056
2.091343
2.098227
2.098610
2.092672
2.089731
2.096685
2.090310
2.097943
2.103771
2.103721
2.098205
2.098328
2.102246
2.096010
2.104576
2.106469
2.106760
2.102616
2.104445
2.103134
2.096958
2.108042
2.110398
2.110049
2.105466
2.108523
2.106556
2.103940
2.111351
2.110251
2.110319
2.108787
2.110307
2.104316
2.103413
2.110367
2.109671
2.107888
2.105995
2.107424
2.101441
2.103719
2.108297
2.106448
2.106661
2.107376
2.108421
2.098805
2.102431
2.109720
2.109308
2.106863
2.103562
2.106977
2.100813
2.105573
2.108818
2.109156
2.105633
2.108651
2.107888
2.097394
2.105683
2.110544
2.108631
2.103117
2.106614
2.104070
2.094988
2.103630
2.107868
2.103136
2.102005
2.106164
2.099752
2.094049
2.105650
2.108210
2.099152
2.101776
2.109240
2.099854
2.095589
2.104145
2.106641
2.100322
2.106209
2.107524
2.096522
2.098836
2.107223
2.104241
2.101212
2.108926
2.108293
2.098309
2.102411
2.108852
2.103602
2.106036
2.111680
2.107807
2.100813
2.106555
2.110214
2.105213
2.110676
2.113835
2.108323
2.103443
2.109745
2.110634
2.108226
2.113482
2.113967
2.108330
2.106899
2.112662
2.110710
2.110885
2.114333
2.113699
2.108340
2.109179
2.113094
2.110748
2.112864
2.114155
2.112665
2.108347
2.111034
2.113341
2.111353
2.113868
2.114284
2.113135
2.110083
2.112948
2.113916
2.113245
2.114720
2.114597
2.113391
2.111878
2.114245
2.114396
2.114596
2.115055
2.115417
2.114443
2.114136
2.115735
2.115748
2.116080
2.116129
2.116231
2.115366
2.115933
2.116905
2.116829
2.116961
2.117070
2.117034
2.116759
2.117333
2.117953
2.118263
2.118131
2.118534
2.118540
2.118682
2.119330
2.119763
2.120004
2.119777
2.119856
2.119962
2.120576
2.120918
2.121170
2.121506
2.121102
2.121536
2.121675
2.122266
2.122273
2.122716
2.122931
2.122669
2.122925
2.123131
2.124130
2.123985
2.124310
2.124280
2.123893
2.124286
2.124456
2.125154
2.125509
2.125670
2.125582
2.125334
2.125430
2.125804
2.126434
2.126856
2.126786
2.126517
2.126435
2.126364
2.126921
2.127381
2.127692
2.127478
2.127323
2.127052
2.127017
2.127361
2.127637
2.127854
2.127802
2.127433
2.127206
2.126600
2.127107
2.127478
2.127627
2.127243
2.126672
2.126467
2.126132
2.125931
2.126077
2.125779
2.125484
2.124728
2.124516
2.123739
2.123587
2.123615
2.123026
2.122844
2.121928
2.121132
2.120913
2.120529
2.120498
2.120003
2.119628
2.118562
2.118048
2.117311
2.117232
2.116752
2.115847
2.115483
2.114027
2.113102
2.112371
2.111824
2.111325
2.110009
2.109729
2.108966
2.108705
2.108378
2.108595
2.108340
2.108422
2.108690
2.108710
2.108323
2.108830
2.109591
2.109698
2.109571
2.109517
2.109311
2.108514
2.109519
2.109849
2.109857
2.109864
2.109547
2.108409
2.107630
2.109903
2.110990
2.110994
2.110842
2.109187
2.107682
2.106668
2.110537
2.112138
2.111948
2.111386
2.107719
2.105988
2.104968
2.110109
2.112979
2.111689
2.110059
2.106695
2.104522
2.102984
2.108827
2.112905
2.109904
2.110022
2.107694
2.105790
2.102255
2.108003
2.112460
2.108553
2.112375
2.109834
2.108307
2.103095
2.109504
2.112116
2.110335
2.115199
2.112117
2.110921
2.105470
2.109827
2.107819
2.113652
2.116730
2.114353
2.113729
2.108698
2.110188
2.104881
2.119502
2.118562
2.117554
2.116933
2.115232
2.113926
2.110617
2.123631
2.120802
2.119991
2.118840
2.119522
2.118372
2.115398
2.123697
2.120733
2.120498
2.119095
2.120014
2.119477
2.117711
2.122656
2.120154
2.120584
2.118854
2.120038
2.119172
2.118378
2.121870
2.121158
2.121406
2.119375
2.120203
2.118707
2.118868
2.122712
2.122260
2.122404
2.120184
2.120313
2.118361
2.119606
2.123240
2.123819
2.124001
2.122092
2.121571
2.118070
2.121913
2.125394
2.126296
2.126803
2.124311
2.122838
2.118346
2.124203
2.127798
2.128932
2.128786
2.126207
2.123354
2.118883
2.126351
2.129527
2.130058
2.129588
2.126825
2.122689
2.119133
2.127658
2.130082
2.130485
2.130451
2.128273
2.121814
2.120171
2.128508
2.131326
2.131286
2.131348
2.128635
2.119250
2.122846
2.129928
2.131776
2.131276
2.127566
2.129201
2.122505
2.124809
2.130479
2.125816
2.129812
2.130622
2.126346
2.123069
2.120103
2.128099
2.129278
2.124450
2.127677
2.119674
2.121153
2.124911
2.121975
2.125039
2.119103
2.123103
2.123102
2.116021
2.121497
2.118108
2.120604
2.121427
2.116381
2.119205
2.114261
2.118273
2.120227
2.114836
2.117220
2.113515
2.117478
2.117355
2.112790
2.115055
2.112042
2.115220
2.114265
2.109062
2.111008
2.107752
2.112406
2.110704
2.104354
2.107254
2.105576
2.111339
2.109307
2.106200
2.109381
2.108852
2.114866
2.111393
2.108607
2.112154
2.112476
2.115666
2.110295
2.108873
2.111572
2.112259
2.113538
2.111501
2.109891
2.110620
2.110896
2.112623
2.109967
2.108789
2.109699
2.110555
2.111585
2.108857
2.109131
2.109709
2.110623
2.111921
2.109093
2.109076
2.109378
2.111222
2.111033
2.109236
2.109834
2.110279
2.111730
2.110167
2.109067
2.109243
2.108694
2.108729
2.106803
2.105567
2.104746
2.103922
2.104247
2.103028
2.102465
2.102298
2.101265
2.100951
2.100253
2.099417
2.098603
2.098078
2.098549
2.097298
2.096756
2.095928
2.094756
2.094241
2.092310
2.091531
2.089465
2.088426
2.086825
2.085493
2.085030
2.084156
2.084125
2.082990
2.082921
2.082900
2.082447
2.082850
2.082810
2.082778
2.082266
2.082339
2.082085
2.081825
2.082046
2.082073
2.081804
2.081519
2.081451
2.081378
2.081735
2.081737
2.081617
2.081890
2.082139
2.082710
2.082506
2.083583
2.084092
2.085330
2.086124
2.086344
2.087117
2.087752
2.089266
2.090078
2.091510
2.092773
2.093598
2.094522
2.095256
2.096285
2.097595
2.098718
2.099051
2.100099
2.101016
2.102782
2.103985
2.104942
2.106066
2.106782
2.107868
2.107984
2.108595
2.109638
2.111055
2.111719
2.112083
2.112370
2.113121
2.114130
2.114558
2.115336
2.115991
2.116591
2.116847
2.117094
2.117358
2.117791
2.118913
2.118914
2.119242
2.119363
2.119906
2.120374
2.120736
2.121077
2.121379
2.122051
2.122015
2.122248
2.122203
2.122738
2.123070
2.122558
2.122512
2.122480
2.122710
2.121720
2.121884
2.122008
2.121938
2.122168
2.121760
2.121545
2.121699
2.122184
2.121800
2.121781
2.121614
2.121956
2.122085
2.121833
2.122058
2.122194
2.122523
2.122688
2.122574
2.122275
2.122566
2.123316
2.122753
2.122630
2.122562
2.123168
2.123402
2.123010
2.122771
2.122611
2.123655
2.123278
2.123303
2.122878
2.122843
2.123932
2.123289
2.122961
2.122548
2.123539
2.123777
2.123019
2.122784
2.123379
2.124168
2.123684
2.123144
2.122759
2.123134
2.123784
2.123742
2.122686
2.122523
2.123325
2.123520
2.122832
2.122175
2.122863
2.123328
2.122695
2.122689
2.122347
2.122484
2.123342
2.123490
2.122488
2.122046
2.123044
2.123224
2.123243
2.123093
2.123587
2.122636
2.122394
2.123361
2.122625
2.123052
2.124030
2.123597
2.120754
2.122022
2.123084
2.122054
2.121359
2.122681
2.121906
2.119396
2.121433
2.122670
2.122780
2.120949
2.120486
2.119790
2.120324
2.123568
2.124966
2.124143
2.121997
2.122126
2.124342
2.124668
2.123122
2.122788
2.124469
2.126698
2.127730
2.124205
2.118022
2.123551
2.129803
2.129990
2.123058
2.117679
2.118950
2.120602
2.127286
2.120790
2.119783
2.122096
2.126691
2.124658
2.117272
2.120353
2.122749
2.128867
2.128880
2.122961
2.123706
2.123427
2.128196
2.128720
2.125440
2.125674
2.124031
2.126593
2.126405
2.125372
2.125080
2.123444
2.123991
2.124594
2.124549
2.123275
2.122220
2.122707
2.125472
2.126403
2.126157
2.126023
2.125311
2.127231
2.127638
2.128325
2.127845
2.127210
2.128724
2.128921
2.129565
2.129169
2.129275
2.129220
2.128772
2.128767
2.128867
2.128842
2.128652
2.128423
2.128062
2.127404
2.127326
2.126340
2.125191
2.124619
2.124350
2.123535
2.120421
2.119136
2.118422
2.117785
2.117238
2.117170
2.116304
2.116346
2.118307
2.117238
2.115871
2.116768
2.118323
2.118756
2.117106
2.116615
2.116386
2.118673
2.119389
2.118260
2.115963
2.114647
2.114164
2.110656
2.102825
2.099674
2.101348
2.098944
2.096199
2.094023
2.084188
2.071838
2.082305
2.083270
2.080769
2.079430
2.076657
2.060717
2.051697
2.059556
2.055767
2.048804
2.040583
2.031271
2.019055
2.014802
2.011207
2.001879
1.992831
1.987233
1.985295
1.983420
1.986812
1.993293
1.985271
1.980575
1.987024
1.989225
1.994618
2.014091
2.025111
2.002375
1.997688
2.010599
2.006751
2.024312
2.047972
2.043911
2.024987
2.032416
2.034937
2.030386
2.055718
2.067387
2.057689
2.045752
2.051089
2.044072
2.051956
2.065560
2.067284
2.062611
2.058815
2.061865
2.060885
2.065737
2.074916
2.070905
2.070458
2.069209
2.069306
2.067456
2.062461
2.061879
2.060400
2.060452
2.059420
2.061114
2.062425
2.063929
2.067727
2.070016
2.071305
2.071367
2.073809
2.072861
2.076128
2.079620
2.079392
2.076176
2.077808
2.080746
2.075870
2.081884
2.088729
2.093010
2.095689
2.097856
2.098556
2.096325
2.099390
2.099885
2.099021
2.099116
2.099297
2.099980
2.099400
2.100610
2.100580
2.100520
2.100477
2.100517
2.101157
2.101546
2.102976
2.103445
2.103847
2.104293
2.104896
2.105459
2.104856
2.105382
2.105766
2.106455
2.106063
2.106644
2.106526
2.106404
2.107120
2.107247
2.107651
2.107579
2.107996
2.108305
2.108737
2.109984
2.110599
2.109905
2.109972
2.109892
2.110544
2.109866
2.110290
2.109987
2.109590
2.109873
2.109541
2.109796
2.109276
2.110246
2.109422
2.110157
2.110021
2.110822
2.110768
2.110278
2.112460
2.112370
2.114184
2.112923
2.115117
2.116045
2.116501
2.117496
2.117491
2.120370
2.121015
2.122743
2.120953
2.122259
2.123499
2.124264
2.123398
2.123658
2.124723
2.125015
2.125685
2.124448
2.125191
2.125659
2.126604
2.125893
2.125997
2.126744
2.126863
2.127342
2.126502
2.126535
2.127073
2.127983
2.127271
2.127425
2.127513
2.128023
2.128171
2.127960
2.128376
2.128712
2.129258
2.128553
2.129057
2.129468
2.129546
2.129678
2.128484
2.128974
2.128980
2.128892
2.128589
2.128072
2.128322
2.128112
2.128212
2.126627
2.127267
2.127466
2.127604
2.127252
2.127349
2.126775
2.126771
2.126642
2.127454
2.127473
2.126434
2.126352
2.127130
2.127069
2.126374
2.125625
2.126228
2.126817
2.125864
2.124751
2.124108
2.124807
2.122900
2.122285
2.121404
2.121343
2.119492
2.118087
2.117316
2.117641
2.117123
2.113070
2.114030
2.113135
2.113834
2.109225
2.108040
2.109920
2.110431
2.108821
2.100576
2.104450
2.106137
2.106511
2.097864
2.094549
2.099693
2.102472
2.098249
2.090195
2.095841
2.099333
2.100905
2.094649
2.095481
2.103777
2.104301
2.099047
2.101218
2.107267
2.112271
2.109965
2.104974
2.110450
2.118582
2.118420
2.115811
2.113897
2.123361
2.123253
2.120745
2.117725
2.121344
2.125118
2.123049
2.120506
2.116967
2.121691
2.122078
2.121879
2.122344
2.122816
2.124991
2.124196
2.124174
2.124739
2.126573
2.126741
2.126052
2.126786
2.127517
2.129025
2.128409
2.128800
2.129845
2.130651
2.130674
2.130654
2.131507
2.133487
2.134240
2.135488
2.136453
2.136961
2.137657
2.137990
2.138986
2.139570
2.140681
2.140822
2.140986
2.141423
2.141643
2.142860
2.142774
2.143348
2.142966
2.142014
2.140991
2.141151
2.142653
2.142715
2.143362
2.143207
2.143816
2.143486
2.143668
2.143985
2.143472
2.144488
2.145029
2.144974
2.143995
2.144461
2.145014
2.144008
2.143834
2.144626
2.143741
2.142848
2.142207
2.142645
2.142839
2.141970
2.142076
2.141438
2.140363
2.139217
2.138253
2.137434
2.137426
2.136850
2.135466
2.133935
2.133237
2.133927
2.134076
2.134055
2.133788
2.134442
2.134390
2.133732
2.133653
2.133613
2.133792
2.133285
2.133069
2.132518
2.131597
2.131079
2.130750
2.130646
2.130263
2.129868
2.129363
2.128501
2.127886
2.128084
2.128004
2.127807
2.127336
2.126378
2.125649
2.124685
2.124304
2.124357
2.124224
2.123168
2.121850
2.121411
2.120961
2.120267
2.119446
2.119243
2.119360
2.118409
2.117659
2.116350
2.116005
2.115976
2.115455
2.115396
2.113440
2.111888
2.113960
2.113552
2.113463
2.109827
2.106236
2.112325
2.111636
2.111527
2.103980
2.099873
2.108970
2.107781
2.106332
2.098136
2.096072
2.103845
2.100549
2.100057
2.093909
2.094660
2.099262
2.092952
2.092444
2.090746
2.094730
2.096090
2.088206
2.088800
2.089808
2.096463
2.094925
2.083086
2.084119
2.089739
2.095765
2.090501
2.080130
2.083733
2.092500
2.097582
2.093710
2.082368
2.086326
2.099376
2.103790
2.096422
2.088580
2.095956
2.106664
2.107538
2.098168
2.095588
2.104072
2.113109
2.114179
2.101616
2.102353
2.112319
2.118633
2.116442
2.105549
2.109913
2.117965
2.119824
2.117178
2.108948
2.112229
2.120391
2.121706
2.116376
2.111825
2.118097
2.122843
2.122230
2.117771
2.116919
2.121454
2.123600
2.124088
2.119207
2.119702
2.125877
2.127069
2.126526
2.125039
2.126204
2.129288
2.130725
2.131007
2.129744
2.129549
2.130517
2.132114
2.131974
2.131653
2.131966
2.132558
2.132679
2.132691
2.133021
2.133788
2.135950
2.136974
2.136813
2.137218
2.138394
2.138686
2.138357
2.138696
2.138717
2.139220
2.139338
2.139209
2.138749
2.138658
2.138745
2.138717
2.138525
2.138565
2.139652
2.139716
2.140411
2.140270
2.140484
2.140887
2.140091
2.140465
2.140949
2.140964
2.140056
2.139537
2.139236
2.139628
2.139479
2.140058
2.139340
2.139170
2.139215
2.138523
2.138656
2.138216
2.138878
2.138271
2.136611
2.136285
2.136536
2.137030
2.136909
2.136871
2.136927
2.137130
2.137240
2.137082
2.136351
2.136434
2.135548
2.134361
2.133496
2.132885
2.133066
2.132716
2.132156
2.131479
2.131762
2.131641
2.130659
2.130511
2.131081
2.130778
2.130301
2.129285
2.129394
2.130569
2.130368
2.130007
2.129326
2.129115
2.130481
2.130060
2.128814
2.127863
2.128041
2.127959
2.126750
2.125921
2.125379
2.125292
2.125092
2.124400
2.123049
2.122614
2.122818
2.122719
2.122434
2.122464
2.122635
2.122283
2.121997
2.123165
2.123301
2.122573
2.122469
2.121723
2.122892
2.122829
2.122253
2.121650
2.121061
2.122570
2.122597
2.121439
2.122296
2.123054
2.125128
2.125702
2.126021
2.128460
2.130051
2.131758
2.132553
2.133226
2.134540
2.135504
2.135563
2.136795
2.136988
2.138181
2.138716
2.138333
2.139214
2.140220
2.140141
2.139873
2.139778
2.140692
2.141570
2.140123
2.140494
2.141263
2.141503
2.142134
2.141143
2.141139
2.142090
2.141897
2.142139
2.141929
2.141564
2.142544
2.142171
2.142202
2.142345
2.142265
2.143082
2.143019
2.142698
2.142802
2.142348
2.142863
2.143079
2.142736
2.143671
2.143506
2.143189
2.143774
2.142922
2.143647
2.144627
2.144516
2.145013
2.144646
2.145272
2.145432
2.145495
2.147055
2.146255
2.146577
2.145907
2.146345
2.146571
2.146803
2.148149
2.147242
2.147505
2.146671
2.147407
2.147489
2.147102
2.149200
2.147917
2.148448
2.147776
2.148194
2.148524
2.148271
2.149517
2.148523
2.148867
2.148271
2.148383
2.148367
2.148579
2.149617
2.147738
2.147373
2.146506
2.147294
2.146705
2.145531
2.144963
2.142926
2.141900
2.139918
2.138782
2.137859
2.137815
2.139192
2.139330
2.140931
2.142653
2.143824
2.144750
2.144412
2.143535
2.142178
2.142556
2.142915
2.143337
2.143276
2.142936
2.142735
2.142028
2.141839
2.141492
2.141610
2.140994
2.140714
2.138762
2.137293
2.136033
2.135895
2.137520
2.138717
2.138195
2.137079
2.137682
2.139532
2.140248
2.139289
2.137871
2.138132
2.140784
2.140625
2.139188
2.137765
2.138314
2.141162
2.140385
2.140645
2.140003
2.139789
2.142740
2.141498
2.141130
2.139841
2.140008
2.142158
2.140078
2.139605
2.138211
2.137797
2.139688
2.138388
2.137277
2.135601
2.135463
2.137095
2.135751
2.134743
2.133374
2.131995
2.132556
2.131554
2.130126
2.128156
2.126881
2.127582
2.126359
2.125326
2.125463
2.124332
2.125242
2.123673
2.124150
2.123560
2.119997
2.122337
2.122751
2.122494
2.123057
2.121558
2.121491
2.116609
2.121149
2.124742
2.122115
2.122204
2.121688
2.120973
2.119230
2.122025
2.122646
2.119643
2.119422
2.120614
2.118818
2.118470
2.119302
2.117259
2.116426
2.115921
2.116506
2.113149
2.110899
2.113842
2.113128
2.113153
2.110344
2.104989
2.105819
2.106429
2.113112
2.109654
2.102598
2.103798
2.102972
2.107127
2.104445
2.102604
2.102774
2.101137
2.107309
2.105424
2.096482
2.096199
2.096598
2.102568
2.102742
2.096493
2.095271
2.089630
2.096379
2.098562
2.092277
2.091866
2.089112
2.092082
2.094131
2.087958
2.087567
2.084789
2.087578
2.092742
2.084489
2.082889
2.080386
2.082189
2.087782
2.080856
2.079029
2.076408
2.077075
2.082947
2.077312
2.073190
2.072167
2.072429
2.077178
2.072018
2.065532
2.065959
2.065651
2.070103
2.064451
2.055233
2.056204
2.056525
2.061105
2.052784
2.042131
2.043293
2.045079
2.049038
2.038035
2.027483
2.028204
2.030684
2.034756
2.022462
2.012527
2.011581
2.014995
2.018623
2.007477
2.000079
1.998123
1.999989
2.002672
1.995086
1.990220
1.987003
1.987658
1.990251
1.984524
1.981173
1.978706
1.978434
1.979865
1.975544
1.973322
1.971251
1.969402
1.971014
1.967797
1.966275
1.965122
1.964448
1.965895
1.962802
1.962501
1.962310
1.962085
1.962616
1.961346
1.960923
1.961558
1.961582
1.962197
1.962581
1.963001
1.965488
1.965400
1.965564
1.967168
1.967204
1.970404
1.970897
1.971726
1.974675
1.974541
1.979629
1.982000
1.983907
1.987444
1.986914
1.992299
1.996410
1.999958
2.004520
2.004235
2.009476
2.014623
2.019452
2.022641
2.021584
2.024940
2.030839
2.037662
2.038597
2.038904
2.040281
2.046816
2.057204
2.055612
2.057262
2.057849
2.063171
2.075800
2.071676
2.073284
2.073187
2.076299
2.089988
2.083639
2.083542
2.082979
2.084652
2.099404
2.092236
2.091422
2.091290
2.092555
2.106929
2.100893
2.099569
2.099078
2.098199
2.110597
2.105691
2.104456
2.104553
2.104647
2.116510
2.114822
2.114918
2.115692
2.114639
2.123411
2.122102
2.121664
2.121938
2.120338
2.126452
2.126154
2.126351
2.127786
2.126408
2.130605
2.130789
2.130031
2.131708
2.132845
2.137284
2.137859
2.137133
2.138440
2.138637
2.141707
2.141825
2.140890
2.141814
2.139788
2.142746
2.143398
2.143047
2.145039
2.142227
2.145716
2.146006
2.145072
2.146204
2.143859
2.146297
2.146991
2.146967
2.147904
2.146294
2.148304
2.148782
2.149022
2.149790
2.148862
2.150079
2.152084
2.153587
2.155968
2.158189
2.160037
2.161783
2.162502
2.163443
2.164563
2.165031
2.167164
2.167538
2.167297
2.167652
2.167982
2.168823
2.168239
2.168023
2.168111
2.167935
2.168704
2.168373
2.168017
2.167574
2.168109
2.168738
2.168809
2.168280
2.167727
2.167212
2.168115
2.168756
2.167950
2.166100
2.165359
2.167013
2.167534
2.166711
2.164740
2.164331
2.165644
2.165654
2.164595
2.163083
2.163897
2.164202
2.165130
2.164165
2.163559
2.163932
2.165536
2.164132
2.163643
2.165083
2.165487
2.164314
2.162598
2.164615
2.166098
2.166031
2.162634
2.162395
2.165013
2.165878
2.162232
2.158650
2.161405
2.162571
2.162202
2.154744
2.157498
2.160738
2.161456
2.157895
2.154298
2.157750
2.159142
2.159888
2.154992
2.156963
2.158509
2.159979
2.159998
2.158305
2.160413
2.161767
2.162946
2.162771
2.163807
2.164048
2.165134
2.166390
2.166040
2.165432
2.164704
2.166457
2.165976
2.165849
2.164537
2.165172
2.165890
2.165216
2.164903
2.165096
2.165316
2.165239
2.164999
2.165276
2.166300
2.166415
2.166916
2.167102
2.167308
2.167681
2.166729
2.167366
2.167519
2.167343
2.167475
2.166969
2.166921
2.166851
2.167242
2.167220
2.166654
2.166658
2.166751
2.166869
2.166544
2.166746
2.166398
2.166677
2.166229
2.166021
2.166238
2.165954
2.166315
2.165830
2.165906
2.165715
2.165330
2.166031
2.165580
2.165772
2.165929
2.166114
2.166249
2.165306
2.165535
2.165605
2.165726
2.165357
2.165439
2.164911
2.164140
2.164629
2.164148
2.164106
2.164127
2.164620
2.164143
2.163000
2.163383
2.163752
2.164165
2.164077
2.164028
2.163610
2.162117
2.162625
2.163364
2.163368
2.163346
2.163224
2.162935
2.161183
2.161697
2.162491
2.162642
2.163229
2.163493
2.163467
2.161275
2.160985
2.161996
2.162843
2.163368
2.162692
2.162446
2.160923
2.160879
2.161984
2.161615
2.161857
2.162110
2.162381
2.160441
2.159495
2.160652
2.161437
2.161908
2.161598
2.161393
2.160023
2.158912
2.159650
2.160751
2.160615
2.160879
2.160357
2.159440
2.157417
2.159073
2.159652
2.158661
2.159314
2.159461
2.158837
2.155281
2.156999
2.157394
2.157956
2.157094
2.155694
2.155534
2.154047
2.155178
2.153345
2.153850
2.153617
2.153738
2.152466
2.150283
2.150810
2.150795
2.150500
2.149692
2.149679
2.149446
2.147838
2.146730
2.147377
2.147344
2.146822
2.145041
2.144995
2.143627
2.143496
2.142496
2.141107
2.140831
2.140358
2.139462
2.137782
2.137796
2.138847
2.138349
2.136036
2.135606
2.135624
2.136287
2.135465
2.134497
2.134826
2.134450
2.132926
2.131659
2.132002
2.132702
2.133880
2.132325
2.131566
2.130919
2.129285
2.128834
2.129380
2.129398
2.129133
2.128249
2.125881
2.126679
2.127229
2.127884
2.124256
2.124583
2.126905
2.127057
2.127135
2.125943
2.126568
2.124547
2.125586
2.126819
2.125607
2.125281
2.126252
2.127633
2.124020
2.122550
2.125384
2.125550
2.125529
2.124720
2.126043
2.124264
2.123154
2.124986
2.124799
2.124487
2.124740
2.126132
2.125771
2.126366
2.127589
2.128492
2.127773
2.128661
2.130120
2.130417
2.131036
2.131215
2.132111
2.130774
2.130340
2.130668
2.130750
2.131051
2.131691
2.132697
2.130291
2.129731
2.130641
2.131667
2.130969
2.129810
2.131696
2.130985
2.129346
2.129192
2.129133
2.128290
2.126443
2.129021
2.128062
2.125537
2.125130
2.125532
2.122549
2.119632
2.121761
2.123114
2.121468
2.120883
2.120447
2.116563
2.114303
2.115602
2.119487
2.119116
2.117862
2.117678
2.117150
2.117112
2.115862
2.116186
2.115307
2.115373
2.115299
2.115555
2.114259
2.114486
2.116374
2.116581
2.115984
2.115277
2.115072
2.113211
2.113087
2.114044
2.113446
2.111778
2.111857
2.110161
2.106450
2.105676
2.107074
2.107279
2.104853
2.104958
2.102934
2.098748
2.103140
2.106268
2.105208
2.105218
2.105435
2.098850
2.096614
2.100593
2.103149
2.097881
2.100118
2.099991
2.091194
2.090600
2.093530
2.093884
2.086245
2.092664
2.094226
2.084694
2.084066
2.088673
2.085343
2.074421
2.085378
2.088735
2.080571
2.078641
2.084132
2.077199
2.061101
2.074471
2.077691
2.072404
2.068338
2.079328
2.066398
2.047440
2.054297
2.063629
2.056961
2.048166
2.067412
2.051589
2.035394
2.033592
2.053928
2.048348
2.038824
2.064021
2.051857
2.035350
2.029001
2.050722
2.043862
2.034668
2.055569
2.056248
2.041095
2.035374
2.052003
2.049394
2.039950
2.043496
2.055606
2.042282
2.037660
2.044914
2.049291
2.042854
2.030837
2.049758
2.039229
2.036172
2.034276
2.039489
2.035321
2.024496
2.029616
2.026451
2.024950
2.021270
2.022220
2.020171
2.015910
2.012950
2.013617
2.010627
2.007886
2.005860
2.003846
2.001241
1.998954
1.999402
1.998352
1.995844
1.993400
1.992748
1.991670
1.988257
1.988673
1.991682
1.989935
1.985873
1.988077
1.988612
1.985170
1.985343
1.992173
1.987624
1.983259
1.985352
1.989470
1.988484
1.993124
2.007128
2.008297
2.003476
2.004026
2.011889
2.008713
2.013876
2.027498
2.038410
2.026906
2.022554
2.029539
2.025979
2.028563
2.042693
2.057719
2.050897
2.040778
2.044210
2.045867
2.039438
2.054137
2.070076
2.068246
2.050056
2.048452
2.054103
2.039655
2.055361
2.075713
2.081239
2.057153
2.049740
2.063747
2.042201
2.052668
2.079245
2.091965
2.066876
2.056654
2.075187
2.053162
2.049127
2.080631
2.098445
2.075837
2.070864
2.087249
2.073407
2.051839
2.078721
2.101949
2.085187
2.086452
2.099508
2.092745
2.065221
2.075514
2.104015
2.095399
2.100145
2.107756
2.103230
2.081202
2.075945
2.104172
2.098722
2.105421
2.110788
2.109110
2.093897
2.079923
2.104983
2.101529
2.106131
2.108883
2.107754
2.100191
2.083522
2.101856
2.100128
2.102177
2.104930
2.105159
2.103488
2.092285
2.105988
2.107218
2.108982
2.112449
2.112738
2.112871
2.107171
2.114484
2.114855
2.114353
2.115498
2.114516
2.114534
2.112076
2.114953
2.115288
2.115088
2.116138
2.115905
2.116159
2.115982
2.117106
2.118093
2.119505
2.119347
2.118040
2.117727
2.117466
2.118002
2.118469
2.118226
2.117696
2.116297
2.115609
2.115301
2.115340
2.115362
2.114643
2.113659
2.112171
2.111073
2.110493
2.109951
2.109903
2.109226
2.108157
2.107018
2.105170
2.103639
2.103100
2.102195
2.100515
2.097916
2.094615
2.091775
2.090045
2.088755
2.086408
2.082957
2.080027
2.077905
2.077096
2.077187
2.077962
2.080042
2.082156
2.084733
2.087426
2.089363
2.094298
2.098482
2.101372
2.102792
2.103322
2.104113
2.105083
2.107236
2.109147
2.110642
2.111933
2.113478
2.114262
2.115247
2.117101
2.117931
2.119288
2.120146
2.120296
2.120780
2.120818
2.122355
2.123074
2.123250
2.123886
2.123721
2.123387
2.123575
2.124193
2.124074
2.124135
2.123703
2.123050
2.122682
2.121996
2.122878
2.123116
2.123367
2.124004
2.123098
2.123196
2.122253
2.120860
2.120065
2.119347
2.119194
2.119823
2.120597
2.121775
2.122806
2.123615
2.125066
2.125537
2.126466
2.127891
2.128938
2.130096
2.130611
2.130452
2.130991
2.131297
2.131366
2.130590
2.130944
2.131744
2.132614
2.134661
2.136210
2.136396
2.136826
2.136242
2.135871
2.135532
2.135721
2.136505
2.136921
2.137172
2.137510
2.137418
2.136918
2.135071
2.132856
2.132270
2.131719
2.132081
2.132921
2.133489
2.134566
2.135890
2.137163
2.137545
2.138147
2.138541
2.139202
2.139215
2.139891
2.139983
2.140615
2.140703
2.140730
2.140620
2.140378
2.140359
2.140884
2.141147
2.140701
2.140697
2.140924
2.140541
2.140939
2.141188
2.141250
2.141143
2.141428
2.141397
2.141000
2.140701
2.141156
2.140983
2.140959
2.141250
2.140718
2.140138
2.140006
2.140340
2.139981
2.139592
2.139973
2.139310
2.138533
2.138199
2.137519
2.136206
2.136580
2.135871
2.134641
2.132925
2.131121
2.130070
2.127123
2.125058
2.123368
2.118685
2.115917
2.115037
2.110059
2.109743
2.107139
2.102432
2.104589
2.098746
2.097452
2.096993
2.091022
2.095951
2.088795
2.083974
2.089279
2.078954
2.081253
2.084033
2.073457
2.074286
2.071787
2.067829
2.070308
2.061300
2.059535
2.058348
2.050561
2.054188
2.047687
2.041185
2.041342
2.034163
2.032860
2.031627
2.023596
2.021186
2.016392
2.011389
2.012879
2.004551
2.000745
1.999609
1.993902
1.997764
1.993120
1.989843
1.990283
1.987497
1.992555
1.995652
1.992966
1.995810
1.994579
1.996272
2.001718
2.000382
2.001940
2.002620
2.004714
2.009819
2.009717
2.008554
2.008556
2.008519
2.011326
2.011899
2.010137
2.009859
2.009710
2.011078
2.012457
2.009746
2.008268
2.011275
2.013131
2.017418
2.017940
2.016752
2.019580
2.019648
2.032225
2.035637
2.034345
2.040561
2.043109
2.052159
2.058684
2.059235
2.066199
2.072576
2.076927
2.091027
2.086865
2.080175
2.091688
2.097309
2.107078
2.108883
2.104404
2.106542
2.084959
2.094139
2.115220
2.111301
2.114949
2.114359
2.105593
2.090505
2.092869
2.117388
2.120860
2.117167
2.121615
2.116104
2.087582
2.088946
2.121812
2.123885
2.125474
2.125661
2.119309
2.087797
2.084796
2.121395
2.126160
2.126226
2.125887
2.118153
2.085673
2.083463
2.117337
2.128705
2.128820
2.128563
2.118977
2.093487
2.092888
2.110813
2.126868
2.127647
2.128940
2.120466
2.108625
2.112501
2.115297
2.129916
2.130891
2.132359
2.125576
2.123870
2.126961
2.124972
2.132342
2.132772
2.132798
2.127885
2.129474
2.130136
2.129694
2.130870
2.131272
2.132050
2.130046
2.130711
2.130917
2.132154
2.134517
2.136306
2.136972
2.136297
2.136073
2.135613
2.136010
2.136607
2.137718
2.137616
2.137184
2.136553
2.135871
2.136335
2.135678
2.136287
2.136015
2.136130
2.136139
2.135137
2.135188
2.135137
2.134880
2.134742
2.134570
2.134097
2.133276
2.132879
2.132680
2.132337
2.131706
2.131572
2.131241
2.130358
2.130030
2.129093
2.128298
2.127888
2.127498
2.127204
2.126332
2.125429
2.124529
2.123924
2.123219
2.122194
2.121062
2.120234
2.119793
2.118239
2.116730
2.115530
2.113817
2.112355
2.111151
2.109575
2.108172
2.106074
2.105147
2.104071
2.102829
2.102478
2.101185
2.100301
2.097872
2.098982
2.098676
2.098133
2.097805
2.097277
2.096861
2.094685
2.095891
2.096053
2.095779
2.094022
2.094651
2.092000
2.093006
2.092267
2.091680
2.091513
2.090641
2.091066
2.089510
2.089871
2.090037
2.088389
2.088282
2.089329
2.088901
2.088717
2.089505
2.089258
2.088158
2.088159
2.089273
2.089009
2.089833
2.091075
2.090362
2.090366
2.092392
2.093278
2.094279
2.095805
2.095664
2.095139
2.100800
2.102377
2.102280
2.102081
2.102929
2.099673
2.101700
2.110433
2.110089
2.109971
2.106959
2.103180
2.098775
2.109164
2.112500
2.112421
2.110055
2.105030
2.096121
2.097715
2.112193
2.111905
2.112063
2.107782
2.096266
2.083883
2.098534
2.107881
2.107105
2.106737
2.097482
2.080231
2.077612
2.098951
2.103353
2.103047
2.101879
2.091252
2.081479
2.084257
2.099781
2.100620
2.101305
2.096546
2.088662
2.088339
2.085861
2.100733
2.101476
2.101944
2.095551
2.090265
2.087870
2.093654
2.102607
2.103146
2.101443
2.097829
2.094715
2.086550
2.103155
2.105069
2.105725
2.101580
2.097753
2.089001
2.081184
2.106643
2.106587
2.107192
2.101511
2.095240
2.078213
2.069609
2.106290
2.107648
2.108379
2.102017
2.094419
2.059657
2.054425
2.103863
2.109183
2.110289
2.104525
2.100984
2.051262
2.049417
2.105780
2.111862
2.112061
2.105665
2.104641
2.056208
2.049527
2.104707
2.111313
2.111181
2.105354
2.102948
2.070794
2.053713
2.100565
2.108730
2.107856
2.102565
2.099190
2.080719
2.058359
2.091705
2.102733
2.101834
2.097601
2.094186
2.083848
2.064168
2.085937
2.098216
2.098069
2.094603
2.090109
2.084266
2.066476
2.076635
2.088237
2.091440
2.088196
2.088151
2.083144
2.060593
2.054174
2.074983
2.085487
2.085642
2.089407
2.081426
2.059582
2.043450
2.069300
2.084855
2.085864
2.088688
2.080422
2.054247
2.038172
2.062950
2.081088
2.081455
2.081153
2.073454
2.043909
2.030876
2.054502
2.075256
2.077383
2.078508
2.075155
2.052987
2.041298
2.063385
2.083800
2.085292
2.085958
2.083632
2.067280
2.050413
2.061604
2.076707
2.078196
2.078095
2.077010
2.067245
2.053348
2.060886
2.070551
2.072608
2.072332
2.071078
2.064863
2.054470
2.059077
2.064645
2.065447
2.065575
2.063186
2.058412
2.047884
2.051043
2.054600
2.054555
2.054693
2.052622
2.047604
2.037391
2.038449
2.042181
2.042232
2.042010
2.039376
2.035491
2.028852
2.025862
2.029482
2.028829
2.028036
2.026436
2.024412
2.021933
2.020417
2.021652
2.022498
2.022585
2.023551
2.024535
2.022009
2.020273
2.019555
2.018119
2.016968
2.015541
2.014218
2.011722
2.009109
2.009231
2.009495
2.009634
2.008672
2.008092
2.006153
2.005546
2.005050
2.004106
2.002598
2.001134
2.002468
2.003835
2.005581
2.005919
2.005516
2.005119
2.007596
2.009825
2.012829
2.014225
2.015708
2.018402
2.021289
2.024449
2.027307
2.029514
2.031968
2.034937
2.038527
2.041812
2.044063
2.045839
2.047852
2.050589
2.053261
2.057479
2.060140
2.061043
2.063096
2.064396
2.065823
2.068038
2.069852
2.071583
2.073187
2.074130
2.074289
2.075632
2.077515
2.078790
2.080500
2.081898
2.081843
2.082615
2.083741
2.084453
2.084270
2.084116
2.085391
2.087325
2.087684
2.087545
2.087138
2.085168
2.086109
2.088165
2.087828
2.087509
2.088442
2.084762
2.083190
2.085134
2.090348
2.090327
2.090723
2.090591
2.084122
2.072614
2.087472
2.091682
2.088991
2.088490
2.091799
2.075799
2.064627
2.087313
2.091820
2.085382
2.079769
2.086269
2.058327
2.049460
2.077497
2.084145
2.067450
2.064135
2.066557
2.030137
2.032259
2.059461
2.077194
2.060075
2.052226
2.040784
2.011071
2.023113
2.040648
2.061361
2.038620
2.025799
2.012218
1.990528
2.003528
2.012209
2.021935
2.005401
1.996683
1.985593
1.964319
1.964178
1.967889
1.975862
1.972125
1.968052
1.952636
1.932061
1.912623
1.927921
1.927767
1.934421
1.927938
1.913260
1.891350
1.878847
1.896631
1.880791
1.900024
1.900165
1.873873
1.853275
1.841519
1.863633
1.870105
1.857219
1.871331
1.848327
1.830245
1.821556
1.832964
1.861679
1.846673
1.862471
1.850889
1.819330
1.807289
1.805841
1.852459
1.865127
1.845687
1.835781
1.810111
1.802956
1.797490
1.825038
1.846609
1.833274
1.827670
1.811984
1.794880
1.785147
1.804588
1.838534
1.835539
1.820254
1.812049
1.799117
1.795965
1.815229
1.840150
1.833185
1.823725
1.823967
1.815773
1.803653
1.807253
1.831999
1.835719
1.830199
1.824893
1.815652
1.811078
1.816488
1.831829
1.832663
1.826879
1.823335
1.821305
1.817297
1.822729
1.832319
1.832088
1.830055
1.829151
1.825590
1.818953
1.820125
1.828386
1.830546
1.831080
1.827205
1.823492
1.821492
1.819618
1.825219
1.829312
1.829755
1.827981
1.827471
1.825806
1.825585
1.830823
1.832369
1.833771
1.835204
1.833999
1.834632
1.835628
1.840516
1.841853
1.847016
1.848837
1.850581
1.850270
1.849049
1.850371
1.857974
1.861058
1.864126
1.862810
1.858158
1.854929
1.865062
1.872787
1.876746
1.880319
1.877590
1.875475
1.875197
1.888751
1.897814
1.902888
1.906123
1.907541
1.901473
1.900736
1.919839
1.931351
1.936336
1.939967
1.936797
1.921468
1.920169
1.942694
1.958281
1.960624
1.957960
1.947179
1.926745
1.926217
1.950697
1.972973
1.974567
1.969595
1.958014
1.943325
1.943104
1.960937
1.989009
1.987569
1.982887
1.969913
1.961966
1.961184
1.978030
2.003960
2.000251
1.998426
1.981608
1.976296
1.980445
2.003371
2.023359
2.020097
2.017160
1.994584
1.994648
2.007457
2.034659
2.045144
2.041332
2.031127
2.015794
2.018899
2.034543
2.057132
2.059448
2.052540
2.046941
2.037463
2.040172
2.057720
2.068811
2.067096
2.064098
2.055910
2.050471
2.057921
2.073833
2.079632
2.074398
2.072755
2.060159
2.059466
2.073577
2.080715
2.083942
2.081448
2.074674
2.065697
2.071347
2.082712
2.087900
2.091051
2.090021
2.078499
2.079023
2.087790
2.092392
2.097173
2.100716
2.095731
2.089177
2.094609
2.098801
2.104314
2.108048
2.109256
2.100446
2.103064
2.104174
2.107751
2.112030
2.116582
2.113556
2.110651
2.113463
2.111156
2.117254
2.120599
2.123036
2.117474
2.119734
2.117227
2.116261
2.121853
2.124829
2.123675
2.120683
2.122395
2.118245
2.117884
2.123933
2.127368
2.126799
2.126968
2.128537
2.123423
2.123925
2.130305
2.134505
2.134919
2.136000
2.136497
2.130586
2.130184
2.135890
2.139661
2.140036
2.140279
2.140616
2.134037
2.132116
2.137530
2.140800
2.141306
2.140976
2.141559
2.135114
2.132136
2.138100
2.141374
2.142009
2.140958
2.142345
2.136737
2.133114
2.139090
2.141875
2.140746
2.138910
2.140664
2.136060
2.132258
2.138512
2.141063
2.138100
2.135529
2.138205
2.135502
2.131811
2.138076
2.140874
2.136077
2.132961
2.136167
2.134767
2.131848
2.137570
2.140275
2.133999
2.129953
2.133151
2.133153
2.132049
2.138024
2.139840
2.131762
2.127347
2.130243
2.131817
2.132061
2.137872
2.138705
2.129123
2.125518
2.128052
2.131563
2.132874
2.138479
2.137625
2.127504
2.124399
2.126805
2.131609
2.132842
2.138065
2.135301
2.124656
2.123466
2.125593
2.129287
2.129533
2.132404
2.126954
2.118165
2.119125
2.123750
2.129834
2.133083
2.134695
2.126883
2.121648
2.121131
2.127542
2.133036
2.136008
2.133617
2.123221
2.121550
2.120535
2.130312
2.134306
2.136114
2.129593
2.119470
2.121407
2.122632
2.133142
2.135499
2.135138
2.123265
2.118968
2.119874
2.127050
2.134509
2.135906
2.131796
2.117633
2.119236
2.119088
2.130806
2.134782
2.134569
2.124968
2.114151
2.116932
2.120103
2.132075
2.133995
2.131255
2.117645
2.113806
2.113860
2.123109
2.132116
2.132576
2.126030
2.111518
2.114030
2.112181
2.125926
2.130891
2.126576
2.113333
2.104991
2.106686
2.110710
2.125622
2.128131
2.123999
2.110711
2.110614
2.105978
2.115712
2.125615
2.126810
2.117004
2.105500
2.108668
2.103669
2.117965
2.124562
2.122027
2.108822
2.106319
2.103463
2.105263
2.119386
2.123396
2.115144
2.103294
2.107949
2.097398
2.108693
2.119471
2.120057
2.107305
2.102666
2.104650
2.096749
2.112408
2.119020
2.115122
2.102682
2.107330
2.099096
2.101373
2.115596
2.118507
2.110286
2.104021
2.110546
2.097333
2.107671
2.117040
2.116749
2.106895
2.109504
2.108045
2.099643
2.112023
2.116157
2.113365
2.106728
2.111933
2.104425
2.103442
2.113890
2.115616
2.111641
2.109461
2.113001
2.103996
2.109098
2.115436
2.115543
2.111358
2.112917
2.111955
2.103900
2.109813
2.111540
2.110749
2.107556
2.108599
2.104341
2.101010
2.107421
2.107748
2.107521
2.108538
2.110354
2.104888
2.106436
2.109839
2.111182
2.111039
2.114093
2.114286
2.109850
2.113224
2.114174
2.114355
2.114732
2.117705
2.116085
2.112340
2.113580
2.112066
2.111716
2.114798
2.117660
2.118062
2.118067
2.120159
2.124251
2.127972
2.131091
2.130631
2.128482
2.127753
2.128564
2.130564
2.132550
2.133668
2.132852
2.132177
2.133428
2.135665
2.137569
2.140476
2.140480
2.140536
2.140736
2.141478
2.143463
2.145489
2.145990
2.146452
2.145967
2.145953
2.147306
2.148398
2.149609
2.149804
2.149954
2.148937
2.149688
2.150359
2.151644
2.152073
2.151740
2.151402
2.151161
2.151892
2.152727
2.153171
2.152914
2.152362
2.152842
2.152615
2.153640
2.153774
2.153947
2.153544
2.153354
2.153661
2.153669
2.154456
2.154739
2.154837
2.154557
2.154137
2.154579
2.154441
2.154877
2.155318
2.155480
2.155410
2.154968
2.154651
2.155170
2.155776
2.155882
2.156307
2.156029
2.155358
2.154115
2.154858
2.155642
2.155566
2.155694
2.156079
2.154723
2.153295
2.155030
2.155955
2.154887
2.155787
2.156181
2.155399
2.149179
2.154978
2.156103
2.154813
2.154510
2.155661
2.155012
2.143441
2.149046
2.155201
2.153680
2.151833
2.153935
2.152532
2.141139
2.134214
2.147825
2.147356
2.138574
2.145329
2.147558
2.141953
2.129112
2.137640
2.148056
2.140610
2.138511
2.150587
2.147480
2.133927
2.126846
2.149177
2.148978
2.134381
2.148597
2.152952
2.135948
2.121122
2.142271
2.153149
2.141150
2.141479
2.152824
2.141067
2.119650
2.131144
2.152030
2.148523
2.139921
2.148533
2.147604
2.118121
2.121117
2.146699
2.148234
2.141076
2.141983
2.144457
2.127797
2.116172
2.139515
2.145678
2.143236
2.142119
2.146225
2.145157
2.131374
2.145001
2.152770
2.152428
2.149749
2.152399
2.153838
2.147003
2.150243
2.156767
2.157241
2.155297
2.156538
2.156888
2.154107
2.152696
2.157375
2.158033
2.157147
2.156365
2.155970
2.155256
2.151952
2.153852
2.155053
2.155278
2.154709
2.155706
2.159156
2.159424
2.160228
2.162580
2.163633
2.162997
2.163253
2.163851
2.163295
2.162697
2.164117
2.164904
2.164329
2.164125
2.164716
2.164197
2.164201
2.164769
2.164602
2.164500
2.164255
2.163901
2.162352
2.162595
2.162836
2.163060
2.162972
2.162994
2.162873
2.161937
2.162396
2.162845
2.163316
2.162623
2.162757
2.163022
2.162197
2.163014
2.163245
2.163453
2.163015
2.162474
2.162810
2.162214
2.162549
2.163144
2.163424
2.162593
2.162208
2.162867
2.162700
2.162837
2.162976
2.163211
2.162635
2.162373
2.163054
2.162786
2.162668
2.163064
2.163553
2.162766
2.162613
2.162436
2.162980
2.162871
2.163277
2.163245
2.162599
2.162841
2.163299
2.163519
2.163472
2.163417
2.163408
2.162784
2.162899
2.163276
2.162893
2.162951
2.162971
2.163256
2.163108
2.162567
2.163084
2.163221
2.163512
2.163969
2.163358
2.163004
2.162998
2.163006
2.163503
2.163034
2.163031
2.163281
2.163005
2.163737
2.163975
2.163774
2.163886
2.163764
2.164280
2.164248
2.163889
2.164147
2.163728
2.163329
2.163052
2.162595
2.162189
2.161729
2.161463
2.161238
2.160161
2.159464
2.159266
2.158102
2.157868
2.157862
2.157120
2.156470
2.155644
2.155298
2.154938
2.154766
2.155670
2.156081
2.156670
2.157589
2.157691
2.158672
2.159466
2.161070
2.162514
2.163493
2.164201
2.164497
2.165427
2.166399
2.166921
2.166888
2.167289
2.167220
2.167428
2.167265
2.166968
2.167093
2.166910
2.167475
2.167692
2.167138
2.166739
2.166786
2.167472
2.167676
2.167479
2.167458
2.167216
2.167382
2.167682
2.167518
2.167952
2.168058
2.168030
2.168053
2.168061
2.167802
2.167948
2.168574
2.168924
2.168758
2.168338
2.168443
2.168465
2.168709
2.168660
2.168460
2.168775
2.168490
2.168679
2.169031
2.168369
2.168863
2.168851
2.168929
2.169166
2.168815
2.169024
2.168528
2.168502
2.168986
2.168683
2.169034
2.168733
2.168549
2.168892
2.168641
2.168313
2.168413
2.168459
2.168926
2.168521
2.168390
2.168413
2.167787
2.168401
2.168238
2.168047
2.168460
2.167389
2.167513
2.167255
2.166597
2.167597
2.166623
2.166068
2.165782
2.164838
2.165821
2.164036
2.163427
2.163273
2.162545
2.163559
2.161086
2.159010
2.158630
2.157620
2.158574
2.156070
2.153854
2.152703
2.151210
2.151714
2.149110
2.147365
2.146373
2.145573
2.146114
2.144125
2.142490
2.142419
2.142186
2.143331
2.143142
2.142027
2.141820
2.141026
2.141496
2.142164
2.141172
2.141534
2.141074
2.140681
2.141465
2.140576
2.140543
2.139848
2.139405
2.140641
2.139928
2.139456
2.138537
2.137896
2.138793
2.137823
2.136967
2.136333
2.135240
2.136008
2.135540
2.134902
2.134254
2.132633
2.131912
2.129879
2.127301
2.125685
2.124200
2.123405
2.121236
2.117039
2.111799
2.108333
2.109799
2.113044
2.114623
2.114897
2.113217
2.111749
2.110355
2.108682
2.108612
2.109410
2.111787
2.115818
2.118806
2.121140
2.123796
2.128590
2.135604
2.140717
2.143568
2.144543
2.144722
2.146365
2.146928
2.147031
2.147571
2.147523
2.148937
2.149670
2.149220
2.149361
2.148576
2.149317
2.151057
2.149950
2.150247
2.149200
2.147893
2.150512
2.149467
2.149904
2.149498
2.145891
2.148930
2.148790
2.147897
2.148265
2.143491
2.145835
2.147569
2.145541
2.147141
2.142157
2.142905
2.146538
2.143608
2.145037
2.142090
2.140943
2.145314
2.141613
2.142825
2.141883
2.139516
2.144421
2.141369
2.141203
2.141731
2.139896
2.144620
2.141907
2.139386
2.142477
2.142014
2.147431
2.145410
2.139700
2.143779
2.143536
2.148782
2.149984
2.141999
2.145399
2.145535
2.149686
2.153154
2.145309
2.144902
2.146733
2.150247
2.155941
2.148120
2.144241
2.148584
2.149529
2.157996
2.153178
2.145786
2.150114
2.148958
2.158220
2.157841
2.148830
2.152771
2.150529
2.157276
2.162311
2.151898
2.152678
2.154237
2.155893
2.164690
2.158152
2.153194
2.158007
2.154844
2.165324
2.163439
2.155305
2.161258
2.156610
2.164950
2.167102
2.158621
2.161941
2.161468
2.164237
2.168326
2.163403
2.161662
2.164478
2.163014
2.166716
2.164862
2.161427
2.164500
2.162672
2.165545
2.165306
2.162513
2.164928
2.164264
2.166065
2.166013
2.164843
2.166381
2.166839
2.167723
2.168451
2.168528
2.169663
2.169904
2.170110
2.170820
2.170816
2.171342
2.171975
2.171821
2.172035
2.172310
2.172210
2.172765
2.172986
2.173478
2.173759
2.173882
2.173948
2.174047
2.174103
2.174088
2.174736
2.174730
2.174670
2.175170
2.175294
2.175171
2.175497
2.175539
2.175797
2.176005
2.175947
2.176022
2.175700
2.175838
2.175624
2.176114
2.176244
2.176108
2.176256
2.175888
2.175718
2.175928
2.175832
2.176229
2.176180
2.176100
2.176150
2.176132
2.176106
2.176384
2.176208
2.176359
2.176442
2.176473
2.176345
2.176028
2.176020
2.176532
2.176420
2.176453
2.176170
2.176219
2.176071
2.176228
2.176493
2.176378
2.176495
2.176718
2.176349
2.176125
2.176267
2.176261
2.176276
2.176557
2.176784
2.176394
2.176100
2.176212
2.175768
2.176331
2.176554
2.176450
2.176452
2.176303
2.176589
2.176555
2.176440
2.176789
2.176801
2.176718
2.176598
2.176415
2.176197
2.176043
2.176246
2.176339
2.176369
2.176729
2.176627
2.176615
2.176468
2.176394
2.176368
2.176444
2.176489
2.177066
2.176509
2.176442
2.176244
2.176276
2.176511
2.176715
2.176678
2.176496
2.176613
2.176234
2.176054
2.176131
2.176117
2.176148
2.176716
2.176439
2.176478
2.176069
2.175604
2.176023
2.176027
2.176404
2.176442
2.176218
2.176065
2.175403
2.175879
2.175700
2.175878
2.176145
2.175953
2.175888
2.175248
2.175317
2.175558
2.175423
2.175856
2.175599
2.175370
2.174755
2.175051
2.175273
2.175568
2.175812
2.176191
2.175771
2.175827
2.175761
2.175888
2.175962
2.176161
2.176464
2.176585
2.175981
2.176360
2.176241
2.176095
2.176798
2.176819
2.176841
2.176554
2.176481
2.176691
2.176365
2.176657
2.176512
2.176469
2.176576
2.176516
2.176396
2.176052
2.176594
2.176498
2.176817
2.176800
2.176726
2.176601
2.176356
2.176771
2.176569
2.176282
2.176419
2.176674
2.176744
2.176448
2.176473
2.176590
2.176202
2.176002
2.176360
2.176471
2.176413
2.176117
2.176455
2.176036
2.175810
2.176148
2.176635
2.176155
2.176068
2.176065
2.176096
2.175846
2.175836
2.176203
2.175752
2.175913
2.175893
2.175973
2.175555
2.175624
2.175819
2.175664
2.175487
2.175294
2.175278
2.175157
2.175146
2.175380
2.175254
2.175305
2.175053
2.175105
2.175193
2.175078
2.175412
2.175336
2.175080
2.174981
2.174624
2.174576
2.174273
2.174078
2.173712
2.173637
2.173452
2.173414
2.173648
2.173750
2.174204
2.174445
2.174928
2.175061
2.174967
2.175083
2.175514
2.175866
2.175645
2.175772
2.175764
2.175595
2.175706
2.175854
2.176464
2.176443
2.176608
2.176709
2.176377
2.176383
2.176637
2.177217
2.177132
2.177107
2.177380
2.177511
2.177498
2.177224
2.177770
2.177637
2.177867
2.177574
2.177253
2.177227
2.177024
2.177733
2.178295
2.178077
2.178376
2.178156
2.178299
2.178386
2.178435
2.178581
2.178423
2.178393
2.178360
2.178165
2.178222
2.178096
2.178245
2.178207
2.178650
2.178137
2.178077
2.178116
2.178135
2.177922
2.177944
2.178407
2.178254
2.177672
2.177894
2.178040
2.177742
2.177471
2.177757
2.177712
2.176279
2.176401
2.177256
2.176819
2.175580
2.176014
2.176419
2.175998
2.174647
2.175475
2.176760
2.174559
2.174330
2.174678
2.174869
2.173197
2.172810
2.173963
2.174452
2.173338
2.172999
2.172895
2.173257
2.173179
2.172508
2.173326
2.173458
2.172789
2.172337
2.172552
2.173553
2.173285
2.172316
2.173302
2.173560
2.172666
2.172296
2.173075
2.173687
2.173366
2.172989
2.173759
2.173621
2.173290
2.173404
2.173840
2.173927
2.174096
2.174088
2.174582
2.174567
2.174765
2.174907
2.175401
2.175654
2.175243
2.175255
2.175575
2.175907
2.175799
2.176077
2.176182
2.175822
2.175936
2.176379
2.176933
2.176799
2.176625
2.176746
2.176605
2.176582
2.176667
2.176968
2.176703
2.176552
2.176582
2.176315
2.175986
2.175758
2.176273
2.176388
2.176458
2.176259
2.175919
2.176009
2.176499
2.176973
2.176839
2.177006
2.177083
2.176903
2.176772
2.177370
2.177101
2.176799
2.177206
2.177289
2.177132
2.177151
2.177709
2.177695
2.177629
2.178047
2.177792
2.177494
2.177781
2.178366
2.178268
2.178324
2.178454
2.178367
2.178532
2.178307
2.178975
2.178810
2.178830
2.179231
2.179036
2.179129
2.179359
2.179875
2.179806
2.180032
2.180252
2.180049
2.180158
2.180510
2.180670
2.180560
2.180561
2.180554
2.180434
2.180727
2.180989
2.181149
2.180827
2.181249
2.181585
2.181215
2.181586
2.181800
2.182046
2.182071
2.182365
2.182570
2.182122
2.182437
2.182821
2.182820
2.182810
2.182727
2.182873
2.182385
2.182644
2.182479
2.182688
2.182884
2.183256
2.183352
2.182950
2.183128
2.183136
2.183085
2.183317
2.183149
2.183180
2.183174
2.183108
2.183456
2.183241
2.183228
2.183363
2.183262
2.183075
2.183267
2.183560
2.183316
2.183453
2.183850
2.183418
2.183451
2.183572
2.183567
2.183346
2.183568
2.183654
2.183467
2.183353
2.183475
2.183649
2.183265
2.183232
2.183228
2.183207
2.183372
2.183157
2.183214
2.183372
2.183583
2.183460
2.183204
2.183174
2.183343
2.183292
2.183468
2.183546
2.183335
2.183083
2.183154
2.183589
2.183316
2.183293
2.183436
2.183292
2.183068
2.183165
2.183344
2.183328
2.183402
2.183427
2.183049
2.183048
2.183465
2.183759
2.183748
2.183630
2.183667
2.183203
2.183107
2.183027
2.183397
2.183312
2.183458
2.183525
2.183003
2.182879
2.183230
2.183246
2.183291
2.183334
2.183491
2.183172
2.183048
2.183019
2.183034
2.182851
2.183134
2.183135
2.183135
2.182708
2.182714
2.183043
2.182863
2.182945
2.182925
2.182614
2.182444
2.182581
2.182902
2.182643
2.182699
2.182478
2.182801
2.182658
2.182411
2.182600
2.182619
2.182456
2.182533
2.182519
2.182386
2.182320
2.182438
2.182415
2.182111
2.182041
2.182102
2.182052
2.182367
2.182062
2.181985
2.181931
2.181975
2.181857
2.182032
2.182007
2.182021
2.181998
2.181835
2.181759
2.181690
2.181737
2.181761
2.181916
2.181531
2.181633
2.181808
2.181483
2.181805
2.181957
2.181843
2.181695
2.181406
2.181258
2.181240
2.181596
2.181635
2.181443
2.181416
2.181281
2.181129
2.180971
2.181402
2.181515
2.181401
2.181212
2.181157
2.180809
2.181197
2.181294
2.181386
2.181150
2.181225
2.180988
2.180747
2.181082
2.181086
2.181020
2.180918
2.180978
2.181039
2.180893
2.180979
2.181100
2.180911
2.180827
2.181120
2.180911
2.180772
2.180698
2.180693
2.180652
2.180626
2.180589
2.180540
2.180637
2.180712
2.180644
2.180689
2.180553
2.180443
2.180439
2.180544
2.180383
2.180657
2.180625
2.180544
2.180438
2.180843
2.180786
2.180766
2.180446
2.180761
2.180419
2.180448
2.180347
2.180448
2.180686
2.180513
2.180315
2.180493
2.180235
2.180467
2.180764
2.180706
2.180353
2.180381
2.180284
2.180255
2.180082
2.180336
2.180445
2.180430
2.180399
2.180506
2.180396
2.180573
2.180545
2.180510
2.180650
2.180659
2.180510
2.180304
2.180226
2.180066
2.179772
2.179989
2.180021
2.180100
2.179883
2.180127
2.180052
2.180133
2.180095
2.180375
2.180191
2.180008
2.180085
2.180119
2.180244
2.180032
2.180159
2.180307
2.180188
2.180117
2.179911
2.179883
2.179704
2.179698
2.179911
2.179925
2.179691
2.179577
2.179595
2.179595
2.179237
2.179256
2.179281
2.179300
2.179075
2.179033
2.179287
2.179134
2.178864
2.178956
2.179154
2.178895
2.178679
2.178845
2.179179
2.178901
2.179049
2.178875
2.178852
2.178673
2.178680
2.178847
2.178507
2.178183
2.178235
2.178065
2.177754
2.177390
2.177444
2.177302
2.176832
2.176843
2.177112
2.176822
2.176554
2.176830
2.176906
2.176649
2.176648
2.177207
2.177079
2.177089
2.177051
2.176987
2.177084
2.177071
2.176988
2.177175
2.176894
2.176628
2.176873
2.176824
2.176563
2.176687
2.176497
2.177001
2.176862
2.176926
2.176890
2.176384
2.177109
2.176950
2.176922
2.176952
2.177225
2.177332
2.176899
2.176952
2.176878
2.176701
2.177114
2.177199
2.176873
2.176611
2.176673
2.177310
2.176682
2.176431
2.176771
2.176644
2.176922
2.176752
2.176781
2.176475
2.176474
2.177272
2.176977
2.176687
2.176369
2.176903
2.177138
2.176677
2.176536
2.176766
2.176908
2.177085
2.176964
2.176900
2.176571
2.177173
2.177229
2.176975
2.176397
2.176560
2.176862
2.176706
2.176325
2.176027
2.175787
2.176337
2.176350
2.176054
2.175770
2.175806
2.176369
2.176037
2.175730
2.175899
2.175857
2.176247
2.176016
2.175688
2.175521
2.175742
2.176288
2.176090
2.175822
2.175306
2.175514
2.175828
2.175323
2.175082
2.175068
2.175265
2.175160
2.174847
2.174473
2.174231
2.174320
2.174698
2.174586
2.174244
2.173911
2.174219
2.174422
2.174000
2.173499
2.173854
2.173924
2.173902
2.173346
2.173479
2.173577
2.173772
2.174025
2.173892
2.173574
2.173516
2.174011
2.174029
2.173203
2.173244
2.173226
2.173933
2.174125
2.173523
2.173724
2.173697
2.173625
2.174315
2.174302
2.174397
2.174059
2.174712
2.174709
2.173957
2.174072
2.174214
2.174803
2.174306
2.174017
2.173811
2.173354
2.173713
2.174036
2.174214
2.173737
2.173748
2.173995
2.173260
2.173056
2.173246
2.173850
2.173627
2.173802
2.173148
2.172378
2.172275
2.173079
2.173746
2.172937
2.172589
2.172492
2.171910
2.171758
2.171962
2.172454
2.172444
2.172515
2.172620
2.171614
2.171081
2.171471
2.172319
2.172246
2.171606
2.171530
2.171047
2.170472
2.170977
2.171341
2.171453
2.171065
2.170761
2.170817
2.170269
2.170426
2.170866
2.170776
2.170927
2.170358
2.170066
2.169884
2.169927
2.170586
2.170766
2.170646
2.170124
2.169894
2.169967
2.169612
2.169886
2.169918
2.169945
2.169695
2.169313
2.169132
2.168862
2.169128
2.169637
2.169507
2.169083
2.168766
2.168394
2.168389
2.168661
2.169463
2.169112
2.169075
2.168951
2.168466
2.168307
2.168788
2.169567
2.169725
2.169601
2.169231
2.168347
2.167371
2.168668
2.169684
2.169813
2.169675
2.169210
2.168368
2.166333
2.168204
2.169926
2.170460
2.170624
2.170161
2.169268
2.166562
2.167568
2.171104
2.171794
2.171983
2.171635
2.171021
2.167798
2.167472
2.170674
2.172132
2.172490
2.172386
2.171770
2.169783
2.168095
2.169762
2.172052
2.172428
2.172506
2.171937
2.170984
2.169576
2.170061
2.171677
2.172294
2.172521
2.172218
2.171845
2.170464
2.170610
2.171311
2.172182
2.172347
2.172215
2.171955
2.170646
2.170144
2.171339
2.172055
2.172360
2.172341
2.172331
2.171969
2.171103
2.171713
2.171757
2.172170
2.172247
2.172194
2.172284
2.172045
2.172018
2.172527
2.172166
2.172363
2.172431
2.172440
2.172682
2.172459
2.172600
2.172193
2.172385
2.172332
2.172319
2.172428
2.172435
2.172229
2.171754
2.172089
2.172093
2.172118
2.172183
2.172443
2.172294
2.171988
2.172195
2.171844
2.172227
2.172096
2.172505
2.172392
2.172000
2.171955
2.172304
2.172340
2.171992
2.172147
2.172419
2.172148
2.172170
2.172173
2.172050
2.171940
2.171720
2.171947
2.171972
2.171761
2.171708
2.172065
2.172032
2.171555
2.171579
2.172044
2.171739
2.171605
2.171924
2.172006
2.171795
2.171489
2.171857
2.171946
2.171682
2.171448
2.171950
2.171889
2.171749
2.171846
2.172287
2.172055
2.171988
2.171925
2.172319
2.171631
2.171428
2.172237
2.172281
2.171921
2.171840
2.171971
2.172055
2.171670
2.171857
2.172379
2.172511
2.172192
2.171957
2.172076
2.171571
2.171946
2.172372
2.172408
2.172015
2.171851
2.172070
2.172136
2.171698
2.172198
2.172406
2.172147
2.171894
2.171797
2.172244
2.171758
2.171719
2.172019
2.172143
2.172114
2.171801
2.172068
2.172249
2.171874
2.172097
2.172233
2.172237
2.172131
2.172009
2.172382
2.172052
2.172038
2.172084
2.172022
2.172095
2.171981
2.172211
2.172083
2.171654
2.171924
2.172248
2.172263
2.171997
2.172098
2.172155
2.171578
2.171701
2.171957
2.172086
2.172124
2.171927
2.172315
2.172014
2.171584
2.171808
2.172214
2.172146
2.172019
2.172084
2.171565
2.171155
2.171522
2.171610
2.171707
2.171416
2.171515
2.171148
2.171035
2.171082
2.171466
2.171561
2.171392
2.171319
2.171129
2.170823
2.171031
2.171169
2.171062
2.170999
2.170735
2.170858
2.170681
2.170791
2.171059
2.170603
2.170371
2.170233
2.170276
2.170116
2.170392
2.170755
2.170375
2.169837
2.169399
2.169474
2.169710
2.169977
2.170307
2.169824
2.169172
2.168907
2.168786
2.169436
2.169595
2.169462
2.169054
2.168517
2.168149
2.168241
2.168878
2.169081
2.168785
2.168400
2.167966
2.167394
2.167785
2.168562
2.168801
2.168503
2.167743
2.167398
2.166973
2.167373
2.167621
2.167732
2.167478
2.167121
2.166914
2.166332
2.166725
2.167143
2.167013
2.166542
2.166255
2.165896
2.165232
2.165877
2.166025
2.165675
2.165480
2.165164
2.165011
2.164534
2.164987
2.165328
2.165269
2.164701
2.164489
2.164318
2.163625
2.164110
2.164502
2.164599
2.163890
2.163717
2.163541
2.163298
2.163810
2.163888
2.163552
2.163149
2.162818
2.162784
2.162590
2.162939
2.162988
2.162758
2.162570
2.162317
2.162087
2.162010
2.162486
2.162510
2.162092
2.162283
2.162211
2.161881
2.162022
2.161900
2.162273
2.161122
2.161552
2.161881
2.161255
2.161447
2.161462
2.161843
2.160497
2.160563
2.161170
2.160909
2.160850
2.160954
2.161390
2.160171
2.158991
2.160463
2.160642
2.160516
2.160512
2.160566
2.159531
2.157518
2.159432
2.160150
2.159473
2.159730
2.159663
2.158655
2.156206
2.158219
2.158557
2.158478
2.158151
2.158645
2.158392
2.155328
2.156862
2.157404
2.157176
2.156195
2.157337
2.157001
2.154884
2.154697
2.156574
2.155596
2.153573
2.155584
2.154896
2.153504
2.152524
2.154985
2.154201
2.151722
2.153339
2.152894
2.152031
2.150141
2.152238
2.152407
2.149210
2.150412
2.150534
2.149678
2.147722
2.149580
2.151300
2.148125
2.147623
2.149221
2.148521
2.147663
2.149713
2.151682
2.148383
2.146414
2.149493
2.148581
2.148177
2.150249
2.152730
2.149042
2.145708
2.149364
2.147757
2.147723
2.149932
2.152415
2.149011
2.144785
2.148262
2.146666
2.146571
2.148396
2.151037
2.148765
2.143802
2.146947
2.146425
2.145413
2.147105
2.149879
2.148529
2.143707
2.145300
2.145815
2.144557
2.145451
2.148249
2.148414
2.143984
2.144786
2.146630
2.144333
2.143387
2.146488
2.147213
2.144375
2.144387
2.145935
2.143734
2.140699
2.143028
2.145095
2.143296
2.143016
2.143514
2.142047
2.137408
2.139425
2.142091
2.141593
2.140692
2.141520
2.141159
2.135836
2.136900
2.140422
2.140453
2.139242
2.139899
2.139788
2.134849
2.135789
2.139203
2.138781
2.136391
2.136886
2.136716
2.133536
2.135481
2.138607
2.137294
2.133171
2.133317
2.133523
2.132582
2.136838
2.140021
2.138531
2.133510
2.133430
2.134411
2.133619
2.138438
2.142414
2.141206
2.136924
2.134821
2.135662
2.135411
2.139685
2.144411
2.143384
2.139567
2.135383
2.136440
2.136649
2.140465
2.145404
2.145478
2.141542
2.135943
2.137865
2.137952
2.142227
2.146554
2.146684
2.143333
2.137968
2.139680
2.140068
2.142529
2.146241
2.146092
2.144057
2.138647
2.138653
2.140239
2.141699
2.144470
2.145305
2.144561
2.140724
2.139285
2.141359
2.142681
2.144310
2.145523
2.145882
2.143789
2.141321
2.144187
2.146468
2.146836
2.147623
2.148250
2.147163
2.144963
2.145929
2.148507
2.149005
2.148502
2.149105
2.148505
2.146546
2.145652
2.148598
2.150002
2.149122
2.149507
2.149246
2.148297
2.145294
2.147928
2.149739
2.148923
2.148638
2.148662
2.147673
2.143753
2.145756
2.147927
2.147975
2.147955
2.148104
2.147403
2.143780
2.145214
2.147411
2.148475
2.148170
2.148624
2.147450
2.143694
2.144987
2.146965
2.148752
2.148572
2.149006
2.147610
2.143609
2.145247
2.146887
2.148939
2.149236
2.149557
2.147820
2.143500
2.145977
2.147393
2.149578
2.150187
2.150354
2.148055
2.144505
2.147567
2.148769
2.151385
2.152133
2.152796
2.150190
2.147462
2.150571
2.151377
2.153995
2.154371
2.154596
2.151255
2.148998
2.152013
2.152549
2.154895
2.155564
2.155281
2.151511
2.149687
2.152525
2.152683
2.155038
2.155827
2.155342
2.151583
2.149453
2.152466
2.152681
2.154738
2.155485
2.155128
2.150496
2.148739
2.151852
2.151911
2.153747
2.154669
2.154325
2.150000
2.146785
2.150186
2.150112
2.150922
2.151881
2.151616
2.148567
2.143610
2.146309
2.146479
2.148136
2.148247
2.148618
2.148024
2.144032
2.143889
2.145882
2.147744
2.146896
2.146835
2.148060
2.145696
2.143767
2.147385
2.149833
2.149861
2.148693
2.149740
2.150645
2.149350
2.151269
2.152770
2.152612
2.150811
2.150232
2.152725
2.153070
2.152952
2.153965
2.154557
2.152238
2.150387
2.152910
2.154480
2.153736
2.153371
2.153991
2.152594
2.150210
2.152030
2.153312
2.153618
2.152207
2.152730
2.152475
2.150869
2.151830
2.152336
2.152913
2.151629
2.151394
2.151497
2.151186
2.151868
2.152019
2.152616
2.152131
2.151648
2.152331
2.152297
2.152993
2.152560
2.152966
2.152782
2.152062
2.152410
2.152391
2.152869
2.152979
2.152938
2.153159
2.152104
2.152526
2.152485
2.152571
2.152810
2.152525
2.153089
2.152263
2.152491
2.152537
2.152498
2.152972
2.152571
2.152891
2.152675
2.152372
2.152464
2.152659
2.152949
2.152860
2.153356
2.153235
2.152567
2.152796
2.152767
2.152789
2.153237
2.153034
2.153213
2.152647
2.152593
2.152466
2.152443
2.152955
2.152761
2.152914
2.152475
2.152280
2.152342
2.152026
2.152838
2.152655
2.152529
2.152511
2.152248
2.152404
2.152121
2.152779
2.152695
2.152675
2.152803
2.152826
2.152938
2.152770
2.153390
2.153271
2.153366
2.153430
2.153043
2.153146
2.153258
2.153444
2.153555
2.153589
2.153463
2.153025
2.153567
2.153661
2.153524
2.153618
2.153418
2.153445
2.153255
2.153469
2.153847
2.153733
2.154167
2.153948
2.153896
2.153813
2.153850
2.154146
2.153895
2.154348
2.153996
2.153857
2.153834
2.153543
2.154145
2.154416
2.154370
2.154209
2.154053
2.154202
2.153952
2.154356
2.154313
2.154667
2.154615
2.153912
2.154161
2.154071
2.154511
2.154512
2.154533
2.154806
2.154423
2.154473
2.154332
2.154441
2.154915
2.154734
2.154760
2.154887
2.154580
2.154465
2.154411
2.154799
2.154757
2.155004
2.154890
2.154551
2.154441
2.154187
2.154529
2.154630
2.154798
2.154860
2.154743
2.154465
2.154199
2.154327
2.154645
2.154525
2.154765
2.154658
2.154346
2.154324
2.154025
2.154554
2.154199
2.154351
2.154216
2.154140
2.154521
2.153802
2.154324
2.154292
2.154465
2.154538
2.154325
2.154338
2.154233
2.153905
2.153954
2.153854
2.154103
2.153758
2.153805
2.153577
2.153536
2.153406
2.152828
2.152976
2.152923
2.152902
2.152684
2.152193
2.152489
2.151818
2.151793
2.152211
2.152405
2.152234
2.151399
2.151809
2.150998
2.150500
2.150993
2.151025
2.151037
2.150246
2.150427
2.149581
2.148477
2.149410
2.149607
2.149601
2.149360
2.148684
2.148136
2.146298
2.147317
2.147666
2.147501
2.147183
2.146884
2.146084
2.142915
2.144147
2.144981
2.144521
2.144071
2.143533
2.143116
2.138957
2.139979
2.140722
2.140039
2.138689
2.138355
2.137681
2.133417
2.133780
2.134604
2.133610
2.132102
2.131418
2.130947
2.126961
2.125402
2.127883
2.126563
2.124448
2.123646
2.122932
2.119274
2.113000
2.117941
2.117139
2.114596
2.112832
2.111775
2.106941
2.096031
2.102308
2.105496
2.102969
2.101672
2.101436
2.096244
2.084534
2.094448
2.098391
2.097009
2.095928
2.096376
2.090329
2.081884
2.093747
2.090882
2.086724
2.083030
2.081003
2.078570
2.076254
2.078518
2.076064
2.073371
2.072437
2.072407
2.074348
2.075750
2.076825
2.076856
2.075787
2.074776
2.074707
2.077442
2.078800
2.079643
2.079808
2.078860
2.077383
2.077833
2.080610
2.083155
2.084962
2.086117
2.085223
2.082910
2.084892
2.089820
2.094887
2.097090
2.098203
2.095601
2.091442
2.094828
2.099087
2.103556
2.104973
2.104986
2.098902
2.098824
2.101610
2.105961
2.110586
2.111996
2.110330
2.103856
2.105945
2.108068
2.114944
2.119012
2.120123
2.116722
2.112799
2.114314
2.118673
2.125878
2.128323
2.129650
2.127185
2.127659
2.127874
2.132329
2.138549
2.140661
2.142495
2.142686
2.142466
2.146018
2.147991
2.152511
2.153758
2.155030
2.155522
2.154809
2.156359
2.156098
2.157440
2.157258
2.157226
2.157329
2.156721
2.156811
2.156725
2.156718
2.155928
2.155057
2.154190
2.153504
2.152511
2.151600
2.150874
2.150304
2.149802
2.149501
2.149839
2.150227
2.151317
2.151991
2.152570
2.152957
2.152918
2.153083
2.153492
2.153822
2.154339
2.154967
2.155220
2.155628
2.155840
2.156066
2.156497
2.156382
2.156321
2.156079
2.155850
2.155839
2.155640
2.155546
2.155685
2.155842
2.155743
2.155899
2.155840
2.155757
2.155725
2.155810
2.155915
2.155989
2.156073
2.155727
2.155812
2.155928
2.156010
2.156029
2.156043
2.156085
2.155946
2.155917
2.155947
2.155868
2.155958
2.156069
2.155997
2.155938
2.155991
2.156081
2.156310
2.156160
2.156557
2.156358
2.156085
2.156124
2.156426
2.156492
2.156745
2.156658
2.156814
2.156522
2.156824
2.156564
2.156582
2.156726
2.156625
2.156534
2.156470
2.156363
2.156363
2.156194
2.156100
2.156477
2.156247
2.155904
2.155960
2.156137
2.155999
2.155960
2.156149
2.156143
2.155864
2.155778
2.155806
2.155693
2.155246
2.155536
2.155398
2.154993
2.154996
2.154981
2.154583
2.153901
2.153621
2.152911
2.152591
2.152216
2.152061
2.152112
2.151838
2.151949
2.151767
2.151873
2.151789
2.151906
2.152231
2.152455
2.152547
2.152990
2.153105
2.153196
2.153257
2.153986
2.154183
2.154590
2.155224
2.155260
2.155989
2.156122
2.156578
2.157360
2.158145
2.158276
2.158524
2.158718
2.158703
2.159002
2.159660
2.160048
2.160221
2.160141
2.160061
2.159798
2.159632
2.160150
2.160220
2.160408
2.160476
2.160168
2.160062
2.159770
2.160403
2.160642
2.160540
2.160735
2.160573
2.160418
2.159836
2.160393
2.160549
2.160776
2.160774
2.160732
2.160825
2.160085
2.160589
2.160919
2.160942
2.160951
2.161145
2.161028
2.160332
2.160794
2.161326
2.161308
2.161416
2.161282
2.161125
2.160109
2.160382
2.161393
2.161348
2.161672
2.161768
2.161455
2.160208
2.160343
2.161604
2.161607
2.161748
2.161647
2.161543
2.160257
2.160206
2.161602
2.161800
2.161859
2.161837
2.161472
2.160251
2.160547
2.161371
2.161850
2.161887
2.161889
2.161744
2.159916
2.161004
2.161632
2.161248
2.161963
2.161682
2.161421
2.160229
2.161381
2.161763
2.161349
2.161896
2.161627
2.161261
2.160274
2.161507
2.161724
2.161369
2.161776
2.161767
2.161467
2.160718
2.161512
2.161888
2.161482
2.161552
2.161812
2.161546
2.161050
2.161308
2.161622
2.161539
2.161540
2.161685
2.161344
2.161286
2.161256
2.161588
2.161175
2.161202
2.161487
2.161242
2.161266
2.161308
2.161379
2.161395
2.161522
2.161576
2.161375
2.161490
2.161619
2.161911
2.162102
2.161921
2.161942
2.161908
2.161613
2.162108
2.161922
2.161895
2.161785
2.161883
2.161891
2.162040
2.161690
2.161962
2.161861
2.161848
2.162153
2.161826
2.161807
2.161946
2.162488
2.161971
2.161978
2.161949
2.161855
2.161973
2.162182
2.162227
2.162060
2.161885
2.161978
2.162060
2.161769
2.161818
2.161878
2.161800
2.161881
2.161932
2.161958
2.162114
2.161772
2.162061
2.162075
2.162051
2.161706
2.161558
2.161671
2.161499
2.161773
2.161576
2.161658
2.161702
2.161496
2.161430
2.161395
2.161527
2.161639
2.161785
2.161337
2.161511
2.161515
2.161634
2.161927
2.161739
2.161849
2.161844
2.161693
2.161709
2.161618
2.161672
2.161791
2.161601
2.161700
2.161371
2.161455
2.161616
2.161808
2.161485
2.161192
2.161129
2.161058
2.161232
2.161203
2.161313
2.161270
2.161145
2.161044
2.161353
2.161290
2.161480
2.161267
2.161210
2.161300
2.161156
2.161159
2.161096
2.161214
2.161259
2.161167
2.160875
2.160693
2.160797
2.160707
2.160690
2.160562
2.160692
2.160717
2.160427
2.160348
2.160157
2.159913
2.159684
2.159526
2.159133
2.157665
2.155706
2.154063
2.152696
2.152718
2.152430
2.151921
2.151235
2.150511
2.149792
2.148556
2.148911
2.148846
2.148604
2.148584
2.148610
2.147999
2.145985
2.147236
2.147523
2.146269
2.146907
2.146540
2.145664
2.141448
2.143221
2.144818
2.142572
2.144274
2.144656
2.143462
2.138036
2.135864
2.139274
2.137534
2.141089
2.143092
2.142696
2.138779
2.130033
2.131154
2.131904
2.140124
2.145130
2.146270
2.145173
2.136724
2.128962
2.134003
2.143471
2.151000
2.153222
2.153015
2.146595
2.134615
2.134348
2.145385
2.152703
2.155630
2.156233
2.154748
2.142202
2.134074
2.144760
2.152575
2.154956
2.155956
2.155898
2.150097
2.135426
2.142021
2.151309
2.154301
2.155063
2.156029
2.155472
2.141065
2.138444
2.150883
2.154972
2.154079
2.155778
2.156769
2.151262
2.138735
2.150417
2.155349
2.154201
2.155321
2.156528
2.155887
2.146365
2.149568
2.155287
2.155042
2.155222
2.155779
2.156341
2.153863
2.152236
2.155184
2.155083
2.155106
2.155240
2.155370
2.155295
2.153436
2.154421
2.154887
2.154793
2.154619
2.154640
2.154851
2.154440
2.153835
2.154108
2.154241
2.153718
2.153621
2.153773
2.153647
2.152981
2.153289
2.153206
2.152832
2.152584
2.152699
2.152713
2.152098
2.152215
2.152050
2.151667
2.151259
2.151049
2.151197
2.150428
2.149974
2.150240
2.149718
2.149393
2.148997
2.148604
2.147987
2.147434
2.147443
2.147138
2.146705
2.146578
2.146459
2.146002
2.145427
2.145767
2.145463
2.145360
2.144982
2.144467
2.143067
2.141576
2.141551
2.140241
2.138755
2.137132
2.135934
2.132558
2.123740
2.129863
2.131621
2.129775
2.128842
2.128105
2.123659
2.100936
2.108827
2.122159
2.121832
2.120787
2.122164
2.116577
2.087837
2.093726
2.114112
2.120993
2.118035
2.125059
2.121908
2.098370
2.102728
2.115053
2.123631
2.116681
2.122908
2.123498
2.106853
2.106203
2.118165
2.126823
2.117962
2.122208
2.127538
2.116606
2.110342
2.121161
2.130354
2.120525
2.119868
2.129232
2.123746
2.116162
2.122493
2.132299
2.124466
2.119568
2.129930
2.130201
2.128639
2.134026
2.134833
2.131865
2.123294
2.130334
2.135319
2.138606
2.143297
2.140867
2.138589
2.128636
2.132440
2.139198
2.141703
2.143232
2.142549
2.140778
2.133645
2.135871
2.142032
2.145441
2.147824
2.149965
2.151403
2.148330
2.146130
2.152088
2.153506
2.154353
2.154997
2.155009
2.154558
2.152480
2.154774
2.155607
2.155409
2.155786
2.155610
2.155491
2.154298
2.154804
2.155537
2.155472
2.155880
2.155656
2.155622
2.154965
2.154852
2.155609
2.155663
2.155460
2.155464
2.155274
2.154574
2.152808
2.154889
2.155353
2.155398
2.155151
2.154991
2.154074
2.149617
2.153650
2.155161
2.154760
2.155013
2.154664
2.153464
2.147602
2.152619
2.155009
2.154958
2.155165
2.154574
2.152368
2.144390
2.150653
2.154791
2.155088
2.154326
2.154213
2.151223
2.141734
2.150070
2.154507
2.154914
2.153262
2.153591
2.149817
2.140626
2.150901
2.154310
2.154079
2.151675
2.152495
2.147167
2.139719
2.151066
2.153853
2.152379
2.149529
2.150278
2.141583
2.136543
2.148944
2.152023
2.149170
2.147658
2.146631
2.134361
2.132813
2.145192
2.148260
2.144944
2.144496
2.141166
2.126470
2.127192
2.139476
2.143810
2.141174
2.142118
2.138948
2.124183
2.124634
2.137588
2.142084
2.139471
2.139155
2.139019
2.125420
2.122555
2.135784
2.141483
2.139080
2.136992
2.141540
2.129180
2.122526
2.135595
2.142293
2.140650
2.135894
2.142581
2.128960
2.119523
2.132528
2.140102
2.140098
2.134617
2.141077
2.129440
2.119384
2.131570
2.139457
2.139930
2.133827
2.139377
2.131037
2.121055
2.131144
2.140551
2.140863
2.133928
2.138383
2.134104
2.124700
2.131480
2.143052
2.144160
2.135940
2.136251
2.141246
2.134499
2.135941
2.146488
2.147886
2.141388
2.135434
2.145819
2.145103
2.144331
2.148703
2.149583
2.147259
2.140800
2.147268
2.147864
2.146737
2.148326
2.148852
2.148156
2.144615
2.147166
2.148091
2.147713
2.148439
2.148579
2.148983
2.148014
2.148477
2.149019
2.149714
2.150112
2.150242
2.150589
2.150489
2.150443
2.150593
2.150922
2.151352
2.150924
2.151113
2.150941
2.150679
2.150217
2.150179
2.150524
2.150236
2.150252
2.150325
2.149971
2.149644
2.149720
2.150216
2.149882
2.149751
2.150165
2.150544
2.150072
2.150028
2.150425
2.150372
2.150278
2.150476
2.150490
2.150350
2.150286
2.150571
2.150807
2.150413
2.150873
2.151000
2.150966
2.150646
2.150756
2.151016
2.150828
2.150771
2.151015
2.151012
2.150875
2.150992
2.151186
2.151287
2.151016
2.151126
2.151484
2.151324
2.151085
2.151421
2.151026
2.150984
2.151126
2.151348
2.150820
2.150558
2.150530
2.150355
2.149757
2.149636
2.149438
2.149098
2.148327
2.148039
2.147417
2.146691
2.145994
2.145585
2.144881
2.143794
2.143103
2.142158
2.140520
2.139216
2.138022
2.136546
2.134495
2.132952
2.131143
2.128614
2.126488
2.124347
2.122151
2.119342
2.116995
2.114983
2.112179
2.109336
2.106797
2.104430
2.101488
2.099099
2.097217
2.094595
2.092379
2.090452
2.089044
2.087456
2.085862
2.085350
2.084616
2.083669
2.083789
2.084332
2.084705
2.085024
2.085743
2.086117
2.086444
2.087197
2.088510
2.089725
2.090533
2.091634
2.092783
2.093527
2.094985
2.096400
2.098501
2.099414
2.100973
2.102471
2.103665
2.104772
2.106348
2.108008
2.109191
2.110589
2.111881
2.112900
2.113667
2.115146
2.116688
2.117839
2.118670
2.119691
2.120632
2.121086
2.121773
2.122548
2.123195
2.123781
2.124308
2.125122
2.125582
2.126050
2.127132
2.127892
2.128006
2.128481
2.129384
2.129196
2.129928
2.130541
2.131003
2.130889
2.131268
2.131737
2.131923
2.132288
2.132648
2.133197
2.132882
2.132911
2.133158
2.133375
2.133234
2.133370
2.133682
2.133207
2.133047
2.133201
2.133188
2.132822
2.132803
2.133090
2.132707
2.132194
2.131901
2.131722
2.131307
2.131162
2.131081
2.130232
2.130209
2.130321
2.130084
2.129916
2.129999
2.130712
2.130882
2.131119
2.131798
2.132323
2.132488
2.132643
2.133587
2.133833
2.134286
2.134154
2.134045
2.133775
2.133682
2.134023
2.133867
2.133109
2.133511
2.133552
2.133154
2.132816
2.132876
2.132672
2.131922
2.131178
2.131166
2.130757
2.130405
2.130291
2.129773
2.129278
2.129059
2.128884
2.128549
2.128334
2.128393
2.128260
2.127990
2.127555
2.127713
2.127500
2.127420
2.127635
2.127951
2.127460
2.127464
2.127542
2.127667
2.127518
2.127885
2.128173
2.127926
2.128168
2.128425
2.128342
2.128557
2.128992
2.129290
2.129405
2.129474
2.129800
2.130291
2.130379
2.130712
2.131406
2.131112
2.131422
2.131683
2.131542
2.131926
2.132406
2.133068
2.133055
2.133518
2.134011
2.134252
2.134207
2.134860
2.135420
2.135496
2.136000
2.136237
2.136387
2.136489
2.137026
2.137355
2.137500
2.137433
2.137808
2.137988
2.138263
2.138571
2.138943
2.139093
2.139041
2.139310
2.139576
2.139898
2.139961
2.140340
2.140551
2.140147
2.140207
2.140560
2.140651
2.140696
2.141048
2.141486
2.141203
2.141165
2.141184
2.141277
2.141410
2.141615
2.141744
2.141415
2.141269
2.141233
2.141554
2.141452
2.141375
2.141585
2.141494
2.141072
2.141126
2.141395
2.141410
2.141311
2.141521
2.141248
2.141030
2.140931
2.140961
2.141033
2.140845
2.141173
2.141065
2.140767
2.140310
2.140374
2.140283
2.139902
2.139734
2.140014
2.139503
2.139025
2.138907
2.139027
2.138855
2.138582
2.138445
2.138064
2.137546
2.137510
2.137454
2.137395
2.136937
2.136719
2.136449
2.136039
2.135661
2.135484
2.135512
2.134972
2.134808
2.134398
2.134005
2.133638
2.133542
2.133330
2.133241
2.132627
2.132470
2.131783
2.131150
2.130997
2.130766
2.130789
2.130225
2.130025
2.130057
2.129611
2.129465
2.129029
2.128488
2.128274
2.127809
2.127343
2.127407
2.126640
2.126437
2.125881
2.125494
2.125691
2.125205
2.124985
2.124670
2.124043
2.124395
2.123986
2.123910
2.123824
2.123317
2.123148
2.123461
2.123387
2.123017
2.122915
2.122148
2.121843
2.122123
2.123032
2.122934
2.122640
2.122743
2.122959
2.122834
2.122785
2.122496
2.122413
2.122457
2.122732
2.123010
2.122570
2.122581
2.122807
2.123153
2.122936
2.122932
2.122891
2.122823
2.122737
2.123174
2.123687
2.123883
2.123926
2.123744
2.123853
2.123904
2.123885
2.123756
2.123759
2.123761
2.123665
2.123566
2.123412
2.123471
2.123603
2.123380
2.123167
2.123339
2.123169
2.122843
2.122591
2.122694
2.122485
2.122536
2.122145
2.122225
2.122263
2.121937
2.121176
2.120802
2.120352
2.119875
2.119647
2.118988
2.118359
2.117900
2.117541
2.117046
2.117215
2.117200
2.117175
2.116870
2.116855
2.116835
2.116805
2.116799
2.116724
2.116650
2.116851
2.116895
2.117052
2.116733
2.116203
2.115735
2.115436
2.115002
2.115032
2.114929
2.115023
2.115814
2.116558
2.117420
2.118579
2.119501
2.120435
2.121376
2.122110
2.122580
2.122923
2.123252
2.123436
2.123484
2.123557
2.123685
2.123883
2.124006
2.124161
2.124217
2.124178
2.124371
2.124745
2.124867
2.124863
2.125069
2.124990
2.125417
2.125476
2.125700
2.125715
2.125899
2.125880
2.126018
2.126272
2.126111
2.126225
2.126504
2.126520
2.126942
2.127199
2.127022
2.127242
2.127403
2.127487
2.127684
2.127779
2.128147
2.128178
2.128062
2.128547
2.128592
2.128474
2.128751
2.128758
2.129130
2.129534
2.129441
2.129455
2.129453
2.129456
2.129802
2.130017
2.130045
2.129961
2.129821
2.129977
2.130128
2.130293
2.130361
2.130306
2.130229
2.130420
2.130404
2.130700
2.130628
2.130770
2.130869
2.130697
2.131009
2.131217
2.131206
2.131149
2.131193
2.131186
2.131420
2.131600
2.131666
2.131705
2.131956
2.131851
2.132056
2.132282
2.132115
2.132230
2.132221
2.132354
2.132659
2.132741
2.132672
2.132612
2.133101
2.133043
2.133266
2.133530
2.133311
2.133499
2.133433
2.133349
2.133616
2.133628
2.133684
2.133800
2.133735
2.133934
2.134047
2.134047
2.134195
2.134368
2.134480
2.134625
2.134743
2.134718
2.134781
2.134784
2.134722
2.135092
2.135114
2.135141
2.135055
2.135177
2.135233
2.135375
2.135286
2.135460
2.135269
2.135466
2.135466
2.135664
2.135780
2.135904
2.135546
2.135721
2.135792
2.135874
2.135964
2.136024
2.136196
2.135875
2.135924
2.135907
2.136223
2.136243
2.136126
2.136266
2.136541
2.136512
2.136596
2.136307
2.136462
2.136390
2.136545
2.136440
2.136562
2.136583
2.136458
2.136539
2.136629
2.136627
2.136814
2.136682
2.136692
2.136881
2.136754
2.136869
2.137029
2.136939
2.136938
2.137429
2.137256
2.137401
2.137170
2.137179
2.137336
2.137403
2.137516
2.137371
2.137294
2.137488
2.137462
2.137436
2.137638
2.137736
2.137607
2.137644
2.137733
2.137774
2.137914
2.137801
2.137880
2.137818
2.137939
2.138018
2.138173
2.138223
2.138175
2.138312
2.138246
2.138376
2.138344
2.138266
2.138378
2.138426
2.138545
2.138728
2.138456
2.138451
2.138625
2.138596
2.138933
2.138882
2.138894
2.138839
2.138972
2.138892
2.138953
2.138966
2.138985
2.139012
2.138944
2.139145
2.138998
2.139181
2.138985
2.139003
2.138940
2.139182
2.139372
2.139352
2.139077
2.139343
2.139365
2.139323
2.139446
2.139503
2.139553
2.139651
2.139640
2.139826
2.139685
2.139699
2.139665
2.139670
2.139984
2.139833
2.139912
2.139913
2.139895
2.139888
2.139799
2.139877
2.139869
2.139900
2.140030
2.140039
2.140009
2.140180
2.140153
2.140087
2.140065
2.140149
2.140296
2.140138
2.140308
2.140223
2.140393
2.140390
2.140677
2.140450
2.140562
2.140650
2.140924
2.140870
2.140915
2.140729
2.140931
2.140965
2.141019
2.140898
2.141205
2.141103
2.141415
2.141194
2.141346
2.141488
2.141474
2.141628
2.141627
2.141480
2.141585
2.141474
2.141598
2.141832
2.141858
2.141995
2.142101
2.141946
2.142097
2.142012
2.142166
2.142079
2.142221
2.142355
2.142136
2.142267
2.142318
2.142460
2.142203
2.142166
2.142391
2.142361
2.142394
2.142653
2.142631
2.142563
2.142871
2.142559
2.142645
2.142875
2.142707
2.142674
2.142997
2.142988
2.142833
2.143002
2.142823
2.142742
2.142898
2.142854
2.142886
2.142944
2.143164
2.142873
2.142897
2.143168
2.143341
2.143189
2.143227
2.143351
2.143241
2.143226
2.143276
2.143446
2.143201
2.143086
2.143244
2.143346
2.143382
2.143440
2.143529
2.143595
2.143492
2.143393
2.143402
2.143415
2.143439
2.143872
2.143939
2.144022
2.143981
2.143892
2.143946
2.144231
2.144294
2.144278
2.144160
2.144378
2.144329
2.144566
2.145402
2.145536
2.145402
2.145606
2.146479
2.146309
2.145733
2.145858
2.146408
2.147235
2.146722
2.146057
2.146366
2.146894
2.147804
2.146495
2.146838
2.146639
2.147634
2.146139
2.145033
2.146197
2.145886
2.147366
2.140374
2.142524
2.145049
2.145150
2.144657
2.133553
2.138575
2.142408
2.142442
2.134801
2.129378
2.132087
2.134377
2.131955
2.120737
2.125347
2.123643
2.122922
2.116529
2.115214
2.118961
2.117123
2.113579
2.108852
2.115949
2.115065
2.113882
2.108516
2.109980
2.115321
2.114311
2.110743
2.106596
2.112932
2.112049
2.110435
2.104789
2.106524
2.107217
2.105542
2.103759
2.103124
2.106887
2.101134
2.101048
2.097086
2.102256
2.097802
2.098902
2.094334
2.099934
2.100483
2.100366
2.098522
2.099255
2.101881
2.101318
2.104065
2.100139
2.103581
2.103506
2.108243
2.104480
2.106752
2.107290
2.110482
2.109093
2.108918
2.110975
2.112797
2.114512
2.114501
2.116801
2.118384
2.120299
2.120252
2.121620
2.122390
2.123736
2.124784
2.125402
2.126491
2.127830
2.129137
2.130314
2.131154
2.132404
2.133544
2.135074
2.135713
2.136729
2.137877
2.139058
2.140343
2.141501
2.143085
2.144600
2.146433
2.147511
2.148076
2.148961
2.149751
2.150964
2.151247
2.151682
2.151062
2.151122
2.151501
2.152128
2.151558
2.151543
2.151682
2.151955
2.151429
2.150740
2.150103
2.149823
2.149226
2.148002
2.147421
2.147614
2.148157
2.147395
2.146885
2.147438
2.148656
2.148885
2.148645
2.149687
2.151595
2.153098
2.153373
2.154446
2.155678
2.156946
2.157046
2.157261
2.158135
2.158815
2.158813
2.158401
2.158699
2.159376
2.159142
2.159012
2.159031
2.159294
2.159325
2.159004
2.159147
2.159315
2.159404
2.158971
2.159023
2.159109
2.159083
2.159126
2.159361
2.159558
2.159551
2.159687
2.160097
2.160233
2.160091
2.160302
2.160366
2.160693
2.160760
2.160884
2.161034
2.161075
2.160944
2.161084
2.160971
2.161266
2.161165
2.161520
2.161551
2.161787
2.161885
2.161953
2.162119
2.162210
2.162551
2.162603
2.163044
2.162976
2.163045
2.162928
2.163259
2.163216
2.163239
2.163566
2.163526
2.163666
2.163906
2.164043
2.164041
2.164080
2.164320
2.164631
2.164609
2.164500
2.164478
2.164703
2.164767
2.164652
2.164724
2.164761
2.164879
2.164940
2.164985
2.165295
2.165419
2.165366
2.165347
2.165294
2.165436
2.165484
2.165616
2.165664
2.165617
2.165607
2.165602
2.165767
2.165864
2.165719
2.165945
2.165936
2.165847
2.165802
2.165786
2.165819
2.165676
2.165729
2.165833
2.166002
2.165975
2.166082
2.165947
2.166040
2.165856
2.165901
2.166203
2.166234
2.166099
2.166231
2.166255
2.166256
2.166126
2.166482
2.166293
2.166080
2.166280
2.166178
2.166151
2.166279
2.166356
2.166418
2.166287
2.166424
2.166268
2.166227
2.166243
2.166569
2.166640
2.166504
2.166387
2.166383
2.166611
2.166064
2.166393
2.166643
2.166593
2.166559
2.166650
2.166480
2.166631
2.166519
2.166479
2.166709
2.166596
2.166730
2.166858
2.166879
2.166951
2.166920
2.166736
2.167208
2.166981
2.166919
2.166828
2.166877
2.167103
2.167115
2.167131
2.167184
2.167265
2.167365
2.167377
2.167253
2.167454
2.167428
2.167476
2.167276
2.167031
2.167100
2.167237
2.167239
2.166962
2.167051
2.166978
2.166982
2.166671
2.166772
2.166454
2.166324
2.166110
2.164758
2.163818
2.162394
2.162221
2.163265
2.161352
2.132246
2.128863
2.161307
2.164216
2.162129
2.164845
2.165180
2.161112
2.163016
2.165328
2.164999
2.163230
2.164621
2.165125
2.164526
2.163746
2.164983
2.165152
2.164402
2.164447
2.164867
2.164620
2.164137
2.164558
2.164975
2.164816
2.164738
2.164786
2.164695
2.165168
2.164937
2.165090
2.165196
2.164872
2.165288
2.164813
2.164721
2.164941
2.165148
2.164860
2.164834
2.164966
2.164916
2.164810
2.164728
2.164637
2.164766
2.164471
2.164484
2.164574
2.164775
2.164915
2.164859
2.164835
2.164540
2.164583
2.164555
2.164280
2.164382
2.164155
2.164344
2.164198
2.164353
2.164266
2.164072
2.164122
2.163663
2.163637
2.163917
2.163659
2.163208
2.162347
2.160943
2.159232
2.157341
2.155165
2.153164
2.151836
2.150809
2.150142
2.150432
2.151930
2.154440
2.156575
2.158563
2.159699
2.160431
2.161078
2.161902
2.162182
2.162008
2.161787
2.161002
2.160500
2.160425
2.160733
2.160594
2.160760
2.160595
2.160211
2.159753
2.161281
2.162085
2.162862
2.163373
2.163182
2.160591
2.153522
2.162592
2.163690
2.163638
2.163466
2.162676
2.147021
2.148388
2.161542
2.163293
2.163593
2.162643
2.155029
2.147401
2.158018
2.159207
2.162662
2.162554
2.160598
2.144314
2.159801
2.161667
2.152323
2.155505
2.155051
2.144381
2.152581
2.162198
2.162181
2.150036
2.141695
2.138296
2.140424
2.155102
2.155523
2.155311
2.153863
2.153542
2.153256
2.158645
2.161309
2.161831
2.161836
2.161578
2.161518
2.161458
2.161558
2.161116
2.160494
2.159516
2.158272
2.157006
2.156327
2.155742
2.155983
2.156072
2.155485
2.155406
2.155308
2.155646
2.155702
2.156104
2.155892
2.155896
2.156051
2.155792
2.156061
2.156270
2.156485
2.156175
2.156471
2.156775
2.157133
2.157527
2.158033
2.158380
2.158708
2.159457
2.159597
2.160065
2.160377
2.160841
2.160600
2.160882
2.160472
2.160926
2.160742
2.160720
2.160860
2.160791
2.160823
2.160392
2.160525
2.160546
2.160627
2.160231
2.160376
2.160205
2.160097
2.159936
2.159282
2.158929
2.158353
2.157564
2.156605
2.156000
2.155026
2.154969
2.154517
2.154537
2.154261
2.154691
2.155136
2.155510
2.156110
2.156346
2.156941
2.156945
2.157378
2.157018
2.157267
2.157414
2.157359
2.157838
2.158055
2.158612
2.158713
2.159267
2.159287
2.159804
2.159784
2.159900
2.160001
2.160153
2.160082
2.160103
2.160097
2.160308
2.160272
2.160343
2.160072
2.159908
2.160061
2.160228
2.160065
2.159690
2.159852
2.160038
2.159714
2.159893
2.159716
2.159914
2.159665
2.159786
2.159796
2.159947
2.159685
2.159881
2.159569
2.159821
2.159967
2.159624
2.159869
2.159854
2.159992
2.159620
2.159710
2.159452
2.159963
2.159788
2.159721
2.159653
2.159355
2.159237
2.159224
2.159224
2.159020
2.159280
2.158871
2.158715
2.158529
2.158669
2.158484
2.158350
2.157922
2.157871
2.157978
2.157772
2.157904
2.157559
2.157703
2.157419
2.157119
2.156836
2.156955
2.157138
2.156850
2.156586
2.156618
2.156522
2.156124
2.156119
2.155938
2.155646
2.155574
2.155045
2.154246
2.154176
2.154145
2.153476
2.153340
2.153051
2.152510
2.151713
2.151205
2.150855
2.150660
2.150247
2.149560
2.148964
2.149137
2.149079
2.148742
2.148813
2.149314
2.149872
2.150046
2.150791
2.151013
2.151767
2.152920
2.154074
2.155368
2.156272
2.156763
2.156777
2.156917
2.157219
2.157449
2.157422
2.157483
2.157473
2.157682
2.158005
2.158088
2.158015
2.158382
2.158551
2.158253
2.158267
2.158206
2.158501
2.158320
2.158324
2.158482
2.158464
2.158646
2.158422
2.158200
2.158774
2.158807
2.158511
2.158371
2.158361
2.158636
2.158742
2.158928
2.158881
2.158769
2.158603
2.158445
2.158607
2.158731
2.158630
2.158661
2.158471
2.158130
2.158263
2.158177
2.158081
2.157894
2.158061
2.158236
2.158129
2.157938
2.157929
2.157895
2.157860
2.157657
2.157235
2.157024
2.156724
2.156650
2.155433
2.154689
2.154006
2.153454
2.152490
2.152410
2.152042
2.151894
2.151607
2.151337
2.151666
2.152030
2.152388
2.152348
2.152860
2.153352
2.153811
2.153985
2.154750
2.154794
2.155364
2.155744
2.155787
2.155892
2.156421
2.156445
2.156425
2.156487
2.156451
2.156550
2.155898
2.155846
2.155977
2.155844
2.155758
2.155525
2.155427
2.155138
2.155219
2.154819
2.154719
2.154986
2.154896
2.154450
2.153816
2.153445
2.153655
2.153570
2.152832
2.152546
2.152230
2.151694
2.151771
2.151732
2.151182
2.150905
2.150729
2.150217
2.150152
2.149964
2.149844
2.149240
2.149111
2.149438
2.149234
2.148964
2.148952
2.149025
2.148874
2.148779
2.148856
2.148432
2.148343
2.148732
2.148591
2.148328
2.148226
2.148733
2.148710
2.148679
2.148779
2.148215
2.148470
2.148835
2.149662
2.149457
2.149332
2.148035
2.148495
2.149609
2.149987
2.149890
2.149311
2.147803
2.148860
2.149622
2.149852
2.149509
2.148448
2.148238
2.148915
2.149304
2.149253
2.149094
2.147630
2.148818
2.148572
2.148502
2.148383
2.147577
2.146537
2.147802
2.148582
2.148008
2.147745
2.146471
2.146748
2.147333
2.148116
2.148018
2.147767
2.146719
2.146928
2.147206
2.147568
2.147606
2.147268
2.146811
2.147526
2.147297
2.147088
2.146904
2.146158
2.145987
2.146906
2.147275
2.146547
2.146220
2.145795
2.146213
2.146041
2.146927
2.147152
2.146282
2.146420
2.146270
2.146556
2.146722
2.146640
2.147281
2.146604
2.146831
2.146638
2.146671
2.146366
2.146422
2.147062
2.147077
2.147145
2.146394
2.145977
2.144521
2.142977
2.142303
2.141468
2.140117
2.140006
2.140282
2.140479
2.140275
2.140335
2.140622
2.140797
2.140405
2.140025
2.139826
2.141014
2.142532
2.143878
2.145538
2.146477
2.146711
2.147346
2.148028
2.147847
2.148256
2.148443
2.148133
2.147678
2.147865
2.148210
2.148003
2.148157
2.148178
2.148507
2.148079
2.147980
2.148089
2.148361
2.147960
2.147902
2.148224
2.147883
2.147188
2.147200
2.147361
2.147116
2.146991
2.147167
2.147303
2.146863
2.146573
2.146072
2.145674
2.144364
2.144463
2.144172
2.143168
2.142032
2.142056
2.141595
2.140848
2.139907
2.139403
2.138450
2.136980
2.136733
2.136627
2.135913
2.135502
2.135566
2.134595
2.134271
2.134445
2.133902
2.132899
2.132801
2.133280
2.133194
2.132454
2.132071
2.132124
2.130907
2.130528
2.130806
2.129846
2.128874
2.127615
2.126308
2.124594
2.123691
2.124444
2.124387
2.124090
2.123973
2.124148
2.123286
2.122436
2.124314
2.125355
2.125141
2.125166
2.125161
2.124617
2.123830
2.124984
2.126467
2.126273
2.126321
2.126232
2.125844
2.125351
2.125534
2.127986
2.128116
2.127991
2.128052
2.127638
2.127733
2.127087
2.128791
2.129025
2.129136
2.129023
2.128566
2.126224
2.127690
2.128781
2.129423
2.129654
2.129348
2.128469
2.121567
2.123522
2.127752
2.128555
2.128811
2.128168
2.127579
2.116736
2.115779
2.127381
2.127635
2.127231
2.127094
2.126409
2.115381
2.107556
2.124891
2.126291
2.125297
2.124474
2.123944
2.115254
2.101915
2.120568
2.123603
2.123280
2.123156
2.122668
2.119562
2.103371
2.118506
2.122786
2.121751
2.121571
2.120410
2.120256
2.108412
2.113147
2.118279
2.117246
2.116740
2.115968
2.116992
2.111399
2.110909
2.115594
2.114234
2.113587
2.113144
2.114285
2.110875
2.108597
2.113173
2.112505
2.110934
2.110332
2.111079
2.106939
2.101130
2.108763
2.109692
2.108247
2.108111
2.108102
2.103704
2.090720
2.102621
2.109465
2.109727
2.109731
2.109435
2.104435
2.085140
2.101635
2.104810
2.111694
2.111841
2.112088
2.106381
2.085199
2.104443
2.103478
2.112182
2.115101
2.114878
2.109603
2.091463
2.107375
2.110645
2.114971
2.120036
2.120453
2.118816
2.103050
2.112299
2.120042
2.118073
2.125022
2.125832
2.125692
2.115250
2.116474
2.124458
2.122030
2.127565
2.129630
2.129827
2.125072
2.120693
2.126357
2.125973
2.130850
2.131894
2.132057
2.130441
2.125977
2.128801
2.129450
2.132986
2.134536
2.134981
2.135062
2.133060
2.132251
2.133659
2.136976
2.137160
2.138224
2.138329
2.137535
2.137635
2.138247
2.140897
2.141014
2.140977
2.141670
2.141153
2.141991
2.141162
2.141970
2.142514
2.141905
2.142475
2.141734
2.141911
2.142234
2.142333
2.142970
2.141853
2.142542
2.141953
2.141327
2.142190
2.142259
2.142155
2.141309
2.141785
2.142037
2.141266
2.143036
2.143149
2.142869
2.142059
2.141632
2.142521
2.141776
2.142895
2.142977
2.142829
2.142846
2.142134
2.142938
2.143583
2.143900
2.144458
2.144569
2.144825
2.144198
2.145112
2.145133
2.144952
2.145681
2.145343
2.145830
2.145770
2.146611
2.146764
2.146490
2.146581
2.146928
2.147364
2.147206
2.148079
2.148938
2.148491
2.148113
2.148564
2.148988
2.148890
2.149395
2.149960
2.149811
2.148759
2.149704
2.150152
2.149178
2.149768
2.150390
2.150092
2.149774
2.150416
2.150297
2.150134
2.150290
2.150413
2.150375
2.149982
2.150118
2.150592
2.150089
2.150509
2.150589
2.149947
2.149691
2.150019
2.150587
2.150286
2.150294
2.149653
2.149360
2.149523
2.149687
2.150202
2.150090
2.150015
2.149476
2.149058
2.149364
2.149662
2.149627
2.149694
2.149612
2.149150
2.149144
2.149209
2.148683
2.148803
2.148906
2.148942
2.148222
2.148065
2.148184
2.148268
2.148193
2.148647
2.149007
2.148325
2.148464
2.148812
2.148991
2.149224
2.149764
2.149678
2.149037
2.148777
2.149282
2.149416
2.148870
2.148948
2.149096
2.148908
2.148681
2.148603
2.148533
2.148459
2.148513
2.148433
2.148376
2.148756
2.148766
2.148164
2.148325
2.148571
2.148728
2.148993
2.149166
2.148893
2.149162
2.149563
2.149330
2.149352
2.149460
2.149172
2.149137
2.149054
2.149093
2.149321
2.149166
2.149068
2.149250
2.148931
2.149101
2.149077
2.149014
2.149044
2.149535
2.149612
2.149600
2.149231
2.149529
2.149780
2.149829
2.149829
2.150038
2.150142
2.150032
2.149875
2.149852
2.149829
2.149819
2.150192
2.149835
2.149907
2.150005
2.150218
2.150000
2.150255
2.150439
2.150618
2.150485
2.150288
2.150224
2.150605
2.150800
2.150652
2.150600
2.150423
2.150555
2.150221
2.150275
2.150425
2.150667
2.150583
2.150573
2.150614
2.150454
2.150350
2.150781
2.150565
2.150425
2.150609
2.150751
2.150493
2.150351
2.150669
2.150736
2.150676
2.150557
2.150349
2.150332
2.150424
2.150769
2.150814
2.150585
2.150831
2.150642
2.150258
2.150558
2.151025
2.151021
2.150598
2.150657
2.150779
2.150625
2.150620
2.150739
2.150806
2.150640
2.151096
2.150742
2.150606
2.151016
2.151003
2.150910
2.150557
2.150789
2.151012
2.150648
2.150586
2.150910
2.150694
2.150630
2.150900
2.150725
2.150782
2.150725
2.150852
2.150820
2.150824
2.150826
2.150860
2.150812
2.150468
2.150909
2.151009
2.150755
2.150704
2.150770
2.151144
2.150978
2.150823
2.151071
2.150789
2.150552
2.150809
2.150688
2.150703
2.150543
2.150592
2.150429
2.150696
2.150722
2.150539
2.150561
2.150466
2.150749
2.150625
2.150832
2.150799
2.150507
2.150703
2.150743
2.150828
2.150854
2.151080
2.150429
2.150551
2.150638
2.150726
2.150785
2.150555
2.150896
2.150301
2.150450
2.150511
2.150648
2.150544
2.150677
2.150609
2.150097
2.150361
2.150525
2.150692
2.150295
2.150621
2.150593
2.150334
2.150256
2.150573
2.150534
2.150400
2.150658
2.150488
2.150331
2.150068
2.150593
2.150590
2.150678
2.150664
2.150373
2.150339
2.150556
2.150751
2.150471
2.150640
2.150515
2.150556
2.150382
2.150551
2.150416
2.150664
2.150595
2.150406
2.150477
2.150692
2.150691
2.150387
2.150489
2.150760
2.150270
2.150315
2.150273
2.150098
2.150073
2.150177
2.149870
2.149956
2.150162
2.150234
2.150085
2.150225
2.150258
2.150079
2.149808
2.150029
2.149913
2.150068
2.150018
2.149632
2.149888
2.150063
2.150176
2.150060
2.149928
2.149923
2.149758
2.149763
2.149841
2.150080
2.149746
2.149724
2.149862
2.149308
2.149406
2.149717
2.149572
2.149374
2.149343
2.149210
2.149294
2.149227
2.149259
2.149064
2.149141
2.149006
2.148587
2.148248
2.148076
2.147810
2.147510
2.147193
2.146953
2.146620
2.146817
2.146732
2.147076
2.146930
2.147228
2.146927
2.146931
2.147058
2.147444
2.147362
2.147671
2.147277
2.147048
2.147042
2.147291
2.147753
2.147595
2.147406
2.147349
2.146981
2.146865
2.146891
2.147099
2.146968
2.146771
2.146425
2.146146
2.146227
2.146522
2.146729
2.146468
2.146367
2.146454
2.146394
2.146250
2.146418
2.146707
2.146576
2.146329
2.146425
2.145748
2.145823
2.146301
2.146322
2.145886
2.145756
2.145792
2.145290
2.145027
2.145536
2.145682
2.145419
2.145178
2.145151
2.145044
2.145184
2.145265
2.145348
2.145330
2.145194
2.144886
2.144555
2.144488
2.145097
2.144939
2.144388
2.144057
2.143748
2.143434
2.142558
2.142288
2.141925
2.142171
2.141532
2.141222
2.141129
2.141008
2.141295
2.140856
2.141048
2.140926
2.141011
2.140534
2.139781
2.140416
2.140477
2.140690
2.139875
2.139607
2.139506
2.139528
2.139511
2.139280
2.139472
2.138706
2.138220
2.137260
2.137251
2.137284
2.137198
2.137305
2.136653
2.136690
2.136339
2.135993
2.135732
2.135519
2.135617
2.135544
2.135240
2.134399
2.134134
2.133598
2.133221
2.133273
2.132418
2.131881
2.131590
2.131008
2.130299
2.130259
2.130364
2.130049
2.129282
2.128667
2.128243
2.128682
2.128790
2.128836
2.129238
2.129821
2.130064
2.130234
2.131181
2.131726
2.132512
2.132169
2.131506
2.131041
2.130433
2.129987
2.129782
2.129850
2.129183
2.128442
2.127717
2.126687
2.125568
2.125387
2.124857
2.124879
2.123922
2.122691
2.121808
2.121215
2.120064
2.119167
2.119399
2.119434
2.119050
2.118430
2.117833
2.117829
2.117224
2.114735
2.114156
2.113219
2.111714
2.108704
2.106000
2.103330
2.101921
2.099237
2.095754
2.092932
2.088916
2.086991
2.082314
2.080061
2.076324
2.071579
2.066073
2.064275
2.061117
2.057409
2.051181
2.051101
2.049465
2.046852
2.038924
2.043474
2.043902
2.041280
2.030085
2.032335
2.035552
2.034564
2.026065
2.025692
2.029297
2.028975
2.023735
2.022983
2.024255
2.027040
2.025964
2.024160
2.027712
2.031656
2.035875
2.037493
2.044360
2.046409
2.051774
2.054878
2.066854
2.066563
2.071242
2.080905
2.094253
2.087764
2.085782
2.102262
2.114813
2.105560
2.092285
2.113015
2.123741
2.117572
2.099999
2.116269
2.124898
2.123497
2.111237
2.119270
2.124918
2.125107
2.120365
2.123156
2.126470
2.127204
2.125846
2.127033
2.129270
2.131687
2.132085
2.133484
2.135088
2.136942
2.138463
2.140759
2.142200
2.143621
2.145016
2.146192
2.146997
2.147728
2.148173
2.148821
2.149131
2.149444
2.149541
2.148823
2.148554
2.148573
2.148788
2.148356
2.148023
2.146581
2.145577
2.144193
2.143583
2.141808
2.140574
2.138987
2.137634
2.137321
2.137633
2.138500
2.139151
2.140813
2.142610
2.144056
2.144988
2.145372
2.145723
2.145962
2.145485
2.145612
2.144491
2.143083
2.141725
2.141274
2.140437
2.140555
2.140994
2.140900
2.141399
2.141712
2.142789
2.143654
2.144101
2.145495
2.146119
2.146315
2.146993
2.148201
2.149053
2.149874
2.151450
2.153109
2.153953
2.155055
2.155971
2.156537
2.157013
2.157694
2.158207
2.158431
2.158427
2.158613
2.158756
2.159472
2.159989
2.159945
2.160452
2.160701
2.161130
2.161335
2.161855
2.162142
2.162277
2.162480
2.162926
2.163152
2.163017
2.163382
2.163733
2.163730
2.164242
2.164564
2.164805
2.164929
2.165554
2.166153
2.166263
2.166381
2.166979
2.167501
2.167373
2.167429
2.167450
2.167321
2.167397
2.167879
2.168109
2.167949
2.167839
2.167890
2.167490
2.167737
2.168329
2.168586
2.168267
2.168090
2.167748
2.167088
2.166544
2.166513
2.165725
2.164582
2.163609
2.161898
2.159696
2.158512
2.157031
2.155133
2.153206
2.150612
2.149135
2.147313
2.145590
2.142532
2.141133
2.142384
2.141335
2.137983
2.132351
2.136309
2.136216
2.134176
2.125459
2.129213
2.132051
2.131113
2.122849
2.122487
2.131550
2.133187
2.128537
2.120928
2.132673
2.139056
2.139112
2.124817
2.133495
2.148398
2.150748
2.135676
2.136408
2.153941
2.158211
2.150342
2.141059
2.152024
2.162898
2.161295
2.146620
2.151546
2.163531
2.165413
2.153873
2.155426
2.160749
2.167297
2.161947
2.157496
2.160315
2.167195
2.166958
2.160982
2.164845
2.166014
2.168486
2.164561
2.165937
2.166727
2.169122
2.168484
2.167118
2.168015
2.168637
2.169448
2.168177
2.168667
2.168830
2.169891
2.169445
2.169024
2.168955
2.169341
2.169372
2.169062
2.168904
2.168731
2.168455
2.167884
2.166313
2.165524
2.164410
2.163113
2.161533
2.160511
2.159542
2.159287
2.158836
2.158846
2.158746
2.158986
2.159718
2.160135
2.160752
2.161580
2.162853
2.163960
2.164969
2.166156
2.167128
2.167822
2.168658
2.169089
2.169197
2.169355
2.169661
2.169638
2.169967
2.169788
2.169607
2.169654
2.170188
2.170911
2.170486
2.170556
2.170867
2.170784
2.170904
2.171419
2.171763
2.171655
2.171514
2.171513
2.171589
2.171278
2.171740
2.172151
2.172214
2.171971
2.172040
2.171993
2.171742
2.172058
2.172542
2.173046
2.172388
2.172163
2.172281
2.172139
2.172124
2.172667
2.172888
2.172905
2.172236
2.172527
2.172687
2.172141
2.172371
2.172565
2.173263
2.172402
2.172134
2.172199
2.171968
2.171914
2.172641
2.172870
2.172722
2.172049
2.172125
2.172083
2.171606
2.171622
2.172109
2.172401
2.171815
2.171129
2.170793
2.170857
2.170825
2.171135
2.170997
2.171028
2.170514
2.170529
2.170405
2.169802
2.169655
2.170613
2.170493
2.170110
2.170103
2.170029
2.169762
2.168692
2.169265
2.169479
2.168853
2.167044
2.166508
2.166497
2.166339
2.165701
2.166020
2.166428
2.167161
2.167239
2.166737
2.167596
2.168629
2.169175
2.167553
2.168663
2.169546
2.169993
2.168285
2.167941
2.169634
2.170358
2.168696
2.167706
2.168661
2.169798
2.169399
2.167657
2.168787
2.169652
2.169732
2.167910
2.168787
2.169031
2.169143
2.168496
2.169586
2.168686
2.168983
2.168539
2.169886
2.169005
2.169335
2.169185
2.169032
2.169116
2.169573
2.169711
2.169118
2.169798
2.169576
2.170079
2.169414
2.169911
2.169598
2.169556
2.170241
2.170523
2.169726
2.169785
2.169261
2.169826
2.169876
2.169684
2.170049
2.169698
2.169325
2.169355
2.169281
2.169164
2.169486
2.169396
2.169299
2.169148
2.168582
2.167863
2.167601
2.167968
2.168376
2.167751
2.167834
2.167721
2.167702
2.167608
2.168047
2.167912
2.167210
2.165132
2.161816
2.160047
2.158526
2.158793
2.158991
2.159635
2.159994
2.159929
2.159891
2.160655
2.161626
2.161576
2.162002
2.161953
2.161735
2.161664
2.162105
2.162787
2.163486
2.163222
2.163164
2.163012
2.163501
2.164080
2.164228
2.163835
2.163592
2.163318
2.163332
2.163665
2.163299
2.163298
2.163321
2.163239
2.162341
2.162958
2.162617
2.162881
2.162548
2.162256
2.162175
2.162108
2.161811
2.161510
2.161880
2.161956
2.162452
2.161738
2.160845
2.160748
2.160681
2.161133
2.162054
2.161230
2.160826
2.159773
2.159700
2.160498
2.160609
2.160388
2.159831
2.159679
2.158591
2.158056
2.158056
2.159029
2.159425
2.158639
2.157842
2.156462
2.156273
2.156891
2.157189
2.157027
2.156036
2.155412
2.154937
2.154478
2.154297
2.154077
2.153999
2.153833
2.153764
2.152137
2.151380
2.151206
2.151482
2.152484
2.151738
2.150633
2.149246
2.148670
2.149364
2.149749
2.149270
2.148671
2.148432
2.146986
2.147089
2.147043
2.147244
2.147917
2.147023
2.147234
2.145861
2.146047
2.146356
2.146438
2.146699
2.146218
2.146006
2.144842
2.145277
2.144628
2.145690
2.145636
2.145346
2.145360
2.143757
2.143637
2.143304
2.144243
2.145205
2.145308
2.144298
2.143954
2.142713
2.144234
2.144673
2.145061
2.145075
2.145593
2.144240
2.141150
2.143059
2.143661
2.143886
2.143806
2.143638
2.141748
2.136502
2.136897
2.136059
2.137299
2.138240
2.136625
2.134868
2.127995
2.125311
2.128173
2.129422
2.129312
2.129133
2.126859
2.119450
2.117455
2.115839
2.122991
2.123087
2.123897
2.123233
2.111846
2.101633
2.110479
2.113080
2.113286
2.112782
2.109176
2.101278
2.087589
2.088019
2.085955
2.088608
2.088784
2.088054
2.082550
2.066481
2.070990
2.069761
2.081351
2.084540
2.088286
2.089741
2.079540
2.090486
2.090334
2.103009
2.104619
2.105687
2.108517
2.099554
2.108787
2.107226
2.118908
2.130345
2.136626
2.137979
2.127245
2.132308
2.129959
2.130424
2.140537
2.142782
2.142941
2.131545
2.135907
2.139401
2.129322
2.143729
2.149661
2.151637
2.141268
2.140705
2.147121
2.145586
2.151009
2.156664
2.151896
2.121153
2.144136
2.156524
2.154589
2.154403
2.132159
2.134854
2.154689
2.154781
2.157598
2.142653
2.137746
2.145865
2.159417
2.159063
2.154399
2.139074
2.151023
2.152356
2.159367
2.159514
2.145494
2.154564
2.152228
2.157883
2.158798
2.154885
2.153828
2.157637
2.155704
2.158336
2.158648
2.154809
2.157979
2.157624
2.157994
2.157936
2.156815
2.156903
2.157244
2.157114
2.157346
2.156925
2.155712
2.156264
2.155798
2.155749
2.155302
2.155130
2.155064
2.154770
2.154354
2.153771
2.153327
2.153060
2.153227
2.153139
2.153175
2.152767
2.152491
2.152809
2.152946
2.153324
2.153541
2.153673
2.153414
2.154146
2.154593
2.154824
2.155296
2.155362
2.155985
2.156815
2.157047
2.157513
2.157642
2.157705
2.158244
2.158477
2.158495
2.158568
2.158660
2.158502
2.158200
2.158538
2.158049
2.157171
2.156534
2.155824
2.154309
2.152588
2.149778
2.146129
2.142844
2.140719
2.138974
2.137333
2.136819
2.136386
2.135746
2.136114
2.137120
2.137116
2.138202
2.139249
2.138499
2.139149
2.139519
2.139392
2.139265
2.140231
2.140170
2.140854
2.142015
2.142384
2.141488
2.141073
2.140662
2.140598
2.140446
2.140421
2.140327
2.139531
2.139112
2.139271
2.139234
2.138547
2.137260
2.134689
2.131848
2.127760
2.123620
2.120515
2.117664
2.115045
2.112156
2.110240
2.109187
2.109370
2.111076
2.114105
2.112265
2.118544
2.126421
2.130054
2.131810
2.132910
2.127976
2.134131
2.142169
2.147614
2.151236
2.152541
2.151952
2.153588
2.154781
2.155070
2.155461
2.156127
2.154753
2.154412
2.155107
2.155539
2.155252
2.155626
2.155777
2.154429
2.153250
2.153472
2.152901
2.151775
2.151161
2.150143
2.148128
2.147692
2.149668
2.151906
2.153633
2.155250
2.155971
2.154927
2.154469
2.155201
2.155340
2.155235
2.155681
2.155828
2.153819
2.152717
2.152587
2.150861
2.148901
2.147437
2.146303
2.143989
2.143366
2.143649
2.142717
2.141898
2.142432
2.141555
2.139615
2.139770
2.135011
2.134440
2.133358
2.138957
2.137450
2.134501
2.126145
2.127516
2.128665
2.140281
2.142175
2.135724
2.121271
2.123730
2.121612
2.127137
2.145796
2.138000
2.117960
2.118624
2.112731
2.122742
2.139855
2.127036
2.110206
2.101761
2.103204
2.110600
2.126439
2.117911
2.107487
2.091101
2.093728
2.091874
2.102903
2.103868
2.103462
2.089888
2.086139
2.069125
2.071651
2.078655
2.084683
2.076042
2.065778
2.051356
2.048467
2.051593
2.057002
2.051492
2.035757
2.031242
2.024623
2.030173
2.034513
2.031311
2.021651
2.021677
2.016770
2.016290
2.018337
2.008255
2.013080
2.016779
2.015633
2.015095
2.008396
2.005776
2.016674
2.016482
2.010223
2.012951
2.008916
2.021413
2.027533
2.025071
2.014099
2.015231
2.028379
2.035953
2.039440
2.029161
2.016287
2.030477
2.044039
2.047389
2.050573
2.031295
2.029296
2.053576
2.057092
2.063749
2.060009
2.038267
2.060616
2.069039
2.074297
2.076378
2.057511
2.067851
2.079443
2.084825
2.085509
2.073060
2.077683
2.084845
2.092050
2.096620
2.085267
2.079495
2.092100
2.094366
2.103378
2.100624
2.085695
2.095264
2.098733
2.104326
2.111524
2.103787
2.096025
2.108133
2.106084
2.112277
2.115721
2.101559
2.111527
2.112446
2.109153
2.117496
2.107192
2.103522
2.117458
2.109641
2.113155
2.118647
2.102796
2.113187
2.117520
2.110546
2.119848
2.114442
2.108673
2.119953
2.116507
2.114990
2.119688
2.111099
2.115238
2.119418
2.118060
2.120171
2.122034
2.119603
2.124920
2.126596
2.128400
2.130257
2.131897
2.133257
2.135805
2.137639
2.139476
2.141267
2.142192
2.142946
2.144217
2.145285
2.146228
2.147391
2.148137
2.148620
2.149225
2.149631
2.150420
2.150764
2.151196
2.151667
2.151806
2.151697
2.152018
2.152187
2.152008
2.152506
2.152808
2.152781
2.152559
2.152391
2.152920
2.152863
2.153192
2.153391
2.153073
2.153026
2.153635
2.153783
2.154029
2.154154
2.154500
2.154835
2.154831
2.154728
2.154688
2.155002
2.154821
2.155332
2.155541
2.155607
2.155630
2.155666
2.156299
2.156166
2.156448
2.156714
2.156691
2.156426
2.156693
2.156803
2.156987
2.157124
2.157361
2.157569
2.157510
2.157387
2.157293
2.157483
2.157343
2.157773
2.158059
2.157813
2.158048
2.157579
2.157727
2.157923
2.158108
2.158714
2.158622
2.158418
2.158688
2.158557
2.158839
2.158794
2.158875
2.159286
2.159184
2.159036
2.159376
2.159120
2.158966
2.159328
2.159597
2.159149
2.158973
2.158607
2.158412
2.158513
2.158492
2.158499
2.158236
2.157937
2.157747
2.157879
2.157834
2.157716
2.157528
2.157643
2.157604
2.157450
2.157185
2.157081
2.156794
2.156486
2.156516
2.154782
2.154010
2.153444
2.152567
2.152244
2.151485
2.150933
2.151164
2.150911
2.150609
2.151337
2.150473
2.151143
2.152104
2.152579
2.152875
2.153634
2.153240
2.153920
2.154012
2.154472
2.155015
2.154132
2.154195
2.154271
2.154369
2.154523
2.154400
2.153842
2.154024
2.154338
2.153927
2.154218
2.153742
2.153406
2.153677
2.153612
2.153450
2.153637
2.153054
2.153032
2.152707
2.152522
2.152555
2.152125
2.151551
2.151107
2.150284
2.149864
2.148604
2.147586
2.146675
2.145391
2.144194
2.142878
2.141506
2.140291
2.139390
2.138388
2.136725
2.135476
2.134441
2.133499
2.133225
2.132478
2.131756
2.131878
2.131513
2.132069
2.132275
2.132032
2.131793
2.131487
2.131965
2.132061
2.131536
2.130556
2.130349
2.129869
2.129730
2.129446
2.128292
2.127216
2.127731
2.127950
2.127070
2.126582
2.123137
2.125141
2.127821
2.128051
2.128224
2.121676
2.122636
2.127913
2.128819
2.128482
2.124812
2.121249
2.126959
2.130224
2.131287
2.131113
2.128304
2.131003
2.134740
2.135656
2.136955
2.135993
2.136922
2.139794
2.141257
2.141826
2.141364
2.141741
2.143936
2.146001
2.146372
2.146356
2.145982
2.146937
2.149478
2.150493
2.150673
2.150286
2.150837
2.152677
2.153015
2.153283
2.153167
2.153063
2.154041
2.154613
2.154806
2.154158
2.153977
2.154925
2.155902
2.155635
2.155289
2.155188
2.155111
2.156098
2.156278
2.156496
2.156091
2.156016
2.156864
2.156777
2.156651
2.156554
2.156707
2.157416
2.157183
2.157083
2.156595
2.156519
2.157203
2.157894
2.157336
2.156908
2.156664
2.156897
2.157114
2.156754
2.157018
2.156811
2.156767
2.157335
2.157276
2.156661
2.156703
2.157264
2.158101
2.157245
2.156806
2.156774
2.156529
2.157339
2.157756
2.157600
2.157253
2.157140
2.157518
2.157277
2.157270
2.157626
2.158172
2.158395
2.158656
2.158381
2.158315
2.158299
2.159109
2.159517
2.159085
2.159148
2.159248
2.158914
2.159331
2.159342
2.159502
2.159581
2.159569
2.159661
2.159669
2.159168
2.159632
2.159901
2.160047
2.159824
2.159232
2.159832
2.159181
2.159843
2.160246
2.159925
2.159985
2.159525
2.159868
2.159969
2.159923
2.160664
2.160453
2.160521
2.160430
2.160482
2.160708
2.160771
2.161206
2.161831
2.161615
2.161689
2.161532
2.161809
2.162148
2.162707
2.162861
2.162641
2.162558
2.162787
2.163108
2.163031
2.163609
2.163825
2.163876
2.163699
2.163497
2.163366
2.163260
2.163872
2.164280
2.163934
2.163842
2.163292
2.163777
2.163718
2.163765
2.163984
2.163890
2.163525
2.163635
2.163363
2.163214
2.163662
2.164076
2.164338
2.163497
2.163287
2.163680
2.163613
2.164199
2.164234
2.164022
2.164015
2.163664
2.163678
2.163596
2.163930
2.163987
2.163808
2.163860
2.163792
2.163896
2.164122
2.164257
2.164635
2.164780
2.164879
2.164835
2.164817
2.164986
2.165061
2.165678
2.165930
2.166163
2.166086
2.165849
2.166136
2.166720
2.166805
2.166829
2.166962
2.167010
2.167280
2.167465
2.167357
2.167892
2.168369
2.168906
2.168741
2.168947
2.168791
2.169051
2.169477
2.169867
2.170030
2.170171
2.170398
2.170798
2.170710
2.170817
2.171066
2.171165
2.171479
2.171508
2.171530
2.171224
2.171562
2.171946
2.171785
2.172085
2.172037
2.172387
2.172353
2.172378
2.172744
2.172830
2.173330
2.173020
2.173413
2.173327
2.173221
2.173617
2.173934
2.174320
2.174447
2.174353
2.174301
2.174428
2.174519
2.174646
2.174943
2.175001
2.174839
2.175024
2.174897
2.175201
2.175644
2.175368
2.175906
2.175794
2.175958
2.175737
2.175822
2.176074
2.176377
2.176524
2.176666
2.176623
2.176527
2.176615
2.176855
2.177127
2.177283
2.177015
2.177188
2.177302
2.177321
2.177306
2.177588
2.177697
2.177663
2.177575
2.177407
2.177629
2.177839
2.178245
2.178339
2.178276
2.178347
2.178358
2.178359
2.178506
2.178802
2.179048
2.178903
2.179081
2.178965
2.178642
2.178791
2.179128
2.179338
2.179176
2.179437
2.179328
2.179492
2.179581
2.179670
2.179957
2.180044
2.180110
2.180402
2.180485
2.180272
2.180487
2.180619
2.180685
2.180685
2.180689
2.181056
2.180872
2.181144
2.181216
2.181228
2.180946
2.180984
2.181054
2.181222
2.181087
2.181439
2.181478
2.181507
2.181602
2.181470
2.181678
2.181738
2.181791
2.182187
2.182035
2.181997
2.182215
2.182111
2.182244
2.182294
2.182474
2.182287
2.182014
2.182225
2.182058
2.182047
2.182550
2.182584
2.182550
2.182233
2.182237
2.182519
2.182340
2.182338
2.182469
2.182636
2.182701
2.182661
2.182645
2.182591
2.182554
2.182851
2.182831
2.182879
2.182739
2.182927
2.182755
2.182912
2.182869
2.182947
2.182738
2.182695
2.182770
2.182654
2.182684
2.182862
2.183072
2.182934
2.182806
2.182820
2.182880
2.182983
2.183109
2.183136
2.182953
2.182896
2.183101
2.182785
2.182836
2.182782
2.183064
2.183217
2.183040
2.182991
2.182851
2.183041
2.182989
2.182935
2.182897
2.182957
2.183123
2.183123
2.183167
2.182965
2.182944
2.183144
2.183060
2.183165
2.182968
2.183004
2.183163
2.183195
2.183169
2.183300
2.183412
2.183310
2.183203
2.183365
2.183136
2.183056
2.183400
2.183179
2.183214
2.183158
2.183164
2.183104
2.183196
2.182981
2.183120
2.183023
2.183319
2.183374
2.183468
2.183576
2.183351
2.183573
2.183334
2.183167
2.183478
2.183624
2.183806
2.183598
2.183762
2.183995
2.183462
2.183557
2.183656
2.183636
2.183608
2.183422
2.183636
2.183850
2.183690
2.183877
2.183785
2.183716
2.183799
2.183585
2.183635
2.183890
2.183778
2.184024
2.183793
2.183707
2.183716
2.183684
2.183810
2.183744
2.183708
2.183830
2.183898
2.183758
2.183561
2.183321
2.183582
2.183691
2.183769
2.183534
2.183453
2.183568
2.183483
2.183663
2.183703
2.183511
2.183573
2.183719
2.183789
2.183649
2.183661
2.183912
2.183917
2.183969
2.183862
2.183644
2.183483
2.183476
2.183939
2.184001
2.183960
2.183783
2.183677
2.183651
2.183645
2.183958
2.183842
2.184032
2.183841
2.184035
2.183785
2.183906
2.183806
2.183973
2.184058
2.184075
2.184148
2.184207
2.184364
2.184270
2.184117
2.184255
2.184173
2.184197
2.184064
2.184154
2.184098
2.184178
2.184034
2.184343
2.184421
2.184551
2.184148
2.184513
2.184472
2.184440
2.184491
2.184759
2.184523
2.184550
2.184391
2.184436
2.184166
2.184483
2.184739
2.184709
2.184789
2.184420
2.184810
2.184852
2.184660
2.184689
2.184772
2.184635
2.184576
2.184798
2.184643
2.184679
2.184718
2.184792
2.184775
2.184899
2.184637
2.184772
2.184872
2.184644
2.184688
2.184678
2.184728
2.184795
2.184718
2.184778
2.184693
2.184746
2.185225
2.185107
2.184975
2.184802
2.185100
2.185126
2.185113
2.184928
2.185080
2.185142
2.185081
2.185211
2.185185
2.185162
2.184886
2.185171
2.185266
2.185162
2.185188
2.185502
2.185439
2.185046
2.185127
2.185082
2.185134
2.185522
2.185415
2.184991
2.185009
2.185026
2.185335
2.185148
2.184981
2.185311
2.185165
2.185438
2.185334
2.185437
2.185258
2.185086
2.185152
2.185420
2.185273
2.185051
2.184993
2.185073
2.185181
2.185333
2.185432
2.185255
2.185209
2.185224
2.185245
2.185041
2.185192
2.185346
2.185248
2.185192
2.185035
2.185169
2.185298
2.185282
2.185334
2.185447
2.185246
2.185089
2.185292
2.185172
2.185247
2.185406
2.185394
2.185453
2.185180
2.185639
2.185485
2.185387
2.185412
2.185374
2.185484
2.185321
2.185379
2.185354
2.185360
2.185644
2.185754
2.185644
2.185538
2.185538
2.185768
2.185775
2.185407
2.185786
2.186055
2.185805
2.185559
2.185722
2.185767
2.185900
2.185615
2.185947
2.185875
2.185659
2.185785
2.185994
2.185948
2.185963
2.186236
2.185843
2.186093
2.185670
2.185827
2.186128
2.185801
2.186074
2.186032
2.186090
2.185810
2.186044
2.186049
2.185937
2.185946
2.186291
2.186164
2.186000
2.186085
2.186168
2.186337
2.186533
2.186609
2.186309
2.186012
2.186108
2.186051
2.186475
2.186292
2.186353
2.186378
2.186383
2.186381
2.186163
2.186348
2.186249
2.186590
2.186840
2.186593
2.186269
2.186396
2.186390
2.186532
2.186458
2.186791
2.186465
2.186474
2.186541
2.186622
2.186729
2.186904
2.186859
2.186911
2.186868
2.186636
2.186748
2.186788
2.186885
2.186834
2.187169
2.187167
2.187010
2.187219
2.187220
2.187353
2.187358
2.187257
2.187232
2.187069
2.186947
2.186810
2.187086
2.187102
2.186702
2.187034
2.186874
2.186943
2.186761
2.186694
2.187057
2.186942
2.187096
2.187077
2.186933
2.186719
2.186883
2.187154
2.187090
2.186669
2.187062
2.186869
2.186720
2.186715
2.186939
2.186968
2.186611
2.187008
2.186892
2.186701
2.186641
2.186737
2.186795
2.187029
2.186881
2.187243
2.186928
2.186930
2.187049
2.187045
2.187061
2.186853
2.187149
2.187183
2.187086
2.187017
2.186874
2.186956
2.187188
2.186822
2.187257
2.186980
2.186993
2.186881
2.186860
2.186938
2.187033
2.187212
2.187391
2.187374
2.187092
2.187409
2.187417
2.187622
2.187446
2.187442
2.187509
2.187713
2.187787
2.187821
2.187858
2.187869
2.187660
2.187741
2.187861
2.187679
2.187840
2.187741
2.187788
2.187625
2.187698
2.188045
2.187690
2.187840
2.187751
2.187711
2.187970
2.187616
2.188015
2.187729
2.187731
2.187695
2.187922
2.188107
2.187868
2.187881
2.187970
2.187819
2.188042
2.187872
2.187817
2.188109
2.187859
2.188137
2.188240
2.188253
2.188179
2.188396
2.188646
2.188440
2.188624
2.188616
2.188638
2.188780
2.188874
2.188911
2.189279
2.189155
2.189064
2.189041
2.188971
2.189067
2.189252
2.189217
2.189185
2.189035
2.188982
2.189219
2.189165
2.189294
2.189375
2.189677
2.189580
2.189336
2.189463
2.189459
2.189533
2.189661
2.189532
2.189642
2.189538
2.189693
2.189608
2.189718
2.189819
2.189844
2.189646
2.189585
2.189654
2.189791
2.189620
2.189738
2.189758
2.189804
2.189778
2.189722
2.189706
2.189733
2.189882
2.189952
2.190050
2.189985
2.189945
2.190167
2.190087
2.190087
2.190045
2.190334
2.189960
2.190053
2.189996
2.190043
2.190052
2.190031
2.190146
2.190195
2.189780
2.189873
2.190012
2.189928
2.190048
2.190182
2.190049
2.189861
2.190066
2.190146
2.190231
2.190116
2.189846
2.190192
2.190168
2.190152
2.189882
2.189876
2.190003
2.190244
2.190206
2.190297
2.190262
2.190140
2.190211
2.190315
2.190117
2.190128
2.190241
2.189912
2.189903
2.190138
2.190145
2.189957
2.190133
2.190110
2.189913
2.190177
2.190073
2.189935
2.189856
2.189937
2.190097
2.190179
2.190232
2.190131
2.189924
2.190089
2.189987
2.189996
2.189853
2.189932
2.189766
2.189640
2.189693
2.189935
2.189541
2.189723
2.189751
2.189854
2.189790
2.189845
2.189950
2.189726
2.189831
2.189803
2.189792
2.189649
2.189701
2.189630
2.189687
2.189646
2.189888
2.189805
2.189695
2.189721
2.189724
2.189468
2.189901
2.189710
2.189760
2.189587
2.189493
2.189626
2.189654
2.189379
2.189521
2.189224
2.189437
2.189495
2.189632
2.189311
2.189353
2.189410
2.189633
2.189462
2.189281
2.189513
2.189578
2.189453
2.189319
2.189478
2.189364
2.189336
2.189299
2.189261
2.189476
2.189294
2.189212
2.189318
2.189004
2.189031
2.189177
2.189373
2.189381
2.189379
2.189300
2.189227
2.189274
2.189240
2.189447
2.189181
2.189492
2.189197
2.189195
2.189143
2.188966
2.189081
2.189076
2.189140
2.189198
2.189097
2.188925
2.189035
2.189248
2.189147
2.188849
2.189012
2.188846
2.188836
2.189056
2.188768
2.188574
2.188399
2.188435
2.188587
2.188420
2.188416
2.188273
2.188508
2.188426
2.188246
2.188243
2.188162
2.188353
2.188407
2.188345
2.188203
2.188022
2.188245
2.188028
2.188290
2.188142
2.187975
2.187850
2.187902
2.188008
2.188097
2.187753
2.187816
2.187886
2.187724
2.187615
2.187675
2.187622
2.187413
2.187483
2.187502
2.187336
2.187275
2.187074
2.187123
2.187136
2.187132
2.187301
2.187192
2.187080
2.187303
2.187306
2.187164
2.187352
2.187420
2.187508
2.187321
2.187436
2.187322
2.187139
2.186916
2.187051
2.187003
2.186951
2.186793
2.186858
2.186614
2.186641
2.186459
2.186296
2.186348
2.186420
2.186481
2.186500
2.186357
2.186410
2.186137
2.186166
2.185941
2.186128
2.185917
2.185943
2.185950
2.186043
2.185810
2.185681
2.185596
2.185438
2.185500
2.185237
2.185126
2.185385
2.185349
2.185344
2.184952
2.184981
2.184926
2.184920
2.185027
2.184848
2.184464
2.184467
2.184527
2.184451
2.184491
2.184314
2.184464
2.184075
2.184045
2.183973
2.183809
2.183889
2.183951
2.183930
2.183882
2.183703
2.183591
2.183214
2.183239
2.183256
2.183233
2.183270
2.183301
2.183108
2.183056
2.182837
2.182986
2.182896
2.182992
2.183012
2.182817
2.182763
2.182918
2.182899
2.182736
2.182671
2.182794
2.182818
2.182813
2.182944
2.183148
2.182916
2.183070
2.182905
2.183047
2.182850
2.182838
2.183028
2.183037
2.182972
2.182825
2.182997
2.183022
2.182829
2.182747
2.182923
2.182834
2.183042
2.182760
2.182891
2.182724
2.182748
2.182965
2.182794
2.182583
2.182604
2.182590
2.182630
2.182527
2.182666
2.182462
2.182507
2.182603
2.182538
2.182564
2.182404
2.182392
2.182426
2.182418
2.182418
2.182464
2.182423
2.182505
2.182484
2.182224
2.182172
2.182285
2.182050
2.182208
2.182043
2.182105
2.182098
2.182267
2.182086
2.182071
2.182134
2.181779
2.182107
2.181851
2.181944
2.181835
2.181998
2.181847
2.181731
2.181831
2.181998
2.181838
2.181916
2.181848
2.181765
2.181996
2.181717
2.181820
2.182032
2.181807
2.181615
2.181506
2.181760
2.181674
2.181669
2.181737
2.181736
2.181813
2.181805
2.181754
2.181728
2.181568
2.181692
2.181752
2.181600
2.181569
2.181594
2.181759
2.181833
2.181707
2.181485
2.181445
2.181537
2.181737
2.181489
2.181411
2.181189
2.181414
2.181246
2.181223
2.181264
2.181376
2.181230
2.181202
2.181227
2.181203
2.181245
2.181357
2.181601
2.181371
2.181268
2.181128
2.181324
2.181140
2.181216
2.181215
2.181136
2.181158
2.181164
2.181237
2.181452
2.181318
2.181264
2.181216
2.181162
2.181301
2.181306
2.181433
2.181551
2.181398
2.181389
2.181297
2.181219
2.181348
2.181495
2.181427
2.181495
2.181416
2.181584
2.181455
2.181242
2.181434
2.181432
2.181186
2.181212
2.181047
2.180979
2.181039
2.181008
2.181000
2.181172
2.181118
2.181055
2.181044
2.181091
2.181079
2.181358
2.180995
2.181019
2.181144
2.181003
2.181106
2.181106
2.181067
2.180930
2.181051
2.180999
2.181048
2.180927
2.180865
2.180786
2.180749
2.180647
2.180867
2.181075
2.181276
2.181020
2.180889
2.181227
2.181139
2.181014
2.181023
2.181028
2.181033
2.181181
2.181074
2.181106
2.180847
2.181039
2.180797
2.180781
2.180793
2.181117
2.181102
2.180849
2.180934
2.180826
2.181072
2.181082
2.180896
2.180852
2.181141
2.181137
2.181103
2.180955
2.181025
2.180819
2.181197
2.181142
2.181290
2.181605
2.181527
2.181482
2.181288
2.181244
2.181187
2.181171
2.181216
2.181388
2.181261
2.181205
2.181277
2.181530
2.181609
2.181300
2.181455
2.181268
2.181371
2.181195
2.181445
2.181340
2.181398
2.181454
2.181453
2.181718
2.181566
2.181547
2.181590
2.181737
2.181476
2.181377
2.181600
2.181692
2.181810
2.181661
2.181488
2.181494
2.181513
2.181526
2.181796
2.181594
2.181655
2.181560
2.181695
2.181672
2.181794
2.181641
2.181937
2.181699
2.181845
2.181634
2.181594
2.181638
2.181503
2.181517
2.181582
2.181368
2.181459
2.181405
2.181519
2.181527
2.181569
2.181364
2.181450
2.181587
2.181466
2.181666
2.181590
2.181449
2.181369
2.181550
2.181419
2.181562
2.181619
2.181714
2.181560
2.181624
2.181621
2.181574
2.181271
2.181103
2.181326
2.181405
2.181480
2.181547
2.181284
2.181286
2.181264
2.181370
2.181247
2.181275
2.181333
2.181633
2.181267
2.181450
2.181332
2.181321
2.181193
2.181305
2.181270
2.181352
2.180969
2.181122
2.181138
2.181011
2.180908
2.181056
2.181065
2.180848
2.180879
2.180872
2.180772
2.180818
2.180607
2.180617
2.180638
2.180331
2.180603
2.180615
2.180516
2.180474
2.180574
2.180479
2.180454
2.180588
2.180290
2.180382
2.180523
2.180134
2.180209
2.180155
2.180240
2.179984
2.179940
2.180097
2.180098
2.179974
2.179953
2.179745
2.179408
2.179750
2.179871
2.179925
2.179804
2.179819
2.179827
2.179799
2.179819
2.180213
2.179850
2.179784
2.179820
2.179686
2.179499
2.179354
2.179604
2.179655
2.179653
2.179312
2.179019
2.179337
2.179241
2.178879
2.179124
2.178978
2.178870
2.179049
2.178914
2.179071
2.178776
2.178806
2.178609
2.178527
2.178652
2.178547
2.178556
2.178320
2.177942
2.178302
2.178156
2.178014
2.178085
2.178121
2.178037
2.177894
2.178129
2.178020
2.177948
2.177760
2.177810
2.177639
2.177682
2.177618
2.177313
2.177606
2.177429
2.177661
2.177778
2.177649
2.177469
2.177544
2.177649
2.177541
2.177635
2.177743
2.177414
2.177407
2.177136
2.177085
2.177410
2.177365
2.177260
2.177185
2.177265
2.177186
2.177296
2.177263
2.177331
2.177098
2.176930
2.177038
2.177103
2.176890
2.176816
2.177078
2.177098
2.177034
2.177166
2.177113
2.176977
2.176841
2.176638
2.176956
2.177004
2.177070
2.176923
2.176960
2.176899
2.176841
2.177046
2.177236
2.177178
2.176863
2.176879
2.176913
2.176799
2.176688
2.176937
2.177026
2.177017
2.176860
2.177020
2.176847
2.176785
2.176964
2.176831
2.176707
2.176844
2.176468
2.176723
2.176472
2.176534
2.176455
2.176779
2.176655
2.176570
2.176552
2.176477
2.176550
2.176489
2.176521
2.176412
2.176423
2.176393
2.176433
2.176498
2.176113
2.176428
2.176477
2.176536
2.176237
2.176427
2.176419
2.176424
2.176416
2.176536
2.176616
2.176523
2.176428
2.176508
2.176377
2.176399
2.176345
2.176329
2.176255
2.176298
2.176266
2.176195
2.176316
2.176409
2.176322
2.176373
2.176273
2.176341
2.176085
2.176186
2.176409
2.176216
2.176065
2.176194
2.176109
2.176226
2.175896
2.175825
2.176147
2.175937
2.175920
2.176036
2.175983
2.175772
2.175722
2.175878
2.175873
2.175722
2.175721
2.175847
2.175804
2.175696
2.175586
2.175339
2.175487
2.175362
2.175412
2.175415
2.175143
2.175213
2.175543
2.175300
2.175187
2.175024
2.175023
2.175267
2.175188
2.174636
2.175218
2.175018
2.174874
2.174986
2.174868
2.174884
2.174653
2.174731
2.174569
2.174451
2.174332
2.174355
2.174509
2.174340
2.174123
2.174159
2.174167
2.174149
2.174053
2.174155
2.174037
2.173798
2.174003
2.173858
2.173536
2.173458
2.173726
2.173764
2.173575
2.173467
2.173693
2.173723
2.173586
2.173149
2.173301
2.172983
2.173080
2.172948
2.172977
2.172650
2.172732
2.172543
2.172635
2.172404
2.172495
2.172473
2.172390
2.172261
2.172173
2.171943
2.172152
2.172147
2.171893
2.172208
2.171777
2.171562
2.171354
2.171146
2.171220
2.171194
2.171221
2.171558
2.171084
2.170948
2.170857
2.170635
2.170912
2.170890
2.170978
2.170611
2.170340
2.170374
2.170383
2.170098
2.170240
2.170303
2.169983
2.170010
2.170057
2.169964
2.169873
2.169856
2.169830
2.169855
2.169640
2.169417
2.169397
2.169341
2.169159
2.169363
2.169273
2.169282
2.168849
2.168562
2.168570
2.168412
2.168564
2.168866
2.168721
2.168851
2.168516
2.168558
2.168539
2.168626
2.168927
2.168850
2.168941
2.168563
2.168563
2.168694
2.168729
2.168903
2.168946
2.169002
2.168870
2.168646
2.168704
2.168453
2.168783
2.168949
2.168843
2.168936
2.168654
2.168797
2.168736
2.168902
2.169230
2.168874
2.169255
2.169116
2.168917
2.168809
2.168838
2.169228
2.169131
2.168922
2.169200
2.168936
2.168688
2.168598
2.168777
2.169040
2.169041
2.169351
2.169061
2.168795
2.168631
2.168580
2.169082
2.168983
2.168818
2.169073
2.168639
2.168524
2.168265
2.168406
2.168804
2.168833
2.168944
2.168717
2.168648
2.168509
2.168406
2.168716
2.168729
2.168607
2.168683
2.168362
2.168385
2.168083
2.167943
2.168198
2.168378
2.168661
2.168452
2.168230
2.168055
2.167952
2.168173
2.168245
2.168593
2.168866
2.168298
2.168270
2.167910
2.167769
2.168111
2.168160
2.168403
2.168108
2.168161
2.167923
2.167688
2.168140
2.168215
2.168159
2.168422
2.168269
2.168111
2.167755
2.167754
2.167901
2.167941
2.168090
2.167974
2.167905
2.167713
2.167590
2.167785
2.168008
2.168001
2.168276
2.167897
2.167982
2.167693
2.167820
2.168301
2.168221
2.168402
2.168195
2.168021
2.168180
2.167839
2.168011
2.168640
2.168567
2.168800
2.168167
2.168250
2.167802
2.167642
2.168251
2.168530
2.168458
2.168248
2.167983
2.167633
2.167588
2.167919
2.167967
2.168131
2.167965
2.167513
2.167259
2.167330
2.167598
2.167752
2.167926
2.167814
2.167295
2.167273
2.166622
2.166767
2.167233
2.167453
2.167507
2.167014
2.167196
2.166840
2.166700
2.166953
2.166756
2.166986
2.166273
2.166291
2.166170
2.165856
2.166201
2.166153
2.166243
2.166002
2.165835
2.165789
2.165701
2.166030
2.165789
2.165981
2.165307
2.165356
2.165123
2.165279
2.165222
2.165045
2.165073
2.164622
2.164533
2.164251
2.164084
2.164501
2.164396
2.164404
2.163716
2.163765
2.163487
2.163336
2.163785
2.163456
2.163502
2.163264
2.163110
2.162936
2.162723
2.163238
2.162876
2.162676
2.162773
2.162440
2.162247
2.162188
2.162437
2.162412
2.162136
2.162269
2.161958
2.161884
2.161598
2.161859
2.161738
2.161639
2.161649
2.161511
2.161176
2.161066
2.161383
2.161083
2.161394
2.161338
2.161118
2.161002
2.160562
2.161201
2.160974
2.160718
2.160890
2.160625
2.160279
2.160037
2.160341
2.160695
2.160261
2.160180
2.160391
2.160102
2.160236
2.159932
2.160466
2.160254
2.159873
2.160279
2.159992
2.159769
2.159609
2.160107
2.160295
2.159911
2.159896
2.159536
2.159603
2.159338
2.159441
2.159791
2.159439
2.159503
2.159539
2.159238
2.159146
2.159095
2.159811
2.159531
2.159395
2.159469
2.159184
2.159278
2.159123
2.159697
2.159578
2.159402
2.159292
2.159016
2.159254
2.159008
2.159491
2.159354
2.158864
2.158895
2.158734
2.158880
2.158855
2.159216
2.158791
2.158737
2.158762
2.158550
2.158495
2.158616
2.159108
2.159314
2.159059
2.158728
2.158902
2.158547
2.158624
2.158870
2.159107
2.159146
2.158899
2.158753
2.158685
2.158647
2.159190
2.159400
2.158974
2.158555
2.158511
2.158576
2.158525
2.158984
2.159330
2.158849
2.158680
2.158541
2.158699
2.158592
2.158763
2.159272
2.159024
2.158990
2.158542
2.158914
2.158555
2.158789
2.158896
2.158613
2.158512
2.158681
2.158717
2.158208
2.158481
2.158721
2.158746
2.158746
2.158527
2.158725
2.158409
2.158957
2.158959
2.158917
2.158761
2.158611
2.158872
2.158508
2.158925
2.158881
2.158825
2.158862
2.158452
2.158687
2.158652
2.158797
2.158996
2.159094
2.159371
2.159083
2.159186
2.159225
2.159379
2.159768
2.159756
2.160033
2.159767
2.159826
2.159652
2.159495
2.159640
2.159666
2.159832
2.159660
2.159299
2.159284
2.159122
2.159163
2.159232
2.159157
2.159230
2.158767
2.158946
2.158589
2.158490
2.158875
2.158500
2.158688
2.158674
2.158793
2.158543
2.158425
2.158397
2.158489
2.158507
2.158391
2.158297
2.158497
2.158285
2.158184
2.158142
2.158235
2.158314
2.158001
2.158189
2.157857
2.157814
2.157936
2.157676
2.157515
2.157629
2.157505
2.157640
2.157326
2.157401
2.157138
2.157474
2.157418
2.157552
2.157726
2.157661
2.157533
2.157509
2.157495
2.157280
2.157230
2.157422
2.157482
2.157595
2.157617
2.157421
2.157540
2.157430
2.157413
2.157531
2.157617
2.157808
2.157745
2.157679
2.157587
2.157680
2.157764
2.158003
2.157928
2.157876
2.158058
2.157931
2.157878
2.157906
2.157964
2.157976
2.158108
2.158229
2.158257
2.158161
2.158341
2.158266
2.158604
2.158385
2.158434
2.158301
2.158432
2.158286
2.158558
2.158761
2.158783
2.158742
2.158707
2.158448
2.158620
2.158791
2.158986
2.159095
2.158976
2.159041
2.159081
2.159312
2.159032
2.159320
2.159426
2.159445
2.159532
2.159511
2.159564
2.159351
2.159554
2.160057
2.159939
2.159634
2.159697
2.159897
2.159477
2.159542
2.159929
2.159836
2.159858
2.159573
2.159588
2.159418
2.159219
2.159409
2.159461
2.159402
2.159316
2.159251
2.159138
2.158806
2.159125
2.159016
2.159102
2.159069
2.158956
2.158890
2.159091
2.158794
2.159129
2.159396
2.159345
2.159142
2.158889
2.158827
2.158731
2.159035
2.158953
2.159193
2.159289
2.158864
2.158830
2.158631
2.158747
2.158859
2.158920
2.158902
2.158601
2.158328
2.158216
2.158474
2.158594
2.158315
2.158625
2.158740
2.158683
2.158347
2.157978
2.158210
2.158100
2.158548
2.158684
2.158347
2.158027
2.157976
2.157843
2.158267
2.158141
2.158041
2.158167
2.157986
2.157866
2.157725
2.157880
2.157872
2.158104
2.158182
2.158077
2.157968
2.157884
2.158018
2.157984
2.157837
2.158270
2.158292
2.158238
2.158273
2.157685
2.157948
2.158067
2.157993
2.158201
2.157979
2.157893
2.157780
2.157810
2.157941
2.158136
2.158065
2.157937
2.157962
2.157757
2.157494
2.157714
2.157878
2.158303
2.158157
2.158159
2.158056
2.157693
2.157621
2.158053
2.158103
2.157964
2.158305
2.158217
2.157903
2.157812
2.158139
2.158377
2.158200
2.158173
2.157997
2.158207
2.157729
2.157821
2.158088
2.158161
2.158270
2.158320
2.158147
2.157673
2.157488
2.157750
2.157998
2.157976
2.157815
2.157662
2.157709
2.157192
2.157465
2.157644
2.157851
2.157777
2.157661
2.157348
2.156974
2.156919
2.157140
2.157395
2.157124
2.157189
2.157173
2.156899
2.156989
2.156872
2.157179
2.157013
2.157115
2.156898
2.157042
2.156978
2.157106
2.157292
2.157228
2.157343
2.157239
2.157050
2.156943
2.156935
2.157295
2.157586
2.157333
2.157437
2.157136
2.157112
2.157266
2.157610
2.157584
2.157742
2.157652
2.157836
2.157746
2.157996
2.157872
2.158233
2.158507
2.158346
2.158437
2.158381
2.158453
2.158710
2.158789
2.158766
2.158861
2.158887
2.158751
2.158964
2.158891
2.158801
2.158977
2.159075
2.158898
2.159061
2.159104
2.159069
2.158976
2.158783
2.158786
2.159094
2.158990
2.159001
2.158977
2.159194
2.159019
2.159150
2.158986
2.159089
2.158812
2.158852
2.158915
2.158821
2.158608
2.158824
2.158850
2.158979
2.158747
2.159004
2.158667
2.158540
2.158399
2.158426
2.158695
2.158507
2.158249
2.158184
2.157884
2.157967
2.158139
2.158071
2.157919
2.157735
2.157571
2.157508
2.157480
2.157582
2.157601
2.157440
2.157196
2.156755
2.156730
2.156659
2.156524
2.156755
2.156748
2.156621
2.156249
2.156226
2.156211
2.156266
2.156542
2.156526
2.156908
2.156449
2.156219
2.156337
2.156239
2.156305
2.156352
2.156773
2.156615
2.156143
2.156174
2.156027
2.156113
2.156357
2.156801
2.156820
2.156175
2.155735
2.155639
2.155480
2.155301
2.155895
2.155860
2.155408
2.155268
2.154848
2.154767
2.154608
2.154760
2.154563
2.154767
2.154118
2.153870
2.153775
2.153420
2.153681
2.154056
2.153823
2.154011
2.153643
2.154030
2.153873
2.154062
2.154639
2.154470
2.154956
2.154916
2.154576
2.154512
2.154468
2.154919
2.155340
2.155368
2.155678
2.155426
2.155415
2.155295
2.155194
2.155733
2.155675
2.155839
2.155824
2.155713
2.155477
2.155121
2.155594
2.155806
2.155893
2.156013
2.156171
2.156097
2.156023
2.156003
2.156550
2.156405
2.156548
2.156704
2.156631
2.156502
2.156150
2.156318
2.156848
2.156603
2.156733
2.156655
2.156440
2.156352
2.156067
2.156543
2.156673
2.156478
2.156714
2.156769
2.156585
2.156281
2.156246
2.156638
2.156692
2.156609
2.156731
2.156442
2.156034
2.155809
2.155938
2.155890
2.155846
2.155752
2.155720
2.155642
2.155247
2.155222
2.155673
2.155547
2.155581
2.155685
2.155498
2.155133
2.155102
2.155522
2.155536
2.155233
2.155510
2.155385
2.155474
2.155249
2.155301
2.155391
2.155175
2.154899
2.154700
2.154696
2.154316
2.153940
2.153957
2.154083
2.153843
2.153822
2.153634
2.153170
2.152852
2.152675
2.152934
2.152719
2.152600
2.152604
2.152672
2.152530
2.152507
2.152570
2.153105
2.152923
2.152979
2.152883
2.152921
2.152876
2.153015
2.153285
2.153339
2.153527
2.153389
2.153479
2.153493
2.153569
2.154011
2.154061
2.154506
2.154625
2.154697
2.155017
2.155069
2.155359
2.155529
2.155685
2.155765
2.156045
2.156147
2.156061
2.155926
2.156298
2.156457
2.156678
2.156570
2.156599
2.156699
2.156300
2.156537
2.156779
2.156836
2.157092
2.156959
2.157134
2.156947
2.156786
2.157119
2.157045
2.157195
2.157037
2.157101
2.156856
2.156827
2.156941
2.156947
2.156942
2.157049
2.157167
2.157062
2.156931
2.157158
2.157260
2.157354
2.157308
2.157260
2.157383
2.157172
2.157128
2.157406
2.157373
2.157348
2.157405
2.157407
2.157426
2.157498
2.157305
2.157440
2.157471
2.157400
2.157329
2.157442
2.157422
2.157463
2.157598
2.157692
2.157730
2.157874
2.157528
2.157387
2.157451
2.157565
2.157632
2.157743
2.157794
2.157622
2.157603
2.157569
2.157522
2.157654
2.157576
2.157636
2.157694
2.157574
2.157359
2.157195
2.157247
2.157432
2.157330
2.157175
2.157226
2.157378
2.156930
2.156754
2.157066
2.156857
2.157024
2.156994
2.157359
2.157114
2.157226
2.157547
2.157407
2.157437
2.157779
2.157884
2.158056
2.157770
2.157974
2.158055
2.158259
2.158342
2.158595
2.158740
2.158270
2.158213
2.158708
2.158670
2.158966
2.158813
2.158946
2.158997
2.158918
2.159009
2.159176
2.159241
2.158937
2.159054
2.159389
2.159340
2.159004
2.159172
2.159650
2.159475
2.159639
2.159531
2.159796
2.159964
2.159760
2.159745
2.159724
2.159859
2.160029
2.159837
2.160172
2.159645
2.159573
2.159581
2.159700
2.159885
2.159593
2.159763
2.159755
2.159559
2.159517
2.159687
2.160092
2.160141
2.159932
2.160088
2.160000
2.160065
2.159947
2.160308
2.160597
2.160558
2.160555
2.160897
2.160571
2.160506
2.160603
2.161022
2.160914
2.160882
2.161011
2.161495
2.161106
2.161044
2.161368
2.161557
2.161431
2.161540
2.161815
2.161876
2.161566
2.161656
2.162201
2.162101
2.162185
2.162153
2.162384
2.162405
2.162346
2.162356
2.162443
2.162308
2.162154
2.162392
2.162654
2.162286
2.162467
2.162419
2.162538
2.162488
2.162611
2.162655
2.162642
2.162520
2.162496
2.162522
2.162467
2.162524
2.162735
2.162755
2.162889
2.162929
2.162952
2.163059
2.162992
2.162802
2.162928
2.163380
2.163262
2.163209
2.163371
2.163131
2.163284
2.163275
2.163412
2.163913
2.163588
2.163708
2.163817
2.163681
2.163762
2.163898
2.163992
2.164040
2.163918
2.163919
2.164046
2.163669
2.163690
2.163904
2.163943
2.163874
2.164057
2.164118
2.163961
2.163860
2.163788
2.163854
2.164093
2.163768
2.163923
2.163991
2.164112
2.163968
2.164090
2.164088
2.164260
2.164271
2.164095
2.164023
2.163914
2.163965
2.164052
2.164329
2.164074
2.164219
2.164094
2.163953
2.163939
2.163976
2.163925
2.164345
2.164226
2.164323
2.164162
2.164040
2.164139
2.164026
2.163849
2.164187
2.163993
2.163953
2.163855
2.164007
2.163941
2.163968
2.164092
2.163931
2.163948
2.163675
2.163804
2.163751
2.163951
2.163859
2.163948
2.163764
2.163872
2.163734
2.163746
2.163871
2.163644
2.163746
2.163677
2.163664
2.163339
2.163411
2.163253
2.163335
2.163034
2.163414
2.163182
2.162971
2.162995
2.163083
2.163006
2.162731
2.162901
2.162777
2.162321
2.162247
2.162324
2.162487
2.162086
2.162281
2.162247
2.162291
2.162124
2.162073
2.162271
2.162043
2.161894
2.161964
2.162070
2.161558
2.161419
2.161731
2.161715
2.161313
2.161713
2.161663
2.161224
2.161111
2.161201
2.161148
2.161252
2.161136
2.161187
2.161138
2.160840
2.160807
2.161140
2.161257
2.161062
2.160866
2.161127
2.161020
2.160928
2.160917
2.161323
2.161336
2.161194
2.161196
2.161193
2.161008
2.160862
2.161024
2.161103
2.160844
2.161034
2.161045
2.161094
2.160999
2.161000
2.161178
2.161283
2.161266
2.160963
2.161176
2.161222
2.160817
2.160775
2.160971
2.161013
2.161108
2.161127
2.161241
2.160962
2.160861
2.160851
2.161077
2.160920
2.160898
2.160922
2.161140
2.160901
2.160894
2.160976
2.161136
2.160876
2.160676
2.160838
2.160708
2.160889
2.160784
2.160829
2.160926
2.160888
2.160705
2.160738
2.160654
2.160742
2.160652
2.160652
2.160590
2.160584
2.160543
2.160445
2.160469
2.160519
2.160287
2.160275
2.160204
2.160110
2.160196
2.160156
2.160146
2.160145
2.160031
2.160079
2.159836
2.159929
2.159907
2.159885
2.159877
2.159727
2.159715
2.159787
2.159665
2.159543
2.159181
2.159234
2.159134
2.158808
2.158951
2.158746
2.158773
2.158659
2.158470
2.158384
2.158366
2.158073
2.158042
2.157996
2.158248
2.157894
2.157925
2.157615
2.157511
2.157314
2.157298
2.157111
2.157181
2.157063
2.156652
2.156500
2.156729
2.156698
2.156274
2.156447
2.156043
2.155827
2.156008
2.155908
2.155746
2.155308
2.155219
2.155322
2.155034
2.154898
2.154599
2.154521
2.154489
2.154215
2.154334
2.153986
2.153701
2.153643
2.153360
2.153121
2.153054
2.152975
2.152761
2.152697
2.152151
2.152263
2.152160
2.151888
2.152027
2.151971
2.151549
2.151435
2.151406
2.151149
2.151060
2.151223
2.151594
2.150908
2.150853
2.150180
2.149993
2.149709
2.149801
2.149788
2.149682
2.148833
2.147347
2.146744
2.146915
2.146874
2.147116
2.147797
2.147410
2.147195
2.146487
2.146697
2.146726
2.146136
2.146364
2.146527
2.146297
2.145479
2.145278
2.145498
2.145004
2.144216
2.144330
2.144105
2.143272
2.142339
2.142350
2.142281
2.141515
2.141456
2.141885
2.141172
2.140137
2.138864
2.138905
2.139265
2.139812
2.140263
2.139720
2.137204
2.136109
2.136526
2.136090
2.135553
2.136190
2.135987
2.135984
2.135903
2.135751
2.136261
2.135996
2.135186
2.137024
2.137589
2.136614
2.135713
2.135614
2.135711
2.132670
2.133794
2.134979
2.135484
2.134926
2.135299
2.136169
2.135730
2.130745
2.133454
2.135706
2.136121
2.136319
2.137002
2.137020
2.137013
2.133604
2.136114
2.136687
2.134907
2.134708
2.134182
2.134587
2.135893
2.136286
2.136236
2.134472
2.133908
2.135547
2.136608
2.134507
2.134259
2.135661
2.136211
2.136585
2.136415
2.136833
2.137427
2.135957
2.133967
2.136022
2.136549
2.136001
2.135785
2.136155
2.136786
2.135944
2.135384
2.135842
2.135556
2.135065
2.134835
2.135058
2.135762
2.135112
2.134685
2.134800
2.134311
2.133920
2.133864
2.134676
2.135245
2.134614
2.134731
2.134559
2.134081
2.133632
2.133625
2.134463
2.134844
2.134203
2.134340
2.133760
2.133396
2.133365
2.133391
2.134184
2.134659
2.134470
2.134686
2.134417
2.134422
2.134525
2.134637
2.135584
2.135962
2.136215
2.136536
2.136186
2.136422
2.136793
2.136714
2.137373
2.137806
2.138312
2.138183
2.137998
2.138087
2.138324
2.138396
2.138960
2.139626
2.140045
2.139621
2.139428
2.139716
2.139878
2.140435
2.141042
2.141320
2.141629
2.141331
2.140992
2.141373
2.141451
2.141795
2.142333
2.142442
2.142805
2.142594
2.142165
2.142384
2.142373
2.142572
2.143269
2.143472
2.143153
2.143081
2.142688
2.142790
2.142928
2.142827
2.143455
2.143287
2.142977
2.143209
2.142724
2.142652
2.142606
2.142708
2.143565
2.142960
2.142494
2.143038
2.142752
2.142265
2.142320
2.142549
2.142993
2.141806
2.141147
2.141922
2.141773
2.141349
2.141708
2.142001
2.142199
2.140220
2.139682
2.141026
2.140976
2.140605
2.141557
2.141840
2.141172
2.138488
2.138353
2.140179
2.139623
2.139827
2.139479
2.138902
2.137243
2.133664
2.135258
2.136246
2.135155
2.134163
2.133982
2.133913
2.130747
2.129863
2.131297
2.129881
2.126879
2.126124
2.125413
2.124218
2.120072
2.121327
2.121575
2.116758
2.119261
2.118177
2.117594
2.113104
2.110868
2.109259
2.109560
2.112399
2.113791
2.115168
2.115187
2.112750
2.115667
2.118217
2.117303
2.117082
2.117110
2.115600
2.111143
2.112100
2.115102
2.116988
2.117237
2.118133
2.118121
2.115924
2.114067
2.115865
2.116295
2.114236
2.113583
2.115357
2.115710
2.114868
2.115222
2.115167
2.112833
2.110785
2.110714
2.110258
2.115685
2.114165
2.116323
2.117769
2.113365
2.099411
2.090312
2.095262
2.085636
2.083143
2.082120
2.078636
2.075108
2.076100
2.074944
2.071814
2.074333
2.082359
2.084722
2.085946
2.089145
2.090872
2.092729
2.095170
2.102646
2.105651
2.104330
2.102883
2.103135
2.103452
2.103453
2.106955
2.110107
2.108387
2.105448
2.103229
2.102807
2.104355
2.106484
2.110301
2.110192
2.107698
2.104661
2.101374
2.102816
2.104268
2.107257
2.109489
2.108082
2.105201
2.102797
2.101371
2.104439
2.106771
2.110217
2.110502
2.108827
2.105971
2.102866
2.104221
2.107888
2.110302
2.112322
2.111343
2.108256
2.104579
2.103049
2.106884
2.110053
2.112525
2.112754
2.110683
2.107244
2.103480
2.104201
2.108615
2.111034
2.112403
2.111459
2.108915
2.104974
2.103328
2.107020
2.110668
2.111903
2.111703
2.109901
2.107010
2.104599
2.104549
2.109088
2.111470
2.112096
2.111025
2.109268
2.106014
2.103658
2.106023
2.110465
2.111136
2.111318
2.110041
2.107941
2.105275
2.104684
2.109163
2.111123
2.110942
2.111424
2.110215
2.107582
2.105632
2.107061
2.110780
2.110557
2.110328
2.110969
2.109533
2.107667
2.106846
2.109784
2.111447
2.111172
2.111081
2.111700
2.110006
2.108544
2.108841
2.110993
2.110675
2.110707
2.110760
2.110932
2.109346
2.108390
2.109230
2.109556
2.110152
2.109990
2.109452
2.109498
2.108731
2.108230
2.107987
2.108064
2.109442
2.108487
2.108629
2.108635
2.108538
2.107424
2.105868
2.107382
2.108362
2.107188
2.107965
2.108591
2.108113
2.105771
2.103132
2.107274
2.106832
2.105296
2.106581
2.107471
2.106283
2.102029
2.101112
2.107438
2.105531
2.104228
2.106789
2.107598
2.103936
2.097023
2.101968
2.106819
2.103472
2.102609
2.106584
2.106343
2.100214
2.092827
2.105010
2.106048
2.100956
2.100907
2.105554
2.103087
2.094111
2.093759
2.105923
2.103823
2.097181
2.097962
2.102612
2.097721
2.086912
2.098796
2.105259
2.100530
2.092010
2.094578
2.098508
2.089300
2.084432
2.101998
2.103338
2.095281
2.086087
2.091545
2.092597
2.079830
2.090926
2.100800
2.101349
2.090333
2.084018
2.091184
2.084773
2.077979
2.096778
2.099342
2.098635
2.087719
2.086658
2.091483
2.078850
2.085363
2.096135
2.097632
2.094960
2.089486
2.091051
2.091050
2.081001
2.091885
2.093432
2.094084
2.091073
2.089809
2.092169
2.088439
2.088513
2.092428
2.092975
2.092105
2.090278
2.090831
2.092950
2.089528
2.092124
2.091997
2.092898
2.091148
2.089963
2.090972
2.092218
2.089605
2.091068
2.091221
2.091075
2.089640
2.089011
2.089863
2.089778
2.088138
2.089134
2.089285
2.088674
2.087260
2.087291
2.087844
2.086762
2.086514
2.086864
2.087479
2.086023
2.085287
2.085611
2.086641
2.085049
2.085742
2.085152
2.085795
2.084147
2.083439
2.083968
2.084740
2.082719
2.083520
2.082345
2.083037
2.081468
2.080883
2.081327
2.081751
2.080256
2.080782
2.080279
2.080620
2.079209
2.079428
2.080095
2.079656
2.079634
2.078905
2.079663
2.078960
2.078019
2.078655
2.078794
2.077884
2.078608
2.077160
2.078858
2.077820
2.077234
2.078678
2.078733
2.077909
2.078201
2.077335
2.078196
2.076966
2.076870
2.077736
2.078007
2.077437
2.076711
2.076385
2.076126
2.075150
2.075726
2.076351
2.075998
2.076287
2.074642
2.075435
2.074643
2.073933
2.075019
2.075035
2.074792
2.075062
2.073656
2.074727
2.073886
2.073404
2.074014
2.074580
2.073984
2.072952
2.072883
2.072879
2.071846
2.071862
2.072399
2.070798
2.071595
2.070075
2.070469
2.069423
2.067373
2.067828
2.067344
2.065035
2.067282
2.066231
2.066231
2.063842
2.062461
2.063123
2.059215
2.060608
2.062879
2.062820
2.061018
2.057162
2.056929
2.057275
2.049645
2.057138
2.059222
2.059639
2.053854
2.050409
2.051187
2.047018
2.043924
2.054005
2.056823
2.053860
2.044701
2.043623
2.045627
2.034344
2.042158
2.052026
2.055089
2.043164
2.036220
2.037621
2.036107
2.027408
2.041898
2.050595
2.048215
2.031344
2.029175
2.031740
2.025072
2.025420
2.040907
2.049352
2.034209
2.022011
2.022683
2.025742
2.016221
2.024415
2.039633
2.043569
2.020458
2.013983
2.017525
2.017969
2.010663
2.021939
2.037787
2.027584
2.009276
2.005676
2.012720
2.008550
2.003824
2.016749
2.031478
2.010162
1.998686
1.999899
2.006823
1.998416
1.995149
2.011880
2.017315
1.999038
1.990635
1.997594
2.001298
1.990433
1.988068
2.009993
2.002894
1.991715
1.986662
1.996562
1.993644
1.981187
1.984670
2.004787
1.992048
1.983504
1.985275
1.991600
1.984064
1.970602
1.984494
1.991647
1.981422
1.973775
1.979725
1.981256
1.970627
1.961303
1.981000
1.976703
1.968635
1.965188
1.971528
1.967756
1.957687
1.957510
1.972176
1.962834
1.955838
1.956854
1.960354
1.953776
1.945908
1.953248
1.955413
1.946029
1.938348
1.941652
1.940768
1.935118
1.930187
1.938714
1.932358
1.922559
1.916361
1.919055
1.916589
1.914905
1.914682
1.919156
1.909258
1.896514
1.894196
1.892905
1.895016
1.896594
1.898759
1.898398
1.884075
1.872293
1.872759
1.870351
1.878417
1.882080
1.885402
1.880034
1.864992
1.856595
1.857992
1.858334
1.868877
1.872858
1.875297
1.868143
1.853244
1.849291
1.850518
1.852727
1.864991
1.870669
1.872529
1.863233
1.848707
1.848174
1.851086
1.853160
1.866244
1.873373
1.875045
1.861564
1.849833
1.854522
1.856169
1.860761
1.873345
1.884806
1.884545
1.866825
1.859033
1.867334
1.866537
1.873152
1.887134
1.901191
1.893593
1.872299
1.871660
1.879548
1.878813
1.885504
1.902531
1.916003
1.899136
1.877537
1.884775
1.888389
1.889562
1.895167
1.917408
1.925368
1.901503
1.882846
1.896367
1.894135
1.896565
1.903623
1.929092
1.928164
1.901309
1.889725
1.903914
1.900103
1.902261
1.913431
1.939988
1.930112
1.902464
1.902306
1.910217
1.909788
1.908455
1.927174
1.949276
1.931527
1.904964
1.916128
1.913413
1.917865
1.912616
1.941310
1.951627
1.930751
1.910090
1.923332
1.915187
1.920283
1.914912
1.949607
1.947797
1.927720
1.918418
1.925883
1.921560
1.919928
1.927980
1.958218
1.948267
1.930473
1.932107
1.931167
1.930785
1.925108
1.947698
1.964953
1.951445
1.937770
1.945388
1.937206
1.936443
1.937397
1.962710
1.967350
1.953047
1.945088
1.953866
1.941227
1.939967
1.953767
1.975249
1.966748
1.953629
1.955538
1.958298
1.948516
1.952040
1.973268
1.983470
1.967002
1.959525
1.973547
1.964206
1.958534
1.974825
1.990938
1.987513
1.972280
1.973863
1.984052
1.970500
1.974806
1.997096
2.005039
1.991181
1.981910
1.994536
1.990908
1.983903
2.004538
2.017186
2.017227
2.002569
2.001357
2.013875
2.002343
2.008618
2.028164
2.033295
2.027450
2.015126
2.022691
2.023881
2.015882
2.033615
2.042057
2.044644
2.034504
2.028732
2.039493
2.030456
2.034129
2.048070
2.052156
2.051911
2.041845
2.045522
2.050896
2.042581
2.054661
2.060795
2.064700
2.061695
2.056732
2.065541
2.063633
2.062561
2.071477
2.075318
2.078070
2.074468
2.075889
2.083017
2.077751
2.081512
2.085745
2.088959
2.089308
2.087564
2.092616
2.097104
2.094458
2.098201
2.101381
2.104962
2.103629
2.105429
2.112374
2.110537
2.111214
2.113876
2.117929
2.119287
2.118599
2.123544
2.127165
2.123454
2.126364
2.128868
2.131937
2.131751
2.134216
2.137815
2.137024
2.135715
2.137491
2.139961
2.140887
2.141648
2.145272
2.146602
2.144481
2.145433
2.146608
2.148350
2.148542
2.150816
2.152654
2.151946
2.150581
2.151998
2.152945
2.153565
2.154196
2.156719
2.156334
2.154776
2.154945
2.155623
2.155581
2.155565
2.157215
2.157619
2.157087
2.156112
2.156446
2.156666
2.156409
2.156767
2.158450
2.157623
2.157168
2.156888
2.157167
2.157606
2.157155
2.157803
2.159078
2.157861
2.157464
2.157533
2.157896
2.158214
2.158202
2.158998
2.159029
2.158018
2.157905
2.158139
2.158470
2.158575
2.158111
2.159020
2.158347
2.157512
2.157665
2.157864
2.158366
2.158387
2.158516
2.159203
2.158212
2.157759
2.158673
2.159313
2.159741
2.159621
2.160043
2.160533
2.159442
2.159390
2.160630
2.161545
2.161701
2.162160
2.163212
2.163189
2.162652
2.163174
2.164136
2.164598
2.164431
2.164404
2.165112
2.164334
2.163688
2.164326
2.165005
2.165032
2.164948
2.165348
2.165955
2.164592
2.164243
2.164824
2.165994
2.165837
2.165961
2.166262
2.166153
2.165003
2.165192
2.166178
2.166393
2.166549
2.166386
2.166719
2.166265
2.165412
2.165751
2.166706
2.167071
2.166929
2.166905
2.167105
2.166352
2.165658
2.166167
2.167394
2.167122
2.167022
2.167425
2.167358
2.166321
2.166052
2.166831
2.167696
2.167349
2.167414
2.167760
2.167221
2.166264
2.166930
2.167510
2.167695
2.167554
2.167761
2.167755
2.167102
2.166806
2.167588
2.167943
2.167888
2.168378
2.168320
2.168396
2.167552
2.167829
2.168573
2.168671
2.168750
2.168961
2.169434
2.168846
2.168284
2.168603
2.169293
2.168987
2.169273
2.169586
2.169543
2.168514
2.168359
2.169129
2.169113
2.168921
2.169560
2.169874
2.169470
2.168558
2.168887
2.169665
2.169578
2.169636
2.170003
2.170026
2.169062
2.168901
2.169438
2.169858
2.169347
2.169624
2.170061
2.169867
2.169391
2.169403
2.170137
2.169932
2.169932
2.170404
2.170590
2.170031
2.169906
2.170480
2.170781
2.170398
2.170903
2.171153
2.171150
2.170504
2.170709
2.171392
2.171312
2.170955
2.171495
2.171662
2.171421
2.171392
2.171207
2.172022
2.171369
2.171643
2.172420
2.172367
2.171572
2.171777
2.172217
2.172424
2.172179
2.172710
2.172907
2.172743
2.172238
2.171919
2.172993
2.173279
2.173157
2.173720
2.174007
2.173443
2.173392
2.173374
2.174013
2.173430
2.173842
2.174262
2.174261
2.173378
2.173714
2.174027
2.173996
2.173731
2.174256
2.174777
2.174212
2.173930
2.173847
2.174640
2.174381
2.174110
2.174925
2.174916
2.174112
2.174340
2.174372
2.174748
2.174513
2.175172
2.175380
2.175106
2.174137
2.174805
2.174929
2.174922
2.175008
2.175122
2.175415
2.175024
2.175043
2.175204
2.175686
2.175559
2.175626
2.175854
2.176141
2.175405
2.175823
2.175866
2.176386
2.175477
2.175926
2.176273
2.176105
2.175646
2.176346
2.176536
2.176507
2.176361
2.177325
2.177483
2.177193
2.177350
2.177484
2.177834
2.177377
2.177663
2.178445
2.178788
2.178099
2.178590
2.178437
2.179279
2.178564
2.179272
2.179804
2.179515
2.178947
2.179106
2.179355
2.179506
2.179685
2.180143
2.180654
2.179906
2.179531
2.179810
2.180290
2.180363
2.180506
2.180880
2.181231
2.180089
2.180552
2.180831
2.181435
2.181032
2.181374
2.181538
2.181163
2.180491
2.181068
2.181002
2.181516
2.181173
2.181280
2.181203
2.181301
2.180668
2.181644
2.181699
2.181879
2.181358
2.181745
2.181976
2.181668
2.181559
2.181594
2.182203
2.181528
2.181442
2.182350
2.182095
2.181653
2.181736
2.181583
2.182023
2.181506
2.181931
2.182407
2.182130
2.181641
2.182031
2.181531
2.181731
2.181333
2.182084
2.182570
2.182264
2.181621
2.181903
2.181810
2.182299
2.182022
2.182628
2.182634
2.181900
2.181828
2.181854
2.182485
2.182388
2.182686
2.182824
2.182796
2.181884
2.182415
2.182431
2.183275
2.182793
2.183083
2.183360
2.182790
2.182430
2.182770
2.183071
2.183388
2.183017
2.183679
2.183299
2.183418
2.182989
2.183554
2.183729
2.183592
2.183381
2.183766
2.183939
2.183444
2.183505
2.183422
2.183821
2.183270
2.183434
2.183824
2.183618
2.183212
2.183572
2.183568
2.183689
2.183455
2.183666
2.183967
2.183630
2.183273
2.183690
2.183540
2.183909
2.183617
2.184300
2.184643
2.184554
2.184294
2.184646
2.184932
2.184947
2.184845
2.185428
2.185429
2.184684
2.185097
2.185104
2.185554
2.185435
2.185432
2.185821
2.185788
2.185341
2.185968
2.185848
2.186186
2.186064
2.186274
2.186344
2.186401
2.186259
2.186561
2.186566
2.186518
2.186452
2.186815
2.186836
2.186378
2.186570
2.186810
2.187131
2.186919
2.187079
2.187117
2.187336
2.186665
2.187015
2.187058
2.187482
2.187324
2.187596
2.187790
2.187388
2.187216
2.187341
2.187393
2.187424
2.187592
2.187909
2.188121
2.187724
2.187604
2.187764
2.187933
2.188147
2.188288
2.188433
2.188635
2.188334
2.188400
2.188470
2.188964
2.189123
2.189184
2.189318
2.189168
2.188938
2.189432
2.189722
2.190132
2.189845
2.190307
2.190360
2.189968
2.189897
2.190374
2.190397
2.190819
2.190710
2.190813
2.190881
2.190493
2.190834
2.190956
2.191221
2.191243
2.191442
2.191883
2.191482
2.191266
2.191765
2.191718
2.192060
2.192146
2.192290
2.192482
2.192342
2.192172
2.192192
2.192193
2.192386
2.192461
2.192577
2.192690
2.192552
2.192461
2.192781
2.192690
2.193121
2.192674
2.193109
2.193028
2.192764
2.192782
2.193066
2.193081
2.193368
2.192970
2.192996
2.193248
2.192861
2.192948
2.193047
2.192975
2.193133
2.193128
2.193619
2.193100
2.192595
2.192874
2.192992
2.193340
2.193204
2.193121
2.193369
2.193083
2.192997
2.193187
2.193021
2.193272
2.193376
2.193360
2.193364
2.193062
2.193080
2.193256
2.193099
2.193331
2.193172
2.193254
2.193412
2.192947
2.192799
2.193214
2.193179
2.192952
2.192798
2.193522
2.193128
2.192979
2.193239
2.193326
2.193072
2.193358
2.193287
2.193509
2.193273
2.193059
2.193352
2.193322
2.193431
2.193477
2.193211
2.193460
2.193133
2.192601
2.192669
2.193091
2.193117
2.192940
2.193204
2.193414
2.192910
2.192607
2.192922
2.192596
2.192612
2.193069
2.193422
2.193249
2.192954
2.192712
2.192777
2.192660
2.192794
2.192733
2.193008
2.192982
2.192654
2.192357
2.192872
2.192663
2.192711
2.192686
2.193241
2.193117
2.192635
2.192420
2.192920
2.192570
2.192687
2.193246
2.193367
2.193152
2.193160
2.192910
2.193208
2.193290
2.193233
2.192982
2.193274
2.193192
2.193427
2.193106
2.193279
2.193354
2.193425
2.193316
2.193817
2.193851
2.193486
2.193347
2.193905
2.193656
2.193891
2.193725
2.193989
2.193731
2.193093
2.193497
2.193785
2.193843
2.193782
2.193446
2.193257
2.192826
2.192394
2.192160
2.192856
2.193456
2.193478
2.194313
2.194664
2.194507
2.194457
2.195219
2.195637
2.195983
2.195473
2.195572
2.195809
2.195469
2.195485
2.196154
2.195932
2.196113
2.195598
2.196123
2.196406
2.195849
2.195644
2.196273
2.196119
2.195655
2.195950
2.196314
2.196372
2.195828
2.196141
2.196488
2.196034
2.195714
2.195899
2.196178
2.196320
2.195860
2.195914
2.196466
2.196128
2.195649
2.195772
2.195847
2.195483
2.195523
2.195314
2.195113
2.194770
2.194562
2.194890
2.195010
2.195003
2.194944
2.194559
2.194101
2.193897
2.194086
2.194083
2.194178
2.194184
2.194266
2.194521
2.194389
2.194456
2.194439
2.194762
2.194714
2.194692
2.194400
2.194345
2.194228
2.194137
2.194175
2.194285
2.194061
2.193820
2.193435
2.193462
2.193341
2.193081
2.193332
2.193180
2.193094
2.192879
2.192706
2.192268
2.192539
2.191800
2.191970
2.192040
2.191660
2.191301
2.191196
2.190945
2.190674
2.190576
2.190617
2.190450
2.189941
2.189624
2.189445
2.188976
2.188753
2.189018
2.188916
2.188143
2.187912
2.187656
2.187083
2.186779
2.186384
2.186309
2.186065
2.185616
2.185400
2.185118
2.184643
2.184488
2.184519
2.184355
2.184018
2.183899
2.183576
2.183222
2.183053
2.183012
2.182814
2.182807
2.183042
2.183058
2.182621
2.182401
2.182342
2.182240
2.182609
2.182472
2.182674
2.182619
2.182291
2.182204
2.182350
2.182320
2.182512
2.182961
2.182861
2.182788
2.182992
2.182539
2.182512
2.182700
2.183075
2.182698
2.182878
2.183025
2.182732
2.182184
2.182550
2.182540
2.182376
2.182614
2.182766
2.182762
2.181891
2.181687
2.181970
2.181706
2.181835
2.182090
2.182075
2.181835
2.181182
2.181134
2.180907
2.181178
2.181574
2.181736
2.181354
2.181119
2.181048
2.180643
2.181113
2.181575
2.181353
2.180892
2.180654
2.180588
2.179768
2.180476
2.181205
2.180899
2.180529
2.180028
2.180163
2.179586
2.180143
2.180642
2.180501
2.180049
2.179838
2.179872
2.179409
2.180076
2.180356
2.180113
2.179724
2.179741
2.179872
2.179360
2.180069
2.179851
2.179655
2.179864
2.179592
2.179955
2.179188
2.179754
2.180091
2.179927
2.179833
2.179859
2.179922
2.179192
2.179848
2.180152
2.180037
2.179404
2.179403
2.179412
2.178591
2.179074
2.179526
2.180024
2.179672
2.179080
2.179521
2.178240
2.178550
2.179818
2.180321
2.180113
2.179585
2.178767
2.178688
2.178346
2.179380
2.180201
2.179888
2.180053
2.179521
2.178888
2.179554
2.180172
2.180885
2.180794
2.180728
2.180684
2.180146
2.180097
2.180859
2.181237
2.181544
2.181737
2.181720
2.181454
2.181376
2.181207
2.181794
2.181414
2.181714
2.181618
2.180874
2.180471
2.179889
2.180049
2.179881
2.179301
2.179383
2.178889
2.178479
2.178357
2.177647
2.177882
2.177822
2.177534
2.177585
2.177556
2.177241
2.177135
2.176624
2.176557
2.176383
2.175676
2.176139
2.176108
2.176036
2.176076
2.175809
2.175967
2.175432
2.175510
2.175931
2.175769
2.175490
2.175418
2.175260
2.175242
2.175126
2.175516
2.175973
2.175840
2.176083
2.175891
2.175752
2.175658
2.176174
2.176333
2.176415
2.176249
2.175928
2.175624
2.175473
2.175529
2.175733
2.175893
2.176222
2.175882
2.175845
2.175758
2.176241
2.176033
2.175944
2.175986
2.175440
2.174752
2.173859
2.173155
2.172332
2.171416
2.171207
2.170992
2.170718
2.170507
2.170684
2.171109
2.171491
2.172086
2.172897
2.173719
2.174334
2.174725
2.175360
2.175776
2.176297
2.176924
2.177721
2.178074
2.177933
2.177783
2.178233
2.178515
2.178659
2.179636
2.179750
2.179502
2.179223
2.179663
2.179719
2.179586
2.180708
2.181001
2.180752
2.180610
2.180864
2.180865
2.180740
2.181394
2.181799
2.181626
2.181297
2.181357
2.181544
2.181532
2.181890
2.181869
2.181672
2.181540
2.181512
2.181573
2.181719
2.182320
2.182053
2.182131
2.182179
2.182298
2.182248
2.182451
2.183091
2.182710
2.182285
2.182014
2.182219
2.182081
2.181941
2.182569
2.182387
2.181960
2.181323
2.181467
2.181222
2.180729
2.181536
2.181600
2.181494
2.181252
2.181318
2.181486
2.181833
2.182574
2.182961
2.183139
2.183412
2.183067
2.183069
2.183276
2.183444
2.183731
2.183884
2.184017
2.184344
2.183858
2.184128
2.184741
2.185249
2.185373
2.185458
2.185806
2.186062
2.186056
2.186141
2.186453
2.186772
2.187236
2.187310
2.187470
2.187849
2.187918
2.187893
2.188122
2.188647
2.188476
2.188704
2.189333
2.189633
2.189116
2.189478
2.189895
2.190539
2.190748
2.190710
2.191322
2.191419
2.191187
2.191269
2.191722
2.192364
2.192324
2.192440
2.193140
2.192953
2.192518
2.192565
2.193162
2.194014
2.193601
2.193821
2.194195
2.193857
2.193714
2.194067
2.194649
2.194758
2.194518
2.194505
2.194571
2.193655
2.193626
2.193853
2.194734
2.194344
2.194308
2.195145
2.195219
2.194916
2.195025
2.196003
2.196609
2.196266
2.196359
2.196705
2.196236
2.195777
2.195840
2.196686
2.197186
2.196962
2.197043
2.196989
2.196506
2.196486
2.196795
2.197458
2.197700
2.197375
2.197504
2.197387
2.197019
2.196907
2.197084
2.197984
2.198009
2.197654
2.197887
2.197645
2.197465
2.197091
2.197431
2.198064
2.198105
2.197619
2.197719
2.197501
2.197170
2.197228
2.197342
2.198165
2.198125
2.197934
2.197626
2.197548
2.197392
2.197206
2.197397
2.197909
2.198057
2.197830
2.197633
2.197554
2.197274
2.197170
2.197391
2.198370
2.198415
2.197795
2.197641
2.197743
2.197255
2.197216
2.197545
2.198508
2.198027
2.197776
2.197613
2.197157
2.197008
2.197196
2.197720
2.198097
2.197816
2.197365
2.197598
2.197372
2.197425
2.197266
2.197552
2.198172
2.197798
2.197580
2.197666
2.197422
2.197522
2.197334
2.197669
2.198178
2.197697
2.197618
2.197601
2.197375
2.197448
2.197598
2.197898
2.198405
2.197821
2.197677
2.197700
2.197906
2.197881
2.197997
2.198384
2.198270
2.197751
2.197856
2.197977
2.197715
2.197839
2.197574
2.197646
2.197738
2.197538
2.197631
2.197834
2.197605
2.197346
2.197340
2.197391
2.197540
2.197720
2.197713
2.197573
2.197327
2.197093
2.197278
2.197500
2.197552
2.197589
2.197477
2.196992
2.196873
2.196840
2.196772
2.196881
2.196374
2.196267
2.195509
2.195066
2.195062
2.195523
2.195715
2.196034
2.195835
2.195718
2.195164
2.194541
2.194227
2.193757
2.193833
2.194350
2.194571
2.195094
2.195001
2.195261
2.195172
2.194667
2.194710
2.194602
2.194390
2.194321
2.194583
2.194353
2.194582
2.194338
2.194411
2.194254
2.194306
2.194182
2.194115
2.193946
2.193860
2.193826
2.194022
2.193846
2.194142
2.193844
2.193796
2.193650
2.193679
2.193494
2.193598
2.193406
2.193430
2.193287
2.193101
2.193019
2.193070
2.193067
2.193064
2.193057
2.192767
2.192521
2.192735
2.192659
2.192706
2.192960
2.192728
2.192375
2.191807
2.191771
2.192089
2.191846
2.192117
2.191920
2.191754
2.191598
2.191081
2.190859
2.191256
2.191346
2.191457
2.191118
2.190828
2.190674
2.189674
2.189837
2.190232
2.190585
2.190305
2.190140
2.190231
2.189464
2.188645
2.188866
2.189369
2.189440
2.189337
2.188999
2.188663
2.188082
2.187387
2.187281
2.187880
2.187970
2.187619
2.187366
2.186944
2.186337
2.185600
2.185317
2.185656
2.185646
2.185187
2.184489
2.183911
2.183052
2.182083
2.181565
2.182146
2.181505
2.181070
2.180230
2.179477
2.178612
2.177629
2.177114
2.177483
2.176936
2.176553
2.176143
2.175637
2.174937
2.174160
2.174346
2.174653
2.174516
2.173915
2.173510
2.173188
2.172306
2.171478
2.171648
2.172167
2.171899
2.171419
2.171178
2.170901
2.170116
2.169919
2.170211
2.170489
2.170519
2.170287
2.170174
2.169770
2.169389
2.169209
2.169811
2.169832
2.169916
2.169853
2.169894
2.169656
2.169465
2.169060
2.169608
2.170042
2.170084
2.170044
2.170155
2.170219
2.170279
2.170331
2.170829
2.171242
2.171504
2.171399
2.171804
2.171943
2.172070
2.172171
2.172546
2.172967
2.173185
2.173378
2.173733
2.174073
2.174242
2.174171
2.174753
2.175001
2.175596
2.175693
2.176134
2.176331
2.176501
2.176602
2.176800
2.176922
2.177173
2.177139
2.177808
2.177706
2.177704
2.178065
2.178306
2.178497
2.178813
2.178744
2.179006
2.178950
2.179094
2.179203
2.179655
2.179655
2.179967
2.180061
2.180307
2.180325
2.180118
2.180067
2.180328
2.180683
2.181050
2.181001
2.181168
2.180997
2.180841
2.181084
2.180888
2.181137
2.181205
2.181205
2.181158
2.181159
2.180996
2.181018
2.181197
2.181321
2.181410
2.181406
2.181617
2.181395
2.181501
2.181505
2.181668
2.181798
2.182038
2.182006
2.182103
2.182226
2.182393
2.182167
2.182574
2.182803
2.182980
2.183324
2.183579
2.183730
2.184033
2.184064
2.184539
2.184655
2.184821
2.184877
2.185318
2.185397
2.185556
2.185222
2.185141
2.185237
2.185606
2.185469
2.185120
2.185147
2.185065
2.184960
2.185051
2.185125
2.185102
2.185169
2.185019
2.184843
2.184684
2.184672
2.184576
2.184403
2.184412
2.184371
2.184224
2.184072
2.184120
2.183811
2.183794
2.183657
2.183773
2.184023
2.183549
2.183341
2.183184
2.183261
2.182946
2.182597
2.182608
2.182563
2.182517
2.182288
2.181671
2.181479
2.181267
2.181045
2.181570
2.181879
2.181706
2.181928
2.182136
2.182028
2.182217
2.182056
2.182409
2.182584
2.182642
2.182358
2.182066
2.181680
2.181582
2.181433
2.181640
2.181387
2.181355
2.181396
2.181553
2.181386
2.181342
2.181452
2.181703
2.181890
2.181953
2.181523
2.181818
2.181233
2.181770
2.181614
2.181824
2.181623
2.181895
2.181703
2.181603
2.181497
2.180964
2.180948
2.180801
2.180544
2.180175
2.180018
2.179785
2.179744
2.179497
2.179053
2.179260
2.179075
2.179232
2.179003
2.178926
2.178963
2.178596
2.178817
2.179028
2.178956
2.179125
2.178959
2.179245
2.178868
2.179059
2.179006
2.179366
2.179526
2.179554
2.179496
2.179618
2.179224
2.179672
2.179626
2.179686
2.179677
2.179748
2.179909
2.179753
2.179520
2.179734
2.179786
2.180045
2.180027
2.179830
2.180148
2.180364
2.180499
2.180569
2.180602
2.180641
2.180592
2.181022
2.180705
2.180701
2.180544
2.180676
2.181042
2.181072
2.181041
2.181010
2.180801
2.181117
2.181062
2.181157
2.181058
2.181039
2.181302
2.181209
2.181084
2.181013
2.180805
2.180977
2.181202
2.180904
2.180997
2.180991
2.180933
2.180893
2.180666
2.180789
2.180752
2.181150
2.181094
2.180913
2.180842
2.180746
2.180794
2.180762
2.180783
2.180871
2.180923
2.180724
2.180718
2.180378
2.180350
2.180607
2.180791
2.180613
2.180616
2.180455
2.180534
2.180371
2.180326
2.180179
2.180501
2.180395
2.180288
2.180114
2.179921
2.179887
2.179859
2.180330
2.180678
2.180575
2.180641
2.180546
2.180254
2.180433
2.180532
2.180611
2.180756
2.180991
2.181047
2.180955
2.180994
2.180976
2.180991
2.181442
2.181516
2.181525
2.181594
2.181544
2.181497
2.181370
2.181674
2.181743
2.181899
2.181798
2.181572
2.181386
2.181005
2.181474
2.181649
2.181768
2.181750
2.181581
2.181363
2.181213
2.180901
2.181011
2.181103
2.181131
2.181016
2.180701
2.180538
2.179986
2.180389
2.180344
2.180179
2.180148
2.179844
2.179713
2.179364
2.179380
2.179345
2.179320
2.179335
2.179192
2.178860
2.178468
2.178224
2.178388
2.178441
2.177616
2.177845
2.178001
2.177959
2.177456
2.177328
2.177559
2.177171
2.176633
2.177233
2.177646
2.177198
2.176887
2.176949
2.177254
2.176109
2.175878
2.176989
2.177261
2.176886
2.176638
2.176862
2.177067
2.175373
2.175661
2.177093
2.176872
2.175801
2.175680
2.176213
2.175699
2.174729
2.175841
2.176499
2.176458
2.175223
2.175596
2.176162
2.174714
2.175353
2.175770
2.176370
2.175952
2.174339
2.175074
2.175555
2.173951
2.175982
2.176240
2.175940
2.174933
2.174314
2.174997
2.174820
2.174193
2.176578
2.176308
2.175658
2.174403
2.174562
2.174928
2.174428
2.175234
2.177249
2.176906
2.175755
2.175331
2.175685
2.176192
2.175058
2.177154
2.178390
2.177774
2.176216
2.176272
2.177020
2.176752
2.176412
2.178575
2.179388
2.178546
2.176651
2.177410
2.178015
2.177685
2.177416
2.179601
2.180006
2.179279
2.177679
2.178589
2.179414
2.178701
2.178647
2.180374
2.180427
2.179640
2.178280
2.178984
2.179453
2.179124
2.179149
2.180051
2.180225
2.179877
2.179067
2.179718
2.180153
2.179720
2.179868
2.180613
2.180948
2.180620
2.180140
2.180301
2.180339
2.180409
2.180700
2.181317
2.181537
2.181462
2.181031
2.181270
2.181426
2.181500
2.181641
2.182167
2.182277
2.182253
2.182016
2.182129
2.182265
2.182439
2.182603
2.183083
2.183169
2.182974
2.182876
2.182993
2.183144
2.183195
2.183328
2.183674
2.183571
2.183313
2.183372
2.183386
2.183475
2.183513
2.183458
2.183648
2.183397
2.183610
2.183524
2.183468
2.183419
2.183435
2.183491
2.183381
2.183615
2.183273
2.183297
2.183444
2.183506
2.183457
2.183605
2.183653
2.183757
2.183794
2.183679
2.183793
2.183760
2.183766
2.183895
2.184023
2.183890
2.183861
2.184020
2.183982
2.183847
2.183931
2.184121
2.184210
2.184390
2.184023
2.184058
2.184003
2.184179
2.184333
2.184471
2.184573
2.184303
2.184171
2.184457
2.184575
2.184612
2.184631
2.185039
2.184765
2.184604
2.184597
2.184489
2.184735
2.184830
2.184641
2.184756
2.184413
2.184669
2.184637
2.184662
2.184756
2.184742
2.184884
2.184418
2.184525
2.184568
2.184824
2.184512
2.184672
2.184612
2.184421
2.184522
2.184386
2.184324
2.184376
2.184057
2.184178
2.184131
2.183870
2.183855
2.183742
2.184050
2.184113
2.183783
2.183933
2.183977
2.183857
2.183617
2.183658
2.183882
2.183875
2.183864
2.183673
2.183784
2.183892
2.183812
2.183752
2.183798
2.183824
2.183747
2.183993
2.183998
2.183692
2.183467
2.183589
2.183764
2.183914
2.183913
2.183916
2.184117
2.184016
2.183856
2.183970
2.183976
2.183906
2.184219
2.184312
2.184103
2.183918
2.184149
2.184500
2.184624
2.184379
2.184489
2.184414
2.184209
2.184219
2.184136
2.184252
2.184210
2.184353
2.184198
2.184225
2.183825
2.183960
2.184263
2.184193
2.184085
2.184187
2.184066
2.184178
2.184047
2.183830
2.184085
2.183977
2.183964
2.184270
2.184052
2.184083
2.183930
2.184107
2.184216
2.183567
2.183886
2.183848
2.184004
2.183983
2.183854
2.183960
2.183787
2.183127
2.183802
2.183960
2.183923
2.183769
2.183538
2.183991
2.183403
2.182254
2.183545
2.183761
2.183796
2.183455
2.183401
2.183463
2.182239
2.182367
2.183233
2.183502
2.183527
2.183122
2.183427
2.182937
2.180863
2.182242
2.183427
2.183473
2.183169
2.183081
2.183238
2.182493
2.180378
2.182512
2.183362
2.183284
2.183217
2.183310
2.182871
2.181395
2.180266
2.182394
2.183123
2.182948
2.182762
2.182763
2.182457
2.180368
2.180153
2.182010
2.183065
2.182761
2.182740
2.182934
2.182222
2.179783
2.181315
2.182534
2.182977
2.182721
2.182449
2.182689
2.181410
2.179541
2.181290
2.182434
2.182540
2.182563
2.182281
2.182445
2.180275
2.180830
2.181508
2.182310
2.182303
2.182421
2.182323
2.181508
2.179375
2.181429
2.181792
2.182236
2.182083
2.182134
2.182038
2.180344
2.180189
2.181458
2.181651
2.182137
2.182184
2.182192
2.181337
2.179519
2.180818
2.181622
2.181929
2.182211
2.181957
2.181865
2.180441
2.180222
2.181311
2.181843
2.181722
2.181746
2.181464
2.181031
2.179644
2.180622
2.181585
2.181876
2.181818
2.181478
2.181693
2.180617
2.180128
2.181221
2.181540
2.181631
2.181534
2.181507
2.181252
2.179965
2.180976
2.181545
2.181787
2.181733
2.181379
2.181401
2.180775
2.180446
2.181143
2.181845
2.181647
2.181324
2.181239
2.181454
2.180085
2.181118
2.181661
2.182215
2.181625
2.180990
2.181318
2.180899
2.180089
2.181153
2.181475
2.181752
2.181432
2.181239
2.181084
2.180060
2.180779
2.181500
2.182080
2.181761
2.181278
2.181450
2.181101
2.180593
2.181537
2.181882
2.182274
2.181882
2.181721
2.181492
2.180392
2.180727
2.181695
2.182230
2.182151
2.181652
2.181557
2.181298
2.180040
2.181250
2.181813
2.182204
2.182048
2.181515
2.181377
2.180491
2.179734
2.181607
2.182043
2.181870
2.181568
2.181114
2.181117
2.179686
2.180055
2.180997
2.181808
2.181379
2.180968
2.181145
2.180609
2.179263
2.180395
2.181534
2.181230
2.181466
2.181200
2.181206
2.180614
2.179014
2.181041
2.181666
2.181982
2.181855
2.182019
2.182115
2.180753
2.179657
2.182116
2.182567
2.183214
2.182969
2.183237
2.183092
2.180880
2.180812
2.182534
2.183394
2.183725
2.183605
2.183788
2.183077
2.180508
2.181703
2.183320
2.184345
2.184451
2.184190
2.184369
2.183263
2.180609
2.182469
2.184277
2.184766
2.184455
2.184712
2.184714
2.182472
2.181067
2.183949
2.185146
2.185284
2.185195
2.185330
2.184726
2.181987
2.182617
2.185246
2.185358
2.185582
2.185568
2.185764
2.184586
2.181900
2.184457
2.186223
2.186644
2.186232
2.186077
2.186020
2.184108
2.182906
2.185798
2.186589
2.186799
2.186438
2.186719
2.186322
2.183660
2.184425
2.186722
2.186869
2.186787
2.186677
2.186821
2.185976
2.183571
2.185917
2.186953
2.187107
2.186876
2.187108
2.187223
2.185849
2.184597
2.186934
2.187403
2.187397
2.187303
2.187378
2.187238
2.185432
2.185695
2.187263
2.187420
2.187347
2.187197
2.187553
2.187212
2.185509
2.186789
2.187794
2.187815
2.187476
2.187474
2.187529
2.186930
2.185737
2.187220
2.187847
2.187677
2.187628
2.187632
2.187772
2.186757
2.186139
2.187696
2.187783
2.187682
2.187763
2.187862
2.187741
2.186882
2.187347
2.187986
2.188143
2.188078
2.187940
2.188269
2.187958
2.186804
2.187607
2.188193
2.188309
2.188117
2.187625
2.187807
2.187803
2.187141
2.188318
2.188148
2.188226
2.188050
2.187929
2.188143
2.187954
2.187611
2.188177
2.188460
2.188514
2.187991
2.188123
2.188321
2.188091
2.188241
2.188483
2.188616
2.188261
2.188153
2.188368
2.188373
2.188535
2.188227
2.188407
2.188451
2.188280
2.188260
2.188408
2.188591
2.188624
2.188472
2.188593
2.188225
2.188697
2.188672
2.188404
2.188690
2.188502
2.188710
2.188566
2.188663
2.188864
2.188823
2.188694
2.188638
2.188705
2.189061
2.188964
2.188734
2.188783
2.188565
2.188870
2.188908
2.188978
2.189076
2.189127
2.189160
2.189038
2.189023
2.188942
2.189121
2.189277
2.189435
2.189763
2.189864
2.189437
2.189596
2.189705
2.189538
2.189483
2.189581
2.189578
2.189775
2.189663
2.189628
2.189668
2.189413
2.189952
2.189891
2.189799
2.189816
2.189726
2.189988
2.189987
2.190021
2.190154
2.190230
2.190457
2.190567
2.190443
2.190318
2.190043
2.190694
2.190591
2.190885
2.190788
2.190324
2.190491
2.190654
2.190724
2.190676
2.190990
2.191104
2.191111
2.191252
2.190937
2.190974
2.190964
2.191296
2.191526
2.191385
2.191294
2.191105
2.191091
2.191433
2.191761
2.191560
2.191500
2.191686
2.191525
2.191473
2.191706
2.191705
2.191899
2.191805
2.191972
2.191823
2.191835
2.191852
2.192115
2.192116
2.192156
2.192255
2.192261
2.192342
2.192374
2.192424
2.192498
2.192658
2.192769
2.192769
2.192769
2.192886
2.192767
2.192719
2.192761
2.192793
2.192905
2.193176
2.193189
2.193436
2.193379
2.193520
2.193278
2.193539
2.193466
2.193717
2.193701
2.193807
2.193698
2.193793
2.193794
2.193991
2.193863
2.194053
2.194248
2.194361
2.194119
2.193923
2.194291
2.193953
2.194161
2.194422
2.194516
2.194308
2.194606
2.194504
2.194651
2.194515
2.194592
2.194760
2.194789
2.194684
2.194765
2.194771
2.194890
2.194886
2.195163
2.195206
2.195062
2.195083
2.195057
2.195162
2.195337
2.195442
2.195436
2.195407
2.195618
2.195172
2.195439
2.195604
2.195583
2.196006
2.196025
2.195914
2.195708
2.195972
2.196013
2.195932
2.196087
2.196162
2.196466
2.196425
2.196305
2.196229
2.196342
2.196444
2.196619
2.196665
2.196463
2.196545
2.196577
2.196507
2.196772
2.196882
2.196869
2.196928
2.196793
2.196753
2.196729
2.196970
2.197421
2.197120
2.197205
2.197073
2.197207
2.197229
2.197320
2.197346
2.197497
2.197321
2.197292
2.197330
2.197482
2.197476
2.197481
2.197445
2.197591
2.197341
2.197608
2.197682
2.197566
2.197645
2.197620
2.197821
2.197646
2.197686
2.197812
2.197799
2.197707
2.197582
2.197596
2.197758
2.197790
2.197923
2.197827
2.197998
2.197934
2.197861
2.197861
2.197831
2.198161
2.198333
2.197926
2.197967
2.197629
2.197812
2.197767
2.198120
2.197977
2.197867
2.198144
2.197914
2.197877
2.197894
2.197894
2.197934
2.198132
2.197701
2.197947
2.198385
2.198069
2.198145
2.197940
2.198000
2.197875
2.198385
2.198145
2.198061
2.197885
2.198229
2.198055
2.198160
2.198017
2.198237
2.198121
2.198135
2.198113
2.198318
2.197870
2.198158
2.198357
2.198156
2.197919
2.197998
2.198063
2.198083
2.198091
2.198144
2.198097
2.197997
2.197981
2.197899
2.197905
2.198156
2.198091
2.198093
2.198067
2.197909
2.197958
2.197778
2.197948
2.197924
2.198106
2.198267
2.197942
2.197871
2.197804
2.197850
2.197884
2.197743
2.197914
2.197924
2.197853
2.197701
2.197931
2.198111
2.197905
2.197676
2.197900
2.197759
2.197684
2.197455
2.197459
2.197865
2.197919
2.197817
2.197953
2.197918
2.197825
2.197589
2.197677
2.197894
2.197708
2.197890
2.197948
2.197779
2.197629
2.197540
2.197568
2.197462
2.197326
2.197398
2.197618
2.197460
2.197325
2.197196
2.197535
2.197258
2.197173
2.197108
2.197363
2.197438
2.197227
2.197320
2.197194
2.197281
2.196976
2.197204
2.197165
2.197334
2.197065
2.197083
2.196956
2.196970
2.196724
2.197146
2.197126
2.196974
2.196838
2.196859
2.196860
2.196909
2.196950
2.197362
2.197000
2.196702
2.196665
2.196640
2.196419
2.196795
2.196755
2.196773
2.196751
2.196562
2.196574
2.196395
2.196501
2.196273
2.196428
2.196606
2.196586
2.196134
2.196149
2.196191
2.196358
2.196217
2.196245
2.196479
2.196027
2.195901
2.195907
2.195881
2.196069
2.196064
2.195905
2.196022
2.196072
2.195894
2.195893
2.195804
2.195883
2.195869
2.195637
2.195718
2.195575
2.195511
2.195356
2.195306
2.195156
2.194858
2.195361
2.195600
2.195140
2.194762
2.194791
2.194486
2.194555
2.194068
2.194465
2.194474
2.194052
2.193716
2.193931
2.193757
2.193485
2.193489
2.193694
2.193611
2.193103
2.193168
2.193120
2.192952
2.192953
2.192835
2.193114
2.192941
2.192816
2.192678
2.192411
2.192508
2.192296
2.192472
2.192889
2.192609
2.192455
2.192553
2.192447
2.192466
2.192205
2.192664
2.193007
2.192693
2.192219
2.192561
2.192546
2.192405
2.192133
2.192857
2.192818
2.192354
2.192207
2.192391
2.192406
2.192438
2.192459
2.192999
2.192835
2.192607
2.192413
2.192660
2.192382
2.192459
2.192575
2.193496
2.193182
2.192842
2.192800
2.192801
2.192678
2.192102
2.192630
2.193415
2.192903
2.192608
2.192667
2.192544
2.192398
2.191799
2.192571
2.192933
2.192756
2.192072
2.191876
2.191745
2.191648
2.191239
2.192131
2.192552
2.192259
2.192001
2.191815
2.191759
2.191208
2.190842
2.191547
2.192210
2.192011
2.191572
2.191713
2.191547
2.190872
2.191783
2.192484
2.193244
2.192716
2.192333
2.192534
2.191878
2.191578
2.193268
2.193773
2.193453
2.192526
2.192603
2.192605
2.191987
2.192661
2.194725
2.194744
2.193300
2.192305
2.192646
2.192391
2.192342
2.193862
2.194938
2.194442
2.192599
2.192273
2.192656
2.192736
2.193861
2.195197
2.195549
2.194698
2.193134
2.193325
2.193358
2.193826
2.195452
2.196241
2.196364
2.194734
2.194291
2.194186
2.193671
2.195280
2.195925
2.196390
2.196060
2.195426
2.195497
2.194760
2.194796
2.195202
2.195668
2.196037
2.196100
2.196223
2.196298
2.195699
2.196070
2.196543
2.197076
2.197194
2.196873
2.196898
2.196552
2.196192
2.196615
2.197068
2.196941
2.196991
2.196654
2.196824
2.196209
2.196053
2.196565
2.196922
2.196562
2.196249
2.196371
2.196127
2.195811
2.195840
2.196302
2.196201
2.195837
2.195925
2.195551
2.195301
2.195495
2.195760
2.196172
2.195992
2.195826
2.195704
2.195615
2.195505
2.195578
2.195820
2.196021
2.195609
2.195589
2.195732
2.195233
2.195429
2.195568
2.195911
2.196105
2.195539
2.195479
2.195699
2.195584
2.195415
2.195506
2.195674
2.195464
2.195302
2.195281
2.195194
2.194902
2.195079
2.195005
2.194923
2.194986
2.195117
2.195120
2.195264
2.195194
2.195120
2.195604
2.195557
2.195621
2.195928
2.196238
2.196064
2.195875
2.196105
2.196296
2.196413
2.196190
2.196343
2.196496
2.196347
2.196321
2.196468
2.196630
2.196397
2.196587
2.196560
2.196363
2.196105
2.196054
2.196217
2.196215
2.196429
2.196480
2.196599
2.196496
2.196228
2.195959
2.196187
2.196211
2.196305
2.196448
2.196302
2.196044
2.195914
2.195928
2.195921
2.195905
2.196023
2.196016
2.195691
2.195477
2.195435
2.195643
2.195541
2.195351
2.195128
2.195183
2.195259
2.194881
2.194879
2.194941
2.195008
2.195196
2.195078
2.195110
2.194905
2.194668
2.194797
2.194447
2.194419
2.194545
2.194293
2.194033
2.193730
2.193837
2.193814
2.193483
2.193180
2.192864
2.192466
2.191925
2.191098
2.190625
2.190803
2.190922
2.191000
2.191176
2.191259
2.191523
2.191383
2.191558
2.191563
2.191322
2.191266
2.191116
2.191251
2.191215
2.190997
2.190667
2.190242
2.190034
2.190145
2.190024
2.189792
2.189149
2.188711
2.189254
2.189152
2.188573
2.187847
2.187124
2.187465
2.187678
2.187051
2.186304
2.185751
2.186258
2.186602
2.185910
2.185256
2.184377
2.184710
2.185000
2.184269
2.183292
2.182510
2.183021
2.182904
2.182102
2.180933
2.180266
2.180009
2.179552
2.178339
2.177435
2.177137
2.176817
2.177530
2.178103
2.178211
2.178411
2.178676
2.179003
2.179065
2.179204
2.179468
2.179916
2.180220
2.180511
2.180970
2.181184
2.181877
2.182413
2.183406
2.184130
2.184188
2.185174
2.185662
2.186354
2.186863
2.186835
2.187141
2.187619
2.188250
2.188726
2.188644
2.188858
2.188582
2.189252
2.189848
2.189830
2.189658
2.189738
2.190360
2.190951
2.190562
2.190270
2.190250
2.191044
2.191281
2.191052
2.191113
2.191173
2.191092
2.191185
2.191370
2.191622
2.191393
2.191488
2.191935
2.191783
2.191501
2.191390
2.191374
2.191876
2.191646
2.191626
2.191578
2.191428
2.191338
2.191113
2.191198
2.191504
2.191412
2.191588
2.191747
2.191769
2.191249
2.190580
2.190207
2.189813
2.189312
2.189665
2.189981
2.189830
2.189534
2.189242
2.189255
2.189206
2.189075
2.189474
2.189485
2.189151
2.189319
2.189378
2.189647
2.190154
2.189807
2.189814
2.189938
2.189983
2.189916
2.190057
2.190676
2.190595
2.190731
2.191023
2.191157
2.190880
2.190220
2.190462
2.190944
2.190767
2.190662
2.190729
2.190645
2.190727
2.190459
2.190466
2.190856
2.190901
2.190748
2.190830
2.190938
2.190585
2.190458
2.190655
2.190995
2.191067
2.191067
2.191321
2.191207
2.191193
2.191028
2.191204
2.191253
2.191328
2.191164
2.191627
2.191442
2.190970
2.190927
2.191266
2.191807
2.191493
2.191755
2.191464
2.191293
2.191353
2.191508
2.191927
2.191641
2.191462
2.191728
2.191904
2.191578
2.191451
2.191619
2.191779
2.192103
2.191981
2.191648
2.191612
2.191122
2.191550
2.191589
2.191629
2.191091
2.190393
2.190347
2.190220
2.190076
2.190346
2.190673
2.190965
2.191204
2.191124
2.191276
2.191086
2.190410
2.188157
2.186916
2.186981
2.188486
2.189707
2.190564
2.190672
2.190781
2.190874
2.191099
2.191425
2.191329
2.191358
2.191478
2.191050
2.191198
2.191160
2.191678
2.191846
2.191749
2.191783
2.192042
2.191859
2.191845
2.191570
2.191755
2.192305
2.192170
2.191986
2.191943
2.191727
2.191561
2.191647
2.191972
2.191763
2.191437
2.191712
2.191716
2.191103
2.190481
2.190095
2.190098
2.189213
2.188111
2.187309
2.186244
2.186399
2.186259
2.186693
2.186967
2.187377
2.188544
2.189491
2.189496
2.189547
2.189571
2.189957
2.190519
2.190422
2.190312
2.190538
2.190480
2.190372
2.189928
2.189439
2.188990
2.188848
2.188325
2.188094
2.187510
2.187076
2.187662
2.188115
2.188269
2.188312
2.188681
2.189113
2.189107
2.188801
2.189109
2.189454
2.189481
2.189575
2.189010
2.189547
2.189425
2.188975
2.189045
2.188827
2.189260
2.189339
2.188984
2.188509
2.188413
2.188989
2.189310
2.189077
2.188307
2.188219
2.189289
2.189731
2.188715
2.187826
2.188420
2.189285
2.189887
2.188954
2.188424
2.188289
2.189095
2.189473
2.188948
2.188532
2.188462
2.189468
2.190076
2.189316
2.188714
2.188687
2.189571
2.189783
2.189367
2.188764
2.189164
2.189666
2.189835
2.189498
2.189059
2.189596
2.189775
2.190049
2.189658
2.188765
2.188851
2.189530
2.189917
2.189593
2.189012
2.189264
2.189609
2.189621
2.189147
2.189099
2.189696
2.189921
2.189906
2.189771
2.189582
2.189737
2.189770
2.190107
2.190129
2.189976
2.190180
2.190565
2.190397
2.189918
2.189847
2.190105
2.190453
2.190389
2.190151
2.190295
2.190574
2.190261
2.190384
2.190310
2.190391
2.190614
2.190787
2.191152
2.190910
2.190487
2.190762
2.191194
2.191343
2.191241
2.191126
2.191488
2.191556
2.191707
2.191876
2.191796
2.192313
2.192443
2.192361
2.192637
2.192463
2.192215
2.192637
2.192917
2.192891
2.192558
2.193012
2.193141
2.192816
2.192826
2.193388
2.193531
2.193432
2.193582
2.193698
2.193836
2.193568
2.193912
2.194033
2.194029
2.193744
2.193713
2.194146
2.193809
2.193666
2.194096
2.194153
2.194183
2.194138
2.194102
2.194200
2.194092
2.193701
2.194095
2.194211
2.194099
2.193860
2.194017
2.194066
2.193449
2.193476
2.193762
2.193797
2.193697
2.193593
2.193808
2.193738
2.193092
2.193454
2.193747
2.193874
2.193777
2.193918
2.193882
2.193218
2.192996
2.193173
2.193311
2.193319
2.192972
2.192894
2.192724
2.191601
2.191994
2.192004
2.192051
2.192054
2.192333
2.192332
2.191961
2.190941
2.191923
2.192580
2.192580
2.192116
2.192679
2.192580
2.192153
2.190977
2.192139
2.192077
2.191901
2.192163
2.192321
2.192197
2.190825
2.191492
2.191834
2.192054
2.191545
2.192206
2.192030
2.192036
2.191012
2.191911
2.191992
2.191931
2.191622
2.192155
2.192042
2.190834
2.191281
2.191803
2.191996
2.191778
2.191781
2.191669
2.191774
2.190689
2.191229
2.191606
2.191820
2.191650
2.191488
2.191767
2.191024
2.190878
2.191367
2.191579
2.191456
2.191248
2.191315
2.191457
2.190754
2.190971
2.191377
2.191103
2.190882
2.190875
2.191105
2.191236
2.190503
2.190650
2.191141
2.191232
2.191027
2.190885
2.191296
2.191026
2.190620
2.191119
2.191345
2.191435
2.191476
2.191526
2.191527
2.191111
2.190852
2.191393
2.191360
2.191442
2.191365
2.191575
2.191612
2.191094
2.191030
2.191179
2.191548
2.191648
2.191391
2.191831
2.191852
2.191291
2.191207
2.191296
2.192032
2.191538
2.191703
2.191655
2.191801
2.190745
2.190879
2.191256
2.191226
2.191293
2.191359
2.191694
2.191603
2.190698
2.191020
2.191627
2.191627
2.191319
2.191371
2.191654
2.191454
2.191082
2.191549
2.191499
2.191817
2.191699
2.191597
2.191592
2.191298
2.191001
2.190859
2.191432
2.190716
2.190774
2.190676
2.190738
2.190527
2.190280
2.190195
2.190204
2.190219
2.190406
2.189947
2.189843
2.189761
2.189766
2.189853
2.189971
2.189534
2.189530
2.189733
2.189582
2.189363
2.189212
2.189416
2.189588
2.189412
2.189065
2.189222
2.188703
2.188846
2.188686
2.188912
2.188719
2.188540
2.188754
2.188872
2.188703
2.188619
2.188366
2.188606
2.188618
2.188606
2.188721
2.188705
2.188730
2.188678
2.188451
2.188845
2.188405
2.188406
2.188358
2.188282
2.188330
2.187988
2.188166
2.188244
2.188051
2.188042
2.188102
2.187945
2.187819
2.187449
2.187991
2.187635
2.187556
2.187639
2.187451
2.187456
2.187180
2.187245
2.187300
2.187251
2.187320
2.187339
2.187068
2.186760
2.186514
2.186754
2.186891
2.186486
2.186559
2.186319
2.186289
2.186000
2.185847
2.186287
2.186052
2.186089
2.185825
2.185845
2.185840
2.185644
2.185743
2.185715
2.185668
2.185490
2.185514
2.185407
2.185367
2.185088
2.185138
2.185288
2.184891
2.184281
2.184188
2.183871
2.183118
2.181693
2.181211
2.180769
2.180459
2.180070
2.179667
2.179139
2.178656
2.178267
2.177899
2.177256
2.177066
2.177052
2.176735
2.176483
2.175707
2.175554
2.175111
2.174863
2.174642
2.174345
2.174195
2.173885
2.173893
2.173621
2.173203
2.173237
2.173067
2.173010
2.173103
2.173272
2.173551
2.174473
2.175451
2.176008
2.176475
2.176600
2.176946
2.177409
2.178128
2.178416
2.178457
2.178155
2.178173
2.177953
2.177175
2.176446
2.176027
2.175584
2.175152
2.174824
2.174503
2.174083
2.174165
2.174255
2.174358
2.173958
2.173718
2.174040
2.174402
2.174644
2.175044
2.175429
2.176152
2.176946
2.177678
2.178060
2.178381
2.178591
2.178544
2.178311
2.178277
2.178364
2.178626
2.178628
2.178594
2.178101
2.177948
2.177728
2.177968
2.177784
2.177689
2.177289
2.177014
2.176837
2.176741
2.176647
2.176690
2.176533
2.176309
2.176036
2.175424
2.174801
2.174650
2.174355
2.173921
2.173551
2.172911
2.172754
2.171893
2.171485
2.170843
2.170085
2.169061
2.168646
2.167574
2.166567
2.165463
2.164297
2.163338
2.161953
2.160572
2.159402
2.158552
2.157554
2.155951
2.154410
2.153140
2.152298
2.151621
2.151334
2.150447
2.149619
2.148846
2.148440
2.148409
2.148460
2.148671
2.149360
2.149836
2.150039
2.150294
2.151406
2.152672
2.153890
2.155536
2.157047
2.158206
2.159401
2.160451
2.161931
2.163375
2.164961
2.166505
2.167513
2.168450
2.168031
2.168308
2.170054
2.170957
2.170927
2.171435
2.171800
2.172002
2.169239
2.171060
2.172610
2.172793
2.172824
2.174104
2.174537
2.174314
2.169484
2.174416
2.176348
2.175468
2.175769
2.176919
2.177379
2.173737
2.169612
2.175837
2.176372
2.174023
2.175624
2.176466
2.175913
2.167683
2.167926
2.174562
2.173991
2.169925
2.174563
2.174752
2.172683
2.161903
2.166317
2.172476
2.169234
2.167486
2.173197
2.173113
2.166622
2.158041
2.165803
2.170705
2.161637
2.165993
2.170048
2.168586
2.158411
2.152138
2.161439
2.162343
2.152753
2.161146
2.162929
2.160861
2.148857
2.145478
2.154192
2.151379
2.144588
2.154115
2.154033
2.151716
2.139750
2.141453
2.150992
2.148089
2.146413
2.154514
2.155236
2.151384
2.137285
2.143078
2.145254
2.140099
2.137681
2.140055
2.138026
2.131097
2.120925
2.127738
2.126927
2.122304
2.118380
2.113362
2.104986
2.090861
2.077811
2.072158
2.059853
2.047864
2.039306
2.035125
2.034272
2.034235
2.038682
2.047327
2.054109
2.062513
2.072374
2.080327
2.086145
2.089289
2.091796
2.093760
2.093439
2.093073
2.092396
2.091190
2.088887
2.085794
2.082785
2.081209
2.084498
2.080264
2.080601
2.066571
2.057714
2.059113
2.065058
2.063178
2.071549
2.079973
2.079563
2.076802
2.075143
2.074897
2.075384
2.077887
2.081615
2.081224
2.080059
2.080128
2.081360
2.081283
2.081369
2.080893
2.080130
2.080606
2.080727
2.081184
2.080766
2.080204
2.079934
2.078034
2.076772
2.074976
2.072982
2.070312
2.067806
2.066750
2.066057
2.066577
2.068168
2.069786
2.071727
2.073216
2.074423
2.076030
2.076767
2.078547
2.080882
2.083263
2.085550
2.086593
2.087877
2.087661
2.087828
2.087563
2.087518
2.086970
2.084352
2.081941
2.080226
2.078562
2.078189
2.078444
2.078906
2.080100
2.083337
2.086517
2.088009
2.087805
2.088074
2.087643
2.086611
2.085662
2.085254
2.084496
2.082554
2.078222
2.078603
2.077066
2.076560
2.079399
2.081353
2.081487
2.078930
2.074062
2.073489
2.068040
2.062007
2.055205
2.047877
2.042766
2.036545
2.036353
2.039966
2.041976
2.044598
2.045941
2.046506
2.045883
2.044142
2.044539
2.046299
2.045242
2.043722
2.042821
2.043469
2.043385
2.046090
2.050713
2.054040
2.056953
2.058393
2.059816
2.061180
2.061192
2.060325
2.060682
2.059657
2.055632
2.055591
2.058545
2.058669
2.059615
2.061471
2.061335
2.057440
2.056754
2.059898
2.059783
2.059429
2.060512
2.059763
2.055960
2.056343
2.061800
2.064287
2.066947
2.072049
2.075650
2.075383
2.076405
2.078266
2.078071
2.078564
2.079739
2.079958
2.079734
2.081627
2.085257
2.085190
2.082949
2.074422
2.069471
2.074395
2.084795
2.090759
2.092869
2.093275
2.085618
2.068903
2.073269
2.078931
2.093725
2.101058
2.101396
2.099840
2.090592
2.075799
2.083772
2.091721
2.096555
2.098480
2.094793
2.092777
2.082721
2.069585
2.073135
2.085410
2.087002
2.082296
2.076840
2.078872
2.069836
2.054946
2.055787
2.075430
2.074752
2.067556
2.055565
2.062622
2.049477
2.033194
2.046716
2.065100
2.058799
2.044429
2.038341
2.045386
2.027077
2.024634
2.047732
2.057818
2.044923
2.026943
2.029334
2.022865
2.018586
2.033903
2.050416
2.039319
2.024521
2.013022
2.015247
2.011358
2.015191
2.036609
2.029591
2.019477
2.005590
2.003338
2.004003
2.003929
2.011023
2.026081
2.013993
2.006210
2.001469
2.002586
2.003333
2.002729
2.026182
2.013953
2.010929
2.007713
2.004554
2.011079
2.002187
2.018499
2.018291
2.015784
2.016687
2.011908
2.016488
2.012280
2.011806
2.026256
2.018368
2.019987
2.018180
2.017918
2.021106
2.013403
2.028871
2.018830
2.016865
2.019060
2.016194
2.023080
2.021006
2.021341
2.016250
2.005830
2.010211
2.015098
2.023944
2.028615
2.019267
2.016471
2.004750
2.001020
2.005497
2.027718
2.045088
2.024811
2.019722
2.010017
2.001133
2.005954
2.033987
2.060572
2.040485
2.018155
2.013112
2.007017
2.011486
2.046962
2.082205
2.068764
2.030017
2.021556
2.016256
2.014407
2.052780
2.085414
2.077566
2.053259
2.030768
2.024310
2.018777
2.050186
2.072540
2.080511
2.066565
2.046692
2.036367
2.028430
2.042765
2.064601
2.072120
2.071161
2.061350
2.053449
2.041813
2.040073
2.064507
2.065060
2.079109
2.072382
2.067322
2.057700
2.042976
2.065322
2.062744
2.087750
2.086248
2.082219
2.078555
2.057054
2.069711
2.069450
2.099289
2.104196
2.102802
2.104069
2.084836
2.081465
2.087184
2.113484
2.124535
2.124968
2.127277
2.118145
2.105563
2.113266
2.128684
2.140098
2.139825
2.140943
2.139770
2.133396
2.137764
2.141861
2.148870
2.149711
2.149724
2.150239
2.150311
2.151809
2.153355
2.155520
2.156214
2.156499
2.156800
2.158318
2.159067
2.159754
2.160330
2.161206
2.161691
2.161336
2.161705
2.162046
2.162712
2.163489
2.163870
2.163736
2.163734
2.163813
2.164211
2.164244
2.164525
2.164245
2.164127
2.164220
2.164555
2.164165
2.165054
2.166447
2.167928
2.169014
2.169747
2.170722
2.171170
2.172478
2.173569
2.174065
2.174332
2.174467
2.175017
2.174329
2.174097
2.173932
2.174208
2.174464
2.174134
2.173926
2.172754
2.172651
2.172102
2.171785
2.171562
2.171332
2.171484
2.170299
2.169937
2.169107
2.168182
2.167528
2.167106
2.166889
2.165124
2.164532
2.164240
2.163603
2.162899
2.162402
2.162696
2.162240
2.162836
2.163350
2.163451
2.164117
2.164693
2.165504
2.165505
2.165892
2.165613
2.163501
2.162235
2.160701
2.159548
2.158791
2.157487
2.156066
2.155072
2.157271
2.157643
2.158461
2.160575
2.162852
2.167334
2.169453
2.167723
2.166406
2.165834
2.167706
2.167780
2.167462
2.163787
2.163992
2.160349
2.164486
2.161966
2.162378
2.164642
2.163029
2.162452
2.154904
2.162900
2.163851
2.166725
2.165776
2.160457
2.154387
2.157725
2.165135
2.164721
2.162329
2.163519
2.164915
2.159279
2.141250
2.154043
2.160645
2.164313
2.163399
2.157894
2.159235
2.151043
2.153023
2.160330
2.159178
2.163271
2.166632
2.168564
2.160356
2.157412
2.161384
2.168087
2.169097
2.162673
2.168791
2.167243
2.171683
2.163389
2.160231
2.165000
2.166873
2.170827
2.160752
2.164090
2.157078
2.164229
2.160435
2.154745
2.164559
2.158881
2.163107
2.149288
2.145842
2.159578
2.155925
2.159765
2.149547
2.157074
2.155588
2.152650
2.155547
2.145569
2.157076
2.144848
2.149544
2.149008
2.145004
2.158605
2.153426
2.160203
2.153981
2.153512
2.158481
2.155575
2.158797
2.146973
2.145757
2.144758
2.148524
2.157310
2.152489
2.157972
2.153773
2.157449
2.158524
2.150195
2.156997
2.150301
2.155740
2.153918
2.144119
2.149411
2.144315
2.150013
2.148325
2.142563
2.147729
2.146046
2.149124
2.145085
2.142311
2.145063
2.145566
2.147277
2.142898
2.141118
2.143365
2.146114
2.147244
2.143019
2.142174
2.143521
2.144256
2.145929
2.144541
2.144737
2.145702
2.146620
2.148271
2.149410
2.150208
2.154061
2.157493
2.161060
2.166470
2.171044
2.174253
2.176268
2.177113
2.175697
2.175140
2.175809
2.176268
2.175837
2.175907
2.176022
2.175001
2.174461
2.174779
2.174913
2.175258
2.175263
2.174535
2.173517
2.173207
2.173249
2.172988
2.173678
2.174507
2.173342
2.172711
2.172678
2.172536
2.171553
2.170656
2.171661
2.171113
2.170900
2.170845
2.170457
2.169943
2.168158
2.168313
2.169308
2.169071
2.168808
2.168459
2.167387
2.166253
2.165177
2.166941
2.166197
2.166107
2.166174
2.164984
2.163765
2.162152
2.163844
2.162882
2.162619
2.162870
2.162466
2.161071
2.160386
2.161257
2.160739
2.159985
2.160443
2.160352
2.158825
2.156616
2.154455
2.152934
2.150669
2.149969
2.149743
2.148726
2.148485
2.148942
2.150324
2.150768
2.150974
2.152227
2.153774
2.154120
2.155069
2.156469
2.157534
2.157274
2.157874
2.159669
2.159854
2.159529
2.160063
2.160910
2.159469
2.159760
2.160933
2.161456
2.160400
2.161188
2.161982
2.161656
2.161118
2.161605
2.163147
2.162421
2.162876
2.163526
2.163573
2.163353
2.163544
2.164797
2.164217
2.163934
2.165000
2.165758
2.165933
2.166020
2.166152
2.166780
2.166001
2.166932
2.167851
2.168539
2.168649
2.168177
2.169144
2.168301
2.168990
2.169979
2.170516
2.171077
2.170581
2.171077
2.171255
2.171243
2.171742
2.172334
2.173438
2.172678
2.172744
2.173383
2.173090
2.173120
2.173960
2.174733
2.174868
2.174224
2.174761
2.175279
2.175015
2.175649
2.176574
2.177090
2.176042
2.176403
2.176961
2.176250
2.176822
2.177533
2.178324
2.177270
2.177209
2.177738
2.177693
2.177901
2.178840
2.179106
2.178511
2.178491
2.178825
2.178910
2.179003
2.179534
2.179964
2.179391
2.179232
2.179650
2.179580
2.179740
2.180259
2.180787
2.180282
2.180299
2.180870
2.180513
2.180685
2.181042
2.181442
2.180997
2.180995
2.181368
2.181556
2.181282
2.181715
2.182012
2.181758
2.181560
2.181958
2.182035
2.181869
2.181829
2.182152
2.182254
2.182156
2.182214
2.182487
2.182369
2.182465
2.182751
2.182714
2.182720
2.182556
2.182556
2.182423
2.182565
2.182870
2.182941
2.183083
2.182886
