10.014000
2.279119
2.278943
2.278827
2.279154
2.279045
2.279266
2.279218
2.279351
2.279159
2.278805
2.278735
2.278786
2.278858
2.278707
2.278653
2.278802
2.278728
2.278917
2.279080
2.279224
2.279007
2.278997
2.279041
2.279009
2.278852
2.278978
2.278987
2.278965
2.279097
2.279107
2.279064
2.279221
2.278888
2.278924
2.279014
2.279150
2.279022
2.279149
2.279139
2.278968
2.279082
2.279118
2.279183
2.279187
2.279258
2.279355
2.279273
2.279049
2.279254
2.279111
2.279220
2.278938
2.279105
2.279191
2.279287
2.279354
2.278920
2.278988
2.279508
2.279029
2.279202
2.278982
2.279261
2.279361
2.279372
2.279282
2.279268
2.279271
2.278960
2.278827
2.278973
2.279003
2.278944
2.278950
2.278990
2.279152
2.279184
2.279229
2.279129
2.279066
2.278996
2.279055
2.279146
2.279205
2.279274
2.279227
2.279240
2.279185
2.279153
2.279246
2.279321
2.279249
2.279018
2.279288
2.279228
2.279212
2.279144
2.279152
2.279285
2.279089
2.279063
2.279224
2.279177
2.279040
2.279026
2.279052
2.279359
2.279171
2.279190
2.279236
2.279153
2.279056
2.279136
2.279184
2.279015
2.279013
2.279257
2.279093
2.279261
2.279061
2.279070
2.278938
2.279112
2.279012
2.278813
2.279029
2.279148
2.279217
2.279310
2.279235
2.279095
2.279092
2.279300
2.279200
2.279187
2.279258
2.279338
2.279390
2.279388
2.279423
2.279250
2.279314
2.278985
2.279208
2.279076
2.279008
2.279344
2.279157
2.279083
2.279392
2.279171
2.279022
2.279104
2.278965
2.279109
2.279299
2.279047
2.279141
2.279044
2.279122
2.279152
2.279311
2.279052
2.278879
2.278924
2.279075
2.279059
2.279075
2.278827
2.279167
2.279067
2.279013
2.278895
2.278756
2.279050
2.278920
2.278903
2.278953
2.278954
2.278824
2.278845
2.278827
2.278882
2.278754
2.278797
2.278869
2.278874
2.278987
2.278910
2.278974
2.278995
2.279108
2.278799
2.278979
2.278760
2.279004
2.278957
2.279102
2.279066
2.279192
2.279119
2.279207
2.278901
2.279024
2.278804
2.278954
2.279302
2.279259
2.279351
2.279298
2.279079
2.278954
2.278590
2.278975
2.278875
2.278644
2.279027
2.278872
2.278901
2.278852
2.278760
2.278693
2.278892
2.278970
2.279002
2.278787
2.278764
2.278983
2.279083
2.279074
2.278999
2.279087
2.279212
2.279158
2.278934
2.279010
2.279134
2.279124
2.279224
2.279227
2.279361
2.279065
2.279100
2.279040
2.279186
2.278969
2.278889
2.279126
2.278997
2.279029
2.279169
2.278859
2.279029
2.279059
2.279027
2.279207
2.279021
2.279015
2.279124
2.278966
2.279129
2.278960
2.279076
2.279024
2.279076
2.279081
2.278983
2.278799
2.279013
2.278899
2.278792
2.278858
2.278951
2.279021
2.279089
2.279127
2.279084
2.279163
2.279114
2.279041
2.279388
2.279412
2.279162
2.279461
2.279347
2.279289
2.279197
2.279147
2.279106
2.279157
2.279094
2.278972
2.279037
2.279117
2.278913
2.278993
2.279327
2.279466
2.279369
2.279279
2.279211
2.279316
2.279285
2.279144
2.279106
2.279243
2.279445
2.279215
2.279222
2.279183
2.279394
2.279379
2.279337
2.279275
2.279388
2.279467
2.279377
2.279321
2.279359
2.279242
2.279217
2.279459
2.279052
2.279114
2.279215
2.279152
2.279203
2.279222
2.279219
2.279087
2.279101
2.279124
2.279174
2.279302
2.279363
2.279159
2.279106
2.278987
2.278946
2.279326
2.279144
2.279305
2.279236
2.279048
2.279056
2.278861
2.279370
2.279059
2.279179
2.279281
2.279135
2.279177
2.279010
2.278914
2.279094
2.279208
2.279289
2.279251
2.279374
2.279137
2.278908
2.279027
2.279237
2.278936
2.278925
2.279025
2.279086
2.278901
2.278864
2.278866
2.279176
2.279068
2.278942
2.279084
2.279163
2.279189
2.279269
2.279176
2.279088
2.278995
2.279094
2.279595
2.279275
2.279399
2.279079
2.279040
2.279183
2.279111
2.279010
2.279122
2.279370
2.279486
2.279338
2.279327
2.279161
2.279410
2.279456
2.279427
2.279176
2.279291
2.279209
2.279214
2.279206
2.279185
2.279304
2.279131
2.279087
2.279213
2.279199
2.278977
2.278892
2.278903
2.278969
2.279133
2.278963
2.278947
2.278988
2.279115
2.279003
2.278905
2.279262
2.279168
2.279119
2.279093
2.279270
2.279332
2.279154
2.279209
2.279099
2.278953
2.279281
2.279408
2.279063
2.279351
2.279269
2.279325
2.278934
2.278745
2.278990
2.279241
2.279076
2.279180
2.279303
2.279169
2.279083
2.279244
2.279323
2.279273
2.279198
2.279330
2.279161
2.279438
2.279281
2.279305
2.279232
2.279185
2.278872
2.278999
2.278878
2.279000
2.279168
2.279253
2.279112
2.279109
2.279166
2.278883
2.279032
2.279082
2.279106
2.279084
2.279087
2.279158
2.279100
2.279016
2.279310
2.279156
2.279198
2.279134
2.279142
2.279291
2.279168
2.279263
2.279311
2.279179
2.279031
2.279254
2.278931
2.279069
2.279048
2.278966
2.279021
2.278853
2.278984
2.279097
2.278972
2.278948
2.279032
2.279166
2.279156
2.278977
2.278979
2.278959
2.278769
2.278848
2.279124
2.279033
2.279157
2.279170
2.279129
2.278924
2.278998
2.278799
2.278700
2.278746
2.278728
2.278730
2.278792
2.278730
2.278744
2.278764
2.278752
2.278400
2.278595
2.278804
2.278779
2.279031
2.278811
2.278780
2.278755
2.278822
2.278840
2.278983
2.278846
2.278945
2.278659
2.278637
2.278675
2.278701
2.278658
2.278659
2.278867
2.278696
2.278501
2.278624
2.278638
2.278591
2.278587
2.278640
2.278382
2.278684
2.278627
2.278737
2.278605
2.278672
2.278563
2.278692
2.278625
2.278782
2.278804
2.278669
2.278687
2.278880
2.278758
2.278646
2.278833
2.278779
2.278531
2.278640
2.278756
2.278443
2.278409
2.278718
2.278801
2.278762
2.278745
2.278897
2.278574
2.278717
2.278823
2.279143
2.278847
2.278709
2.278942
2.278633
2.278521
2.278355
2.278702
2.278484
2.278526
2.278432
2.278821
2.278741
2.278654
2.278605
2.278558
2.278523
2.278368
2.278669
2.278828
2.278562
2.278560
2.278382
2.278565
2.278373
2.278311
2.278591
2.278438
2.278394
2.278475
2.278469
2.278240
2.278422
2.278341
2.278584
2.278215
2.278458
2.278409
2.278594
2.278488
2.278687
2.278332
2.278653
2.278655
2.278715
2.279014
2.278736
2.278842
2.278734
2.278601
2.278705
2.278873
2.278678
2.278658
2.278631
2.278702
2.278983
2.279108
2.279218
2.278969
2.278929
2.278438
2.274527
2.279009
2.278827
2.278938
2.278627
2.278607
2.278617
2.278627
2.278710
2.278684
2.278487
2.278751
2.278815
2.278712
2.278519
2.278850
2.278652
2.278711
2.278868
2.278868
2.278910
2.278801
2.278684
2.278707
2.278788
2.278799
2.278723
2.278967
2.278611
2.278811
2.278985
2.278568
2.278728
2.278866
2.278935
2.278963
2.278850
2.278666
2.278589
2.278883
2.278804
2.278752
2.278813
2.278759
2.278757
2.278408
2.278559
2.278628
2.278559
2.278633
2.278486
2.278252
2.278214
2.278311
2.278450
2.278512
2.278309
2.278466
2.278588
2.278516
2.278532
2.278375
2.278634
2.278519
2.278477
2.278405
2.278867
2.278475
2.278807
2.278632
2.278448
2.278471
2.278448
2.278474
2.278621
2.278532
2.278369
2.278257
2.278482
2.278569
2.278602
2.278356
2.278582
2.278624
2.278352
2.278458
2.278443
2.278359
2.278573
2.278499
2.278505
2.278612
2.278426
2.278562
2.278579
2.278630
2.278563
2.278444
2.278478
2.278462
2.278650
2.278525
2.278521
2.278707
2.278609
2.278340
2.278635
2.278457
2.278688
2.278433
2.278563
2.278774
2.278699
2.278798
2.278644
2.278533
2.278560
2.278690
2.278385
2.278365
2.278367
2.278413
2.278504
2.278264
2.278275
2.278557
2.278526
2.278485
2.278313
2.278544
2.278174
2.278254
2.278134
2.278436
2.278292
2.278373
2.278304
2.278575
2.278476
2.278613
2.278551
2.278518
2.278355
2.278514
2.278473
2.278336
2.278448
2.278254
2.278408
2.278809
2.278722
2.278507
2.278526
2.278677
2.278667
2.278603
2.278485
2.278321
2.278484
2.278526
2.278680
2.278580
2.278444
2.278472
2.278697
2.278604
2.278500
2.278639
2.278590
2.278699
2.278551
2.278754
2.278640
2.278726
2.278450
2.278342
2.278591
2.278696
2.278727
2.278893
2.279135
2.278893
2.279022
2.278739
2.278690
2.278731
2.278618
2.278414
2.278360
2.278354
2.278450
2.278555
2.278300
2.278402
2.278558
2.278342
2.278578
2.278675
2.278549
2.278663
2.278640
2.278706
2.278590
2.278491
2.278639
2.278920
2.278612
2.278543
2.278684
2.278554
2.278382
2.278667
2.278641
2.278744
2.278569
2.278773
2.278538
2.278502
2.278191
2.278323
2.278348
2.278377
2.278137
2.278268
2.278628
2.278465
2.278548
2.278606
2.278414
2.278340
2.278501
2.278293
2.278351
2.278703
2.278447
2.278555
2.278486
2.278485
2.278464
2.278553
2.278461
2.278584
2.278431
2.278715
2.278604
2.278642
2.278602
2.278700
2.278438
2.278358
2.278530
2.278669
2.278526
2.278671
2.278495
2.278554
2.278471
2.278405
2.278416
2.278478
2.278322
2.278693
2.278468
2.278761
2.278505
2.278478
2.278423
2.278454
2.278462
2.278499
2.278632
2.278510
2.278511
2.278697
2.278543
2.278564
2.278594
2.278591
2.278517
2.278606
2.278774
2.278646
2.278705
2.278684
2.278841
2.278718
2.278830
2.278841
2.278928
2.278832
2.278711
2.278798
2.278581
2.278697
2.278792
2.278543
2.278670
2.278814
2.278601
2.278870
2.278724
2.278873
2.278839
2.278624
2.278433
2.278591
2.278598
2.278643
2.278576
2.278918
2.278745
2.278596
2.278433
2.278825
2.278685
2.278575
2.278551
2.278477
2.278656
2.278621
2.278535
2.278689
2.278586
2.278640
2.278686
2.278556
2.278458
2.278786
2.278864
2.278931
2.278729
2.278654
2.278472
2.278872
2.278628
2.278873
2.278626
2.278696
2.278845
2.278747
2.278799
2.278844
2.278776
2.279128
2.278821
2.278960
2.278863
2.278705
2.278688
2.278723
2.278948
2.278781
2.278464
2.278749
2.278724
2.278644
2.278996
2.278748
2.278577
2.278601
2.278618
2.278717
2.278748
2.278771
2.278849
2.278733
2.278586
2.278677
2.278514
2.278659
2.278616
2.278728
2.278556
2.278641
2.278576
2.278611
2.278860
2.278544
2.278613
2.278497
2.278661
2.278730
2.278668
2.278668
2.278576
2.278600
2.278827
2.278611
2.278836
2.278776
2.278575
2.278755
2.278884
2.278402
2.278807
2.278770
2.278664
2.278596
2.278782
2.278734
2.278563
2.278695
2.278897
2.278607
2.278827
2.278500
2.278703
2.278902
2.278969
2.278723
2.278875
2.278770
2.278934
2.278895
2.278917
2.278941
2.278761
2.278923
2.278810
2.278550
2.278670
2.278730
2.278966
2.278888
2.278615
2.278650
2.278631
2.278447
2.278275
2.278235
2.278652
2.278693
2.278798
2.278695
2.278823
2.278678
2.278663
2.278657
2.278762
2.278682
2.278485
2.278497
2.278642
2.278702
2.278469
2.278696
2.278456
2.278626
2.278699
2.278708
2.278440
2.278659
2.278550
2.278685
2.278652
2.278526
2.278783
2.278665
2.278820
2.278916
2.278886
2.278835
2.278803
2.279025
2.279076
2.278908
2.278662
2.278549
2.278764
2.278445
2.278540
2.278547
2.278666
2.278661
2.278685
2.278656
2.278829
2.278664
2.278696
2.278777
2.278993
2.278708
2.278885
2.278711
2.278736
2.278551
2.278457
2.278584
2.278402
2.278528
2.278593
2.278610
2.278508
2.278486
2.278562
2.278673
2.278639
2.278647
2.278475
2.278752
2.278808
2.278653
2.278493
2.278733
2.278582
2.278603
2.278697
2.278633
2.278692
2.278869
2.278860
2.278873
2.278860
2.278783
2.278576
2.278653
2.278566
2.278728
2.278706
2.278696
2.278520
2.278609
2.278700
2.278389
2.278544
2.278616
2.278340
2.278696
2.278670
2.278563
2.278746
2.278811
2.278816
2.279028
2.278885
2.278585
2.278743
2.278793
2.278656
2.278745
2.278752
2.278818
2.278746
2.278774
2.278873
2.278720
2.278624
2.278646
2.278670
2.278467
2.278464
2.278568
2.278685
2.278619
2.278832
2.278908
2.278624
2.278740
2.278896
2.278641
2.278827
2.278722
2.278797
2.278765
2.278550
2.278767
2.278646
2.278790
2.278795
2.278694
2.278913
2.278528
2.278804
2.278662
2.278569
2.278798
2.278642
2.278605
2.278467
2.278439
2.278395
2.278587
2.278564
2.278467
2.278739
2.278581
2.278433
2.278677
2.278569
2.278336
2.278441
2.278566
2.278576
2.278202
2.278134
2.278330
2.278018
2.278153
2.278410
2.278383
2.278542
2.278324
2.278639
2.278329
2.278231
2.278477
2.278527
2.278538
2.278608
2.278458
2.278452
2.278400
2.278434
2.278550
2.278616
2.278323
2.278514
2.278634
2.278513
2.278332
2.278512
2.278433
2.278459
2.278596
2.278696
2.278666
2.278574
2.278610
2.278488
2.278253
2.278371
2.278727
2.278467
2.278425
2.278585
2.278292
2.278428
2.278482
2.278224
2.278376
2.278238
2.278380
2.278284
2.278410
2.278282
2.278185
2.278242
2.278516
2.278326
2.278190
2.278467
2.278291
2.277939
2.278283
2.278440
2.278129
2.277921
2.277946
2.278237
2.278391
2.278545
2.278495
2.278327
2.278368
2.278541
2.278309
2.278202
2.278444
2.278455
2.278122
2.278252
2.278292
2.278359
2.278453
2.278293
2.278246
2.278010
2.278468
2.278056
2.278371
2.278352
2.278320
2.278483
2.278434
2.278478
2.278524
2.278419
2.278193
2.278430
2.278338
2.277907
2.277840
2.278103
2.278079
2.278038
2.278154
2.278070
2.277974
2.278449
2.278270
2.278384
2.278402
2.278454
2.278472
2.278414
2.278359
2.278491
2.278654
2.278422
2.278310
2.278205
2.278215
2.278342
2.278372
2.278373
2.278070
2.278315
2.278056
2.278200
2.278295
2.278290
2.278296
2.278258
2.278184
2.278393
2.278306
2.278242
2.278395
2.278270
2.278463
2.278535
2.278494
2.278656
2.278548
2.278656
2.278641
2.278735
2.278665
2.278867
2.278750
2.278672
2.278475
2.278265
2.278373
2.278246
2.278259
2.278223
2.278338
2.278343
2.278280
2.278101
2.278267
2.278439
2.278383
2.278299
2.278513
2.278464
2.278340
2.278516
2.278289
2.278461
2.278397
2.278271
2.278102
2.278347
2.278190
2.278191
2.278541
2.278047
2.278253
2.278243
2.278245
2.278349
2.278183
2.278118
2.278194
2.278367
2.278361
2.278414
2.278084
2.278160
2.278289
2.278247
2.278391
2.278112
2.278422
2.278372
2.278228
2.278329
2.278427
2.278541
2.278311
2.278448
2.278585
2.278525
2.278242
2.278487
2.278327
2.278486
2.278602
2.278384
2.278478
2.278597
2.278473
2.278516
2.278441
2.278339
2.278519
2.278340
2.278286
2.278596
2.278550
2.278659
2.278396
2.278383
2.278341
2.278447
2.278338
2.278517
2.278525
2.278595
2.278561
2.278497
2.278461
2.278500
2.278544
2.278309
2.278454
2.278373
2.278322
2.278289
2.278236
2.278159
2.278165
2.278484
2.278419
2.278445
2.278382
2.278282
2.278304
2.278472
2.278424
2.278332
2.278230
2.278214
2.278357
2.278196
2.278151
2.278193
2.278305
2.278263
2.278218
2.278644
2.278346
2.278454
2.278610
2.278242
2.278264
2.278174
2.278255
2.278475
2.278382
2.278360
2.278455
2.278396
2.278335
2.278538
2.278573
2.278495
2.278490
2.278505
2.278174
2.278316
2.278355
2.278294
2.278253
2.278363
2.278112
2.278325
2.278374
2.278448
2.278400
2.278432
2.278460
2.278532
2.278597
2.278628
2.278687
2.278711
2.278535
2.278295
2.278269
2.278255
2.278208
2.278250
2.278439
2.278364
2.278215
2.278072
2.278196
2.278226
2.278430
2.278493
2.278541
2.278402
2.278387
2.278407
2.278402
2.278578
2.278441
2.278333
2.278667
2.278334
2.278435
2.278401
2.278506
2.278522
2.278608
2.278557
2.278473
2.278513
2.278358
2.278275
2.278302
2.278383
2.278172
2.278296
2.278214
2.278309
2.278306
2.278138
2.278373
2.278337
2.278206
2.278531
2.278631
2.278672
2.278569
2.278495
2.278240
2.278293
2.278211
2.278449
2.278337
2.278467
2.278436
2.278489
2.278135
2.278484
2.278317
2.278466
2.278330
2.278578
2.278291
2.278332
2.278441
2.278513
2.278648
2.278575
2.278732
2.278803
2.278780
2.278489
2.278513
2.278425
2.278538
2.278295
2.278467
2.278367
2.278448
2.278293
2.278277
2.278303
2.278431
2.278328
2.278192
2.278429
2.278385
2.278284
2.278225
2.278467
2.278144
2.278208
2.278209
2.278491
2.278758
2.278284
2.278219
2.278063
2.278098
2.278212
2.278205
2.278267
2.278308
2.278125
2.278112
2.278250
2.278120
2.278060
2.278314
2.278129
2.278224
2.278181
2.278324
2.278111
2.277933
2.278256
2.278254
2.278159
2.278314
2.278251
2.278089
2.278084
2.278231
2.278419
2.278585
2.278371
2.278324
2.278258
2.278234
2.278324
2.278556
2.278463
2.278368
2.278087
2.278081
2.278328
2.278323
2.278041
2.278070
2.278233
2.278113
2.278157
2.278178
2.278599
2.278389
2.278298
2.278147
2.278022
2.278275
2.277916
2.278013
2.277989
2.278113
2.278069
2.278224
2.277822
2.277993
2.277947
2.278221
2.278028
2.278093
2.278047
2.278057
2.278389
2.278415
2.278262
2.278130
2.278257
2.278125
2.278199
2.277964
2.278233
2.278143
2.278253
2.278063
2.278123
2.277948
2.278120
2.277954
2.278244
2.278104
2.278271
2.278379
2.278119
2.278009
2.278086
2.278206
2.278282
2.278222
2.278268
2.278126
2.278324
2.278215
2.278234
2.278130
2.278337
2.278386
2.278164
2.278243
2.278106
2.278156
2.278166
2.278143
2.278175
2.278072
2.278176
2.278218
2.278268
2.278022
2.278133
2.278236
2.277994
2.278177
2.278265
2.278178
2.278002
2.278003
2.278181
2.278341
2.278412
2.278196
2.278540
2.278420
2.278048
2.278060
2.278056
2.278196
2.278367
2.278143
2.278183
2.278208
2.278043
2.278146
2.278565
2.278165
2.278264
2.278286
2.278171
2.278382
2.278374
2.278371
2.278293
2.278204
2.278065
2.278254
2.278046
2.278147
2.278125
2.278401
2.278271
2.278115
2.278274
2.278359
2.278248
2.278126
2.278127
2.278207
2.278497
2.278445
2.278435
2.278543
2.278540
2.278416
2.278297
2.278457
2.278367
2.278334
2.278344
2.278173
2.278069
2.278084
2.278138
2.278278
2.278238
2.278306
2.278072
2.278215
2.278163
2.278255
2.278324
2.278434
2.278132
2.278101
2.278042
2.278205
2.278134
2.278314
2.278205
2.277968
2.277874
2.278033
2.277975
2.277917
2.278185
2.278188
2.278212
2.278028
2.278233
2.278298
2.278131
2.278067
2.277942
2.278040
2.278184
2.277953
2.278098
2.277856
2.277898
2.278110
2.278207
2.278028
2.277871
2.277918
2.277946
2.278066
2.278062
2.278072
2.278091
2.278091
2.278101
2.278000
2.278079
2.277968
2.277941
2.278085
2.278005
2.277718
2.277969
2.278002
2.277924
2.277878
2.277835
2.277842
2.277886
2.277904
2.278085
2.277994
2.277897
2.277925
2.277987
2.277966
2.277802
2.277933
2.278087
2.277992
2.277938
2.278317
2.278063
2.278002
2.278045
2.278036
2.278053
2.278219
2.277904
2.277974
2.277855
2.278033
2.278113
2.277960
2.278157
2.278026
2.278028
2.277969
2.278043
2.278185
2.278159
2.278092
2.277801
2.278064
2.278045
2.278037
2.277994
2.277921
2.278016
2.277747
2.277631
2.277634
2.277662
2.277719
2.277935
2.277635
2.277618
2.277634
2.277713
2.277592
2.277655
2.277834
2.277632
2.277537
2.277722
2.277533
2.277992
2.278073
2.278062
2.277941
2.277847
2.277749
2.277853
2.277775
2.277774
2.277871
2.277679
2.277949
2.278051
2.277944
2.277725
2.277710
2.278008
2.277831
2.277821
2.277700
2.277747
2.277639
2.277724
2.277591
2.277676
2.277887
2.278026
2.277837
2.277607
2.277928
2.277815
2.277762
2.278035
2.277643
2.277734
2.277433
2.277567
2.277725
2.277597
2.277648
2.277812
2.277844
2.277834
2.277836
2.277853
2.277671
2.278025
2.277828
2.277793
2.277552
2.277822
2.278045
2.278095
2.278247
2.278072
2.277941
2.277972
2.277874
2.277852
2.278068
2.278033
2.277998
2.277886
2.278069
2.277827
2.277719
2.277716
2.277771
2.277797
2.277970
2.277864
2.277786
2.277994
2.277883
2.277781
2.277696
2.277973
2.277883
2.277930
2.277847
2.277736
2.277672
2.277712
2.277574
2.277828
2.277941
2.277954
2.278023
2.277936
2.277898
2.278084
2.278012
2.277920
2.278153
2.278057
2.278196
2.278075
2.278003
2.277938
2.278144
2.278143
2.277952
2.278098
2.278084
2.278013
2.278016
2.277858
2.278088
2.278047
2.278115
2.277853
2.277938
2.277951
2.277746
2.277771
2.277935
2.278020
2.278059
2.277763
2.277943
2.277754
2.277810
2.277852
2.277887
2.277722
2.277797
2.278033
2.278288
2.278154
2.278007
2.277861
2.277852
2.277833
2.277687
2.277904
2.278008
2.277890
2.277720
2.277769
2.277954
2.277951
2.277761
2.277794
2.277941
2.278066
2.278084
2.278079
2.278210
2.277955
2.277900
2.277923
2.277820
2.277950
2.278126
2.278134
2.277894
2.277989
2.277879
2.278079
2.278309
2.277982
2.277950
2.278229
2.278053
2.278105
2.278072
2.278212
2.277826
2.277820
2.277978
2.278188
2.278208
2.278282
2.278056
2.278000
2.278128
2.277935
2.278373
2.278066
2.277942
2.278259
2.278178
2.278083
2.278103
2.278113
2.278139
2.278258
2.278107
2.278132
2.278109
2.278230
2.278164
2.278273
2.278242
2.278279
2.278337
2.278404
2.278120
2.278050
2.278107
2.278379
2.278154
2.278200
2.278298
2.278332
2.278489
2.278181
2.278085
2.277843
2.277969
2.277949
2.277744
2.277920
2.278179
2.277817
2.277983
2.277898
2.278087
2.277957
2.278048
2.278123
2.277994
2.278123
2.278136
2.278035
2.278084
2.278091
2.277912
2.278023
2.278021
2.278114
2.278134
2.277999
2.277984
2.278118
2.278129
2.278112
2.278088
2.278019
2.278214
2.277943
2.278122
2.277906
2.278195
2.278181
2.277899
2.277996
2.277985
2.277965
2.278056
2.278273
2.278124
2.278090
2.278011
2.277905
2.277884
2.278028
2.278064
2.277752
2.278347
2.278019
2.277989
2.278136
2.277923
2.277984
2.278003
2.278007
2.278108
2.278030
2.277887
2.278100
2.278066
2.278051
2.277989
2.278031
2.278149
2.278100
2.278287
2.278342
2.278135
2.278295
2.278396
2.278219
2.278009
2.278030
2.277924
2.277947
2.277907
2.277769
2.277691
2.277795
2.278061
2.278109
2.278016
2.277949
2.277929
2.278056
2.278216
2.277927
2.278051
2.277993
2.277919
2.277974
2.277750
2.277752
2.277677
2.277970
2.277943
2.278004
2.277995
2.277963
2.277947
2.277794
2.277641
2.277985
2.278030
2.278038
2.278025
2.278110
2.278112
2.278207
2.278169
2.278079
2.277942
2.278230
2.278111
2.278232
2.278164
2.278123
2.278121
2.278074
2.278192
2.278277
2.278135
2.278157
2.277994
2.277983
2.278078
2.278104
2.277957
2.278172
2.278144
2.278162
2.278074
2.278078
2.278159
2.278219
2.277988
2.277842
2.278019
2.278008
2.278141
2.278071
2.278080
2.278038
2.278169
2.278110
2.277967
2.278019
2.277706
2.278010
2.277810
2.278072
2.277873
2.277825
2.277855
2.277921
2.277924
2.277984
2.277619
2.277856
2.277728
2.277887
2.277989
2.277971
2.277949
2.277746
2.277836
2.277905
2.277913
2.277814
2.277844
2.277740
2.277920
2.278019
2.277788
2.277993
2.278061
2.277912
2.278049
2.278090
2.277902
2.277985
2.277942
2.277979
2.277969
2.278008
2.278324
2.278152
2.278081
2.277926
2.278032
2.277638
2.278050
2.278109
2.277817
2.278011
2.277907
2.278107
2.278013
2.277935
2.278123
2.278094
2.278088
2.278089
2.277924
2.278021
2.277991
2.277817
2.278214
2.277986
2.278004
2.277964
2.278053
2.277945
2.277960
2.278101
2.277918
2.277952
2.277879
2.277744
2.278197
2.277783
2.278209
2.277835
2.277833
2.278055
2.277906
2.277871
2.278068
2.278178
2.277897
2.277808
2.277787
2.278304
2.278011
2.277833
2.277805
2.277951
2.278005
2.277744
2.277919
2.277906
2.277890
2.277879
2.277877
2.278004
2.277936
2.277980
2.277857
2.277795
2.277957
2.277602
2.277693
2.277722
2.277832
2.277973
2.277544
2.277852
2.277873
2.277991
2.278065
2.277789
2.277891
2.278160
2.277836
2.277713
2.277866
2.277798
2.277690
2.277893
2.277820
2.278001
2.278035
2.277916
2.277729
2.277822
2.277887
2.278032
2.277657
2.278004
2.278009
2.278037
2.277758
2.277710
2.277974
2.277587
2.277800
2.277520
2.277665
2.277726
2.277740
2.277969
2.277803
2.277984
2.277890
2.277747
2.277887
2.277824
2.277601
2.277827
2.277693
2.277902
2.277877
2.277711
2.277886
2.277699
2.277589
2.277803
2.277864
2.277660
2.278002
2.277762
2.277753
2.278019
2.277935
2.278003
2.277874
2.278039
2.278028
2.277999
2.278093
2.278060
2.278069
2.278132
2.278145
2.277924
2.278149
2.278094
2.278125
2.277786
2.277846
2.277749
2.277853
2.277687
2.277912
2.277860
2.277780
2.277770
2.277878
2.278056
2.277915
2.277747
2.277983
2.278039
2.277852
2.277960
2.277933
2.278013
2.277876
2.277817
2.278007
2.277858
2.277738
2.278013
2.277907
2.277665
2.277649
2.277722
2.277704
2.277738
2.277749
2.278032
2.277604
2.277768
2.277923
2.277944
2.278140
2.278235
2.278039
2.278037
2.278007
2.277820
2.277764
2.277563
2.277779
2.277892
2.277816
2.278113
2.277747
2.277873
2.277858
2.278011
2.277882
2.277917
2.278033
2.277852
2.277814
2.278100
2.278053
2.278134
2.277953
2.277998
2.277954
2.277951
2.277700
2.277679
2.277827
2.277844
2.277738
2.277815
2.278119
2.277879
2.277945
2.278020
2.277996
2.277911
2.278112
2.277980
2.278069
2.277697
2.277860
2.277790
2.277970
2.277961
2.277899
2.277904
2.278035
2.277730
2.278100
2.277908
2.277868
2.278012
2.277933
2.277834
2.277963
2.278037
2.277941
2.277756
2.277849
2.277767
2.277971
2.277950
2.277887
2.277779
2.278174
2.278016
2.277887
2.277954
2.277750
2.277906
2.277980
2.278140
2.278104
2.277809
2.278010
2.277991
2.277919
2.277867
2.277749
2.277615
2.277928
2.277868
2.277720
2.277559
2.277565
2.277704
2.277771
2.277625
2.277904
2.277593
2.277371
2.277530
2.277725
2.277620
2.277749
2.277716
2.277774
2.278106
2.278157
2.277724
2.277858
2.277869
2.277661
2.277762
2.277682
2.277641
2.277866
2.278014
2.277856
2.278024
2.277802
2.277821
2.277825
2.277697
2.277859
2.277861
2.277810
2.277875
2.278062
2.278003
2.277812
2.277735
2.277900
2.277894
2.277862
2.277988
2.278081
2.277799
2.277834
2.277985
2.277906
2.277788
2.277887
2.277861
2.277957
2.277952
2.278070
2.278075
2.278038
2.278128
2.278208
2.278252
2.278054
2.277976
2.278113
2.278097
2.278188
2.278184
2.278071
2.277975
2.277865
2.278035
2.278271
2.278003
2.278180
2.278051
2.278003
2.278007
2.278125
2.278068
2.277795
2.277863
2.277939
2.278085
2.277895
2.278013
2.278070
2.277896
2.277969
2.277797
2.278067
2.278200
2.278085
2.277920
2.278175
2.278185
2.278113
2.277839
2.277894
2.278169
2.277882
2.277991
2.277933
2.278216
2.277818
2.277806
2.277773
2.277922
2.277966
2.277910
2.277938
2.278256
2.278107
2.277973
2.278075
2.277672
2.277685
2.277868
2.277799
2.277894
2.278003
2.277849
2.277695
2.277836
2.277991
2.277873
2.277870
2.277822
2.278074
2.277823
2.277897
2.277854
2.277801
2.277866
2.277838
2.277893
2.278119
2.277885
2.277827
2.277643
2.277822
2.277907
2.277715
2.278076
2.277913
2.278033
2.277837
2.277907
2.277886
2.278137
2.278081
2.278005
2.277980
2.278260
2.278117
2.278289
2.278229
2.278233
2.278243
2.277980
2.278022
2.277983
2.278066
2.277809
2.277926
2.277972
2.277852
2.277927
2.278171
2.278044
2.278036
2.278000
2.278113
2.278082
2.278181
2.278032
2.278022
2.278087
2.278133
2.278138
2.277938
2.278184
2.278137
2.278071
2.278074
2.278104
2.278233
2.278309
2.278267
2.278192
2.277967
2.278029
2.278260
2.277927
2.277933
2.277952
2.277838
2.278064
2.278177
2.278005
2.277970
2.278078
2.278085
2.277941
2.278062
2.277961
2.277914
2.277973
2.278073
2.278044
2.277996
2.278038
2.278172
2.278240
2.277984
2.277972
2.278097
2.278301
2.278211
2.278138
2.278126
2.278284
2.277879
2.277873
2.278138
2.278069
2.277951
2.278055
2.277902
2.278008
2.277778
2.277840
2.277783
2.277720
2.277990
2.277905
2.277904
2.277831
2.277755
2.277692
2.277839
2.277729
2.277750
2.277967
2.278019
2.277910
2.277840
2.277936
2.278029
2.278033
2.278066
2.278134
2.277964
2.278109
2.278338
2.278105
2.277972
2.277929
2.278134
2.278154
2.278156
2.278455
2.278271
2.278176
2.278278
2.278185
2.277988
2.277838
2.277898
2.277825
2.277979
2.278084
2.277967
2.277779
2.278060
2.278265
2.277976
2.278042
2.278012
2.277963
2.277796
2.277700
2.277625
2.277752
2.277927
2.277946
2.278057
2.277941
2.277730
2.277668
2.277533
2.277956
2.277910
2.277866
2.278003
2.277836
2.277690
2.277703
2.277688
2.277605
2.277727
2.277889
2.277830
2.277982
2.277778
2.277970
2.277912
2.277902
2.278028
2.278088
2.278125
2.278057
2.278104
2.277999
2.278169
2.277999
2.277976
2.278129
2.277858
2.278061
2.278031
2.277808
2.277861
2.277954
2.277904
2.277959
2.278036
2.278132
2.278098
2.278144
2.278162
2.277845
2.278119
2.278091
2.278359
2.278163
2.278085
2.277955
2.277963
2.277937
2.277990
2.278198
2.277932
2.277923
2.278181
2.278116
2.278226
2.278051
2.278156
2.278111
2.278020
2.278167
2.278075
2.278161
2.278112
2.278192
2.278190
2.277918
2.278140
2.277889
2.278013
2.277991
2.277959
2.277961
2.278172
2.278128
2.278157
2.278085
2.277977
2.277907
2.277930
2.277876
2.277770
2.278015
2.277921
2.278075
2.277877
2.277889
2.277960
2.277908
2.277778
2.277870
2.277911
2.277762
2.277886
2.277824
2.277991
2.277979
2.277925
2.277953
2.277991
2.277850
2.277945
2.278235
2.278160
2.278175
2.278116
2.278045
2.277990
2.278229
2.277784
2.277991
2.277952
2.277889
2.278027
2.278063
2.278160
2.278305
2.278115
2.278318
2.278233
2.278364
2.277935
2.278036
2.278234
2.277980
2.277979
2.277667
2.277980
2.277886
2.278232
2.277922
2.277942
2.277917
2.278095
2.277832
2.277936
2.277796
2.278100
2.278144
2.277873
2.278048
2.277890
2.277864
2.278050
2.277881
2.278109
2.278044
2.278013
2.277809
2.277872
2.278224
2.278147
2.278053
2.278135
2.278116
2.277903
2.277753
2.277900
2.277766
2.277829
2.277571
2.277752
2.277848
2.277852
2.277889
2.278063
2.277780
2.277993
2.278017
2.278160
2.277955
2.278060
2.277961
2.278083
2.277938
2.277921
2.277948
2.277783
2.277942
2.277917
2.278107
2.277770
2.277950
2.277765
2.278048
2.277685
2.277654
2.277709
2.277811
2.277967
2.277792
2.278011
2.278009
2.277990
2.277752
2.277820
2.278012
2.277875
2.277818
2.277852
2.277840
2.277679
2.277959
2.277875
2.277977
2.277645
2.277845
2.277843
2.277898
2.277944
2.277697
2.277554
2.277940
2.278081
2.277833
2.277848
2.277882
2.277846
2.278017
2.277817
2.277887
2.277777
2.277861
2.277837
2.277728
2.277802
2.277728
2.277971
2.277969
2.277885
2.277730
2.277557
2.277884
2.277644
2.277604
2.277665
2.277704
2.277596
2.277715
2.277829
2.277550
2.277558
2.277696
2.277637
2.277651
2.277626
2.277609
2.277724
2.277583
2.277892
2.277625
2.277728
2.277534
2.277573
2.277763
2.277663
2.277786
2.277577
2.277716
2.277806
2.277862
2.277744
2.277777
2.277738
2.277642
2.277586
2.277964
2.278060
2.277901
2.277998
2.277998
2.277934
2.277849
2.278021
2.277890
2.277816
2.277848
2.278168
2.277972
2.277999
2.278023
2.277914
2.277902
2.277947
2.277971
2.277856
2.277904
2.277798
2.277789
2.277687
2.277827
2.278029
2.277884
2.277677
2.277833
2.277820
2.277976
2.277667
2.277858
2.277887
2.278150
2.277972
2.278025
2.278146
2.278002
2.278166
2.278042
2.277917
2.277810
2.277715
2.277814
2.277781
2.277713
2.278000
2.277949
2.277818
2.277890
2.277786
2.277923
2.278081
2.277905
2.277855
2.277895
2.277966
2.277860
2.277849
2.277864
2.277917
2.278048
2.278047
2.278020
2.277882
2.277778
2.277862
2.277721
2.277925
2.277828
2.277823
2.277828
2.277955
2.277951
2.278259
2.278199
2.277987
2.277947
2.278113
2.278048
2.278068
2.277933
2.278017
2.277876
2.278000
2.277904
2.277969
2.277711
2.277758
2.277541
2.277967
2.278102
2.277908
2.277852
2.277677
2.277796
2.278022
2.277889
2.277812
2.277912
2.277980
2.277948
2.277684
2.277821
2.277830
2.277709
2.277880
2.277846
2.278156
2.277910
2.277852
2.278047
2.277989
2.277997
2.277907
2.277721
2.277692
2.277963
2.277837
2.277703
2.278026
2.277933
2.277780
2.277612
2.277785
2.277511
2.277798
2.277802
2.277866
2.277790
2.277820
2.277859
2.277670
2.277787
2.277753
2.277704
2.277693
2.277613
2.277844
2.277811
2.277800
2.277825
2.277820
2.277814
2.278002
2.277771
2.277802
2.277723
2.277520
2.277881
2.277875
2.278144
2.278228
2.278070
2.278178
2.278063
2.278116
2.278015
2.277964
2.277766
2.277927
2.277914
2.277540
2.277709
2.277800
2.277935
2.277895
2.277950
2.277839
2.277749
2.277795
2.277759
2.277836
2.277880
2.277697
2.277614
2.277738
2.277868
2.277805
2.277763
2.277683
2.277763
2.277604
2.277623
2.277803
2.277759
2.277711
2.277814
2.277765
2.277550
2.277647
2.277740
2.277693
2.277712
2.277821
2.278044
2.277738
2.277904
2.277859
2.277970
2.277847
2.277886
2.277802
2.277717
2.277747
2.277976
2.277923
2.277837
2.277979
2.277861
2.277810
2.277766
2.277768
2.277975
2.277993
2.277914
2.277730
2.277704
2.277693
2.278065
2.277896
2.277957
2.277959
2.277884
2.277899
2.278007
2.278111
2.278011
2.278025
2.278190
2.278208
2.277991
2.278079
2.278214
2.277994
2.278082
2.278140
2.278108
2.278109
2.277901
2.277769
2.278002
2.277814
2.277761
2.277737
2.277877
2.277898
2.277676
2.277949
2.277795
2.277896
2.278009
2.277894
2.277656
2.277631
2.277713
2.277842
2.277944
2.277770
2.277914
2.277942
2.278116
2.278008
2.278187
2.277858
2.277910
2.277749
2.277735
2.277770
2.277580
2.277828
2.277895
2.277771
2.277870
2.277933
2.278032
2.278035
2.277690
2.277622
2.277710
2.277599
2.277872
2.277731
2.277887
2.277945
2.277879
2.277769
2.277750
2.277814
2.277980
2.277922
2.278140
2.277906
2.278017
2.277874
2.278000
2.278019
2.278051
2.277955
2.277980
2.278133
2.277952
2.278047
2.277975
2.278048
2.278066
2.278288
2.278140
2.278114
2.278237
2.277945
2.278085
2.277920
2.277988
2.278008
2.277889
2.277720
2.277887
2.278038
2.278150
2.277903
2.277980
2.278180
2.278166
2.278004
2.278183
2.278119
2.278004
2.277875
2.277899
2.278002
2.277942
2.277918
2.278160
2.278184
2.278110
2.278206
2.277936
2.278118
2.277978
2.278000
2.277856
2.278139
2.278217
2.278168
2.277948
2.277754
2.277817
2.277901
2.277818
2.277904
2.278082
2.277988
2.278103
2.277961
2.277891
2.277956
2.277956
2.277941
2.278304
2.278123
2.278045
2.278133
2.277937
2.278055
2.278140
2.278290
2.278270
2.278223
2.278029
2.278039
2.278007
2.278087
2.278247
2.278249
2.278163
2.278295
2.278187
2.278301
2.278447
2.278646
2.278211
2.278298
2.278186
2.278178
2.278104
2.278395
2.278132
2.278103
2.278184
2.278441
2.278225
2.278226
2.278286
2.278267
2.278175
2.277969
2.278231
2.278023
2.277868
2.277762
2.278148
2.278076
2.277967
2.277889
2.277928
2.277923
2.278180
2.278366
2.278270
2.278227
2.278161
2.278328
2.278014
2.277910
2.277923
2.277746
2.277555
2.277840
2.277750
2.277873
2.277884
2.277989
2.277966
2.278049
2.277883
2.278075
2.278174
2.277941
2.278266
2.278149
2.278211
2.278023
2.277991
2.278088
2.278137
2.278232
2.277959
2.277844
2.277977
2.278118
2.277806
2.277926
2.277868
2.277808
2.277949
2.277979
2.277809
2.277706
2.277875
2.277869
2.277874
2.277948
2.277723
2.277771
2.277588
2.277744
2.277709
2.277607
2.277655
2.277664
2.277762
2.277533
2.277768
2.277794
2.277866
2.277908
2.277595
2.277651
2.277903
2.278149
2.278032
2.277665
2.277704
2.277860
2.277825
2.277713
2.277948
2.277851
2.277862
2.277965
2.277911
2.277525
2.277939
2.277746
2.277989
2.277921
2.277779
2.277834
2.277671
2.277666
2.277494
2.277715
2.277689
2.277550
2.277926
2.277995
2.277901
2.277743
2.277766
2.277744
2.277709
2.277473
2.277961
2.277651
2.277572
2.277808
2.277773
2.277745
2.278027
2.277911
2.277745
2.277830
2.277830
2.277762
2.277818
2.277710
2.277816
2.277943
2.277739
2.277659
2.277704
2.277498
2.277828
2.277893
2.277917
2.278024
2.277812
2.277651
2.277856
2.277812
2.277889
2.278058
2.277741
2.277940
2.277725
2.277877
2.277698
2.277668
2.277566
2.277623
2.277530
2.277510
2.277555
2.277702
2.277632
2.277685
2.277585
2.277631
2.277554
2.277811
2.277786
2.277611
2.277654
2.277814
2.277767
2.277849
2.277641
2.277821
2.277562
2.277732
2.277855
2.277566
2.277827
2.277438
2.277520
2.277447
2.277515
2.277580
2.277598
2.277576
2.277763
2.277510
2.277645
2.277643
2.277594
2.277575
2.277626
2.277657
2.277714
2.277643
2.277767
2.277751
2.277782
2.277744
2.277634
2.277800
2.277854
2.277727
2.278003
2.277805
2.277730
2.277732
2.277699
2.278020
2.277998
2.277735
2.277893
2.277877
2.277970
2.277939
2.277861
2.277715
2.277884
2.278064
2.277763
2.277914
2.277855
2.278095
2.278150
2.278015
2.277859
2.277989
2.277977
2.277694
2.277912
2.278119
2.277945
2.278049
2.277918
2.277983
2.278041
2.278014
2.277789
2.278072
2.277883
2.277990
2.278109
2.277845
2.277895
2.277734
2.278022
2.277734
2.277857
2.278062
2.277807
2.277828
2.277791
2.277854
2.277840
2.277680
2.277883
2.277445
2.277801
2.277587
2.277629
2.277799
2.277612
2.277730
2.277733
2.277800
2.277952
2.277830
2.277834
2.277836
2.277689
2.277920
2.278064
2.277745
2.277795
2.277971
2.277982
2.277859
2.277852
2.278061
2.277857
2.277998
2.277883
2.278005
2.278041
2.278148
2.278147
2.278092
2.277933
2.277983
2.278026
2.278195
2.277976
2.277923
2.277858
2.278054
2.277886
2.278196
2.277875
2.277828
2.278017
2.277839
2.277870
2.277774
2.277831
2.277652
2.277555
2.277677
2.277871
2.277808
2.277688
2.277910
2.277883
2.277701
2.277617
2.277538
2.277606
2.277737
2.277683
2.277707
2.277730
2.277721
2.277921
2.277889
2.277934
2.277718
2.277879
2.277644
2.277598
2.277625
2.277673
2.277707
2.277651
2.277731
2.277789
2.277563
2.277498
2.277709
2.277719
2.277928
2.277814
2.277880
2.277727
2.277696
2.277854
2.277666
2.277691
2.277678
2.277873
2.277846
2.277772
2.277612
2.277738
2.278001
2.277842
2.278019
2.277923
2.277899
2.277974
2.278047
2.277756
2.277945
2.277997
2.278178
2.277929
2.277902
2.277986
2.277896
2.277868
2.278054
2.277813
2.278088
2.277874
2.278059
2.278161
2.277824
2.277828
2.277923
2.277815
2.277703
2.277803
2.277617
2.277720
2.277676
2.277781
2.277530
2.277893
2.277709
2.278018
2.277693
2.277713
2.277840
2.277863
2.277889
2.277675
2.277932
2.277840
2.277769
2.278070
2.277904
2.277921
2.278036
2.278143
2.277755
2.277759
2.277653
2.277844
2.278003
2.277895
2.277631
2.277953
2.277907
2.278010
2.278149
2.277759
2.277808
2.277866
2.277829
2.277808
2.277712
2.277733
2.277630
2.277757
2.277933
2.277657
2.277660
2.277635
2.277542
2.277749
2.277803
2.277933
2.277979
2.277858
2.277596
2.277726
2.277657
2.277748
2.277725
2.277799
2.277549
2.277738
2.278036
2.277834
2.277995
2.277859
2.277655
2.277811
2.277781
2.277935
2.277820
2.277887
2.277596
2.277843
2.277815
2.277616
2.277884
2.277797
2.277769
2.277804
2.277815
2.277675
2.277710
2.277708
2.277669
2.277963
2.277603
2.277772
2.277859
2.277887
2.277827
2.278007
2.277871
2.277765
2.277807
2.277960
2.278154
2.277985
2.278028
2.277916
2.277765
2.277545
2.277755
2.277589
2.277759
2.277765
2.277780
2.277755
2.277802
2.277876
2.277673
2.277598
2.277860
2.277988
2.277855
2.277990
2.278012
2.278090
2.278004
2.277900
2.277756
2.277905
2.278092
2.278038
2.278162
2.277959
2.278009
2.277990
2.277803
2.278039
2.277977
2.277851
2.278205
2.278031
2.277981
2.278203
2.277921
2.278102
2.278016
2.277952
2.277971
2.278117
2.278050
2.277734
2.277889
2.278102
2.277942
2.277975
2.278030
2.277846
2.277744
2.277485
2.277681
2.277567
2.277449
2.277415
2.277722
2.277601
2.277523
2.277559
2.277523
2.277839
2.277831
2.277839
2.277628
2.277473
2.277399
2.277672
2.277567
2.277391
2.277725
2.277528
2.277436
2.277579
2.277362
2.277371
2.277386
2.277403
2.277461
2.277308
2.277296
2.277362
2.277610
2.277561
2.277431
2.277440
2.277525
2.277604
2.277521
2.277697
2.277770
2.277763
2.277942
2.277541
2.277654
2.277674
2.277698
2.277453
2.277440
2.277619
2.277355
2.277529
2.277476
2.277572
2.277847
2.277690
2.277735
2.277514
2.277727
2.277592
2.277607
2.277811
2.277625
2.277871
2.277737
2.277725
2.277691
2.277722
2.277549
2.277356
2.277639
2.277527
2.277456
2.277589
2.277471
2.277505
2.277473
2.277412
2.277601
2.277572
2.277529
2.277631
2.277580
2.277430
2.277442
2.277414
2.277599
2.277593
2.277542
2.277561
2.277840
2.277819
2.277762
2.277638
2.277871
2.277678
2.277761
2.277704
2.277643
2.277492
2.277550
2.277683
2.277503
2.277505
2.277700
2.277669
2.277554
2.277547
2.277575
2.277461
2.277589
2.277623
2.277765
2.277694
2.277621
2.277685
2.277603
2.277570
2.277490
2.277704
2.277885
2.277709
2.277688
2.277806
2.277591
2.277830
2.277580
2.277911
2.277719
2.277750
2.277532
2.277859
2.277955
2.277811
2.278003
2.277821
2.277839
2.277884
2.277917
2.277834
2.277731
2.277825
2.277768
2.277756
2.277714
2.277734
2.277914
2.277751
2.277891
2.277725
2.277873
2.277969
2.277684
2.277880
2.277768
2.277780
2.277804
2.277770
2.277536
2.277415
2.277412
2.277316
2.277313
2.277446
2.277626
2.277552
2.277757
2.277574
2.277593
2.277897
2.277663
2.277766
2.277862
2.278052
2.277824
2.277652
2.277581
2.277550
2.277501
2.277591
2.277637
2.277506
2.277650
2.277561
2.277809
2.277688
2.277610
2.277856
2.277745
2.277671
2.277752
2.277690
2.277687
2.277891
2.277740
2.277814
2.277745
2.277909
2.277811
2.277542
2.277904
2.277857
2.277962
2.277766
2.277684
2.277765
2.277733
2.277885
2.277691
2.277760
2.277970
2.277890
2.277732
2.277468
2.277897
2.277667
2.277623
2.277734
2.277691
2.277474
2.277792
2.277754
2.277636
2.277502
2.277486
2.277634
2.277642
2.277587
2.277789
2.277896
2.277936
2.277890
2.277895
2.277687
2.277565
2.277614
2.277620
2.277881
2.277942
2.277814
2.277967
2.277575
2.277514
2.277487
2.277822
2.277802
2.277895
2.277843
2.277800
2.277685
2.277560
2.277734
2.277620
2.277505
2.277580
2.277614
2.277682
2.277570
2.277501
2.277680
2.277627
2.277663
2.277935
2.278016
2.277792
2.277679
2.277774
2.277878
2.277800
2.277864
2.277907
2.277972
2.277739
2.277826
2.277969
2.277896
2.277843
2.278110
2.277793
2.277629
2.277907
2.277843
2.277889
2.277917
2.277807
2.277995
2.277789
2.277988
2.277752
2.277928
2.277861
2.277925
2.277915
2.277753
2.277972
2.277780
2.277746
2.277876
2.277881
2.278070
2.277965
2.277851
2.277894
2.277927
2.277954
2.277742
2.278159
2.278242
2.277972
2.277908
2.277686
2.277889
2.277991
2.277917
2.277641
2.277872
2.278036
2.277884
2.278085
2.277896
2.277957
2.277860
2.278057
2.278147
2.277978
2.277582
2.277730
2.277542
2.277512
2.277639
2.277513
2.277679
2.277974
2.277866
2.277710
2.277839
2.277850
2.277712
2.277818
2.277876
2.277795
2.277762
2.277856
2.278072
2.278130
2.277906
2.278027
2.278152
2.278082
2.277871
2.277995
2.277867
2.277817
2.278003
2.277970
2.278008
2.278010
2.278033
2.278035
2.277752
2.277886
2.277787
2.277939
2.277867
2.277700
2.277959
2.277881
2.278018
2.277773
2.277919
2.277610
2.277907
2.277767
2.277886
2.277701
2.277685
2.277807
2.277699
2.277697
2.277566
2.277682
2.277870
2.277613
2.277707
2.278060
2.277883
2.277820
2.277702
2.277771
2.277758
2.277616
2.277877
2.277696
2.277873
2.277979
2.278023
2.278026
2.277865
2.277725
2.277741
2.277524
2.277611
2.277740
2.277644
2.277530
2.277453
2.277266
2.277430
2.277633
2.277573
2.277778
2.277704
2.277705
2.277603
2.277922
2.277865
2.277828
2.277567
2.277781
2.277663
2.277800
2.277627
2.277649
2.277726
2.277918
2.277781
2.277775
2.277752
2.277775
2.277869
2.277957
2.277915
2.277773
2.277658
2.277660
2.277691
2.277529
2.277690
2.278059
2.277915
2.277919
2.277942
2.277765
2.277789
2.277837
2.277861
2.277758
2.277753
2.277479
2.277632
2.277713
2.277701
2.277961
2.277755
2.277616
2.277647
2.277653
2.277851
2.277597
2.277396
2.277716
2.277527
2.277664
2.277796
2.277732
2.277467
2.277507
2.277667
2.277798
2.277974
2.278038
2.277675
2.277839
2.277750
2.277751
2.277749
2.277644
2.277694
2.277673
2.277593
2.277743
2.277632
2.277762
2.277660
2.277490
2.277621
2.277790
2.277641
2.277628
2.277826
2.277651
2.277806
2.277656
2.277837
2.277939
2.278001
2.277992
2.277809
2.277690
2.277646
2.277826
2.277815
2.277843
2.277734
2.277837
2.277496
2.277701
2.277579
2.277709
2.277800
2.277671
2.277758
2.277930
2.277841
2.278053
2.277723
2.277786
2.277681
2.277703
2.277592
2.277716
2.277903
2.277691
2.277763
2.277879
2.277969
2.277932
2.277901
2.277678
2.277548
2.277560
2.277817
2.277771
2.277623
2.277803
2.277776
2.277887
2.277769
2.277645
2.277802
2.277853
2.277853
2.277849
2.277904
2.277983
2.278090
2.277910
2.278029
2.277825
2.277937
2.277847
2.277609
2.277466
2.277554
2.277511
2.277659
2.277702
2.277800
2.277794
2.277726
2.277859
2.277788
2.277837
2.277827
2.277721
2.277644
2.277749
2.277775
2.277884
2.277836
2.277803
2.277711
2.277811
2.277511
2.277937
2.277923
2.278079
2.277819
2.277524
2.277625
2.277649
2.277725
2.277810
2.277814
2.277899
2.277700
2.277980
2.277786
2.277812
2.277737
2.277810
2.277938
2.277834
2.277758
2.277782
2.277941
2.277930
2.277918
2.277805
2.277888
2.277994
2.277972
2.277834
2.277818
2.277836
2.277874
2.277781
2.277753
2.277662
2.277626
2.277663
2.277707
2.277810
2.277760
2.277730
2.277669
2.277861
2.277697
2.277722
2.277916
2.277852
2.277824
2.277561
2.277628
2.277785
2.277715
2.277651
2.277764
2.277972
2.277874
2.277648
2.277794
2.277871
2.277728
2.277634
2.277703
2.277675
2.277635
2.277718
2.277752
2.277603
2.277853
2.277953
2.277794
2.277860
2.278014
2.278015
2.277823
2.277929
2.277778
2.277985
2.278004
2.277989
2.278065
2.277960
2.277583
2.277633
2.277700
2.278047
2.277969
2.277909
2.278048
2.277759
2.277968
2.278035
2.277831
2.277927
2.277856
2.277917
2.278088
2.277738
2.277750
2.277705
2.277754
2.277863
2.277749
2.277914
2.277849
2.278001
2.277830
2.277859
2.277703
2.277997
2.277677
2.277759
2.277974
2.277679
2.277808
2.277731
2.277853
2.277760
2.277864
2.277774
2.277666
2.277796
2.278139
2.277902
2.277822
2.277817
2.278008
2.277926
2.277813
2.277886
2.277969
2.277754
2.277743
2.277868
2.277938
2.277750
2.277716
2.277882
2.277797
2.277709
2.277681
2.277786
2.277931
2.277975
2.277856
2.277832
2.277696
2.277805
2.277996
2.277732
2.277815
2.277795
2.277781
2.277583
2.277768
2.277828
2.277873
2.277882
2.277613
2.277772
2.277794
2.277602
2.277840
2.277690
2.277816
2.277828
2.277756
2.277868
2.277757
2.277738
2.277709
2.277873
2.277707
2.277678
2.277850
2.277788
2.277686
2.277753
2.278036
2.277709
2.277780
2.277936
2.277817
2.277641
2.277704
2.277580
2.277790
2.277845
2.277503
2.277532
2.277579
2.277802
2.278026
2.277825
2.278038
2.277859
2.278029
2.278023
2.278018
2.278109
2.278135
2.277864
2.277861
2.277746
2.277652
2.277505
2.277732
2.277719
2.277936
2.278045
2.277743
2.277641
2.277758
2.277825
2.278030
2.277810
2.277758
2.277792
2.277867
2.277727
2.277662
2.277794
2.277768
2.277755
2.278077
2.277903
2.277911
2.277866
2.278078
2.277945
2.278033
2.277926
2.277995
2.278044
2.277828
2.278012
2.277975
2.277862
2.277809
2.277684
2.277751
2.277704
2.277911
2.278052
2.277944
2.277846
2.277913
2.277613
2.277844
2.277939
2.278026
2.277961
2.277863
2.277970
2.277927
2.277889
2.278009
2.278063
2.277924
2.277795
2.277842
2.277932
2.277887
2.277926
2.277898
2.277946
2.277905
2.278078
2.278014
2.278102
2.277917
2.277937
2.278130
2.278140
2.278155
2.277915
2.277840
2.277725
2.277492
2.277569
2.277927
2.277748
2.277954
2.277794
2.277636
2.277849
2.277846
2.277715
2.277547
2.277671
2.277662
2.277527
2.277918
2.277864
2.277911
2.277914
2.277798
2.277773
2.277986
2.277848
2.277703
2.277863
2.277842
2.278005
2.277902
2.277756
2.277884
2.277656
2.277542
2.277663
2.277837
2.277736
2.277786
2.277876
2.277766
2.277712
2.277730
2.277780
2.277988
2.277836
2.277625
2.277699
2.277633
2.277788
2.277964
2.277755
2.277735
2.277736
2.277628
2.277632
2.277695
2.277607
2.277730
2.277721
2.277514
2.277586
2.277478
2.277626
2.277890
2.277819
2.277873
2.277823
2.277799
2.277708
2.277914
2.277671
2.277797
2.277917
2.277748
2.278005
2.277830
2.277838
2.277517
2.277745
2.277637
2.277890
2.277806
2.277603
2.277486
2.277569
2.277682
2.277430
2.277623
2.277703
2.277621
2.277474
2.277560
2.277616
2.277716
2.277399
2.277738
2.277740
2.277654
2.277792
2.277728
2.277479
2.277641
2.277810
2.277672
2.277768
2.277814
2.277721
2.277974
2.277719
2.277890
2.277937
2.277963
2.277876
2.277634
2.277537
2.277957
2.277917
2.277985
2.277929
2.277912
2.277779
2.277726
2.277725
2.277858
2.277762
2.277673
2.277921
2.277921
2.277830
2.277962
2.277730
2.277785
2.277731
2.277724
2.277762
2.277641
2.277490
2.277552
2.277526
2.277603
2.277434
2.277640
2.277765
2.277798
2.277771
2.277707
2.277977
2.278016
2.277863
2.277642
2.277785
2.277824
2.277755
2.277510
2.277569
2.277561
2.277647
2.277635
2.277505
2.277533
2.277613
2.277529
2.277406
2.277596
2.277759
2.277501
2.277726
2.277863
2.277784
2.277627
2.277895
2.277752
2.277982
2.277876
2.277909
2.277808
2.277552
2.277729
2.277783
2.277808
2.277650
2.277604
2.278007
2.277719
2.277800
2.277783
2.277600
2.277871
2.277843
2.277547
2.277557
2.277626
2.277719
2.277890
2.277678
2.277843
2.277754
2.277726
2.277703
2.277772
2.277643
2.277564
2.277659
2.277654
2.277505
2.277683
2.277949
2.277467
2.277636
2.277792
2.277929
2.277753
2.277904
2.277920
2.277834
2.278250
2.277830
2.277777
2.277813
2.277971
2.277821
2.277944
2.277880
2.277976
2.277809
2.278170
2.277707
2.277527
2.277536
2.277727
2.277880
2.277801
2.277698
2.277763
2.277504
2.277622
2.277357
2.277753
2.278047
2.277890
2.277893
2.277944
2.277763
2.277831
2.277768
2.277772
2.277759
2.277714
2.277800
2.277719
2.277649
2.277918
2.278062
2.277930
2.277967
2.277913
2.277914
2.278032
2.277875
2.277848
2.277914
2.277938
2.277955
2.278070
2.278014
2.277943
2.278141
2.277980
2.277958
2.277849
2.278081
2.278004
2.277943
2.277885
2.277901
2.277894
2.278070
2.277827
2.277907
2.277770
2.277876
2.277655
2.277778
2.277763
2.277859
2.277778
2.277896
2.277893
2.278011
2.277947
2.277905
2.277946
2.277644
2.277510
2.277749
2.277545
2.277943
2.278070
2.277887
2.277851
2.277735
2.277713
2.277835
2.277626
2.277843
2.277755
2.277815
2.278094
2.277757
2.277663
2.277736
2.277645
2.277811
2.277712
2.277871
2.278012
2.277578
2.277716
2.277997
2.277615
2.277758
2.277943
2.277638
2.277533
2.277458
2.277525
2.277668
2.277733
2.277905
2.277840
2.277621
2.277859
2.277748
2.277690
2.277927
2.277696
2.277678
2.277918
2.277890
2.277761
2.277859
2.277750
2.277860
2.277579
2.277849
2.277550
2.277408
2.277467
2.277449
2.277472
2.277655
2.277548
2.277428
2.277457
2.277679
2.277489
2.277628
2.277302
2.277261
2.277374
2.277396
2.277472
2.277541
2.277483
2.277388
2.277677
2.277790
2.277724
2.277399
2.277644
2.277481
2.277948
2.277856
2.277805
2.277453
2.277653
2.277698
2.277409
2.277421
2.277433
2.277504
2.277469
2.277353
2.277397
2.277434
2.277417
2.277713
2.277423
2.277426
2.277822
2.277651
2.277645
2.277448
2.277495
2.277740
2.277656
2.277597
2.277799
2.277561
2.277495
2.277918
2.277798
2.277863
2.277869
2.277709
2.277792
2.277759
2.277905
2.277873
2.277805
2.277613
2.277848
2.277691
2.277715
2.277668
2.277457
2.277657
2.277536
2.277546
2.277656
2.277473
2.277613
2.277477
2.277692
2.277644
2.277747
2.277724
2.277802
2.277703
2.277866
2.277740
2.277478
2.277942
2.277850
2.277908
2.277934
2.277899
2.278000
2.277787
2.277754
2.277845
2.277808
2.278007
2.277772
2.277555
2.277721
2.277831
2.278051
2.278243
2.278160
2.277848
2.277896
2.277953
2.277849
2.277949
2.277885
2.277838
2.278010
2.277777
2.277898
2.277864
2.277819
2.277895
2.277892
2.278028
2.277763
2.278072
2.277835
2.277796
2.277836
2.277860
2.277799
2.277793
2.277802
2.277910
2.278038
2.277976
2.278107
2.278009
2.277666
2.278005
2.277918
2.277890
2.277868
2.277647
2.277948
2.277849
2.277945
2.277865
2.277755
2.277685
2.277904
2.277883
2.278109
2.278045
2.277892
2.277747
2.277657
2.277812
2.277744
2.277846
2.277842
2.277639
2.277609
2.277818
2.277939
2.277830
2.277884
2.277875
2.277818
2.277650
2.278060
2.277662
2.277805
2.277774
2.278156
2.277799
2.277712
2.277591
2.277746
2.277702
2.277682
2.277917
2.277772
2.277928
2.277602
2.277768
2.277424
2.277702
2.277606
2.277550
2.277402
2.277486
2.277682
2.277663
2.277700
2.277551
2.277634
2.277726
2.277442
2.277544
2.277843
2.277811
2.277930
2.278036
2.277843
2.277589
2.277830
2.277754
2.277874
2.278081
2.277893
2.277822
2.277647
2.277579
2.278015
2.277728
2.277839
2.277470
2.277824
2.277796
2.277837
2.277882
2.277943
2.277985
2.278016
2.278051
2.278055
2.278019
2.277807
2.277989
2.277828
2.277917
2.278072
2.277964
2.277764
2.278031
2.277738
2.277946
2.277848
2.277812
2.277857
2.277899
2.277924
2.277760
2.277772
2.277716
2.277849
2.277969
2.278039
2.277819
2.277706
2.277944
2.277938
2.277800
2.277661
2.277884
2.278153
2.277924
2.277914
2.278205
2.277945
2.277579
2.277728
2.277799
2.277612
2.277774
2.277721
2.277583
2.277744
2.277810
2.277664
2.277685
2.277998
2.277809
2.277787
2.277852
2.277781
2.277752
2.277842
2.278091
2.277806
2.277599
2.277617
2.277786
2.277791
2.277832
2.277769
2.277980
2.277910
2.277859
2.277876
2.277684
2.277852
2.277816
2.277792
2.277918
2.277962
2.277737
2.278013
2.277914
2.277907
2.277923
2.277822
2.277986
2.277871
2.277868
2.277942
2.277924
2.277813
2.278001
2.277769
2.277986
2.277915
2.277858
2.277878
2.277825
2.277884
2.278023
2.277896
2.277904
2.277809
2.277901
2.277905
2.277982
2.278344
2.277997
2.277973
2.278057
2.277936
2.277876
2.277945
2.277850
2.277836
2.277668
2.277779
2.277917
2.277649
2.277848
2.277726
2.277874
2.277761
2.277663
2.277464
2.277593
2.277777
2.277805
2.277645
2.277733
2.277623
2.277541
2.277365
2.277623
2.277727
2.277483
2.277690
2.277882
2.277762
2.277694
2.277637
2.277687
2.277691
2.277678
2.277973
2.277983
2.277851
2.277862
2.277666
2.277842
2.277638
2.277658
2.277899
2.277664
2.277684
2.277700
2.277781
2.277550
2.277814
2.277703
2.277828
2.277627
2.277945
2.277868
2.277752
2.277703
2.277586
2.277655
2.277673
2.277673
2.277572
2.277631
2.277545
2.277599
2.277752
2.277689
2.277653
2.277731
2.277623
2.277930
2.277836
2.277696
2.277581
2.277807
2.277943
2.277778
2.277746
2.278170
2.277703
2.277750
2.277970
2.277660
2.277647
2.277455
2.277645
2.277699
2.277564
2.277202
2.277483
2.277560
2.277386
2.277793
2.277887
2.277897
2.277552
2.277455
2.277898
2.277731
2.277812
2.277751
2.277814
2.277867
2.277671
2.277822
2.277728
2.277737
2.277902
2.277624
2.277601
2.277735
2.277868
2.277754
2.277763
2.277894
2.277854
2.277603
2.277663
2.277825
2.277942
2.277810
2.277914
2.277976
2.278022
2.278004
2.277728
2.277824
2.277818
2.278008
2.277820
2.277854
2.277814
2.277685
2.277781
2.277615
2.277890
2.277941
2.277696
2.277647
2.277705
2.277719
2.277645
2.277603
2.277721
2.277736
2.277756
2.277719
2.277740
2.277591
2.277479
2.277702
2.277657
2.277797
2.277917
2.277793
2.277990
2.277979
2.277909
2.277955
2.277773
2.277696
2.277600
2.277974
2.277767
2.277691
2.277926
2.277758
2.277860
2.278086
2.277908
2.277634
2.277837
2.277754
2.277749
2.277781
2.277806
2.277710
2.277659
2.277776
2.277645
2.277879
2.277753
2.277887
2.277890
2.278011
2.277936
2.277957
2.277903
2.277855
2.277809
2.277885
2.277932
2.277834
2.277912
2.277849
2.277774
2.278024
2.277790
2.277772
2.277773
2.277734
2.277817
2.277697
2.277689
2.277663
2.277465
2.277626
2.277552
2.277741
2.277723
2.277622
2.277719
2.277640
2.277805
2.277859
2.277587
2.277704
2.277743
2.277641
2.277644
2.277678
2.277833
2.277790
2.277772
2.277783
2.277812
2.277764
2.277796
2.277954
2.278189
2.278066
2.278013
2.277893
2.277896
2.277797
2.277933
2.277661
2.277822
2.277885
2.278022
2.278023
2.277876
2.277852
2.277970
2.277960
2.277790
2.277666
2.277718
2.277769
2.277709
2.277582
2.277707
2.277743
2.277628
2.277959
2.277713
2.277878
2.277658
2.277902
2.277980
2.277812
2.277697
2.277934
2.277614
2.277780
2.277862
2.277805
2.277873
2.277794
2.277774
2.278097
2.278005
2.277939
2.277914
2.277790
2.278000
2.277700
2.277889
2.277817
2.277836
2.277898
2.277888
2.277576
2.277847
2.277738
2.277642
2.277687
2.277567
2.277650
2.277618
2.277774
2.277785
2.277440
2.277573
2.277632
2.277801
2.277881
2.277625
2.277763
2.277788
2.277603
2.277706
2.277794
2.278005
2.277713
2.277744
2.278079
2.277857
2.277905
2.277954
2.277788
2.277846
2.277927
2.277923
2.277702
2.277716
2.277703
2.277724
2.277672
2.277732
2.277799
2.277611
2.277578
2.277690
2.277656
2.277613
2.277683
2.277836
2.277757
2.277973
2.277676
2.277787
2.277903
2.277822
2.277794
2.277817
2.277840
2.277802
2.277923
2.277693
2.277956
2.278064
2.277651
2.277482
2.277812
2.277858
2.277843
2.277794
2.277742
2.277940
2.277837
2.277817
2.277667
2.277724
2.277743
2.277814
2.277796
2.277699
2.277737
2.277789
2.277794
2.277750
2.277700
2.277699
2.277547
2.277675
2.277462
2.277952
2.277831
2.277822
2.277647
2.277830
2.277732
2.277862
2.277763
2.277936
2.277792
2.277877
2.277936
2.277692
2.277740
2.277868
2.277681
2.277691
2.277516
2.277635
2.277467
2.277529
2.277472
2.277675
2.277727
2.277507
2.277614
2.277622
2.277362
2.277710
2.277567
2.277682
2.277414
2.277768
2.277924
2.277884
2.277720
2.277814
2.277724
2.277629
2.277661
2.277749
2.277600
2.277612
2.277604
2.277679
2.277651
2.277574
2.277513
2.277537
2.277808
2.277507
2.277467
2.277719
2.277702
2.277741
2.277790
2.277843
2.277431
2.277758
2.277606
2.277731
2.277637
2.277676
2.277499
2.277800
2.277689
2.277768
2.277731
2.277890
2.277800
2.277788
2.277786
2.277724
2.277684
2.277834
2.277888
2.277782
2.277532
2.277857
2.277674
2.277446
2.277536
2.277901
2.277644
2.277594
2.277674
2.277697
2.277729
2.277703
2.277523
2.277414
2.277740
2.277583
2.277424
2.277629
2.277749
2.277428
2.277584
2.277400
2.277533
2.277524
2.277774
2.277588
2.277696
2.277611
2.277842
2.277582
2.277663
2.277730
2.277663
2.277532
2.277346
2.277557
2.277852
2.277837
2.278021
2.277740
2.277743
2.277538
2.277742
2.277837
2.277486
2.277626
2.277639
2.277661
2.277835
2.277668
2.277585
2.277692
2.277671
2.277600
2.277563
2.277777
2.277659
2.277673
2.277681
2.277553
2.277746
2.277912
2.277887
2.277898
2.277775
2.277753
2.277773
2.277746
2.277776
2.277691
2.277908
2.277590
2.277764
2.277660
2.277400
2.277609
2.277802
2.277906
2.277641
2.277619
2.277775
2.277807
2.277650
2.277619
2.277636
2.277832
2.277635
2.277716
2.277697
2.277745
2.277779
2.277439
2.277578
2.277711
2.277614
2.277576
2.277599
2.277550
2.277725
2.277691
2.277714
2.277429
2.277697
2.277543
2.277887
2.277848
2.277509
2.277474
2.277418
2.277511
2.277479
2.277555
2.277644
2.277509
2.277896
2.277424
2.277489
2.277496
2.277536
2.277339
2.277493
2.277247
2.277485
2.277701
2.277694
2.277467
2.277768
2.277770
2.277675
2.277572
2.277763
2.277738
2.277648
2.277592
2.277760
2.277613
2.277972
2.277732
2.277790
2.277871
2.277751
2.277722
2.277672
2.277698
2.277731
2.277643
2.277822
2.277653
2.277647
2.277715
2.277705
2.277780
2.277721
2.277576
2.277729
2.277914
2.277756
2.277727
2.277597
2.277974
2.277785
2.277827
2.277984
2.278122
2.278240
2.278229
2.278125
2.277995
2.278128
2.277997
2.277883
2.277812
2.278146
2.278050
2.278107
2.278154
2.277998
2.277899
2.277778
2.278025
2.278008
2.278064
2.277756
2.277957
2.277800
2.277744
2.277906
2.277910
2.277839
2.277924
2.277764
2.277886
2.277710
2.277939
2.278117
2.277926
2.277891
2.277902
2.277897
2.277867
2.278022
2.277854
2.277853
2.278104
2.277879
2.278101
2.278113
2.277923
2.277909
2.277792
2.278014
2.278122
2.278048
2.278048
2.277905
2.277880
2.277557
2.278011
2.277892
2.277616
2.277812
2.277649
2.277924
2.277696
2.277552
2.277585
2.277682
2.277436
2.277554
2.277722
2.277352
2.277642
2.277296
2.277609
2.277697
2.277707
2.277820
2.277925
2.277816
2.277713
2.277388
2.277666
2.277685
2.277538
2.277700
2.277750
2.277677
2.277719
2.277341
2.277679
2.277459
2.277684
2.277573
2.277482
2.277645
2.277580
2.277574
2.277371
2.277341
2.277477
2.277632
2.277763
2.277600
2.277498
2.277520
2.277547
2.277634
2.277644
2.277512
2.277721
2.277603
2.277756
2.277727
2.277680
2.277778
2.277666
2.277661
2.277660
2.277545
2.277425
2.277663
2.277508
2.277673
2.277682
2.277620
2.277647
2.277604
2.277682
2.277610
2.277657
2.277651
2.277704
2.277531
2.277561
2.277398
2.277400
2.277728
2.277848
2.277495
2.277678
2.277607
2.277689
2.277467
2.277742
2.277585
2.277631
2.277671
2.277734
2.277684
2.277872
2.277883
2.277792
2.277615
2.277718
2.277882
2.277774
2.277703
2.277457
2.277800
2.277647
2.277612
2.277737
2.277685
2.277840
2.277762
2.277613
2.277840
2.277801
2.277635
2.277727
2.277763
2.277877
2.277688
2.277902
2.277716
2.278008
2.277776
2.277920
2.277892
2.277977
2.277824
2.277841
2.277836
2.277893
2.278094
2.277969
2.277911
2.277912
2.277886
2.277913
2.277886
2.277808
2.277890
2.277787
2.277911
2.278112
2.278098
2.277867
2.277852
2.277920
2.277964
2.277782
2.277846
2.277760
2.277927
2.277685
2.277662
2.277618
2.277718
2.277786
2.277809
2.277728
2.277474
2.277754
2.277859
2.277684
2.277822
2.278039
2.277846
2.277757
2.277780
2.277675
2.277770
2.277701
2.277752
2.277687
2.277960
2.277916
2.277899
2.277814
2.277433
2.277678
2.277676
2.277603
2.277587
2.277609
2.277735
2.277839
2.277848
2.277754
2.277820
2.277866
2.277799
2.277672
2.277764
2.277765
2.277754
2.277588
2.277552
2.277551
2.277460
2.277727
2.277681
2.277495
2.277955
2.277845
2.277788
2.277763
2.277719
2.277642
2.277586
2.277629
2.277685
2.277598
2.277550
2.277524
2.277591
2.277473
2.277495
2.277654
2.277654
2.277462
2.277766
2.277625
2.277564
2.277460
2.277542
2.277515
2.277542
2.277607
2.277482
2.277560
2.277527
2.277614
2.277648
2.277639
2.277546
2.277631
2.277718
2.277641
2.277707
2.277586
2.277545
2.277497
2.277361
2.277271
2.277658
2.277572
2.277544
2.277679
2.277770
2.277644
2.277611
2.277805
2.277489
2.277388
2.277597
2.277715
2.277465
2.277357
2.277496
2.277358
2.277340
2.277375
2.277593
2.277408
2.277449
2.277651
2.277330
2.277527
2.277632
2.277530
2.277636
2.277611
2.277707
2.277609
2.277514
2.277528
2.277451
2.277655
2.277691
2.277590
2.277486
2.277507
2.277602
2.277617
2.277499
2.277634
2.277830
2.277766
2.277883
2.278003
2.277805
2.277806
2.277743
2.277480
2.277647
2.277679
2.277595
2.277333
2.277660
2.277539
2.277846
2.277657
2.277840
2.277421
2.277582
2.277682
2.277663
2.277597
2.277640
2.277513
2.277553
2.277657
2.277807
2.277917
2.277731
2.277623
2.277489
2.277750
2.277721
2.277917
2.277792
2.277604
2.277735
2.277467
2.277523
2.277611
2.277883
2.277743
2.277555
2.277493
2.277609
2.277671
2.277336
2.277576
2.277598
2.277545
2.277582
2.277617
2.277498
2.277641
2.277828
2.277582
2.277550
2.277569
2.277600
2.277460
2.277792
2.277573
2.277636
2.277542
2.277468
2.277538
2.277547
2.277625
2.277412
2.277452
2.277465
2.277597
2.277608
2.277455
2.277552
2.277457
2.277486
2.277442
2.277562
2.277413
2.277324
2.277523
2.277573
2.277358
2.277623
2.277583
2.277484
2.277297
2.277611
2.277367
2.277449
2.277463
2.277451
2.277526
2.277623
2.277615
2.277494
2.277554
2.277319
2.277439
2.277440
2.277393
2.277256
2.277417
2.277306
2.277396
2.277330
2.277834
2.277645
2.277522
2.277511
2.277745
2.277651
2.277603
2.277635
2.277658
2.277440
2.277448
2.277296
2.277459
2.277457
2.277691
2.277497
2.277410
2.277408
2.277502
2.277456
2.277509
2.277570
2.277748
2.277826
2.277701
2.277772
2.277609
2.277473
2.277439
2.277636
2.277519
2.277585
2.277519
2.277665
2.277445
2.277756
2.277537
2.277514
2.277678
2.278093
2.277780
2.277499
2.277706
2.277530
2.277743
2.277678
2.277601
2.277694
2.277550
2.277587
2.277728
2.277672
2.277728
2.277611
2.277563
2.277440
2.277706
2.277833
2.277393
2.277537
2.277430
2.277444
2.277657
2.277597
2.277548
2.277584
2.277431
2.277455
2.277617
2.277504
2.277490
2.277644
2.277511
2.277412
2.277322
2.277647
2.277713
2.277692
2.277569
2.277783
2.277746
2.277738
2.277716
2.277719
2.277889
2.277778
2.277560
2.277418
2.277552
2.277466
2.277517
2.277668
2.277519
2.277515
2.277597
2.277710
2.277808
2.277734
2.277506
2.277550
2.277508
2.277662
2.277711
2.277787
2.277503
2.277862
2.277830
2.277726
2.277506
2.277696
2.277655
2.277705
2.277554
2.277542
2.277559
2.278002
2.277722
2.277812
2.277644
2.277582
2.277872
2.277582
2.277902
2.277762
2.277983
2.277649
2.277631
2.277460
2.277663
2.277619
2.277609
2.277642
2.277710
2.277650
2.277731
2.277543
2.277789
2.277644
2.277601
2.277616
2.277687
2.277722
2.277755
2.277695
2.277570
2.277795
2.277541
2.277687
2.277496
2.277721
2.277653
2.277709
2.277719
2.277704
2.277943
2.277834
2.277890
2.277598
2.277568
2.277575
2.277508
2.277531
2.277401
2.277371
2.277596
2.277690
2.277702
2.277796
2.277829
2.277630
2.277752
2.277724
2.277552
2.277903
2.277898
2.277605
2.277534
2.277513
2.277647
2.277776
2.277828
2.277927
2.277989
2.277688
2.277666
2.277821
2.277624
2.277543
2.277660
2.277433
2.277744
2.277663
2.277560
2.277766
2.277929
2.277657
2.277617
2.277781
2.277868
2.277758
2.277825
2.277824
2.278021
2.277870
2.277687
2.277595
2.277671
2.277521
2.277485
2.277497
2.277378
2.277641
2.277814
2.277749
2.277761
2.277698
2.277706
2.277409
2.277492
2.277326
2.277244
2.277426
2.277536
2.277623
2.277637
2.277641
2.277600
2.277650
2.277547
2.277804
2.277630
2.277446
2.277340
2.277586
2.277593
2.277593
2.277755
2.277595
2.277471
2.277340
2.277480
2.277436
2.277388
2.277430
2.277679
2.277493
2.277873
2.277560
2.277538
2.277532
2.277573
2.277452
2.277378
2.277520
2.277414
2.277621
2.277556
2.277519
2.277557
2.277538
2.277223
2.277621
2.277686
2.277491
2.277476
2.277617
2.277603
2.277831
2.277659
2.277703
2.277787
2.277802
2.277662
2.277616
2.277808
2.277730
2.277779
2.277716
2.278203
2.277781
2.277787
2.277776
2.277634
2.277714
2.277457
2.277470
2.277591
2.277616
2.277740
2.277724
2.277563
2.277648
2.277606
2.277276
2.277423
2.277597
2.277632
2.277705
2.277502
2.277634
2.277609
2.277571
2.277530
2.277500
2.277627
2.277896
2.277671
2.277720
2.277445
2.277490
2.277653
2.277420
2.277391
2.277540
2.277638
2.277523
2.277667
2.277278
2.277645
2.277552
2.277580
2.277654
2.277682
2.277738
2.277918
2.277813
2.277682
2.277580
2.277437
2.277851
2.277743
2.277707
2.277824
2.277812
2.277759
2.277449
2.277555
2.277612
2.277291
2.277395
2.277348
2.277296
2.277709
2.277453
2.277467
2.277423
2.277237
2.277467
2.277539
2.277558
2.277399
2.277598
2.277511
2.277443
2.277583
2.277517
2.277587
2.277408
2.277518
2.277524
2.277662
2.277815
2.277467
2.277369
2.277548
2.277451
2.277592
2.277569
2.277759
2.277567
2.277780
2.277623
2.277416
2.277374
2.277570
2.277385
2.277394
2.277363
2.277449
2.277505
2.277777
2.277703
2.277535
2.277551
2.277659
2.277377
2.277555
2.277445
2.277536
2.277400
2.277595
2.277367
2.277305
2.277464
2.277501
2.277464
2.277413
2.277643
2.277570
2.277654
2.277569
2.277567
2.277747
2.277687
2.277746
2.277866
2.277713
2.277811
2.277842
2.277918
2.277626
2.277836
2.277780
2.277785
2.277900
2.277864
2.277912
2.277820
2.277953
2.277955
2.277752
2.277890
2.277802
2.277707
2.277604
2.277875
2.277932
2.277648
2.277758
2.277948
2.277842
2.278053
2.277656
2.277519
2.277759
2.277591
2.277673
2.277920
2.277750
2.277896
2.277758
2.277626
2.277919
2.277652
2.277678
2.277622
2.277796
2.277762
2.277732
2.277690
2.277873
2.277761
2.277541
2.277482
2.277528
2.277918
2.277837
2.277917
2.277805
2.277736
2.277469
2.277604
2.277726
2.277550
2.277443
2.277551
2.277797
2.277895
2.277587
2.277771
2.277657
2.277668
2.277648
2.277825
2.277854
2.277682
2.277765
2.277758
2.277831
2.277637
2.277743
2.277859
2.277831
2.277644
2.277983
2.277661
2.277946
2.277865
2.277965
2.277768
2.277657
2.277942
2.278061
2.278075
2.277908
2.277786
2.277889
2.277794
2.277935
2.278141
2.277772
2.277718
2.277953
2.277818
2.277778
2.277930
2.278030
2.277764
2.277974
2.277969
2.277781
2.277743
2.277628
2.277866
2.277612
2.277893
2.277849
2.277678
2.277761
2.277848
2.277833
2.277989
2.277787
2.277918
2.277969
2.277933
2.277703
2.277631
2.277786
2.277687
2.277743
2.277845
2.278079
2.277806
2.277644
2.277696
2.277543
2.277588
2.277811
2.277619
2.277676
2.277738
2.277936
2.277714
2.277552
2.277933
2.277866
2.277856
2.277919
2.277636
2.277965
2.277860
2.277673
2.277837
2.277802
2.277871
2.277858
2.277983
2.277893
2.277609
2.277921
2.277786
2.277670
2.277808
2.277638
2.277388
2.277571
2.277712
2.277799
2.277853
2.277502
2.277577
2.277512
2.277548
2.277436
2.277796
2.277467
2.277399
2.277447
2.277607
2.277486
2.277702
2.277650
2.277612
2.277531
2.277547
2.277746
2.277708
2.277539
2.277576
2.277691
2.277603
2.277645
2.277611
2.277771
2.277513
2.277552
2.277506
2.277244
2.277462
2.277517
2.277480
2.277396
2.277302
2.277427
2.277440
2.277518
2.277409
2.277454
2.277343
2.277528
2.277461
2.277568
2.277623
2.277364
2.277346
2.277488
2.277356
2.277477
2.277579
2.277738
2.277712
2.277611
2.277388
2.277579
2.277638
2.277669
2.277828
2.277454
2.277840
2.277756
2.277741
2.277743
2.277830
2.277769
2.277637
2.277721
2.277852
2.277629
2.277575
2.277632
2.277600
2.277802
2.277681
2.277754
2.277725
2.277789
2.277867
2.277827
2.277802
2.277828
2.277859
2.277834
2.277558
2.277595
2.277714
2.277826
2.277615
2.277731
2.277730
2.277803
2.277884
2.277870
2.277829
2.277664
2.277669
2.277635
2.277591
2.277661
2.277628
2.277462
2.277395
2.277298
2.277570
2.277467
2.277600
2.277680
2.277607
2.277513
2.277651
2.277436
2.277513
2.277635
2.277692
2.277551
2.277277
2.277455
2.277514
2.277617
2.277762
2.277561
2.277531
2.277668
2.277434
2.277426
2.277490
2.277528
2.277701
2.277749
2.277566
2.277577
2.277603
2.277714
2.277674
2.277513
2.277764
2.277524
2.277516
2.277567
2.277502
2.277403
2.277455
2.277433
2.277406
2.277263
2.277292
2.277538
2.277671
2.277719
2.277848
2.277502
2.277650
2.277622
2.277722
2.277625
2.277555
2.277555
2.277701
2.277590
2.277586
2.277693
2.277592
2.277400
2.277356
2.277778
2.277694
2.277609
2.277571
2.277495
2.277762
2.277635
2.277611
2.277795
2.277828
2.277609
2.277526
2.277478
2.277916
2.277707
2.277728
2.277692
2.277642
2.277540
2.277699
2.277805
2.277752
2.277516
2.277699
2.277783
2.277713
2.277550
2.277670
2.277492
2.277499
2.277532
2.277710
2.277498
2.277631
2.277735
2.277518
2.277572
2.277854
2.277513
2.277607
2.277849
2.277344
2.277487
2.277730
2.277589
2.277644
2.277559
2.277520
2.277495
2.277681
2.277580
2.277690
2.277707
2.277691
2.277600
2.277641
2.277470
2.277638
2.277536
2.277830
2.277707
2.277314
2.277598
2.277686
2.277700
2.277436
2.277585
2.277637
2.277486
2.277271
2.277204
2.277073
2.276677
2.276765
2.277037
2.277704
2.277533
2.277293
2.277362
2.277226
2.276808
2.276752
2.276825
2.277457
2.277631
2.277451
2.277177
2.276993
2.276597
2.276343
2.276484
2.276782
2.277364
2.277160
2.276952
2.277022
2.276657
2.276576
2.276393
2.276156
2.276946
2.277114
2.276838
2.276639
2.276661
2.276184
2.276115
2.276108
2.276211
2.277150
2.277241
2.276919
2.276585
2.276421
2.275939
2.275871
2.276021
2.276473
2.277143
2.276534
2.276319
2.276176
2.276008
2.275487
2.275743
2.275925
2.276586
2.276171
2.275700
2.275794
2.275409
2.274938
2.275237
2.275596
2.276247
2.276090
2.275394
2.275319
2.275247
2.274879
2.274975
2.275311
2.275970
2.275870
2.275330
2.275363
2.275047
2.274750
2.275062
2.275077
2.275562
2.275832
2.275426
2.275403
2.275041
2.274783
2.274681
2.275145
2.275155
2.275369
2.274941
2.274740
2.274684
2.274482
2.274505
2.274688
2.274784
2.274812
2.274676
2.274272
2.274536
2.274316
2.273940
2.274316
2.274289
2.274414
2.273796
2.273669
2.273412
2.273499
2.273275
2.273017
2.273046
2.272843
2.272348
2.272263
2.271821
2.271865
2.271689
2.271736
2.271723
2.271388
2.271221
2.270812
2.271073
2.270971
2.270668
2.270582
2.270285
2.270001
2.269543
2.269090
2.269015
2.268601
2.268653
2.268318
2.268039
2.267696
2.267671
2.267467
2.267141
2.267015
2.266967
2.266873
2.266880
2.266549
2.266670
2.266847
2.266853
2.266932
2.267274
2.267085
2.266679
2.266530
2.266518
2.266289
2.266411
2.266423
2.266098
2.265973
2.265634
2.265144
2.264985
2.264785
2.264498
2.264382
2.264411
2.264780
2.264768
2.264616
2.264279
2.263865
2.263421
2.262563
2.261997
2.261740
2.261589
2.261498
2.261724
2.261724
2.261772
2.261571
2.262143
2.262890
2.263538
2.264211
2.264659
2.263956
2.262789
2.261419
2.261451
2.261260
2.260979
2.260504
2.260978
2.261828
2.262316
2.263148
2.263813
2.264090
2.263676
2.263543
2.264128
2.264192
2.263643
2.264341
2.264388
2.264304
2.263998
2.264579
2.264293
2.264140
2.264218
2.264226
2.263809
2.263447
2.263564
2.263626
2.263064
2.262774
2.262949
2.262785
2.262347
2.262065
2.262318
2.262092
2.262025
2.262363
2.262588
2.262645
2.262884
2.263479
2.264013
2.264184
2.264457
2.265016
2.265460
2.265620
2.265714
2.266364
2.266821
2.267037
2.267201
2.267839
2.267633
2.267680
2.267961
2.267950
2.268153
2.268419
2.268891
2.269203
2.268913
2.269018
2.269309
2.269469
2.269577
2.269785
2.269843
2.269679
2.269431
2.269575
2.269576
2.269457
2.269629
2.269811
2.269794
2.269476
2.269871
2.269581
2.269607
2.269500
2.269717
2.269530
2.268896
2.269284
2.269254
2.268974
2.268972
2.268931
2.269074
2.268683
2.269016
2.269161
2.269015
2.268753
2.268487
2.268898
2.268812
2.268830
2.269017
2.268911
2.268906
2.269044
2.269153
2.269042
2.269149
2.268611
2.268622
2.268273
2.267824
2.266786
2.265269
2.262931
2.260225
2.258326
2.258475
2.257735
2.257338
2.257068
2.257035
2.256472
2.254415
2.255999
2.257628
2.258175
2.259075
2.259634
2.259104
2.255673
2.256921
2.259513
2.260955
2.262646
2.263862
2.263839
2.262208
2.262377
2.263118
2.262309
2.260728
2.259313
2.258770
2.258220
2.258191
2.258275
2.257112
2.256250
2.255785
2.255024
2.254528
2.253891
2.253559
2.253237
2.252766
2.252188
2.252182
2.252220
2.252318
2.253138
2.254142
2.255360
2.256497
2.257342
2.258534
2.259507
2.260950
2.261970
2.263301
2.263658
2.264311
2.264648
2.265398
2.266339
2.266685
2.267048
2.267361
2.267917
2.268351
2.268512
2.269111
2.269384
2.269443
2.269509
2.269588
2.270307
2.270586
2.271006
2.271143
2.270828
2.271024
2.270962
2.271487
2.271381
2.271551
2.271629
2.271573
2.271577
2.271715
2.271741
2.271794
2.271919
2.271719
2.271948
2.271860
2.272130
2.272122
2.272639
2.272819
2.272986
2.273086
2.273121
2.273233
2.272982
2.273085
2.273272
2.273115
2.273022
2.273225
2.273082
2.273033
2.273083
2.273207
2.273330
2.273265
2.273493
2.273435
2.273273
2.273298
2.273523
2.273304
2.273124
2.273446
2.273547
2.273157
2.273220
2.273314
2.273417
2.273183
2.273457
2.273457
2.273295
2.273440
2.273218
2.273285
2.273306
2.273391
2.273403
2.273389
2.273498
2.273383
2.273473
2.273625
2.273423
2.273664
2.273538
2.273294
2.273375
2.273200
2.273245
2.273406
2.273564
2.273747
2.273694
2.273566
2.273731
2.273312
2.273336
2.273548
2.273758
2.273272
2.273462
2.273676
2.273471
2.273254
2.273539
2.273481
2.273464
2.273524
2.273525
2.273414
2.273465
2.273160
2.273157
2.273152
2.273406
2.273312
2.273265
2.273226
2.273224
2.272826
2.272866
2.273015
2.272976
2.272854
2.273059
2.272773
2.272854
2.272797
2.272781
2.272522
2.272440
2.272336
2.272642
2.272505
2.272531
2.272672
2.272603
2.272317
2.272407
2.272294
2.272137
2.272199
2.272406
2.272612
2.272511
2.272264
2.272176
2.272100
2.272420
2.272494
2.272699
2.272649
2.272554
2.272385
2.272137
2.272357
2.272419
2.272601
2.272878
2.272720
2.272658
2.272386
2.272533
2.272602
2.272723
2.272830
2.272911
2.272756
2.272952
2.272720
2.272823
2.273095
2.273269
2.273226
2.273352
2.273263
2.273077
2.272934
2.273203
2.273226
2.273254
2.273300
2.273382
2.273498
2.273318
2.273196
2.273359
2.273318
2.273260
2.273383
2.273502
2.273311
2.273313
2.272996
2.273297
2.273253
2.273058
2.273654
2.273457
2.273208
2.272975
2.272868
2.273268
2.272961
2.273147
2.273375
2.273083
2.273142
2.272968
2.273009
2.272985
2.272813
2.272923
2.273026
2.272856
2.272746
2.272837
2.272806
2.272723
2.272422
2.272654
2.272568
2.272931
2.272518
2.272338
2.272426
2.272797
2.272744
2.272653
2.272716
2.272721
2.272355
2.272317
2.272502
2.272469
2.272332
2.272106
2.272314
2.272164
2.272159
2.272317
2.272465
2.272406
2.272336
2.272124
2.272213
2.272269
2.271817
2.272141
2.272184
2.272092
2.272069
2.272255
2.272216
2.272213
2.271899
2.272091
2.272118
2.272128
2.272219
2.272442
2.272396
2.272074
2.272174
2.272611
2.272462
2.272456
2.272466
2.272494
2.272608
2.272476
2.272316
2.272496
2.272288
2.272480
2.272375
2.272598
2.272699
2.272780
2.272435
2.272633
2.272391
2.272345
2.272524
2.272778
2.272536
2.272563
2.272567
2.272579
2.272529
2.272631
2.272784
2.272757
2.272840
2.272750
2.272819
2.272736
2.272987
2.272779
2.272924
2.273179
2.273184
2.272782
2.272839
2.272985
2.273173
2.273045
2.273108
2.273110
2.272982
2.273079
2.273030
2.273262
2.273092
2.273029
2.273005
2.272885
2.272997
2.273294
2.273086
2.273103
2.273101
2.272891
2.273116
2.273130
2.272986
2.273118
2.272951
2.273263
2.273251
2.273507
2.273428
2.273504
2.273701
2.273377
2.273183
2.273340
2.273131
2.273244
2.273471
2.273688
2.273686
2.273359
2.273509
2.273446
2.273440
2.273413
2.273484
2.273414
2.273384
2.273307
2.273412
2.273611
2.273653
2.273696
2.273746
2.273656
2.273588
2.273586
2.273794
2.273632
2.273612
2.273886
2.273859
2.273532
2.273671
2.273843
2.273849
2.273797
2.273992
2.274044
2.273707
2.273736
2.273714
2.273604
2.273700
2.273945
2.274007
2.273905
2.273552
2.273902
2.273682
2.273747
2.273753
2.273738
2.273875
2.273732
2.273605
2.273774
2.273849
2.273696
2.274022
2.273965
2.273576
2.273403
2.273644
2.273664
2.273667
2.273962
2.273726
2.273667
2.273588
2.273843
2.273821
2.273744
2.273840
2.273901
2.273700
2.273815
2.273663
2.273838
2.273830
2.273905
2.273697
2.273796
2.273750
2.273970
2.274116
2.273999
2.274002
2.273961
2.273703
2.273650
2.273780
2.273716
2.273996
2.273909
2.274074
2.273867
2.273915
2.273868
2.274036
2.274321
2.273778
2.273894
2.273943
2.273930
2.274088
2.274032
2.273964
2.274135
2.274066
2.274156
2.273762
2.274017
2.274226
2.274223
2.274086
2.274317
2.273937
2.273911
2.273906
2.274271
2.273962
2.273905
2.274102
2.274268
2.273900
2.273878
2.274036
2.274104
2.274069
2.274104
2.273791
2.274006
2.273955
2.274191
2.274246
2.274132
2.274277
2.274275
2.274194
2.274110
2.274024
2.274088
2.274091
2.274171
2.274296
2.274181
2.274044
2.274144
2.274258
2.274255
2.274349
2.274096
2.274008
2.273939
2.273901
2.273946
2.273985
2.274005
2.274349
2.274271
2.274077
2.273810
2.273982
2.273858
2.273934
2.273858
2.273682
2.273420
2.273655
2.273867
2.273680
2.273687
2.273847
2.273918
2.273728
2.273624
2.273843
2.274006
2.273974
2.273875
2.273934
2.274007
2.273686
2.273736
2.273990
2.273998
2.273952
2.273997
2.274014
2.273953
2.274037
2.274040
2.273989
2.273965
2.273975
2.274033
2.273777
2.273553
2.273895
2.274045
2.273898
2.273845
2.273883
2.273860
2.273936
2.273765
2.273972
2.273920
2.273939
2.273831
2.273707
2.273607
2.273588
2.273855
2.273650
2.273747
2.274151
2.274073
2.273868
2.273737
2.273846
2.273898
2.273855
2.274085
2.274008
2.273880
2.273806
2.273948
2.273993
2.273743
2.273856
2.274215
2.274107
2.273950
2.273866
2.273954
2.274074
2.273766
2.273762
2.273733
2.273745
2.273579
2.273510
2.273732
2.273802
2.274106
2.274193
2.274110
2.273791
2.273787
2.274006
2.273913
2.273915
2.274045
2.274346
2.274034
2.273840
2.273829
2.273656
2.274137
2.274124
2.273998
2.274135
2.273914
2.273924
2.273957
2.274148
2.273965
2.273897
2.274112
2.274087
2.274136
2.274119
2.274302
2.274105
2.274256
2.274122
2.274376
2.274218
2.273970
2.274161
2.274295
2.274165
2.274331
2.274213
2.274170
2.273989
2.274091
2.274098
2.274014
2.274192
2.274120
2.274399
2.273902
2.274203
2.274125
2.273940
2.274090
2.274126
2.274224
2.274150
2.273936
2.274361
2.274085
2.274130
2.274278
2.274339
2.274393
2.274210
2.274168
2.274373
2.274247
2.274102
2.274269
2.274357
2.274307
2.274039
2.273834
2.274057
2.274004
2.274186
2.274188
2.274067
2.274195
2.274086
2.274390
2.274480
2.274223
2.274303
2.274358
2.274353
2.274176
2.274386
2.274358
2.274072
2.274248
2.274113
2.274240
2.274061
2.274062
2.274284
2.274284
2.274359
2.274285
2.274482
2.274417
2.274264
2.274383
2.274354
2.274274
2.274485
2.274339
2.274435
2.274126
2.274136
2.274162
2.274243
2.274278
2.274386
2.274222
2.274209
2.274084
2.274345
2.274151
2.274089
2.274200
2.274399
2.274328
2.274279
2.274118
2.274160
2.273961
2.273901
2.274271
2.274172
2.273965
2.273923
2.274323
2.274097
2.273999
2.273821
2.273964
2.273888
2.274033
2.274007
2.274272
2.274228
2.273912
2.274072
2.274159
2.273937
2.273845
2.273979
2.274146
2.273995
2.274301
2.274348
2.274210
2.274271
2.273827
2.274193
2.274201
2.274244
2.274328
2.274310
2.274051
2.274070
2.274343
2.274268
2.274113
2.274190
2.274382
2.274165
2.274119
2.274227
2.274367
2.273883
2.274317
2.274413
2.274545
2.274160
2.273922
2.274237
2.274050
2.274169
2.274236
2.274462
2.274315
2.274173
2.274122
2.274011
2.274134
2.274251
2.274215
2.274237
2.274118
2.273992
2.274122
2.274198
2.274265
2.274175
2.274241
2.274361
2.274215
2.274122
2.274046
2.274267
2.274309
2.274321
2.274033
2.274063
2.273896
2.273952
2.274113
2.274067
2.273936
2.274067
2.274277
2.274002
2.274341
2.274339
2.274072
2.274085
2.274193
2.273940
2.273931
2.273836
2.274218
2.274104
2.274184
2.274302
2.274367
2.274201
2.274123
2.274130
2.274216
2.274203
2.274035
2.274284
2.274171
2.273943
2.274095
2.274647
2.274029
2.274088
2.274443
2.274496
2.274040
2.274063
2.274151
2.274346
2.274337
2.274338
2.274203
2.274046
2.274266
2.274272
2.274666
2.274265
2.274106
2.274361
2.274137
2.274081
2.273864
2.274076
2.274228
2.274364
2.274174
2.274482
2.274304
2.274186
2.274055
2.274316
2.274280
2.274234
2.274208
2.274285
2.274343
2.274185
2.274148
2.273958
2.274318
2.274353
2.274364
2.274195
2.273977
2.273949
2.274138
2.274180
2.274272
2.274123
2.274119
2.274321
2.274292
2.274543
2.274315
2.274300
2.274186
2.274242
2.274058
2.274061
2.274047
2.274442
2.274458
2.274492
2.274242
2.274388
2.274076
2.274320
2.274339
2.274228
2.274340
2.274312
2.274371
2.274235
2.274290
2.274030
2.274235
2.274164
2.274250
2.274304
2.274531
2.273983
2.273960
2.274035
2.274066
2.274072
2.274270
2.274239
2.274156
2.274178
2.274221
2.274476
2.274405
2.274436
2.274616
2.274570
2.274231
2.274192
2.274392
2.274460
2.274245
2.274368
2.274249
2.273967
2.274277
2.274279
2.273923
2.274405
2.274576
2.274475
2.274391
2.274221
2.274148
2.274340
2.274193
2.274441
2.274389
2.274325
2.274166
2.274149
2.274337
2.274120
2.274231
2.274259
2.274358
2.274267
2.273864
2.274184
2.274352
2.274179
2.274240
2.274144
2.273985
2.274030
2.273839
2.274101
2.274075
2.274132
2.274083
2.274113
2.274376
2.274185
2.274380
2.274227
2.274467
2.274395
2.274429
2.274312
2.274419
2.274219
2.274379
2.274660
2.274284
2.274318
2.274181
2.274017
2.274043
2.274231
2.274292
2.273942
2.274073
2.274140
2.274173
2.274219
2.274179
2.274248
2.274238
2.274309
2.274089
2.274234
2.274132
2.274085
2.274226
2.274417
2.274202
2.274164
2.274020
2.273878
2.273898
2.274113
2.273906
2.274258
2.274016
2.274094
2.274160
2.273970
2.273885
2.274039
2.274075
2.274164
2.274026
2.273985
2.273927
2.273812
2.274002
2.274408
2.274230
2.274241
2.274133
2.274204
2.274168
2.274218
2.274193
2.274119
2.274180
2.274244
2.274234
2.274144
2.273752
2.274066
2.274057
2.274066
2.273832
2.274028
2.274101
2.273914
2.274062
2.273993
2.273844
2.273903
2.273822
2.273788
2.273797
2.273666
2.273896
2.273905
2.273799
2.273801
2.273777
2.273750
2.273557
2.273901
2.273825
2.273661
2.273837
2.273756
2.273754
2.273514
2.273450
2.273385
2.273275
2.273142
2.272981
2.272712
2.272443
2.272299
2.272311
2.272125
2.272031
2.272018
2.271950
2.271525
2.271430
2.271569
2.271545
2.271725
2.271779
2.271811
2.271795
2.271726
2.271995
2.271848
2.271980
2.272290
2.272696
2.272447
2.272553
2.272353
2.272549
2.272726
2.272879
2.272996
2.272746
2.272556
2.272797
2.273063
2.273202
2.273162
2.273280
2.273349
2.273044
2.272770
2.273217
2.273160
2.272991
2.273523
2.273818
2.273310
2.273177
2.273032
2.273102
2.273226
2.273315
2.273256
2.273228
2.272875
2.272992
2.273290
2.273186
2.273116
2.273452
2.273249
2.273049
2.273070
2.273078
2.273297
2.273378
2.273360
2.273126
2.273158
2.273030
2.272814
2.273050
2.272964
2.273206
2.273427
2.272989
2.272854
2.272910
2.272829
2.272975
2.272768
2.272882
2.272846
2.272767
2.272480
2.272633
2.272779
2.272567
2.272716
2.272874
2.272440
2.272490
2.272435
2.272243
2.272272
2.272276
2.272291
2.272130
2.272187
2.271946
2.271950
2.272201
2.272422
2.272781
2.272853
2.272791
2.272613
2.272488
2.272402
2.272056
2.271822
2.271399
2.271015
2.271325
2.271904
2.272140
2.272349
2.272394
2.272761
2.272917
2.272990
2.273027
2.273298
2.273246
2.273038
2.273332
2.273376
2.273470
2.273237
2.273344
2.273502
2.273079
2.273238
2.273387
2.273541
2.273514
2.273480
2.273461
2.273410
2.273375
2.273112
2.273368
2.273378
2.273383
2.273333
2.273335
2.273325
2.273275
2.273219
2.273616
2.273477
2.273184
2.273327
2.273316
2.273355
2.273338
2.273428
2.273339
2.273114
2.273069
2.272952
2.272997
2.273021
2.272872
2.273113
2.272964
2.272798
2.272998
2.272804
2.272791
2.272732
2.272988
2.272832
2.272614
2.272542
2.272484
2.272300
2.272266
2.272387
2.272705
2.272547
2.272409
2.272323
2.272360
2.272401
2.272444
2.272544
2.272030
2.272031
2.271930
2.271850
2.271845
2.271829
2.271628
2.271798
2.271922
2.271760
2.271754
2.271551
2.271848
2.271793
2.271721
2.271684
2.271518
2.271566
2.271804
2.271827
2.271885
2.271786
2.271619
2.271658
2.271587
2.271726
2.271956
2.272094
2.272294
2.272412
2.272167
2.272258
2.272117
2.272139
2.272425
2.272516
2.272429
2.272215
2.272250
2.272425
2.272334
2.272614
2.272694
2.272550
2.272608
2.272447
2.272252
2.272579
2.272661
2.272848
2.272792
2.272476
2.272513
2.272670
2.272615
2.272692
2.272685
2.272624
2.272660
2.272382
2.272424
2.272360
2.272541
2.272326
2.272686
2.272415
2.272395
2.272537
2.272517
2.272471
2.272422
2.272457
2.272389
2.272400
2.272280
2.272320
2.272469
2.272388
2.272351
2.272368
2.271910
2.272172
2.272404
2.272209
2.272021
2.272291
2.272378
2.272217
2.272464
2.272360
2.272336
2.272161
2.272258
2.272252
2.271880
2.271812
2.271881
2.271894
2.271742
2.271623
2.271577
2.271335
2.271073
2.270947
2.270823
2.270596
2.270798
2.270429
2.270390
2.270301
2.270009
2.269896
2.269805
2.269525
2.269810
2.269365
2.269235
2.269052
2.269269
2.269175
2.269095
2.269263
2.269250
2.269043
2.269078
2.269373
2.269393
2.269318
2.268937
2.269244
2.269121
2.269335
2.269198
2.268940
2.269055
2.268723
2.268479
2.268625
2.268320
2.268194
2.267937
2.267758
2.267436
2.267360
2.267287
2.266914
2.266520
2.266684
2.266641
2.266854
2.267186
2.267218
2.266865
2.266616
2.266862
2.266717
2.266918
2.266698
2.266948
2.266882
2.266904
2.267160
2.268086
2.267895
2.267773
2.267945
2.268510
2.268792
2.269064
2.269459
2.269691
2.269763
2.269666
2.269849
2.269823
2.269722
2.269672
2.269663
2.269670
2.269504
2.269670
2.269638
2.269675
2.269444
2.269562
2.269573
2.269753
2.269374
2.269516
2.269792
2.269565
2.269793
2.269666
2.269921
2.269722
2.269691
2.269706
2.269812
2.269633
2.269663
2.269884
2.269917
2.269818
2.269728
2.269757
2.269673
2.269586
2.269633
2.269930
2.269796
2.269933
2.269794
2.269978
2.269837
2.269821
2.269737
2.269877
2.269688
2.269712
2.269819
2.269806
2.269567
2.269598
2.269706
2.269651
2.269705
2.269762
2.269612
2.269376
2.269301
2.269300
2.269430
2.269429
2.269208
2.269093
2.269371
2.269375
2.269183
2.269146
2.269287
2.269080
2.269070
2.269261
2.269063
2.269052
2.268887
2.269234
2.269084
2.268988
2.268946
2.268929
2.268863
2.269017
2.268543
2.268549
2.268993
2.268664
2.268910
2.268720
2.268636
2.268734
2.268873
2.268721
2.268509
2.268342
2.268681
2.268531
2.268394
2.268435
2.268456
2.268625
2.268472
2.268220
2.268317
2.268140
2.268094
2.268221
2.268345
2.268108
2.268111
2.268205
2.268120
2.268237
2.267828
2.268198
2.268082
2.268125
2.268242
2.268319
2.268254
2.268257
2.268384
2.268599
2.268779
2.268606
2.268630
2.268654
2.268616
2.268678
2.268882
2.268785
2.268747
2.268731
2.268773
2.268932
2.268982
2.268896
2.268906
2.269227
2.269204
2.269029
2.269357
2.269422
2.269374
2.269415
2.269635
2.269675
2.269399
2.269707
2.269585
2.269535
2.269654
2.269636
2.269552
2.269513
2.269490
2.269662
2.269474
2.269288
2.269509
2.269590
2.269997
2.269544
2.269353
2.269601
2.269902
2.269580
2.269600
2.269495
2.269585
2.269829
2.269580
2.269596
2.269671
2.269502
2.269588
2.269627
2.269564
2.269651
2.269697
2.269874
2.269616
2.269804
2.269782
2.269510
2.269494
2.269819
2.269486
2.269344
2.269580
2.269405
2.269527
2.269251
2.269385
2.269779
2.269402
2.269441
2.269770
2.269802
2.269542
2.269772
2.269742
2.269737
2.269948
2.269998
2.270156
2.270139
2.269874
2.269911
2.269921
2.269948
2.269779
2.269922
2.269952
2.269847
2.269978
2.270008
2.269853
2.269839
2.269893
2.270048
2.269948
2.269878
2.269925
2.270073
2.269883
2.270100
2.270088
2.269959
2.269781
2.270144
2.270121
2.270013
2.269973
2.270051
2.270018
2.269867
2.269896
2.269821
2.270188
2.269813
2.270046
2.269970
2.270043
2.269841
2.269954
2.269832
2.269654
2.269474
2.269452
2.269492
2.269175
2.268946
2.269119
2.268773
2.268582
2.268602
2.268384
2.268559
2.268108
2.268576
2.268674
2.268769
2.268599
2.268299
2.267944
2.267636
2.267615
2.267764
2.267831
2.267864
2.268065
2.268031
2.267880
2.268019
2.268090
2.267954
2.268121
2.268395
2.268519
2.268479
2.268469
2.268370
2.268186
2.267924
2.268054
2.267872
2.267960
2.267827
2.267952
2.267779
2.267706
2.267316
2.267331
2.267375
2.267535
2.267101
2.267268
2.266914
2.266681
2.266515
2.266824
2.266995
2.266904
2.267314
2.267766
2.267989
2.268090
2.268761
2.269339
2.269460
2.269746
2.270261
2.270413
2.270605
2.271131
2.271944
2.271976
2.272199
2.272388
2.272445
2.272580
2.272482
2.272919
2.273071
2.272818
2.273065
2.273386
2.273253
2.273019
2.273150
2.273202
2.273402
2.273533
2.273424
2.273476
2.273386
2.273534
2.273602
2.273368
2.273548
2.273666
2.273588
2.273541
2.273347
2.273566
2.273753
2.273666
2.273576
2.273771
2.273632
2.273291
2.273398
2.273748
2.273621
2.273596
2.273934
2.273888
2.273355
2.273433
2.273575
2.273501
2.273407
2.273431
2.273561
2.273462
2.273469
2.273348
2.273517
2.273325
2.273412
2.273276
2.273479
2.273346
2.273284
2.273644
2.273667
2.273709
2.273421
2.273395
2.273337
2.273358
2.273221
2.273701
2.273461
2.273667
2.273510
2.273701
2.273484
2.273644
2.273858
2.273665
2.273744
2.273744
2.273727
2.273682
2.273591
2.273567
2.273773
2.273640
2.273518
2.273608
2.273667
2.273429
2.273604
2.273446
2.273597
2.273812
2.273623
2.273551
2.273539
2.273657
2.273532
2.273438
2.273542
2.273450
2.273278
2.273617
2.273510
2.273565
2.273496
2.273487
2.273594
2.273453
2.273709
2.273591
2.273197
2.273553
2.273514
2.273850
2.273797
2.273586
2.273696
2.273525
2.273363
2.273276
2.273525
2.273420
2.273335
2.273366
2.273752
2.273650
2.273355
2.273617
2.273343
2.273546
2.273637
2.273580
2.273580
2.273458
2.273405
2.273427
2.273561
2.273350
2.273522
2.273672
2.273461
2.273259
2.273341
2.273475
2.273411
2.273417
2.273645
2.273582
2.273589
2.273692
2.273841
2.273746
2.273854
2.273581
2.273797
2.273617
2.273245
2.273285
2.273398
2.273473
2.273405
2.273245
2.273250
2.272791
2.272414
2.271872
2.272034
2.271991
2.271485
2.271460
2.271200
2.270775
2.270516
2.270567
2.270321
2.269829
2.269612
2.269349
2.268453
2.267264
2.267071
2.266868
2.266774
2.266465
2.266504
2.266488
2.266522
2.266197
2.266263
2.265919
2.265531
2.265515
2.265069
2.264949
2.264568
2.264561
2.264522
2.264246
2.264022
2.263850
2.263834
2.263490
2.263243
2.263258
2.263154
2.262878
2.262878
2.262806
2.262629
2.262471
2.262333
2.262176
2.261540
2.260778
2.260281
2.259964
2.259885
2.259504
2.259675
2.259902
2.260271
2.260466
2.261013
2.261474
2.261807
2.262389
2.262782
2.263315
2.264138
2.264568
2.265270
2.266248
2.267011
2.267635
2.268555
2.268945
2.268823
2.269235
2.269476
2.269591
2.269692
2.269685
2.269853
2.269888
2.269879
2.270080
2.270203
2.270104
2.270165
2.270493
2.270472
2.270596
2.270495
2.270473
2.270288
2.270588
2.270653
2.271103
2.270891
2.270833
2.271022
2.271133
2.270932
2.271031
2.271011
2.271172
2.271029
2.271086
2.271065
2.270979
2.270743
2.270705
2.270874
2.270885
2.270479
2.270426
2.270630
2.270116
2.269837
2.270085
2.269635
2.269373
2.269295
2.269383
2.269311
2.268871
2.268781
2.269139
2.268814
2.268588
2.268837
2.268833
2.268735
2.268568
2.268881
2.268846
2.268862
2.268780
2.269013
2.268651
2.268692
2.268736
2.268717
2.268767
2.268578
2.268621
2.268745
2.268608
2.268621
2.268342
2.268628
2.268540
2.268639
2.268667
2.268513
2.268457
2.268296
2.268710
2.268299
2.268308
2.268393
2.268376
2.268521
2.268739
2.268454
2.268338
2.268339
2.268698
2.268605
2.268534
2.268582
2.268642
2.268814
2.268955
2.268745
2.269142
2.269498
2.269713
2.270092
2.270293
2.270429
2.270722
2.270638
2.270901
2.271136
2.271592
2.271816
2.271900
2.271708
2.272032
2.271847
2.271902
2.271906
2.272005
2.272194
2.272029
2.271921
2.271892
2.271984
2.271820
2.271897
2.271966
2.272315
2.271851
2.271863
2.272189
2.271975
2.272013
2.272139
2.272173
2.271770
2.272101
2.271954
2.271979
2.271929
2.271709
2.272033
2.271933
2.271841
2.272221
2.272039
2.271946
2.271787
2.271993
2.272351
2.272115
2.271932
2.272049
2.272168
2.271931
2.272153
2.272171
2.271827
2.271834
2.272202
2.272090
2.271973
2.272017
2.272003
2.271866
2.271852
2.271991
2.272091
2.272043
2.271821
2.271852
2.271917
2.271764
2.271603
2.271848
2.271872
2.271822
2.271807
2.271897
2.271402
2.271566
2.271680
2.271627
2.271321
2.271373
2.271503
2.271335
2.271042
2.271236
2.271392
2.271082
2.271191
2.271286
2.271307
2.270944
2.270879
2.271026
2.271006
2.270933
2.270970
2.271009
2.270843
2.270352
2.270522
2.270275
2.270294
2.269812
2.269770
2.269588
2.269068
2.268852
2.268599
2.268521
2.268194
2.267736
2.267854
2.267209
2.266706
2.266549
2.266188
2.265973
2.265983
2.265797
2.265472
2.264979
2.265179
2.265013
2.264944
2.264723
2.264626
2.264567
2.264454
2.264332
2.264174
2.263939
2.263954
2.263929
2.263709
2.263713
2.263230
2.262961
2.263144
2.262607
2.262425
2.262326
2.261920
2.260851
2.259747
2.258779
2.258084
2.257869
2.258041
2.257698
2.257461
2.256766
2.256444
2.256048
2.255229
2.255206
2.254847
2.254758
2.254256
2.253899
2.253777
2.253312
2.253271
2.253050
2.252976
2.252535
2.251931
2.252210
2.252346
2.251784
2.251792
2.251595
2.251253
2.250745
2.250850
2.251211
2.250423
2.249816
2.249390
2.248566
2.248011
2.247558
2.247243
2.246692
2.245237
2.244003
2.243621
2.242977
2.242491
2.242369
2.242633
2.242620
2.242225
2.242225
2.241985
2.241328
2.240978
2.240847
2.240478
2.239459
2.239257
2.238768
2.237813
2.236699
2.236556
2.236226
2.234907
2.233887
2.232845
2.231517
2.230349
2.229840
2.229642
2.229082
2.228663
2.228295
2.228395
2.228048
2.227773
2.227910
2.228291
2.228304
2.228267
2.228710
2.228389
2.228077
2.228299
2.228528
2.228274
2.228066
2.228135
2.228227
2.227393
2.226825
2.226953
2.226966
2.226366
2.226025
2.225681
2.224621
2.223831
2.223261
2.223212
2.222722
2.221785
2.221261
2.220933
2.219683
2.219329
2.218835
2.218628
2.217935
2.217419
2.216754
2.216413
2.215530
2.214913
2.215106
2.214912
2.214313
2.214088
2.214193
2.213662
2.213075
2.213290
2.213523
2.213163
2.212859
2.212582
2.212379
2.211508
2.211207
2.211493
2.211396
2.210651
2.210116
2.209779
2.209157
2.208685
2.208713
2.209129
2.209147
2.209049
2.209042
2.209076
2.208772
2.208524
2.209246
2.209489
2.209474
2.209508
2.209921
2.209999
2.209761
2.209930
2.210810
2.211032
2.211272
2.211968
2.212206
2.212394
2.212371
2.213057
2.213600
2.213958
2.214178
2.214950
2.214957
2.214911
2.215501
2.216569
2.216713
2.217245
2.217618
2.217879
2.217889
2.217945
2.218800
2.219431
2.219441
2.219962
2.220210
2.220225
2.220225
2.220799
2.221511
2.220947
2.221433
2.221376
2.220966
2.220644
2.220762
2.221673
2.221343
2.221414
2.221376
2.220944
2.220530
2.220419
2.220704
2.220594
2.220439
2.220179
2.219919
2.219533
2.218971
2.219460
2.219326
2.219039
2.218690
2.218611
2.218167
2.217813
2.217819
2.218134
2.217798
2.217111
2.217163
2.216882
2.216055
2.216034
2.215948
2.215566
2.215142
2.214959
2.214701
2.213910
2.213163
2.213046
2.212984
2.212116
2.211797
2.211225
2.210636
2.209579
2.209383
2.209300
2.208711
2.208292
2.207186
2.206856
2.206079
2.205468
2.205905
2.205676
2.204798
2.204295
2.203818
2.202801
2.202065
2.202309
2.202085
2.201390
2.200748
2.199868
2.199140
2.198080
2.197534
2.197129
2.196440
2.195532
2.194648
2.193925
2.193022
2.192160
2.192377
2.192050
2.191062
2.190731
2.190389
2.189671
2.188630
2.188529
2.188541
2.187732
2.186906
2.186227
2.185467
2.184598
2.184108
2.183915
2.183242
2.182713
2.181945
2.181343
2.180799
2.179973
2.179689
2.179450
2.178888
2.177918
2.177174
2.176750
2.175932
2.175580
2.175599
2.174720
2.174140
2.173129
2.173066
2.172644
2.171832
2.171717
2.171831
2.170913
2.169917
2.169237
2.169267
2.168462
2.168251
2.168617
2.168117
2.167092
2.165294
2.165962
2.166061
2.164490
2.165459
2.165319
2.164670
2.161830
2.161869
2.163340
2.161731
2.161961
2.162635
2.162188
2.159320
2.157652
2.159631
2.160004
2.157885
2.159298
2.159336
2.157782
2.154231
2.155268
2.157028
2.154206
2.154754
2.155439
2.154950
2.151529
2.151374
2.153343
2.152373
2.151209
2.152223
2.152421
2.150306
2.147340
2.149833
2.151527
2.148365
2.148945
2.149942
2.149071
2.144987
2.145776
2.149528
2.147613
2.145604
2.146733
2.146875
2.143956
2.140762
2.144514
2.147200
2.141976
2.142994
2.143761
2.143309
2.137413
2.138769
2.144392
2.140920
2.139024
2.140158
2.141286
2.138062
2.132836
2.138311
2.142309
2.136056
2.136627
2.138060
2.139089
2.130203
2.130362
2.138566
2.134297
2.131588
2.132660
2.135011
2.128837
2.122413
2.129073
2.134371
2.125485
2.126477
2.128926
2.129101
2.118694
2.118792
2.130612
2.123063
2.120751
2.122890
2.125536
2.118239
2.111802
2.120150
2.124965
2.114559
2.116618
2.119405
2.119157
2.108956
2.109086
2.122546
2.113062
2.111591
2.114205
2.117161
2.109432
2.103423
2.112398
2.116064
2.106782
2.109213
2.111996
2.111276
2.101780
2.102488
2.115552
2.105411
2.104947
2.107516
2.110194
2.102193
2.097799
2.107647
2.108153
2.101600
2.103261
2.106277
2.104266
2.096411
2.099187
2.110121
2.099836
2.100342
2.102761
2.104793
2.097043
2.095082
2.105461
2.101917
2.098334
2.100231
2.103006
2.098929
2.094001
2.098626
2.105840
2.096477
2.097908
2.101204
2.101122
2.094860
2.095054
2.104726
2.098675
2.096767
2.099797
2.101780
2.096489
2.094052
2.098821
2.103928
2.096004
2.098271
2.101483
2.099747
2.094896
2.095438
2.104858
2.097979
2.097635
2.100635
2.101872
2.096468
2.094977
2.099934
2.103555
2.096989
2.099496
2.101755
2.099802
2.095612
2.095948
2.105325
2.098364
2.098663
2.101311
2.101917
2.097006
2.095368
2.100388
2.103279
2.098249
2.100267
2.101787
2.099873
2.096096
2.096168
2.105144
2.098970
2.099026
2.100730
2.100868
2.096732
2.094797
2.098724
2.102988
2.098076
2.099091
2.099931
2.097961
2.094629
2.093852
2.102346
2.098326
2.097838
2.099163
2.098778
2.095804
2.093595
2.095249
2.102253
2.097451
2.098086
2.099206
2.098174
2.094606
2.093272
2.099406
2.099758
2.098272
2.099193
2.099601
2.097861
2.095085
2.094911
2.102168
2.098807
2.099489
2.100426
2.100363
2.097825
2.095382
2.097525
2.102274
2.099856
2.100506
2.101457
2.101076
2.097875
2.096569
2.102109
2.101405
2.101218
2.102050
2.102733
2.101725
2.098888
2.099749
2.104849
2.102937
2.103077
2.104690
2.105303
2.102833
2.101427
2.105265
2.106777
2.106014
2.106225
2.107704
2.107484
2.105111
2.106413
2.110839
2.109931
2.110322
2.111400
2.112593
2.111069
2.110569
2.113273
2.115964
2.115651
2.115648
2.117147
2.117981
2.116208
2.117159
2.121027
2.121156
2.121555
2.121685
2.123693
2.123690
2.123289
2.126018
2.128659
2.128621
2.128643
2.130705
2.132573
2.132080
2.133391
2.137625
2.139071
2.138447
2.139122
2.143103
2.144516
2.144366
2.148166
2.151452
2.151291
2.150114
2.153178
2.156472
2.156650
2.157132
2.161585
2.162590
2.161324
2.161370
2.165726
2.168281
2.167329
2.169681
2.173198
2.173025
2.170402
2.173663
2.177826
2.178289
2.177641
2.181834
2.183833
2.182307
2.182019
2.187153
2.189692
2.188749
2.190373
2.194078
2.194021
2.191608
2.194912
2.198649
2.199058
2.199015
2.202138
2.203754
2.202465
2.202325
2.206852
2.209619
2.209369
2.211507
2.214682
2.215032
2.213846
2.217622
2.221537
2.222924
2.223401
2.226418
2.228332
2.227191
2.228025
2.232014
2.233746
2.232970
2.234527
2.236382
2.236001
2.234575
2.237709
2.239593
2.239565
2.239604
2.241177
2.241424
2.239806
2.240975
2.242833
2.243597
2.243111
2.244121
2.244700
2.244260
2.243735
2.245718
2.246106
2.246403
2.246331
2.246636
2.246826
2.245716
2.247003
2.247481
2.248188
2.247643
2.248027
2.248216
2.248008
2.247511
2.248233
2.249008
2.249249
2.249075
2.249042
2.249275
2.248256
2.249075
2.249631
2.250026
2.249708
2.249837
2.249988
2.249119
2.249188
2.249914
2.250417
2.250407
2.250170
2.250425
2.250186
2.248890
2.250277
2.250441
2.250491
2.250123
2.250189
2.250503
2.249363
2.249779
2.250278
2.250885
2.250567
2.250292
2.250305
2.250171
2.249438
2.250654
2.250870
2.250877
2.250456
2.250464
2.250528
2.250038
2.250370
2.250749
2.251217
2.250938
2.250814
2.250981
2.250575
2.250250
2.251071
2.251254
2.251266
2.250819
2.250898
2.250965
2.250895
2.251045
2.251281
2.251555
2.251239
2.251181
2.251420
2.251102
2.251052
2.251393
2.251509
2.251738
2.251353
2.251321
2.251496
2.251397
2.251651
2.251768
2.252001
2.251629
2.251531
2.251610
2.251441
2.251589
2.251528
2.251561
2.251448
2.251131
2.251188
2.250943
2.251132
2.251347
2.251380
2.251558
2.251163
2.250960
2.251111
2.251002
2.251326
2.251475
2.251697
2.251442
2.251153
2.251366
2.251349
2.251406
2.251654
2.251659
2.251860
2.251568
2.251357
2.251520
2.251571
2.251740
2.251858
2.251879
2.251894
2.251570
2.251475
2.251304
2.251290
2.251545
2.251693
2.251844
2.251650
2.251418
2.251359
2.251150
2.251275
2.251281
2.251385
2.251428
2.251384
2.251201
2.251016
2.251231
2.251358
2.251120
2.250912
2.251039
2.250767
2.250770
2.250900
2.250614
2.250485
2.250379
2.250381
2.250450
2.250125
2.250283
2.250053
2.250035
2.250000
2.249834
2.249869
2.249585
2.250017
2.249652
2.249497
2.249247
2.249076
2.248991
2.248806
2.248684
2.249149
2.248839
2.248972
2.248741
2.248709
2.248624
2.248395
2.248556
2.248530
2.248607
2.248672
2.248984
2.248833
2.248770
2.248668
2.248614
2.248818
2.248693
2.248428
2.248246
2.248436
2.248280
2.248278
2.248344
2.248332
2.248338
2.248541
2.248372
2.248377
2.248002
2.248089
2.247737
2.248066
2.248037
2.248095
2.248049
2.247894
2.247966
2.247788
2.247988
2.248136
2.248160
2.247994
2.247931
2.247812
2.248244
2.248070
2.248126
2.248235
2.248133
2.248014
2.248034
2.248330
2.248289
2.248387
2.248729
2.248805
2.248709
2.248886
2.248979
2.249000
2.249001
2.248814
2.248905
2.248823
2.248710
2.248909
2.248729
2.248728
2.248928
2.248954
2.248976
2.248694
2.248639
2.248708
2.248932
2.248849
2.248924
2.249031
2.248806
2.249033
2.248920
2.248772
2.248794
2.248755
2.248623
2.248783
2.248844
2.248976
2.248898
2.248952
2.249035
2.249029
2.248820
2.248864
2.248837
2.248828
2.249177
2.249181
2.249126
2.249154
2.249301
2.249129
2.249121
2.249178
2.249057
2.249204
2.249069
2.248929
2.249269
2.249317
2.249321
2.249308
2.249425
2.249367
2.249392
2.249547
2.249444
2.249423
2.249684
2.249600
2.249563
2.249396
2.249531
2.249751
2.249771
2.249871
2.249720
2.249816
2.249739
2.249726
2.249809
2.250037
2.249963
2.249929
2.249949
2.250097
2.250097
2.249809
2.249998
2.249904
2.250006
2.249913
2.250053
2.250026
2.250186
2.250119
2.249815
2.250068
2.250165
2.250332
2.250114
2.250170
2.250083
2.250142
2.250181
2.250069
2.250376
2.250348
2.250267
2.250399
2.250628
2.250526
2.250433
2.250465
2.250556
2.250699
2.250780
2.250782
2.250870
2.250924
2.250789
2.250908
2.251235
2.251045
2.251091
2.250992
2.251194
2.251250
2.251192
2.251274
2.251339
2.251462
2.251396
2.251570
2.251372
2.251455
2.251566
2.251227
2.251416
2.251502
2.251620
2.251510
2.251349
2.251503
2.251704
2.251734
2.251780
2.251753
2.251722
2.251812
2.251808
2.251735
2.251688
2.251695
2.251627
2.251666
2.252064
2.252265
2.252321
2.252036
2.251983
2.252153
2.252242
2.252205
2.252247
2.252272
2.252303
2.252146
2.252258
2.252536
2.252483
2.252746
2.252578
2.252721
2.252638
2.252574
2.252684
2.252684
2.252768
2.252876
2.252696
2.252734
2.252842
2.252933
2.253073
2.252961
2.252889
2.253105
2.253174
2.253391
2.253198
2.253097
2.253122
2.253254
2.253165
2.252957
2.253196
2.253253
2.253161
2.253369
2.253348
2.253551
2.253426
2.253183
2.253305
2.253428
2.253559
2.253426
2.253260
2.253288
2.253500
2.253574
2.253432
2.253637
2.253663
2.253620
2.253622
2.253557
2.253561
2.253751
2.253556
2.253745
2.253779
2.253706
2.253547
2.253515
2.253847
2.253671
2.253518
2.253535
2.253605
2.253672
2.253821
2.253656
2.253878
2.253600
2.253615
2.253566
2.253635
2.253944
2.253711
2.253606
2.253804
2.253653
2.253869
2.253686
2.253826
2.253876
2.254102
2.253910
2.253926
2.253851
2.254004
2.254053
2.254048
2.254011
2.253881
2.253802
2.254075
2.254038
2.253947
2.253876
2.254064
2.253879
2.254159
2.253895
2.254153
2.253855
2.253994
2.254044
2.253885
2.253954
2.254139
2.254112
2.253937
2.254075
2.254174
2.254142
2.253891
2.253812
2.253928
2.254066
2.253901
2.253823
2.253831
2.253958
2.253847
2.253876
2.253733
2.253770
2.253738
2.253886
2.253850
2.253849
2.253947
2.253658
2.253761
2.253637
2.253714
2.253680
2.253717
2.253661
2.253635
2.253594
2.253527
2.253507
2.253588
2.253665
2.253761
2.253698
2.253482
2.253219
2.253625
2.253507
2.253696
2.253756
2.253450
2.253515
2.253565
2.253771
2.253531
2.253708
2.253490
2.253753
2.253619
2.253701
2.253786
2.253581
2.253553
2.253673
2.253703
2.253498
2.253651
2.253744
2.253445
2.253463
2.253568
2.253301
2.253450
2.253585
2.253571
2.253430
2.253525
2.253478
2.253319
2.253579
2.253393
2.253490
2.253587
2.253549
2.253659
2.253486
2.253459
2.253509
2.253201
2.253589
2.253566
2.253681
2.253470
2.253506
2.253405
2.253227
2.253296
2.253460
2.253544
2.253459
2.253500
2.253481
2.253487
2.253742
2.253601
2.253581
2.253758
2.253589
2.253507
2.253757
2.253670
2.253751
2.253678
2.253858
2.253695
2.253810
2.254102
2.253714
2.253604
2.253690
2.253900
2.254047
2.253836
2.253859
2.253788
2.253965
2.253923
2.253927
2.254108
2.254083
2.253914
2.254049
2.253885
2.253718
2.254007
2.253824
2.254329
2.254153
2.254206
2.254072
2.254106
2.254074
2.254131
2.254217
2.254338
2.254343
2.254165
2.254285
2.254139
2.254248
2.254098
2.254170
2.254187
2.254063
2.254175
2.254108
2.254321
2.254545
2.254344
2.254521
2.254375
2.254367
2.254469
2.254562
2.254431
2.254479
2.254291
2.254454
2.254564
2.254421
2.254654
2.254707
2.254715
2.254661
2.254610
2.254894
2.254802
2.254711
2.254918
2.254879
2.254582
2.254764
2.254801
2.254969
2.254856
2.254698
2.254926
2.254825
2.254932
2.254851
2.254896
2.254840
2.254986
2.255096
2.254822
2.255120
2.254803
2.254989
2.255197
2.255195
2.255131
2.255265
2.255179
2.255113
2.255011
2.255152
2.255180
2.255307
2.255182
2.255377
2.255183
2.255374
2.255130
2.255318
2.255226
2.255290
2.255429
2.255460
2.255474
2.255414
2.255354
2.255545
2.255439
2.255326
2.255451
2.255599
2.255425
2.255819
2.255576
2.255592
2.255472
2.255601
2.255879
2.255713
2.255794
2.255699
2.255799
2.255803
2.255777
2.255861
2.255920
2.256006
2.255704
2.255853
2.255950
2.255909
2.255688
2.255726
2.255753
2.255815
2.255874
2.255769
2.255775
2.255739
2.255856
2.255827
2.255871
2.255989
2.255915
2.255905
2.255855
2.255897
2.255670
2.255745
2.255580
2.255749
2.255648
2.255536
2.255464
2.255883
2.255766
2.255569
2.255784
2.255573
2.255790
2.255697
2.255676
2.255824
2.255830
2.255889
2.255823
2.255654
2.255784
2.255672
2.255931
2.255964
2.256031
2.255982
2.255901
2.256005
2.256145
2.256022
2.256147
2.256087
2.256076
2.256020
2.256434
2.256418
2.256406
2.256427
2.256281
2.256369
2.256545
2.256484
2.256559
2.256367
2.256840
2.256638
2.256629
2.256702
2.256696
2.256781
2.256691
2.256707
2.256838
2.256976
2.256868
2.256894
2.256746
2.256872
2.256868
2.256816
2.256761
2.256866
2.256874
2.256870
2.257105
2.257134
2.257019
2.257200
2.257130
2.257243
2.257404
2.257082
2.257013
2.257058
2.257155
2.257094
2.257225
2.257372
2.257228
2.257119
2.257296
2.257428
2.257310
2.257243
2.257312
2.257336
2.257224
2.257258
2.257451
2.257479
2.257333
2.257433
2.257216
2.257343
2.257263
2.257255
2.257371
2.257198
2.257243
2.257190
2.257208
2.257267
2.257322
2.257398
2.257460
2.257436
2.257290
2.257292
2.257497
2.257380
2.257533
2.257517
2.257656
2.257485
2.257555
2.257694
2.257544
2.257818
2.257476
2.257700
2.257845
2.257748
2.257729
2.257667
2.257732
2.257880
2.257767
2.257698
2.257758
2.257914
2.257800
2.257747
2.257734
2.257897
2.257934
2.257916
2.257861
2.257887
2.257835
2.257915
2.258101
2.257910
2.258153
2.258064
2.258314
2.258143
2.258416
2.258244
2.258208
2.258396
2.258435
2.258313
2.258287
2.258406
2.258311
2.258379
2.258173
2.258500
2.258410
2.258328
2.258253
2.258450
2.258221
2.258396
2.258531
2.258478
2.258554
2.258535
2.258263
2.258424
2.258554
2.258541
2.258177
2.258365
2.258416
2.258410
2.258565
2.258822
2.258691
2.258621
2.258594
2.258763
2.258561
2.258542
2.258658
2.258584
2.258740
2.258779
2.258831
2.258580
2.258720
2.258475
2.258601
2.258606
2.258742
2.258558
2.258778
2.258923
2.258714
2.258741
2.258709
2.258561
2.258749
2.258862
2.258759
2.258677
2.258752
2.258815
2.258732
2.258906
2.259040
2.258963
2.258791
2.258995
2.258903
2.258952
2.258669
2.258712
2.258948
2.259010
2.258959
2.258935
2.258952
2.258909
2.258977
2.259076
2.259181
2.258998
2.259141
2.259036
2.259161
2.259250
2.259160
2.259193
2.259184
2.259116
2.258915
2.258984
2.259116
2.259061
2.259270
2.259049
2.259187
2.259039
2.258986
2.259298
2.259118
2.259072
2.259107
2.259091
2.259182
2.259079
2.259096
2.258971
2.258839
2.259111
2.259072
2.258980
2.259176
2.259101
2.259094
2.258897
2.259147
2.259156
2.259235
2.259057
2.258933
2.259094
2.259088
2.259272
2.259206
2.259393
2.259386
2.259464
2.259413
2.259343
2.259338
2.259267
2.259253
2.259263
2.259165
2.259158
2.259288
2.259371
2.259185
2.259284
2.259400
2.259257
2.259552
2.259552
2.259543
2.259649
2.259477
2.259493
2.259470
2.259483
2.259577
2.259538
2.259190
2.259690
2.259361
2.259232
2.259369
2.259510
2.259566
2.259520
2.259383
2.259443
2.259267
2.259618
2.259588
2.259303
2.259445
2.259471
2.259374
2.259455
2.259712
2.259591
2.259603
2.259532
2.259398
2.259558
2.259696
2.259495
2.259253
2.259558
2.259662
2.259905
2.259685
2.259812
2.259925
2.259808
2.259860
2.259898
2.259697
2.259847
2.259816
2.259793
2.259957
2.259822
2.259982
2.259929
2.259769
2.259902
2.260113
2.260036
2.260020
2.260121
2.259979
2.260147
2.260020
2.260127
2.260068
2.260125
2.260249
2.260196
2.260386
2.260398
2.260283
2.260239
2.260326
2.260510
2.260422
2.260450
2.260429
2.260374
2.260320
2.260460
2.260525
2.260429
2.260728
2.260572
2.260744
2.260813
2.260702
2.260907
2.260646
2.260969
2.260896
2.261028
2.261078
2.261027
2.261149
2.261208
2.261332
2.261109
2.260954
2.261102
2.261325
2.261373
2.261276
2.261255
2.261156
2.261177
2.261288
2.261141
2.261353
2.261382
2.261491
2.261311
2.261531
2.261502
2.261463
2.261397
2.261403
2.261488
2.261494
2.261446
2.261485
2.261602
2.261623
2.261466
2.261625
2.261467
2.261469
2.261614
2.261536
2.261431
2.261711
2.261550
2.261664
2.261577
2.261564
2.261613
2.261674
2.261561
2.261623
2.261713
2.261757
2.261724
2.261864
2.261733
2.261750
2.261822
2.261861
2.261896
2.261973
2.261924
2.261896
2.262061
2.261971
2.261910
2.262091
2.261815
2.262026
2.262086
2.262032
2.261891
2.262222
2.262176
2.262281
2.262224
2.262278
2.262361
2.262250
2.262250
2.262201
2.262446
2.262527
2.262681
2.262595
2.262387
2.262367
2.262468
2.262259
2.262302
2.262382
2.262511
2.262455
2.262501
2.262659
2.262751
2.262592
2.262744
2.262618
2.262577
2.262474
2.262540
2.262462
2.262571
2.262776
2.262466
2.262592
2.262880
2.262663
2.262605
2.262553
2.262508
2.262512
2.262583
2.262561
2.262428
2.262530
2.262611
2.262855
2.262855
2.262890
2.262806
2.262766
2.262862
2.262955
2.262855
2.262886
2.262643
2.262907
2.262779
2.262816
2.262663
2.262878
2.262721
2.262915
2.262843
2.263155
2.262777
2.262850
2.263003
2.262846
2.262944
2.262890
2.262919
2.263177
2.263054
2.262981
2.263150
2.263441
2.263188
2.263028
2.263303
2.263265
2.263288
2.263098
2.263334
2.263303
2.263364
2.263276
2.263179
2.263209
2.262876
2.263103
2.263116
2.262993
2.263033
2.263196
2.263028
2.263156
2.262986
2.263312
2.263057
2.263031
2.263120
2.263113
2.263166
2.262958
2.262986
2.262945
2.262983
2.263180
2.263000
2.262955
2.262982
2.263026
2.262937
2.263180
2.263204
2.263249
2.262897
2.263137
2.263067
2.263249
2.263409
2.263156
2.263154
2.263473
2.263522
2.263542
2.263230
2.263359
2.263234
2.263314
2.263205
2.263101
2.263276
2.263113
2.263100
2.262986
2.262928
2.262920
2.263309
2.263250
2.263113
2.263286
2.263557
2.263238
2.263318
2.263232
2.263302
2.263258
2.263135
2.263240
2.263330
2.263489
2.263378
2.263631
2.263686
2.263829
2.263693
2.263678
2.263582
2.263646
2.263532
2.263476
2.263542
2.263656
2.263777
2.263667
2.263536
2.263585
2.263548
2.263460
2.263315
2.263368
2.263514
2.263842
2.263725
2.263675
2.263497
2.263294
2.263682
2.263534
2.263575
2.263580
2.263336
2.263507
2.263664
2.263461
2.263547
2.263782
2.263561
2.263303
2.263681
2.263427
2.263247
2.263517
2.263560
2.263786
2.263710
2.263671
2.263609
2.263699
2.263806
2.263688
2.263674
2.263632
2.263862
2.263970
2.263714
2.263832
2.263776
2.263538
2.263638
2.263667
2.263694
2.263783
2.263576
2.263535
2.263738
2.263736
2.263801
2.263706
2.263748
2.263833
2.263684
2.263834
2.263569
2.263899
2.263648
2.263706
2.263719
2.263740
2.263681
2.263708
2.263916
2.263701
2.263910
2.263760
2.263777
2.263839
2.263959
2.263642
2.263861
2.264014
2.263898
2.263895
2.263756
2.263591
2.263716
2.263799
2.263714
2.263823
2.263777
2.263387
2.263713
2.263647
2.263574
2.263669
2.263495
2.263777
2.263787
2.263703
2.263360
2.263528
2.263767
2.263834
2.263858
2.263631
2.263753
2.263690
2.263634
2.263820
2.263833
2.263911
2.263858
2.263831
2.263975
2.263895
2.263971
2.263993
2.263842
2.263585
2.264092
2.263982
2.263861
2.263919
2.263864
2.263939
2.263969
2.264063
2.263954
2.263839
2.263771
2.263879
2.263877
2.263847
2.263808
2.263905
2.263886
2.263639
2.263824
2.263782
2.263666
2.263910
2.263770
2.263939
2.263901
2.263950
2.263903
2.264259
2.264345
2.264220
2.264031
2.264148
2.263984
2.264023
2.264119
2.264101
2.263904
2.264053
2.264160
2.264335
2.264111
2.264211
2.264202
2.264165
2.264146
2.264434
2.264212
2.264518
2.264442
2.264343
2.264352
2.264415
2.264398
2.264299
2.264237
2.264587
2.264562
2.264274
2.264407
2.264370
2.264471
2.264394
2.264625
2.264367
2.264438
2.264416
2.264773
2.264616
2.264618
2.264622
2.264776
2.264438
2.264616
2.264485
2.264543
2.264451
2.264673
2.264482
2.264404
2.264526
2.264578
2.264739
2.264386
2.264640
2.264677
2.264785
2.264491
2.264324
2.264653
2.264364
2.264245
2.264605
2.264480
2.264464
2.264741
2.264574
2.264652
2.264891
2.264977
2.264932
2.264605
2.264900
2.264867
2.264779
2.264732
2.264770
2.264829
2.264724
2.264916
2.264923
2.264811
2.264793
2.264599
2.264780
2.264667
2.264786
2.264971
2.264758
2.264892
2.264687
2.264704
2.264732
2.264968
2.264805
2.264989
2.265013
2.264917
2.264831
2.264984
2.264934
2.264969
2.264901
2.264912
2.265190
2.265038
2.264994
2.264885
2.264841
2.264850
2.265073
2.264950
2.265028
2.265047
2.264848
2.265249
2.265005
2.265034
2.265291
2.265149
2.265007
2.265245
2.264993
2.265102
2.265275
2.265042
2.265325
2.265264
2.265314
2.265239
2.265214
2.265324
2.265232
2.265430
2.265251
2.265480
2.265604
2.265435
2.265663
2.265724
2.265455
2.265638
2.265647
2.265607
2.265446
2.265550
2.265439
2.265237
2.265444
2.265497
2.265410
2.265453
2.265395
2.265657
2.265367
2.265285
2.265220
2.265365
2.265308
2.265629
2.265477
2.265564
2.265361
2.265507
2.265456
2.265561
2.265526
2.265481
2.265329
2.265380
2.265434
2.265491
2.265884
2.265513
2.265794
2.265590
2.265546
2.265619
2.265660
2.265506
2.265515
2.265535
2.265490
2.265416
2.265563
2.265727
2.265955
2.265989
2.266030
2.266009
2.265847
2.266068
2.265722
2.265624
2.266036
2.265890
2.265804
2.265789
2.265865
2.266096
2.265793
2.265933
2.266128
2.266082
2.266030
2.266081
2.265869
2.266077
2.265919
2.266075
2.266055
2.266114
2.266156
2.266213
2.266178
2.266129
2.265961
2.266040
2.265983
2.266074
2.265831
2.266325
2.265983
2.266094
2.266204
2.266082
2.266097
2.266161
2.266095
2.266034
2.266027
2.266064
2.266185
2.266174
2.266041
2.265984
2.265794
2.266017
2.265984
2.265982
2.265886
2.265926
2.265832
2.265878
2.265965
2.266055
2.266046
2.265918
2.265939
2.266004
2.265894
2.266111
2.266142
2.265633
2.265741
2.265714
2.265793
2.265689
2.265661
2.265942
2.265873
2.265937
2.265687
2.265661
2.265710
2.265784
2.265540
2.265457
2.265360
2.265357
2.265213
2.265353
2.265269
2.265550
2.265385
2.265257
2.265183
2.265275
2.265185
2.265261
2.265139
2.265216
2.265084
2.265263
2.265121
2.265110
2.265288
2.265094
2.265062
2.264931
2.264888
2.265082
2.264933
2.264860
2.264828
2.265173
2.265071
2.265120
2.264790
2.264940
2.264606
2.264712
2.264811
2.264468
2.264557
2.264363
2.264345
2.264229
2.264370
2.264206
2.264218
2.264249
2.264155
2.264112
2.264009
2.264148
2.264065
2.264011
2.264240
2.264212
2.263989
2.264230
2.264425
2.264253
2.264485
2.264112
2.264096
2.263884
2.264193
2.264126
2.264249
2.264224
2.263990
2.263917
2.263912
2.263866
2.264059
2.264008
2.263998
2.264066
2.264097
2.263855
2.263704
2.263856
2.263836
2.263875
2.263876
2.263902
2.263761
2.263864
2.263679
2.263956
2.263620
2.263893
2.263874
2.263927
2.263736
2.263883
2.263941
2.263928
2.264003
2.263937
2.263983
2.263760
2.263922
2.263840
2.263894
2.263915
2.263618
2.263701
2.263989
2.263653
2.263898
2.263927
2.263958
2.263834
2.263833
2.263858
2.263966
2.263859
2.263979
2.263942
2.264067
2.263963
2.263882
2.264010
2.264131
2.264212
2.264016
2.263759
2.264044
2.264015
2.264130
2.264075
2.264126
2.264062
2.263983
2.263976
2.264100
2.264166
2.264068
2.264051
2.264175
2.264234
2.264218
2.264195
2.264218
2.264246
2.264260
2.264068
2.264186
2.264464
2.264463
2.264640
2.264367
2.264504
2.264478
2.264443
2.264437
2.264622
2.264699
2.264696
2.264916
2.264827
2.264757
2.264888
2.264802
2.264858
2.265053
2.264930
2.265065
2.265072
2.264948
2.265021
2.265157
2.265332
2.265314
2.265223
2.265202
2.265313
2.265231
2.265481
2.265400
2.265642
2.265630
2.265695
2.265764
2.265738
2.265642
2.265697
2.265912
2.265785
2.265902
2.265685
2.266026
2.265849
2.265618
2.265705
2.265602
2.265571
2.265779
2.265541
2.265614
2.265584
2.265574
2.265411
2.265625
2.265738
2.265334
2.265640
2.265409
2.265571
2.265692
2.265438
2.265423
2.265326
2.265337
2.265425
2.265481
2.265222
2.265481
2.265242
2.265134
2.265131
2.265167
2.265128
2.265351
2.265306
2.265226
2.265243
2.265377
2.265232
2.264847
2.264768
2.264783
2.264744
2.264804
2.264950
2.264774
2.264743
2.264544
2.264721
2.264873
2.264703
2.264472
2.264423
2.264493
2.264445
2.264585
2.264597
2.264799
2.264462
2.264439
2.264543
2.264619
2.264183
2.264400
2.264349
2.264440
2.264421
2.264199
2.264265
2.264039
2.264175
2.264152
2.264160
2.264286
2.264104
2.264171
2.264242
2.264099
2.264407
2.264555
2.264608
2.264671
2.264827
2.264987
2.265132
2.265440
2.265583
2.265623
2.265854
2.265976
2.266010
2.265770
2.266138
2.266387
2.266374
2.266410
2.266328
2.266636
2.266623
2.266657
2.266825
2.266952
2.266741
2.266810
2.266777
2.266726
2.267021
2.267052
2.266961
2.267091
2.267136
2.267000
2.267004
2.266949
2.267087
2.267208
2.266765
2.266848
2.267070
2.266884
2.266860
2.267035
2.267061
2.267104
2.267061
2.267231
2.267340
2.267007
2.267160
2.267053
2.267148
2.267246
2.267202
2.267168
2.267250
2.267178
2.267432
2.267178
2.267299
2.267336
2.267148
2.267159
2.267184
2.267217
2.267267
2.267547
2.267332
2.267354
2.267282
2.267082
2.267109
2.267225
2.267199
2.267290
2.267215
2.267265
2.267048
2.266993
2.267172
2.267116
2.267210
2.267269
2.267160
2.267090
2.267328
2.267194
2.267271
2.267402
2.267088
2.267008
2.267110
2.267293
2.267252
2.267376
2.267088
2.267033
2.267105
2.267238
2.267228
2.266943
2.266991
2.267061
2.267198
2.267290
2.267305
2.267294
2.267236
2.267416
2.267402
2.267185
2.267183
2.267287
2.267188
2.267242
2.267397
2.267334
2.267321
2.267148
2.267326
2.267408
2.267494
2.267230
2.267435
2.267436
2.267228
2.267246
2.267275
2.267392
2.267456
2.267334
2.267281
2.267289
2.267169
2.267264
2.267348
2.267371
2.267151
2.267287
2.267355
2.267348
2.267539
2.267371
2.267488
2.267305
2.267352
2.267176
2.267358
2.267499
2.267211
2.267261
2.267269
2.267197
2.267255
2.267081
2.267309
2.267416
2.267222
2.267399
2.267382
2.267491
2.267416
2.267328
2.267271
2.266989
2.267226
2.267084
2.267267
2.267380
2.267387
2.267389
2.267185
2.267364
2.267187
2.267168
2.267362
2.267324
2.267239
2.267381
2.267376
2.267448
2.267565
2.267477
2.267424
2.267491
2.267381
2.267440
2.267472
2.267064
2.267284
2.267218
2.267106
2.267426
2.267443
2.267258
2.267452
2.267719
2.267678
2.267517
2.267424
2.267383
2.267361
2.267366
2.267496
2.267556
2.267250
2.267333
2.267507
2.267436
2.267425
2.267637
2.267533
2.267423
2.267489
2.267627
2.267631
2.267562
2.267727
2.267721
2.267709
2.267734
2.267548
2.267612
2.267716
2.267610
2.267508
2.267725
2.267796
2.267581
2.267673
2.267561
2.267558
2.267522
2.267685
2.267716
2.267616
2.267308
2.267618
2.267666
2.267562
2.267589
2.267777
2.267478
2.267648
2.267638
2.267721
2.267587
2.267674
2.267674
2.267464
2.267486
2.267541
2.267469
2.267479
2.267836
2.267817
2.267725
2.267658
2.267626
2.267892
2.267776
2.267626
2.267589
2.267546
2.267537
2.267702
2.267631
2.267688
2.267531
2.267743
2.267725
2.267736
2.267634
2.267486
2.267618
2.267519
2.267567
2.267574
2.267863
2.267775
2.267797
2.267632
2.267656
2.267558
2.267554
2.267690
2.267564
2.267692
2.267779
2.267727
2.267689
2.267899
2.267745
2.267902
2.267703
2.267744
2.267783
2.267692
2.267964
2.267638
2.267529
2.267790
2.267615
2.267554
2.267529
2.267303
2.267465
2.267474
2.267467
2.267666
2.267340
2.267424
2.267394
2.267315
2.267212
2.267485
2.267353
2.267386
2.267481
2.267449
2.267573
2.267422
2.267279
2.267563
2.267467
2.267463
2.267425
2.267466
2.267558
2.267660
2.267667
2.267659
2.267576
2.267765
2.267698
2.267742
2.267731
2.267640
2.267510
2.267527
2.267481
2.267463
2.267672
2.267848
2.267389
2.267764
2.267760
2.267488
2.267542
2.267656
2.267467
2.267554
2.267829
2.267871
2.267811
2.267670
2.267813
2.267549
2.267902
2.267700
2.267731
2.267808
2.267711
2.267617
2.267603
2.267768
2.267828
2.267562
2.267801
2.267935
2.267769
2.267928
2.267792
2.267789
2.267522
2.267761
2.267676
2.267687
2.267709
2.267731
2.267640
2.267570
2.267851
2.267663
2.267597
2.267665
2.267413
2.267345
2.267469
2.267597
2.267507
2.267236
2.267664
2.267824
2.267755
2.267750
2.267840
2.267802
2.267637
2.267609
2.267730
2.267590
2.267764
2.267523
2.267545
2.267729
2.267933
2.267826
2.267852
2.267767
2.267838
2.267904
2.267932
2.267833
2.267712
2.267800
2.267522
2.267858
2.267838
2.267637
2.267644
2.267698
2.267637
2.267645
2.267842
2.267839
2.267593
2.267554
2.267669
2.267461
2.267588
2.267730
2.267845
2.267807
2.267762
2.267590
2.267786
2.267705
2.268034
2.267510
2.267672
2.267643
2.267788
2.267810
2.267723
2.267785
2.267712
2.267624
2.268012
2.267985
2.268108
2.267704
2.267562
2.267553
2.267585
2.267764
2.267624
2.267828
2.267707
2.267646
2.267462
2.267856
2.267600
2.267790
2.267687
2.267863
2.267816
2.267685
2.267771
2.267938
2.267864
2.267929
2.267915
2.267870
2.267863
2.267722
2.267646
2.267801
2.267917
2.267911
2.267998
2.268037
2.268008
2.268063
2.267854
2.267617
2.267785
2.267665
2.267788
2.267749
2.267575
2.267829
2.267470
2.267529
2.267743
2.267532
2.267467
2.267577
2.267546
2.267858
2.267674
2.267647
2.267560
2.267618
2.267720
2.267786
2.267740
2.267893
2.267782
2.267448
2.267829
2.267932
2.267927
2.267796
2.267782
2.267573
2.267936
2.267922
2.267805
2.267826
2.267728
2.267621
2.267456
2.267615
2.267434
2.267551
2.267328
2.267547
2.267482
2.267339
2.267329
2.267272
2.267233
2.267243
2.267269
2.267303
2.267186
2.267237
2.267081
2.267257
2.267217
2.267302
2.267230
2.267129
2.267073
2.267058
2.267164
2.267070
2.267159
2.267349
2.267128
2.267227
2.267203
2.267089
2.267246
2.267155
2.267210
2.267298
2.267491
2.267458
2.267005
2.267031
2.267189
2.267067
2.267340
2.267023
2.267267
2.266827
2.267255
2.267157
2.267067
2.267211
2.267271
2.267328
2.267191
2.267362
2.267073
2.267295
2.267241
2.267172
2.267292
2.267184
2.267192
2.267178
2.267478
2.267216
2.267339
2.267236
2.267308
2.267248
2.267130
2.267248
2.267315
2.267312
2.267213
2.267390
2.267243
2.267201
2.267395
2.267414
2.267194
2.267345
2.267308
2.267426
2.267460
2.267421
2.267432
2.267284
2.267246
2.267296
2.267231
2.267317
2.267390
2.267269
2.267327
2.267568
2.267174
2.267198
2.267295
2.267314
2.267384
2.267327
2.267448
2.267510
2.267440
2.267379
2.267163
2.267395
2.267247
2.267392
2.267539
2.267428
2.267442
2.267213
2.267383
2.267396
2.267306
2.267385
2.267211
2.267383
2.267352
2.267501
2.267527
2.267415
2.267437
2.267534
2.267436
2.267538
2.267660
2.267478
2.267305
2.267401
2.267529
2.267588
2.267366
2.267520
2.267476
2.267452
2.267464
2.267264
2.267597
2.267254
2.267275
2.267486
2.267283
2.267337
2.267450
2.267550
2.267418
2.267438
2.267501
2.267455
2.267529
2.267326
2.267377
2.267520
2.267603
2.267277
2.267433
2.267479
2.267401
2.267278
2.267386
2.267318
2.267379
2.267621
2.267458
2.267493
2.267684
2.267526
2.267497
2.267584
2.267356
2.267392
2.267027
2.267212
2.267568
2.267588
2.267531
2.267308
2.267395
2.267314
2.267325
2.267369
2.267244
2.267580
2.267633
2.267385
2.267613
2.267676
2.267527
2.267520
2.267496
2.267364
2.267565
2.267368
2.267495
2.267339
2.267436
2.267346
2.267476
2.267490
2.267471
2.267171
2.267218
2.267477
2.267349
2.267538
2.267156
2.267451
2.267349
2.267393
2.267330
2.267559
2.267450
2.267616
2.267531
2.267678
2.267510
2.267352
2.267336
2.267534
2.267618
2.267463
2.267629
2.267455
2.267565
2.267340
2.267589
2.267601
2.267674
2.267562
2.267575
2.267524
2.267434
2.267581
2.267541
2.267341
2.267415
2.267471
2.267411
2.267490
2.267244
2.267606
2.267580
2.267457
2.267570
2.267608
2.267512
2.267280
2.267365
2.267531
2.267579
2.267618
2.267414
2.267403
2.267422
2.267261
2.267053
2.267376
2.267179
2.267354
2.267336
2.267494
2.267458
2.267553
2.267447
2.267412
2.267345
2.267523
2.267423
2.267638
2.267702
2.267551
2.267663
2.267627
2.267454
2.267211
2.267398
2.267624
2.267516
2.267659
2.267641
2.267618
2.267479
2.267451
2.267646
2.267492
2.267442
2.267317
2.267443
2.267302
2.267632
2.267452
2.267281
2.267359
2.267376
2.267372
2.267527
2.267355
2.267490
2.267545
2.267459
2.267635
2.267728
2.267432
2.267492
2.267525
2.267725
2.267537
2.267448
2.267470
2.267350
2.267501
2.267455
2.267592
2.267416
2.267420
2.267476
2.267689
2.267437
2.267503
2.267463
2.267317
2.267439
2.267329
2.267326
2.267298
2.267243
2.267370
2.267271
2.267433
2.267548
2.267487
2.267663
2.267609
2.267668
2.267422
2.267457
2.267529
2.267519
2.267357
2.267623
2.267486
2.267560
2.267658
2.267516
2.267564
2.267393
2.267602
2.267722
2.267839
2.267556
2.267634
2.267451
2.267575
2.267579
2.267329
2.267694
2.267600
2.267650
2.267326
2.267325
2.267295
2.267387
2.267383
2.267423
2.267212
2.267234
2.267280
2.267475
2.267527
2.267544
2.267581
2.267676
2.267529
2.267505
2.267424
2.267402
2.267189
2.267349
2.267364
2.267402
2.267243
2.267318
2.267390
2.267337
2.267458
2.267677
2.267403
2.267545
2.267568
2.267523
2.267683
2.267576
2.267375
2.267392
2.267337
2.267442
2.267461
2.267383
2.267513
2.267436
2.267395
2.267417
2.267396
2.267315
2.267223
2.267355
2.267430
2.267565
2.267596
2.267721
2.267739
2.267448
2.267354
2.267631
2.267542
2.267802
2.267567
2.267640
2.267663
2.267594
2.267548
2.267545
2.267576
2.267805
2.267619
2.267830
2.267552
2.267895
2.267829
2.267477
2.267612
2.267587
2.267732
2.267483
2.268011
2.267927
2.267763
2.267700
2.267774
2.267669
2.268034
2.267851
2.267811
2.267838
2.267796
2.267751
2.267766
2.267877
2.267606
2.267476
2.267641
2.267812
2.267741
2.267755
2.267796
2.267892
2.267802
2.267778
2.267700
2.267568
2.267636
2.267621
2.267802
2.267818
2.267691
2.267798
2.267640
2.267780
2.267864
2.267621
2.267641
2.267669
2.267655
2.267723
2.267622
2.267751
2.267642
2.267663
2.267584
2.267879
2.267638
2.267688
2.267682
2.267766
2.267753
2.267800
2.267596
2.267507
2.267467
2.267617
2.267509
2.267653
2.267528
2.267494
2.267715
2.267551
2.267603
2.267719
2.267649
2.267696
2.267475
2.267615
2.267548
2.267497
2.267668
2.267644
2.267591
2.267427
2.267612
2.267378
2.267410
2.267549
2.267413
2.267311
2.267596
2.267387
2.267498
2.267608
2.267435
2.267596
2.267746
2.267573
2.267437
2.267610
2.267301
2.267495
2.267500
2.267468
2.267630
2.267364
2.267358
2.267607
2.267514
2.267669
2.267643
2.267645
2.267709
2.267618
2.267604
2.267532
2.267544
2.267639
2.267460
2.267485
2.267675
2.267739
2.267475
2.267623
2.267600
2.267709
2.267729
2.267666
2.267535
2.267480
2.267414
2.267483
2.267330
2.267550
2.267599
2.267748
2.267523
2.267455
2.267587
2.267454
2.267652
2.267590
2.267452
2.267599
2.267724
2.267705
2.267386
2.267523
2.267729
2.267567
2.267402
2.267522
2.267417
2.267522
2.267585
2.267340
2.267462
2.267525
2.267413
2.267521
2.267708
2.267703
2.267576
2.267728
2.267554
2.267741
2.267806
2.267613
2.267504
2.267458
2.267641
2.267402
2.267541
2.267528
2.267279
2.267720
2.267634
2.267274
2.267387
2.267241
2.267462
2.267489
2.267346
2.267483
2.267581
2.267343
2.267352
2.267428
2.267523
2.267257
2.267453
2.267359
2.267396
2.267517
2.267592
2.267369
2.267659
2.267690
2.267720
2.267298
2.267341
2.267511
2.267219
2.267320
2.267382
2.267274
2.267148
2.267385
2.267473
2.267742
2.267670
2.267635
2.267585
2.267590
2.267556
2.267591
2.267618
2.267501
2.267596
2.267314
2.267391
2.267619
2.267460
2.267607
2.267783
2.267651
2.267575
2.267517
2.267489
2.267458
2.267421
2.267615
2.267579
2.267506
2.267385
2.267623
2.267461
2.267487
2.267254
2.267422
2.267593
2.267534
2.267554
2.267494
2.267525
2.267443
2.267585
2.267457
2.267283
2.267529
2.267480
2.267469
2.267444
2.267448
2.267529
2.267545
2.267359
2.267311
2.267302
2.267161
2.267350
2.267141
2.267350
2.267624
2.267323
2.267323
2.267290
2.267476
2.267530
2.267509
2.267209
2.267214
2.267090
2.267030
2.267245
2.267323
2.267256
2.267230
2.267147
2.267100
2.267188
2.266995
2.267235
2.267355
2.267368
2.267261
2.267221
2.267228
2.267017
2.267086
2.267038
2.266966
2.266887
2.267068
2.267097
2.267022
2.267181
2.267119
2.266975
2.267219
2.267225
2.267274
2.267191
2.267284
2.267232
2.267223
2.267070
2.267409
2.267317
2.267418
2.267051
2.267029
2.267302
2.267283
2.267272
2.267225
2.267241
2.267264
2.267414
2.267155
2.267192
2.267226
2.267330
2.267197
2.267355
2.267457
2.267358
2.267211
2.267377
2.267252
2.267095
2.267290
2.267089
2.267165
2.267247
2.267159
2.267424
2.267439
2.267687
2.267329
2.267409
2.267359
2.267300
2.267524
2.267405
2.267430
2.267460
2.267342
2.267458
2.267428
2.267503
2.267401
2.267423
2.267091
2.267270
2.267209
2.267295
2.267419
2.267439
2.267355
2.267241
2.267420
2.267012
2.267166
2.267027
2.267219
2.267345
2.267085
2.267302
2.267264
2.267421
2.267386
2.267434
2.267556
2.267248
2.267330
2.267411
2.267293
2.267401
2.267241
2.267371
2.267526
2.267446
2.267429
2.267178
2.267087
2.267308
2.267483
2.267509
2.267441
2.267529
2.267568
2.267597
2.267480
2.267141
2.267218
2.267394
2.267169
2.267061
2.266991
2.267207
2.267202
2.267067
2.266893
2.266918
2.266974
2.267107
2.267100
2.267221
2.267154
2.267048
2.266948
2.267085
2.267298
2.267089
2.267141
2.267214
2.266805
2.266951
2.267132
2.267011
2.266979
2.266922
2.267039
2.267144
2.267141
2.267011
2.267015
2.266881
2.267045
2.267124
2.267031
2.267143
2.267293
2.267057
2.267085
2.267197
2.267107
2.267300
2.267162
2.267020
2.266849
2.267057
2.266952
2.267166
2.267134
2.266927
2.267052
2.267026
2.267201
2.267209
2.267399
2.267246
2.267159
2.267078
2.266960
2.267019
2.267126
2.267049
2.267118
2.267300
2.266976
2.266855
2.266918
2.266930
2.267224
2.267039
2.267297
2.267123
2.267121
2.266971
2.266989
2.267061
2.266874
2.266999
2.266850
2.266688
2.266550
2.266588
2.266783
2.266780
2.266576
2.266638
2.266660
2.266715
2.266456
2.266337
2.266461
2.266381
2.266249
2.266219
2.266141
2.266326
2.266023
2.266267
2.266279
2.266213
2.266281
2.266143
2.266029
2.265885
2.265749
2.265479
2.265490
2.265227
2.265245
2.265254
2.264986
2.265179
2.265117
2.265375
2.265180
2.265090
2.264801
2.264884
2.264507
2.264757
2.264803
2.264758
2.264697
2.264778
2.264529
2.264601
2.264681
2.264523
2.264549
2.264735
2.264708
2.264605
2.264847
2.264969
2.264903
2.265151
2.265525
2.265586
2.265725
2.265967
2.266085
2.266401
2.266570
2.266656
2.266887
2.267098
2.267238
2.267407
2.267558
2.267793
2.267780
2.267882
2.267635
2.267697
2.267448
2.267681
2.267919
2.268153
2.268741
2.269232
2.269859
2.270474
2.270709
2.271007
2.271334
2.271419
2.271286
2.271768
2.271695
2.271795
2.271786
2.271854
2.271795
2.272012
2.271851
2.271966
2.272053
2.272218
2.272238
2.272263
2.272294
2.272137
2.272210
2.272290
2.272233
2.272458
2.272732
2.272748
2.272717
2.272618
2.272637
2.272471
2.272644
2.272450
2.272468
2.272689
2.272453
2.272575
2.272515
2.272556
2.272648
2.272589
2.272476
2.272466
2.272592
2.272738
2.272649
2.272374
2.272663
2.272660
2.272464
2.272478
2.272309
2.272628
2.272825
2.272637
2.272669
2.272761
2.272814
2.272790
2.272654
2.272727
2.272716
2.272624
2.272742
2.272769
2.272803
2.272476
2.272736
2.272798
2.272747
2.272684
2.272763
2.272863
2.272511
2.272639
2.272798
2.272686
2.272443
2.272484
2.272720
2.272807
2.272637
2.272720
2.272470
2.272749
2.272660
2.272359
2.272657
2.272459
2.272712
2.272390
2.272322
2.272570
2.272522
2.272644
2.272608
2.272677
2.272689
2.272785
2.272732
2.272750
2.273035
2.272985
2.273071
2.272987
2.272854
2.272982
2.272732
2.272860
2.273003
2.273036
2.272937
2.273027
2.272944
2.272740
2.272835
2.272927
2.272812
2.273123
2.272985
2.272883
2.272773
2.272997
2.272828
2.272802
2.272955
2.272925
2.272773
2.273074
2.272777
2.272780
2.272687
2.272776
2.272797
2.272967
2.272737
2.272779
2.272615
2.272801
2.272801
2.272536
2.272454
2.272629
2.272576
2.272495
2.272627
2.272736
2.272599
2.272641
2.272673
2.272683
2.272507
2.272636
2.272889
2.272715
2.272636
2.272663
2.272658
2.272865
2.272758
2.272696
2.272824
2.272521
2.272685
2.272851
2.272562
2.272981
2.272789
2.272726
2.272772
2.272707
2.272701
2.272635
2.272496
2.272628
2.272858
2.272339
2.272589
2.272711
2.272909
2.272761
2.272787
2.272404
2.272620
2.272600
2.272666
2.272490
2.272677
2.272805
2.272656
2.272754
2.272877
2.272702
2.272516
2.272596
2.272841
2.272599
2.272900
2.272808
2.272848
2.272841
2.272458
2.272789
2.272982
2.272878
2.272803
2.272778
2.272901
2.272955
2.272860
2.272924
2.272903
2.272711
2.272823
2.272964
2.272875
2.272602
2.272983
2.272893
2.272803
2.272518
2.272780
2.272735
2.272741
2.272795
2.272761
2.272806
2.272806
2.272910
2.273046
2.273004
2.272922
2.272893
2.272928
2.272938
2.272888
2.272813
2.272831
2.272786
2.272817
2.272778
2.272943
2.272850
2.272637
2.272700
2.272913
2.272725
2.272872
2.272808
2.272915
2.272905
2.273028
2.272912
2.272947
2.272809
2.272702
2.272862
2.272602
2.272874
2.272851
2.272939
2.272906
2.272643
2.272516
2.272750
2.272641
2.272623
2.272840
2.272875
2.272943
2.272959
2.272903
2.272846
2.272812
2.272936
2.272742
2.272760
2.272769
2.272629
2.272635
2.272750
2.272869
2.272797
2.272942
2.272787
2.272825
2.273018
2.272811
2.272845
2.272865
2.272803
2.272753
2.272729
2.272714
2.272575
2.272933
2.272978
2.272798
2.272705
2.272992
2.272711
2.272934
2.272775
2.272837
2.272618
2.272643
2.273041
2.273154
2.272880
2.272766
2.272587
2.272968
2.272747
2.272891
2.272706
2.272894
2.273064
2.273083
2.273049
2.272856
2.272717
2.272857
2.272862
2.272942
2.273074
2.272910
2.272858
2.273185
2.273129
2.273043
2.272792
2.272684
2.272882
2.272843
2.273011
2.273058
2.272996
2.272999
2.273076
2.272901
2.272897
2.273015
2.272798
2.272847
2.272709
2.272776
2.273124
2.272795
2.272805
2.272885
2.273059
2.272945
2.272882
2.272862
2.272885
2.272872
2.272906
2.272740
2.273058
2.273037
2.272955
2.272850
2.272958
2.272926
2.272801
2.272714
2.272729
2.272846
2.272825
2.273058
2.273006
2.272832
2.272950
2.272848
2.273142
2.273115
2.273011
2.273179
2.272947
2.272969
2.273014
2.273114
2.273033
2.272927
2.272996
2.273241
2.273117
2.272910
2.272792
2.272989
2.273223
2.272900
2.273098
2.272739
2.272745
2.272939
2.273006
2.273071
2.273018
2.272978
2.272868
2.272878
2.273087
2.272908
2.272769
2.272864
2.272852
2.272921
2.273006
2.272592
2.272927
2.273111
2.272843
2.272960
2.272945
2.272897
2.272849
2.272994
2.272832
2.272838
2.272934
2.272922
2.272875
2.272986
2.273047
2.273074
2.273088
2.273113
2.273050
2.273081
2.272968
2.272808
2.273231
2.273217
2.273254
2.273259
2.273075
2.273163
2.273034
2.273222
2.273003
2.273238
2.272962
2.273029
2.273182
2.272993
2.272989
2.273017
2.273118
2.273003
2.273026
2.272989
2.273158
2.273060
2.273015
2.273116
2.273070
2.273086
2.273201
2.273179
2.273180
2.273313
2.272892
2.272955
2.272824
2.273238
2.272967
2.273256
2.272940
2.273290
2.272985
2.272995
2.273217
2.273227
2.273258
2.273234
2.273310
2.273256
2.273299
2.273439
2.273281
2.273185
2.273351
2.273495
2.273433
2.273450
2.273347
2.273536
2.273381
2.273577
2.273435
2.273513
2.273428
2.273481
2.273329
2.273254
2.273347
2.273442
2.273462
2.273383
2.273338
2.273269
2.273560
2.273489
2.273349
2.273477
2.273314
2.273357
2.273235
2.273453
2.273257
2.273182
2.273305
2.273356
2.273424
2.273362
2.273402
2.273313
2.273455
2.273357
2.273452
2.273287
2.273220
2.273354
2.273185
2.273085
2.273213
2.273138
2.273208
2.272996
2.273198
2.273320
2.273175
2.273194
2.273231
2.273433
2.273194
2.273341
2.273176
2.273132
2.273117
2.273089
2.272901
2.273245
2.273105
2.273321
2.273222
2.273277
2.273119
2.273121
2.273417
2.273185
2.273061
2.273098
2.273031
2.273117
2.273127
2.272945
2.273058
2.273139
2.272941
2.272935
2.273059
2.273139
2.272996
2.272843
2.272993
2.273017
2.272893
2.272883
2.273005
2.272888
2.273006
2.272980
2.273228
2.273213
2.272930
2.273355
2.273319
2.273096
2.273065
2.273191
2.273158
2.273344
2.273250
2.273181
2.273096
2.272986
2.273229
2.273109
2.272991
2.273032
2.273151
2.273102
2.273217
2.273190
2.272792
2.273125
2.273049
2.273201
2.273095
2.272891
2.273124
2.273013
2.273051
2.273170
2.273085
2.273007
2.272939
2.273256
2.273011
2.272933
2.273068
2.272968
2.273064
2.273155
2.273211
2.273191
2.273210
2.272913
2.272812
2.273084
2.272908
2.272960
2.273095
2.273246
2.273160
2.273354
2.273353
2.273456
2.273344
2.273375
2.273250
2.273428
2.273403
2.273390
2.273232
2.273098
2.273116
2.273398
2.273173
2.273192
2.273266
2.273512
2.273153
2.273358
2.273281
2.273146
2.273284
2.273383
2.273114
2.273379
2.273267
2.273383
2.273242
2.273425
2.273332
2.273311
2.273301
2.273421
2.273273
2.273363
2.273479
2.273307
2.273250
2.273228
2.273288
2.273226
2.273433
2.273393
2.273290
2.273048
2.273321
2.273535
2.273332
2.273260
2.273170
2.273215
2.273189
2.273256
2.273382
2.273265
2.273404
2.273402
2.273393
2.273294
2.273639
2.273474
2.273444
2.273444
2.273082
2.273129
2.273116
2.273142
2.273028
2.273276
2.273061
2.273183
2.273096
2.273332
2.273098
2.273340
2.273379
2.273414
2.273282
2.273174
2.273089
2.273135
2.273299
2.273405
2.273286
2.273301
2.273363
2.273206
2.273322
2.273312
2.273377
2.273182
2.273495
2.273164
2.273132
2.273232
2.273584
2.273545
2.273408
2.273597
2.273520
2.273545
2.273429
2.273510
2.273282
2.273324
2.273190
2.273295
2.273294
2.273428
2.273426
2.273495
2.273279
2.273415
2.273460
2.273366
2.273307
2.273286
2.273335
2.273361
2.273245
2.273307
2.273360
2.273161
2.273342
2.273093
2.273096
2.273073
2.273274
2.273457
2.273164
2.273449
2.273144
2.273117
2.273122
2.273140
2.273330
2.273157
2.273129
2.273244
2.273288
2.273167
2.273183
2.273110
2.273224
2.273183
2.273100
2.273177
2.273205
2.273387
2.273178
2.273450
2.273260
2.273395
2.273290
2.273300
2.273253
2.273309
2.273305
2.273279
2.273428
2.273155
2.273323
2.273257
2.273175
2.273228
2.273342
2.273140
2.273017
2.273369
2.273207
2.273065
2.273193
2.273199
2.273230
2.273430
2.273104
2.273381
2.273391
2.273191
2.273342
2.273239
2.273359
2.273343
2.273254
2.273296
2.273445
2.273431
2.273329
2.273365
2.273118
2.273242
2.273343
2.273405
2.273219
2.273174
2.273111
2.273458
2.273486
2.273408
2.273430
2.273338
2.273198
2.273510
2.273408
2.273453
2.273260
2.273523
2.273338
2.273322
2.273307
2.273362
2.273133
2.273232
2.273215
2.273089
2.273254
2.273241
2.273275
2.273442
2.273222
2.273350
2.273263
2.273232
2.273439
2.273391
2.273322
2.273599
2.273349
2.273405
2.273421
2.273268
2.273255
2.273284
2.273153
2.273240
2.273117
2.273308
2.273325
2.273157
2.273202
2.273452
2.273501
2.273329
2.273244
2.273406
2.273405
2.273408
2.273390
2.273400
2.273364
2.273351
2.273294
2.273244
2.273398
2.273435
2.273462
2.273458
2.273514
2.273556
2.273394
2.273312
2.273261
2.273397
2.273446
2.273479
2.273206
2.273394
2.273310
2.273322
2.273520
2.273315
2.273463
2.273350
2.273353
2.273510
2.273180
2.273354
2.273198
2.273297
2.273324
2.273386
2.273354
2.273393
2.273408
2.273543
2.273477
2.273372
2.273346
2.273517
2.273264
2.273324
2.273043
2.273419
2.273164
2.273153
2.273208
2.273050
2.273353
2.273296
2.273195
2.273463
2.273307
2.273393
2.273247
2.273390
2.273498
2.273332
2.273152
2.273302
2.273049
2.273186
2.273142
2.273214
2.273141
2.273301
2.273298
2.273314
2.273085
2.273411
2.273530
2.273278
2.273365
2.273288
2.273353
2.273338
2.273191
2.273095
2.273181
2.273306
2.273328
2.273360
2.273352
2.273480
2.273396
2.273307
2.273288
2.273222
2.273138
2.273344
2.273518
2.273350
2.273487
2.273449
2.273391
2.273401
2.273414
2.273132
2.273383
2.273436
2.273321
2.273303
2.273162
2.273110
2.273265
2.273407
2.273362
2.273304
2.273318
2.273435
2.273347
2.273253
2.273478
2.273334
2.273235
2.273251
2.273178
2.273160
2.273163
2.273384
2.273270
2.273031
2.273201
2.273216
2.273489
2.273470
2.273495
2.273423
2.273374
2.273117
2.273218
2.273292
2.273349
2.273425
2.273241
2.273162
2.273375
2.273239
2.273364
2.273367
2.273101
2.273663
2.273538
2.273324
2.273446
2.273454
2.273473
2.273637
2.273358
2.273516
2.273349
2.273519
2.273492
2.273301
2.273514
2.273442
2.273312
2.273169
2.273363
2.273415
2.273462
2.273213
2.273598
2.273374
2.273282
2.273344
2.273536
2.273279
2.273285
2.273213
2.273184
2.273318
2.273375
2.273167
2.273207
2.273363
2.273405
2.273698
2.273355
2.273225
2.273387
2.273204
2.273277
2.273105
2.273265
2.273415
2.273190
2.273436
2.273265
2.273148
2.273431
2.273468
2.273639
2.273303
2.273260
2.273352
2.273272
2.273145
2.273175
2.273263
2.273284
2.273268
2.273307
2.273525
2.273125
2.273215
2.273168
2.273131
2.273281
2.273310
2.273249
2.273112
2.273175
2.273213
2.273430
2.273344
2.273470
2.273390
2.273512
2.273623
2.273434
2.273286
2.273319
2.273322
2.273310
2.273411
2.273415
2.273298
2.273273
2.273265
2.273540
2.273584
2.273424
2.273429
2.273542
2.273481
2.273605
2.273557
2.273432
2.273244
2.273548
2.273597
2.273497
2.273455
2.273441
2.273502
2.273259
2.273358
2.273353
2.273258
2.273430
2.273116
2.273012
2.273054
2.273386
2.273363
2.273508
2.273433
2.273494
2.273567
2.273531
2.273379
2.273264
2.273327
2.273248
2.273104
2.273331
2.273321
2.273235
2.273182
2.273175
2.273136
2.273117
2.273409
2.273622
2.273390
2.273432
2.273275
2.273127
2.273076
2.273107
2.273214
2.273386
2.273256
2.273320
2.273455
2.273255
2.273302
2.273327
2.273428
2.273462
2.273416
2.273436
2.273505
2.273324
2.273284
2.273415
2.273471
2.273409
2.273654
2.273180
2.273187
2.273108
2.273300
2.273332
2.273268
2.273513
2.273066
2.273225
2.273090
2.273173
2.273115
2.272851
2.272509
2.272513
2.272879
2.272557
2.271979
2.264917
2.265310
2.271889
2.270985
2.267733
2.268641
2.271364
2.271535
2.265454
2.255884
2.269301
2.271826
2.270569
2.263665
2.270399
2.271395
2.270905
2.262431
2.257034
2.271345
2.272213
2.269078
2.262344
2.270238
2.271334
2.268213
2.260613
2.258289
2.271066
2.271768
2.269110
2.266604
2.266737
2.270535
2.264572
2.254472
2.264714
2.270291
2.269712
2.266135
2.258893
2.262639
2.264957
2.253613
2.254112
2.266419
2.266768
2.265866
2.259158
2.253266
2.259956
2.256224
2.249168
2.261030
2.264786
2.264300
2.262625
2.252653
2.252866
2.256939
2.247917
2.254046
2.262743
2.263487
2.263753
2.260427
2.254056
2.258642
2.255713
2.255883
2.265940
2.267494
2.268322
2.268748
2.262839
2.263768
2.264848
2.262808
2.270266
2.271345
2.271371
2.271014
2.268579
2.265695
2.267795
2.265771
2.270315
2.271526
2.271610
2.271435
2.270518
2.267686
2.268903
2.268363
2.270718
2.271498
2.271488
2.271538
2.271186
2.269526
2.269946
2.269797
2.271013
2.271475
2.271407
2.271485
2.271335
2.270640
2.270409
2.270710
2.271258
2.271467
2.271534
2.271570
2.271124
2.270854
2.270523
2.270674
2.270995
2.270969
2.270962
2.270855
2.270542
2.270173
2.269979
2.270526
2.270604
2.270778
2.270511
2.270460
2.270049
2.269847
2.269911
2.270073
2.269968
2.269636
2.269444
2.269341
2.268489
2.267403
2.266909
2.266101
2.265053
2.263672
2.263390
2.263008
2.262965
2.263637
2.264248
2.264978
2.265322
2.265708
2.266383
2.266176
2.266652
2.267295
2.268385
2.268373
2.268451
2.268488
2.268547
2.268095
2.268053
2.267993
2.268335
2.268040
2.268039
2.268271
2.268289
2.267787
2.267910
2.268075
2.268078
2.268039
2.268135
2.268374
2.267878
2.267867
2.267849
2.267998
2.267945
2.267733
2.267764
2.268184
2.267625
2.268009
2.267731
2.267600
2.267129
2.267324
2.267591
2.267390
2.267143
2.267134
2.267316
2.267026
2.266438
2.266663
2.267045
2.266471
2.266133
2.266176
2.266189
2.265357
2.264965
2.265348
2.265803
2.265158
2.264894
2.264767
2.264907
2.263576
2.263630
2.264301
2.264068
2.263287
2.263324
2.263213
2.262543
2.261353
2.261569
2.262377
2.261906
2.261114
2.261104
2.261135
2.260030
2.259487
2.259889
2.260535
2.259910
2.259666
2.259715
2.259658
2.258042
2.258112
2.258961
2.259243
2.258674
2.258834
2.259328
2.258784
2.257711
2.257974
2.259404
2.259426
2.259197
2.259207
2.259200
2.258363
2.257752
2.258603
2.259867
2.258945
2.258145
2.257674
2.257020
2.255469
2.254913
2.255718
2.255840
2.255536
2.255462
2.255364
2.255307
2.254139
2.254539
2.256163
2.256650
2.257184
2.257869
2.258332
2.258381
2.257892
2.258456
2.259379
2.259029
2.258857
2.259148
2.259530
2.259028
2.259026
2.259489
2.259716
2.259529
2.259656
2.259382
2.259833
2.259305
2.259353
2.259735
2.259520
2.259073
2.259117
2.258970
2.259606
2.259397
2.259423
2.259606
2.259218
2.258875
2.259156
2.259292
2.260532
2.260495
2.260718
2.260825
2.260213
2.260232
2.260335
2.261230
2.261805
2.261794
2.262063
2.261489
2.260675
2.261063
2.261120
2.262372
2.262508
2.262388
2.262676
2.261881
2.261345
2.261558
2.261711
2.262987
2.262764
2.262755
2.262996
2.261995
2.262045
2.262270
2.262577
2.263780
2.263624
2.263545
2.263136
2.262408
2.262657
2.262937
2.263609
2.264527
2.264177
2.264168
2.263470
2.263097
2.263359
2.263008
2.263999
2.264311
2.263924
2.263770
2.263604
2.263429
2.263519
2.263490
2.263911
2.264275
2.264193
2.264212
2.263683
2.263766
2.263899
2.264064
2.264637
2.264594
2.264655
2.264449
2.264116
2.263883
2.264324
2.264404
2.264916
2.265089
2.265149
2.264690
2.264662
2.264771
2.264701
2.265297
2.265574
2.265633
2.265989
2.265630
2.265215
2.265291
2.265366
2.266079
2.266123
2.266248
2.266276
2.265884
2.265275
2.265328
2.265882
2.266222
2.266316
2.266313
2.265975
2.265613
2.265146
2.265396
2.266006
2.266449
2.266555
2.266670
2.266486
2.265741
2.265478
2.265876
2.266127
2.266486
2.266535
2.266667
2.266384
2.265151
2.265068
2.265947
2.266645
2.266598
2.266588
2.266787
2.266132
2.264313
2.264897
2.265934
2.266760
2.266997
2.266912
2.266903
2.265750
2.264150
2.265205
2.266341
2.266850
2.266651
2.266957
2.266825
2.265534
2.264383
2.265484
2.266717
2.266890
2.266750
2.266940
2.266912
2.265304
2.264718
2.265956
2.266927
2.266818
2.267248
2.267324
2.267134
2.265110
2.264841
2.265962
2.266906
2.267002
2.267386
2.267194
2.266860
2.264851
2.265306
2.266338
2.266886
2.267207
2.267157
2.267293
2.266428
2.265087
2.265752
2.266359
2.267044
2.267283
2.267072
2.267286
2.266573
2.265518
2.266192
2.266909
2.267197
2.267425
2.267419
2.267042
2.266090
2.265631
2.266110
2.267030
2.267372
2.267575
2.267462
2.267160
2.266392
2.266337
2.266667
2.267018
2.267629
2.267496
2.267338
2.267280
2.266576
2.266461
2.267222
2.267252
2.267659
2.267768
2.267728
2.267446
2.267056
2.267206
2.267447
2.267752
2.267808
2.267876
2.268242
2.267571
2.267402
2.267797
2.267774
2.267991
2.268052
2.268016
2.268118
2.268079
2.267780
2.267625
2.267830
2.268218
2.268413
2.268291
2.268153
2.268019
2.267972
2.268035
2.268027
2.268227
2.268465
2.268333
2.268382
2.268116
2.268413
2.268451
2.268314
2.268423
2.268341
2.268341
2.268395
2.268226
2.268189
2.268058
2.268418
2.268419
2.268574
2.268688
2.268820
2.268473
2.268332
2.268468
2.268472
2.268550
2.268252
2.268142
2.268550
2.268214
2.268178
2.268144
2.268019
2.267967
2.267895
2.267996
2.267972
2.267678
2.267632
2.267485
2.267745
2.267674
2.267382
2.267849
2.267708
2.267432
2.267353
2.267616
2.267457
2.267329
2.267549
2.268013
2.267969
2.267857
2.267735
2.267896
2.267722
2.267728
2.267977
2.268218
2.268279
2.268230
2.267896
2.268223
2.268059
2.268204
2.268307
2.268610
2.268436
2.268155
2.268143
2.268002
2.268019
2.268267
2.268283
2.268391
2.267991
2.268027
2.267769
2.267727
2.267789
2.267730
2.268237
2.267936
2.268031
2.267694
2.267745
2.267640
2.267497
2.267343
2.267638
2.267605
2.267623
2.267454
2.267622
2.267901
2.267747
2.267807
2.267783
2.268107
2.267792
2.267708
2.267531
2.267803
2.267510
2.267902
2.267826
2.267890
2.267725
2.267570
2.267759
2.267742
2.267607
2.267913
2.268116
2.268128
2.268045
2.267660
2.267759
2.268136
2.267856
2.267886
2.268072
2.267955
2.267798
2.267937
2.268127
2.268089
2.267935
2.268150
2.268211
2.268255
2.267991
2.268103
2.268074
2.267852
2.267931
2.268016
2.267836
2.267867
2.267722
2.267655
2.267687
2.267460
2.267816
2.268068
2.267583
2.267694
2.267513
2.267786
2.267529
2.267409
2.267752
2.267867
2.267696
2.267476
2.267530
2.267572
2.267396
2.267481
2.267671
2.267147
2.267027
2.266883
2.266998
2.267276
2.267117
2.266975
2.267366
2.267047
2.267105
2.267124
2.267236
2.266965
2.267020
2.266852
2.266986
2.266641
2.266546
2.266543
2.266802
2.266728
2.266901
2.266945
2.266394
2.266140
2.266355
2.266525
2.266152
2.266159
2.266237
2.266313
2.265885
2.265704
2.265853
2.266036
2.266023
2.266060
2.266179
2.265862
2.265706
2.265635
2.265685
2.265620
2.265413
2.265486
2.265569
2.265432
2.265375
2.265238
2.265533
2.265218
2.265314
2.265198
2.265295
2.265068
2.265099
2.264839
2.264820
2.264833
2.264996
2.265259
2.264791
2.265024
2.264842
2.264960
2.264904
2.264758
2.265021
2.264983
2.264804
2.264986
2.264841
2.264847
2.264941
2.265011
2.264955
2.264720
2.264616
2.264607
2.264592
2.264755
2.264509
2.264472
2.264728
2.264423
2.264839
2.264546
2.264949
2.264642
2.264467
2.264626
2.264552
2.264350
2.264234
2.264421
2.264485
2.264029
2.264197
2.264138
2.263508
2.263578
2.263336
2.263393
2.263394
2.263210
2.263262
2.263041
2.262729
2.262732
2.262587
2.262582
2.262366
2.262308
2.262523
2.262306
2.262039
2.261808
2.262039
2.262009
2.261878
2.261719
2.261858
2.261569
2.261600
2.261139
2.261487
2.261095
2.260824
2.261118
2.260823
2.260705
2.260695
2.260578
2.260866
2.260600
2.260554
2.260398
2.260201
2.260132
2.260193
2.259983
2.260044
2.259996
2.259985
2.259721
2.259688
2.259372
2.259501
2.259998
2.259816
2.259820
2.259765
2.259701
2.259602
2.259746
2.259719
2.259955
2.259791
2.260212
2.260345
2.260053
2.260007
2.260200
2.260450
2.260630
2.260527
2.260819
2.260782
2.260600
2.260729
2.260476
2.261140
2.261192
2.261257
2.261516
2.261223
2.261240
2.261292
2.261451
2.262066
2.261801
2.261968
2.262073
2.262224
2.262139
2.262299
2.262290
2.262593
2.262555
2.262833
2.262885
2.262813
2.262968
2.262771
2.263141
2.263237
2.263741
2.263764
2.263716
2.263517
2.263722
2.263891
2.264041
2.263920
2.264302
2.264280
2.264267
2.264312
2.264238
2.264534
2.264661
2.264397
2.264897
2.264680
2.265070
2.264888
2.264861
2.265068
2.265189
2.265203
2.265526
2.265546
2.265383
2.265245
2.265403
2.265535
2.265403
2.265682
2.265669
2.265607
2.265686
2.265416
2.265584
2.265829
2.265779
2.266187
2.266439
2.266384
2.266321
2.265825
2.266066
2.266324
2.266217
2.266287
2.266364
2.266310
2.266297
2.266344
2.266425
2.266465
2.266499
2.266617
2.266617
2.266360
2.266486
2.266482
2.266638
2.266305
2.266712
2.266844
2.266749
2.266726
2.266492
2.266362
2.266522
2.266489
2.266982
2.266992
2.267027
2.266636
2.266616
2.266812
2.266945
2.266647
2.267070
2.267032
2.266843
2.266557
2.266693
2.266855
2.266715
2.267120
2.267332
2.267339
2.267181
2.266827
2.266927
2.267052
2.267298
2.267796
2.267646
2.267345
2.267287
2.267094
2.267112
2.267595
2.267649
2.267604
2.267719
2.267512
2.267401
2.267159
2.267331
2.267100
2.267262
2.267339
2.267505
2.267417
2.267330
2.267491
2.267525
2.267338
2.267608
2.267727
2.267436
2.267297
2.267237
2.267193
2.267395
2.267509
2.267535
2.267723
2.267602
2.267265
2.267163
2.267359
2.267287
2.267569
2.267652
2.267668
2.267600
2.267310
2.267187
2.267498
2.267536
2.267678
2.267792
2.267805
2.267746
2.267550
2.267504
2.267747
2.267798
2.268000
2.268023
2.268049
2.267823
2.267633
2.267790
2.267818
2.267594
2.267955
2.268022
2.267954
2.267784
2.267563
2.267833
2.268231
2.268463
2.268228
2.268198
2.268112
2.267932
2.267662
2.268103
2.267988
2.268380
2.268403
2.268336
2.268320
2.268038
2.268210
2.268282
2.268074
2.268486
2.268386
2.268341
2.267874
2.267888
2.268295
2.268376
2.268403
2.268255
2.268473
2.268358
2.268133
2.268188
2.268440
2.268478
2.268464
2.268575
2.268456
2.268300
2.268178
2.268423
2.268584
2.268519
2.268538
2.268581
2.268424
2.268221
2.268218
2.268412
2.268444
2.268794
2.268859
2.268840
2.268628
2.268507
2.268579
2.268868
2.268652
2.268911
2.269159
2.268919
2.268895
2.268863
2.268960
2.268913
2.269115
2.269230
2.269154
2.269042
2.268955
2.268777
2.268901
2.268807
2.269200
2.269312
2.269152
2.268765
2.268878
2.268890
2.269036
2.268967
2.269059
2.269090
2.269069
2.269017
2.269176
2.269291
2.269298
2.269216
2.269440
2.269710
2.269212
2.269151
2.269304
2.269425
2.269339
2.269368
2.269370
2.269461
2.269208
2.269272
2.269121
2.269605
2.269563
2.269468
2.269948
2.269761
2.269359
2.269493
2.269543
2.269717
2.269709
2.269583
2.269863
2.269805
2.269847
2.269739
2.269788
2.269945
2.270001
2.269954
2.270340
2.270144
2.270082
2.270026
2.270153
2.270219
2.270260
2.270191
2.270322
2.270039
2.269921
2.269841
2.270117
2.270069
2.270359
2.270579
2.270314
2.270440
2.270278
2.270300
2.270500
2.270395
2.270371
2.270493
2.270427
2.270154
2.270185
2.270231
2.270305
2.270223
2.270356
2.270442
2.270547
2.270215
2.270455
2.270516
2.270650
2.270641
2.270904
2.270916
2.270657
2.270604
2.270655
2.270730
2.270853
2.270914
2.271159
2.271135
2.270966
2.270567
2.270569
2.270724
2.270862
2.270960
2.271166
2.270952
2.270987
2.270638
2.270986
2.271214
2.271340
2.271431
2.271302
2.271358
2.271069
2.271063
2.271234
2.271205
2.271302
2.271237
2.271373
2.271192
2.270970
2.271110
2.271232
2.271195
2.271306
2.271481
2.271565
2.271470
2.271320
2.271174
2.271341
2.271248
2.271456
2.271765
2.271565
2.271364
2.271319
2.271498
2.271783
2.271863
2.271901
2.271854
2.271836
2.271778
2.271647
2.271579
2.272024
2.271761
2.271906
2.271819
2.271727
2.271658
2.271808
2.271922
2.271866
2.271811
2.271942
2.271945
2.271689
2.271542
2.271596
2.271994
2.272008
2.271994
2.272012
2.272049
2.271896
2.271792
2.271793
2.271976
2.272050
2.272074
2.272133
2.271941
2.271780
2.271687
2.271927
2.272066
2.272143
2.272328
2.272239
2.272254
2.272216
2.272263
2.272446
2.272252
2.272466
2.272416
2.272597
2.272257
2.272369
2.272181
2.272502
2.272535
2.272547
2.272530
2.272484
2.272357
2.272639
2.272518
2.272571
2.272609
2.272743
2.272667
2.272552
2.272487
2.272449
2.272739
2.272935
2.272769
2.272980
2.272805
2.272659
2.272524
2.272683
2.272793
2.272794
2.272877
2.272914
2.272843
2.272761
2.272590
2.272680
2.272903
2.272924
2.272955
2.272730
2.272588
2.272369
2.272637
2.272368
2.272623
2.272673
2.272686
2.272637
2.272424
2.272343
2.272446
2.272769
2.272856
2.272769
2.272812
2.272353
2.272501
2.272546
2.272488
2.272625
2.272598
2.272623
2.272663
2.272366
2.272475
2.272372
2.272337
2.272887
2.272612
2.272553
2.272595
2.272658
2.272559
2.272294
2.272329
2.272484
2.272851
2.272636
2.272732
2.272922
2.272489
2.272471
2.272627
2.272672
2.272494
2.272509
2.272393
2.272623
2.272705
2.272601
2.272413
2.272788
2.272739
2.272798
2.272653
2.272420
2.272360
2.272516
2.272604
2.272589
2.272533
2.272773
2.272557
2.272634
2.272505
2.272493
2.272643
2.272677
2.272534
2.272480
2.272469
2.272593
2.272432
2.272217
2.272620
2.272629
2.272631
2.272661
2.272453
2.272251
2.272376
2.272191
2.272077
2.272508
2.272567
2.272427
2.272269
2.272573
2.272354
2.272205
2.272363
2.272653
2.272422
2.272518
2.272605
2.272485
2.272081
2.272056
2.272275
2.272247
2.272437
2.272313
2.272081
2.272237
2.272134
2.272168
2.272412
2.272394
2.272236
2.272031
2.271995
2.271894
2.271714
2.272067
2.272087
2.272263
2.272069
2.271914
2.271985
2.271794
2.271718
2.271994
2.271906
2.271777
2.271899
2.272036
2.271962
2.271945
2.271637
2.271706
2.271588
2.271677
2.271497
2.271754
2.271720
2.271417
2.271361
2.271719
2.271551
2.271554
2.271364
2.271355
2.271328
2.271242
2.270827
2.271259
2.271267
2.271087
2.270937
2.270603
2.270821
2.270911
2.270446
2.270694
2.270602
2.270480
2.270445
2.270342
2.269912
2.270078
2.270033
2.269838
2.269936
2.269509
2.269582
2.269583
2.269118
2.269354
2.269525
2.269321
2.269010
2.268983
2.269009
2.268840
2.268622
2.268456
2.268456
2.268277
2.268239
2.268299
2.268316
2.268218
2.267947
2.267756
2.268039
2.267523
2.267456
2.267544
2.267361
2.267132
2.266951
2.267161
2.267227
2.266912
2.267140
2.266957
2.266899
2.266864
2.266588
2.266693
2.266731
2.266437
2.266434
2.266403
2.266448
2.266525
2.266139
2.266213
2.265948
2.265860
2.265567
2.265860
2.265734
2.265428
2.265291
2.265354
2.265100
2.265046
2.264428
2.264540
2.264653
2.264377
2.263989
2.264161
2.264048
2.264045
2.263455
2.263690
2.263581
2.263296
2.263377
2.263414
2.263454
2.263203
2.262931
2.263181
2.262955
2.262651
2.263042
2.263247
2.263083
2.262595
2.262664
2.262992
2.262806
2.262577
2.262906
2.263377
2.262946
2.262459
2.263065
2.263161
2.262663
2.262622
2.263416
2.263715
2.262467
2.262159
2.262915
2.262843
2.261875
2.262430
2.263218
2.263005
2.262095
2.261584
2.262540
2.262490
2.261998
2.261834
2.263471
2.262825
2.262011
2.261363
2.262731
2.262071
2.261465
2.262042
2.263429
2.262626
2.262055
2.261673
2.262504
2.262203
2.261757
2.262236
2.263559
2.262730
2.262155
2.261992
2.262701
2.262638
2.261808
2.262588
2.263620
2.263493
2.262705
2.262690
2.263148
2.263161
2.262028
2.262696
2.263792
2.263617
2.262836
2.263342
2.263626
2.263266
2.262467
2.263134
2.263725
2.263758
2.263096
2.263619
2.263470
2.263362
2.262599
2.263323
2.263829
2.263556
2.263227
2.263730
2.263753
2.263510
2.263114
2.263543
2.263724
2.263733
2.263654
2.263909
2.263637
2.263823
2.263230
2.263778
2.263727
2.264025
2.263748
2.264199
2.263883
2.263831
2.263523
2.263941
2.264015
2.264103
2.264028
2.264372
2.264087
2.263983
2.263955
2.264288
2.264127
2.264076
2.264183
2.264291
2.264152
2.264060
2.263871
2.264053
2.263939
2.263760
2.263403
2.263385
2.262989
2.262513
2.262120
2.262093
2.261986
2.261714
2.261310
2.261057
2.260771
2.260238
2.259897
2.259852
2.259433
2.259116
2.258955
2.258922
2.258549
2.258129
2.257558
2.257981
2.257583
2.256991
2.256953
2.257018
2.255964
2.255288
2.255164
2.255235
2.254717
2.254442
2.254618
2.254379
2.253655
2.252741
2.252831
2.252913
2.252166
2.251793
2.251955
2.252218
2.251307
2.250654
2.250606
2.250813
2.250406
2.249920
2.250188
2.250787
2.250019
2.249140
2.249081
2.249463
2.249220
2.248756
2.249100
2.249809
2.248783
2.248455
2.248446
2.248919
2.248461
2.248234
2.248443
2.249075
2.248313
2.247763
2.247576
2.248034
2.247640
2.247077
2.247324
2.248369
2.247471
2.246832
2.246439
2.246671
2.246365
2.245718
2.245756
2.246641
2.245465
2.245113
2.244495
2.244731
2.244244
2.243555
2.243516
2.244650
2.243525
2.242875
2.242628
2.242844
2.242687
2.241694
2.241536
2.242531
2.241569
2.241308
2.241106
2.241344
2.240677
2.240128
2.240122
2.241346
2.240527
2.240056
2.239681
2.240149
2.239495
2.238610
2.238584
2.239298
2.238730
2.238191
2.238075
2.238322
2.237419
2.236847
2.237110
2.238290
2.237613
2.237142
2.237346
2.237617
2.237009
2.236362
2.237009
2.237502
2.237219
2.236173
2.236446
2.236616
2.236485
2.235662
2.236819
2.237097
2.236539
2.235433
2.235982
2.235835
2.236043
2.235376
2.236518
2.236841
2.235518
2.234378
2.235412
2.235174
2.235574
2.235318
2.236685
2.236782
2.233742
2.234170
2.234434
2.234601
2.235357
2.235501
2.236453
2.235619
2.231616
2.233554
2.232674
2.234790
2.234945
2.235899
2.236018
2.232511
2.230799
2.232832
2.230263
2.234508
2.234229
2.235386
2.234643
2.229137
2.230451
2.230721
2.228789
2.233731
2.233340
2.234105
2.229831
2.227016
2.229527
2.226084
2.228369
2.232147
2.232467
2.231771
2.224806
2.226692
2.228314
2.221873
2.229602
2.231340
2.231822
2.226140
2.222167
2.225706
2.222906
2.218853
2.228352
2.229123
2.226772
2.216924
2.219726
2.223057
2.213058
2.217486
2.225761
2.225885
2.216192
2.210941
2.216868
2.217093
2.205268
2.215805
2.221729
2.218305
2.204086
2.207394
2.213688
2.207614
2.200317
2.213235
2.216729
2.205530
2.195796
2.204046
2.209301
2.196262
2.196590
2.208819
2.208618
2.191383
2.190197
2.199684
2.201520
2.185600
2.193328
2.203234
2.196799
2.179146
2.185638
2.194470
2.190158
2.176996
2.189600
2.197125
2.183061
2.169963
2.180543
2.188809
2.176979
2.170810
2.186058
2.189811
2.169251
2.163012
2.175500
2.181295
2.163611
2.166203
2.182022
2.179034
2.155734
2.156905
2.169988
2.170604
2.154348
2.163202
2.178205
2.163967
2.143754
2.151040
2.164818
2.157666
2.148776
2.161776
2.172433
2.148108
2.134836
2.148443
2.161426
2.149392
2.147084
2.162932
2.161070
2.136828
2.129945
2.149194
2.156882
2.145937
2.147871
2.164992
2.145978
2.127343
2.130349
2.154178
2.149240
2.142680
2.151637
2.158158
2.134541
2.119698
2.137272
2.154108
2.142488
2.140421
2.157392
2.142261
2.124148
2.119887
2.147866
2.145955
2.138128
2.144864
2.155410
2.132629
2.118828
2.132817
2.152297
2.140442
2.138480
2.156224
2.143927
2.126242
2.120292
2.146195
2.143947
2.136849
2.144227
2.157212
2.134131
2.118748
2.128881
2.147645
2.132987
2.135007
2.153577
2.144541
2.123770
2.115062
2.137753
2.133476
2.128897
2.138609
2.155734
2.132486
2.113023
2.119021
2.135982
2.122291
2.130690
2.150390
2.148249
2.122869
2.107338
2.125821
2.124160
2.124875
2.136893
2.157775
2.138038
2.111772
2.109150
2.125284
2.119592
2.130339
2.147948
2.154496
2.129506
2.105537
2.115816
2.122183
2.126088
2.136816
2.157682
2.147791
2.121309
2.105994
2.122376
2.125692
2.132486
2.146765
2.159699
2.143635
2.115550
2.116157
2.128892
2.131119
2.140756
2.157502
2.159918
2.140350
2.117035
2.131590
2.136624
2.135981
2.150285
2.164766
2.160208
2.138537
2.129958
2.142208
2.138921
2.144824
2.161952
2.170256
2.159348
2.139201
2.145145
2.148109
2.141943
2.156122
2.172392
2.173825
2.159292
2.145411
2.153699
2.150437
2.148293
2.168759
2.177736
2.174914
2.158502
2.154165
2.157419
2.150180
2.156099
2.177370
2.179951
2.172669
2.157723
2.159696
2.158319
2.148964
2.163833
2.178755
2.181275
2.169896
2.159115
2.163091
2.157585
2.149382
2.170618
2.176977
2.181450
2.166725
2.162266
2.165311
2.158452
2.150906
2.173724
2.180961
2.179239
2.166386
2.169013
2.171929
2.161840
2.155998
2.176537
2.188665
2.180905
2.173004
2.180434
2.185116
2.167447
2.165871
2.184003
2.196303
2.190340
2.186775
2.196989
2.200582
2.173657
2.177972
2.195886
2.204726
2.202058
2.201092
2.211256
2.210094
2.177522
2.188377
2.206444
2.211779
2.209531
2.210832
2.219731
2.214530
2.180869
2.196651
2.213593
2.216505
2.211576
2.214855
2.222517
2.212875
2.182835
2.200217
2.215386
2.215863
2.209048
2.214513
2.221461
2.207547
2.185809
2.202411
2.215775
2.213902
2.206757
2.214283
2.220419
2.202937
2.189963
2.205278
2.216572
2.213815
2.207693
2.216174
2.221458
2.202511
2.193750
2.207860
2.218513
2.216910
2.211390
2.219794
2.223933
2.202942
2.197175
2.209913
2.220889
2.220356
2.216142
2.223979
2.226523
2.202567
2.200847
2.212437
2.223632
2.222971
2.220461
2.227205
2.227952
2.201434
2.204385
2.215657
2.225933
2.224967
2.224158
2.230126
2.228389
2.199871
2.206718
2.218993
2.227937
2.226297
2.227142
2.232118
2.226934
2.198397
2.208505
2.222247
2.229905
2.227021
2.229956
2.234378
2.223643
2.198642
2.209142
2.225642
2.231617
2.227999
2.232777
2.235739
2.218084
2.200980
2.209833
2.229497
2.232994
2.230067
2.235321
2.236733
2.209771
2.204170
2.213072
2.232668
2.233666
2.233270
2.237548
2.234713
2.201109
2.206978
2.219760
2.235614
2.234080
2.236518
2.240295
2.228288
2.197566
2.207854
2.228327
2.237532
2.234616
2.238783
2.240177
2.213184
2.201173
2.209135
2.234080
2.236872
2.235499
2.239906
2.235652
2.198035
2.205696
2.215601
2.236263
2.234967
2.236795
2.240142
2.223089
2.193802
2.204521
2.224268
2.236308
2.233207
2.236968
2.237395
2.204964
2.198468
2.202560
2.229494
2.233331
2.231683
2.235909
2.228995
2.191390
2.201602
2.206897
2.231665
2.230175
2.231209
2.234609
2.215327
2.188747
2.199618
2.215460
2.231414
2.227335
2.231060
2.231489
2.199811
2.193690
2.196844
2.223685
2.229712
2.226868
2.230957
2.225238
2.189005
2.198703
2.200866
2.228290
2.227650
2.227637
2.231430
2.215550
2.186662
2.198708
2.211112
2.230486
2.226439
2.228836
2.231283
2.204394
2.191094
2.195975
2.222036
2.230799
2.225907
2.229562
2.228444
2.194176
2.196942
2.199287
2.228778
2.229658
2.226008
2.230828
2.223532
2.189179
2.199081
2.208496
2.231409
2.227318
2.226930
2.231789
2.215637
2.190083
2.197017
2.219550
2.232488
2.224941
2.227517
2.231974
2.206793
2.194970
2.197980
2.227556
2.230881
2.224208
2.229130
2.231252
2.200266
2.198484
2.206212
2.232739
2.229065
2.226221
2.232637
2.231257
2.198017
2.200645
2.218164
2.235532
2.228824
2.230548
2.237073
2.230998
2.200230
2.205380
2.230368
2.238454
2.232462
2.236849
2.241630
2.230193
2.205072
2.211930
2.237763
2.239334
2.234308
2.240041
2.242993
2.227046
2.209020
2.217951
2.240535
2.238754
2.234789
2.241611
2.242371
2.224081
2.212718
2.223191
2.240279
2.237123
2.234361
2.241398
2.240870
2.220252
2.214575
2.226313
2.239609
2.233536
2.231948
2.239298
2.238175
2.216202
2.215946
2.228895
2.238330
2.229625
2.229445
2.236757
2.235020
2.213026
2.217231
2.231495
2.236510
2.225626
2.228153
2.234640
2.231604
2.211777
2.219138
2.232705
2.233810
2.223558
2.228007
2.233645
2.227579
2.212214
2.221064
2.232980
2.230491
2.222107
2.228881
2.231838
2.222830
2.213715
2.223535
2.232924
2.225097
2.219961
2.228338
2.229062
2.218129
2.216107
2.226393
2.230831
2.220351
2.221013
2.229093
2.224701
2.214729
2.219443
2.227675
2.227998
2.217941
2.223930
2.228562
2.220174
2.215100
2.222278
2.227921
2.224882
2.218668
2.227212
2.226219
2.217210
2.218059
2.224222
2.227135
2.222116
2.221255
2.228953
2.221314
2.215686
2.220502
2.225164
2.226580
2.219729
2.224627
2.227842
2.216836
2.216291
2.222002
2.224861
2.225311
2.218879
2.225276
2.223875
2.214224
2.217430
2.222445
2.224179
2.221421
2.219645
2.223906
2.219169
2.213346
2.218215
2.222774
2.223455
2.218202
2.220440
2.222142
2.214715
2.212765
2.218075
2.221595
2.221664
2.214535
2.219756
2.220236
2.212257
2.212941
2.219131
2.221600
2.220085
2.214008
2.220196
2.218856
2.211758
2.214282
2.220274
2.221704
2.218727
2.215111
2.221340
2.218047
2.212111
2.215763
2.221645
2.222254
2.217888
2.217906
2.222336
2.217545
2.212821
2.217258
2.222778
2.223452
2.217562
2.221096
2.224014
2.217847
2.213742
2.219375
2.223985
2.225474
2.218295
2.224531
2.226264
2.218397
2.214878
2.222539
2.225502
2.226893
2.220572
2.227632
2.228332
2.218463
2.215726
2.225244
2.227294
2.228404
2.224829
2.231167
2.230377
2.217997
2.217212
2.227668
2.229720
2.229992
2.230750
2.234341
2.231545
2.217578
2.218910
2.229266
2.232646
2.232030
2.235978
2.236952
2.230362
2.215197
2.220529
2.229442
2.234953
2.233652
2.238592
2.238475
2.227306
2.211660
2.222211
2.228578
2.236001
2.236189
2.240827
2.240234
2.223374
2.208477
2.223877
2.230221
2.238451
2.240824
2.244645
2.242910
2.220022
2.207045
2.225268
2.232831
2.242206
2.245331
2.247902
2.244139
2.214311
2.206132
2.224827
2.235822
2.246602
2.248812
2.250310
2.243959
2.207084
2.206636
2.223851
2.239625
2.250176
2.251511
2.252532
2.239903
2.199444
2.207144
2.221479
2.244287
2.251326
2.252545
2.253152
2.231227
2.193992
2.207413
2.220306
2.247508
2.251686
2.252570
2.252572
2.219920
2.191383
2.205622
2.221423
2.248620
2.251350
2.252228
2.250910
2.208915
2.192570
2.202431
2.226890
2.248861
2.250992
2.251372
2.247815
2.199870
2.194136
2.199867
2.234619
2.248924
2.250440
2.249970
2.242690
2.195696
2.194513
2.205753
2.239727
2.248347
2.249625
2.248974
2.239934
2.199700
2.195388
2.216565
2.243114
2.248809
2.248710
2.248976
2.238394
2.207984
2.200795
2.227089
2.244961
2.248086
2.247773
2.248706
2.237897
2.217942
2.211971
2.236257
2.247126
2.247934
2.248246
2.248748
2.238595
2.228934
2.226865
2.243410
2.248737
2.248656
2.248934
2.249593
2.239743
2.236955
2.240293
2.248199
2.250586
2.250909
2.250772
2.251478
2.242232
2.240920
2.247391
2.252116
2.252960
2.253300
2.252859
2.251526
2.239761
2.240047
2.248162
2.252724
2.253428
2.253658
2.252979
2.247032
2.232025
2.238715
2.246411
2.252813
2.254486
2.254333
2.253178
2.240530
2.226523
2.239116
2.245131
2.253973
2.255659
2.254641
2.251671
2.231675
2.224101
2.240418
2.245328
2.255104
2.255543
2.255147
2.247205
2.223724
2.226382
2.241156
2.248226
2.255821
2.255852
2.255202
2.239485
2.219530
2.232420
2.240866
2.251820
2.256196
2.255995
2.254054
2.230765
2.219917
2.239882
2.240531
2.254325
2.256584
2.256229
2.252061
2.225631
2.225521
2.245022
2.243317
2.256276
2.257782
2.257202
2.250155
2.225446
2.232841
2.247842
2.247660
2.257494
2.258565
2.258108
2.249367
2.228628
2.240333
2.250054
2.252523
2.259048
2.259977
2.259279
2.250509
2.234975
2.247492
2.252374
2.256729
2.260545
2.261180
2.260279
2.253615
2.242581
2.253585
2.255848
2.259714
2.261848
2.262591
2.261966
2.257922
2.251314
2.259856
2.259854
2.262787
2.263762
2.264540
2.263255
2.262022
2.259300
2.264716
2.263813
2.264596
2.265635
2.265733
2.265015
2.265697
2.265945
2.266876
2.267044
2.266363
2.267179
2.267442
2.266225
2.267374
2.268226
2.268638
2.268770
2.267871
2.269002
2.268578
2.267025
2.268270
2.269765
2.269912
2.269050
2.269081
2.270288
2.269718
2.268482
2.269502
2.271010
2.270848
2.270154
2.270624
2.271594
2.271054
2.270024
2.270868
2.272452
2.272155
2.271719
2.272661
2.272530
2.272137
2.271371
2.272426
2.273542
2.273059
2.272842
2.273782
2.273449
2.273014
2.271938
2.273313
2.273729
2.272973
2.273194
2.273889
2.273260
2.273014
2.272603
2.274120
2.273864
2.273712
2.274058
2.274451
2.274306
2.274098
2.274448
2.275566
2.275251
2.275306
2.275818
2.275842
2.275564
2.275380
2.276006
2.276408
2.276644
2.276382
2.276278
2.276182
2.275999
2.275558
2.275810
2.275761
2.275466
2.274771
2.274587
2.274505
2.273802
2.273192
2.273278
2.272796
2.272186
2.271863
2.271588
2.271511
2.271017
2.270997
2.271574
2.271934
2.271984
2.272143
2.272565
2.272546
2.272776
2.273296
2.274250
2.274194
2.274455
2.274855
2.275384
2.275631
2.275537
2.275831
2.276481
2.276381
2.276825
2.276751
2.277017
2.276858
2.276849
2.277101
2.277455
2.277725
2.277474
2.277545
2.277322
2.277213
2.276950
2.277151
2.277593
2.277429
2.277265
2.277567
2.277775
2.277545
2.277475
2.277915
2.278183
2.277851
2.277668
2.277712
2.277905
2.277647
2.277556
2.278027
2.278477
2.278281
2.278082
2.278085
2.278588
2.278536
2.278254
2.278412
2.278721
2.278596
2.278159
2.278382
2.278699
2.278278
2.278354
2.278895
2.279115
2.278784
2.278503
2.278429
2.278653
2.278498
2.278500
2.278875
2.279018
2.278917
2.278503
2.278373
2.278851
2.278631
2.278884
2.279130
2.279445
2.279131
2.279110
2.278793
2.279319
2.279007
2.279117
2.279416
2.279339
2.279403
2.279059
2.279038
2.279287
2.279051
2.279022
2.279112
2.279569
2.279344
2.279176
2.279451
2.279590
2.279372
2.279048
2.279406
2.279626
2.279399
2.279279
2.279227
2.279412
2.279323
2.279162
2.279514
2.279725
2.279683
2.279459
2.279333
2.279584
2.279701
2.279696
2.279715
2.280040
2.279701
2.279736
2.279374
2.279944
2.279838
2.279583
2.279801
2.279896
2.280027
2.279528
2.279693
2.279686
2.279845
2.279648
2.279868
2.280247
2.280135
2.280150
2.279971
2.280127
2.280089
2.279990
2.280138
2.280087
2.280176
2.280024
2.280030
2.280182
2.279869
2.279986
2.280070
2.280341
2.280193
2.280257
2.280172
2.280169
2.280201
2.280034
2.280087
2.280338
2.280223
2.280077
2.280127
2.280097
2.280121
2.279939
2.280331
2.280477
2.280421
2.280290
2.280657
2.280412
2.280344
2.280440
2.280529
2.280421
2.280536
2.280346
2.280365
2.280354
2.280344
2.280357
2.280579
2.280524
2.280629
2.280560
2.280592
2.280777
2.280533
2.280828
2.280795
2.280703
2.280897
2.280741
2.280653
2.280652
2.280825
2.280822
2.280937
2.280686
2.280779
2.280593
2.280650
2.280656
2.280820
2.280886
2.281107
2.280636
2.280881
2.280648
2.280716
2.280755
2.281023
2.281074
2.280831
2.280724
2.280824
2.280766
2.280583
2.280598
2.280727
2.280948
2.280695
2.280626
2.280696
2.280784
2.280693
2.280819
2.280847
2.280841
2.280953
2.280652
2.280849
2.280891
2.280805
2.280927
2.280890
2.280945
2.280679
2.281025
2.280790
2.280654
2.280654
2.280869
2.280920
2.280999
2.280859
2.280826
2.280902
2.281084
2.280996
2.281099
2.280965
2.280846
2.280820
2.280790
2.280669
2.280662
2.280664
2.280998
2.280887
2.280913
2.280782
2.281014
2.280794
2.280769
2.281038
2.281093
2.280954
2.281003
2.281144
2.281097
2.281165
2.281203
2.281333
2.281534
2.281195
2.281038
2.281104
2.281200
2.280964
2.281138
2.281292
2.281396
2.281348
2.281021
2.280943
2.281210
2.280967
2.281118
2.281253
2.281024
2.281044
2.280873
2.281079
2.281163
2.281042
2.281120
2.281284
2.281432
2.281189
2.281045
2.281105
2.281118
2.281063
2.281330
2.281303
2.281294
2.281216
2.280996
2.281019
2.281073
2.280957
2.281184
2.281240
2.281280
2.281299
2.281171
2.281195
2.281106
2.281145
2.281268
2.281486
2.281482
2.281303
2.281308
2.280891
2.281239
2.280905
2.281107
2.281368
2.281264
2.281058
2.281011
2.281108
2.281002
2.281001
2.281105
2.281127
2.281116
2.281241
2.281004
2.281036
2.280898
2.280908
2.281032
2.281145
2.281097
2.281174
2.280897
2.281265
2.281022
2.281173
2.281265
2.281222
2.281249
2.280831
2.280930
2.281152
2.281052
2.281036
2.281134
2.281144
2.280921
2.280880
2.281094
2.281080
2.280961
2.280877
2.281001
2.280928
2.280764
2.280756
2.280599
2.280801
2.280815
2.280766
2.280994
2.281049
2.280947
2.280763
2.280929
2.280785
2.280704
2.280874
2.281045
2.281038
2.280548
2.280617
2.280624
2.280520
2.280532
2.280749
2.280972
2.280658
2.280859
2.280685
2.280847
2.280819
2.281067
2.281169
2.280790
2.280759
2.280623
2.280502
2.280584
2.280536
2.280781
2.281119
2.280875
2.280629
2.280709
2.280576
2.280433
2.280465
2.280861
2.280855
2.280667
2.280666
2.280839
2.280726
2.280525
2.280684
2.280739
2.280853
2.281075
2.280462
2.280712
2.280402
2.280684
2.280838
2.280904
2.281071
2.280787
2.280788
2.280815
2.280481
2.280474
2.280819
2.280818
2.280684
2.280522
2.280745
2.280765
2.280552
2.280403
2.280759
2.280718
2.280630
2.280432
2.280788
2.280682
2.280549
2.280676
2.280872
2.280959
2.280660
2.280486
2.280591
2.280480
2.280701
2.280523
2.280734
2.280494
2.280520
2.280516
2.280713
2.280501
2.280760
2.280694
2.280926
2.280888
2.280850
2.280656
2.280666
2.280514
2.280516
2.280691
2.280867
2.280656
2.280639
2.280510
2.280413
2.280618
2.280631
2.280913
2.280959
2.280889
2.280501
2.280717
2.280796
2.280759
2.280561
2.280946
2.280794
2.280720
2.280642
2.280634
2.280731
2.280515
2.280902
2.280927
2.280994
2.280663
2.280515
2.280673
2.280756
2.280482
2.280630
2.280574
2.280805
2.280816
2.280908
2.280775
2.280746
2.280945
2.280720
2.280720
2.280688
2.280659
2.280474
2.280713
2.280884
2.280580
2.280586
2.280606
2.280857
2.280533
2.280564
2.280601
2.280472
2.280321
2.280815
2.280885
2.280715
2.280592
2.280760
2.280900
2.280557
2.280631
2.280608
2.280803
2.280659
2.280643
2.280688
2.280688
2.280760
2.280677
2.280820
2.281032
2.281011
2.280623
2.280596
2.280909
2.280742
2.280593
2.280821
2.280976
2.280939
2.280757
2.280843
2.280727
2.280624
2.280700
2.280732
2.280584
2.280624
2.280517
2.280602
2.280616
2.280552
2.280544
2.280647
2.280728
2.280407
2.280469
2.280474
2.280590
2.280413
2.280460
2.280685
2.280762
2.280619
2.280282
2.280789
2.280678
2.280422
2.280480
2.280723
2.280908
2.280381
2.280483
2.280450
2.280349
2.280591
2.280334
2.280546
2.280678
2.280619
2.280357
2.280517
2.280518
2.280510
2.280577
2.280567
2.280669
2.280450
2.280617
2.280664
2.280489
2.280439
2.280369
2.280688
2.280453
2.280830
2.280362
2.280442
2.280334
2.280468
2.280449
2.280883
2.280906
2.280508
2.280704
2.280692
2.280490
2.280360
2.280465
2.280721
2.280576
2.280456
2.280324
2.280545
2.280413
2.280416
2.280403
2.280729
2.280847
2.280697
2.280357
2.280412
2.280561
2.280480
2.280691
2.280509
2.280425
2.280548
2.280318
2.280749
2.280335
2.280353
2.280681
2.280669
2.280726
2.280294
2.280399
2.280386
2.280262
2.280770
2.280880
2.280726
2.280513
2.280326
2.280605
2.280632
2.280549
2.280594
2.280706
2.280818
2.280781
2.280462
2.280545
2.280572
2.280711
2.280328
2.280524
2.280647
2.280353
2.280374
2.280545
2.280528
2.280387
2.280314
2.280363
2.280496
2.280420
2.280649
2.280475
2.280792
2.280697
2.280591
2.280784
2.280883
2.280884
2.280781
2.280990
2.280952
2.280875
2.281010
2.280994
2.280717
2.280529
2.280509
2.280685
2.280792
2.280809
2.280830
2.280946
2.280889
2.280630
2.280638
2.280832
2.280709
2.280445
2.280582
2.280744
2.280887
2.280608
2.280758
2.280685
2.280660
2.280843
2.280667
2.280833
2.280637
2.280660
2.280729
2.280639
2.280820
2.280767
2.280576
2.280728
2.280666
2.280614
2.280822
2.280923
2.280671
2.280701
2.281069
2.280884
2.280668
2.280800
2.280662
2.280759
2.280561
2.280586
2.280996
2.280951
2.280959
2.280781
2.280890
2.280871
2.280868
2.280958
2.280975
2.281163
2.281035
2.281076
2.280957
2.281133
2.280989
2.281153
2.281023
2.281182
2.280977
2.280965
2.281142
2.280898
2.280941
2.281241
2.281433
2.281197
2.281262
2.281084
2.281151
2.281296
2.281069
2.281029
2.281142
2.281108
2.280927
2.280974
2.281474
2.281026
2.281205
2.280975
2.281126
2.281127
2.280934
2.281223
2.281190
2.281296
2.281259
2.281043
2.281123
2.281055
2.280722
2.280833
2.281364
2.281364
2.281278
2.281553
2.281200
2.281080
2.281231
2.281343
2.281321
2.281287
2.281162
2.281501
2.281585
2.281248
2.280901
2.281144
2.281151
2.281211
2.281349
2.281603
2.281350
2.281214
2.280995
2.281089
2.281055
2.280890
2.281157
2.281094
2.281113
2.281228
2.281093
2.280968
2.281198
2.281150
2.281209
2.281025
2.281178
2.281155
2.281201
2.281092
2.281014
2.281020
2.281216
2.281148
2.281199
2.281182
2.280871
2.281324
2.281376
2.281291
2.281473
2.281523
2.281495
2.281285
2.281232
2.281138
2.281398
2.281351
2.281423
2.281532
2.281591
2.281408
2.281241
2.281404
2.281240
2.281373
2.281399
2.281533
2.281635
2.281659
2.281393
2.281591
2.281510
2.281535
2.281748
2.281740
2.281639
2.281641
2.281516
2.281654
2.281656
2.281488
2.281451
2.281506
2.281649
2.281634
2.281275
2.281246
2.281296
2.281319
2.281160
2.281295
2.281611
2.281527
2.281320
2.281293
2.281283
2.281291
2.281301
2.281316
2.281569
2.281658
2.281722
2.281619
2.281320
2.281583
2.281559
2.281569
2.281731
2.281539
2.281582
2.281526
2.281289
2.281467
2.281492
2.281304
2.281461
2.281502
2.281407
2.281591
2.281467
2.281421
2.281385
2.281559
2.281649
2.281746
2.281727
2.281869
2.281598
2.281353
2.281337
2.281470
2.281452
2.281595
2.281665
2.281614
2.281528
2.281392
2.281647
2.281763
2.281706
2.281789
2.281722
2.281852
2.281477
2.281606
2.281684
2.281474
2.281690
2.282125
2.281889
2.281901
2.281727
2.281692
2.282110
2.281840
2.281730
2.281961
2.282093
2.281772
2.281454
2.281650
2.281587
2.281471
2.281482
2.281870
2.281758
2.281399
2.281834
2.281933
2.281907
2.281665
2.281728
2.281716
2.281780
2.281496
2.281685
2.281414
2.281717
2.281780
2.281812
2.281731
2.281922
2.281646
2.281739
2.281606
2.281993
2.281857
2.281888
2.282174
2.282085
2.282147
2.282038
2.282194
2.282004
2.281920
2.282099
2.282180
2.282348
2.282348
2.282349
2.282034
2.282031
2.281956
2.282130
2.282137
2.281970
2.282029
2.281809
2.282038
2.282099
2.282090
2.282087
2.282342
2.282312
2.282289
2.282189
2.282121
2.282091
2.281820
2.282252
2.282144
2.282091
2.281975
2.281994
2.282256
2.282407
2.281974
2.282284
2.282250
2.282361
2.282308
2.281997
2.282382
2.282298
2.282110
2.282423
2.282323
2.282336
2.282209
2.282095
2.282414
2.282435
2.282245
2.282432
2.282470
2.282498
2.282465
2.282258
2.282495
2.282246
2.282509
2.282658
2.282752
2.282520
2.282282
2.282249
2.282514
2.282218
2.282452
2.282478
2.282552
2.282454
2.282393
2.282386
2.282692
2.282250
2.282244
2.282323
2.282634
2.282479
2.282305
2.282695
2.282726
2.282628
2.282698
2.282898
2.282776
2.282532
2.282170
2.282522
2.282577
2.282515
2.282465
2.282529
2.282662
2.282715
2.282509
2.282529
2.282637
2.282538
2.282711
2.282866
2.282675
2.282692
2.282727
2.282632
2.282525
2.282372
2.282753
2.282686
2.282752
2.282314
2.282181
2.282238
2.282500
2.282568
2.282671
2.282801
2.282361
2.282596
2.282573
2.282544
2.282528
2.282497
2.282820
2.282765
2.282505
2.282604
2.282750
2.282662
2.282622
2.282632
2.282746
2.282788
2.282627
2.282616
2.282565
2.282426
2.282510
2.282620
2.282581
2.282550
2.282450
2.282439
2.282764
2.282501
2.282421
2.282708
2.282583
2.282553
2.282482
2.282552
2.282436
2.282552
2.282694
2.282721
2.282651
2.282673
2.282649
2.282783
2.283045
2.283145
2.282971
2.282704
2.282462
2.282540
2.282582
2.282761
2.282619
2.282537
2.282657
2.282526
2.282448
2.282264
2.282529
2.282498
2.282559
2.282750
2.282450
2.282634
2.282628
2.282398
2.282449
2.282447
2.282355
2.282736
2.282755
2.282482
2.282493
2.282562
2.282558
2.282375
2.282537
2.282613
2.282500
2.282251
2.282503
2.282391
2.282696
2.282687
2.282832
2.282555
2.282501
2.282509
2.282265
2.282748
2.282590
2.282429
2.282754
2.282379
2.282596
2.282317
2.282254
2.282203
2.282251
2.282157
2.282227
2.282417
2.282349
2.282063
2.282366
2.282076
2.281983
2.282143
2.282558
2.282418
2.281936
2.282035
2.282183
2.281979
2.282207
2.282418
2.282476
2.282447
2.282193
2.282410
2.282412
2.282275
2.282245
2.282396
2.282361
2.282354
2.282390
2.282487
2.282156
2.282243
2.282327
2.282395
2.282401
2.282473
2.282282
2.282293
2.282208
2.282341
2.282417
2.282144
2.282395
2.282242
2.282189
2.282093
2.282169
2.282495
2.282408
2.282363
2.282489
2.282351
2.282068
2.282243
2.282318
2.281987
2.282300
2.282392
2.282391
2.282194
2.282207
2.282166
2.282205
2.282223
2.282034
2.282401
2.282197
2.282194
2.282055
2.282052
2.282157
2.282147
2.282402
2.282494
2.282350
2.282394
2.282194
2.282310
2.282242
2.282231
2.282394
2.282310
2.282392
2.282179
2.282116
2.282071
2.282277
2.282240
2.282433
2.282288
2.282152
2.282242
2.282251
2.282423
2.282331
2.282443
2.282786
2.282770
2.282346
2.282245
2.282341
2.282440
2.282097
2.282427
2.282504
2.282704
2.282645
2.282524
2.282636
2.282454
2.282389
2.282534
2.282616
2.282542
2.282752
2.282740
2.282725
2.282546
2.282524
2.282481
2.282589
2.282424
2.282284
2.282348
2.282580
2.282340
2.282364
2.282574
2.282336
2.282328
2.282050
2.282116
2.282310
2.282239
2.282364
2.282506
2.282676
2.282563
2.282515
2.282347
2.282499
2.282488
2.282418
2.282450
2.282498
2.282223
2.282388
2.282352
2.282538
2.282228
2.282305
2.282410
2.282586
2.282538
2.282355
2.282338
2.282511
2.282335
2.282521
2.282693
2.282612
2.282366
2.282444
2.282251
2.282329
2.282437
2.282401
2.282617
2.282738
2.282561
2.282566
2.282741
2.282751
2.282754
2.282528
2.282742
2.282767
2.282645
2.282383
2.282568
2.282443
2.282623
2.282754
2.282780
2.282643
2.282709
2.282812
2.282726
2.282934
2.282670
2.282631
2.282676
2.282779
2.282567
2.282615
2.282780
2.282898
2.282721
2.282745
2.282858
2.282961
2.282807
2.282553
2.282857
2.282580
2.282698
2.282743
2.282942
2.282808
2.282658
2.282429
2.282577
2.282595
2.282614
2.282459
2.282625
2.282788
2.282503
2.282510
2.282312
2.282597
2.282523
2.282495
2.282699
2.282606
2.282436
2.282606
2.282662
2.282688
2.282647
2.282550
2.282761
2.282456
2.282443
2.282454
2.282591
2.282665
2.282602
2.282551
2.282703
2.282507
2.282513
2.282710
2.282602
2.282666
2.282594
2.282705
2.283140
2.283031
2.282583
2.282549
2.282892
2.282660
2.282641
2.282801
2.282676
2.282537
2.282515
2.282531
2.282808
2.282669
2.282673
2.282751
2.282665
2.282712
2.282687
2.282472
2.282696
2.282643
2.282778
2.282825
2.282807
2.282805
2.283034
2.282796
2.282687
2.282854
2.282681
2.282773
2.282989
2.282950
2.282718
2.282861
2.282903
2.282870
2.282952
2.283005
2.283339
2.283151
2.283065
2.283074
2.283002
2.283099
2.283005
2.282953
2.283093
2.283077
2.283035
2.282904
2.283372
2.283083
2.283121
2.283073
2.283182
2.283117
2.282950
2.283002
2.283234
2.282809
2.282842
2.283034
2.283114
2.282920
2.282894
2.282655
2.283207
2.283081
2.283052
2.283322
2.283152
2.283360
2.283299
2.283149
2.282987
2.282939
2.282821
2.283056
2.283360
2.283139
2.283182
2.282808
2.283100
2.283210
2.283119
2.283369
2.283241
2.283012
2.282895
2.282915
2.283313
2.283196
2.283201
2.283232
2.283496
2.283210
2.283286
2.282923
2.283229
2.283076
2.283197
2.283346
2.283301
2.283337
2.282953
2.282964
2.282988
2.283052
2.282928
2.283090
2.282858
2.282749
2.283019
2.282833
2.282895
2.282915
2.283100
2.283010
2.283230
2.282889
2.282851
2.282635
2.282950
2.282892
2.283072
2.283244
2.282866
2.282976
2.282788
2.283058
2.282733
2.282668
2.283025
2.283180
2.282891
2.282965
2.282930
2.283008
2.283030
2.282854
2.283048
2.283190
2.282993
2.283155
2.283146
2.283055
2.282999
2.283149
2.283366
2.283105
2.282919
2.282850
2.282919
2.283089
2.282999
2.282864
2.283272
2.283144
2.282974
2.282909
2.282781
2.282988
2.282804
2.282937
2.283336
2.283043
2.282957
2.282976
2.282966
2.283072
2.283224
2.283100
2.283418
2.283180
2.283034
2.283031
2.283337
2.283138
2.282899
2.283182
2.283266
2.283108
2.282961
2.283009
2.283111
2.283040
2.283055
2.283309
2.283246
2.282948
2.282885
2.282927
2.282945
2.283142
2.283171
2.283097
2.283077
2.282772
2.282982
2.282934
2.283106
2.283219
2.282798
2.283170
2.282950
2.283009
2.282985
2.282931
2.283041
2.282971
2.283106
2.283022
2.283135
2.282782
2.282826
2.282983
2.283021
2.282999
2.283335
2.283350
2.283238
2.282985
2.283069
2.283356
2.283129
2.282905
2.283278
2.283169
2.283166
2.283297
2.283294
2.282971
2.283093
2.283070
2.283242
2.283328
2.283289
2.283288
2.283189
2.283388
2.283220
2.283338
2.283226
2.283118
2.283104
2.282906
2.283283
2.283021
2.283033
2.283228
2.283427
2.283172
2.283111
2.283029
2.282779
2.283006
2.283035
2.282963
2.282863
2.282969
2.283091
2.282789
2.283038
2.283083
2.282918
2.283229
2.283261
2.283020
2.283037
2.283042
2.282907
2.282911
2.283049
2.283010
2.283275
2.283112
2.283098
2.282963
2.283219
2.283224
2.283254
2.283248
2.282926
2.283072
2.282979
2.282911
2.282973
2.283167
2.283085
2.283230
2.282980
2.283061
2.283084
2.283187
2.283449
2.283509
2.283424
2.283518
2.283416
2.283117
2.283213
2.283259
2.282850
2.283002
2.283159
2.283150
2.283282
2.282974
2.282760
2.282957
2.283309
2.283363
2.283393
2.283491
2.283082
2.282810
2.283179
2.283171
2.283371
2.283207
2.283227
2.283123
2.282952
2.283161
2.283148
2.283056
2.283087
2.283203
2.283285
2.283061
2.282970
2.282987
2.283035
2.282984
2.282776
2.283218
2.283352
2.283164
2.283025
2.283194
2.283220
2.283147
2.283402
2.282948
2.283093
2.282875
2.282868
2.283068
2.282938
2.282841
2.282903
2.283055
2.283110
2.283021
2.283174
2.283085
2.283049
2.282951
2.283111
2.283201
2.283092
2.282739
2.282817
2.282889
2.282827
2.282791
2.283178
2.283068
2.283236
2.283105
2.283061
2.283255
2.283252
2.283193
2.282852
2.283346
2.283286
2.283039
2.283294
2.283221
2.282960
2.283177
2.282989
2.283161
2.282955
2.282843
2.282793
2.282927
2.282956
2.282923
2.282761
2.283065
2.283083
2.283025
2.282954
2.283227
2.283053
2.283204
2.283265
2.283194
2.283318
2.283198
2.283233
2.283151
2.283328
2.283161
2.283211
2.283233
2.283035
2.283344
2.283027
2.283071
2.283214
2.283235
2.283165
2.283145
2.283241
2.282903
2.282957
2.283145
2.283134
2.282918
2.283155
2.282978
2.283015
2.282891
2.283023
2.283069
2.283092
2.283052
2.283390
2.282918
2.282988
2.282746
2.282816
2.282978
2.282757
2.283033
2.282987
2.283061
2.282955
2.282843
2.282732
2.282949
2.282914
2.282972
2.283064
2.283014
2.283083
2.282770
2.282811
2.283027
2.282943
2.282875
2.283151
2.283256
2.283058
2.283053
2.283164
2.283263
2.283087
2.283103
2.283137
2.283245
2.283366
2.283242
2.283141
2.283252
2.283179
2.283049
2.283209
2.283351
2.283307
2.283167
2.283045
2.283342
2.282911
2.283301
2.283130
2.283155
2.283057
2.283272
2.282913
2.283045
2.283033
2.283218
2.283128
2.283158
2.283035
2.283043
2.283151
2.282915
2.283075
2.283126
2.283045
2.283081
2.283000
2.282974
2.283202
2.283126
2.283153
2.283294
2.282996
2.283098
2.283149
2.282936
2.283137
2.283174
2.282977
2.283075
2.282946
2.282860
2.283144
2.283026
2.282891
2.282915
2.282899
2.282953
2.283110
2.282954
2.283108
2.282985
2.283084
2.283334
2.282905
2.282855
2.282892
2.283177
2.283161
2.283173
2.283244
2.283261
2.283201
2.283072
2.283100
2.283101
2.282980
2.283059
2.283028
2.282963
2.282925
2.282983
2.283120
2.282988
2.282992
2.282857
2.283078
2.283170
2.283140
2.283235
2.283049
2.283063
2.283132
2.283253
2.283149
2.283154
2.283114
2.283055
2.282993
2.283053
2.283198
2.283044
2.282973
2.283189
2.283050
2.283159
2.283180
2.283223
2.283129
2.283219
2.282933
2.283094
2.283269
2.283195
2.282940
2.283069
2.283316
2.283317
2.283242
2.283039
2.283294
2.283146
2.283125
2.283120
2.282954
2.282999
2.282850
2.282901
2.282914
2.282860
2.282753
2.282839
2.282976
2.282923
2.283138
2.283075
2.283139
2.283387
2.283123
2.283162
2.283090
2.283137
2.283061
2.283023
2.283205
2.283044
2.283237
2.283245
2.283186
2.283020
2.283249
2.283266
2.283188
2.283283
2.283399
2.283226
2.283224
2.283278
2.283432
2.283620
2.283418
2.283370
2.283592
2.283745
2.283622
2.283535
2.283428
2.283311
2.283518
2.283517
2.283386
2.283389
2.283512
2.283190
2.283351
2.283588
2.283544
2.283490
2.283549
2.283497
2.283536
2.283456
2.283378
2.283565
2.283681
2.283511
2.283884
2.283597
2.283516
2.283625
2.283561
2.283536
2.283459
2.283654
2.283601
2.283817
2.283459
2.283368
2.283340
2.283201
2.283399
2.283270
2.283292
2.283270
2.283177
2.283487
2.283554
2.283485
2.283506
2.283736
2.283497
2.283350
2.283490
2.283669
2.283151
2.283247
2.283078
2.283484
2.283399
2.283370
2.283316
2.283278
2.283381
2.283285
2.283061
2.283158
2.283453
2.283508
2.283345
2.283319
2.283174
2.283130
2.283251
2.283429
2.283626
2.283592
2.283385
2.283391
2.283472
2.283543
2.283290
2.283375
2.283667
2.283608
2.283210
2.283340
2.283549
2.283410
2.283413
2.283222
2.283298
2.283316
2.283440
2.283164
2.283174
2.283280
2.283415
2.283277
2.283143
2.283447
2.283184
2.283320
2.283291
2.283342
2.283363
2.283227
2.283221
2.283339
2.283293
2.283173
2.283317
2.283219
2.283372
2.283527
2.283416
2.283184
2.283155
2.283225
2.283161
2.283005
2.283028
2.283267
2.283391
2.283488
2.283408
2.283467
2.283550
2.283276
2.283416
2.283344
2.283196
2.283197
2.283248
2.283382
2.283077
2.283136
2.283351
2.283359
2.283410
2.283400
2.283253
2.283309
2.283320
2.283400
2.283538
2.283465
2.283369
2.283562
2.283474
2.283709
2.283438
2.283719
2.283735
2.283450
2.283648
2.283599
2.283610
2.283478
2.283639
2.283463
2.283541
2.283590
2.283574
2.283541
2.283578
2.283489
2.283419
2.283401
2.283601
2.283413
2.283562
2.283427
2.283471
2.283460
2.283431
2.283283
2.283376
2.283530
2.283551
2.283450
2.283698
2.283527
2.283475
2.283348
2.283486
2.283627
2.283467
2.283541
2.283441
2.283466
2.283318
2.283359
2.283401
2.283520
2.283385
2.283395
2.283542
2.283530
2.283574
2.283456
2.283461
2.283539
2.283573
2.283712
2.283494
2.283269
2.283461
2.283511
2.283424
2.283596
2.283604
2.283378
2.283417
2.283309
2.283417
2.283561
2.283527
2.283475
2.283463
2.283477
2.283491
2.283308
2.283537
2.283614
2.283623
2.283489
2.283641
2.283642
2.283731
2.283821
2.283539
2.283610
2.283624
2.283499
2.283555
2.283494
2.283417
2.283387
2.283561
2.283357
2.283739
2.283372
2.283467
2.283465
2.283726
2.283596
2.283609
2.283436
2.283368
2.283702
2.283598
2.283534
2.283428
2.283689
2.283505
2.283726
2.283568
2.283674
2.283682
2.283608
2.283682
2.283682
2.283579
2.283704
2.283557
2.283461
2.283437
2.283579
2.283450
2.283486
2.283465
2.283378
2.283483
2.283691
2.283670
2.283605
2.283500
2.283690
2.283927
2.283503
2.283664
2.283465
2.283491
2.283817
2.283447
2.283344
2.283399
2.283415
2.283318
2.283252
2.283342
2.283467
2.283345
2.283368
2.283657
2.283443
2.283678
2.283435
2.283652
2.283633
2.283636
2.283620
2.283599
2.283521
2.283399
2.283585
2.283539
2.283705
2.283485
2.283557
2.283440
2.283680
2.283782
2.283627
2.283483
2.283635
2.283514
2.283505
2.283537
2.283377
2.283640
2.283370
2.283469
2.283379
2.283717
2.283480
2.283570
2.283689
2.283569
2.283344
2.283320
2.283242
2.283320
2.283294
2.283431
2.283470
2.283555
2.283201
2.283537
2.283553
2.283557
2.283652
2.283534
2.283659
2.283623
2.283525
2.283650
2.283605
2.283836
2.283534
2.283599
2.283477
2.283469
2.283667
2.283326
2.283506
2.283536
2.283664
2.283792
2.283753
2.283338
2.283480
2.283588
2.283670
2.283483
2.283587
2.283652
2.283678
2.283469
2.283278
2.283559
2.283358
2.283519
2.283555
2.283221
2.283602
2.283703
2.283917
2.283726
2.283686
2.283589
2.283610
2.283650
2.283800
2.283726
2.283605
2.283522
2.283605
2.283463
2.283432
2.283636
2.283632
2.283428
2.283552
2.283633
2.283505
2.283354
2.283407
2.283546
2.283339
2.283394
2.283495
2.283555
2.283526
2.283572
2.283407
2.283331
2.283517
2.283348
2.283537
2.283120
2.283441
2.283469
2.283329
2.283140
2.283176
2.283155
2.283086
2.282952
2.283071
2.283066
2.283090
2.283205
2.283360
2.283418
2.283606
2.283552
2.283517
2.283421
2.283263
2.283310
2.283287
2.283109
2.283190
2.283206
2.283207
2.283274
2.283011
2.283159
2.283277
2.283372
2.283652
2.283174
2.283364
2.283278
2.283406
2.283208
2.283176
2.283389
2.283581
2.283379
2.283435
2.283379
2.283420
2.283258
2.283285
2.283624
2.283470
2.283430
2.283390
2.283324
2.283363
2.283218
2.283235
2.283351
2.283395
2.283250
2.283369
2.283323
2.283126
2.283335
2.283511
2.283275
2.283292
2.283412
2.283356
2.283128
2.283443
2.283302
2.283604
2.283447
2.283396
2.283168
2.283219
2.283308
2.283391
2.283345
2.283418
2.283382
2.283373
2.283306
2.283316
2.283360
2.283401
2.283257
2.283296
2.283180
2.283306
2.283071
2.283234
2.283577
2.283357
2.283611
2.283431
2.283535
2.283276
2.283286
2.283316
2.283516
2.283451
2.283373
2.283487
2.283640
2.283469
2.283512
2.283396
2.283516
2.283529
2.283249
2.283453
2.283462
2.283368
2.283506
2.283711
2.283658
2.283525
2.283520
2.283684
2.283465
2.283216
2.283287
2.283657
2.283668
2.283515
2.283424
2.283306
2.283404
2.283361
2.283321
2.283410
2.283080
2.283258
2.283319
2.283286
2.283514
2.283226
2.283350
2.283176
2.283334
2.283494
2.283402
2.283628
2.283378
2.283328
2.283520
2.283455
2.283568
2.283674
2.283470
2.283330
2.283022
2.283446
2.283754
2.283691
2.283480
2.283500
2.283211
2.283573
2.283501
2.283549
2.283446
2.283404
2.283397
2.283589
2.283536
2.283524
2.283794
2.283739
2.283602
2.283214
2.283449
2.283573
2.283603
2.283670
2.283337
2.283438
2.283580
2.283600
2.283609
2.283590
2.283620
2.283546
2.283646
2.283686
2.283617
2.283655
2.283449
2.283480
2.283721
2.283658
2.283511
2.283536
2.283637
2.283463
2.283654
2.283499
2.283506
2.283196
2.283437
2.283738
2.283585
2.283513
2.283371
2.283508
2.283584
2.283590
2.283586
2.283404
2.283564
2.283536
2.283520
2.283593
2.283505
2.283384
2.283319
2.283574
2.283586
2.283514
2.283747
2.283499
2.283552
2.283559
2.283668
2.283520
2.283663
2.283384
2.283348
2.283589
2.283457
2.283320
2.283370
2.283409
2.283281
2.283319
2.283270
2.283472
2.283226
2.283439
2.283847
2.283669
2.283873
2.283713
2.283720
2.283682
2.283558
2.283228
2.283404
2.283242
2.283465
2.283686
2.283453
2.283538
2.283689
2.283695
2.283837
2.283669
2.283774
2.283586
2.283599
2.283569
2.283293
2.283260
2.283339
2.283593
2.283619
2.283715
2.283880
2.283697
2.283761
2.283700
2.283636
2.283602
2.283477
2.283467
2.283572
2.283639
2.283396
2.283385
2.283275
2.283406
2.283391
2.283376
2.283380
2.283336
2.283576
2.283431
2.283598
2.283497
2.283220
2.283428
2.283557
2.283451
2.283459
2.283680
2.283735
2.283668
2.283680
2.283850
2.283723
2.283939
2.283766
2.283783
2.283555
2.283586
2.283602
2.283779
2.283672
2.283484
2.283534
2.283384
2.283282
2.283234
2.283552
2.283700
2.283593
2.283458
2.283568
2.283446
2.283316
2.283491
2.283515
2.283393
2.283542
2.283273
2.283536
2.283338
2.283309
2.283454
2.283460
2.283444
2.283499
2.283189
2.283581
2.283493
2.283490
2.283357
2.283505
2.283249
2.283217
2.283412
2.283379
2.283620
2.283661
2.283586
2.283562
2.283450
2.283742
2.283521
2.283522
2.283567
2.283629
2.283585
2.283456
2.283576
2.283342
2.283493
2.283552
2.283501
2.283553
2.283456
2.283370
2.283438
2.283582
2.283420
2.283633
2.283741
2.283502
2.283584
2.283633
2.283601
2.283394
2.283400
2.283312
2.283454
2.283304
2.283366
2.283336
2.283576
2.283507
2.283477
2.283104
2.283249
2.283314
2.283212
2.283338
2.283568
2.283325
2.283437
2.283282
2.283453
2.283552
2.283592
2.283653
2.283384
2.283388
2.283564
2.283557
2.283475
2.283363
2.283660
2.283363
2.283427
2.283254
2.283585
2.283286
2.283403
2.283630
2.283480
2.283726
2.283652
2.283726
2.283777
2.283665
2.283474
2.283391
2.283518
2.283422
2.283493
2.283652
2.283545
2.283536
2.283567
2.283682
2.283432
2.283405
2.283536
2.283773
2.283815
2.283463
2.283571
2.283639
2.283523
2.283519
2.283564
2.283586
2.283442
2.283430
2.283238
2.283435
2.283512
2.283407
2.283377
2.283543
2.283450
2.283576
2.283305
2.283579
2.283364
2.283350
2.283884
2.283632
2.283617
2.283403
2.283263
2.283308
2.283207
2.283216
2.283158
2.283252
2.283062
2.283343
2.283247
2.283518
2.283659
2.283531
2.283558
2.283427
2.283528
2.283719
2.283402
2.283279
2.283472
2.283356
2.283292
2.283371
2.283353
2.283273
2.283494
2.283624
2.283622
2.283615
2.283857
2.283752
2.283553
2.283463
2.283442
2.283273
2.283434
2.283247
2.283224
2.283386
2.283440
2.283335
2.283646
2.283461
2.283367
2.283684
2.283393
2.283405
2.283701
2.283545
2.283502
2.283691
2.283486
2.283494
2.283316
2.283347
2.283402
2.283462
2.283597
2.283447
2.283352
2.283309
2.283361
2.283405
2.283496
2.283386
2.283091
2.283534
2.283547
2.283476
2.283431
2.283477
2.283159
2.283267
2.283248
2.283196
2.283438
2.283205
2.283360
2.283447
2.283521
2.283511
2.283393
2.283269
2.283370
2.283449
2.283165
2.283404
2.283356
2.283379
2.283267
2.283439
2.283505
2.283407
2.283338
2.283229
2.283375
2.283581
2.283525
2.283312
2.283430
2.283602
2.283598
2.283469
2.283491
2.283535
2.283471
2.283386
2.283274
2.283551
2.283261
2.283332
2.283268
2.283360
2.283396
2.283471
2.283517
2.283555
2.283682
2.283484
2.283528
2.283392
2.283692
2.283369
2.283580
2.283468
2.283667
2.283744
2.283714
2.283481
2.283399
2.283189
2.283438
2.283495
2.283409
2.283527
2.283280
2.283231
2.283340
2.283334
2.283216
2.283120
2.283244
2.283359
2.283404
2.283448
2.283601
2.283404
2.283406
2.283463
2.283469
2.283627
2.283536
2.283521
2.283342
2.283449
2.283376
2.283359
2.283369
2.283305
2.283635
2.283447
2.283550
2.283766
2.283520
2.283686
2.283604
2.283655
2.283654
2.283688
2.283785
2.283856
2.283717
2.283489
2.283604
2.283515
2.283544
2.283512
2.283327
2.283471
2.283491
2.283490
2.283254
2.283324
2.283355
2.283425
2.283619
2.283305
2.283337
2.283548
2.283526
2.283517
2.283486
2.283606
2.283428
2.283853
2.283430
2.283323
2.283650
2.283358
2.283562
2.283519
2.283601
2.283248
2.283359
2.283415
2.283330
2.283487
2.283559
2.283326
2.283307
2.283229
2.283294
2.283476
2.283217
2.283335
2.283151
2.283364
2.283155
2.283366
2.283317
2.283474
2.283211
2.283310
2.283343
2.283399
2.283397
2.283044
2.283252
2.283232
2.283102
2.283263
2.283096
2.283372
2.283451
2.283073
2.283415
2.283296
2.283453
2.283515
2.283522
2.283597
2.283445
2.283191
2.283309
2.283050
2.283372
2.283397
2.283475
2.283270
2.283411
2.283393
2.283601
2.283508
2.283417
2.283343
2.283745
2.283491
2.283254
2.283379
2.283342
2.283424
2.283305
2.283202
2.283292
2.283770
2.283670
2.283692
2.283490
2.283579
2.283554
2.283499
2.283598
2.283542
2.283527
2.283535
2.283397
2.283291
2.283396
2.283449
2.283540
2.283484
2.283505
2.283394
2.283357
2.283694
2.283453
2.283520
2.283577
2.283680
2.283389
2.283708
2.283543
2.283520
2.283770
2.283416
2.283224
2.283383
2.283455
2.283473
2.283528
2.283365
2.283062
2.283451
2.283407
2.283490
2.283263
2.283413
2.283446
2.283089
2.283598
2.283282
2.283418
2.283331
2.283533
2.283556
2.283384
2.283343
2.283337
2.283569
2.283229
2.283182
2.283449
2.283152
2.283290
2.283422
2.283382
2.283418
2.283505
2.283454
2.283220
2.283353
2.283267
2.283159
2.283231
2.283454
2.283261
2.283302
2.283271
2.283487
2.283576
2.283459
2.283511
2.283344
2.283412
2.283369
2.283441
2.283183
2.283680
2.283542
2.283537
2.283383
2.283488
2.283568
2.283500
2.283286
2.283307
2.283553
2.283573
2.283393
2.283280
2.283455
2.283316
2.283409
2.283376
2.283412
2.283337
2.283320
2.283427
2.283386
2.283406
2.283503
2.283260
2.283257
2.283270
2.283321
2.283271
2.283124
2.283069
2.283258
2.283470
2.283127
2.283478
2.283350
2.283282
2.283379
2.283440
2.283432
2.283593
2.283651
2.283606
2.283577
2.283490
2.283365
2.283485
2.283510
2.283714
2.283682
2.283452
2.283509
2.283558
2.283497
2.283286
2.283298
2.283183
2.283678
2.283288
2.283584
2.283618
2.283384
2.283477
2.283474
2.283458
2.283385
2.283344
2.283543
2.283518
2.283449
2.283480
2.283634
2.283450
2.283447
2.283345
2.283419
2.283686
2.283338
2.283548
2.283450
2.283450
2.283407
2.283422
2.283342
2.283484
2.283375
2.283576
2.283451
2.283575
2.283534
2.283579
2.283390
2.283458
2.283415
2.283560
2.283636
2.283521
2.283441
2.283278
2.283481
2.283282
2.283515
2.283376
2.283415
2.283329
2.283446
2.283299
2.283320
2.283553
2.283372
2.283437
2.283543
2.283320
2.283323
2.283752
2.283560
2.283616
2.283658
2.283603
2.283411
2.283222
2.283419
2.283460
2.283623
2.283538
2.283601
2.283469
2.283540
2.283524
2.283611
2.283572
2.283837
2.283682
2.283718
2.283777
2.283764
2.283551
2.283547
2.283661
2.283552
2.283605
2.283603
2.283393
2.283614
2.283559
2.283581
2.283617
2.283769
2.283672
2.283579
2.283837
2.283619
2.283621
2.283651
2.283562
2.283856
2.283648
2.283692
2.283567
2.283307
2.283393
2.283531
2.283208
2.282995
2.283258
2.283374
2.283173
2.283153
2.283283
2.283429
2.283356
2.283372
2.283130
2.283300
2.283418
2.283394
2.283534
2.283431
2.283283
2.283387
2.283391
2.283379
2.283330
2.283213
2.283137
2.283432
2.283134
2.283275
2.283425
2.283766
2.283465
2.283628
2.283613
2.283487
2.283710
2.283425
2.283506
2.283447
2.283133
2.283414
2.283306
2.283233
2.283332
2.283119
2.283509
2.283574
2.283297
2.283375
2.283286
2.283306
2.283169
2.283288
2.283469
2.283431
2.283295
2.283370
2.283415
2.283493
2.283512
2.283483
2.283444
2.283508
2.283652
2.283694
2.283664
2.283425
2.283270
2.283692
2.283419
2.283444
2.283396
2.283376
2.283269
2.283418
2.283455
2.283523
2.283445
2.283700
2.283794
2.283562
2.283497
2.283385
2.283203
2.283424
2.283553
2.283388
2.283295
2.283537
2.283646
2.283593
2.283412
2.283272
2.283379
2.283229
2.283118
2.283190
2.282905
2.282786
2.283183
2.283131
2.283200
2.283241
2.283182
2.283301
2.283331
2.283408
2.283584
2.283783
2.283630
2.283580
2.283276
2.283480
2.283237
2.283394
2.283276
2.283293
2.283390
2.283286
2.283180
2.283120
2.283186
2.283303
2.283113
2.283149
2.283330
2.283300
2.283315
2.283124
2.283156
2.283126
2.283280
2.283213
2.283162
2.283228
2.283264
2.283708
2.283377
2.283286
2.283280
2.283058
2.283328
2.283262
2.282985
2.283370
2.283270
2.283326
2.283131
2.283171
2.283360
2.283493
2.283172
2.283363
2.283252
2.283272
2.283397
2.283573
2.283199
2.283548
2.283416
2.283483
2.283310
2.283436
2.283470
2.283362
2.283219
2.283354
2.283650
2.283438
2.283298
2.283404
2.283355
2.283322
2.283111
2.283229
2.283203
2.283438
2.283494
2.283518
2.283705
2.283415
2.283565
2.283460
2.283549
2.283744
2.283651
2.283529
2.283437
2.283643
2.283788
2.283578
2.283672
2.283633
2.283664
2.283555
2.283317
2.283437
2.283400
2.283469
2.283786
2.283782
2.283890
2.283629
2.283526
2.283397
2.283662
2.283242
2.283424
2.283549
2.283449
2.283534
2.283573
2.283750
2.283733
2.283768
2.283763
2.283854
2.283592
2.283626
2.283859
2.283597
2.283639
2.283374
2.283598
2.283579
2.283698
2.283543
2.283320
2.283684
2.283590
2.283292
2.283484
2.283423
2.283670
2.283503
2.283534
2.283542
2.283506
2.283526
2.283260
2.283452
2.283327
2.283608
2.283580
2.283517
2.283390
2.283289
2.283407
2.283399
2.283323
2.283288
2.283627
2.283526
2.283603
2.283359
2.283433
2.283856
2.283609
2.283508
2.283683
2.283748
2.283407
2.283352
2.283285
2.283204
2.283511
2.283602
2.283566
2.283563
2.283548
2.283496
2.283630
2.283496
2.283576
2.283656
2.283711
2.283543
2.283684
2.283577
2.283546
2.283618
2.283625
2.283548
2.283495
2.283822
2.283574
2.283694
2.283773
2.283567
2.283815
2.283875
2.283672
2.283570
2.283682
2.283736
2.283426
2.283539
2.283616
2.283466
2.283723
2.283605
2.283734
2.283668
2.283552
2.283642
2.283732
2.283830
2.283809
2.283673
2.283517
2.283635
2.283593
2.283614
2.283686
2.283859
2.283586
2.283506
2.283731
2.283449
2.283328
2.283274
2.283599
2.283468
2.283576
2.283528
2.283542
2.283379
2.283545
2.283420
2.283649
2.283790
2.283872
2.283779
2.283806
2.283700
2.283481
2.283451
2.283410
2.283619
2.283648
2.283673
2.283626
2.283671
2.283522
2.283635
2.283500
2.283374
2.283441
2.283466
2.283584
2.283494
2.283325
2.283269
2.283445
2.283643
2.283499
2.283724
2.283531
2.283614
2.283542
2.283616
2.283581
2.283585
2.283608
2.283769
2.283587
2.283610
2.283721
2.283432
2.283608
2.283551
2.283628
2.283759
2.283525
2.283533
2.283608
2.283640
2.283392
2.283562
2.283527
2.283527
2.283500
2.283432
2.283549
2.283742
2.283664
2.283919
2.283746
2.283543
2.283528
2.283683
2.283955
2.283971
2.283612
2.283590
2.283742
2.283568
2.283453
2.283436
2.283616
2.283695
2.283777
2.283832
2.283610
2.283591
2.283771
2.283907
2.283728
2.283913
2.283815
2.283581
2.283524
2.283564
2.283561
2.283489
2.283799
2.283596
2.283681
2.283565
2.283816
2.283940
2.283886
2.283907
2.283625
2.283899
2.283762
2.283779
2.283723
2.283670
2.283638
2.283860
2.283659
2.283635
2.283639
2.283793
2.283909
2.283767
2.283802
2.283963
2.283567
2.283588
2.283538
2.283720
2.283736
2.283400
2.283444
2.283550
2.283437
2.283363
2.283530
2.283594
2.283447
2.283530
2.283640
2.283455
2.283595
2.283538
2.283558
2.283537
2.283617
2.283439
2.283410
2.283296
2.283497
2.283380
2.283656
2.283511
2.283469
2.283520
2.283710
2.283435
2.283631
2.283418
2.283553
2.283407
2.283419
2.283521
2.283424
2.283461
2.283820
2.283673
2.283756
2.283626
2.283634
2.283835
2.283840
2.283410
2.283403
2.283499
2.283561
2.283741
2.283610
2.283699
2.283728
2.283544
2.283716
2.283666
2.283877
2.283773
2.283766
2.283850
2.283648
2.283700
2.283643
2.283624
2.283506
2.283592
2.283552
2.283431
2.283591
2.283709
2.283689
2.283687
2.283926
2.283550
2.283565
2.283642
2.283729
2.283630
2.283665
2.283685
2.283680
2.283756
2.283745
2.283725
2.283862
2.283920
2.283729
2.283645
2.283869
2.283642
2.283635
2.283798
2.283567
2.283567
2.283620
2.283584
2.283833
2.283684
2.283705
2.283659
2.283683
2.283669
2.283469
2.283461
2.283701
2.283583
2.283781
2.283854
2.283760
2.283689
2.283795
2.283841
2.283708
2.283688
2.283738
2.283871
2.283747
2.283999
2.283930
2.283869
2.283869
2.283823
2.283686
2.283755
2.283726
2.283692
2.283760
2.283629
2.283875
2.283826
2.283638
2.283975
2.283964
2.283864
2.283890
2.283804
2.283995
2.284070
2.283905
2.283867
2.283915
2.283919
2.284033
2.283944
2.283691
2.283797
2.284062
2.283971
2.283751
2.283911
2.283593
2.283717
2.283689
2.283761
2.283800
2.283746
2.283859
2.283916
2.283709
2.283662
2.283461
2.283531
2.283589
2.283800
2.283322
2.283587
2.283504
2.283656
2.283888
2.283638
2.283758
2.283695
2.283708
2.283821
2.283741
2.283820
2.283936
2.284057
2.284003
2.283891
2.283817
2.283995
2.284013
2.284049
2.283669
2.283863
2.283973
2.283622
2.283782
2.283775
2.283961
2.283874
2.283921
2.283965
2.284099
2.283995
2.283949
2.283947
2.283656
2.283736
2.283792
2.283798
2.283928
2.283849
2.283840
2.284068
2.284041
2.284043
2.283924
2.283833
2.284015
2.283858
2.284039
2.284024
2.283993
2.283959
2.284178
2.284146
2.284246
2.284049
2.284124
2.283891
2.284069
2.284168
2.284125
2.284011
2.283710
2.284023
2.283977
2.283931
2.283828
2.283946
2.283616
2.283754
2.283549
2.283662
2.283643
2.283779
2.283990
2.283707
2.283806
2.283689
2.283368
2.283701
2.283702
2.283856
2.283933
2.283761
2.283898
2.283612
2.283819
2.283770
2.283751
2.283747
2.283649
2.283526
2.283596
2.283488
2.283680
2.283710
2.283615
2.283394
2.283783
2.283766
2.283974
2.283840
2.284091
2.283919
2.283913
2.283972
2.283984
2.283969
2.283868
2.283893
2.284108
2.283716
2.284107
2.284063
2.283905
2.284064
2.283780
2.284100
2.284223
2.284204
2.283866
2.283972
2.284098
2.283859
2.283938
2.283896
2.283956
2.283983
2.283959
2.284018
2.283992
2.283946
2.283990
2.283800
2.284035
2.283890
2.284001
2.283934
2.283865
2.283862
2.283855
2.283783
2.284067
2.284036
2.283940
2.284113
2.283798
2.283935
2.283961
2.283854
2.283806
2.283911
2.283770
2.283771
2.283806
2.283798
2.283746
2.283776
2.283945
2.283939
2.283958
2.283772
2.283663
2.283903
2.283762
2.283727
2.283723
2.283903
2.283669
2.283813
2.283739
2.283896
2.283661
2.283803
2.283975
2.283716
2.283913
2.283764
2.283965
2.284102
2.283834
2.283748
2.283628
2.283701
2.283683
2.283719
2.283819
2.283793
2.283998
2.283738
2.283708
2.283676
2.283859
2.283707
2.283974
2.283735
2.283949
2.283801
2.283630
2.283754
2.283865
2.284100
2.283879
2.283936
2.284016
2.283678
2.283986
2.283853
2.283850
2.283782
2.283707
2.283841
2.284029
2.283864
2.283789
2.283763
2.283714
2.283545
2.283390
2.283506
2.283508
2.283596
2.283623
2.283692
2.283741
2.283579
2.283696
2.283576
2.283684
2.283668
2.284030
2.283784
2.283751
2.283632
2.283866
2.283690
2.283739
2.283728
2.283757
2.283810
2.283607
2.283795
2.283856
2.283713
2.283818
2.283762
2.283826
2.283814
2.284114
2.283910
2.284051
2.284003
2.284033
2.284010
2.283911
2.283768
2.283887
2.283872
2.283821
2.283863
2.283816
2.283789
2.283949
2.283511
2.283714
2.283916
2.283863
2.283854
2.283879
2.284070
2.283891
2.283943
2.284040
2.283972
2.283971
2.283999
2.283913
2.283624
2.283915
2.283879
2.284008
2.283732
2.283769
2.283835
2.284006
2.284030
2.283860
2.284090
2.284037
2.283900
2.284123
2.283905
2.284312
2.284203
2.283885
2.283828
2.283879
2.283872
2.283646
2.283851
2.283796
2.283927
2.283984
2.283691
2.283527
2.283928
2.283785
2.283514
2.283678
2.283857
2.283614
2.283581
2.283601
2.283444
2.283472
2.283314
2.283714
2.283685
2.283674
2.283806
2.283555
2.283460
2.283589
2.283600
2.283692
2.283887
2.283857
2.283590
2.283821
2.284008
2.283997
2.283706
2.283767
2.283729
2.283547
2.283784
2.283915
2.283696
2.283757
2.283760
2.283617
2.283548
2.283670
2.283785
2.283995
2.283755
2.283828
2.283851
2.283897
2.283863
2.283816
2.283753
2.283730
2.283992
2.284328
2.283869
2.283443
2.283702
2.283865
2.283739
2.283725
2.283936
2.283745
2.283656
2.283553
2.283561
2.283544
2.283649
2.283754
2.283688
2.283764
2.283893
2.283652
2.283672
2.283746
2.283834
2.283617
2.283682
2.283699
2.283771
2.283431
2.283670
2.283556
2.283815
2.283751
2.283702
2.283807
2.283709
2.283755
2.283621
2.283510
2.283401
2.283623
2.283856
2.283950
2.283826
2.283826
2.283594
2.283630
2.283751
2.283892
2.284047
2.284219
2.283991
2.284047
2.283956
2.283983
2.283787
2.283950
2.283846
2.284003
2.283897
2.283989
2.284013
2.283813
2.283843
2.283638
2.283802
2.283814
2.283773
2.283760
2.283997
2.283868
2.284158
2.283751
2.283671
2.283977
2.283860
2.283613
2.283841
2.284004
2.283831
2.283806
2.283748
2.283623
2.283762
2.283598
2.283804
2.283463
2.283707
2.284012
2.283719
2.283839
2.283981
2.283817
2.284078
2.283939
2.283825
2.283667
2.283826
2.283701
2.284004
2.283792
2.283883
2.283882
2.283648
2.283868
2.283643
2.283757
2.284026
2.283788
2.284026
2.284046
2.283655
2.283886
2.283798
2.283789
2.283618
2.283866
2.283679
2.283971
2.283856
2.283645
2.283976
2.283953
2.284146
2.284033
2.284093
2.284026
2.284070
2.284088
2.283853
2.283758
2.283587
2.283592
2.283841
2.283879
2.283833
2.283901
2.284289
2.284013
2.283963
2.283953
2.283756
2.283815
2.283893
2.283704
2.283617
2.284051
2.284093
2.284016
2.283796
2.284043
2.284111
2.283947
2.283813
2.284242
2.284149
2.284095
2.283980
2.283825
2.284040
2.283989
2.283972
2.283877
2.284129
2.284070
2.284003
2.283842
2.284229
2.284092
2.284030
2.284024
2.284399
2.284303
2.284386
2.284192
2.284230
2.284145
2.284208
2.284506
2.284436
2.284629
2.284383
2.284192
2.284121
2.284183
2.284403
2.284185
2.284493
2.284452
2.284307
2.284283
2.283975
2.284093
2.284206
2.284454
2.284445
2.284312
2.284301
2.284203
2.284495
2.284540
2.284536
2.284397
2.284628
2.284522
2.284675
2.284628
2.284461
2.284349
2.284530
2.284523
2.284601
2.284694
2.284647
2.284480
2.284525
2.284311
2.284534
2.284496
2.284670
2.284420
2.284512
2.284376
2.284311
2.284532
2.284827
2.284802
2.284837
2.284747
2.284584
2.284560
2.284682
2.284728
2.284774
2.284828
2.284851
2.285084
2.284783
2.284909
2.285118
2.285047
2.285133
2.285145
2.285079
2.285147
2.284865
2.284945
2.284911
2.285200
2.285030
2.285230
2.285047
2.285044
2.285137
2.284850
2.285066
2.285208
2.285103
2.285153
2.285144
2.285289
2.285168
2.285197
2.284779
2.285012
2.285340
2.285298
2.285309
2.285277
2.285180
2.285152
2.285249
2.285510
2.285592
2.285430
2.285422
2.285542
2.285588
2.285487
2.285275
2.285349
2.285339
2.285482
2.285215
2.285457
2.285509
2.285548
2.285528
2.285485
2.285352
2.285462
2.285488
2.285414
2.285494
2.285564
2.285537
2.285328
2.285331
2.285511
2.285450
2.285421
2.285472
2.285424
2.285520
2.285623
2.285268
2.285323
2.285557
2.285488
2.285389
2.285525
2.285264
2.285243
2.285185
2.285369
2.285344
2.285520
2.285384
2.285405
2.285295
2.285553
2.285582
2.285518
2.285335
2.285416
2.285430
2.285552
2.285429
2.285279
2.285445
2.285559
2.285380
2.285428
2.285528
2.285697
2.285302
2.285609
2.285339
2.285368
2.285456
2.285550
2.285625
2.285603
2.285782
2.285465
2.285536
2.285491
2.285728
2.285789
2.285636
2.285664
2.285414
2.285481
2.285661
2.285453
2.285445
2.285386
2.285387
2.285438
2.285363
2.285561
2.285444
2.285556
2.285399
2.285612
2.285630
2.285568
2.285383
2.285419
2.285327
2.285575
2.285526
2.285500
2.285516
2.285623
2.285521
2.285581
2.285681
2.285647
2.285286
2.285578
2.285519
2.285535
2.285454
2.285520
2.285433
2.285440
2.285259
2.285551
2.285321
2.285330
2.285275
2.285442
2.285447
2.285451
2.285718
2.285254
2.285447
2.285696
2.285751
2.285768
2.285622
2.285553
2.285778
2.285618
2.285733
2.285474
2.285479
2.285497
2.285572
2.285553
2.285626
2.285507
2.285477
2.285305
2.285373
2.285522
2.285217
2.285263
2.285305
2.285572
2.285407
2.285395
2.285398
2.285570
2.285686
2.285639
2.285749
2.285928
2.285334
2.285593
2.285476
2.285568
2.285655
2.285908
2.285824
2.285740
2.285582
2.285555
2.285606
2.285631
2.285552
2.285525
2.285708
2.285771
2.285697
2.285592
2.285711
2.285498
2.285571
2.285676
2.285729
2.285684
2.285683
2.285802
2.285604
2.285476
2.285811
2.285831
2.285611
2.285679
2.285655
2.285466
2.285784
2.285698
2.285480
2.285710
2.285720
2.285574
2.285320
2.285492
2.285512
2.285782
2.285806
2.285600
2.285645
2.285388
2.285457
2.285471
2.285283
2.285661
2.285647
2.285545
2.285512
2.285416
2.285399
2.285423
2.285635
2.285634
2.285624
2.285497
2.285586
2.285597
2.285433
2.285213
2.285280
2.285454
2.285466
2.285690
2.285514
2.285761
2.285653
2.285570
2.285491
2.285394
2.285708
2.285753
2.285529
2.285696
2.285692
2.285613
2.285652
2.285496
2.285614
2.285790
2.285742
2.285776
2.285573
2.285966
2.285667
2.285922
2.285791
2.285645
2.285755
2.285845
2.285622
2.285698
2.285888
2.285650
2.285548
2.285588
2.285866
2.285696
2.285671
2.285681
2.285757
2.285709
2.285558
2.285783
2.285894
2.285796
2.285628
2.285635
2.285723
2.285830
2.285568
2.285789
2.285659
2.285617
2.285478
2.285639
2.285607
2.285784
2.285678
2.285795
2.285583
2.285575
2.285476
2.285594
2.285650
2.285587
2.285840
2.285618
2.285476
2.285380
2.285583
2.285674
2.285354
2.285388
2.285652
2.285615
2.285633
2.285614
2.285664
2.285846
2.285816
2.285631
2.285721
2.285744
2.285457
2.285439
2.285530
2.285536
2.285421
2.285482
2.285494
2.285315
2.285606
2.285368
2.285619
2.285661
2.285643
2.285514
2.285622
2.285638
2.285207
2.285424
2.285367
2.285409
2.285488
2.285530
2.285424
2.285360
2.285346
2.285558
2.285378
2.285425
2.285365
2.285277
2.285188
2.285396
2.285378
2.285477
2.285460
2.285589
2.285639
2.285233
2.285287
2.285587
2.285545
2.285439
2.285483
2.285370
2.285491
2.285436
2.285411
2.285244
2.285329
2.285613
2.285545
2.285327
2.285197
2.285296
2.285336
2.285205
2.285286
2.285318
2.285566
2.285388
2.285616
2.285435
2.285294
2.285523
2.285427
2.285401
2.285316
2.285510
2.285637
2.285454
2.285613
2.285612
2.285585
2.285600
2.285752
2.285603
2.285691
2.285438
2.285534
2.285608
2.285700
2.285436
2.285480
2.285482
2.285165
2.285161
2.285507
2.285394
2.285615
2.285298
2.285337
2.285413
2.285390
2.285510
2.285655
2.285541
2.285557
2.285751
2.285560
2.285846
2.285668
2.285672
2.285567
2.285842
2.285648
2.285603
2.285481
2.285309
2.285350
2.285380
2.285478
2.285187
2.285354
2.285368
2.285352
2.285241
2.285325
2.285441
2.285464
2.285326
2.285329
2.285392
2.285434
2.285333
2.285678
2.285417
2.285491
2.285441
2.285595
2.285173
2.285315
2.285587
2.285419
2.285428
2.285573
2.285442
2.285479
2.285432
2.285413
2.285455
2.285665
2.285411
2.285417
2.285352
2.285510
2.285543
2.285354
2.285588
2.285536
2.285505
2.285360
2.285638
2.285392
2.285568
2.285608
2.285488
2.285423
2.285286
2.285610
2.285572
2.285579
2.285683
2.285572
2.285510
2.285745
2.285448
2.285573
2.285597
2.285385
2.285938
2.285720
2.285774
2.285697
2.285593
2.285941
2.285630
2.285611
2.285897
2.285554
2.285687
2.285619
2.285636
2.285674
2.285671
2.285584
2.285524
2.285581
2.285718
2.285649
2.285815
2.285353
2.285661
2.285594
2.285496
2.285562
2.285594
2.285503
2.285326
2.285484
2.285553
2.285662
2.285574
2.285547
2.285319
2.285454
2.285318
2.285508
2.285377
2.285447
2.285182
2.285546
2.285606
2.285454
2.285259
2.285406
2.285345
2.285224
2.285061
2.285444
2.285526
2.285635
2.285961
2.285589
2.285685
2.285466
2.285440
2.285626
2.285619
2.285680
2.285609
2.285526
2.285566
2.285456
2.285732
2.285838
2.285722
2.285669
2.285597
2.285595
2.285526
2.285545
2.285776
2.285689
2.285411
2.285606
2.285832
2.285642
2.285555
2.285541
2.285935
2.285567
2.285812
2.285473
2.285697
2.285553
2.285651
2.285522
2.285591
2.285780
2.285821
2.285594
2.285446
2.285674
2.285699
2.285659
2.285564
2.285333
2.285467
2.285450
2.285764
2.285353
2.285593
2.285687
2.285590
2.285576
2.285494
2.285737
2.285528
2.285874
2.285795
2.285812
2.285797
2.285376
2.285566
2.285519
2.285640
2.285248
2.285489
2.285643
2.285595
2.285655
2.285801
2.285637
2.285814
2.285795
2.285921
2.285715
2.285700
2.285722
2.285602
2.285658
2.285467
2.285705
2.285851
2.285759
2.285491
2.285594
2.285544
2.285672
2.285803
2.285522
2.285556
2.285534
2.285655
2.285624
2.285619
2.285575
2.285331
2.285641
2.285487
2.285444
2.285669
2.285693
2.285808
2.285784
2.285564
2.285798
2.285706
2.285388
2.285441
2.285511
2.285655
2.285691
2.285653
2.285663
2.285596
2.285532
2.285601
2.285748
2.285669
2.285578
2.285782
2.285689
2.285467
2.285604
2.285633
2.285480
2.285401
2.285390
2.285567
2.285448
2.285551
2.285411
2.285534
2.285517
2.285335
2.285442
2.285340
2.285336
2.285268
2.285195
2.285298
2.285345
2.285321
2.285412
2.285428
2.285184
2.285027
2.285395
2.285175
2.285411
2.285471
2.285520
2.285503
2.285399
2.285290
2.285591
2.285669
2.285458
2.285171
2.285487
2.285519
2.285256
2.285386
2.285255
2.285271
2.285535
2.285385
2.285406
2.285404
2.285573
2.285368
2.285168
2.285489
2.285519
2.285320
2.285371
2.285536
2.285371
2.285423
2.285401
2.285423
2.285410
2.285520
2.285476
2.285305
2.285101
2.285349
2.285340
2.285466
2.285551
2.285509
2.285627
2.285455
2.285443
2.285455
2.285728
2.285663
2.285386
2.285621
2.285531
2.285519
2.285567
2.285776
2.285807
2.285748
2.285761
2.285582
2.285713
2.285839
2.285908
2.285623
2.285659
2.285371
2.285372
2.285315
2.285512
2.285384
2.285395
2.285513
2.285437
2.285520
2.285370
2.285372
2.285433
2.285591
2.285338
2.285365
2.285379
2.285471
2.285378
2.285574
2.285597
2.285116
2.285516
2.285469
2.285396
2.285527
2.285485
2.285551
2.285613
2.285571
2.285494
2.285420
2.285436
2.285513
2.285529
2.285557
2.285699
2.285247
2.285384
2.285595
2.285659
2.285419
2.285687
2.285741
2.285594
2.285695
2.285401
2.285494
2.285647
2.285634
2.285511
2.285620
2.285267
2.285255
2.285291
2.285440
2.285503
2.285415
2.285557
2.285283
2.285470
2.285506
2.285597
2.285357
2.285408
2.285349
2.285516
2.285433
2.285526
2.285267
2.285463
2.285258
2.285381
2.285353
2.285270
2.285506
2.285551
2.285171
2.285283
2.285264
2.285332
2.285267
2.285213
2.285317
2.285472
2.285497
2.285417
2.285192
2.285477
2.285292
2.285333
2.285616
2.285417
2.285044
2.285288
2.284965
2.285021
2.285058
2.285300
2.285349
2.285274
2.285126
2.285295
2.285291
2.284929
2.285025
2.285178
2.285089
2.285310
2.285385
2.285287
2.285114
2.285030
2.285179
2.285093
2.285135
2.285202
2.285104
2.285086
2.285023
2.285234
2.285287
2.285261
2.285441
2.285199
2.285004
2.285100
2.285188
2.285088
2.285176
2.285267
2.285201
2.285219
2.285157
2.284995
2.285193
2.285060
2.285239
2.285206
2.285435
2.285235
2.285199
2.285300
2.285144
2.285157
2.285016
2.285442
2.285300
2.285146
2.285100
2.285033
2.285148
2.284981
2.284945
2.285067
2.285084
2.284950
2.284817
2.284952
2.284995
2.285101
2.285079
2.285278
2.285422
2.285148
2.285272
2.285195
2.285548
2.285410
2.285296
2.285239
2.285140
2.285239
2.285486
2.285340
2.285436
2.285309
2.285463
2.285409
2.285394
2.285191
2.285396
2.285478
2.285400
2.285215
2.285452
2.285476
2.285461
2.285299
2.285170
2.285258
2.285222
2.285080
2.285240
2.285106
2.285229
2.285032
2.285220
2.285241
2.285183
2.285265
2.285351
2.285382
2.285119
2.285146
2.285020
2.285097
2.285143
2.285141
2.285148
2.285183
2.285177
2.285236
2.285326
2.285251
2.285150
2.285121
2.285272
2.285195
2.285413
2.285520
2.285327
2.285102
2.285355
2.285008
2.285345
2.285170
2.284977
2.285123
2.285029
2.285198
2.285237
2.285025
2.285201
2.285004
2.285236
2.285144
2.285267
2.285451
2.285425
2.285418
2.285615
2.285734
2.285481
2.285522
2.285197
2.285166
2.285060
2.285380
2.285360
2.285110
2.285128
2.285125
2.285164
2.285224
2.285143
2.285112
2.284940
2.285292
2.285349
2.285269
2.285134
2.285230
2.285213
2.285205
2.285257
2.285207
2.285262
2.285190
2.285065
2.285195
2.285301
2.285364
2.285573
2.285466
2.285480
2.285344
2.285223
2.285146
2.285127
2.285267
2.285332
2.285399
2.285313
2.285228
2.285352
2.285429
2.285080
2.285072
2.285113
2.285292
2.285122
2.285219
2.285111
2.285459
2.285252
2.285021
2.285289
2.285122
2.285204
2.285221
2.285272
2.285206
2.285203
2.285360
2.285290
2.285317
2.285352
2.285262
2.285175
2.285402
2.285353
2.285112
2.285273
2.285162
2.285536
2.285589
2.285464
2.285130
2.285509
2.285361
2.285324
2.285249
2.285193
2.285265
2.285497
2.285560
2.285284
2.285349
2.285366
2.285266
2.285206
2.285274
2.285496
2.285425
2.285286
2.285420
2.285328
2.285501
2.285541
2.285522
2.285348
2.285259
2.285438
2.285075
2.285220
2.285107
2.285128
2.285156
2.285314
2.285175
2.285156
2.285343
2.285287
2.285207
2.285361
2.285111
2.285146
2.285008
2.285128
2.285210
2.285145
2.285046
2.285072
2.285208
2.285056
2.284892
2.285293
2.285265
2.285477
2.285100
2.285147
2.285054
2.285054
2.285047
2.285273
2.285084
2.285114
2.285179
2.285103
2.285145
2.285396
2.284932
2.285182
2.285396
2.285068
2.285305
2.285428
2.285390
2.285318
2.285284
2.285404
2.285652
2.285461
2.285422
2.285354
2.285198
2.285205
2.285305
2.285333
2.285193
2.285146
2.285095
2.285182
2.285239
2.285093
2.285292
2.285130
2.285082
2.285247
2.284985
2.285070
2.285179
2.285323
2.285243
2.285279
2.285188
2.285240
2.285072
2.285115
2.285181
2.285147
2.284806
2.285233
2.285240
2.285151
2.285000
2.285244
2.285146
2.284877
2.285048
2.285216
2.285227
2.285068
2.284855
2.285122
2.285036
2.285078
2.285045
2.285224
2.285420
2.285171
2.284963
2.285181
2.285371
2.285354
2.285298
2.284991
2.285311
2.285184
2.285268
2.285349
2.285120
2.285063
2.285104
2.285312
2.285298
2.285178
2.285082
2.285273
2.284961
2.285032
2.285354
2.285491
2.285509
2.285298
2.285405
2.285492
2.285290
2.285148
2.285120
2.285183
2.285281
2.285328
2.285390
2.285269
2.285245
2.285237
2.285331
2.285234
2.285576
2.285622
2.285417
2.285288
2.285326
2.285578
2.285440
2.285510
2.285431
2.285360
2.285426
2.285706
2.285533
2.285471
2.285591
2.285412
2.285468
2.285040
2.285036
2.285246
2.285237
2.285248
2.285432
2.285050
2.285050
2.285035
2.285237
2.284874
2.285347
2.285342
2.285156
2.285093
2.285336
2.285193
2.285314
2.285199
2.285270
2.285421
2.285166
2.284992
2.285124
2.285138
2.285123
2.285138
2.285029
2.284982
2.284729
2.284669
2.284764
2.284721
2.284788
2.284682
2.284792
2.284617
2.284509
2.284893
2.284812
2.284986
2.284805
2.284895
2.285030
2.284971
2.284986
2.284792
2.284660
2.284561
2.284695
2.284504
2.284722
2.284718
2.284670
2.284969
2.284688
2.284583
2.284809
2.284972
2.285163
2.284900
2.285031
2.284958
2.284950
2.284865
2.284889
2.284906
2.285098
2.284899
2.284817
2.284899
2.284878
2.284808
2.284809
2.284908
2.285056
2.284849
2.284614
2.284872
2.284811
2.284694
2.284861
2.284644
2.284765
2.284513
2.284431
2.284811
2.284827
2.284908
2.284753
2.284935
2.284713
2.284660
2.284738
2.284573
2.284514
2.285060
2.284874
2.285016
2.284940
2.284966
2.284958
2.284862
2.284867
2.284647
2.284923
2.284759
2.284783
2.284788
2.284963
2.284984
2.285089
2.285059
2.284995
2.284920
2.285123
2.285211
2.285431
2.285683
2.285382
2.285292
2.285369
2.285309
2.285234
2.285199
2.285307
2.285321
2.285308
2.285213
2.285193
2.285299
2.285147
2.285424
2.285381
2.285342
2.285171
2.285213
2.285150
2.285036
2.285118
2.285125
2.285028
2.285492
2.285301
2.285507
2.285427
2.285325
2.285401
2.285213
2.285244
2.285325
2.285329
2.285366
2.285309
2.285379
2.285526
2.285209
2.285333
2.285265
2.285219
2.285022
2.285171
2.285107
2.285120
2.285253
2.285191
2.285360
2.285224
2.285415
2.285330
2.285182
2.285395
2.285363
2.285110
2.285250
2.285363
2.285292
2.284982
2.285115
2.285190
2.285421
2.285222
2.285277
2.285392
2.285277
2.285205
2.284968
2.285036
2.285240
2.285339
2.285303
2.285253
2.285396
2.285339
2.285506
2.285436
2.285385
2.285181
2.285115
2.285237
2.285181
2.285060
2.285014
2.285360
2.285131
2.285237
2.285257
2.285126
2.285352
2.284968
2.285184
2.285019
2.285040
2.285148
2.285193
2.285149
2.285119
2.285079
2.285036
2.285383
2.285036
2.285318
2.285118
2.285360
2.285124
2.285031
2.284946
2.284955
2.285022
2.285127
2.285150
2.285169
2.285099
2.285065
2.284976
2.284892
2.285219
2.285269
2.284916
2.285130
2.285017
2.284964
2.284778
2.284982
2.285221
2.285336
2.285133
2.285163
2.284983
2.284880
2.284927
2.284947
2.284765
2.284896
2.284968
2.284701
2.284873
2.284884
2.284960
2.284907
2.284946
2.285002
2.284901
2.285132
2.285139
2.285134
2.285106
2.285050
2.285030
2.284865
2.285024
2.285184
2.284993
2.284906
2.285205
2.284854
2.284957
2.284942
2.285168
2.285020
2.285061
2.285227
2.285173
2.285110
2.285188
2.285101
2.285175
2.284963
2.285004
2.284890
2.284844
2.285066
2.284984
2.285130
2.285042
2.285057
2.285197
2.285339
2.285203
2.285064
2.284976
2.284953
2.284971
2.285189
2.285109
2.285107
2.285074
2.284929
2.284887
2.285262
2.284991
2.285130
2.285251
2.285218
2.285467
2.285259
2.285250
2.285042
2.285109
2.285135
2.285178
2.285002
2.284915
2.285129
2.285275
2.285100
2.284940
2.284892
2.285083
2.284869
2.285062
2.284964
2.285130
2.285246
2.285155
2.285186
2.285057
2.285116
2.285287
2.285247
2.285334
2.285344
2.285258
2.285359
2.285438
2.285386
2.285128
2.285213
2.285198
2.285092
2.285169
2.285097
2.285129
2.285247
2.285299
2.285329
2.285401
2.285121
2.285142
2.285266
2.285174
2.285214
2.285237
2.285227
2.285313
2.285335
2.285187
2.285440
2.285343
2.285101
2.285112
2.285172
2.285119
2.285214
2.285159
2.285044
2.285280
2.285135
2.285132
2.285204
2.285287
2.285177
2.285179
2.284805
2.284930
2.285151
2.284979
2.285078
2.285229
2.285075
2.285098
2.284990
2.285439
2.285183
2.285160
2.285287
2.285074
2.285253
2.285192
2.284873
2.285040
2.285003
2.284999
2.284958
2.285034
2.284905
2.285186
2.285004
2.284990
2.285005
2.285038
2.284939
2.284926
2.285268
2.284964
2.285346
2.285237
2.285203
2.285455
2.285234
2.284945
2.285151
2.285319
2.284919
2.284832
2.285033
2.285038
2.284945
2.285138
2.284877
2.285070
2.285299
2.284890
2.285066
2.285243
2.285120
2.285157
2.285091
2.284994
2.284813
2.285056
2.285321
2.285237
2.285088
2.285195
2.284866
2.285227
2.285288
2.285105
2.285131
2.285076
2.285201
2.285198
2.285168
2.284997
2.285229
2.284951
2.284815
2.284925
2.284797
2.284870
2.284862
2.284923
2.284911
2.284951
2.285122
2.284930
2.285028
2.284975
2.284777
2.285064
2.284938
2.284837
2.284799
2.284963
2.284889
2.285019
2.285041
2.285091
2.285036
2.284957
2.285051
2.285004
2.284907
2.284792
2.285157
2.284982
2.285058
2.285118
2.285104
2.284860
2.284926
2.285110
2.285063
2.285072
2.285157
2.285085
2.284859
2.284992
2.284881
2.284981
2.284903
2.285109
2.285053
2.284896
2.285044
2.285233
2.285194
2.285154
2.284976
2.285318
2.285243
2.285313
2.285146
2.285508
2.285331
2.285296
2.285326
2.285517
2.285271
2.285211
2.285492
2.285289
2.285299
2.285127
2.285055
2.285115
2.285281
2.285019
2.285079
2.285034
2.285300
2.285396
2.284943
2.285165
2.285202
2.285173
2.285290
2.285342
2.285209
2.284986
2.285109
2.285142
2.285088
2.284831
2.284900
2.284895
2.284975
2.285207
2.285283
2.284953
2.284997
2.285050
2.284937
2.284809
2.284865
2.284954
2.284984
2.284983
2.284862
2.284859
2.285202
2.285014
2.284721
2.284972
2.285070
2.285337
2.285085
2.285436
2.285267
2.285434
2.285104
2.285036
2.285253
2.284953
2.285061
2.284879
2.285033
2.284861
2.284932
2.285124
2.284887
2.284863
2.285062
2.284911
2.285088
2.285145
2.285100
2.285228
2.284998
2.285106
2.285262
2.285163
2.284995
2.285004
2.285101
2.285010
2.285085
2.285172
2.285106
2.284988
2.285078
2.284988
2.285066
2.285267
2.284874
2.285044
2.284873
2.284938
2.285048
2.284998
2.284909
2.284983
2.285087
2.285051
2.285158
2.285087
2.284889
2.284815
2.284633
2.284791
2.284939
2.285003
2.284881
2.284892
2.285085
2.285032
2.284967
2.284893
2.284819
2.284778
2.284818
2.284687
2.284868
2.285038
2.285134
2.285049
2.284703
2.284790
2.284887
2.285164
2.285265
2.285084
2.285119
2.285016
2.285112
2.285138
2.285040
2.284963
2.284945
2.285067
2.284935
2.285140
2.285056
2.285075
2.285148
2.285250
2.284944
2.285103
2.284859
2.285236
2.285100
2.285082
2.284890
2.284944
2.284978
2.285168
2.284681
2.285015
2.285088
2.284701
2.284994
2.284821
2.285074
2.284824
2.285119
2.284871
2.285116
2.284978
2.285154
2.284992
2.285300
2.284881
2.284896
2.285102
2.284951
2.284871
2.285175
2.285237
2.285335
2.285278
2.285101
2.285320
2.285136
2.285289
2.285315
2.285311
2.285027
2.285269
2.285241
2.285118
2.285239
2.285080
2.285215
2.285059
2.285006
2.285272
2.285187
2.285067
2.285274
2.285239
2.285151
2.284914
2.285302
2.285002
2.285075
2.285184
2.285302
2.285138
2.285200
2.285067
2.284887
2.285050
2.285059
2.285141
2.284954
2.284879
2.284864
2.285040
2.285102
2.284932
2.285126
2.285030
2.285181
2.285082
2.284955
2.284720
2.285101
2.284813
2.285043
2.285081
2.284896
2.284868
2.285126
2.285185
2.285101
2.285165
2.285215
2.284974
2.284978
2.285041
2.285217
2.285032
2.285105
2.285154
2.285102
2.284976
2.285053
2.285053
2.284945
2.285012
2.284896
2.284963
2.284952
2.285114
2.285030
2.285141
2.285265
2.285099
2.284926
2.284987
2.285010
2.284703
2.284616
2.284990
2.285314
2.284902
2.284753
2.284942
2.284826
2.285072
2.284921
2.285004
2.284995
2.285039
2.284734
2.284942
2.284914
2.285278
2.284924
2.285075
2.284905
2.285032
2.285165
2.285143
2.285475
2.285168
2.284971
2.284965
2.285078
2.285129
2.284895
2.285106
2.285116
2.285060
2.285199
2.285022
2.285108
2.285339
2.285349
2.284964
2.285269
2.284814
2.284880
2.284971
2.285215
2.285417
2.285361
2.285115
2.285148
2.285248
2.285300
2.285020
2.285181
2.285170
2.285002
2.284846
2.285244
2.285051
2.285016
2.284928
2.285092
2.285023
2.284982
2.284924
2.285141
2.284889
2.285032
2.285010
2.285205
2.284907
2.285110
2.284741
2.284800
2.284921
2.284967
2.284830
2.284952
2.285111
2.284967
2.284800
2.284896
2.284923
2.284989
2.284878
2.284919
2.284914
2.284923
2.284879
2.284969
2.285042
2.284912
2.284733
2.284778
2.284978
2.285297
2.285257
2.285271
2.285423
2.285379
2.285318
2.285258
2.285269
2.285102
2.285333
2.285210
2.285054
2.285358
2.285176
2.285090
2.285117
2.285348
2.285232
2.285212
2.285473
2.285156
2.285319
2.285237
2.285088
2.285385
2.285221
2.285243
2.285135
2.285142
2.284941
2.285132
2.285066
2.284960
2.285087
2.284885
2.285063
2.284942
2.285044
2.285176
2.285024
2.285052
2.285081
2.284960
2.285078
2.285248
2.285209
2.284935
2.285069
2.284959
2.284977
2.284788
2.284693
2.284900
2.284889
2.284915
2.284850
2.284968
2.284682
2.285030
2.285111
2.285144
2.284996
2.284824
2.284899
2.284768
2.285079
2.284846
2.284932
2.284782
2.285020
2.284853
2.284921
2.285091
2.284907
2.284859
2.285201
2.285248
2.285144
2.285275
2.285206
2.285242
2.285243
2.285246
2.285048
2.285198
2.285254
2.285060
2.285165
2.285038
2.285023
2.285038
2.284943
2.285188
2.285072
2.285209
2.285282
2.284974
2.285092
2.284945
2.285098
2.284976
2.285089
2.285132
2.285290
2.285235
2.285039
2.285048
2.285047
2.284955
2.285172
2.285060
2.285057
2.285123
2.285151
2.285173
2.285247
2.285057
2.284942
2.285094
2.284881
2.284936
2.285100
2.284659
2.284936
2.284716
2.284995
2.285166
2.285005
2.285174
2.285240
2.284892
2.284895
2.285158
2.285297
2.285002
2.285083
2.284966
2.285023
2.284855
2.285053
2.284836
2.284839
2.285019
2.284693
2.284966
2.285058
2.284783
2.284876
2.284902
2.284922
2.284911
2.285137
2.284971
2.284889
2.284759
2.285189
2.284883
2.285089
2.285028
2.285050
2.284881
2.284978
2.284892
2.285091
2.284921
2.284895
2.284976
2.284812
2.284986
2.285046
2.284876
2.284882
2.284877
2.285008
2.285188
2.284914
2.284896
2.284963
2.284672
2.285250
2.285193
2.284995
2.284984
2.285041
2.284951
2.285103
2.285295
2.284995
2.285139
2.285110
2.285035
2.285064
2.285103
2.285094
2.284973
2.284842
2.285091
2.285276
2.284927
2.285004
2.285042
2.285147
2.285082
2.285236
2.285047
2.285051
2.285038
2.285085
2.285068
2.285135
2.285252
2.285039
2.285083
2.285077
2.284920
2.284663
2.284892
2.284834
2.284948
2.284980
2.284796
2.284939
2.284823
2.285119
2.284860
2.285158
2.285066
2.285056
2.285042
2.284996
2.285084
2.284889
2.285086
2.284790
2.285063
2.285067
2.285169
2.284998
2.285289
2.285019
2.284819
2.285046
2.284821
2.284832
2.284850
2.284717
2.284743
2.284790
2.284764
2.284811
2.284988
2.284912
2.284787
2.284823
2.284874
2.284629
2.285025
2.285251
2.285125
2.285120
2.285064
2.284985
2.284932
2.285098
2.284898
2.284907
2.284961
2.285102
2.285093
2.285216
2.285184
2.285123
2.284887
2.284981
2.284996
2.284907
2.284873
2.285050
2.285050
2.284931
2.284878
2.285055
2.284907
2.284864
2.285030
2.284899
2.285073
2.285092
2.284863
2.284880
2.284870
2.284923
2.284843
2.284654
2.284682
2.284908
2.285037
2.285014
2.284921
2.285107
2.284935
2.285002
2.284819
2.284966
2.284982
2.284968
2.284835
2.284795
2.284806
2.284905
2.284796
2.284845
2.285045
2.284787
2.285128
2.285290
2.285184
2.285107
2.284915
2.285044
2.285044
2.285048
2.285330
2.285050
2.285149
2.285342
2.285153
2.285219
2.284991
2.285025
2.285348
2.285286
2.285237
2.285383
2.285008
2.285160
2.285019
2.284952
2.285165
2.285153
2.285176
2.285213
2.285339
2.285139
2.285123
2.285376
2.285208
2.285182
2.285247
2.285169
2.285166
2.285385
2.285386
2.285320
2.285216
2.285395
2.285247
2.285362
2.285018
2.285065
2.285107
2.284929
2.284935
2.285063
2.284998
2.284788
2.284745
2.284848
2.284784
2.284733
2.284703
2.284649
2.284574
2.284870
2.284636
2.284898
2.285027
2.285094
2.285292
2.285103
2.285108
2.284946
2.284997
2.284967
2.284856
2.285115
2.285089
2.285018
2.284796
2.284874
2.285023
2.284843
2.284997
2.284907
2.284961
2.284833
2.284869
2.284773
2.285036
2.285021
2.284987
2.285159
2.285106
2.284995
2.284903
2.284873
2.284898
2.285000
2.284871
2.284672
2.284838
2.284857
2.284839
2.284868
2.284559
2.284631
2.284717
2.284650
2.284805
2.284621
2.284595
2.284647
2.284430
2.284799
2.284928
2.284880
2.284942
2.284757
2.284654
2.284400
2.284725
2.284696
2.284377
2.284565
2.284597
2.284611
2.284686
2.284683
2.284815
2.284435
2.284645
2.284708
2.284731
2.284598
2.284361
2.284756
2.284703
2.284698
2.284765
2.284752
2.284746
2.284884
2.284927
2.284857
2.284944
2.284853
2.284718
2.284732
2.284905
2.284780
2.284768
2.284859
2.285130
2.284876
2.284698
2.284648
2.284958
2.284845
2.284895
2.284897
2.284777
2.284870
2.284951
2.284819
2.284877
2.284883
2.284759
2.284797
2.284838
2.284825
2.284993
2.285036
2.284849
2.285177
2.284954
2.284867
2.284842
2.284772
2.284783
2.284873
2.284945
2.285126
2.285137
2.285080
2.285363
2.285171
2.285328
2.285040
2.284964
2.285205
2.284963
2.285316
2.285145
2.285084
2.285163
2.285337
2.285033
2.285221
2.285092
2.285313
2.285243
2.285214
2.285104
2.284890
2.284842
2.284914
2.284983
2.285052
2.285131
2.284986
2.285190
2.285003
2.285036
2.285106
2.285129
2.285074
2.285370
2.285309
2.285336
2.285177
2.285414
2.285273
2.285029
2.285109
2.284789
2.285202
2.285313
2.285351
2.285177
2.285089
2.285174
2.285064
2.285108
2.285175
2.285119
2.285278
2.285042
2.285030
2.285237
2.285213
2.284945
2.285358
2.285124
2.285103
2.285276
2.285221
2.284967
2.285273
2.285214
2.285127
2.285134
2.284936
2.285057
2.285145
2.285103
2.285132
2.285393
2.284953
2.284940
2.285123
2.285249
2.285112
2.285040
2.285012
2.285125
2.285342
2.285269
2.285209
2.285085
2.285072
2.284853
2.285005
2.285129
2.285020
2.285333
2.285324
2.285166
2.284969
2.285122
2.285073
2.285023
2.285087
2.284954
2.285113
2.285235
2.285095
2.285045
2.284923
2.285095
2.285033
2.285233
2.285265
2.285346
2.285413
2.285297
2.285254
2.285414
2.285230
2.285352
2.285333
2.285113
2.285269
2.285049
2.285250
2.285173
2.285113
2.285343
2.285252
2.285352
2.285310
2.285283
2.285597
2.285163
2.285381
2.285190
2.285262
2.285249
2.285215
2.285218
2.285258
2.285196
2.285252
2.285402
2.285212
2.285414
2.285467
2.285283
2.285263
2.285424
2.285137
2.285257
2.284909
2.284982
2.285140
2.285052
2.285057
2.285342
2.285308
2.285129
2.285128
2.285265
2.285551
2.285243
2.285197
2.285183
2.285214
2.285139
2.284884
2.284954
2.284939
2.285024
2.285119
2.285118
2.285114
2.284965
2.285167
2.285052
2.285132
2.285022
2.285238
2.285140
2.285399
2.285046
2.284878
2.285303
2.285317
2.285241
2.285315
2.285308
2.285460
2.285635
2.285305
2.284986
2.285036
2.284932
2.285022
2.285143
2.285113
2.285135
2.285446
2.285046
2.285044
2.285162
2.284895
2.285292
2.285104
2.285162
2.285165
2.285172
2.285124
2.285328
2.285404
2.285100
2.285014
2.285237
2.285342
2.285420
2.285272
2.285336
2.285113
2.284943
2.284782
2.285159
2.285042
2.284979
2.285104
2.285094
2.285236
2.285097
2.285197
2.285124
2.285092
2.285246
2.285060
2.285157
2.285163
2.285103
2.285171
2.285323
2.285215
2.285158
2.285182
2.284929
2.285129
2.285263
2.285353
2.285113
2.285159
2.285255
2.285283
2.285166
2.285249
2.285259
2.285357
2.285289
2.285166
2.285368
2.285135
2.285136
2.285258
2.285246
2.285168
2.285212
2.285346
2.285323
2.285063
2.285048
2.284985
2.285069
2.284890
2.285180
2.285201
2.285075
2.285234
2.285241
2.285200
2.285173
2.285247
2.285123
2.285137
2.285218
2.285075
2.285227
2.285199
2.285367
2.285228
2.285451
2.285008
2.285198
2.285386
2.285451
2.285436
2.285280
2.285165
2.285302
2.285317
2.285509
2.285327
2.285280
2.285302
2.285277
2.285077
2.285002
2.285105
2.284956
2.284836
2.284989
2.285095
2.285104
2.285032
2.285109
2.285054
2.285197
2.285175
2.285059
2.285072
2.284828
2.284978
2.284856
2.284775
2.284797
2.284782
2.284777
2.284936
2.284760
2.284892
2.284901
2.284897
2.284961
2.285157
2.285093
2.284971
2.285060
2.285305
2.285015
2.285125
2.284958
2.284933
2.284973
2.285038
2.285197
2.285075
2.285104
2.284846
2.285097
2.285097
2.285104
2.284799
2.284964
2.284894
2.285056
2.284811
2.284819
2.284813
2.285092
2.284840
2.284940
2.284959
2.284867
2.284964
2.285118
2.285141
2.285166
2.284922
2.284930
2.285239
2.285215
2.285140
2.285064
2.284924
2.285116
2.285113
2.285128
2.285397
2.285258
2.285302
2.285237
2.285361
2.285241
2.285247
2.285180
2.285149
2.285246
2.285206
2.285306
2.285044
2.285354
2.285242
2.285023
2.285051
2.285175
2.285164
2.285126
2.284998
2.285208
2.285213
2.285064
2.285099
2.285007
2.284997
2.284903
2.284963
2.284942
2.284975
2.284964
2.285200
2.285055
2.284985
2.284978
2.284978
2.284675
2.285276
2.285392
2.285271
2.285337
2.285104
2.284932
2.285091
2.284973
2.285016
2.285023
2.284815
2.284863
2.284746
2.284958
2.284995
2.285115
2.285246
2.285018
2.284980
2.285156
2.285075
2.284856
2.284872
2.284987
2.285185
2.285285
2.285074
2.285144
2.285054
2.285001
2.285107
2.285098
2.285085
2.285214
2.285080
2.284762
2.285082
2.284995
2.285277
2.285037
2.285189
2.285306
2.285271
2.285287
2.285018
2.285055
2.284939
2.285112
2.285164
2.285104
2.285211
2.284893
2.285110
2.285153
2.285295
2.285113
2.285085
2.285198
2.285181
2.285118
2.285354
2.285120
2.285294
2.285136
2.285218
2.285247
2.285200
2.284994
2.285009
2.284878
2.285146
2.285267
2.285303
2.285139
2.285091
2.285361
2.285408
2.285309
2.285376
2.285278
2.285228
2.285341
2.285151
2.285311
2.285209
2.285170
2.285213
2.284954
2.285178
2.285112
2.285414
2.285333
2.285199
2.285305
2.285182
2.285217
2.285388
2.285333
2.285404
2.285534
2.285317
2.285278
2.285116
2.285255
2.285337
2.285382
2.285251
2.285353
2.285139
2.285276
2.285464
2.285145
2.285065
2.285259
2.285252
2.285541
2.285512
2.285145
2.285134
2.285356
2.285179
2.285228
2.285173
2.285215
2.284994
2.285141
2.285311
2.285293
2.285075
2.285340
2.285168
2.285106
2.285013
2.285101
2.285051
2.285150
2.285168
2.285092
2.285160
2.284871
2.285244
2.284939
2.285242
2.285325
2.285227
2.285240
2.285159
2.285121
2.285154
2.285284
2.285607
2.285383
2.285362
2.285462
2.285143
2.285107
2.285199
2.285318
2.285117
2.285290
2.285163
2.285177
2.285219
2.285081
2.285210
2.285235
2.285012
2.285013
2.285072
2.285205
2.285148
2.285206
2.285212
2.285162
2.285069
2.285214
2.285398
2.285076
2.285437
2.285281
2.285372
2.285269
2.285324
2.285535
2.285445
2.285154
2.285084
2.285231
2.285222
2.285026
2.284980
2.285103
2.285215
2.285014
2.285096
2.284966
2.284863
2.285196
2.285243
2.285310
2.285380
2.285196
2.285523
2.285439
2.285176
2.285221
2.285326
2.285144
2.285078
2.285216
2.284879
2.284913
2.285115
2.285061
2.284863
2.285020
2.285339
2.285273
2.285267
2.285034
2.285065
2.285113
2.285088
2.285003
2.285339
2.285447
2.285278
2.285205
2.285300
2.285385
2.285373
2.285258
2.285390
2.285261
2.285210
2.285346
2.285292
2.285448
2.285234
2.285272
2.285329
2.285361
2.285168
2.285275
2.285172
2.285263
2.285313
2.285185
2.285284
2.285336
2.285426
2.285351
2.285259
2.285199
2.285273
2.285380
2.285492
2.285414
2.285154
2.285060
2.285084
2.284956
2.285203
2.285196
2.285460
2.285247
2.285176
2.285072
2.285233
2.285016
2.285261
2.285254
2.285177
2.285145
2.285046
2.285011
2.285187
2.284909
2.285182
2.285426
2.285298
2.285156
2.285288
2.285152
2.285303
2.285284
2.285177
2.285110
2.285118
2.285045
2.285066
2.285289
2.285299
2.285269
2.285405
2.285157
2.285253
2.285323
2.285416
2.285333
2.285488
2.285416
2.285372
2.285553
2.285361
2.285236
2.285148
2.285359
2.285293
2.285308
2.285373
2.285182
2.285351
2.285270
2.285119
2.285225
2.285162
2.285190
2.284986
2.285302
2.285398
2.285310
2.285086
2.285244
2.285310
2.285370
2.285228
2.285118
2.285224
2.285137
2.285333
2.285269
2.285299
2.285196
2.285396
2.285128
2.285200
2.285194
2.285306
2.284927
2.285122
2.285234
2.285346
2.285154
2.285216
2.285156
2.285188
2.285216
2.285094
2.285046
2.284987
2.285020
2.285250
2.284970
2.285111
2.285201
2.285205
2.285458
2.285303
2.285187
2.285350
2.285278
2.285091
2.285138
2.284967
2.285108
2.285033
2.285246
2.285070
2.285303
2.285241
2.285197
2.285098
2.285115
2.285143
2.285382
2.285373
2.285510
2.285459
2.285355
2.285094
2.285342
2.285221
2.285164
2.285211
2.285045
2.284974
2.285060
2.284936
2.285080
2.285054
2.285152
2.285281
2.284922
2.285114
2.285122
2.285147
2.285059
2.285125
2.285125
2.285150
2.285092
2.285140
2.285144
2.285180
2.285078
2.285166
2.285112
2.285241
2.285228
2.285137
2.285050
2.285183
2.284917
2.284982
2.285183
2.285339
2.285339
2.285042
2.285487
2.285210
2.285089
2.285167
2.285175
2.285368
2.285321
2.285134
2.285216
2.285207
2.285045
2.285398
2.285236
2.285199
2.285303
2.285391
2.285265
2.285246
2.285227
2.285076
2.285412
2.285217
2.285467
2.285193
2.285196
2.285196
2.285252
2.285177
2.285311
2.285171
2.285231
2.285381
2.285388
2.285354
2.285286
2.285333
2.285265
2.285423
2.285483
2.285146
2.285287
2.285116
2.285245
2.285340
2.285407
2.285325
2.285334
2.285540
2.285565
2.285453
2.285137
2.285144
2.285237
2.285231
2.285219
2.285300
2.285219
2.285227
2.285218
2.285243
2.285336
2.285281
2.285163
2.285306
2.285319
2.285283
2.285183
2.285303
2.285008
2.285120
2.285092
2.284926
2.285352
2.285248
2.285299
2.285346
2.285331
2.285314
2.285489
2.285355
2.285212
2.285250
2.285390
2.285191
2.285308
2.285247
2.285084
2.285137
2.285377
2.285215
2.285430
2.285289
2.285272
2.285211
2.285221
2.285202
2.285234
2.285084
2.285470
2.285324
2.285257
2.285252
2.285261
2.285361
2.285308
2.285296
2.285371
2.285314
2.285349
2.285501
2.285434
2.285312
2.285117
2.285399
2.285461
2.285427
2.285453
2.285349
2.285228
2.285205
2.285358
2.285283
2.285232
2.285446
2.285303
2.285160
2.285255
2.285106
2.285225
2.285273
2.285411
2.285210
2.285186
2.285354
2.285210
2.285227
2.285268
2.285236
2.285235
2.285222
2.285207
2.285112
2.285420
2.285127
2.285224
2.285078
2.285113
2.285392
2.285340
2.285209
2.285503
2.285130
2.285330
2.285241
2.285158
2.285247
2.285283
2.285152
2.285198
2.285146
2.285058
2.285099
2.285174
2.285113
2.285129
2.285283
2.285388
2.285166
2.285186
2.285214
2.285556
2.285308
2.285202
2.285151
2.285101
2.285128
2.284907
2.285055
2.285076
2.284961
2.285381
2.285795
2.285179
2.285358
2.285326
2.285424
2.285337
2.285407
2.285146
2.285292
2.285312
2.285305
2.285388
2.285428
2.285268
2.285652
2.285226
2.285576
2.285311
2.285115
2.285191
2.285315
2.285317
2.285491
2.285725
2.285733
2.285645
2.285480
2.285501
2.285336
2.285560
2.285736
2.285796
2.285848
2.285662
2.285377
2.285378
2.285377
2.285296
2.285672
2.285587
2.285597
2.285136
2.285289
2.285495
2.285482
2.285476
2.285546
2.285264
2.285408
2.285343
2.285263
2.285164
2.285369
2.285231
2.285247
2.285303
2.284974
2.285066
2.285109
2.285334
2.285178
2.285281
2.285305
2.285354
2.285398
2.285203
2.284993
2.285149
2.285290
2.285285
2.285106
2.285040
2.285194
2.285234
2.285355
2.285314
2.285515
2.285522
2.285450
2.285390
2.285100
2.285044
2.285210
2.285132
2.285103
2.285250
2.285160
2.285109
2.285278
2.285171
2.285113
2.285287
2.285146
2.285408
2.285439
2.285201
2.285121
2.284966
2.285512
2.285586
2.285473
2.285319
2.285477
2.285532
2.285334
2.285513
2.285314
2.285588
2.285578
2.285538
2.285381
2.285653
2.285275
2.285265
2.285249
2.285342
2.285488
2.285393
2.285368
2.285379
2.285252
2.285060
2.285252
2.285222
2.285451
2.285361
2.285528
2.285575
2.285616
2.285719
2.285330
2.285469
2.285362
2.285510
2.285551
2.285444
2.285316
2.285220
2.285394
2.285311
2.285343
2.285426
2.285417
2.285536
2.285566
2.285390
2.285362
2.285339
2.285080
2.285315
2.285542
2.285554
2.285436
2.285733
2.285658
2.285374
2.285247
2.285349
2.285389
2.285480
2.285254
2.285261
2.285382
2.285384
2.285404
2.285476
2.285441
2.285432
2.285487
2.285277
2.285554
2.285488
2.285451
2.285486
2.285316
2.285407
2.285290
2.285545
2.285454
2.285361
2.285669
2.285233
2.285540
2.285460
2.285551
2.285588
2.285375
2.285599
2.285242
2.285370
2.285369
2.285400
2.285396
2.285396
2.285510
2.285444
2.285283
2.285228
2.285367
2.285300
2.285259
2.285380
2.285318
2.285182
2.285052
2.285178
2.285303
2.285151
2.285140
2.285090
2.285132
2.285138
2.285089
2.285035
2.285004
2.285225
2.285279
2.285032
2.285137
2.285303
2.285376
2.285331
2.285393
2.285339
2.285514
2.285372
2.285505
2.285529
2.285436
2.285473
2.285251
2.285494
2.285399
2.285333
2.285335
2.285289
2.285168
2.285267
2.285225
2.285127
2.285188
2.285324
2.285191
2.285182
2.285328
2.285327
2.285170
2.285290
2.285326
2.285427
2.285273
2.285578
2.285244
2.285593
2.285461
2.285467
2.285552
2.285431
2.285462
2.285240
2.285318
2.285326
2.285405
2.285259
2.285311
2.285624
2.285585
2.285438
2.285308
2.285473
2.285411
2.285535
2.285478
2.285520
2.285429
2.285523
2.285476
2.285486
2.285180
2.285227
2.285114
2.285157
2.285079
2.285225
2.285052
2.285061
2.284969
2.285191
2.285246
2.285152
2.285159
2.285106
2.285210
2.285076
2.285007
2.284991
2.285286
2.285159
2.285241
2.285319
2.285290
2.285278
2.285576
2.285488
2.285410
2.285113
2.285153
2.285574
2.285438
2.285376
2.285309
2.285408
2.285368
2.285293
2.285415
2.285353
2.285300
2.285426
2.285369
2.285404
2.285419
2.285441
2.285579
2.285569
2.285428
2.285278
2.285181
2.285224
2.285337
2.285484
2.285458
2.285192
2.285557
2.285551
2.285345
2.285146
2.285082
2.285237
2.285187
2.285274
2.285348
2.285421
2.285106
2.285339
2.285349
2.285240
2.285028
2.285232
2.285275
2.285410
2.285302
2.285375
2.285358
2.285524
2.285303
2.285572
2.285431
2.285540
2.285532
2.285343
2.285356
2.285393
2.285445
2.285663
2.285488
2.285391
2.285240
2.285395
2.285419
2.285369
2.285419
2.285284
2.285501
2.285582
2.285477
2.285559
2.285544
2.285590
2.285550
2.285442
2.285545
2.285410
2.285465
2.285379
2.285392
2.285401
2.285371
2.285520
2.285475
2.285227
2.285457
2.285478
2.285275
2.285380
2.285398
2.285495
2.285297
2.285483
2.285645
2.285767
2.285542
2.285622
2.285571
2.285432
2.285422
2.285438
2.285429
2.285515
2.285469
2.285379
2.285264
2.285625
2.285495
2.285272
2.285480
2.285344
2.285399
2.285298
2.285215
2.285268
2.284982
2.285265
2.285215
2.285328
2.285517
2.285271
2.285425
2.285466
2.285237
2.285514
2.285252
2.285280
2.285255
2.285245
2.285245
2.285240
2.285073
2.285385
2.285192
2.285039
2.285131
2.285189
2.285177
2.285256
2.285306
2.285220
2.285430
2.285457
2.285525
2.285587
2.285687
2.285674
2.285839
2.285582
2.285757
2.285488
2.285444
2.285265
2.285414
2.285218
2.285411
2.285436
2.285188
2.285239
2.285295
2.285466
2.285379
2.285396
2.285404
2.285365
2.285402
2.285261
2.285706
2.285690
2.285659
2.285520
2.285378
2.285408
2.285522
2.285591
2.285643
2.285632
2.285538
2.285339
2.285287
2.285503
2.285389
2.285125
2.285266
2.285553
2.285516
2.285685
2.285294
2.285453
2.285439
2.285532
2.285440
2.285343
2.285354
2.285210
2.285342
2.285363
2.285563
2.285414
2.285318
2.285420
2.285114
2.285256
2.285316
2.285170
2.285343
2.285339
2.285419
2.285188
2.285190
2.285246
2.285411
2.285434
2.285085
2.285078
2.285138
2.285215
2.285253
2.285022
2.285264
2.285207
2.285461
2.285540
2.285503
2.285488
2.285328
2.285007
2.285038
2.285202
2.285179
2.285351
2.285122
2.285210
2.285354
2.285165
2.285176
2.285178
2.285343
2.285291
2.285358
2.285516
2.285484
2.285192
2.285519
2.285532
2.285271
2.285432
2.285281
2.285520
2.285590
2.285343
2.285362
2.285662
2.285553
2.285618
2.285567
2.285419
2.285479
2.285355
2.285379
2.285540
2.285557
2.285561
2.285398
2.285243
2.285350
2.285475
2.285402
2.285619
2.285416
2.285427
2.285391
2.285373
2.285402
2.285408
2.285318
2.285102
2.285420
2.285362
2.285368
2.285378
2.285397
2.285414
2.285246
2.285386
2.285534
2.285139
2.285168
2.285464
2.285237
2.285225
2.285407
2.285586
2.285496
2.285412
2.285815
2.285584
2.285596
2.285638
2.285711
2.285754
2.285460
2.285243
2.285389
2.285331
2.285594
2.285551
2.285530
2.285464
2.285380
2.285300
2.285255
2.285274
2.285282
2.285190
2.285207
2.285375
2.285275
2.285306
2.285287
2.285262
2.285271
2.285277
2.285100
2.285160
2.285230
2.285287
2.285345
2.285367
2.285176
2.285280
2.285333
2.285501
2.285322
2.285485
2.285557
2.285463
2.285358
2.285478
2.285322
2.285448
2.285517
2.285602
2.285222
2.285461
2.285441
2.285271
2.285594
2.285514
2.285610
2.285410
2.285493
2.285491
2.285613
2.285575
2.285534
2.285378
2.285450
2.285404
2.285317
2.285342
2.285387
2.285453
2.285358
2.285507
2.285474
2.285378
2.285323
2.285529
2.285671
2.285743
2.285683
2.285780
2.285756
2.285656
2.285857
2.285567
2.285521
2.285691
2.285328
2.285497
2.285601
2.285705
2.285782
2.285444
2.285600
2.285647
2.285455
2.285621
2.285513
2.285747
2.285793
2.285826
2.285748
2.285654
2.285780
2.285514
2.285687
2.285613
2.285680
2.285489
2.285749
2.285725
2.285570
2.285625
2.285608
2.285775
2.285793
2.285690
2.285583
2.285554
2.285512
2.285670
2.285348
2.285197
2.285345
2.285688
2.285467
2.285433
2.285376
2.285425
2.285413
2.285548
2.285281
2.285458
2.285329
2.285406
2.285540
2.285411
2.285440
2.285323
2.285303
2.285016
2.285306
2.285317
2.285279
2.285494
2.285422
2.285439
2.285646
2.285420
2.285748
2.285499
2.285572
2.285691
2.285620
2.285614
2.285796
2.285683
2.285665
2.285576
2.285500
2.285466
2.285461
2.285636
2.285669
2.285580
2.285352
2.285505
2.285461
2.285621
2.285743
2.285578
2.285634
2.285458
2.285829
2.285764
2.285652
2.285838
2.285843
2.285761
2.285838
2.285854
2.285715
2.285665
2.285587
2.285413
2.285357
2.285572
2.285671
2.285796
2.285745
2.285554
2.285529
2.285356
2.285540
2.285451
2.285463
2.285585
2.285594
2.285573
2.285607
2.285585
2.285635
2.285641
2.285661
2.285523
2.285421
2.285489
2.285598
2.285582
2.285280
2.285507
2.285406
2.285539
2.285439
2.285450
2.285399
2.285345
2.285292
2.285295
2.285559
2.285382
2.285501
2.285727
2.285438
2.285289
2.285581
2.285420
2.285557
2.285724
2.285506
2.285665
2.285698
2.285601
2.285443
2.285384
2.285433
2.285519
2.285451
2.285513
2.285411
2.285280
2.285355
2.285338
2.285357
2.285379
2.285370
2.285477
2.285386
2.285426
2.285373
2.285480
2.285362
2.285430
2.285618
2.285516
2.285501
2.285342
2.285499
2.285262
2.285320
2.285290
2.285478
2.285528
2.285401
2.285364
2.285176
2.285190
2.285073
2.285409
2.285151
2.285039
2.285345
2.285390
2.285300
2.285298
2.285462
2.285374
2.285250
2.285361
2.285395
2.285395
2.285345
2.285327
2.285363
2.285244
2.285430
2.285417
2.285373
2.285444
2.285348
2.285215
2.285140
2.284963
2.285345
2.284979
2.285317
2.285193
2.285581
2.285413
2.285222
2.285321
2.285304
2.285713
2.285650
2.285294
2.285413
2.285599
2.285478
2.285392
2.285392
2.285355
2.285446
2.285384
2.285145
2.285458
2.285247
2.285545
2.285196
2.285315
2.285364
2.285258
2.285494
2.285675
2.285492
2.285691
2.285778
2.286022
2.285779
2.285658
2.285544
2.285721
2.285518
2.285622
2.285566
2.285535
2.285634
2.285408
2.285578
2.285767
2.285753
2.285825
2.285826
2.285715
2.285478
2.285395
2.285604
2.285651
2.285532
2.285610
2.285544
2.285509
2.285547
2.285598
2.285406
2.285534
2.285438
2.285391
2.285442
2.285492
2.285440
2.285334
2.285329
2.285434
2.285336
2.285269
2.285232
2.285253
2.285259
2.285245
2.285207
2.285421
2.285331
2.285136
2.285246
2.285220
2.285303
2.285236
2.285368
2.285621
2.285590
2.285475
2.285498
2.285469
2.285315
2.285492
2.285426
2.285678
2.285564
2.285581
2.285644
2.285565
2.285398
2.285388
2.285436
2.285389
2.285600
2.285303
2.285545
2.285581
2.285524
2.285515
2.285488
2.285642
2.285471
2.285480
2.285553
2.285557
2.285427
2.285416
2.285472
2.285506
2.285420
2.285507
2.285549
2.285312
2.285432
2.285404
2.285371
2.285414
2.285190
2.285256
2.285261
2.285267
2.285390
2.285441
2.285283
2.285436
2.285581
2.285376
2.285759
2.285511
2.285560
2.285619
2.285492
2.285470
2.285256
2.285240
2.285286
2.285269
2.285192
2.285641
2.285582
2.285338
2.285444
2.285264
2.285529
2.285561
2.285469
2.285360
2.285469
2.285504
2.285498
2.285312
2.285464
2.285361
2.285414
2.285426
2.285413
2.285307
2.285335
2.285491
2.285498
2.285153
2.285380
2.285225
2.285250
2.285249
2.285315
2.285219
2.285369
2.285296
2.285229
2.285159
2.285405
2.285368
2.285410
2.285267
2.285243
2.285156
2.285320
2.285622
2.285382
2.285553
2.285367
2.285399
2.285360
2.285637
2.285430
2.285315
2.285340
2.285371
2.285118
2.285376
2.285421
2.285351
2.285444
2.285485
2.285278
2.285429
2.285335
2.285371
2.285596
2.285289
2.285475
2.285544
2.285469
2.285679
2.285600
2.285496
2.285451
2.285548
2.285439
2.285363
2.285432
2.285265
2.285193
2.285481
2.285337
2.285268
2.285403
2.285318
2.285473
2.285373
2.285469
2.285439
2.285481
2.285271
2.285534
2.285644
2.285716
2.285656
2.285441
2.285514
2.285328
2.285601
2.285185
2.285589
2.285519
2.285232
2.285484
2.285646
2.285534
2.285340
2.285348
2.285431
2.285265
2.285469
2.285136
2.285362
2.285433
2.285281
2.285380
2.285448
2.285425
2.285442
2.285582
2.285553
2.285470
2.285424
2.285278
2.285388
2.285552
2.285318
2.285513
2.285548
2.285329
2.285300
2.285485
2.285444
2.285547
2.285545
2.285666
2.285470
2.285556
2.285640
2.285601
2.285795
2.285465
2.285426
2.285610
2.285753
2.285558
2.285583
2.285693
2.285494
2.285506
2.285540
2.285545
2.285486
2.285427
2.285497
2.285431
2.285460
2.285389
2.285696
2.285457
2.285708
2.285720
2.285712
2.285638
2.285442
2.285360
2.285547
2.285681
2.285824
2.285829
2.285777
2.285788
2.285558
2.285711
2.285566
2.285570
2.285732
2.285797
2.285662
2.285528
2.285424
2.285587
2.285336
2.285662
2.285532
2.285295
2.285309
2.285345
2.285452
2.285621
2.285500
2.285683
2.285491
2.285621
2.285594
2.285642
2.285591
2.285500
2.285343
2.285572
2.285606
2.285519
2.285677
2.285604
2.285473
2.285524
2.285585
2.285633
2.285621
2.285483
2.285510
2.285258
2.285460
2.285526
2.285336
2.285326
2.285224
2.285437
2.285283
2.285337
2.285425
2.285364
2.285420
2.285467
2.285297
2.285582
2.285491
2.285326
2.285168
2.285365
2.285429
2.285488
2.285354
2.285472
2.285288
2.285581
2.285534
2.285360
2.285492
2.285633
2.285624
2.285637
2.285774
2.285693
2.285774
2.285779
2.285514
2.285683
2.285721
2.285601
2.285733
2.285787
2.285624
2.285470
2.285505
2.285589
2.285632
2.285717
2.285662
2.285781
2.285657
2.285689
2.285712
2.285542
2.285787
2.285716
2.285649
2.285791
2.285650
2.285586
2.285793
2.285320
2.285347
2.285775
2.285329
2.285655
2.285610
2.285586
2.285578
2.285455
2.285570
2.285409
2.285532
2.285530
2.285686
2.285408
2.285264
2.285433
2.285370
2.285259
2.285386
2.285581
2.285576
2.285593
2.285320
2.285286
2.285585
2.285653
2.285790
2.285455
2.285286
2.285526
2.285344
2.285368
2.285378
2.285557
2.285464
2.285691
2.285645
2.285513
2.285813
2.285475
2.285577
2.285574
2.285838
2.285812
2.285939
2.285916
2.285973
2.285788
2.285916
2.285943
2.285745
2.285887
2.285719
2.285735
2.285809
2.285463
2.285272
2.285489
2.285533
2.285498
2.285349
2.285562
2.285674
2.285709
2.285428
2.285742
2.285464
2.285646
2.285643
2.285814
2.285845
2.285903
2.285641
2.285706
2.285912
2.285661
2.285384
2.285439
2.285570
2.285514
2.285810
2.285692
2.285738
2.285594
2.285716
2.285695
2.285489
2.285486
2.285596
2.285562
2.285495
2.285544
2.285488
2.285388
2.285542
2.285606
2.285608
2.285616
2.285484
2.285350
2.285669
2.285580
2.285432
2.285644
2.285606
2.285697
2.285824
2.285687
2.285630
2.285615
2.285651
2.285885
2.285566
2.285579
2.285470
2.285286
2.285350
2.285441
2.285735
2.285609
2.285736
2.285794
2.285623
2.285655
2.285622
2.285729
2.285725
2.285568
2.285736
2.285841
2.285858
2.285645
2.285599
2.285789
2.285706
2.285656
2.285649
2.285614
2.285512
2.285709
2.285576
2.285697
2.285639
2.285595
2.285509
2.285815
2.285523
2.285530
2.285479
2.285641
2.285408
2.285416
2.285461
2.285724
2.285487
2.285543
2.285461
2.285212
2.285401
2.285394
2.285298
2.285376
2.285439
2.285439
2.285358
2.285319
2.285337
2.285147
2.285351
2.285500
2.285610
2.285363
2.285548
2.285487
2.285496
2.285371
2.285483
2.285464
2.285374
2.285325
2.285466
2.285262
2.285298
2.285256
2.285402
2.285382
2.285376
2.285600
2.285643
2.285470
2.285662
2.285571
2.285628
2.285585
2.285643
2.285647
2.285601
2.285745
2.285693
2.285638
2.285476
2.285285
2.285104
2.285178
2.285230
2.285194
2.285276
2.285442
2.285193
2.285153
2.285322
2.285331
2.285269
2.285364
2.285441
2.285721
2.285579
2.285683
2.285573
2.285634
2.285564
2.285767
2.285715
2.285837
2.285632
2.285546
2.285227
2.285341
2.285352
2.285432
2.285337
2.285417
2.285321
2.285308
2.285700
2.285360
2.285409
2.285380
2.285317
2.285351
2.285144
2.285102
2.285234
2.285258
2.285227
2.285325
2.285346
2.285269
2.285265
2.285396
2.285455
2.285500
2.285582
2.285312
2.285844
2.285554
2.285579
2.285450
2.285535
2.285554
2.285522
2.285455
2.285645
2.285728
2.285514
2.285528
2.285479
2.285480
2.285442
2.285647
2.285826
2.285851
2.285911
2.285939
2.285813
2.285551
2.285605
2.285751
2.285647
2.285832
2.285952
2.285948
2.285871
2.285603
2.285614
2.285652
2.285670
2.285762
2.285599
2.285346
2.285542
2.285577
2.285817
2.285720
2.285729
2.285707
2.285547
2.285472
2.285912
2.285750
2.285431
2.285724
2.285862
2.285946
2.285677
2.285612
2.285632
2.285653
2.285403
2.285362
2.285749
2.285496
2.285533
2.285680
2.285734
2.285866
2.285640
2.285585
2.285714
2.285611
2.285696
2.285517
2.285535
2.285599
2.285501
2.285419
2.285795
2.285674
2.285693
2.285735
2.285613
2.285590
2.285758
2.285700
2.285452
2.285594
2.285607
2.285594
2.285521
2.286024
2.285885
2.285805
2.285656
2.285756
2.285638
2.285742
2.285873
2.285736
2.285878
2.285922
2.285820
2.285783
2.285833
2.285668
2.285792
2.285673
2.285644
2.285546
2.285551
2.285590
2.285845
2.285565
2.285658
2.285665
2.285764
2.285528
2.285535
2.285560
2.285454
2.285575
2.285582
2.285539
2.285494
2.285451
2.285632
2.285739
2.285669
2.285551
2.285710
2.285661
2.285551
2.285609
2.285548
2.285711
2.285623
2.285544
2.285324
2.285683
2.285710
2.285637
2.285582
2.285523
2.285573
2.285590
2.285680
2.285684
2.285740
2.285737
2.285848
2.285703
2.285472
2.285733
2.285582
2.285687
2.285587
2.285462
2.285514
2.285417
2.285506
2.285317
2.285405
2.285587
2.285362
2.285641
2.285417
2.285609
2.285446
2.285523
2.285240
2.285457
2.285690
2.285706
2.285750
2.285650
2.285684
2.285771
2.285564
2.285506
2.285436
2.285644
2.285597
2.285534
2.285624
2.285404
2.285384
2.285485
2.285438
2.285539
2.285652
2.285622
2.285525
2.285597
2.285664
2.285814
2.285935
2.285550
2.285762
2.285768
2.285604
2.285648
2.285462
2.285336
2.285407
2.285474
2.285362
2.285412
2.285498
2.285427
2.285441
2.285500
2.285561
2.285753
2.285410
2.285608
2.285517
2.285632
2.285842
2.285788
2.285698
2.285828
2.285880
2.285709
2.285755
2.285867
2.285618
2.285560
2.285680
2.285783
2.285677
2.285681
2.285632
2.285588
2.285627
2.285798
2.285569
2.285576
2.285454
2.285351
2.285464
2.285647
2.285669
2.285532
2.285798
2.285677
2.285559
2.285609
2.285509
2.285488
2.285620
2.285584
2.285408
2.285628
2.285378
2.285433
2.285379
2.285533
2.285469
2.285378
2.285765
2.285821
2.285771
2.285675
2.285665
2.285520
2.285715
2.285743
2.285808
2.285781
2.285538
2.285697
2.285725
2.285578
2.285484
2.285467
2.285583
2.285632
2.285718
2.285439
2.285776
2.285540
2.285370
2.285512
2.285475
2.285530
2.285601
2.285506
2.285271
2.285287
2.285357
2.285640
2.285514
2.285531
2.285465
2.285495
2.285486
2.285545
2.285575
2.285453
2.285441
2.285652
2.285247
2.285517
2.285517
2.285420
2.285245
2.285241
2.285182
2.285195
2.285304
2.285389
2.285274
2.285254
2.285622
2.285362
2.285210
2.285118
2.285191
2.285265
2.285509
2.285707
2.285618
2.285553
2.285591
2.285498
2.285530
2.285430
2.285441
2.285414
2.285483
2.285419
2.285326
2.285326
2.285596
2.285649
2.285589
2.285411
2.285428
2.285482
2.285590
2.285600
2.285658
2.285505
2.285672
2.285663
2.285555
2.285588
2.285769
2.285773
2.285523
2.285733
2.285601
2.285469
2.285680
2.285414
2.285464
2.285511
2.285489
2.285672
2.285473
2.285113
2.285118
2.285250
2.285229
2.285183
2.285349
2.285397
2.285358
2.285462
2.285217
2.285467
2.285540
2.285417
2.285516
2.285314
2.285545
2.285452
2.285375
2.285563
2.285432
2.285466
2.285588
2.285458
2.285597
2.285509
2.285568
2.285612
2.285655
2.285928
2.285620
2.285824
2.285540
2.285547
2.285552
2.285703
2.285375
2.285596
2.285786
2.285630
2.285670
2.285483
2.285412
2.285484
2.285407
2.285523
2.285652
2.285705
2.285431
2.285819
2.285687
2.285665
2.285406
2.285732
2.285544
2.285476
2.285737
2.285622
2.285525
2.285680
2.285723
2.285507
2.285534
2.285419
2.285390
2.285342
2.285395
2.285568
2.285678
2.285468
2.285483
2.285608
2.285585
2.285526
2.285511
2.285547
2.285497
2.285691
2.285340
2.285349
2.285393
2.285371
2.285410
2.285542
2.285344
2.285419
2.285516
2.285481
2.285500
2.285147
2.285252
2.285417
2.285360
2.285421
2.285553
2.285573
2.285510
2.285273
2.285582
2.285274
2.285175
2.285299
2.285673
2.285437
2.285547
2.285442
2.285413
2.285444
2.285200
2.285404
2.285346
2.285600
2.285843
2.285718
2.285393
2.285563
2.285532
2.285635
2.285373
2.285350
2.285476
2.285341
2.285530
2.285616
2.285340
2.285479
2.285267
2.285377
2.285526
2.285317
2.285388
2.285457
2.285464
2.285403
2.285496
2.285392
2.285529
2.285495
2.285247
2.285199
2.285323
2.285408
2.285343
2.285444
2.285268
2.285580
2.285583
2.285160
2.285264
2.285501
2.285607
2.285485
2.285191
2.285292
2.285500
2.285569
2.285491
2.285683
2.285331
2.285370
2.285420
2.285382
2.285144
2.285394
2.285380
2.285393
2.285336
2.285281
2.285240
2.285580
2.285672
2.285302
2.285382
2.285363
2.285262
2.285299
2.285470
2.285341
2.285008
2.285249
2.285334
2.285416
2.285391
2.285509
2.285483
2.285417
2.285717
2.285524
2.285699
2.285489
2.285591
2.285562
2.285440
2.285447
2.285166
2.285432
2.285247
2.285412
2.285110
2.285195
2.285398
2.285539
2.285422
2.285569
2.285598
2.285277
2.285619
2.285584
2.285576
2.285401
2.285591
2.285406
2.285234
2.285530
2.285476
2.285678
2.285528
2.285587
2.285533
2.285343
2.285417
2.285358
2.285424
2.285526
2.285492
2.285322
2.285515
2.285423
2.285418
2.285499
2.285532
2.285624
2.285528
2.285480
2.285554
2.285333
2.285421
2.285357
2.285388
2.285346
2.285509
2.285210
2.285377
2.285398
2.285534
2.285278
2.285463
2.285486
2.285314
2.285312
2.285212
2.285200
2.285509
2.285543
2.285398
2.285466
2.285308
2.285407
2.285422
2.285312
2.285537
2.285572
2.285451
2.285576
2.285464
2.285489
2.285693
2.285487
2.285421
2.285436
2.285382
2.285417
2.285495
2.285513
2.285385
2.285320
2.285511
2.285535
2.285317
2.285354
2.285362
2.285104
2.285454
2.285418
2.285205
2.285519
2.285540
2.285792
2.285632
2.285516
2.285445
2.285436
2.285398
2.285387
2.285514
2.285362
2.285582
2.285479
2.285321
2.285483
2.285491
2.285594
2.285534
2.285457
2.285452
2.285386
2.285317
2.285191
2.285150
2.285326
2.285360
2.285336
2.285395
2.285572
2.285363
2.285553
2.285540
2.285643
2.285433
2.285609
2.285606
2.285580
2.285585
2.285261
2.285417
2.285387
2.285411
2.285276
2.285540
2.285492
2.285401
2.285486
2.285446
2.285494
2.285351
2.285457
2.285542
2.285470
2.285722
2.285395
2.285753
2.285603
2.285572
2.285398
2.285401
2.285322
2.285506
2.285243
2.285305
2.285414
2.285347
2.285226
2.285267
2.285366
2.285301
2.285308
2.285408
2.285351
2.285223
2.285565
2.285294
2.285226
2.285175
2.285343
2.285201
2.285569
2.285351
2.285670
2.285339
2.285219
2.285390
2.285224
2.285263
2.285506
2.285563
2.285505
2.285340
2.285491
2.285312
2.285413
2.285438
2.285461
2.285507
2.285381
2.285294
2.285293
2.285280
2.285329
2.285360
2.285404
2.285507
2.285364
2.285333
2.285434
2.285277
2.285413
2.285490
2.285511
2.285486
2.285259
2.285385
2.285399
2.285361
2.285256
2.285191
2.285417
2.285419
2.285402
2.285530
2.285501
2.285570
2.285553
2.285478
2.285610
2.285655
2.285715
2.285659
2.285531
2.285492
2.285473
2.285438
2.285566
2.285511
2.285302
2.285348
2.285627
2.285408
2.285531
2.285503
2.285241
2.285537
2.285603
2.285470
2.285532
2.285451
2.285549
2.285854
2.285419
2.285727
2.285648
2.285486
2.285503
2.285414
2.285196
2.285438
2.285317
2.285343
2.285303
2.285366
2.285391
2.285318
2.285472
2.285537
2.285402
2.285263
2.285115
2.285228
2.285212
2.285161
2.285312
2.285347
2.285241
2.285262
2.285472
2.285318
2.285470
2.285608
2.285684
2.285364
2.285525
2.285629
2.285522
2.285671
2.285469
2.285546
2.285597
2.285593
2.285579
2.285575
2.285433
2.285526
2.285477
2.285169
2.285378
2.285475
2.285371
2.285476
2.285726
2.285488
2.285661
2.285610
2.285697
2.285572
2.285527
2.285456
2.285411
2.285417
2.285149
2.285292
2.285390
2.285236
2.285307
2.285532
2.285622
2.285510
2.285658
2.285379
2.285364
2.285548
2.285511
2.285563
2.285678
2.285534
2.285517
2.285426
2.285458
2.285709
2.285500
2.285460
2.285385
2.285720
2.285498
2.285389
2.285262
2.285421
2.285267
2.285267
2.285621
2.285517
2.285442
2.285421
2.285416
2.285275
2.285444
2.285525
2.285467
2.285596
2.285283
2.285630
2.285472
2.285504
2.285566
2.285538
2.285388
2.285318
2.285474
2.285360
2.285269
2.285138
2.285491
2.285346
2.285461
2.285396
2.285460
2.285458
2.285451
2.285525
2.285582
2.285815
2.285610
2.285765
2.285667
2.285576
2.285606
2.285601
2.285838
2.285600
2.285550
2.285576
2.285435
2.285329
2.285415
2.285619
2.285524
2.285506
2.285520
2.285599
2.285451
2.285595
2.285728
2.285479
2.285608
2.285629
2.285524
2.285564
2.285666
2.285858
2.285555
2.285448
2.285785
2.285764
2.285729
2.285764
2.285568
2.285623
2.285553
2.285333
2.285578
2.285642
2.285252
2.285422
2.285243
2.285455
2.285240
2.285184
2.285353
2.285251
2.285420
2.285342
2.285289
2.285277
2.285134
2.285340
2.285323
2.285385
2.285445
2.285340
2.285344
2.285367
2.285241
2.285401
2.285395
2.285383
2.285274
2.285090
2.285361
2.285476
2.285115
2.285408
2.285326
2.285514
2.285364
2.285402
2.285312
2.285072
2.285483
2.285356
2.285208
2.285267
2.285512
2.285246
2.285580
2.285331
2.285538
2.285267
2.285455
2.285469
2.285168
2.285517
2.285367
2.285432
2.285535
2.285494
2.285495
2.285542
2.285510
2.285594
2.285625
2.285451
2.285556
2.285263
2.285599
2.285524
2.285653
2.285390
2.285545
2.285529
2.285517
2.285484
2.285520
2.285275
2.285252
2.285512
2.285277
2.285069
2.285070
2.285509
2.285407
2.285222
2.285380
2.285282
2.285414
2.285349
2.285225
2.285178
2.285345
2.285333
2.285583
2.285317
2.285343
2.285444
2.285469
2.285463
2.285497
2.285397
2.285435
2.285538
2.285416
2.285355
2.285055
2.285399
2.285274
2.285681
2.285292
2.285417
2.285475
2.285382
2.285352
2.285195
2.285265
2.285323
2.285165
2.285128
2.285486
2.285581
2.285503
2.285622
2.285449
2.285640
2.285330
2.285504
2.285512
2.285594
2.285514
2.285660
2.285275
2.285360
2.285311
2.285389
2.285486
2.285668
2.285681
2.285554
2.285597
2.285289
2.285606
2.285643
2.285557
2.285441
2.285575
2.285530
2.285569
2.285515
2.285649
2.285659
2.285654
2.285421
2.285318
2.285280
2.285339
2.285087
2.285263
2.285210
2.285461
2.285237
2.285317
2.285188
2.285468
2.285169
2.285247
2.285732
2.285742
2.285151
2.285153
2.285474
2.285248
2.285534
2.285293
2.285439
2.285548
2.285346
2.285267
2.285214
2.285141
2.285240
2.285264
2.285229
2.285261
2.285500
2.285354
2.285358
2.285427
2.285568
2.285303
2.285562
2.285274
2.285416
2.285557
2.285600
2.285599
2.285753
2.285747
2.285474
2.285553
2.285454
2.285522
2.285668
2.285588
2.285478
2.285635
2.285236
2.285442
2.285461
2.285476
2.285773
2.285464
2.285441
2.285639
2.285782
2.285732
2.285750
2.285730
2.285566
2.285442
2.285401
2.285303
2.285300
2.285359
2.285542
2.285402
2.285132
2.285181
2.285018
2.284884
2.285137
2.285340
2.285227
2.285035
2.285073
2.285368
2.285400
2.285116
2.285191
2.285098
2.285351
2.285404
2.284987
2.285177
2.285256
2.285218
2.285198
2.285296
2.285252
2.285344
2.285426
2.285184
2.285327
2.285144
2.285418
2.285196
2.285119
2.285339
2.285212
2.285248
2.285280
2.285223
2.285473
2.285653
2.285517
2.285612
2.285372
2.285479
2.285296
2.285344
2.285605
2.285585
2.285536
2.285349
2.285250
2.285186
2.285488
2.285580
2.285367
2.285285
2.285463
2.285365
2.285560
2.285501
2.285614
2.285694
2.285619
2.285531
2.285757
2.285899
2.285803
2.285858
2.285833
2.285585
2.285730
2.285448
2.285601
2.285433
2.285623
2.285388
2.285483
2.285617
2.285313
2.285533
2.285440
2.285595
2.285569
2.285561
2.285380
2.285523
2.285517
2.285480
2.285122
2.285423
2.285122
2.285408
2.285423
2.285388
2.285421
2.285316
2.285275
2.285407
2.285215
2.285417
2.285289
2.285501
2.285534
2.285483
2.285399
2.285446
2.285419
2.285470
2.285423
2.285447
2.285470
2.285414
2.285492
2.285608
2.285633
2.285473
2.285419
2.285570
2.285666
2.285510
2.285608
2.285609
2.285551
2.285715
2.285458
2.285604
2.285506
2.285444
2.285348
2.285560
2.285380
2.285579
2.285675
2.285557
2.285360
2.285594
2.285520
2.285481
2.285432
2.285392
2.285633
2.285792
2.285579
2.285431
2.285641
2.285656
2.285496
2.285501
2.285526
2.285509
2.285308
2.285330
2.285333
2.285067
2.285295
2.285225
2.285273
2.285357
2.285186
2.285184
2.285411
2.285202
2.285261
2.285396
2.285219
2.285219
2.285390
2.285284
2.285219
2.285326
2.285374
2.285284
2.285460
2.285508
2.285609
2.285517
2.285385
2.285333
2.285305
2.285278
2.285146
2.285334
2.285540
2.285464
2.285419
2.285372
2.285112
2.285235
2.285193
2.285371
2.285418
2.285351
2.285267
2.285329
2.285328
2.285441
2.285548
2.285426
2.285420
2.285295
2.285211
2.285396
2.285511
2.285212
2.285486
2.285377
2.285371
2.285326
2.285340
2.285509
2.285388
2.285244
2.285082
2.285089
2.285332
2.285448
2.285534
2.285413
2.285430
2.285352
2.285124
2.285436
2.285411
2.285170
2.285365
2.285377
2.285258
2.285208
2.285510
2.285283
2.285444
2.285171
2.285447
2.285268
2.285243
2.285301
2.285358
2.285224
2.285250
2.285355
2.285463
2.285356
2.285234
2.285185
2.285258
2.285362
2.285491
2.285650
2.285508
2.285578
2.285367
2.285426
2.285419
2.285576
2.285658
2.285298
2.285451
2.285563
2.285469
2.285352
2.285368
2.285342
2.285293
2.285430
2.285290
2.285421
2.285252
2.285515
2.285728
2.285444
2.285429
2.285445
2.285406
2.285659
2.285515
2.285267
2.285375
2.285378
2.285233
2.285591
2.285330
2.285514
2.285370
2.285433
2.285256
2.285421
2.285278
2.285292
2.285107
2.285556
2.285404
2.285241
2.285579
2.285295
2.285510
2.285259
2.285350
2.285199
2.285221
2.285364
2.285550
2.285466
2.285463
2.285492
2.285256
2.285545
2.285359
2.285295
2.285104
2.285376
2.285488
2.285165
2.285202
2.285227
2.285540
2.285421
2.285505
2.285541
2.285634
2.285314
2.285399
2.285342
2.285231
2.285271
2.285255
2.285275
2.285094
2.285121
2.285616
2.285411
2.285488
2.285440
2.285452
2.285212
2.285367
2.285431
2.285648
2.285419
2.285569
2.285472
2.285457
2.285527
2.285340
2.285428
2.285671
2.285721
2.285545
2.285634
2.285597
2.285276
2.285293
2.285317
2.285448
2.285517
2.285453
2.285360
2.285279
2.285490
2.285376
2.285541
2.285569
2.285387
2.285615
2.285610
2.285671
2.285532
2.285687
2.285402
2.285537
2.285591
2.285576
2.285602
2.285441
2.285448
2.285785
2.285396
2.285445
2.285393
2.285306
2.285522
2.285669
2.285364
2.285363
2.285267
2.285448
2.285628
2.285361
2.285427
2.285564
2.285484
2.285443
2.285085
2.285382
2.285411
2.285709
2.285601
2.285340
2.285396
2.285432
2.285346
2.285449
2.285503
2.285400
2.285292
2.285354
2.285408
2.285048
2.285082
2.285400
2.285275
2.285424
2.285269
2.285372
2.285477
2.285441
2.285583
2.285548
2.285354
2.285631
2.285541
2.285719
2.285691
2.285715
2.285865
2.285492
2.285376
2.285601
2.285618
2.285795
2.285605
2.285596
2.285587
2.285627
2.285722
2.285470
2.285469
2.285436
2.285425
2.285488
2.285587
2.285332
2.285522
2.285514
2.285529
2.285778
2.285624
2.285520
2.285693
2.285637
2.285482
2.285268
2.285423
2.285644
2.285407
2.285248
2.285411
2.285497
2.285358
2.285306
2.285648
2.285309
2.285368
2.285231
2.285191
2.285472
2.285498
2.285311
2.285432
2.285169
2.285231
2.285172
2.285224
2.285193
2.284986
2.285193
2.285249
2.285687
2.285244
2.285471
2.285228
2.285124
2.285381
2.285388
2.285291
2.285275
2.285280
2.285360
2.285696
2.285486
2.285372
2.285346
2.285426
2.285381
2.285612
2.285656
2.285610
2.285838
2.285733
2.285348
2.285111
2.285231
2.285405
2.285299
2.285443
2.285363
2.285357
2.285454
2.285460
2.285420
2.285309
2.285357
2.285421
2.285495
2.285432
2.285359
2.285304
2.285232
2.285198
2.285184
2.285399
2.285516
2.285535
2.285642
2.285479
2.285618
2.285494
2.285517
2.285445
2.285559
2.285447
2.285461
2.285480
2.285432
2.285410
2.285549
2.285548
2.285398
2.285283
2.285358
2.285464
2.285639
2.285318
2.285380
2.285390
2.285437
2.285321
2.285484
2.285271
2.285441
2.285494
2.285455
2.285431
2.285526
2.285516
2.285138
2.285299
2.285273
2.285365
2.285308
2.285377
2.285314
2.285374
2.285435
2.285304
2.285264
2.285419
2.285300
2.285302
2.285448
2.285451
2.285476
2.285358
2.285303
2.285303
2.285246
2.285053
2.285168
2.284891
2.285044
2.285190
2.285248
2.285334
2.285391
2.285277
2.285013
2.285271
2.285466
2.285361
2.285593
2.285432
2.285717
2.285694
2.285373
2.285318
2.285500
2.285396
2.285452
2.285414
2.285302
2.285436
2.285293
2.285203
2.285525
2.285281
2.285199
2.285441
2.285470
2.285426
2.285264
2.285159
2.285277
2.285551
2.285503
2.285507
2.285372
2.285544
2.285320
2.285253
2.285247
2.285402
2.285500
2.285469
2.285421
2.285433
2.285489
2.285471
2.285404
2.285242
2.285205
2.285241
2.285538
2.285084
2.285126
2.285329
2.285029
2.285103
2.285448
2.285316
2.285174
2.285205
2.285183
2.285275
2.285265
2.285384
2.285270
2.285354
2.285606
2.285342
2.285277
2.285314
2.285323
2.285370
2.285129
2.285072
2.285254
2.285301
2.285265
2.285320
2.285238
2.285212
2.285330
2.285050
2.285331
2.285323
2.285256
2.285185
2.285255
2.285547
2.285578
2.285483
2.285764
2.285477
2.285392
2.285295
2.285299
2.285361
2.285411
2.285346
2.285222
2.285347
2.285281
2.285321
2.285298
2.285079
2.285228
2.285360
2.285266
2.285192
2.285072
2.285298
2.285476
2.285241
2.285269
2.285268
2.285392
2.285478
2.285423
2.285281
2.285044
2.285153
2.285365
2.285250
2.285246
2.285202
2.285048
2.285137
2.285036
2.285044
2.285163
2.285104
2.285354
2.285194
2.285142
2.285185
2.285037
2.285393
2.285023
2.284966
2.285256
2.285225
2.285219
2.285490
2.285501
2.285580
2.285316
2.285519
2.285193
2.285221
2.285224
2.285523
2.285143
2.285383
2.285275
2.285394
2.285345
2.285190
2.285187
2.285297
2.285487
2.285462
2.285516
2.285254
2.285582
2.285632
2.285431
2.285597
2.285460
2.285589
2.285358
2.285535
2.285437
2.285404
2.285422
2.285299
2.285589
2.285461
2.285180
2.285420
2.285644
2.285648
2.285656
2.285416
2.285451
2.285174
2.285100
2.285197
2.284901
2.285166
2.284891
2.285030
2.285128
2.285056
2.285102
2.285135
2.285417
2.285268
2.285177
2.285156
2.285135
2.285389
2.285410
2.285013
2.285229
2.285310
2.285053
2.285085
2.285058
2.285149
2.285280
2.285082
2.285135
2.285239
2.285251
2.285364
2.285482
2.285624
2.285285
2.285553
2.285765
2.285494
2.285442
2.285234
2.285381
2.285342
2.285476
2.285578
2.285408
2.285421
2.285407
2.285334
2.285369
2.285585
2.285608
2.285492
2.285588
2.285413
2.285621
2.285500
2.285694
2.285339
2.285422
2.285641
2.285739
2.285877
2.285558
2.285289
2.285433
2.285393
2.285259
2.285519
2.285548
2.285413
2.285452
2.285393
2.285269
2.285320
2.285673
2.285302
2.285444
2.285389
2.285417
2.285435
2.285298
2.285298
2.285317
2.285404
2.285015
2.285306
2.285181
2.285396
2.285230
2.285169
2.285124
2.285334
2.285423
2.285277
2.285374
2.285296
2.285335
2.285095
2.285185
2.285537
2.285331
2.285317
2.285239
2.285070
2.285125
2.285115
2.285309
2.285591
2.285398
2.285408
2.285296
2.285295
2.285142
2.285065
2.285321
2.285234
2.285200
2.285150
2.285266
2.285181
2.285092
2.285231
2.285292
2.285183
2.285269
2.285355
2.285115
2.285232
2.285270
2.285293
2.285302
2.285337
2.285222
2.285281
2.285078
2.285393
2.285233
2.285390
2.285108
2.284995
2.285182
2.285106
2.285254
2.285115
2.285186
2.285271
2.285097
2.285174
2.285173
2.285301
2.285128
2.285230
2.285325
2.285202
2.285223
2.285454
2.285366
2.285179
2.285302
2.285330
2.285480
2.285062
2.285289
2.285571
2.285438
2.285277
2.285118
2.285067
2.285336
2.285278
2.285183
2.285005
2.285046
2.285108
2.285036
2.285353
2.285400
2.285262
2.285393
2.285424
2.285553
2.285321
2.285537
2.285601
2.285516
2.285690
2.285615
2.285552
2.285527
2.285444
2.285306
2.285382
2.285328
2.285342
2.285226
2.285383
2.285340
2.285450
2.285243
2.285401
2.285280
2.285312
2.285103
2.285072
2.285255
2.285112
2.285177
2.285067
2.285204
2.285257
2.285262
2.285339
2.285358
2.285159
2.285352
2.285386
2.285350
2.285202
2.285286
2.285146
2.285174
2.285281
2.285368
2.285245
2.285074
2.285126
2.285374
2.285174
2.285133
2.285237
2.285288
2.285098
2.285078
2.285092
2.285047
2.285271
2.285188
2.285110
2.285389
2.285241
2.285130
2.285309
2.285274
2.285100
2.285212
2.284943
2.285174
2.285133
2.285132
2.285073
2.285209
2.285280
2.285401
2.285339
2.285240
2.285163
2.285342
2.285203
2.285135
2.285229
2.285287
2.285298
2.285296
2.285276
2.285096
2.284953
2.285326
2.285287
2.285142
2.285194
2.285452
2.285236
2.285362
2.285219
2.285315
2.285374
2.285383
2.285324
2.285299
2.285186
2.285256
2.285307
2.285439
2.285236
2.285472
2.285379
2.285471
2.285046
2.285116
2.285081
2.285209
2.285247
2.285407
2.285445
2.285156
2.285277
2.285207
2.285278
2.285356
2.285369
2.285388
2.285111
2.285399
2.285473
2.285289
2.285413
2.285259
2.285313
2.285483
2.285632
2.285570
2.285364
2.285142
2.285268
2.285275
2.285436
2.285717
2.285221
2.285371
2.285420
2.285156
2.285154
2.285384
2.285196
2.285272
2.285218
2.285172
2.285227
2.285255
2.285397
2.285507
2.285403
2.285433
2.285334
2.285430
2.285249
2.285218
2.285209
2.285443
2.285150
2.285337
2.285191
2.285346
2.285069
2.285411
2.285069
2.285420
2.285331
2.285338
2.285289
2.285261
2.285323
2.285264
2.285485
2.285378
2.285162
2.285355
2.285199
2.285184
2.285398
2.285251
2.285195
2.285110
2.285264
2.285267
2.285292
2.285109
2.285136
2.285116
2.285479
2.285161
2.285172
2.285329
2.285386
2.285231
2.285352
2.285280
2.285328
2.285402
2.285638
2.285528
2.285380
2.285219
2.285262
2.285241
2.285190
2.285333
2.285162
2.285044
2.285087
2.285159
2.285259
2.285087
2.285199
2.285135
2.284963
2.285069
2.285019
2.285270
2.285267
2.285160
2.285162
2.285290
2.285158
2.285286
2.285284
2.285352
2.285391
2.285377
2.285566
2.285520
2.285265
2.285227
2.285140
2.284909
2.285152
2.285116
2.284973
2.284986
2.284995
2.285238
2.285060
2.285036
2.285089
2.284979
2.285143
2.285025
2.285281
2.285286
2.285008
2.285100
2.285026
2.285215
2.285178
2.285187
2.285165
2.285090
2.285165
2.285066
2.285230
2.285128
2.285289
2.285258
2.285351
2.285348
2.285078
2.285064
2.285113
2.285072
2.285300
2.285194
2.285354
2.284999
2.284973
2.285240
2.285239
2.285193
2.285219
2.285065
2.284977
2.284961
2.285177
2.285348
2.285262
2.285285
2.285393
2.285111
2.285290
2.285433
2.285422
2.285202
2.285338
2.285314
2.285354
2.285482
2.285269
2.285498
2.285466
2.285637
2.285494
2.285501
2.285661
2.285751
2.285963
2.285970
2.285768
2.285901
2.285733
2.285863
2.285849
2.285699
2.285621
2.285768
2.285486
2.285556
2.285718
2.285569
2.285558
2.285598
2.286005
2.285897
2.285958
2.285830
2.286026
2.286075
2.285880
2.285896
2.285919
2.285892
2.286238
2.285970
2.286028
2.285817
2.285941
2.286021
2.286122
2.286124
2.285966
2.286100
2.285949
2.285849
2.285938
2.285841
2.285882
2.285744
2.285877
2.285873
2.286006
2.285894
2.285948
2.285960
2.286022
2.285949
2.285982
2.285908
2.285960
2.285830
2.286134
2.285885
2.286055
2.285846
2.285798
2.285750
2.285927
2.285789
2.285977
2.285790
2.285713
2.285725
2.285671
2.285758
2.285759
2.285830
2.285863
2.285944
2.286062
2.286221
2.286275
2.286111
2.286069
2.286259
2.286084
2.285790
2.285780
2.285830
2.285720
2.285964
2.285833
2.285944
2.285905
2.285883
2.285528
2.285529
2.285685
2.285728
2.285863
2.285665
2.285737
2.285725
2.285690
2.285555
2.285541
2.285805
2.285848
2.285782
2.285699
2.285616
2.285440
2.285418
2.285421
2.285362
2.285636
2.285343
2.285365
2.285299
2.285477
2.285451
2.285272
2.285219
2.285545
2.285275
2.285193
2.285495
2.285508
2.285129
2.285289
2.285619
2.285518
2.285252
2.285324
2.285427
2.285517
2.285478
2.285609
2.285521
2.285474
2.285285
2.285441
2.285131
2.285123
2.285088
2.285060
2.285272
2.285281
2.285193
2.285178
2.285094
2.285274
2.285395
2.285205
2.285362
2.285467
2.285528
2.285302
2.285602
2.285594
2.285407
2.285423
2.285366
2.285171
2.285376
2.285458
2.285385
2.285298
2.285455
2.285330
2.285334
2.285312
2.285256
2.285469
2.285566
2.285349
2.285337
2.285352
2.285417
2.285502
2.285632
2.285654
2.285644
2.285665
2.285827
2.285479
2.285687
2.285772
2.285883
2.285600
2.285538
2.285557
2.285543
2.285554
2.285425
2.285709
2.285737
2.285511
2.285540
2.285579
2.285362
2.285424
2.285544
2.285342
2.285276
2.285492
2.285542
2.285454
2.285550
2.285317
2.285424
2.285479
2.285335
2.285433
2.285241
2.285382
2.285198
2.285219
2.285623
2.285872
2.285606
2.285100
2.285488
2.285536
2.285573
2.285582
2.285699
2.285519
2.285522
2.285519
2.285730
2.285741
2.285754
2.285823
2.285691
2.285706
2.285410
2.285482
2.285509
2.285746
2.285882
2.285802
2.285454
2.285584
2.285346
2.285373
2.285299
2.285481
2.285838
2.285483
2.285259
2.285361
2.285571
2.285595
2.285454
2.285712
2.285641
2.285498
2.285749
2.285489
2.285497
2.285474
2.285739
2.285605
2.285556
2.285488
2.285236
2.285188
2.285243
2.285482
2.285512
2.285445
2.285615
2.285119
2.285333
2.285101
2.285227
2.285492
2.285342
2.285281
2.285229
2.285357
2.285413
2.285208
2.285231
2.285280
2.285358
2.285336
2.285256
2.285170
2.285097
2.284831
2.285041
2.284871
2.284954
2.284690
2.284848
2.284550
2.284863
2.284781
2.284920
2.284696
2.284949
2.284820
2.284836
2.284939
2.284792
2.284777
2.285019
2.285112
2.284869
2.284778
2.284735
2.284592
2.284667
2.284691
2.284680
2.284629
2.284283
2.284525
2.284516
2.284511
2.284467
2.284611
2.284577
2.284489
2.284557
2.284768
2.284698
2.284446
2.284413
2.284578
2.284341
2.284360
2.284284
2.284283
2.284414
2.284324
2.284241
2.284358
2.284304
2.284188
2.284080
2.284214
2.284198
2.284074
2.283933
2.283893
2.283703
2.283565
2.283660
2.283719
2.283545
2.283888
2.283813
2.283722
2.283608
2.283535
2.283509
2.283560
2.283719
2.283416
2.283469
2.283537
2.283440
2.283476
2.283253
2.283251
2.283207
2.283392
2.283170
2.283322
2.283254
2.283626
2.283473
2.283444
2.283733
2.283617
2.283273
2.283337
2.283403
2.283310
2.283172
2.283272
2.283375
2.283243
2.282921
2.282920
2.282754
2.282873
2.282848
2.282883
2.283167
2.282931
2.282822
2.282947
2.282926
2.282814
2.282789
2.282584
2.282676
2.282732
2.282837
2.282807
2.282771
2.282516
2.282566
2.282605
2.282567
2.282623
2.282417
2.282569
2.282515
2.282267
2.282332
2.282444
2.282627
2.282299
2.282487
2.282591
2.282366
2.282147
2.282160
2.282358
2.282404
2.282304
2.282352
2.282404
2.282282
2.281957
2.282307
2.281930
2.281964
2.281860
2.282222
2.282292
2.281798
2.281654
2.281865
2.281758
2.281756
2.281778
2.281941
2.281760
2.281585
2.281494
2.281702
2.281950
2.281684
2.281857
2.282029
2.281857
2.281832
2.281570
2.281619
2.282044
2.281789
2.281621
2.282012
2.281610
2.281708
2.281516
2.281719
2.281215
2.281455
2.281414
2.281417
2.281172
2.281039
2.280996
2.281076
2.280611
2.280766
2.280833
2.281061
2.280827
2.280775
2.280523
2.280511
2.280262
2.280571
2.280687
2.280588
2.280335
2.280042
2.279979
2.280131
2.280126
2.280118
2.279898
2.280056
2.279598
2.279377
2.279614
2.279426
2.279344
2.279573
2.279730
2.279242
2.279067
2.278878
2.278773
2.278812
2.278905
2.278954
2.279010
2.279039
2.278550
2.278635
2.278576
2.278382
2.278414
2.278270
2.278628
2.278050
2.278069
2.277997
2.277777
2.277617
2.277606
2.277723
2.277893
2.277741
2.277588
2.277464
2.277451
2.277309
2.277223
2.277384
2.277316
2.276832
2.276825
2.277005
2.277001
2.277015
2.276987
2.276714
2.276880
2.276327
2.276049
2.276251
2.276493
2.276186
2.276258
2.276196
2.276097
2.275510
2.275732
2.275735
2.275691
2.275509
2.275251
2.275648
2.275600
2.274995
2.275287
2.275333
2.275249
2.275158
2.275320
2.275591
2.275336
2.275199
2.275397
2.275198
2.274980
2.275115
2.275236
2.275322
2.275089
2.274917
2.275422
2.275200
2.275129
2.274977
2.275487
2.275538
2.275226
2.275273
2.275211
2.275344
2.275501
2.275287
2.275651
2.275413
2.275639
2.275565
2.275386
2.275568
2.275428
2.275419
2.275501
2.275525
2.275343
2.275332
2.275364
2.275288
2.275372
2.275484
2.275718
2.275621
2.275684
2.275525
2.275673
2.275780
2.275953
2.276042
2.276258
2.276133
2.276185
2.276219
2.276213
2.276098
2.276102
2.276177
2.276273
2.276350
2.276210
2.276247
2.276092
2.276082
2.276289
2.276309
2.276466
2.276502
2.276087
2.276264
2.276078
2.276083
2.275954
2.275832
2.276249
2.276244
2.275935
2.275947
2.275992
2.275935
2.275788
2.276061
2.276273
2.276204
2.276145
2.276257
2.276071
2.275887
2.275780
2.276048
2.276106
2.276010
2.276007
2.275844
2.275885
2.275727
2.275884
2.275872
2.276160
2.275954
2.276049
2.276148
2.275776
2.275826
2.275957
2.276248
2.275938
2.275961
2.276005
2.275878
2.275681
2.275797
2.276358
2.276223
2.275889
2.276257
2.276256
2.276057
2.276167
2.276234
2.276327
2.276428
2.276093
2.276334
2.276327
2.276060
2.276538
2.276636
2.276906
2.276242
2.276289
2.276345
2.276632
2.276494
2.276282
2.276760
2.276865
2.276458
2.276850
2.276905
2.276716
2.276918
2.276897
2.276884
2.277064
2.276727
2.276936
2.276928
2.276811
2.277155
2.277304
2.277312
2.277173
2.277036
2.277129
2.276857
2.276942
2.277486
2.277465
2.277584
2.277439
2.277552
2.277383
2.277411
2.277384
2.277545
2.277882
2.277819
2.277766
2.277722
2.277749
2.277884
2.278016
2.277916
2.278172
2.277787
2.278011
2.277952
2.277868
2.277883
2.278194
2.278358
2.278044
2.278439
2.278315
2.278327
2.278373
2.278212
2.278523
2.278523
2.278410
2.278435
2.278482
2.278541
2.278591
2.278585
2.278658
2.278571
2.278861
2.278985
2.278860
2.278959
2.279188
2.279236
2.278655
2.279081
2.279070
2.278984
2.279091
2.279224
2.279342
2.279210
2.279145
2.279407
2.279308
2.279088
2.279298
2.279419
2.279084
2.279432
2.279395
2.279096
2.279362
2.279078
2.279423
2.279186
2.279369
2.279429
2.279456
2.279347
2.279291
2.279562
2.279628
2.279376
2.279528
2.279428
2.279239
2.279186
2.279429
2.279453
2.279479
2.279417
2.279521
2.279515
2.279283
2.279376
2.279453
2.279385
2.279357
2.279308
2.279423
2.279472
2.279510
2.279347
2.279714
2.279549
2.279440
2.279333
2.279639
2.279425
2.279580
2.279354
2.279512
2.279375
2.279352
2.279142
2.279146
2.279487
2.279366
2.279323
2.279797
2.279534
2.279609
2.279485
2.279537
2.279553
2.279512
2.279845
2.280177
2.279561
2.279565
2.279551
2.279753
2.279595
2.279449
2.279556
2.279635
2.279608
2.279378
2.279484
2.279472
2.279336
2.279522
2.279707
2.279547
2.279626
2.279224
2.279468
2.279412
2.279293
2.279539
2.279788
2.279515
2.279329
2.279557
2.279430
2.279245
2.279261
2.279418
2.279543
2.279295
2.279018
2.279438
2.279458
2.279298
2.279280
2.279429
2.279350
2.279429
2.279267
2.279280
2.279407
2.279345
2.279086
2.279267
2.279376
2.279364
2.278945
2.279137
2.279191
2.279161
2.279341
2.279232
2.279241
2.279370
2.279120
2.279069
2.279224
2.279130
2.279120
2.279255
2.279248
2.279413
2.279309
2.279429
2.279270
2.279152
2.279298
2.279410
2.279474
2.279419
2.279484
2.279612
2.279485
2.279179
2.279156
2.279055
2.279252
2.279440
2.279404
2.279381
2.279426
2.279446
2.279284
2.279317
2.279475
2.279587
2.279252
2.279359
2.279516
2.279103
2.279141
2.279325
2.279429
2.279652
2.279361
2.279403
2.279445
2.279454
2.279263
2.279228
2.279541
2.279645
2.279394
2.279081
2.279293
2.279083
2.279276
2.279295
2.279348
2.279248
2.279418
2.279215
2.279463
2.279561
2.279400
2.279413
2.279404
2.279506
2.279345
2.279299
2.279253
2.279375
2.279194
2.279359
2.279598
2.279668
2.279441
2.279245
2.279288
2.279463
2.278917
2.279071
2.279462
2.279162
2.279381
2.279049
2.279105
2.279214
2.279264
2.279410
2.279665
2.279553
2.279618
2.279474
2.279579
2.279814
2.279572
2.279281
2.279370
2.279438
2.279372
2.279236
2.279372
2.279552
2.279236
2.279214
2.279145
2.279494
2.279308
2.278941
2.279186
2.279145
2.279164
2.279018
2.279189
2.279546
2.279507
2.278984
2.279235
2.279211
2.279282
2.279088
2.279106
2.279261
2.279321
2.279028
2.278923
2.278982
2.279018
2.278855
2.278944
2.278971
2.279015
2.278948
2.278882
2.278994
2.279050
2.278884
2.278857
2.278944
2.279068
2.278858
2.278943
2.278983
2.278910
2.278788
2.279027
2.278764
2.278922
2.278842
2.278534
2.278548
2.278840
2.278469
2.278779
2.278746
2.278767
2.278477
2.278569
2.278714
2.278640
2.278368
2.278433
2.278537
2.278742
2.278517
2.278724
2.278779
2.278852
2.278668
2.278818
2.278870
2.278937
2.278450
2.278587
2.278485
2.278553
2.278256
2.278722
2.278840
2.278553
2.278599
2.278367
2.278497
2.278389
2.278415
2.278340
2.278714
2.278889
2.278818
2.278534
2.278344
2.278451
2.278257
2.278633
2.278727
2.278429
2.278460
2.278521
2.278521
2.278429
2.278359
2.278382
2.278466
2.278258
2.278277
2.278428
2.278306
2.277879
2.278089
2.278268
2.278376
2.278019
2.278199
2.278408
2.278004
2.278013
2.278035
2.278024
2.278085
2.277998
2.278063
2.277833
2.277836
2.277702
2.277741
2.277861
2.277799
2.277554
2.277548
2.277787
2.277569
2.277397
2.277327
2.277547
2.277794
2.277629
2.277629
2.277512
2.277688
2.277529
2.277609
2.277821
2.277958
2.277833
2.277756
2.277740
2.277521
2.277325
2.277353
2.277610
2.277623
2.277402
2.277565
2.277372
2.277318
2.277396
2.277397
2.277585
2.277482
2.277318
2.277469
2.277467
2.277375
2.277175
2.277017
2.277300
2.277529
2.277325
2.277286
2.277253
2.277246
2.277120
2.277012
2.276919
2.277158
2.277157
2.277165
2.276886
2.276930
2.276924
2.277088
2.277092
2.276986
2.276957
2.276838
2.276682
2.276791
2.276761
2.276582
2.276614
2.276747
2.276747
2.276740
2.276536
2.276645
2.276713
2.276312
2.276225
2.276273
2.276697
2.276112
2.276423
2.276339
2.276378
2.276432
2.276411
2.276461
2.276669
2.276569
2.276663
2.276524
2.276295
2.276094
2.276101
2.276373
2.276583
2.276586
2.276646
2.276446
2.276539
2.276439
2.276376
2.276668
2.276912
2.276350
2.276476
2.276565
2.276387
2.276494
2.276574
2.276534
2.276622
2.276409
2.276148
2.276267
2.276137
2.276219
2.276264
2.276670
2.276277
2.276080
2.276129
2.276275
2.276098
2.276719
2.276680
2.276853
2.276698
2.276678
2.276660
2.276457
2.276678
2.276714
2.276953
2.277064
2.276897
2.276963
2.276934
2.276841
2.276887
2.276970
2.277359
2.277251
2.277216
2.276742
2.277196
2.277172
2.277094
2.277451
2.277569
2.277748
2.277386
2.277210
2.277225
2.277222
2.277348
2.277304
2.277601
2.277352
2.277257
2.277288
2.277486
2.277552
2.277706
2.277910
2.277825
2.277910
2.277590
2.277741
2.277784
2.277745
2.278109
2.278345
2.278056
2.277749
2.277713
2.277842
2.277815
2.277846
2.277963
2.278187
2.277887
2.277708
2.277647
2.278004
2.278143
2.278327
2.278459
2.278361
2.278084
2.277886
2.278057
2.277935
2.278012
2.278123
2.278323
2.278226
2.277862
2.277946
2.278216
2.278286
2.278390
2.278696
2.278568
2.278177
2.277956
2.277960
2.278074
2.278122
2.278201
2.278296
2.278330
2.277887
2.277881
2.278085
2.278200
2.278167
2.278555
2.278385
2.278268
2.277966
2.278359
2.278361
2.278452
2.278349
2.278401
2.278410
2.278178
2.278035
2.278236
2.278132
2.278345
2.278270
2.278330
2.278076
2.277767
2.277775
2.278097
2.278215
2.277952
2.278271
2.278413
2.278106
2.278232
2.277773
2.278205
2.278339
2.278437
2.278172
2.278366
2.278056
2.278066
2.278093
2.278231
2.278472
2.278152
2.278398
2.278114
2.277753
2.278043
2.278212
2.278506
2.278411
2.278619
2.278500
2.278376
2.277790
2.277837
2.278246
2.278460
2.278467
2.278654
2.278702
2.278278
2.278263
2.278196
2.278327
2.278844
2.278737
2.278894
2.278521
2.278174
2.278014
2.278243
2.278320
2.278885
2.278985
2.279217
2.278394
2.278067
2.277728
2.277824
2.278315
2.278895
2.279170
2.278982
2.278347
2.277957
2.278177
2.278302
2.278383
2.278758
2.279162
2.278662
2.278306
2.277982
2.277962
2.277912
2.278132
2.278479
2.279287
2.278705
2.278481
2.278121
2.278570
2.278402
2.278752
2.278917
2.279252
2.278730
2.278627
2.278294
2.278680
2.278630
2.279177
2.279348
2.279653
2.278895
2.278447
2.278045
2.278361
2.278416
2.278857
2.278993
2.278923
2.278473
2.278075
2.278189
2.278314
2.278356
2.278495
2.278829
2.278851
2.278061
2.278100
2.277658
2.277692
2.277836
2.278265
2.278879
2.278560
2.278231
2.277758
2.277634
2.277501
2.277732
2.278284
2.278603
2.278265
2.277852
2.277555
2.277693
2.277640
2.277544
2.278091
2.278592
2.278314
2.277802
2.277851
2.277868
2.277912
2.277737
2.278161
2.278489
2.278298
2.277967
2.277943
2.278088
2.278068
2.277889
2.278351
2.278641
2.278444
2.278259
2.278009
2.278230
2.277977
2.278330
2.278627
2.278939
2.278585
2.278494
2.277993
2.278081
2.278531
2.278619
2.278810
2.279143
2.278946
2.278645
2.278175
2.278544
2.278619
2.278774
2.278982
2.279067
2.278880
2.278287
2.278401
2.278666
2.278686
2.279066
2.279319
2.279219
2.279145
2.278872
2.278802
2.278929
2.279101
2.279168
2.279392
2.279158
2.279378
2.279006
2.278889
2.279005
2.279006
2.279311
2.279361
2.279218
2.279156
2.279052
2.279130
2.279147
2.279311
2.279423
2.279341
2.279341
2.279247
2.279312
2.279318
2.278935
2.279316
2.279471
2.279687
2.279603
2.279440
2.279212
2.279342
2.279403
2.279394
2.279572
2.279646
2.279781
2.279435
2.279354
2.279373
2.279605
2.279583
2.279677
2.279731
2.279665
2.279525
2.279615
2.279667
2.279742
2.279620
2.279816
2.279969
2.280040
2.279497
2.279722
2.280020
2.279832
2.279917
2.280142
2.279866
2.279754
2.279537
2.279657
2.279494
2.279290
2.279395
2.279343
2.279471
2.279453
2.279307
2.279499
2.279457
2.279340
2.279705
2.279835
2.279665
2.279518
2.279721
2.279456
2.279552
2.279603
2.279493
2.279465
2.279450
2.279357
2.279561
2.279664
2.279510
2.279741
2.279594
2.279404
2.279516
2.279387
2.279480
2.279564
2.279775
2.279913
2.279590
2.279503
2.279457
2.279429
2.279619
2.279691
2.279995
2.279906
2.279829
2.279739
2.279792
2.279797
2.279512
2.280176
2.280137
2.280114
2.279758
2.279872
2.279794
2.279734
2.279887
2.280104
2.280207
2.279993
2.279972
2.279851
2.280024
2.279656
2.280182
2.280133
2.280120
2.279910
2.280062
2.280048
2.280143
2.280272
2.280514
2.280315
2.279898
2.279701
2.279910
2.280099
2.280030
2.280201
2.280201
2.280129
2.279871
2.279808
2.279854
2.279615
2.279760
2.279999
2.280014
2.279867
2.279814
2.279665
2.279782
2.279775
2.279913
2.280048
2.279856
2.279671
2.279476
2.279618
2.279426
2.279799
2.279681
2.279573
2.279558
2.279676
2.279271
2.279385
2.279133
2.279440
2.279538
2.279708
2.279594
2.279361
2.279174
2.279259
2.279322
2.279469
2.279739
2.279692
2.279305
2.278771
2.278892
2.278893
2.279006
2.279276
2.279329
2.279010
2.278630
2.278410
2.278365
2.278433
2.278961
2.278826
2.278770
2.278624
2.278211
2.278088
2.278283
2.278122
2.278339
2.278564
2.278408
2.277963
2.277593
2.277241
2.277542
2.277698
2.278376
2.277963
2.277746
2.277669
2.277122
2.276974
2.276677
2.277095
2.277563
2.277560
2.277380
2.277148
2.276591
2.276492
2.276123
2.276615
2.277092
2.277091
2.276375
2.276181
2.275881
2.275739
2.275863
2.276425
2.276945
2.276484
2.276328
2.275879
2.275481
2.275462
2.275419
2.276233
2.276462
2.276394
2.275808
2.275256
2.275068
2.275217
2.275329
2.276153
2.276151
2.276173
2.276116
2.275448
2.275283
2.275167
2.275354
2.275876
2.276193
2.275926
2.275872
2.275276
2.275257
2.275178
2.275317
2.275865
2.276043
2.275888
2.275755
2.275525
2.274908
2.275039
2.275385
2.275865
2.275958
2.275791
2.275684
2.275295
2.274866
2.275122
2.275484
2.275956
2.276013
2.275966
2.275848
2.275484
2.275040
2.274938
2.275097
2.275897
2.276044
2.276159
2.275922
2.275571
2.275462
2.275626
2.275652
2.275979
2.276405
2.276000
2.275931
2.275976
2.275488
2.275215
2.275625
2.275944
2.276269
2.276241
2.276138
2.275503
2.275045
2.274991
2.274905
2.275603
2.275680
2.275316
2.275239
2.275019
2.274722
2.274520
2.274908
2.275505
2.275530
2.275426
2.275216
2.275035
2.274888
2.274884
2.275062
2.275711
2.275547
2.275545
2.275528
2.274783
2.275081
2.274934
2.275214
2.275749
2.275620
2.275598
2.275296
2.275372
2.275157
2.275030
2.275594
2.275558
2.275631
2.275817
2.275210
2.275151
2.275276
2.275195
2.276043
2.275949
2.275918
2.275864
2.275522
2.275420
2.275336
2.275870
2.275974
2.275753
2.275817
2.275417
2.275245
2.275258
2.275423
2.275792
2.275957
2.276000
2.275643
2.275466
2.275307
2.275580
2.275918
2.275991
2.276149
2.276137
2.275777
2.275522
2.275383
2.275299
2.275920
2.275987
2.275834
2.275863
2.275501
2.275258
2.275540
2.275580
2.276059
2.276164
2.276044
2.275622
2.275046
2.275213
2.275207
2.275694
2.275980
2.276047
2.275677
2.275519
2.275416
2.275518
2.275737
2.276314
2.276538
2.276538
2.276127
2.276134
2.275914
2.275892
2.276552
2.276567
2.276621
2.276563
2.276225
2.276155
2.276633
2.276866
2.277449
2.277572
2.277300
2.277035
2.276859
2.276748
2.276999
2.277458
2.277618
2.277849
2.277864
2.277371
2.277183
2.277353
2.277814
2.278315
2.278163
2.278007
2.278034
2.277750
2.277502
2.277832
2.277939
2.278268
2.278185
2.278430
2.277905
2.277702
2.277592
2.277645
2.278465
2.278436
2.278504
2.278321
2.277606
2.277705
2.277759
2.278041
2.278594
2.278453
2.278281
2.278049
2.277806
2.277817
2.277727
2.278157
2.278386
2.278184
2.278286
2.277649
2.277402
2.277560
2.277504
2.278140
2.278202
2.278187
2.278058
2.277699
2.277513
2.277594
2.277933
2.278447
2.278483
2.278346
2.277960
2.277700
2.277712
2.277569
2.278312
2.278463
2.278345
2.278361
2.277848
2.277620
2.277689
2.277826
2.278278
2.278394
2.278337
2.277943
2.277736
2.277487
2.277510
2.278069
2.278436
2.278372
2.278633
2.278102
2.277767
2.277797
2.277893
2.278091
2.278553
2.278495
2.278267
2.277874
2.277686
2.277734
2.277694
2.278455
2.278596
2.278484
2.278239
2.277918
2.277941
2.278012
2.278153
2.278335
2.278183
2.278539
2.278161
2.277650
2.277659
2.277828
2.278189
2.278312
2.278412
2.278399
2.278028
2.277838
2.277744
2.277815
2.278374
2.278356
2.278407
2.278014
2.277959
2.277778
2.277741
2.277865
2.278369
2.278410
2.278193
2.277969
2.277890
2.277642
2.277713
2.277840
2.278429
2.278111
2.278066
2.277885
2.277669
2.277576
2.277394
2.277649
2.278092
2.278209
2.277881
2.277585
2.277517
2.277548
2.277007
2.277613
2.277738
2.277997
2.277896
2.277496
2.277255
2.277382
2.277705
2.278067
2.278273
2.278183
2.277897
2.277678
2.277800
2.277460
2.277423
2.277863
2.277650
2.277642
2.277610
2.277645
2.277486
2.277549
2.277519
2.278081
2.278235
2.277896
2.277592
2.277534
2.277738
2.277312
2.277842
2.278169
2.278405
2.277841
2.277571
2.277537
2.277551
2.277362
2.277846
2.277756
2.277865
2.277429
2.277387
2.277367
2.277361
2.277890
2.277891
2.277700
2.277657
2.277335
2.277490
2.277545
2.277462
2.277613
2.277836
2.277854
2.277538
2.277591
2.277343
2.277344
2.277376
2.277708
2.277948
2.277685
2.277272
2.277354
2.277282
2.277198
2.277293
2.277469
2.277465
2.277244
2.277118
2.277064
2.276929
2.277070
2.277508
2.277361
2.277365
2.276969
2.277147
2.276989
2.276973
2.276928
2.277222
2.277476
2.277115
2.276959
2.276743
2.276658
2.276546
2.276959
2.276553
2.276813
2.276508
2.276403
2.276054
2.276205
2.276410
2.276534
2.276321
2.276434
2.276340
2.276259
2.275819
2.275930
2.276306
2.276382
2.276350
2.276259
2.276171
2.276209
2.276059
2.275894
2.276127
2.276282
2.276302
2.276216
2.275841
2.276067
2.275878
2.275880
2.276326
2.276161
2.276132
2.275918
2.275822
2.276019
2.275839
2.276034
2.276239
2.276034
2.275987
2.275762
2.275721
2.275740
2.275649
2.275913
2.275823
2.276164
2.276155
2.275576
2.275435
2.275408
2.275527
2.275884
2.275792
2.275865
2.275698
2.275456
2.275485
2.275339
2.275373
2.275695
2.275831
2.275594
2.275601
2.275411
2.275474
2.275550
2.275664
2.275899
2.275794
2.275402
2.275272
2.275185
2.275188
2.274839
2.275236
2.275367
2.275499
2.274898
2.274688
2.274623
2.274613
2.274396
2.274733
2.274770
2.274610
2.274294
2.274296
2.274696
2.274544
2.274388
2.274529
2.274566
2.273930
2.272760
2.272402
2.273378
2.273795
2.274700
2.275444
2.275339
2.275211
2.274474
2.274279
2.274728
2.274176
2.274895
2.275323
2.275180
2.274842
2.273661
2.273363
2.274100
2.273932
2.274448
2.274904
2.274898
2.274537
2.273412
2.272810
2.273898
2.273727
2.274483
2.275081
2.275277
2.274746
2.273227
2.272929
2.274063
2.274168
2.275149
2.275314
2.275162
2.274895
2.273514
2.273180
2.274320
2.274451
2.275339
2.275442
2.275134
2.274917
2.273863
2.273923
2.274568
2.275016
2.275524
2.275822
2.275247
2.274830
2.274116
2.274373
2.274556
2.275108
2.275847
2.275747
2.275075
2.275141
2.274600
2.274882
2.275022
2.275885
2.276350
2.276172
2.275690
2.275481
2.275101
2.275453
2.275188
2.275724
2.276353
2.276101
2.275998
2.275686
2.275212
2.275352
2.275575
2.276322
2.276343
2.275964
2.275759
2.275401
2.275195
2.275555
2.275703
2.276511
2.276393
2.276208
2.276245
2.275596
2.275727
2.275593
2.276105
2.276266
2.276378
2.276174
2.276295
2.275562
2.275717
2.275795
2.276377
2.276427
2.276538
2.276370
2.276375
2.275785
2.275850
2.275796
2.276591
2.276667
2.276526
2.276559
2.276126
2.275748
2.275826
2.276379
2.276846
2.276628
2.276523
2.276527
2.275819
2.275478
2.275880
2.276348
2.276530
2.276460
2.276393
2.276514
2.275845
2.275492
2.275668
2.276261
2.276248
2.276143
2.275823
2.275981
2.275444
2.275637
2.275590
2.276260
2.276371
2.275822
2.275805
2.275551
2.275080
2.275468
2.275752
2.275978
2.275889
2.275674
2.275729
2.275856
2.275341
2.275520
2.275982
2.276133
2.276161
2.275816
2.275634
2.275510
2.275184
2.275285
2.276027
2.276243
2.275947
2.275738
2.275435
2.274991
2.275183
2.275355
2.275872
2.275678
2.275537
2.275274
2.274901
2.274689
2.274734
2.275219
2.275360
2.275317
2.275038
2.274749
2.273926
2.273978
2.274265
2.274933
2.275025
2.274766
2.274643
2.274011
2.273615
2.274044
2.274240
2.274609
2.274427
2.273978
2.273431
2.273006
2.272903
2.273510
2.273544
2.273976
2.273777
2.273036
2.272372
2.272049
2.272206
2.272702
2.272685
2.273057
2.272599
2.272063
2.271562
2.271287
2.271509
2.271823
2.271796
2.272273
2.271898
2.271412
2.270893
2.270790
2.271203
2.271308
2.271474
2.271571
2.271018
2.270640
2.270216
2.270469
2.271262
2.271241
2.271453
2.271503
2.270882
2.270657
2.269882
2.270671
2.270981
2.271093
2.271267
2.271237
2.270705
2.270260
2.270011
2.270709
2.271143
2.271376
2.271668
2.271630
2.270981
2.270709
2.270513
2.270803
2.271405
2.271542
2.271648
2.271449
2.271212
2.270477
2.270508
2.270942
2.271606
2.271748
2.271990
2.271898
2.271183
2.270659
2.270452
2.270766
2.270982
2.271081
2.271380
2.271158
2.270910
2.270383
2.270418
2.270581
2.270941
2.270738
2.271149
2.271066
2.270298
2.269886
2.269924
2.270472
2.270701
2.270693
2.271173
2.270904
2.270367
2.269742
2.269939
2.270383
2.270411
2.270439
2.270747
2.270373
2.269866
2.269884
2.269548
2.270105
2.270096
2.270183
2.270408
2.270070
2.269769
2.269447
2.269245
2.269689
2.270184
2.270091
2.270413
2.269843
2.269638
2.269023
2.269246
2.269427
2.269634
2.269314
2.269991
2.269513
2.269404
2.269053
2.268679
2.269331
2.269560
2.269430
2.269788
2.269264
2.269058
2.268659
2.268388
2.268684
2.268904
2.268875
2.269242
2.268592
2.268429
2.268157
2.267812
2.268274
2.268414
2.268136
2.268209
2.267799
2.267576
2.267215
2.267351
2.267401
2.268045
2.267853
2.267987
2.267831
2.267488
2.267061
2.267124
2.267666
2.267889
2.267971
2.268195
2.268187
2.267914
2.268002
2.267660
2.268342
2.268735
2.268845
2.269189
2.269078
2.269054
2.268367
2.268326
2.269029
2.269356
2.269035
2.269573
2.269912
2.269607
2.269214
2.269119
2.269568
2.269937
2.269989
2.270276
2.270598
2.269999
2.269585
2.269343
2.269756
2.270381
2.270126
2.270378
2.270523
2.270158
2.269778
2.269426
2.269874
2.270368
2.270231
2.270354
2.270685
2.270190
2.269598
2.269377
2.269573
2.270072
2.270123
2.270307
2.270620
2.270011
2.269664
2.269496
2.270030
2.270495
2.270177
2.270661
2.270852
2.270083
2.269765
2.269126
2.269730
2.270164
2.270059
2.270471
2.270520
2.270248
2.269650
2.269217
2.269774
2.270203
2.270002
2.270288
2.270312
2.270030
2.269416
2.269259
2.269686
2.270046
2.270150
2.270100
2.270060
2.269999
2.269691
2.269179
2.269572
2.269930
2.270086
2.270319
2.270316
2.269983
2.269537
2.269207
2.269478
2.270061
2.269882
2.270083
2.270226
2.269828
2.269322
2.269332
2.269623
2.270030
2.270085
2.270148
2.270210
2.270086
2.269638
2.269233
2.269624
2.269923
2.269942
2.269903
2.270156
2.269841
2.269431
2.269371
2.269817
2.269880
2.269833
2.269679
2.269831
2.269585
2.269331
2.268974
2.269393
2.269827
2.269512
2.269524
2.270015
2.269682
2.269583
2.269122
2.269208
2.269641
2.269486
2.269551
2.270010
2.269580
2.269461
2.269069
2.269101
2.269528
2.269403
2.269346
2.269719
2.269254
2.269294
2.268844
2.268713
2.269396
2.269593
2.269548
2.269565
2.269423
2.269607
2.268903
2.268648
2.269128
2.269454
2.269410
2.269570
2.269886
2.269569
2.269061
2.268547
2.269029
2.269727
2.269728
2.269677
2.269701
2.269360
2.269187
2.268605
2.269302
2.269582
2.269670
2.269406
2.269673
2.269266
2.269387
2.268894
2.268836
2.269402
2.269491
2.269286
2.269723
2.269666
2.269467
2.269028
2.268881
2.269242
2.269759
2.269676
2.269674
2.269787
2.269666
2.269245
2.269180
2.269545
2.269837
2.269658
2.269741
2.270080
2.269820
2.269605
2.269406
2.269700
2.270249
2.269809
2.270089
2.270163
2.269773
2.269689
2.269178
2.269538
2.269817
2.269992
2.270240
2.270324
2.269995
2.270043
2.269700
2.269577
2.270012
2.270543
2.270405
2.270448
2.270292
2.270103
2.269773
2.269784
2.270104
2.270414
2.270444
2.270435
2.270408
2.270159
2.270334
2.269951
2.269993
2.270446
2.270564
2.270444
2.270719
2.270207
2.270182
2.270090
2.269798
2.270108
2.270352
2.270457
2.270440
2.270251
2.270104
2.270063
2.269646
2.270299
2.270367
2.270665
2.270578
2.270581
2.270145
2.270158
2.269912
2.270014
2.270114
2.270267
2.270395
2.270703
2.270426
2.270346
2.270083
2.269848
2.270222
2.270424
2.270368
2.270686
2.270529
2.270394
2.270224
2.270083
2.270055
2.270457
2.270827
2.270629
2.270578
2.270479
2.270335
2.269971
2.270003
2.270308
2.270500
2.270693
2.270682
2.270499
2.270620
2.270275
2.269781
2.270100
2.270714
2.270648
2.270635
2.270819
2.270709
2.270705
2.270341
2.269922
2.270004
2.270445
2.270628
2.270716
2.270535
2.270243
2.270421
2.270036
2.270037
2.270273
2.270318
2.270440
2.270436
2.270620
2.270361
2.270198
2.270061
2.270078
2.270395
2.270405
2.270372
2.270540
2.270301
2.270035
2.270293
2.269958
2.269897
2.270337
2.270199
2.270172
2.270480
2.270361
2.270262
2.270185
2.270023
2.270057
2.270235
2.270430
2.270476
2.270473
2.270262
2.270161
2.270248
2.270268
2.270336
2.270413
2.270577
2.270569
2.270708
2.270495
2.270662
2.270491
2.270515
2.270409
2.270254
2.270361
2.270386
2.270297
2.270471
2.270196
2.270376
2.270049
2.270206
2.270299
2.270287
2.270390
2.270403
2.270262
2.270287
2.270165
2.270010
2.270333
2.270120
2.270216
2.270398
2.270162
2.270153
2.270084
2.270036
2.270223
2.270145
2.270242
2.270194
2.270050
2.270175
2.270057
2.270145
2.270241
2.270287
2.270032
2.270285
2.270186
2.270187
2.270278
2.270321
2.270097
2.270139
2.270232
2.270250
2.270216
2.270200
2.270219
2.270364
2.270198
2.270219
2.270269
2.270439
2.270335
2.270469
2.270523
2.270774
2.270842
2.271096
2.271581
2.271678
2.271695
2.271394
2.271597
2.271389
2.271354
2.271418
2.271686
2.271724
2.271676
2.271830
2.271674
2.271637
2.271749
2.271626
2.271801
2.271900
2.271660
2.271753
2.271784
2.271625
2.271565
2.271516
2.271460
2.271367
2.271320
2.271342
2.271696
2.271615
2.271529
2.271551
2.271522
2.271655
2.271456
2.271622
2.271625
2.271658
2.271584
2.271539
2.271612
2.271577
2.271658
2.271687
2.271601
2.271665
2.271687
2.271467
2.271520
2.271572
2.271553
2.271513
2.271567
2.271396
2.271674
2.271475
2.271279
2.271362
2.271670
2.271565
2.271451
2.271414
2.271544
2.271326
2.271317
2.271343
2.271511
2.271273
2.271193
2.271159
2.271639
2.271374
2.271362
2.271259
2.271335
2.271197
2.271376
2.271320
2.271233
2.271363
2.271388
2.271391
2.271452
2.271576
2.271526
2.271510
2.271693
2.271448
2.271351
2.271468
2.271537
2.271478
2.271316
2.271407
2.271479
2.271392
2.271655
2.271672
2.271600
2.271750
2.271740
2.271520
2.271447
2.271344
2.271600
2.271607
2.271687
2.271811
2.271729
2.271471
2.271538
2.271425
2.271464
2.271491
2.271436
2.271462
2.271562
2.271616
2.271433
2.271591
2.271580
2.271276
2.271174
2.271286
2.271183
2.271369
2.271233
2.271113
2.271178
2.271181
2.271402
2.271567
2.271438
2.271380
2.271336
2.271197
2.271348
2.271321
2.271379
2.271526
2.271370
2.271296
2.271339
2.271340
2.271068
2.271452
2.271467
2.271287
2.271338
2.271290
2.271298
2.271373
2.271302
2.271422
2.271363
2.271184
2.271420
2.271329
2.271422
2.271584
2.271407
2.271552
2.271660
2.271250
2.271527
2.271550
2.271349
2.271473
2.271234
2.271414
2.271481
2.271279
2.271253
2.271406
2.271392
2.271196
2.271324
2.271248
2.271181
2.271415
2.271411
2.271409
2.271466
2.271466
2.271222
2.271110
2.271273
2.271107
2.271177
2.271119
2.271144
2.271404
2.271470
2.271596
2.271133
2.271072
2.271053
2.271263
2.271109
2.271280
2.271320
2.271430
2.271263
2.271383
2.271345
2.271332
2.271191
2.271192
2.271302
2.271173
2.271438
2.271402
2.271404
2.271251
2.271213
2.271090
2.271171
2.271248
2.271007
2.271143
2.270967
2.271148
2.271063
2.271236
2.271158
2.271233
2.271144
2.271071
2.271208
2.271259
2.271304
2.271338
2.271179
2.271299
2.271484
2.271482
2.271706
2.271523
2.271335
2.271476
2.271467
2.271296
2.271521
2.271261
2.271392
2.271291
2.271340
2.271460
2.271632
2.271615
2.271566
2.271572
2.271321
2.271513
2.271506
2.271352
2.271498
2.271490
2.271482
2.271536
2.271410
2.271558
2.271501
2.271468
2.271500
2.271758
2.271609
2.271447
2.271571
2.271525
2.271679
2.271661
2.271512
2.271271
2.271646
2.271577
2.271447
2.271445
2.271391
2.271295
2.271324
2.271306
2.271149
2.271246
2.271422
2.271287
2.271086
2.271270
2.271323
2.271375
2.271054
2.271088
2.271131
2.271156
2.271031
2.271245
2.271358
2.271383
2.271270
2.271128
2.271256
2.271241
2.271191
2.271323
2.271330
2.271346
2.271205
2.271180
2.271380
2.271536
2.271595
2.271658
2.271675
2.271301
2.271468
2.271639
2.271401
2.271433
2.271401
2.271428
2.271370
2.271492
2.271371
2.271317
2.271156
2.271238
2.271327
2.271465
2.271479
2.271570
2.271355
2.271484
2.271395
2.271470
2.271439
2.271399
2.271472
2.271346
2.271066
2.271188
2.271198
2.271075
2.271293
2.271252
2.271281
2.271508
2.271493
2.271190
2.271351
2.271363
2.271527
2.271304
2.271147
2.271317
2.271241
2.271551
2.271337
2.271312
2.271152
2.271356
2.271245
2.271272
2.271272
2.271224
2.271397
2.271150
2.270980
2.271132
2.271342
2.271267
2.271184
2.271435
2.271278
2.271425
2.271019
2.271374
2.271063
2.271143
2.271313
2.271173
2.271307
2.271188
2.271312
2.271406
2.271300
2.271460
2.271311
2.271620
2.271343
2.271377
2.271358
2.271681
2.271375
2.271621
2.271402
2.271423
2.271386
2.271538
2.271485
2.271523
2.271335
2.271543
2.271472
2.271420
2.271344
2.271536
2.271412
2.271476
2.271561
2.271458
2.271382
2.271313
2.271228
2.271593
2.271430
2.271170
2.271276
2.271380
2.271342
2.271289
2.271373
2.271550
2.271321
2.271264
2.271258
2.271370
2.271434
2.271392
2.271337
2.271199
2.271221
2.271182
2.271374
2.271368
2.271153
2.271322
2.271357
2.271445
2.271453
2.271333
2.271432
2.271508
2.271294
2.271470
2.271313
2.271447
2.271487
2.271217
2.271206
2.271320
2.271516
2.271379
2.271342
2.271296
2.271472
2.271571
2.271287
2.271596
2.271743
2.271873
2.271984
2.271584
2.271658
2.271562
2.271747
2.271695
2.271407
2.271585
2.271516
2.271746
2.271706
2.271340
2.271534
2.271514
2.271734
2.271760
2.271503
2.271336
2.271331
2.271559
2.271832
2.271571
2.271523
2.271588
2.271404
2.271414
2.271582
2.271472
2.271251
2.271281
2.271454
2.271540
2.271463
2.271503
2.271529
2.271347
2.271298
2.271399
2.271411
2.271314
2.271144
2.271175
2.271267
2.271259
2.271456
2.271514
2.271464
2.271450
2.271372
2.271338
2.271426
2.271294
2.271330
2.271169
2.271280
2.271084
2.271339
2.271127
2.271200
2.271349
2.271361
2.271251
2.271332
2.271223
2.271148
2.271147
2.271256
2.271267
2.271123
2.271192
2.271155
2.271271
2.271478
2.271537
2.271555
2.271345
2.271416
2.271152
2.271129
2.271343
2.271354
2.271392
2.271233
2.271269
2.271205
2.271388
2.271358
2.271248
2.271061
2.271124
2.271331
2.271447
2.271585
2.271406
2.271228
2.271307
2.271617
2.271351
2.271439
2.271610
2.271540
2.271570
2.271633
2.271453
2.271531
2.271432
2.271586
2.271345
2.271337
2.271320
2.271375
2.271283
2.271333
2.271399
2.271255
2.271458
2.271491
2.271405
2.271236
2.271323
2.271487
2.271360
2.271330
2.271162
2.271213
2.271236
2.271153
2.271323
2.271512
2.271413
2.271336
2.271445
2.271255
2.271184
2.271243
2.271188
2.271187
2.271172
2.271340
2.271249
2.271111
2.271101
2.271233
2.271152
2.271377
2.271385
2.271209
2.271423
2.271585
2.271460
2.271160
2.271470
2.271584
2.271433
2.271498
2.271292
2.271448
2.271454
2.271418
2.271284
2.271422
2.271588
2.271445
2.271637
2.271556
2.271488
2.271533
2.271506
2.271682
2.271561
2.271504
2.271362
2.271550
2.271743
2.271678
2.271656
2.271518
2.271596
2.271377
2.271347
2.271225
2.271022
2.271192
2.271295
2.271315
2.271226
2.271312
2.271330
2.271254
2.271258
2.271224
2.271139
2.271343
2.271185
2.271237
2.271259
2.271309
2.271325
2.271444
2.271355
2.271317
2.271088
2.271243
2.271402
2.271137
2.271050
2.271060
2.270951
2.271407
2.271105
2.271369
2.271363
2.271242
2.271512
2.271371
2.271106
2.271189
2.271371
2.271318
2.271406
2.271444
2.271283
2.271221
2.271423
2.271338
2.271291
2.271454
2.271484
2.271485
2.271438
2.271352
2.271215
2.271087
2.271382
2.271309
2.271258
2.271328
2.271281
2.271230
2.270936
2.271134
2.271146
2.271102
2.271131
2.271416
2.271306
2.271039
2.271163
2.270932
2.271176
2.271195
2.271324
2.271358
2.271200
2.271226
2.271313
2.271215
2.271122
2.270984
2.271203
2.271454
2.271515
2.271149
2.271122
2.271241
2.271288
2.271167
2.271137
2.271297
2.271225
2.271213
2.271146
2.271214
2.271242
2.271242
2.271333
2.271093
2.271154
2.271011
2.271050
2.270873
2.270907
2.270929
2.270865
2.271005
2.271012
2.270918
2.270989
2.270836
2.271049
2.271280
2.271006
2.270926
2.270926
2.270959
2.270967
2.270840
2.270987
2.271132
2.271144
2.271191
2.271233
2.271090
2.270900
2.271001
2.271004
2.270790
2.270806
2.270747
2.270950
2.270835
2.270911
2.270984
2.270842
2.270855
2.270901
2.270789
2.270817
2.270972
2.270918
2.270984
2.270831
2.270826
2.270778
2.270709
2.270858
2.270823
2.270866
2.270826
2.270874
2.270812
2.270594
2.270823
2.270895
2.270769
2.270933
2.270734
2.270750
2.270699
2.270873
2.270911
2.270834
2.270827
2.270870
2.270883
2.271079
2.271037
2.270817
2.270727
2.270925
2.270674
2.270885
2.270670
2.270823
2.271098
2.270876
2.270902
2.270926
2.270898
2.270799
2.270715
2.270823
2.270718
2.270837
2.270851
2.270829
2.270787
2.270740
2.270887
2.270663
2.270994
2.271017
2.271065
2.271011
2.271179
2.271132
2.271073
2.271022
2.271067
2.270994
2.271110
2.271101
2.271009
2.271021
2.271088
2.270890
2.271124
2.270922
2.271222
2.270850
2.271245
2.271161
2.270999
2.271115
2.271018
2.271008
2.271072
2.271215
2.270836
2.271262
2.270904
2.270958
2.271154
2.271003
2.271111
2.271227
2.271214
2.271035
2.271233
2.270936
2.270946
2.271008
2.271072
2.271006
2.271153
2.271043
2.271211
2.271168
2.271186
2.270967
2.271084
2.270862
2.271197
2.271010
2.270936
2.270984
2.270896
2.271006
2.270953
2.271025
2.270948
2.271010
2.271035
2.270905
2.271038
2.271041
2.270984
2.270733
2.270952
2.270854
2.271112
2.270994
2.270966
2.270874
2.270848
2.270898
2.270775
2.270985
2.270904
2.270870
2.270978
2.270860
2.271003
2.270854
2.270871
2.270968
2.270889
2.270812
2.270869
2.271014
2.270874
2.270787
2.271081
2.271048
2.270836
2.270940
2.270998
2.271129
2.270969
2.270748
2.270891
2.271074
2.270837
2.270632
2.270760
2.270784
2.270778
2.270761
2.270771
2.270633
2.270823
2.270638
2.270608
2.270452
2.270532
2.270804
2.270706
2.270674
2.270637
2.270320
2.270527
2.270468
2.270455
2.270661
2.270448
2.270211
2.270287
2.270311
2.270335
2.270357
2.270189
2.270521
2.270558
2.270413
2.270229
2.270250
2.270279
2.270553
2.270608
2.270398
2.270457
2.270386
2.270338
2.270324
2.270420
2.270420
2.270325
2.270522
2.270398
2.270319
2.270244
2.270305
2.270389
2.270376
2.270785
2.270541
2.270753
2.270620
2.270580
2.270612
2.270293
2.270296
2.270133
2.270247
2.270494
2.270404
2.270110
2.270026
2.270192
2.270241
2.270082
2.269897
2.270060
2.270321
2.270014
2.270043
2.269992
2.270119
2.270064
2.269891
2.269914
2.270050
2.269949
2.269951
2.269981
2.269902
2.269748
2.269899
2.269874
2.270073
2.269887
2.269938
2.269762
2.269847
2.269861
2.269883
2.269822
2.269949
2.269968
2.269961
2.269768
2.269964
2.269756
2.269776
2.269784
2.269796
2.269852
2.269802
2.269678
2.269642
2.269770
2.269568
2.269610
2.269623
2.269536
2.269600
2.269441
2.269414
2.269482
2.269479
2.269463
2.269530
2.269530
2.269623
2.269505
2.269726
2.269520
2.269537
2.269745
2.269716
2.269847
2.269709
2.269775
2.269698
2.269580
2.269551
2.269622
2.269372
2.269552
2.269609
2.269466
2.269507
2.269444
2.269285
2.269436
2.269247
2.269207
2.269217
2.269344
2.269372
2.269323
2.269304
2.269374
2.269180
2.269436
2.269200
2.269392
2.269329
2.269375
2.269283
2.269465
2.269179
2.269059
2.269267
2.269268
2.269117
2.268925
2.268973
2.269163
2.269192
2.269229
2.269110
2.269262
2.269105
2.269202
2.268962
2.269209
2.269061
2.269365
2.269201
2.269083
2.269174
2.269403
2.269152
2.268985
2.269013
2.268983
2.268745
2.268808
2.269012
2.268945
2.268993
2.268987
2.268930
2.269058
2.269065
2.268713
2.268937
2.268956
2.269015
2.269143
2.269120
2.269010
2.269008
2.269086
2.269188
2.269036
2.269252
2.269018
2.269186
2.268912
2.269118
2.269090
2.268922
2.269008
2.268932
2.268931
2.268904
2.268909
2.268741
2.269058
2.268941
2.268960
2.269206
2.269043
2.269050
2.269031
2.268953
2.268927
2.269172
2.269056
2.269210
2.269035
2.269157
2.268865
2.269037
2.268922
2.268860
2.268976
2.268781
2.268855
2.268835
2.268760
2.268684
2.268997
2.269027
2.268780
2.268758
2.269055
2.268963
2.268896
2.269005
2.269100
2.268859
2.268910
2.268836
2.268826
2.269062
2.268825
2.268855
2.268814
2.269139
2.269121
2.268624
2.268650
2.268694
2.268777
2.268763
2.268643
2.268789
2.268502
2.268704
2.268409
2.268614
2.268593
2.268537
2.268720
2.268670
2.268804
2.268841
2.268929
2.268814
2.268999
2.268767
2.268648
2.268679
2.268606
2.268319
2.268552
2.268597
2.268566
2.268659
2.268692
2.268435
2.268543
2.268730
2.268570
2.268750
2.268616
2.268502
2.268466
2.268609
2.268711
2.268871
2.268851
2.268696
2.268838
2.268602
2.268535
2.268550
2.268625
2.268516
2.268425
2.268648
2.268600
2.268618
2.268665
2.268477
2.268559
2.268642
2.268568
2.268696
2.268533
2.268637
2.268592
2.268544
2.268326
2.268679
2.268716
2.268555
2.268545
2.268482
2.268713
2.268666
2.268640
2.268772
2.268903
2.268672
2.268485
2.268583
2.268620
2.268524
2.268577
2.268658
2.268544
2.268659
2.268571
2.268603
2.268522
2.268581
2.268653
2.268951
2.268331
2.268639
2.268915
2.268570
2.268680
2.268904
2.268627
2.268645
2.268751
2.268778
2.268699
2.268704
2.268864
2.268646
2.268459
2.268531
2.268813
2.268639
2.268563
2.268577
2.268457
2.268682
2.268484
2.268581
2.268472
2.268724
2.268585
2.268816
2.268697
2.268712
2.268912
2.268609
2.268503
2.268488
2.268493
2.268631
2.268510
2.268521
2.268717
2.268818
2.268484
2.268606
2.268618
2.268766
2.268735
2.268494
2.268862
2.268791
2.268554
2.268575
2.268735
2.268561
2.268620
2.268398
2.268335
2.268400
2.268399
2.268477
2.268474
2.268557
2.268493
2.268595
2.268347
2.268409
2.268628
2.268336
2.268372
2.268438
2.268451
2.268337
2.268438
2.268592
2.268129
2.268404
2.268366
2.268397
2.268462
2.268453
2.268509
2.268725
2.268686
2.268431
2.268497
2.268413
2.268122
2.268442
2.268606
2.268620
2.268431
2.268530
2.268633
2.268390
2.268329
2.268427
2.268484
2.268385
2.268444
2.268517
2.268419
2.268558
2.268513
2.268617
2.268705
2.268546
2.268426
2.268561
2.268366
2.268505
2.268708
2.268488
2.268285
2.268260
2.268494
2.268362
2.268563
2.268646
2.268685
2.268612
2.268561
2.268704
2.268605
2.268362
2.268395
2.268642
2.268813
2.268748
2.268679
2.268706
2.268670
2.268522
2.268708
2.268808
2.268702
2.268690
2.268477
2.268391
2.268413
2.268500
2.268623
2.268710
2.268505
2.268835
2.268801
2.268745
2.268718
2.268290
2.268534
2.268578
2.268541
2.268674
2.268708
2.268729
2.268684
2.268816
2.268807
2.268739
2.268533
2.268624
2.268700
2.268746
2.268624
2.268497
2.268561
2.268576
2.268801
2.268649
2.268720
2.268653
2.268670
2.268477
2.268674
2.268593
2.268561
2.268540
2.268566
2.268605
2.268893
2.268463
2.268624
2.268656
2.268775
2.268794
2.268619
2.268552
2.268614
2.268486
2.268603
2.268738
2.268685
2.268642
2.268508
2.268599
2.268392
2.268611
2.268544
2.268665
2.268362
2.268637
2.268768
2.268736
2.268651
2.268603
2.268623
2.268574
2.268500
2.268703
2.268567
2.268654
2.268418
2.268493
2.268646
2.268676
2.268616
2.268518
2.268751
2.268825
2.268605
2.268635
2.268617
2.268702
2.268586
2.268500
2.268620
2.268714
2.268696
2.268691
2.268687
2.268735
2.268744
2.268852
2.268673
2.268608
2.268719
2.268634
2.268733
2.268705
2.268655
2.268507
2.268627
2.268933
2.268603
2.268729
2.268576
2.268696
2.268611
2.268677
2.268614
2.268587
2.268531
2.268487
2.268602
2.268678
2.268467
2.268620
2.268724
2.268680
2.268726
2.268835
2.268601
2.268702
2.268628
2.268514
2.268689
2.268447
2.268601
2.268704
2.268596
2.268766
2.268450
2.268474
2.268475
2.268570
2.268652
2.268801
2.268755
2.268535
2.268621
2.268690
2.268455
2.268569
2.268687
2.268828
2.268608
2.268485
2.268348
2.268547
2.268453
2.268475
2.268394
2.268460
2.268231
2.268320
2.268258
2.268389
2.268233
2.268277
2.268841
2.268410
2.268309
2.268423
2.268481
2.268522
2.268692
2.268611
2.268850
2.268728
2.268365
2.268549
2.268453
2.268635
2.268612
2.268751
2.268664
2.268575
2.268620
2.268668
2.268330
2.268511
2.268541
2.268502
2.268614
2.268769
2.268689
2.268795
2.268668
2.268856
2.268661
2.268562
2.268646
2.268668
2.268533
2.268746
2.268543
2.268631
2.268569
2.268742
2.268673
2.268564
2.268347
2.268412
2.268624
2.268621
2.268376
2.268347
2.268502
2.268557
2.268549
2.268548
2.268530
2.268390
2.268546
2.268271
2.268515
2.268583
2.268481
2.268322
2.268455
2.268437
2.268109
2.267780
2.266917
2.265900
2.265127
2.265501
2.265757
2.266336
2.266932
2.267228
2.267647
2.267672
2.267587
2.267579
2.267655
2.267583
2.267535
2.267694
2.267712
2.267687
2.267454
2.267336
2.267325
2.267106
2.266920
2.266871
2.267208
2.267102
2.267051
2.266936
2.266880
2.267056
2.266875
2.267084
2.267078
2.267159
2.267208
2.267009
2.267013
2.267196
2.267110
2.267223
2.267142
2.267347
2.267222
2.267279
2.267253
2.267599
2.267535
2.267513
2.267522
2.267656
2.268010
2.267810
2.267895
2.267939
2.267902
2.267972
2.267903
2.267931
2.267815
2.268045
2.268193
2.268072
2.268157
2.268082
2.267694
2.267791
2.267864
2.268021
2.267987
2.268038
2.268000
2.268082
2.267935
2.268053
2.268150
2.268188
2.268117
2.268176
2.268104
2.268232
2.268178
2.268049
2.268131
2.268193
2.268085
2.268127
2.268173
2.268250
2.268150
2.268223
2.268489
2.268656
2.268536
2.268630
2.268524
2.268435
2.268389
2.268354
2.268397
2.268327
2.268375
2.268220
2.268127
2.268120
2.267869
2.268012
2.268144
2.268149
2.268003
2.268323
2.267974
2.268171
2.268040
2.268141
2.268230
2.268343
2.268359
2.268282
2.268165
2.268181
2.268280
2.268445
2.268240
2.268332
2.268342
2.268427
2.268302
2.268330
2.268268
2.268220
2.268513
2.268286
2.268515
2.268593
2.268356
2.268324
2.268387
2.268627
2.268482
2.268649
2.268494
2.268411
2.268320
2.268524
2.268642
2.268744
2.268549
2.268454
2.268573
2.268417
2.268410
2.268199
2.268541
2.268389
2.268409
2.268556
2.268448
2.268426
2.268259
2.268466
2.268552
2.268546
2.268426
2.268406
2.268661
2.268616
2.268602
2.268808
2.268886
2.268875
2.268807
2.268634
2.268391
2.268685
2.268553
2.268509
2.268649
2.268550
2.268461
2.268425
2.268418
2.268317
2.268293
2.268564
2.268507
2.268351
2.268528
2.268455
2.268306
2.268593
2.268497
2.268553
2.268298
2.268380
2.268283
2.268388
2.268513
2.268343
2.268388
2.268168
2.268495
2.268529
2.268383
2.268122
2.268267
2.268286
2.268494
2.268507
2.268357
2.268373
2.268358
2.268307
2.268371
2.268306
2.268216
2.268196
2.268255
2.268386
2.268431
2.268271
2.268420
2.268870
2.268690
2.268291
2.268413
2.268409
2.268401
2.268240
2.268295
2.268445
2.268404
2.268611
2.268206
2.268349
2.268499
2.268419
2.268600
2.268450
2.268825
2.268420
2.268647
2.268582
2.268783
2.268834
2.268780
2.268875
2.268651
2.268672
2.268817
2.268987
2.268732
2.268887
2.268994
2.269017
2.269101
2.268718
2.269065
2.268855
2.268820
2.269140
2.269017
2.269055
2.269143
2.269061
2.268990
2.268878
2.269018
2.268694
2.268913
2.268950
2.268648
2.268872
2.268869
2.269201
2.269194
2.268949
2.269074
2.269142
2.268928
2.268934
2.268813
2.268791
2.268963
2.269046
2.268881
2.268804
2.268812
2.268663
2.268829
2.268717
2.268774
2.268778
2.268773
2.268502
2.268623
2.268742
2.268531
2.268609
2.268558
2.268550
2.268684
2.268690
2.268825
2.268651
2.268586
2.268537
2.268615
2.268460
2.268746
2.268513
2.268696
2.268476
2.268497
2.268724
2.268741
2.268639
2.268817
2.268727
2.268611
2.268937
2.268808
2.268628
2.268770
2.268713
2.268535
2.268569
2.268612
2.268564
2.268560
2.268662
2.268776
2.268739
2.268598
2.268505
2.268813
2.268921
2.268722
2.268960
2.268584
2.268801
2.268563
2.268903
2.268763
2.268674
2.268808
2.268623
2.268729
2.268614
2.268615
2.268606
2.268429
2.268579
2.268584
2.268385
2.268366
2.268505
2.268710
2.268475
2.268572
2.268342
2.268577
2.268739
2.268790
2.268683
2.268776
2.268686
2.268462
2.268677
2.268438
2.268471
2.268469
2.268446
2.268545
2.268419
2.268487
2.268381
2.268446
2.268625
2.268578
2.268519
2.268407
2.268511
2.268499
2.268816
2.268611
2.268350
2.268562
2.268611
2.268649
2.268566
2.268920
2.268910
2.268710
2.268680
2.268736
2.268548
2.268521
2.268755
2.268723
2.268489
2.268745
2.268676
2.268644
2.268691
2.268578
2.268631
2.268710
2.268767
2.268275
2.268781
2.268614
2.268851
2.268630
2.268708
2.268673
2.268508
2.268686
2.268776
2.268716
2.268666
2.268384
2.268290
2.268447
2.268649
2.268526
2.268326
2.268698
2.268448
2.268330
2.268190
2.268306
2.268406
2.268345
2.268245
2.268616
2.268410
2.268133
2.268366
2.268434
2.268258
2.268545
2.268300
2.268593
2.268510
2.268457
2.268344
2.268537
2.268350
2.268405
2.268536
2.268409
2.268386
2.268440
2.268446
2.268257
2.268402
2.268645
2.268429
2.268425
2.268702
2.268560
2.268450
2.268421
2.268636
2.268543
2.268448
2.268695
2.268627
2.268676
2.268972
2.268791
2.268547
2.268712
2.268583
2.268649
2.268569
2.268764
2.268539
2.268529
2.268592
2.268597
2.268699
2.268605
2.268568
2.268694
2.268610
2.268668
2.268674
2.268743
2.268664
2.268687
2.268494
2.268277
2.268529
2.268835
2.268654
2.268476
2.268559
2.268567
2.268478
2.268587
2.268577
2.268530
2.268718
2.268576
2.268276
2.268249
2.268307
2.268372
2.268397
2.268336
2.268295
2.268338
2.268486
2.268411
2.268385
2.268200
2.268077
2.268172
2.268385
2.268143
2.268398
2.268097
2.268090
2.268170
2.268044
2.268089
2.268180
2.268208
2.268141
2.268293
2.268177
2.268123
2.268041
2.268225
2.268261
2.268226
2.268289
2.268280
2.268310
2.268195
2.268271
2.268276
2.268375
2.268572
2.268469
2.268415
2.268295
2.268110
2.268116
2.268208
2.268166
2.268111
2.268122
2.268313
2.268264
2.268078
2.268046
2.268360
2.267936
2.268133
2.268107
2.268199
2.268081
2.268204
2.268006
2.268056
2.268264
2.267870
2.267833
2.267863
2.268009
2.267774
2.267913
2.267995
2.267917
2.267913
2.267951
2.267945
2.267995
2.268000
2.267881
2.267945
2.267792
2.268095
2.268222
2.267803
2.267917
2.267842
2.267876
2.267766
2.267957
2.268003
2.267810
2.267990
2.267863
2.267756
2.267903
2.267660
2.267622
2.267596
2.267568
2.267753
2.267718
2.267588
2.267681
2.267613
2.267725
2.267586
2.267439
2.267545
2.267613
2.267686
2.267594
2.267694
2.267937
2.267916
2.268083
2.267974
2.267978
2.268111
2.267813
2.267808
2.267716
2.267648
2.267666
2.267709
2.267691
2.267629
2.267706
2.267793
2.267624
2.267610
2.267510
2.267707
2.267725
2.267793
2.267912
2.267843
2.267762
2.267864
2.268000
2.268024
2.267870
2.267864
2.267994
2.268189
2.267928
2.267996
2.267855
2.267932
2.268198
2.268003
2.267962
2.267997
2.267796
2.267914
2.267683
2.267907
2.267852
2.267907
2.267901
2.267739
2.267875
2.267868
2.267694
2.267632
2.267881
2.267687
2.267837
2.267628
2.267950
2.268018
2.268047
2.267820
2.267843
2.267789
2.267724
2.267746
2.267777
2.267708
2.267639
2.267799
2.267919
2.267908
2.267811
2.267659
2.267914
2.267815
2.267844
2.267744
2.267790
2.267911
2.267784
2.267997
2.268001
2.267680
2.267812
2.267689
2.267792
2.267891
2.267671
2.267977
2.267920
2.268006
2.267886
2.267681
2.267908
2.267790
2.267746
2.267939
2.267894
2.268020
2.267910
2.267997
2.267819
2.267922
2.268097
2.268103
2.267985
2.267954
2.268002
2.267910
2.268021
2.268016
2.268171
2.268173
2.267923
2.267941
2.268100
2.267802
2.267824
2.267891
2.267911
2.268050
2.268213
2.268087
2.267925
2.267964
2.268022
2.267931
2.267945
2.268091
2.268006
2.268128
2.268112
2.268175
2.268034
2.268108
2.268256
2.267914
2.267794
2.268003
2.268261
2.267959
2.268035
2.267927
2.268232
2.267901
2.268066
2.267998
2.267994
2.268115
2.267768
2.267771
2.267766
2.268146
2.268057
2.267962
2.268317
2.268091
2.268103
2.267964
2.267962
2.268099
2.267792
2.267926
2.267768
2.267708
2.267801
2.267881
2.268054
2.267849
2.268068
2.268257
2.268106
2.268305
2.268234
2.268059
2.268116
2.268246
2.268033
2.268149
2.268081
2.268096
2.267937
2.267849
2.267905
2.267969
2.267826
2.267795
2.268010
2.267876
2.267824
2.267846
2.267885
2.267666
2.267618
2.267628
2.267563
2.267829
2.267719
2.267628
2.267436
2.267667
2.267528
2.267706
2.267885
2.267637
2.267646
2.267686
2.267812
2.267864
2.267841
2.267807
2.267765
2.267579
2.267653
2.267691
2.267891
2.267569
2.267699
2.267922
2.267660
2.267627
2.267576
2.267578
2.267727
2.267449
2.267416
2.267895
2.267541
2.267796
2.267956
2.267926
2.267805
2.267805
2.267414
2.267585
2.267585
2.267682
2.267760
2.267730
2.267655
2.267625
2.267777
2.267836
2.267869
2.267842
2.267743
2.267575
2.267447
2.267755
2.267664
2.267753
2.267817
2.267684
2.267640
2.267895
2.267753
2.267625
2.267949
2.268012
2.268013
2.267843
2.267886
2.267872
2.267862
2.267812
2.267935
2.267798
2.267618
2.267870
2.268001
2.267849
2.267750
2.267880
2.267979
2.268198
2.267957
2.268201
2.268087
2.268060
2.268034
2.267938
2.267927
2.268105
2.268201
2.268069
2.268382
2.268349
2.268113
2.268338
2.268336
2.268433
2.268380
2.268379
2.268357
2.268656
2.268341
2.268727
2.268708
2.268558
2.268693
2.268825
2.268761
2.268778
2.268667
2.268758
2.269012
2.269031
2.268909
2.269023
2.269087
2.268792
2.269144
2.268779
2.268721
2.268835
2.268747
2.268766
2.268701
2.268890
2.268690
2.268794
2.268946
2.268926
2.269047
2.268849
2.268927
2.268813
2.268946
2.269229
2.268890
2.268975
2.268941
2.269217
2.268876
2.268873
2.269104
2.269067
2.268950
2.268898
2.269019
2.269080
2.269230
2.269060
2.269180
2.269033
2.269133
2.269046
2.269136
2.269261
2.269396
2.269223
2.269559
2.269328
2.269137
2.269387
2.269124
2.269320
2.269140
2.269098
2.269276
2.269028
2.269074
2.269210
2.269061
2.269092
2.269299
2.269109
2.269181
2.269140
2.269338
2.269455
2.269440
2.269254
2.269247
2.269157
2.269560
2.269399
2.269554
2.269522
2.269403
2.269562
2.269427
2.269457
2.269335
2.269331
2.269403
2.269341
2.269584
2.269555
2.269543
2.269419
2.269661
2.269528
2.269449
2.269438
2.269578
2.269709
2.269703
2.269710
2.269731
2.269644
2.269753
2.269845
2.269877
2.269809
2.269840
2.269679
2.269815
2.269624
2.269760
2.269806
2.269640
2.269565
2.269613
2.269875
2.269558
2.269450
2.269664
2.269667
2.269484
2.269590
2.269618
2.269876
2.269528
2.269590
2.269652
2.269636
2.269718
2.269636
2.269675
2.269732
2.269793
2.269754
2.269514
2.269596
2.269747
2.269623
2.269651
2.269550
2.269642
2.269626
2.269595
2.269629
2.269600
2.269747
2.269454
2.269641
2.269579
2.269447
2.269831
2.269754
2.269715
2.269633
2.269781
2.269732
2.269748
2.269898
2.269867
2.269640
2.269840
2.269818
2.269630
2.269562
2.269857
2.269680
2.269821
2.269756
2.269762
2.269714
2.269765
2.269931
2.269704
2.269859
2.270086
2.270049
2.270216
2.270051
2.269970
2.270035
2.270069
2.270122
2.269960
2.269866
2.269930
2.269998
2.270021
2.269958
2.270104
2.270048
2.269902
2.270049
2.270194
2.269967
2.269895
2.270051
2.269971
2.270219
2.270177
2.270088
2.269938
2.269815
2.269875
2.270194
2.270027
2.269891
2.270177
2.269899
2.270046
2.269903
2.269864
2.269970
2.269771
2.269951
2.270159
2.270025
2.270140
2.269929
2.269909
2.270012
2.269931
2.270169
2.269997
2.270157
2.270120
2.270069
2.270091
2.270350
2.270356
2.270381
2.270341
2.270553
2.270422
2.270371
2.270218
2.270339
2.270318
2.270079
2.270498
2.270159
2.270303
2.270343
2.270148
2.270455
2.270263
2.270348
2.270503
2.270514
2.270632
2.270588
2.270413
2.270498
2.270380
2.270718
2.270473
2.270651
2.270485
2.270360
2.270464
2.270433
2.270343
2.270427
2.270699
2.270666
2.270329
2.270356
2.270298
2.270404
2.270534
2.270414
2.270621
2.270452
2.270408
2.270709
2.270692
2.270351
2.270308
2.270452
2.270452
2.270305
2.270271
2.270197
2.270612
2.270303
2.270161
2.270269
2.270223
2.270281
2.270184
2.270182
2.270127
2.270006
2.270069
2.269925
2.270339
2.270157
2.270278
2.270339
2.270236
2.270094
2.269985
2.270173
2.270437
2.270502
2.270360
2.270459
2.270644
2.270470
2.270547
2.270540
2.270425
2.270495
2.270594
2.270426
2.270454
2.270386
2.270105
2.270150
2.270302
2.270505
2.270480
2.270385
2.270471
2.270347
2.270169
2.270499
2.270455
2.270715
2.270713
2.270339
2.270533
2.270671
2.270847
2.270532
2.270795
2.270668
2.270458
2.270514
2.270715
2.270886
2.270830
2.270665
2.270741
2.270712
2.270841
2.270708
2.270923
2.270915
2.270869
2.271073
2.270838
2.270766
2.270939
2.270808
2.270839
2.270854
2.270820
2.270911
2.270988
2.270677
2.270771
2.270703
2.270806
2.270676
2.270826
2.270690
2.270939
2.270845
2.271051
2.270702
2.270805
2.270936
2.270719
2.270870
2.270883
2.271097
2.270828
2.271048
2.270916
2.271057
2.271103
2.271294
2.270987
2.270797
2.271088
2.270871
2.271115
2.270974
2.271011
2.270934
2.271057
2.271150
2.271038
2.270883
2.270858
2.270789
2.270967
2.270797
2.271035
2.271063
2.271097
2.271010
2.271040
2.271042
2.271118
2.271239
2.271103
2.271168
2.271052
2.271141
2.271186
2.271307
2.271433
2.271225
2.271254
2.271297
2.271252
2.271203
2.271056
2.271341
2.271253
2.271147
2.271283
2.271344
2.271237
2.271127
2.271261
2.271372
2.271367
2.271391
2.271357
2.271367
2.271274
2.271386
2.271402
2.271258
2.271305
2.271633
2.271395
2.271372
2.271300
2.271162
2.271345
2.271412
2.271348
2.271360
2.271402
2.271584
2.271767
2.271327
2.271460
2.271504
2.271495
2.271635
2.271778
2.271878
2.271617
2.271615
2.271386
2.271281
2.271458
2.271443
2.271378
2.271380
2.271128
2.271193
2.271256
2.271268
2.271536
2.271401
2.271008
2.271023
2.271181
2.271244
2.271175
2.271154
2.271336
2.271156
2.270992
2.271441
2.271293
2.271111
2.271273
2.271234
2.271240
2.271291
2.271339
2.271221
2.271309
2.271193
2.271270
2.271217
2.271231
2.271382
2.271477
2.271311
2.271204
2.271392
2.271463
2.271482
2.271411
2.271571
2.271505
2.271493
2.271489
2.271452
2.271465
2.271590
2.271787
2.271682
2.271537
2.271492
2.271414
2.271329
2.271275
2.271332
2.271560
2.271531
2.271539
2.271501
2.271501
2.271453
2.271513
2.271687
2.271429
2.271315
2.271516
2.271502
2.271610
2.271456
2.271641
2.271601
2.271743
2.271492
2.271519
2.271463
2.271969
2.271594
2.271597
2.271560
2.271745
2.271588
2.271559
2.271736
2.271922
2.271766
2.271879
2.271559
2.271756
2.271606
2.271605
2.271504
2.271725
2.271734
2.271707
2.271558
2.271726
2.271764
2.271615
2.271740
2.271663
2.271785
2.271582
2.271742
2.272013
2.272089
2.271864
2.271684
2.271817
2.271705
2.271994
2.271903
2.271661
2.271809
2.271843
2.271804
2.271912
2.271795
2.271945
2.272021
2.271946
2.272024
2.271980
2.271886
2.271937
2.271829
2.271948
2.271872
2.271860
2.272121
2.271805
2.272161
2.271959
2.272145
2.271898
2.271874
2.271780
2.271914
2.271832
2.271658
2.271959
2.271908
2.271867
2.271897
2.272235
2.272074
2.272404
2.272537
2.272404
2.272234
2.271919
2.271954
2.271945
2.271981
2.271855
2.271943
2.272013
2.271817
2.272081
2.271901
2.271974
2.272014
2.271988
2.272010
2.271888
2.271890
2.272016
2.272075
2.272223
2.272184
2.272169
2.272083
2.272156
2.272069
2.271980
2.272118
2.271814
2.271897
2.271954
2.272007
2.272254
2.272120
2.272021
2.271930
2.271855
2.271920
2.272021
2.272045
2.272125
2.271821
2.271916
2.272231
2.271900
2.272018
2.272073
2.271907
2.272200
2.272067
2.272020
2.271873
2.271993
2.271969
2.271878
2.272159
2.272134
2.272007
2.272062
2.272088
2.272026
2.271938
2.271870
2.271957
2.271753
2.272011
2.271916
2.271832
2.271803
2.271991
2.272300
2.272187
2.272149
2.272241
2.272094
2.272035
2.271991
2.272065
2.272317
2.272230
2.272255
2.272232
2.272099
2.272062
2.271922
2.272176
2.272034
2.271761
2.271789
2.271944
2.272115
2.271943
2.271858
2.272061
2.271955
2.271845
2.271919
2.271808
2.271798
2.271872
2.271965
2.272058
2.271918
2.271866
2.272086
2.271993
2.271800
2.271903
2.271748
2.271602
2.271694
2.271716
2.271557
2.271641
2.271624
2.271671
2.271544
2.271531
2.271848
2.271698
2.271656
2.271641
2.271663
2.271738
2.271382
2.271380
2.271429
2.271523
2.271462
2.271430
2.271491
2.271190
2.271397
2.271281
2.271358
2.271439
2.271558
2.271327
2.271681
2.271600
2.271275
2.271407
2.271335
2.271492
2.271681
2.271612
2.271726
2.271865
2.271776
2.271845
2.271499
2.271526
2.271472
2.271642
2.271513
2.271537
2.271860
2.271701
2.271516
2.271688
2.271603
2.271591
2.271637
2.271450
2.271755
2.271616
2.271435
2.271595
2.271671
2.271588
2.271608
2.271240
2.271605
2.271704
2.271689
2.271842
2.271975
2.272036
2.272071
2.271972
2.271940
2.272125
2.271967
2.271960
2.271951
2.272068
2.272068
2.272036
2.271942
2.271930
2.272094
2.272034
2.272018
2.271845
2.271946
2.271810
2.271807
2.271863
2.271765
2.271835
2.272023
2.271590
2.271708
2.271741
2.271874
2.271799
2.271770
2.271773
2.271534
2.271550
2.271701
2.271829
2.271672
2.271805
2.271662
2.271674
2.271659
2.272000
2.271852
2.271719
2.271832
2.271925
2.271923
2.271945
2.271744
2.271864
2.271805
2.271978
2.271743
2.271754
2.271788
2.271963
2.271789
2.271903
2.271990
2.272030
2.271860
2.271747
2.272031
2.272161
2.272035
2.272254
2.271894
2.272078
2.272205
2.272439
2.272224
2.272256
2.272152
2.271954
2.272022
2.272065
2.271946
2.272108
2.272199
2.272005
2.271952
2.271911
2.271906
2.272046
2.271985
2.271807
2.272177
2.272021
2.271839
2.271861
2.271922
2.272096
2.272034
2.272042
2.272196
2.272017
2.271966
2.272168
2.272195
2.272133
2.272130
2.272228
2.272007
2.272109
2.272024
2.271966
2.272181
2.272213
2.272169
2.272101
2.272118
2.272401
2.272190
2.272090
2.272328
2.272227
2.272153
2.272179
2.272223
2.272426
2.272308
2.272184
2.272233
2.272093
2.271960
2.272338
2.272243
2.272212
2.272261
2.272292
2.272046
2.272222
2.271968
2.272063
2.272330
2.272252
2.272186
2.272152
2.272222
2.272179
2.272116
2.272232
2.272063
2.271987
2.272180
2.272140
2.271925
2.272018
2.272148
2.272147
2.271991
2.271928
2.272097
2.271851
2.271893
2.271788
2.271814
2.271594
2.271723
2.271582
2.271601
2.271742
2.271564
2.271481
2.271484
2.271537
2.271553
2.271582
2.271523
2.271636
2.271557
2.271482
2.271580
2.271597
2.271361
2.271371
2.271424
2.271325
2.271305
2.271167
2.271209
2.271175
2.271082
2.270959
2.271179
2.271063
2.270883
2.270559
2.270725
2.270756
2.270364
2.270410
2.270058
2.269920
2.269844
2.269769
2.269760
2.269586
2.269574
2.268916
2.268769
2.268561
2.268356
2.268279
2.268138
2.267641
2.267385
2.267091
2.267079
2.266707
2.266426
2.266211
2.265825
2.265358
2.265697
2.265643
2.265618
2.265683
2.265633
2.265747
2.265676
2.265741
2.265788
2.265704
2.265743
2.265918
2.265955
2.266206
2.266060
2.266381
2.266725
2.267051
2.267278
2.267545
2.268172
2.268376
2.268631
2.269012
2.269281
2.269521
2.269579
2.269903
2.269884
2.269934
2.270156
2.269922
2.270024
2.270356
2.270198
2.270449
2.270284
2.270278
2.270168
2.270273
2.270387
2.270415
2.270202
2.270335
2.270334
2.270190
2.270538
2.270508
2.270651
2.270535
2.270963
2.270721
2.270654
2.270696
2.270979
2.271054
2.270791
2.271025
2.271116
2.271078
2.270883
2.270908
2.271157
2.271214
2.271383
2.271244
2.271272
2.271317
2.271322
2.271054
2.271025
2.271094
2.271195
2.271059
2.271324
2.271782
2.271698
2.271262
2.271193
2.271371
2.271549
2.271503
2.271422
2.271565
2.271308
2.271510
2.271581
2.271581
2.271413
2.271426
2.271435
2.271554
2.271286
2.271250
2.271342
2.271299
2.271270
2.271414
2.271357
2.271454
2.271541
2.271454
2.271587
2.271289
2.271479
2.271594
2.271434
2.271461
2.271396
2.271265
2.271171
2.271310
2.271305
2.271394
2.271599
2.271411
2.271321
2.271270
2.271404
2.271300
2.271243
2.271436
2.271286
2.271512
2.271249
2.271345
2.271567
2.271385
2.271422
2.271593
2.271551
2.271510
2.271448
2.271522
2.271575
2.271476
2.271284
2.271292
2.271414
2.271263
2.271345
2.271312
2.271274
2.271402
2.271324
2.271372
2.271382
2.271376
2.271470
2.271276
2.271454
2.271316
2.271392
2.271706
2.271566
2.271504
2.271481
2.271449
2.271333
2.271281
2.271326
2.271460
2.271472
2.271618
2.271538
2.271668
2.271435
2.271315
2.271578
2.271562
2.271646
2.271518
2.271430
2.271594
2.271531
2.271603
2.271820
2.271505
2.271629
