10.020000
2.488962
2.488457
2.487878
2.489092
2.489886
2.489535
2.489132
2.488658
2.489327
2.488630
2.488072
2.487245
2.486582
2.487507
2.487153
2.486842
2.485099
2.486655
2.486065
2.485687
2.485262
2.485212
2.486001
2.484312
2.484260
2.484036
2.484065
2.484789
2.484247
2.483768
2.482744
2.484768
2.484235
2.484494
2.484152
2.484435
2.484450
2.484356
2.483504
2.484215
2.484933
2.484563
2.484484
2.484362
2.484261
2.484455
2.483845
2.484198
2.482957
2.483671
2.482494
2.482436
2.481478
2.481105
2.482772
2.482784
2.481923
2.481133
2.481557
2.480825
2.480742
2.480006
2.480072
2.481557
2.480463
2.479960
2.479773
2.480340
2.479782
2.479709
2.479941
2.479779
2.480966
2.480205
2.480010
2.479386
2.480710
2.479219
2.479867
2.479711
2.479732
2.480215
2.480043
2.479870
2.480478
2.480196
2.480505
2.480447
2.480540
2.479833
2.480247
2.480629
2.478984
2.479921
2.479948
2.479727
2.479736
2.480035
2.480789
2.480316
2.480333
2.480326
2.481479
2.481490
2.481622
2.481513
2.480988
2.483179
2.483544
2.483635
2.483795
2.484186
2.483222
2.483212
2.483569
2.483814
2.483529
2.483352
2.483450
2.484399
2.484348
2.484480
2.484066
2.483665
2.484220
2.484322
2.483377
2.483450
2.484074
2.483494
2.484019
2.484394
2.484721
2.484791
2.485267
2.484825
2.486384
2.485843
2.486264
2.487180
2.487424
2.488405
2.488360
2.488924
2.489193
2.489550
2.490199
2.490289
2.490269
2.489603
2.489876
2.490277
2.490082
2.490364
2.491170
2.490594
2.490089
2.490534
2.489679
2.490194
2.490115
2.490329
2.490286
2.489907
2.490631
2.490057
2.489818
2.491950
2.492020
2.491165
2.491872
2.491665
2.492541
2.491215
2.490993
2.490494
2.491450
2.490688
2.491531
2.491224
2.490945
2.492349
2.492202
2.492025
2.491109
2.490832
2.491041
2.491474
2.491159
2.490625
2.490866
2.490706
2.489712
2.490376
2.490536
2.490076
2.490458
2.490191
2.489343
2.490049
2.489765
2.489896
2.489402
2.490006
2.489647
2.489333
2.488970
2.489119
2.489824
2.489465
2.489489
2.488752
2.488972
2.489433
2.488617
2.488524
2.487963
2.488527
2.488495
2.488142
2.487748
2.488208
2.487527
2.488025
2.487327
2.486273
2.486959
2.486349
2.486503
2.485468
2.485979
2.485525
2.485651
2.484940
2.486529
2.486339
2.485470
2.484952
2.484350
2.484437
2.483084
2.482504
2.482817
2.483394
2.483845
2.483327
2.483438
2.483156
2.483783
2.483662
2.483231
2.483242
2.483282
2.484081
2.483233
2.483252
2.482894
2.483843
2.483321
2.483035
2.482865
2.482520
2.482598
2.482307
2.482007
2.481310
2.482037
2.481176
2.480695
2.480246
2.480367
2.480862
2.480111
2.479404
2.478881
2.478680
2.479386
2.478732
2.479131
2.479564
2.479863
2.479302
2.479909
2.478909
2.479718
2.478272
2.479038
2.478586
2.477950
2.477877
2.478092
2.477358
2.478806
2.478861
2.478291
2.478001
2.478008
2.478446
2.478546
2.478829
2.478142
2.478188
2.478665
2.478444
2.478283
2.477506
2.478963
2.477376
2.478079
2.478318
2.477883
2.479092
2.479221
2.478876
2.478742
2.479365
2.479852
2.479804
2.480255
2.480280
2.481279
2.481065
2.480853
2.481057
2.481388
2.482138
2.482668
2.483070
2.482224
2.483434
2.482079
2.482396
2.482913
2.483963
2.483979
2.483740
2.483844
2.483804
2.484713
2.484669
2.484624
2.484221
2.484511
2.484603
2.484479
2.484029
2.484015
2.484414
2.483599
2.484407
2.484134
2.484182
2.485105
2.484604
2.483974
2.485330
2.486284
2.485357
2.485818
2.485262
2.486668
2.487801
2.487679
2.487762
2.487954
2.488643
2.488378
2.488167
2.487963
2.487681
2.488487
2.488084
2.487991
2.487673
2.488152
2.488607
2.487716
2.488066
2.487839
2.487836
2.488024
2.487577
2.487367
2.487192
2.487262
2.488447
2.488746
2.488478
2.489194
2.488845
2.489036
2.488694
2.489085
2.489207
2.489391
2.489141
2.489229
2.489170
2.488501
2.488092
2.489225
2.488970
2.489694
2.488912
2.488732
2.487044
2.488964
2.488930
2.488632
2.488796
2.487888
2.488142
2.487003
2.487204
2.487207
2.487760
2.487293
2.487240
2.486889
2.487124
2.487602
2.487004
2.486928
2.487012
2.487287
2.487295
2.486440
2.486405
2.485721
2.485399
2.486482
2.487265
2.486854
2.486569
2.486796
2.485308
2.485228
2.485678
2.486227
2.486124
2.485672
2.484540
2.484785
2.485647
2.485616
2.485633
2.485449
2.485461
2.485796
2.485282
2.484668
2.484277
2.484872
2.485119
2.484775
2.485398
2.485196
2.485357
2.484247
2.485246
2.484997
2.484782
2.485179
2.484473
2.485360
2.485102
2.484344
2.484739
2.484710
2.484594
2.484305
2.483478
2.485131
2.484100
2.484420
2.483506
2.483160
2.484172
2.483933
2.483008
2.483394
2.483227
2.482517
2.482174
2.481716
2.482128
2.481618
2.482315
2.481681
2.481430
2.481378
2.480859
2.481518
2.480586
2.481375
2.481004
2.480332
2.479810
2.480614
2.480276
2.480036
2.479415
2.479279
2.479368
2.479861
2.479593
2.479106
2.480500
2.479801
2.479734
2.479994
2.478340
2.480406
2.478681
2.477906
2.477775
2.476882
2.478448
2.477862
2.478395
2.478423
2.478669
2.478791
2.478071
2.477704
2.477321
2.478649
2.478437
2.478471
2.479472
2.480435
2.480001
2.480083
2.480380
2.480535
2.481311
2.481152
2.480922
2.480984
2.481983
2.482227
2.481957
2.482041
2.482247
2.483014
2.482197
2.482790
2.483128
2.483305
2.483043
2.483001
2.482693
2.482821
2.483436
2.483527
2.483538
2.484074
2.484088
2.483873
2.483804
2.484075
2.483942
2.485438
2.485838
2.486159
2.486424
2.487193
2.488454
2.487963
2.488528
2.488598
2.489700
2.489636
2.490293
2.489489
2.489980
2.491135
2.490569
2.490367
2.489965
2.490977
2.490585
2.490230
2.490673
2.490365
2.490248
2.490801
2.491290
2.491176
2.491485
2.491871
2.491372
2.491814
2.491039
2.491758
2.491152
2.491317
2.490713
2.491477
2.490442
2.490969
2.490832
2.490491
2.491803
2.490678
2.490370
2.490443
2.490149
2.490800
2.490391
2.490345
2.490305
2.491285
2.491305
2.490401
2.490770
2.490809
2.491487
2.491863
2.491418
2.491233
2.491842
2.491237
2.490984
2.490256
2.490163
2.491345
2.490672
2.490624
2.490435
2.490672
2.491308
2.490683
2.490372
2.489746
2.490315
2.489989
2.489542
2.489917
2.490070
2.490053
2.489876
2.489557
2.489252
2.489832
2.489561
2.489274
2.489332
2.489833
2.488994
2.488100
2.488089
2.487800
2.488114
2.487930
2.488301
2.487935
2.487350
2.487804
2.483033
2.484180
2.483318
2.483322
2.482384
2.480977
2.480476
2.480533
2.480137
2.480372
2.481180
2.480838
2.480696
2.480044
2.480165
2.480130
2.479592
2.480021
2.480001
2.480398
2.480202
2.479556
2.479860
2.478688
2.479264
2.479279
2.478871
2.478197
2.478502
2.478299
2.477493
2.477103
2.476599
2.476310
2.476729
2.476215
2.475696
2.475214
2.474654
2.475021
2.472823
2.472277
2.472994
2.473140
2.472824
2.473460
2.473111
2.472392
2.473097
2.473339
2.473503
2.473388
2.472864
2.473716
2.472961
2.473157
2.473178
2.473047
2.473552
2.473611
2.473289
2.473481
2.474149
2.474293
2.474276
2.473923
2.474125
2.474689
2.474573
2.474380
2.474480
2.475385
2.475566
2.475342
2.475748
2.476301
2.477105
2.477075
2.478006
2.478709
2.479888
2.479991
2.480294
2.480639
2.480299
2.481938
2.482064
2.483057
2.483448
2.483903
2.484166
2.483724
2.484739
2.483683
2.484322
2.485098
2.483907
2.485006
2.486252
2.485417
2.485498
2.486272
2.486898
2.487808
2.488894
2.488587
2.489467
2.489057
2.489176
2.489447
2.489495
2.488811
2.490381
2.490112
2.490609
2.490312
2.490716
2.491869
2.491257
2.491621
2.491518
2.492183
2.490841
2.491689
2.490914
2.491611
2.492057
2.491195
2.491021
2.492626
2.493147
2.493068
2.492541
2.493032
2.492841
2.493572
2.493072
2.492923
2.492845
2.492914
2.493042
2.492582
2.491866
2.492124
2.492411
2.492085
2.492547
2.492411
2.492237
2.492318
2.492378
2.491664
2.491431
2.492486
2.491800
2.490923
2.492056
2.490765
2.490644
2.490447
2.489999
2.489866
2.491374
2.490904
2.489879
2.491078
2.490611
2.490995
2.490255
2.490259
2.490994
2.491205
2.490215
2.490843
2.491015
2.490517
2.490261
2.489641
2.489780
2.489356
2.489086
2.489513
2.489985
2.490063
2.489562
2.490079
2.489290
2.489396
2.488508
2.488304
2.488664
2.488328
2.488264
2.486941
2.487880
2.487274
2.486784
2.486224
2.484342
2.484662
2.483493
2.482403
2.481866
2.481955
2.481324
2.482453
2.481883
2.481622
2.482345
2.481602
2.481475
2.481766
2.481328
2.481090
2.481851
2.481772
2.481638
2.482029
2.481165
2.480221
2.479968
2.480088
2.479208
2.478835
2.478288
2.479223
2.478666
2.479849
2.480093
2.479316
2.479546
2.479237
2.478750
2.478449
2.478083
2.478780
2.477757
2.478139
2.476517
2.476596
2.476795
2.475446
2.476445
2.476105
2.475855
2.475412
2.475474
2.475451
2.475255
2.475719
2.475240
2.474487
2.474381
2.475281
2.474444
2.474564
2.474638
2.474739
2.475752
2.474764
2.475087
2.475038
2.475836
2.475858
2.476051
2.476166
2.476914
2.477775
2.478533
2.477427
2.477466
2.479165
2.479537
2.479808
2.479649
2.480911
2.480947
2.480419
2.480440
2.479779
2.480943
2.481646
2.482358
2.482168
2.482904
2.484053
2.484317
2.484298
2.484682
2.484793
2.485276
2.485653
2.485598
2.485314
2.486591
2.486495
2.486135
2.486088
2.486206
2.486275
2.486127
2.485573
2.485801
2.486652
2.486734
2.485126
2.485669
2.485682
2.485342
2.484355
2.484899
2.484494
2.484576
2.485290
2.485846
2.485805
2.485909
2.486376
2.485812
2.485193
2.484683
2.484705
2.484665
2.484137
2.484116
2.483932
2.483398
2.482883
2.482893
2.483383
2.483603
2.484247
2.483636
2.483535
2.483065
2.483575
2.482735
2.482792
2.481828
2.482081
2.482554
2.481820
2.481648
2.481483
2.482029
2.481791
2.481602
2.481237
2.481095
2.481878
2.481567
2.480662
2.480712
2.481189
2.480808
2.480636
2.480845
2.480648
2.481706
2.480947
2.481265
2.480994
2.481359
2.481139
2.480739
2.480748
2.480437
2.481050
2.480733
2.480608
2.480450
2.480167
2.480318
2.480058
2.478328
2.477546
2.478814
2.478262
2.477794
2.479922
2.478846
2.480202
2.479593
2.479286
2.479563
2.480068
2.479925
2.480457
2.480801
2.480911
2.480918
2.480531
2.480550
2.480551
2.481167
2.480785
2.480766
2.480859
2.480987
2.481818
2.480991
2.481315
2.481142
2.481466
2.481765
2.480685
2.481052
2.481695
2.481657
2.480594
2.480846
2.480706
2.481164
2.481182
2.481480
2.481278
2.481689
2.482461
2.482004
2.482160
2.481499
2.482050
2.482879
2.482466
2.482568
2.482157
2.483203
2.483084
2.483048
2.483800
2.483399
2.484207
2.483757
2.483878
2.483872
2.484449
2.484522
2.484084
2.483996
2.484568
2.484602
2.484559
2.484856
2.484365
2.483825
2.483413
2.482584
2.483684
2.483581
2.484261
2.483947
2.483789
2.483775
2.483643
2.483891
2.483675
2.483866
2.483677
2.484545
2.484350
2.484390
2.484149
2.484741
2.485051
2.484961
2.484466
2.484539
2.485294
2.484882
2.484902
2.484645
2.484744
2.485279
2.484881
2.484910
2.484878
2.484357
2.484353
2.484574
2.484626
2.484162
2.485121
2.484627
2.484476
2.484599
2.484660
2.484210
2.483757
2.483936
2.483369
2.484233
2.483811
2.483710
2.483544
2.483951
2.483756
2.483836
2.483739
2.483705
2.484918
2.484172
2.484009
2.483927
2.483860
2.484357
2.483849
2.484189
2.483817
2.484973
2.483655
2.481963
2.482165
2.482502
2.483606
2.482810
2.482290
2.482653
2.482368
2.482800
2.482777
2.482841
2.483257
2.483631
2.482884
2.482543
2.483251
2.482719
2.483569
2.483300
2.483326
2.483058
2.483342
2.483597
2.483535
2.483715
2.484224
2.483877
2.483928
2.483786
2.483515
2.484335
2.483775
2.483920
2.484178
2.483597
2.483478
2.482554
2.482446
2.482306
2.483618
2.482985
2.482688
2.482920
2.483609
2.484517
2.484665
2.484334
2.484387
2.485123
2.484223
2.484134
2.483279
2.482781
2.483500
2.482330
2.482961
2.482243
2.483572
2.482889
2.482773
2.483581
2.483494
2.484248
2.483114
2.484205
2.485002
2.484681
2.485275
2.484120
2.483109
2.483007
2.484742
2.484726
2.484819
2.484781
2.485192
2.485152
2.484917
2.484499
2.484802
2.485644
2.484901
2.484907
2.484385
2.484662
2.484207
2.484138
2.483737
2.483466
2.484628
2.483903
2.483795
2.483124
2.483079
2.483496
2.483055
2.482550
2.482765
2.483838
2.483374
2.483762
2.484852
2.484022
2.485508
2.483743
2.484695
2.484597
2.485330
2.485393
2.484847
2.485537
2.485052
2.485534
2.485440
2.485557
2.485692
2.485245
2.485179
2.485003
2.485109
2.484393
2.485349
2.484871
2.484640
2.484524
2.484372
2.484642
2.483650
2.484102
2.483843
2.485062
2.484542
2.484167
2.484212
2.483125
2.483283
2.483029
2.482368
2.483643
2.485191
2.484882
2.484620
2.485149
2.484620
2.484992
2.484482
2.484422
2.483978
2.484627
2.483984
2.484013
2.483985
2.483746
2.484797
2.483258
2.483389
2.482903
2.483660
2.483564
2.483318
2.482817
2.482787
2.483177
2.482281
2.481768
2.481548
2.481756
2.481601
2.480940
2.480776
2.481246
2.480417
2.480776
2.480798
2.480974
2.480393
2.480549
2.480595
2.480285
2.479773
2.480558
2.480308
2.479495
2.479646
2.479656
2.479985
2.479404
2.478983
2.478722
2.479862
2.478833
2.479075
2.478702
2.478105
2.478415
2.477970
2.477511
2.477615
2.478184
2.477916
2.477298
2.477207
2.477365
2.477026
2.475100
2.475581
2.474900
2.476216
2.476023
2.475665
2.475590
2.475158
2.476425
2.475183
2.475004
2.476150
2.475003
2.475958
2.474771
2.475214
2.474978
2.475842
2.475141
2.474501
2.474900
2.474672
2.474971
2.474431
2.473952
2.474291
2.474550
2.474197
2.474040
2.473054
2.472932
2.473443
2.472723
2.472361
2.471030
2.472102
2.471457
2.471002
2.471341
2.470354
2.471372
2.470360
2.470397
2.470095
2.470399
2.470010
2.469710
2.469747
2.468959
2.469512
2.468962
2.468935
2.468734
2.468553
2.468455
2.468157
2.468022
2.467573
2.468156
2.467374
2.466914
2.466977
2.466515
2.466851
2.466324
2.465127
2.464045
2.464866
2.464277
2.463946
2.463809
2.463458
2.464119
2.462800
2.462478
2.461792
2.462615
2.462318
2.462027
2.461898
2.461158
2.461907
2.461030
2.460824
2.460575
2.460604
2.460732
2.459679
2.459955
2.459685
2.459795
2.459233
2.459394
2.458805
2.459238
2.458789
2.458676
2.458362
2.457886
2.458549
2.457590
2.457533
2.457201
2.456771
2.457293
2.456510
2.456160
2.455952
2.456048
2.455708
2.454780
2.453922
2.453685
2.454677
2.454358
2.453929
2.453475
2.453871
2.453198
2.452923
2.452758
2.452500
2.452980
2.452515
2.452058
2.451882
2.452537
2.451954
2.451651
2.451391
2.450999
2.451424
2.451046
2.450796
2.450311
2.450433
2.450560
2.449716
2.449085
2.448813
2.449299
2.448727
2.448743
2.448564
2.448422
2.448270
2.447473
2.447291
2.447010
2.447785
2.446862
2.446750
2.446480
2.446393
2.446437
2.445919
2.445364
2.445198
2.446091
2.445346
2.445135
2.445251
2.444365
2.445208
2.444891
2.444792
2.444041
2.444949
2.444145
2.444040
2.444664
2.443753
2.444469
2.443796
2.443555
2.443171
2.443575
2.443238
2.442706
2.442712
2.442157
2.442745
2.442388
2.442052
2.441790
2.441332
2.441341
2.441012
2.441202
2.440993
2.441542
2.441421
2.440873
2.440937
2.440285
2.438818
2.438387
2.438325
2.438498
2.438667
2.438594
2.439508
2.439504
2.439345
2.441051
2.440139
2.439877
2.439447
2.440512
2.439973
2.439380
2.439291
2.438946
2.439675
2.440059
2.439191
2.438858
2.439899
2.439475
2.439208
2.439722
2.438840
2.439867
2.438880
2.438934
2.439003
2.438709
2.439564
2.439740
2.438837
2.439077
2.439609
2.439688
2.439532
2.439791
2.440165
2.440533
2.439515
2.440162
2.439554
2.440296
2.438923
2.439031
2.440163
2.440188
2.441103
2.440609
2.440300
2.440547
2.440017
2.439083
2.439622
2.440139
2.438923
2.439051
2.439436
2.439151
2.439395
2.438925
2.439970
2.439401
2.439728
2.439407
2.439874
2.439886
2.439937
2.439672
2.439108
2.439763
2.439731
2.439758
2.440063
2.440227
2.440265
2.439713
2.440074
2.439195
2.440240
2.439638
2.440200
2.440169
2.440200
2.440289
2.439895
2.439659
2.440131
2.440294
2.439675
2.439384
2.439628
2.439766
2.440094
2.439188
2.439309
2.438630
2.439494
2.439331
2.438849
2.438534
2.438567
2.439361
2.438980
2.438847
2.438821
2.439328
2.439420
2.439491
2.439725
2.439467
2.440205
2.438650
2.439160
2.439478
2.440174
2.439933
2.439808
2.439802
2.439554
2.440240
2.440417
2.440046
2.440327
2.439893
2.440394
2.439879
2.439668
2.439851
2.439710
2.439021
2.439502
2.438966
2.438634
2.439885
2.438247
2.438945
2.438735
2.439923
2.439743
2.438626
2.439137
2.438833
2.439863
2.439047
2.439516
2.439507
2.439877
2.439901
2.440073
2.439184
2.440050
2.440940
2.440339
2.440592
2.440394
2.440874
2.440815
2.440438
2.440981
2.439528
2.439921
2.439903
2.439171
2.440182
2.440539
2.441266
2.440282
2.439823
2.439783
2.439751
2.439079
2.439445
2.440029
2.439743
2.439883
2.439361
2.439144
2.439085
2.439928
2.439445
2.439072
2.438894
2.438837
2.441003
2.439370
2.439557
2.439548
2.439818
2.439297
2.439904
2.439859
2.439443
2.440349
2.440272
2.440107
2.439826
2.440334
2.440456
2.439815
2.439467
2.439853
2.440195
2.440259
2.440745
2.439653
2.439998
2.439966
2.439079
2.439641
2.438933
2.440537
2.440071
2.439497
2.439656
2.440040
2.440084
2.439640
2.439411
2.439616
2.440704
2.439948
2.440155
2.440537
2.440276
2.441105
2.440236
2.440584
2.440481
2.442107
2.440940
2.440798
2.440963
2.441034
2.441984
2.440724
2.440996
2.440931
2.440562
2.440546
2.439901
2.440209
2.440008
2.440208
2.439858
2.439644
2.439986
2.439311
2.439539
2.440213
2.439728
2.439238
2.439890
2.439005
2.439194
2.439181
2.439911
2.440655
2.440047
2.440033
2.439691
2.440649
2.440500
2.439886
2.440249
2.440275
2.440456
2.441157
2.440413
2.441399
2.441493
2.441086
2.440631
2.439921
2.440687
2.441825
2.440972
2.440714
2.440729
2.440977
2.441435
2.440745
2.439886
2.440435
2.441041
2.440120
2.439770
2.440650
2.440714
2.440056
2.439845
2.440804
2.439553
2.441171
2.439941
2.439905
2.440141
2.440279
2.441226
2.441130
2.440999
2.440688
2.441877
2.441155
2.441556
2.441153
2.441254
2.442167
2.441744
2.441882
2.440968
2.441798
2.441715
2.441218
2.441166
2.441156
2.441802
2.441179
2.441134
2.440627
2.441271
2.440825
2.440314
2.440379
2.440031
2.441019
2.440253
2.440364
2.439944
2.440624
2.440591
2.440352
2.440291
2.440204
2.441394
2.440227
2.440352
2.440342
2.440445
2.441270
2.441063
2.440996
2.440720
2.441514
2.440910
2.440734
2.440785
2.441177
2.441388
2.440692
2.440339
2.440231
2.441038
2.440714
2.440591
2.440751
2.440298
2.440444
2.439818
2.439680
2.439407
2.440803
2.439751
2.440051
2.439831
2.439619
2.440499
2.440362
2.440201
2.439843
2.440341
2.440549
2.440196
2.440396
2.440243
2.441089
2.440538
2.440394
2.440327
2.440785
2.440768
2.440901
2.440724
2.440935
2.441441
2.440636
2.440709
2.440219
2.440768
2.440925
2.440835
2.440943
2.440326
2.441121
2.440172
2.439954
2.440058
2.439609
2.440422
2.439736
2.439796
2.439526
2.440425
2.439927
2.439928
2.439961
2.439749
2.440110
2.440025
2.440391
2.439626
2.440794
2.440213
2.440121
2.440263
2.439831
2.440742
2.440496
2.440461
2.440329
2.440503
2.441205
2.439836
2.440580
2.440732
2.439935
2.438650
2.438273
2.438039
2.438363
2.439808
2.440193
2.439365
2.438792
2.439162
2.439001
2.439473
2.439142
2.439197
2.440457
2.439134
2.438683
2.438645
2.439979
2.440268
2.440315
2.440106
2.440045
2.440463
2.439848
2.440158
2.440557
2.440881
2.440502
2.440374
2.439962
2.439851
2.440460
2.440083
2.440392
2.439827
2.440372
2.440509
2.440297
2.440269
2.439829
2.440867
2.440255
2.440133
2.439357
2.439634
2.439760
2.439781
2.439095
2.439485
2.439575
2.439740
2.439599
2.439371
2.439532
2.440146
2.439228
2.439201
2.439197
2.440110
2.439572
2.440017
2.439647
2.439627
2.440269
2.439892
2.439687
2.439651
2.440346
2.440240
2.440424
2.440415
2.439861
2.440484
2.439690
2.440224
2.439583
2.440040
2.440073
2.439398
2.439271
2.438856
2.439805
2.439190
2.438422
2.438475
2.439114
2.439168
2.438796
2.438597
2.438842
2.439361
2.438951
2.438706
2.438718
2.439200
2.439213
2.438990
2.439232
2.438899
2.440040
2.439440
2.439692
2.440170
2.439703
2.440292
2.440333
2.439153
2.440010
2.440258
2.439842
2.439846
2.439870
2.438129
2.439765
2.439002
2.438844
2.438503
2.439443
2.439039
2.439338
2.439831
2.439603
2.441053
2.440776
2.440597
2.439846
2.440571
2.439419
2.439212
2.438909
2.439769
2.440813
2.440553
2.440681
2.439697
2.440724
2.440903
2.440665
2.440799
2.440017
2.441061
2.440711
2.440341
2.440333
2.440842
2.441576
2.440949
2.440340
2.439113
2.440651
2.440737
2.441082
2.440447
2.440823
2.440848
2.440209
2.440362
2.439877
2.441061
2.439762
2.440334
2.440533
2.439641
2.440652
2.439941
2.439280
2.439282
2.439570
2.440175
2.439109
2.438648
2.438599
2.439551
2.439369
2.439216
2.438513
2.438919
2.439885
2.440098
2.439370
2.439640
2.440559
2.439908
2.439526
2.439863
2.440212
2.440077
2.440539
2.441225
2.440570
2.441491
2.440855
2.440842
2.440668
2.439986
2.440461
2.440088
2.439758
2.439644
2.440665
2.440560
2.440224
2.440506
2.440451
2.441031
2.440378
2.440588
2.440573
2.441897
2.440395
2.440772
2.440784
2.440547
2.441702
2.441337
2.441055
2.441080
2.441478
2.441435
2.441099
2.441226
2.441096
2.441648
2.441377
2.441089
2.440908
2.441046
2.441556
2.441147
2.440877
2.440726
2.440672
2.440244
2.440549
2.439725
2.440461
2.440975
2.440535
2.440622
2.440039
2.440969
2.440467
2.440615
2.440877
2.440698
2.441881
2.440397
2.441391
2.440987
2.441725
2.441382
2.441569
2.441718
2.441158
2.440139
2.440265
2.440699
2.441268
2.442563
2.440581
2.440715
2.440909
2.440913
2.441582
2.441098
2.441328
2.441120
2.441053
2.441309
2.440925
2.440778
2.440439
2.441496
2.440540
2.440221
2.440550
2.440457
2.440903
2.440609
2.440689
2.440079
2.441000
2.440856
2.440916
2.441136
2.441097
2.441288
2.441003
2.440951
2.440709
2.441484
2.441424
2.441258
2.441318
2.440684
2.441915
2.441051
2.441357
2.441069
2.441744
2.441118
2.440906
2.441258
2.441111
2.441671
2.441494
2.441234
2.440451
2.441664
2.440606
2.439939
2.440395
2.440491
2.441620
2.440878
2.440950
2.440708
2.441257
2.441723
2.439612
2.440574
2.439960
2.441606
2.441451
2.441473
2.441622
2.441555
2.442060
2.441642
2.441660
2.441049
2.442301
2.441570
2.442082
2.441587
2.441269
2.441881
2.441289
2.441149
2.440915
2.441688
2.441341
2.441146
2.441072
2.440618
2.441268
2.440668
2.440758
2.440553
2.441189
2.440783
2.440615
2.440683
2.440386
2.441483
2.440946
2.440729
2.440698
2.440864
2.441127
2.441192
2.441127
2.440870
2.441528
2.441432
2.440987
2.441249
2.441347
2.442058
2.441357
2.441145
2.440695
2.442135
2.441776
2.441168
2.441266
2.441304
2.441853
2.441576
2.441374
2.441237
2.441590
2.441081
2.440940
2.440506
2.440609
2.441267
2.441322
2.439482
2.439771
2.440321
2.440947
2.440777
2.440813
2.440648
2.441435
2.441081
2.440987
2.440837
2.441288
2.441669
2.441525
2.441553
2.441102
2.442272
2.441629
2.441545
2.441684
2.441682
2.441608
2.441686
2.441383
2.441065
2.442006
2.441189
2.441412
2.441133
2.441335
2.441312
2.441130
2.440490
2.440101
2.441013
2.440517
2.440502
2.440585
2.440419
2.440927
2.440623
2.440381
2.440043
2.440966
2.440647
2.440505
2.440575
2.440929
2.441600
2.440979
2.440947
2.440593
2.441023
2.441179
2.440737
2.440726
2.440938
2.441693
2.440975
2.441336
2.441113
2.441318
2.441203
2.440732
2.441267
2.440093
2.440452
2.439496
2.440847
2.440357
2.440876
2.440003
2.440495
2.440162
2.439772
2.440743
2.440404
2.440472
2.440284
2.440323
2.440844
2.440265
2.440234
2.439919
2.441432
2.440943
2.441025
2.441131
2.440084
2.441593
2.440950
2.441105
2.440868
2.441776
2.441505
2.441599
2.440791
2.440695
2.441486
2.441106
2.441404
2.439989
2.441217
2.441452
2.441036
2.440667
2.440197
2.441292
2.440085
2.440737
2.440721
2.440701
2.441248
2.440486
2.440428
2.440025
2.440878
2.440392
2.440296
2.440380
2.440784
2.440923
2.440490
2.440448
2.440008
2.440897
2.441035
2.440630
2.440712
2.440691
2.441369
2.441213
2.441123
2.441003
2.441192
2.439826
2.439708
2.440196
2.440234
2.441548
2.441263
2.440831
2.440862
2.440972
2.440463
2.440902
2.439081
2.439998
2.441203
2.441038
2.440755
2.440787
2.440319
2.440632
2.440588
2.440685
2.440178
2.441032
2.440339
2.441109
2.440940
2.441152
2.441615
2.441133
2.440817
2.440269
2.441955
2.441478
2.441278
2.441580
2.441841
2.441172
2.441582
2.441199
2.441100
2.442012
2.441868
2.441306
2.441285
2.440816
2.441564
2.440618
2.440745
2.440917
2.440046
2.439584
2.440516
2.440580
2.440159
2.441162
2.440915
2.440483
2.440505
2.440627
2.440783
2.440238
2.440291
2.440726
2.441427
2.440974
2.438821
2.439979
2.438999
2.440711
2.440641
2.440608
2.440271
2.441065
2.440748
2.440821
2.440662
2.440821
2.441537
2.440572
2.440604
2.440331
2.441001
2.440643
2.440413
2.440195
2.439985
2.440348
2.440209
2.440079
2.439804
2.440543
2.440137
2.439955
2.439837
2.439778
2.440210
2.440156
2.440547
2.439766
2.440711
2.440811
2.440174
2.440225
2.439920
2.440810
2.440159
2.440086
2.440229
2.440165
2.440290
2.440367
2.440184
2.439999
2.440330
2.439944
2.440002
2.439901
2.440153
2.441134
2.440373
2.440324
2.439802
2.440321
2.439855
2.439793
2.439694
2.439489
2.440115
2.440049
2.439501
2.439389
2.440104
2.440157
2.440642
2.438670
2.439346
2.439081
2.440182
2.440633
2.440534
2.441091
2.440878
2.440642
2.440844
2.440574
2.441486
2.441269
2.441050
2.441020
2.440591
2.441007
2.440743
2.440773
2.440567
2.441284
2.440798
2.440377
2.440751
2.440057
2.440658
2.440428
2.440717
2.440600
2.440833
2.440289
2.440521
2.440628
2.440363
2.441025
2.440387
2.440277
2.440099
2.441220
2.440802
2.440969
2.440988
2.441148
2.441354
2.441224
2.441091
2.441133
2.441784
2.441466
2.441351
2.441313
2.441147
2.442029
2.441422
2.441078
2.441168
2.441542
2.441673
2.441222
2.441246
2.441188
2.441648
2.441025
2.440708
2.440752
2.440744
2.440952
2.440935
2.441118
2.439004
2.439702
2.439714
2.439575
2.439240
2.439328
2.440139
2.439786
2.439693
2.439775
2.440516
2.439918
2.440037
2.440224
2.439920
2.440711
2.440596
2.440088
2.440203
2.440810
2.440731
2.440352
2.440172
2.439802
2.440788
2.440240
2.439685
2.441081
2.441266
2.441114
2.440779
2.439749
2.440326
2.440571
2.440988
2.440497
2.440807
2.440695
2.440768
2.440879
2.440874
2.440681
2.441165
2.440661
2.440660
2.440346
2.440787
2.441443
2.441091
2.440995
2.440619
2.441484
2.441242
2.441001
2.441351
2.440978
2.441685
2.441724
2.440407
2.440816
2.441422
2.441162
2.441248
2.441009
2.441354
2.441115
2.440284
2.439910
2.439205
2.440331
2.440150
2.439718
2.439784
2.439255
2.440252
2.439742
2.439410
2.439463
2.439892
2.439753
2.439727
2.439659
2.439956
2.440326
2.440298
2.439961
2.439582
2.439869
2.440120
2.439951
2.440090
2.439705
2.440625
2.440335
2.439947
2.440307
2.439728
2.440363
2.440023
2.440269
2.439334
2.440284
2.440299
2.440097
2.440305
2.439636
2.440134
2.439650
2.438909
2.439775
2.440390
2.439753
2.439590
2.439758
2.439280
2.440141
2.439541
2.439848
2.439808
2.440316
2.440194
2.439566
2.440148
2.439878
2.440827
2.440735
2.440001
2.439997
2.440224
2.440866
2.440426
2.440830
2.440942
2.440283
2.439985
2.440509
2.440215
2.440212
2.440950
2.440233
2.440754
2.439824
2.440367
2.439851
2.439712
2.439380
2.439231
2.439879
2.439615
2.439400
2.439463
2.440158
2.439719
2.439576
2.440005
2.439416
2.440579
2.440144
2.439142
2.439862
2.440630
2.440401
2.439736
2.440040
2.439623
2.440584
2.440505
2.440411
2.440301
2.440382
2.440391
2.440233
2.440762
2.439882
2.440650
2.440327
2.440248
2.440210
2.439871
2.440181
2.439963
2.440020
2.439636
2.439485
2.439755
2.439561
2.439698
2.439560
2.440190
2.439817
2.439722
2.439567
2.440460
2.439529
2.440142
2.440221
2.438714
2.438895
2.437978
2.438179
2.437412
2.438276
2.439820
2.439457
2.439730
2.439626
2.440762
2.440690
2.439610
2.441264
2.438834
2.438999
2.438905
2.438885
2.438371
2.440432
2.439739
2.439438
2.438931
2.438609
2.439857
2.439235
2.439605
2.439171
2.439901
2.439753
2.438658
2.439644
2.439768
2.440552
2.440284
2.439962
2.440394
2.439975
2.440203
2.439936
2.440048
2.439963
2.440464
2.439898
2.440181
2.439997
2.441263
2.439824
2.439921
2.439584
2.439439
2.439912
2.440291
2.439420
2.439154
2.439191
2.439457
2.439218
2.439238
2.438560
2.438875
2.438577
2.438639
2.438771
2.438645
2.438703
2.438357
2.438555
2.438295
2.438728
2.439194
2.439063
2.438648
2.438934
2.439708
2.440066
2.439818
2.439725
2.439787
2.439281
2.439476
2.439202
2.438943
2.439389
2.439250
2.438983
2.438278
2.438652
2.438474
2.438928
2.439809
2.438369
2.439462
2.440490
2.440113
2.439938
2.441044
2.440507
2.439914
2.439806
2.439883
2.440693
2.440328
2.439952
2.439609
2.440420
2.439510
2.439908
2.440042
2.440163
2.440913
2.440785
2.439722
2.440245
2.440127
2.440621
2.440116
2.440301
2.440632
2.440175
2.440627
2.440173
2.440397
2.440758
2.440808
2.440915
2.440001
2.439950
2.440390
2.440213
2.439975
2.439730
2.439995
2.441048
2.440425
2.440156
2.439848
2.440008
2.440447
2.439888
2.440166
2.439461
2.440909
2.439291
2.438247
2.438801
2.438911
2.438784
2.439187
2.439088
2.439104
2.441174
2.440342
2.440230
2.440320
2.440376
2.440814
2.440242
2.440489
2.440175
2.441418
2.440857
2.440370
2.440544
2.440013
2.441235
2.440502
2.440321
2.439339
2.440929
2.440144
2.440476
2.439727
2.439747
2.440567
2.439923
2.439716
2.439507
2.440373
2.439674
2.439936
2.439854
2.439440
2.440187
2.440009
2.439828
2.439743
2.440407
2.440624
2.440751
2.440337
2.440385
2.440820
2.440525
2.440715
2.440922
2.441124
2.441107
2.441233
2.440564
2.441130
2.441977
2.441328
2.441174
2.440715
2.440872
2.441448
2.440949
2.440836
2.440518
2.441229
2.440364
2.438973
2.438890
2.438883
2.439010
2.438135
2.440206
2.439502
2.439729
2.440120
2.440173
2.440302
2.440029
2.441028
2.438761
2.440056
2.440021
2.440280
2.440771
2.440954
2.440557
2.440484
2.440766
2.440905
2.440642
2.441018
2.440653
2.440639
2.440255
2.440502
2.440230
2.441286
2.440264
2.440535
2.439989
2.440061
2.440736
2.439399
2.439643
2.439412
2.440534
2.440334
2.439837
2.440034
2.439293
2.440228
2.439971
2.439537
2.439410
2.440425
2.440097
2.440576
2.440569
2.440521
2.440963
2.440367
2.440733
2.439844
2.440760
2.441006
2.440531
2.440682
2.440067
2.440835
2.440748
2.440590
2.440429
2.441463
2.440932
2.439730
2.439690
2.439021
2.439505
2.439858
2.438721
2.440604
2.439849
2.440707
2.440376
2.440614
2.440531
2.441055
2.440284
2.440233
2.440321
2.440067
2.441062
2.440420
2.440558
2.440447
2.441515
2.440711
2.440658
2.440903
2.441140
2.442133
2.439984
2.440723
2.440280
2.441035
2.441313
2.440428
2.440717
2.440109
2.441000
2.440338
2.440821
2.439980
2.441162
2.441245
2.440833
2.440512
2.440254
2.440606
2.439780
2.439142
2.438873
2.440252
2.439792
2.439597
2.440165
2.440083
2.440761
2.440439
2.440783
2.440840
2.440296
2.440644
2.440997
2.440637
2.440661
2.441344
2.440883
2.440771
2.441018
2.441458
2.441620
2.439442
2.439269
2.439395
2.439670
2.438627
2.440410
2.440620
2.440111
2.441206
2.441220
2.440964
2.440461
2.440882
2.441034
2.439558
2.440558
2.440017
2.441010
2.440526
2.440382
2.440119
2.440643
2.440392
2.440092
2.440199
2.440145
2.440914
2.440755
2.440937
2.440674
2.440693
2.441007
2.440774
2.440854
2.440655
2.441459
2.441117
2.440431
2.440740
2.440571
2.441623
2.440630
2.440367
2.440082
2.440948
2.440336
2.440712
2.440570
2.440152
2.441038
2.439940
2.439839
2.439944
2.440201
2.439924
2.439832
2.439887
2.439808
2.439982
2.440156
2.440301
2.440255
2.440844
2.441069
2.439973
2.438897
2.438981
2.439811
2.438707
2.440107
2.439539
2.439237
2.440422
2.440796
2.440793
2.440777
2.441515
2.441070
2.441185
2.440712
2.440986
2.441404
2.440965
2.441110
2.440758
2.441116
2.440920
2.440469
2.439810
2.438623
2.440964
2.440500
2.440705
2.440550
2.440556
2.440501
2.440457
2.440760
2.440646
2.440530
2.440737
2.439682
2.440274
2.441369
2.440810
2.440841
2.441018
2.440618
2.441487
2.440616
2.440782
2.440864
2.441528
2.441664
2.441072
2.440957
2.440614
2.441530
2.441010
2.440881
2.440777
2.440872
2.440885
2.440833
2.440136
2.440105
2.440863
2.440366
2.440476
2.439979
2.440322
2.440127
2.438709
2.438524
2.437865
2.438945
2.439258
2.439322
2.440178
2.440242
2.441007
2.440420
2.440821
2.440196
2.441086
2.440618
2.441106
2.440827
2.440928
2.441142
2.440754
2.440997
2.440773
2.441377
2.441257
2.440638
2.440937
2.440055
2.441000
2.440954
2.440810
2.440611
2.440677
2.440994
2.440428
2.440529
2.440073
2.441004
2.440391
2.440592
2.439348
2.439454
2.440206
2.440124
2.440383
2.439932
2.441062
2.441020
2.440499
2.440681
2.440388
2.440897
2.440894
2.440754
2.440572
2.440770
2.440865
2.440737
2.440643
2.440663
2.441117
2.440687
2.440726
2.440593
2.441243
2.440709
2.440955
2.441305
2.440984
2.440674
2.438699
2.438765
2.438866
2.439633
2.439650
2.440681
2.439737
2.440284
2.441570
2.440908
2.441594
2.440659
2.440870
2.441816
2.440388
2.440975
2.440504
2.441345
2.441255
2.441363
2.441261
2.440820
2.442082
2.441474
2.441296
2.441453
2.440814
2.441629
2.441327
2.441384
2.441338
2.442030
2.441429
2.441741
2.441385
2.441879
2.441391
2.441344
2.441309
2.440108
2.441155
2.439907
2.440853
2.440025
2.441139
2.440661
2.440189
2.440103
2.439720
2.440644
2.440466
2.440083
2.440177
2.440547
2.440622
2.440906
2.440053
2.439481
2.439130
2.440723
2.440965
2.440249
2.440335
2.441413
2.439778
2.440478
2.440333
2.439842
2.438423
2.438150
2.438194
2.437983
2.438199
2.438979
2.439408
2.438570
2.439091
2.438321
2.439113
2.439352
2.439034
2.438833
2.438712
2.439353
2.438647
2.439248
2.439082
2.438884
2.439561
2.438854
2.440239
2.439849
2.439511
2.439924
2.440229
2.440903
2.439928
2.440426
2.440209
2.441085
2.440352
2.440780
2.440657
2.440490
2.440885
2.440740
2.441120
2.439911
2.441359
2.441055
2.440934
2.440640
2.440333
2.441018
2.440540
2.440648
2.440252
2.441064
2.440820
2.440290
2.440237
2.440181
2.440776
2.440463
2.439957
2.440017
2.440581
2.440167
2.440850
2.440938
2.440577
2.441483
2.440622
2.440780
2.441220
2.440206
2.440156
2.440121
2.439871
2.439431
2.440840
2.440141
2.440047
2.439939
2.440187
2.440234
2.439848
2.439994
2.439483
2.440305
2.439908
2.439135
2.439262
2.439077
2.439767
2.439291
2.439514
2.439071
2.440085
2.439511
2.439574
2.439464
2.439376
2.440295
2.439311
2.439482
2.439952
2.439690
2.440052
2.439822
2.439764
2.439615
2.440119
2.439891
2.439523
2.439672
2.440221
2.439743
2.440033
2.439841
2.439673
2.440157
2.439139
2.439570
2.439272
2.439760
2.439744
2.439124
2.439004
2.438251
2.439265
2.438714
2.438879
2.438585
2.438217
2.438426
2.438374
2.437833
2.437670
2.438393
2.438398
2.439609
2.439694
2.439622
2.440576
2.440640
2.440876
2.441003
2.441306
2.441387
2.441104
2.441187
2.440905
2.441744
2.440890
2.440909
2.440677
2.441124
2.440726
2.440765
2.440686
2.440342
2.441232
2.440702
2.440340
2.440048
2.440549
2.440614
2.440472
2.440341
2.439907
2.440999
2.440223
2.440467
2.440099
2.440314
2.440660
2.440437
2.440350
2.440290
2.441310
2.440947
2.440690
2.440081
2.440211
2.441015
2.440553
2.440772
2.440381
2.441052
2.440541
2.440324
2.440892
2.440710
2.441119
2.440717
2.440540
2.440332
2.440801
2.440631
2.440193
2.440553
2.440598
2.440323
2.439750
2.440163
2.438020
2.438562
2.439063
2.438282
2.437690
2.438551
2.439666
2.439805
2.439855
2.439720
2.439860
2.440318
2.439896
2.439572
2.440001
2.441410
2.439381
2.441124
2.440386
2.440723
2.441429
2.441369
2.442213
2.440335
2.441716
2.441506
2.441159
2.441320
2.440763
2.441564
2.441248
2.441483
2.440740
2.441289
2.440960
2.440456
2.440799
2.440352
2.441058
2.441037
2.441173
2.440705
2.441583
2.441177
2.441260
2.441317
2.441218
2.442089
2.441656
2.441654
2.441894
2.441872
2.442332
2.441922
2.442306
2.441557
2.442576
2.440488
2.441812
2.441878
2.442300
2.442570
2.442258
2.442049
2.441910
2.442635
2.442215
2.442066
2.442166
2.441953
2.442635
2.441864
2.441754
2.442115
2.441349
2.440688
2.440152
2.440252
2.440196
2.441321
2.441028
2.441337
2.441467
2.442238
2.441351
2.441513
2.442018
2.441471
2.442631
2.441779
2.441455
2.441503
2.441842
2.442613
2.441999
2.442301
2.441589
2.442515
2.441930
2.441732
2.441766
2.441668
2.442013
2.442173
2.441295
2.440732
2.442271
2.441968
2.441985
2.441058
2.440951
2.441305
2.441143
2.441264
2.440667
2.441773
2.441344
2.441194
2.441249
2.440822
2.441806
2.441391
2.441360
2.441154
2.441651
2.441408
2.441188
2.441472
2.441135
2.441743
2.441239
2.441354
2.440934
2.441720
2.441743
2.441053
2.441338
2.441019
2.441837
2.440957
2.441739
2.441097
2.440287
2.440574
2.439291
2.440282
2.438693
2.440819
2.440270
2.440427
2.441072
2.440839
2.441453
2.440770
2.440912
2.440532
2.441462
2.440839
2.440887
2.441107
2.440556
2.441364
2.441317
2.441549
2.441343
2.440940
2.440609
2.440482
2.440789
2.440062
2.440872
2.441044
2.440517
2.439843
2.440457
2.440058
2.439333
2.439654
2.439337
2.440204
2.439539
2.439820
2.439780
2.439921
2.439860
2.439263
2.439738
2.438662
2.439483
2.439572
2.439367
2.438854
2.439833
2.439780
2.439527
2.439226
2.438393
2.440239
2.439893
2.441228
2.440084
2.440092
2.440603
2.440038
2.440188
2.439302
2.440484
2.440251
2.440613
2.439997
2.439521
2.440761
2.440968
2.440907
2.441012
2.441233
2.440342
2.440655
2.440793
2.441342
2.441635
2.440581
2.440923
2.439629
2.439826
2.440612
2.441013
2.439966
2.439966
2.440426
2.439768
2.439456
2.439213
2.439605
2.440324
2.440031
2.440208
2.439888
2.441038
2.440764
2.440502
2.440704
2.440279
2.441287
2.440533
2.440435
2.439876
2.441291
2.439755
2.440373
2.440320
2.440312
2.440758
2.440623
2.440632
2.439756
2.441055
2.440438
2.439860
2.439983
2.438985
2.440156
2.439870
2.439677
2.439497
2.439839
2.439612
2.439697
2.439657
2.439730
2.440406
2.440251
2.440475
2.439768
2.440435
2.441141
2.440972
2.440157
2.440181
2.440977
2.440640
2.441021
2.440960
2.441271
2.441636
2.440825
2.440765
2.440271
2.441533
2.441176
2.440912
2.441030
2.440495
2.441063
2.441223
2.440827
2.440656
2.441188
2.440268
2.440609
2.440488
2.440305
2.440649
2.440739
2.440621
2.440435
2.440971
2.440690
2.440134
2.440258
2.440158
2.441195
2.440858
2.440322
2.440429
2.441054
2.441046
2.441331
2.440660
2.440561
2.441548
2.440699
2.440913
2.440044
2.440799
2.441159
2.440459
2.440351
2.439652
2.440607
2.440280
2.440301
2.440272
2.440124
2.440328
2.439708
2.439629
2.439355
2.440275
2.439409
2.439472
2.439442
2.439141
2.439844
2.439599
2.440073
2.439732
2.441002
2.440028
2.440122
2.440206
2.439854
2.440519
2.440295
2.439955
2.440131
2.440459
2.440588
2.440698
2.440026
2.440479
2.439488
2.438243
2.437668
2.438612
2.437800
2.438581
2.439242
2.439833
2.439913
2.439265
2.439057
2.438667
2.438184
2.438505
2.438874
2.438547
2.438480
2.438721
2.438563
2.439134
2.439150
2.439134
2.438861
2.439400
2.439232
2.439549
2.439264
2.440066
2.440042
2.439849
2.439823
2.439982
2.440645
2.440466
2.439998
2.439827
2.440803
2.440304
2.439575
2.439720
2.439250
2.440280
2.439771
2.439347
2.439440
2.440616
2.439373
2.438968
2.439079
2.438930
2.439512
2.439025
2.438148
2.438573
2.438107
2.438619
2.438912
2.438863
2.438444
2.439080
2.438983
2.439203
2.439134
2.439501
2.440249
2.439849
2.439134
2.438751
2.439653
2.439567
2.439246
2.439412
2.439117
2.439904
2.439709
2.439808
2.440128
2.440577
2.440692
2.439063
2.440131
2.439249
2.440324
2.440011
2.439759
2.440039
2.440211
2.439815
2.440597
2.439894
2.439770
2.440425
2.440324
2.439958
2.439896
2.440265
2.440284
2.439908
2.439908
2.439609
2.440533
2.440156
2.440316
2.440217
2.440098
2.440714
2.440604
2.440720
2.440501
2.441525
2.440884
2.440708
2.440823
2.440833
2.441031
2.441000
2.440540
2.440771
2.441354
2.441039
2.440841
2.440751
2.440178
2.441080
2.440364
2.439798
2.439699
2.440493
2.440220
2.440103
2.440007
2.439827
2.440792
2.440199
2.440037
2.440130
2.440255
2.440677
2.440545
2.440584
2.440163
2.440842
2.440093
2.440234
2.440365
2.440462
2.441155
2.440568
2.440518
2.440143
2.441035
2.440742
2.440843
2.440462
2.440447
2.441073
2.440619
2.440686
2.440335
2.440762
2.440591
2.440463
2.439931
2.439943
2.441446
2.440067
2.440260
2.440222
2.439069
2.438508
2.438298
2.437923
2.438288
2.438913
2.440056
2.439394
2.440121
2.440587
2.440016
2.439788
2.439755
2.439819
2.440701
2.440100
2.441175
2.441460
2.441871
2.441383
2.441168
2.440976
2.440748
2.441475
2.441264
2.441055
2.441363
2.440894
2.441288
2.440833
2.440310
2.439839
2.440386
2.440228
2.440110
2.439965
2.439755
2.440333
2.439516
2.439762
2.439117
2.439772
2.439669
2.439917
2.439170
2.439814
2.440217
2.440056
2.439928
2.440163
2.440091
2.440140
2.440085
2.440050
2.440140
2.440688
2.440407
2.440045
2.440186
2.440141
2.440248
2.440238
2.439905
2.439798
2.440593
2.440184
2.440084
2.440346
2.440203
2.440033
2.439848
2.440212
2.440102
2.440955
2.439573
2.438782
2.438427
2.438902
2.438643
2.440236
2.438974
2.440318
2.439554
2.440788
2.441216
2.440877
2.440386
2.441640
2.441187
2.441069
2.440449
2.441285
2.441633
2.440726
2.440142
2.440649
2.441422
2.440928
2.440792
2.440794
2.440795
2.440997
2.440441
2.440691
2.440596
2.441149
2.439891
2.440023
2.440289
2.440477
2.439991
2.438719
2.437884
2.439027
2.440056
2.439453
2.439393
2.439549
2.439955
2.440115
2.440037
2.439924
2.439798
2.440335
2.439710
2.439782
2.440112
2.440429
2.440728
2.440864
2.440422
2.440413
2.440758
2.440735
2.440537
2.440277
2.439888
2.441169
2.440509
2.440698
2.440289
2.440855
2.439577
2.438617
2.438656
2.438427
2.438532
2.439638
2.440364
2.439646
2.439234
2.440327
2.439117
2.439706
2.439814
2.439221
2.439962
2.440252
2.440172
2.440364
2.440730
2.440332
2.440658
2.440144
2.441425
2.440913
2.440804
2.440765
2.441040
2.441726
2.441187
2.441151
2.440746
2.441589
2.441254
2.441068
2.440925
2.440758
2.441284
2.440702
2.440431
2.440131
2.440429
2.440364
2.440035
2.440325
2.440144
2.441096
2.440363
2.440535
2.440327
2.440499
2.440631
2.440304
2.440598
2.440352
2.441229
2.440789
2.440851
2.440709
2.441090
2.441185
2.441071
2.440844
2.441069
2.441631
2.441308
2.441450
2.441498
2.442101
2.440983
2.439962
2.440187
2.439623
2.440664
2.440038
2.440531
2.440067
2.440009
2.439535
2.440704
2.440051
2.440407
2.441100
2.441382
2.440785
2.440606
2.440665
2.441516
2.441428
2.441915
2.441295
2.442155
2.442303
2.441995
2.442423
2.441500
2.442192
2.442054
2.442016
2.442659
2.442079
2.442884
2.442710
2.442260
2.442310
2.442901
2.442571
2.442581
2.442691
2.442119
2.443582
2.443562
2.443384
2.443377
2.444144
2.443426
2.443399
2.444081
2.443698
2.444620
2.444111
2.443264
2.444950
2.446031
2.445994
2.446018
2.445383
2.446362
2.445956
2.446792
2.446921
2.446727
2.447487
2.447746
2.447720
2.447725
2.447258
2.448696
2.448309
2.446893
2.446758
2.446955
2.447665
2.447477
2.447889
2.447950
2.450277
2.449176
2.449681
2.450022
2.449459
2.450650
2.449882
2.449502
2.450670
2.451127
2.451354
2.451143
2.451710
2.451649
2.452276
2.452425
2.452318
2.452576
2.453529
2.453759
2.453589
2.454004
2.454073
2.455147
2.455024
2.455661
2.455301
2.456192
2.456517
2.456493
2.456830
2.456973
2.456647
2.457334
2.457573
2.457920
2.457675
2.458419
2.458767
2.458673
2.459667
2.459597
2.459679
2.459460
2.459158
2.459790
2.460101
2.460231
2.460461
2.460402
2.461666
2.460679
2.461326
2.461278
2.461526
2.462654
2.462764
2.462610
2.462152
2.462396
2.463178
2.462873
2.462050
2.464294
2.465175
2.464718
2.465388
2.465479
2.467196
2.466211
2.466711
2.467554
2.466803
2.467971
2.467695
2.468131
2.467976
2.468534
2.468870
2.468753
2.468761
2.469025
2.468755
2.469171
2.469317
2.469616
2.469848
2.470255
2.470324
2.470732
2.470277
2.471514
2.471355
2.471520
2.471918
2.472020
2.472705
2.471318
2.471607
2.472842
2.473615
2.474276
2.473457
2.474073
2.474118
2.475317
2.475474
2.474301
2.474896
2.475923
2.475604
2.475684
2.475365
2.475950
2.476434
2.476665
2.476779
2.476155
2.476824
2.476947
2.476259
2.476972
2.476084
2.477275
2.477476
2.477576
2.477403
2.477102
2.476326
2.476377
2.476614
2.477934
2.477609
2.479314
2.479468
2.479362
2.479157
2.479806
2.479554
2.479274
2.480154
2.480636
2.480738
2.480869
2.480730
2.480658
2.481554
2.481250
2.481010
2.481481
2.482262
2.481861
2.481962
2.482308
2.482426
2.482773
2.482512
2.482038
2.482203
2.482820
2.482420
2.482468
2.482278
2.482284
2.482998
2.483023
2.482832
2.482822
2.483358
2.483400
2.483141
2.483457
2.483806
2.484616
2.484269
2.484060
2.484385
2.484373
2.484960
2.484522
2.485093
2.484038
2.484143
2.484624
2.484649
2.485066
2.484860
2.485324
2.485142
2.485039
2.484910
2.486016
2.485113
2.485577
2.484784
2.483677
2.483801
2.483110
2.482976
2.482998
2.484266
2.485113
2.484794
2.484312
2.484415
2.485305
2.485484
2.484536
2.485078
2.485809
2.486070
2.484834
2.484733
2.484866
2.485772
2.485619
2.485573
2.485359
2.485464
2.485934
2.485124
2.485525
2.485192
2.486064
2.485291
2.484881
2.485127
2.485074
2.486011
2.485040
2.484835
2.484458
2.484441
2.484437
2.484363
2.484743
2.484338
2.485245
2.484375
2.484127
2.484070
2.484471
2.484597
2.484282
2.484431
2.484844
2.485337
2.484907
2.484894
2.484592
2.485414
2.485006
2.485055
2.484985
2.484890
2.485430
2.485664
2.484442
2.485574
2.484399
2.483721
2.482917
2.482663
2.483523
2.483729
2.483813
2.484049
2.484133
2.484035
2.484049
2.483715
2.484138
2.483416
2.484317
2.483858
2.483520
2.483848
2.482928
2.484119
2.483960
2.484009
2.484379
2.484396
2.484210
2.484235
2.484433
2.483917
2.484620
2.484241
2.484283
2.484373
2.484871
2.485170
2.484874
2.484967
2.484711
2.485569
2.484905
2.484773
2.484679
2.484968
2.484906
2.484631
2.484450
2.484377
2.485005
2.484195
2.483969
2.484149
2.484096
2.484353
2.484151
2.484297
2.483904
2.484809
2.484361
2.484130
2.484249
2.484683
2.484813
2.484911
2.484776
2.484547
2.484939
2.484860
2.485082
2.485355
2.484919
2.484999
2.484379
2.484070
2.484605
2.484427
2.484877
2.484630
2.484523
2.483873
2.484868
2.484414
2.484348
2.484313
2.484510
2.484408
2.484053
2.483767
2.483398
2.484187
2.483987
2.483585
2.484053
2.484072
2.484025
2.483722
2.484128
2.484027
2.484668
2.484514
2.484025
2.484182
2.484028
2.485280
2.484312
2.484580
2.484626
2.485269
2.484575
2.484590
2.484878
2.484944
2.485371
2.484788
2.484940
2.484652
2.485453
2.485013
2.485130
2.484972
2.484921
2.485605
2.484788
2.484396
2.484052
2.484627
2.484659
2.484352
2.483947
2.483523
2.484676
2.484008
2.483730
2.483429
2.484009
2.484162
2.483605
2.483647
2.483394
2.484141
2.483807
2.483922
2.484008
2.483901
2.484424
2.484040
2.484161
2.484029
2.484674
2.484440
2.483959
2.484047
2.484148
2.484840
2.484316
2.484475
2.484118
2.484674
2.484637
2.484568
2.484524
2.484443
2.484438
2.483142
2.483562
2.483413
2.484341
2.483767
2.483492
2.483792
2.483630
2.484248
2.483933
2.483985
2.484235
2.484434
2.484578
2.484276
2.484190
2.483976
2.484789
2.484320
2.484329
2.484634
2.484143
2.484384
2.483181
2.483751
2.483017
2.485326
2.484894
2.484524
2.484652
2.484466
2.485160
2.485001
2.485139
2.484716
2.485371
2.484047
2.483693
2.484005
2.482079
2.482650
2.481830
2.481657
2.481086
2.482902
2.483013
2.483178
2.483087
2.483516
2.483804
2.483373
2.483680
2.483364
2.484320
2.483581
2.483474
2.483314
2.483450
2.484515
2.483690
2.483912
2.483531
2.483323
2.484362
2.484303
2.484276
2.483968
2.484184
2.483639
2.483534
2.483447
2.483783
2.484078
2.483574
2.483307
2.482784
2.483578
2.482972
2.482890
2.482879
2.482250
2.483406
2.483505
2.482442
2.482542
2.483428
2.483161
2.483044
2.483984
2.483553
2.484818
2.484134
2.483776
2.483740
2.484657
2.483861
2.484127
2.484683
2.483898
2.484842
2.484480
2.484237
2.484237
2.484443
2.484681
2.483863
2.483991
2.483253
2.484893
2.484165
2.484341
2.483838
2.483592
2.484531
2.482942
2.483922
2.483191
2.484095
2.483591
2.483145
2.483133
2.483600
2.483752
2.483726
2.483277
2.483327
2.484208
2.484089
2.484400
2.484245
2.484996
2.485154
2.484866
2.485142
2.485422
2.485458
2.485623
2.484510
2.484925
2.484960
2.485849
2.484486
2.484786
2.485231
2.484577
2.485248
2.484268
2.484201
2.484081
2.484385
2.483117
2.483681
2.483463
2.483187
2.484067
2.482994
2.481831
2.481838
2.483085
2.482421
2.482131
2.482194
2.482239
2.482048
2.482468
2.482766
2.482064
2.482923
2.482294
2.482140
2.482450
2.482151
2.483175
2.482370
2.482411
2.481928
2.482848
2.482103
2.482449
2.481932
2.482149
2.482576
2.481483
2.481769
2.481714
2.482197
2.482249
2.481111
2.480826
2.480536
2.481232
2.480990
2.481068
2.480918
2.480894
2.480693
2.480372
2.480184
2.480119
2.481594
2.480918
2.481050
2.481083
2.481201
2.481580
2.481542
2.481330
2.480624
2.481564
2.481382
2.481180
2.482225
2.481338
2.482838
2.481962
2.481871
2.481506
2.482540
2.482011
2.481681
2.482033
2.481846
2.482385
2.482253
2.481787
2.481560
2.481720
2.481994
2.482312
2.481670
2.481202
2.482483
2.482501
2.482448
2.482336
2.483269
2.483590
2.482230
2.482702
2.482658
2.483761
2.483184
2.483125
2.483088
2.483602
2.483560
2.483687
2.483618
2.483738
2.484320
2.483774
2.483922
2.483935
2.483631
2.484416
2.484228
2.483900
2.483497
2.484455
2.484159
2.483714
2.483844
2.483213
2.484260
2.483934
2.483611
2.483297
2.483821
2.483571
2.483684
2.483519
2.483433
2.483889
2.483679
2.483298
2.483587
2.484136
2.484044
2.483975
2.484147
2.483683
2.484670
2.483860
2.483799
2.483851
2.484410
2.484659
2.484352
2.484173
2.483963
2.484489
2.483599
2.483795
2.483913
2.484430
2.484614
2.484469
2.484141
2.483740
2.484065
2.483391
2.483051
2.483130
2.483220
2.483969
2.483775
2.483667
2.483453
2.484022
2.483785
2.483709
2.483796
2.483377
2.484394
2.483730
2.483863
2.483783
2.484370
2.483766
2.483777
2.483459
2.483442
2.483791
2.483366
2.483135
2.482962
2.483752
2.483211
2.482865
2.482857
2.482519
2.483345
2.482864
2.482874
2.482921
2.482340
2.483223
2.482251
2.482612
2.482026
2.482556
2.482067
2.481729
2.481951
2.481986
2.482209
2.481803
2.482362
2.482092
2.483123
2.482369
2.482274
2.482195
2.482485
2.483558
2.481127
2.480741
2.480740
2.481651
2.481130
2.482145
2.482030
2.482233
2.482744
2.483184
2.481994
2.482011
2.482239
2.482467
2.481912
2.481977
2.481759
2.482470
2.481568
2.481920
2.482162
2.482309
2.482564
2.481721
2.481901
2.482122
2.482899
2.482461
2.482523
2.482060
2.482300
2.483137
2.482635
2.482520
2.482819
2.483950
2.483463
2.483174
2.483225
2.483144
2.484000
2.483552
2.483780
2.483462
2.484763
2.483364
2.483099
2.483467
2.483234
2.484061
2.483320
2.483393
2.483447
2.483795
2.483654
2.483503
2.483339
2.482711
2.483189
2.482737
2.482982
2.482904
2.483720
2.483371
2.482706
2.482833
2.482764
2.483876
2.483143
2.483441
2.483422
2.483597
2.484252
2.483557
2.483624
2.482884
2.484403
2.484122
2.483839
2.484168
2.483873
2.484713
2.484032
2.484257
2.484294
2.485040
2.483954
2.484607
2.483453
2.483603
2.484541
2.483931
2.483858
2.483258
2.484030
2.483465
2.483358
2.483468
2.483562
2.483831
2.483025
2.483087
2.482954
2.483324
2.483587
2.483346
2.482945
2.482324
2.483966
2.483379
2.484191
2.483610
2.484510
2.484882
2.484628
2.484809
2.484653
2.485091
2.485020
2.484187
2.484516
2.484873
2.485210
2.484475
2.484562
2.483742
2.483677
2.483721
2.484667
2.484427
2.484733
2.485422
2.483471
2.483935
2.483754
2.484356
2.484021
2.483798
2.483897
2.483625
2.484215
2.483715
2.483421
2.483082
2.483733
2.483847
2.483752
2.484257
2.484198
2.484677
2.484186
2.484377
2.484258
2.484448
2.484955
2.484450
2.484579
2.484210
2.485351
2.483913
2.484004
2.484159
2.484388
2.484428
2.483718
2.483894
2.483546
2.484389
2.483702
2.483345
2.482888
2.482963
2.483194
2.483373
2.483919
2.482833
2.482833
2.483882
2.483984
2.483626
2.483953
2.484736
2.482642
2.483881
2.484198
2.484114
2.484213
2.484218
2.483478
2.484736
2.484593
2.484547
2.484367
2.484310
2.484463
2.484644
2.482998
2.481923
2.481644
2.481833
2.481926
2.482149
2.482968
2.482887
2.483397
2.482609
2.482879
2.482662
2.483341
2.483249
2.483023
2.483498
2.483571
2.483448
2.482374
2.483221
2.482435
2.483718
2.484245
2.483884
2.484180
2.484399
2.485091
2.484931
2.484839
2.485074
2.485399
2.485280
2.485428
2.485345
2.484792
2.485514
2.484093
2.484876
2.484843
2.485459
2.485294
2.485164
2.485002
2.484623
2.485635
2.485413
2.484597
2.484736
2.484848
2.484766
2.484819
2.484330
2.484242
2.484908
2.484898
2.484499
2.484353
2.484288
2.484949
2.484182
2.484325
2.484273
2.485635
2.485330
2.484946
2.484676
2.484202
2.484809
2.484311
2.484563
2.484346
2.485101
2.484878
2.484537
2.484634
2.484676
2.485110
2.484900
2.485015
2.484424
2.484899
2.484692
2.484728
2.484667
2.484444
2.485377
2.483865
2.484058
2.483966
2.484078
2.484261
2.483878
2.483514
2.483307
2.484192
2.484270
2.483946
2.484210
2.484297
2.484747
2.484331
2.484266
2.483986
2.484968
2.484350
2.484589
2.484545
2.484449
2.485104
2.485141
2.484515
2.484930
2.485378
2.484965
2.484998
2.484925
2.484531
2.485510
2.485198
2.485231
2.485164
2.485047
2.484802
2.484496
2.484158
2.483963
2.484810
2.484277
2.483909
2.483993
2.484359
2.484440
2.484627
2.484408
2.484092
2.485615
2.484030
2.484474
2.484451
2.484785
2.485012
2.484491
2.484750
2.484587
2.485412
2.485579
2.484935
2.485086
2.485095
2.484275
2.482930
2.482591
2.482027
2.482686
2.482667
2.482919
2.483637
2.483763
2.485237
2.483191
2.482656
2.482778
2.483305
2.482930
2.482281
2.482641
2.482693
2.483523
2.483172
2.483279
2.483152
2.483600
2.483884
2.483647
2.483724
2.483801
2.484686
2.484708
2.484206
2.484649
2.484612
2.485031
2.484110
2.484138
2.484062
2.485265
2.484697
2.484496
2.484591
2.484790
2.485011
2.484822
2.483824
2.484245
2.485352
2.484699
2.485124
2.484356
2.483331
2.483538
2.483633
2.484103
2.484193
2.484682
2.484147
2.484202
2.484238
2.483754
2.484136
2.483760
2.484063
2.484031
2.484540
2.484656
2.484869
2.484962
2.484271
2.484769
2.484511
2.484496
2.483961
2.484869
2.484571
2.485034
2.484343
2.484376
2.485004
2.484089
2.483986
2.484243
2.483925
2.484313
2.484464
2.483917
2.483593
2.485006
2.483640
2.483674
2.483975
2.483904
2.484198
2.483602
2.483373
2.483221
2.484373
2.483814
2.483912
2.484420
2.483918
2.485103
2.483681
2.484570
2.484333
2.484841
2.484045
2.483932
2.484615
2.484511
2.485411
2.484952
2.486050
2.484840
2.485971
2.486212
2.485709
2.485815
2.485397
2.486191
2.485236
2.485406
2.485608
2.485493
2.486040
2.485153
2.484980
2.485116
2.485647
2.485235
2.485292
2.485244
2.485324
2.485585
2.485103
2.485147
2.484838
2.486374
2.485388
2.485602
2.485546
2.485502
2.486283
2.485781
2.486033
2.485775
2.486206
2.485790
2.485836
2.486091
2.486272
2.486543
2.486182
2.486011
2.485907
2.486508
2.485285
2.485422
2.485665
2.484018
2.483637
2.483078
2.482070
2.483219
2.482501
2.484484
2.484514
2.484567
2.484928
2.484843
2.484640
2.483822
2.484411
2.484733
2.484653
2.484711
2.485577
2.485825
2.486659
2.486346
2.486430
2.486259
2.486230
2.487213
2.486510
2.486532
2.486431
2.488017
2.486191
2.486662
2.486328
2.486350
2.485965
2.486125
2.486526
2.485939
2.486888
2.486439
2.486033
2.486020
2.485203
2.486393
2.485456
2.484511
2.484558
2.483443
2.484848
2.485505
2.485545
2.485576
2.486023
2.485523
2.485963
2.484562
2.485906
2.486338
2.486068
2.486025
2.485525
2.486454
2.486330
2.486099
2.486182
2.486226
2.486393
2.486006
2.486218
2.485762
2.487295
2.486614
2.486467
2.486245
2.486219
2.486627
2.486632
2.486662
2.485945
2.485058
2.483781
2.483314
2.484711
2.483882
2.486116
2.485539
2.485269
2.485400
2.485970
2.485642
2.485636
2.486193
2.485722
2.486745
2.486505
2.486370
2.486295
2.486520
2.486651
2.486271
2.486369
2.485824
2.486560
2.485797
2.486034
2.486239
2.486343
2.486371
2.486066
2.485787
2.485366
2.486213
2.485619
2.485093
2.485465
2.485320
2.485887
2.484958
2.484837
2.484514
2.485414
2.485039
2.485114
2.485338
2.485377
2.485769
2.485504
2.485312
2.485116
2.485558
2.485295
2.485272
2.485440
2.485311
2.486343
2.485370
2.485309
2.485355
2.485731
2.485978
2.486047
2.485783
2.485308
2.486227
2.485304
2.485816
2.485005
2.483763
2.484297
2.483376
2.483590
2.482825
2.484522
2.485028
2.484066
2.483476
2.483688
2.484469
2.483870
2.484187
2.484374
2.485086
2.484761
2.483717
2.483543
2.483528
2.484890
2.484347
2.484715
2.484713
2.485198
2.484974
2.484633
2.484691
2.484698
2.485836
2.485251
2.485083
2.484705
2.485436
2.485759
2.485929
2.485817
2.485886
2.486052
2.485514
2.485546
2.485279
2.485600
2.485906
2.485200
2.485537
2.484865
2.485248
2.485032
2.484754
2.484993
2.484874
2.485535
2.484906
2.484774
2.484800
2.485761
2.485188
2.485428
2.484486
2.485077
2.485928
2.485560
2.485681
2.484987
2.486473
2.485477
2.483807
2.483906
2.484342
2.484880
2.484227
2.484851
2.485817
2.486768
2.486663
2.485180
2.486069
2.485688
2.486552
2.486082
2.486046
2.485697
2.486055
2.485817
2.486243
2.485410
2.485301
2.486241
2.485678
2.485378
2.485700
2.485734
2.485778
2.485524
2.485456
2.485337
2.486175
2.485923
2.486330
2.486216
2.485682
2.486099
2.485991
2.485915
2.485996
2.486556
2.486402
2.486073
2.486293
2.485797
2.486630
2.485877
2.485605
2.485533
2.486348
2.485810
2.485933
2.485608
2.485663
2.486050
2.485288
2.484844
2.484548
2.484888
2.484856
2.484466
2.484713
2.484680
2.485620
2.484902
2.485208
2.484813
2.485294
2.486021
2.485439
2.483926
2.483787
2.484294
2.484104
2.484630
2.484353
2.484789
2.486134
2.485399
2.486100
2.484989
2.486642
2.486402
2.485909
2.485690
2.485386
2.485644
2.485234
2.485371
2.485263
2.486130
2.485821
2.485415
2.484994
2.484837
2.485608
2.485294
2.484818
2.484440
2.485318
2.484846
2.484680
2.484689
2.484845
2.485823
2.484564
2.485092
2.484885
2.485213
2.485673
2.485491
2.485601
2.485497
2.486244
2.485704
2.485787
2.486036
2.485670
2.486328
2.485631
2.485718
2.485813
2.486778
2.486476
2.486087
2.486259
2.486264
2.486386
2.485613
2.485725
2.485105
2.485722
2.485539
2.485328
2.484472
2.484629
2.485672
2.484272
2.483454
2.483249
2.484208
2.484329
2.484028
2.482869
2.484621
2.485775
2.485607
2.485774
2.485346
2.485938
2.485629
2.485709
2.485325
2.485086
2.485898
2.485085
2.485162
2.485399
2.485973
2.485624
2.485417
2.484958
2.484718
2.485487
2.485186
2.484726
2.484455
2.483490
2.484431
2.484028
2.484277
2.484366
2.485385
2.485130
2.484432
2.484329
2.484379
2.485027
2.484995
2.484789
2.484846
2.485366
2.485369
2.485604
2.485325
2.485518
2.486039
2.486022
2.485980
2.485329
2.485948
2.486287
2.485882
2.485948
2.485799
2.486297
2.485717
2.486010
2.484132
2.485193
2.485197
2.485440
2.485276
2.484698
2.486346
2.484497
2.484011
2.483293
2.482958
2.482979
2.483360
2.482605
2.483250
2.484818
2.484843
2.484344
2.484879
2.485205
2.485090
2.485241
2.485141
2.485440
2.486308
2.485802
2.485920
2.485024
2.485309
2.485658
2.485586
2.486157
2.485102
2.486014
2.486000
2.485961
2.485828
2.485523
2.486484
2.486408
2.485709
2.485810
2.485902
2.486152
2.485833
2.485242
2.485504
2.485511
2.485040
2.485165
2.485343
2.485722
2.485428
2.485259
2.485467
2.485082
2.486383
2.485302
2.485886
2.485994
2.485481
2.486324
2.485628
2.485408
2.485200
2.486188
2.485937
2.486094
2.486227
2.486081
2.486817
2.486555
2.486289
2.485746
2.487074
2.486417
2.484922
2.484037
2.484402
2.485352
2.484663
2.484187
2.485582
2.484666
2.485278
2.485154
2.485383
2.485188
2.485924
2.485725
2.485442
2.485561
2.485709
2.486138
2.485550
2.485417
2.485538
2.486643
2.486222
2.486464
2.486162
2.485755
2.486699
2.485846
2.485946
2.485602
2.486763
2.486924
2.485167
2.486147
2.486358
2.486964
2.486456
2.486231
2.486067
2.486899
2.486796
2.486329
2.486347
2.486464
2.486116
2.485959
2.485972
2.485631
2.486499
2.486264
2.485906
2.485892
2.485448
2.486240
2.485657
2.485496
2.485558
2.485803
2.486589
2.485918
2.486088
2.485618
2.486616
2.486377
2.485990
2.484880
2.484764
2.485412
2.484348
2.485586
2.485764
2.486802
2.486441
2.486394
2.486327
2.486058
2.486530
2.486128
2.486355
2.486083
2.486653
2.486171
2.485518
2.485258
2.485082
2.485716
2.485099
2.485219
2.485117
2.485756
2.485564
2.485650
2.485607
2.485444
2.485886
2.485791
2.485558
2.485831
2.486000
2.485946
2.485905
2.485222
2.485396
2.486154
2.485750
2.485529
2.485594
2.485776
2.485866
2.486090
2.485738
2.485524
2.486457
2.485680
2.485917
2.485589
2.485470
2.485699
2.485148
2.485133
2.484981
2.485762
2.485691
2.485326
2.485102
2.484835
2.485677
2.484736
2.484854
2.484978
2.485294
2.485385
2.483542
2.483644
2.483928
2.484877
2.484741
2.485047
2.484239
2.485127
2.484983
2.485193
2.485002
2.484162
2.484512
2.484357
2.484037
2.484211
2.483978
2.484372
2.484014
2.483805
2.483793
2.484676
2.484142
2.483943
2.483836
2.483805
2.484076
2.483549
2.483541
2.483477
2.484446
2.483641
2.483869
2.483600
2.483457
2.484131
2.483599
2.483446
2.483383
2.484748
2.484717
2.484494
2.484279
2.483655
2.484494
2.484224
2.484337
2.483737
2.484439
2.483968
2.484363
2.484085
2.483865
2.484664
2.484005
2.483699
2.483470
2.483726
2.483770
2.483932
2.484108
2.483866
2.483923
2.483732
2.483736
2.483777
2.483786
2.484589
2.483841
2.484261
2.483659
2.484519
2.484067
2.484129
2.484202
2.484099
2.484652
2.484562
2.484728
2.484697
2.485414
2.485045
2.485192
2.485045
2.485096
2.485642
2.485444
2.485302
2.485152
2.485522
2.485420
2.485018
2.485003
2.484608
2.485373
2.484895
2.485101
2.484689
2.484872
2.484755
2.484471
2.484557
2.484015
2.484924
2.484502
2.484534
2.484550
2.484443
2.484901
2.484512
2.484318
2.484659
2.484670
2.484387
2.483755
2.484583
2.484722
2.484884
2.484781
2.484927
2.484398
2.485476
2.484993
2.485071
2.485158
2.484695
2.485144
2.484021
2.484745
2.484449
2.485026
2.485397
2.483240
2.482294
2.482584
2.482794
2.481716
2.482588
2.482630
2.483976
2.484055
2.484128
2.484964
2.483503
2.484457
2.484334
2.483659
2.484908
2.484631
2.483668
2.484544
2.485204
2.485701
2.485948
2.485723
2.485855
2.486010
2.486003
2.486497
2.486166
2.486048
2.486331
2.485980
2.486342
2.486312
2.486253
2.486138
2.487014
2.485090
2.485468
2.485365
2.485009
2.485862
2.485888
2.485396
2.485490
2.486055
2.485695
2.485285
2.485289
2.485834
2.485572
2.485337
2.485131
2.484818
2.485920
2.486234
2.484941
2.485875
2.486249
2.486582
2.486191
2.486449
2.486113
2.486978
2.486403
2.486423
2.486381
2.486671
2.486954
2.486661
2.487035
2.486366
2.487133
2.486652
2.486538
2.486441
2.486203
2.487269
2.486171
2.484320
2.483633
2.484295
2.483900
2.484485
2.484121
2.483707
2.484103
2.483175
2.484012
2.483209
2.484083
2.483500
2.483500
2.484155
2.483460
2.484005
2.484348
2.484910
2.484282
2.483926
2.484457
2.484011
2.484632
2.484508
2.485396
2.485221
2.483699
2.484171
2.485299
2.486086
2.486119
2.485539
2.485365
2.486110
2.485583
2.485743
2.485581
2.485507
2.485766
2.484860
2.484852
2.484286
2.485079
2.484745
2.484912
2.485026
2.483957
2.485078
2.485012
2.484572
2.484999
2.484975
2.485128
2.484953
2.484947
2.485132
2.485354
2.485036
2.484928
2.484984
2.485216
2.485297
2.484894
2.484686
2.484627
2.485862
2.483946
2.483577
2.482510
2.482844
2.482941
2.483017
2.482413
2.483534
2.483710
2.484944
2.484014
2.483814
2.484306
2.484820
2.484630
2.484589
2.483975
2.484546
2.484211
2.483827
2.483885
2.484495
2.484150
2.484994
2.485233
2.485003
2.485905
2.485721
2.485678
2.485449
2.485393
2.485898
2.485920
2.485714
2.485939
2.486371
2.486411
2.486072
2.485979
2.485953
2.486483
2.486119
2.486051
2.485814
2.486025
2.486238
2.485579
2.485532
2.485036
2.485608
2.484867
2.484937
2.484647
2.485025
2.485266
2.484691
2.485175
2.485177
2.486036
2.485568
2.484329
2.484771
2.484508
2.485252
2.484339
2.484797
2.484192
2.484637
2.484307
2.484139
2.483876
2.483405
2.484248
2.484131
2.484754
2.484399
2.485062
2.484670
2.484384
2.484117
2.483808
2.484419
2.484602
2.484544
2.484147
2.484509
2.484117
2.483525
2.483580
2.483180
2.483966
2.483093
2.483544
2.482957
2.483197
2.483371
2.483335
2.483286
2.483379
2.483901
2.483858
2.483269
2.483729
2.483826
2.483991
2.483986
2.483679
2.484003
2.484803
2.484726
2.484429
2.485389
2.483707
2.484506
2.483813
2.484285
2.483925
2.484922
2.484694
2.484493
2.484888
2.484134
2.484769
2.484246
2.483718
2.483279
2.484227
2.484003
2.483790
2.483962
2.483750
2.484906
2.484715
2.484536
2.484224
2.483957
2.484918
2.484418
2.484787
2.484425
2.484987
2.483869
2.483912
2.484220
2.484106
2.484519
2.484572
2.484580
2.484229
2.485104
2.484225
2.484174
2.483913
2.484146
2.484601
2.484487
2.484101
2.484175
2.485250
2.484371
2.483796
2.484151
2.483523
2.484430
2.484524
2.484505
2.484185
2.484521
2.484474
2.484252
2.484428
2.484581
2.484823
2.484477
2.484618
2.484883
2.485269
2.485124
2.483916
2.484605
2.484887
2.485708
2.484981
2.485034
2.484583
2.484419
2.485250
2.484877
2.484861
2.484488
2.485186
2.484562
2.484568
2.484375
2.484428
2.485066
2.484612
2.484360
2.483631
2.484220
2.483811
2.484202
2.484458
2.483949
2.485314
2.484504
2.484397
2.484154
2.484928
2.484875
2.483960
2.484412
2.483872
2.484370
2.484286
2.484289
2.484575
2.484978
2.485303
2.484890
2.484841
2.484922
2.485678
2.485002
2.485181
2.485074
2.485588
2.485434
2.485210
2.485425
2.485122
2.486010
2.485974
2.484635
2.485099
2.484383
2.485180
2.484531
2.484087
2.484406
2.484818
2.484412
2.484662
2.484117
2.484347
2.485054
2.484304
2.484589
2.483770
2.485324
2.485021
2.485090
2.485414
2.484640
2.485356
2.485013
2.485050
2.484892
2.485601
2.485595
2.485056
2.485195
2.484849
2.485383
2.484946
2.484928
2.485129
2.485296
2.484550
2.484593
2.484488
2.484220
2.485222
2.483938
2.484037
2.483898
2.483599
2.484209
2.483576
2.483873
2.483784
2.484322
2.484130
2.483917
2.484214
2.483924
2.485052
2.484221
2.484091
2.483960
2.485011
2.482467
2.482082
2.481988
2.483067
2.483125
2.482159
2.483749
2.483839
2.485297
2.484069
2.484127
2.483692
2.483721
2.484593
2.483523
2.484079
2.484331
2.484742
2.485526
2.484508
2.484769
2.484007
2.484852
2.484617
2.484763
2.484149
2.484481
2.485065
2.484554
2.484769
2.484148
2.485430
2.484558
2.484910
2.484745
2.484852
2.485595
2.485343
2.485236
2.484798
2.484933
2.484866
2.484629
2.484924
2.484307
2.485826
2.485533
2.485234
2.484658
2.485979
2.485656
2.485606
2.485534
2.485325
2.485775
2.485128
2.484667
2.484584
2.484919
2.484583
2.484407
2.484351
2.484071
2.484930
2.484394
2.484555
2.484426
2.485104
2.485527
2.484620
2.483158
2.483482
2.485113
2.484469
2.484280
2.484262
2.484360
2.484716
2.484561
2.484152
2.484379
2.485036
2.484334
2.484531
2.484177
2.484291
2.485105
2.484488
2.484332
2.483498
2.484116
2.483810
2.484013
2.483838
2.483654
2.483605
2.483146
2.483127
2.483123
2.483557
2.483258
2.482808
2.483286
2.482667
2.483087
2.482865
2.482823
2.482882
2.483581
2.483098
2.483297
2.482483
2.482717
2.483629
2.483677
2.483193
2.483389
2.482907
2.483488
2.482888
2.482674
2.482716
2.483253
2.483104
2.481665
2.481837
2.481924
2.482421
2.482701
2.483015
2.482553
2.483155
2.482882
2.482573
2.481773
2.482557
2.483481
2.483242
2.483406
2.482685
2.483832
2.483617
2.483694
2.483783
2.483370
2.484078
2.483910
2.484165
2.484480
2.485097
2.484964
2.484741
2.484795
2.484565
2.485150
2.484981
2.485194
2.485027
2.485530
2.485460
2.485080
2.485452
2.484932
2.484828
2.485004
2.484432
2.484648
2.484064
2.484111
2.484593
2.484384
2.483627
2.484093
2.483555
2.483094
2.483935
2.484189
2.484370
2.484316
2.484457
2.484540
2.485173
2.484809
2.484596
2.484857
2.484677
2.486752
2.485805
2.486369
2.486510
2.487460
2.486716
2.486777
2.487303
2.486113
2.487426
2.486665
2.486803
2.486387
2.486707
2.486414
2.485888
2.485501
2.485845
2.486839
2.486293
2.485929
2.485377
2.485538
2.485884
2.485516
2.485392
2.485366
2.486024
2.486021
2.485670
2.485132
2.485466
2.486231
2.484916
2.485424
2.484916
2.486279
2.486383
2.486044
2.486250
2.485788
2.486806
2.486098
2.485791
2.486015
2.486178
2.486534
2.486749
2.486595
2.486291
2.486922
2.486532
2.486721
2.485871
2.486489
2.486451
2.486646
2.486872
2.485266
2.486382
2.485483
2.486238
2.485221
2.484401
2.484245
2.483274
2.484323
2.484075
2.485256
2.485548
2.485166
2.485222
2.485740
2.486211
2.485873
2.486033
2.485572
2.486631
2.486656
2.486463
2.486440
2.486199
2.487758
2.486046
2.486197
2.486170
2.486939
2.486164
2.486482
2.486059
2.486036
2.486441
2.486065
2.486157
2.485585
2.486278
2.485359
2.485151
2.484955
2.484723
2.485625
2.484797
2.484764
2.484611
2.485020
2.484837
2.484814
2.484751
2.484635
2.484325
2.483259
2.484888
2.485006
2.485563
2.486111
2.485602
2.485448
2.485449
2.486297
2.486076
2.485610
2.485362
2.485446
2.486234
2.486287
2.486411
2.485211
2.485092
2.484723
2.484530
2.484511
2.484288
2.486070
2.485409
2.485029
2.485182
2.486222
2.485070
2.485535
2.485235
2.486110
2.487007
2.485910
2.486385
2.486028
2.486376
2.486385
2.486105
2.486183
2.486516
2.487360
2.487102
2.486698
2.487087
2.486978
2.487102
2.486888
2.487082
2.486157
2.487618
2.487272
2.487188
2.486516
2.485971
2.486156
2.486417
2.486843
2.485371
2.487485
2.487311
2.486509
2.487049
2.486634
2.486353
2.485924
2.486442
2.486225
2.486520
2.486497
2.486395
2.486236
2.486006
2.486783
2.485318
2.485774
2.485970
2.487010
2.486503
2.486567
2.486432
2.486570
2.487172
2.486783
2.486342
2.487014
2.486721
2.485233
2.484989
2.484099
2.485545
2.485498
2.486485
2.486547
2.486515
2.486832
2.487015
2.486947
2.487054
2.485044
2.486395
2.486478
2.486283
2.486201
2.486163
2.486565
2.486423
2.486351
2.485950
2.486466
2.486029
2.485896
2.485939
2.485774
2.486426
2.486311
2.486259
2.485743
2.486641
2.486402
2.486210
2.486729
2.485501
2.486971
2.486231
2.486610
2.486246
2.486317
2.486766
2.486308
2.486341
2.486051
2.486712
2.486209
2.486246
2.485871
2.485864
2.485715
2.485225
2.485147
2.484901
2.485976
2.485427
2.485276
2.484751
2.485072
2.485361
2.485350
2.485765
2.485089
2.486394
2.486140
2.486141
2.486601
2.486147
2.485330
2.484814
2.484619
2.484267
2.485169
2.485080
2.484084
2.485754
2.486295
2.487324
2.486069
2.486340
2.486200
2.486837
2.487038
2.486473
2.486646
2.486084
2.486944
2.486463
2.486069
2.486218
2.486165
2.486363
2.485968
2.485815
2.485486
2.486276
2.485968
2.485966
2.485757
2.485632
2.485621
2.484478
2.485650
2.484910
2.486383
2.486421
2.485962
2.486376
2.485933
2.486888
2.486311
2.486451
2.486101
2.486382
2.486319
2.485953
2.486209
2.486487
2.486660
2.486112
2.486040
2.486060
2.486717
2.486409
2.485864
2.485955
2.485486
2.486466
2.485626
2.485278
2.485685
2.486024
2.485943
2.485403
2.485299
2.485667
2.485197
2.484263
2.484209
2.483766
2.484874
2.484485
2.484971
2.485934
2.484769
2.486407
2.486718
2.486731
2.486958
2.486576
2.487312
2.487003
2.487373
2.486911
2.487614
2.486932
2.486799
2.486594
2.486533
2.486979
2.486209
2.485743
2.485702
2.486584
2.485890
2.485939
2.486259
2.486181
2.486643
2.485889
2.485130
2.484865
2.485206
2.485610
2.485343
2.485353
2.484924
2.486183
2.485778
2.485808
2.485900
2.486271
2.486265
2.486187
2.485980
2.485601
2.486981
2.486131
2.486083
2.485684
2.486191
2.486720
2.486230
2.486277
2.485839
2.486730
2.486013
2.485638
2.485992
2.485289
2.486135
2.484215
2.483348
2.483298
2.483830
2.484317
2.484187
2.485746
2.484679
2.485870
2.485330
2.486007
2.484784
2.485669
2.485836
2.485563
2.485938
2.485675
2.486143
2.485948
2.485725
2.485696
2.486062
2.486734
2.486664
2.486569
2.486352
2.486681
2.486549
2.486632
2.486402
2.486361
2.486752
2.486323
2.486319
2.486058
2.487375
2.485369
2.485533
2.484567
2.484629
2.486018
2.485718
2.485548
2.485499
2.485660
2.485623
2.485311
2.485690
2.485395
2.485854
2.485346
2.485299
2.485287
2.485850
2.485525
2.485724
2.485754
2.485637
2.486707
2.485715
2.486008
2.485051
2.485752
2.485803
2.485563
2.485439
2.485014
2.485976
2.484485
2.483482
2.483308
2.483123
2.483541
2.482796
2.482346
2.483608
2.483534
2.483661
2.483940
2.483332
2.483292
2.483492
2.483198
2.483355
2.482186
2.483444
2.482247
2.482687
2.482379
2.481679
2.482653
2.482198
2.481748
2.481668
2.481859
2.481450
2.481138
2.481241
2.481093
2.481535
2.480788
2.480811
2.480443
2.480783
2.479953
2.480098
2.480193
2.479759
2.480298
2.479786
2.478665
2.478737
2.478634
2.478916
2.477494
2.477412
2.477453
2.477689
2.477259
2.476509
2.476367
2.476122
2.476153
2.475727
2.475375
2.475172
2.476245
2.475291
2.475538
2.474445
2.474456
2.475446
2.474457
2.474490
2.473710
2.474195
2.474064
2.472417
2.471796
2.470870
2.471348
2.470595
2.470239
2.469987
2.471033
2.470289
2.469357
2.470658
2.469193
2.470381
2.468934
2.468565
2.468086
2.468066
2.467907
2.467627
2.467389
2.466525
2.467260
2.466432
2.466609
2.465411
2.465821
2.466072
2.465494
2.465076
2.464729
2.465460
2.464934
2.464327
2.463533
2.462474
2.464208
2.462917
2.463252
2.462880
2.463226
2.462845
2.462078
2.462138
2.461424
2.462029
2.461220
2.461253
2.460922
2.461103
2.459731
2.459768
2.459661
2.459045
2.459331
2.458460
2.458078
2.457719
2.458387
2.457799
2.457477
2.457048
2.456489
2.457125
2.456690
2.456812
2.456597
2.456585
2.456782
2.454700
2.454448
2.454390
2.455197
2.454827
2.454680
2.454181
2.454498
2.454274
2.453597
2.453753
2.452809
2.453640
2.453018
2.452915
2.452190
2.451988
2.452239
2.451743
2.451153
2.450763
2.451367
2.450998
2.450514
2.450396
2.450212
2.450550
2.450234
2.449962
2.449198
2.449728
2.449070
2.449092
2.449124
2.448691
2.449688
2.448744
2.448621
2.448246
2.448545
2.448559
2.448007
2.447886
2.447690
2.448640
2.447857
2.447642
2.447273
2.446929
2.447302
2.446952
2.446334
2.445975
2.446795
2.446387
2.446189
2.445544
2.445285
2.445793
2.445156
2.444900
2.444578
2.444962
2.444462
2.444159
2.443805
2.443363
2.444496
2.443399
2.443353
2.443395
2.443747
2.443359
2.443246
2.443481
2.442937
2.443863
2.443371
2.443159
2.442859
2.443270
2.443015
2.442656
2.442533
2.442343
2.442754
2.442295
2.442154
2.442008
2.441996
2.442073
2.442185
2.441618
2.441216
2.441641
2.441117
2.440675
2.440602
2.440672
2.441220
2.440902
2.440910
2.440583
2.441200
2.440766
2.440891
2.440337
2.440616
2.441319
2.441326
2.441182
2.441152
2.441459
2.441218
2.441232
2.441309
2.441143
2.441592
2.441754
2.441176
2.441002
2.441115
2.441930
2.441390
2.441506
2.441297
2.441941
2.441574
2.441043
2.441223
2.441378
2.440642
2.439348
2.438380
2.438202
2.437940
2.438955
2.439993
2.440186
2.440059
2.440823
2.440050
2.440256
2.439292
2.440496
2.440800
2.441751
2.441790
2.442082
2.441716
2.441998
2.442020
2.442240
2.442738
2.442530
2.443045
2.441895
2.441679
2.443148
2.442373
2.442586
2.442404
2.442322
2.442749
2.442357
2.442407
2.442198
2.443163
2.442257
2.441961
2.441620
2.442070
2.441970
2.441841
2.441856
2.441729
2.442346
2.441537
2.441775
2.441983
2.441992
2.441784
2.441876
2.441772
2.441726
2.442652
2.442223
2.442485
2.442086
2.442052
2.442623
2.442402
2.442749
2.441759
2.443628
2.443134
2.442835
2.442773
2.442477
2.443245
2.443136
2.442691
2.442345
2.443160
2.442678
2.442650
2.442425
2.442615
2.442043
2.440798
2.440317
2.440215
2.440680
2.440673
2.441245
2.441067
2.440615
2.441286
2.440950
2.440764
2.441056
2.441208
2.441624
2.441339
2.441564
2.441257
2.441890
2.441823
2.441173
2.441531
2.441286
2.441440
2.441689
2.441230
2.440933
2.441947
2.442407
2.440250
2.441359
2.440389
2.441524
2.441276
2.441307
2.441525
2.441342
2.441479
2.440316
2.440418
2.440204
2.441114
2.440582
2.440856
2.440381
2.440740
2.440892
2.440860
2.440991
2.440096
2.441105
2.440822
2.440968
2.441050
2.441148
2.441487
2.441181
2.441204
2.440765
2.442017
2.441252
2.440920
2.441196
2.441258
2.441598
2.441515
2.441258
2.440843
2.441915
2.441564
2.441489
2.441950
2.440687
2.441608
2.441716
2.441131
2.441112
2.441738
2.441443
2.441487
2.440987
2.440919
2.442166
2.441496
2.441261
2.439680
2.441494
2.441463
2.440794
2.441097
2.441213
2.441012
2.441872
2.441111
2.440255
2.442269
2.442982
2.442194
2.441646
2.441916
2.442968
2.442549
2.442136
2.442316
2.442601
2.442870
2.442307
2.442138
2.441812
2.442864
2.440792
2.441781
2.441785
2.441672
2.441819
2.441767
2.441370
2.441227
2.441812
2.441727
2.441837
2.441495
2.441850
2.441407
2.441410
2.441677
2.441668
2.442247
2.442198
2.441899
2.441946
2.441530
2.442552
2.443019
2.442076
2.440283
2.441851
2.441586
2.440796
2.440952
2.441278
2.441961
2.441154
2.441766
2.441473
2.441661
2.442132
2.442585
2.440612
2.440708
2.441103
2.441060
2.441065
2.441020
2.441115
2.441667
2.440862
2.440868
2.440600
2.441431
2.441115
2.440777
2.441407
2.440963
2.441933
2.441765
2.441757
2.441569
2.442437
2.442278
2.442269
2.441880
2.441915
2.442260
2.442737
2.441854
2.441511
2.441677
2.440952
2.441006
2.442068
2.442066
2.442728
2.442375
2.442280
2.441717
2.442246
2.442027
2.441792
2.441831
2.441445
2.442076
2.441714
2.441543
2.441642
2.441605
2.442351
2.442310
2.440891
2.440941
2.442075
2.441823
2.442073
2.442977
2.442254
2.441040
2.441514
2.440732
2.440887
2.441446
2.441442
2.442164
2.442584
2.442325
2.443089
2.442691
2.442574
2.442663
2.442997
2.442688
2.442464
2.442458
2.442473
2.442024
2.441806
2.441408
2.440110
2.440823
2.441108
2.440709
2.441093
2.440617
2.441112
2.440465
2.439913
2.440243
2.441429
2.441373
2.440534
2.441160
2.441415
2.442105
2.442008
2.441623
2.441992
2.442140
2.442823
2.441333
2.441455
2.441413
2.443032
2.443237
2.442736
2.442722
2.442428
2.442808
2.442281
2.442365
2.442404
2.443012
2.442873
2.442018
2.442292
2.441968
2.443102
2.442409
2.442259
2.441978
2.442235
2.441982
2.441955
2.442431
2.442006
2.441422
2.440977
2.441502
2.440437
2.441020
2.441249
2.441102
2.442003
2.442441
2.442957
2.442545
2.442656
2.442670
2.442565
2.442634
2.442322
2.441815
2.442213
2.442345
2.441353
2.442246
2.442672
2.442462
2.443218
2.442706
2.441533
2.442068
2.442281
2.441895
2.441857
2.441923
2.441541
2.442130
2.441620
2.441559
2.441381
2.441776
2.441526
2.441022
2.441189
2.441705
2.442276
2.441854
2.442158
2.441847
2.441804
2.442122
2.442076
2.442241
2.442208
2.442880
2.442338
2.442127
2.442214
2.442306
2.442575
2.441916
2.442070
2.441726
2.442505
2.441971
2.442216
2.441833
2.441636
2.442762
2.440264
2.440003
2.440265
2.440134
2.440299
2.440266
2.439514
2.440842
2.441537
2.441780
2.440162
2.440292
2.441253
2.441044
2.441034
2.440802
2.440841
2.441616
2.440834
2.440350
2.440262
2.440144
2.440746
2.440658
2.441055
2.441032
2.441108
2.441357
2.440589
2.440686
2.440512
2.441256
2.440631
2.440997
2.440810
2.441311
2.440512
2.440944
2.441170
2.440053
2.441695
2.440553
2.440158
2.440085
2.440249
2.440614
2.441379
2.441425
2.440869
2.441971
2.441565
2.440855
2.441226
2.441539
2.440897
2.441130
2.441405
2.441322
2.442005
2.441078
2.441239
2.442127
2.442054
2.442434
2.442603
2.442116
2.440946
2.442634
2.442240
2.441921
2.442430
2.441590
2.441723
2.442016
2.441288
2.441518
2.441874
2.440932
2.440879
2.440711
2.440358
2.440678
2.440829
2.440901
2.440765
2.440722
2.440920
2.441067
2.440762
2.440941
2.441722
2.440928
2.440938
2.440374
2.441344
2.441339
2.441499
2.441516
2.440874
2.441864
2.441651
2.441531
2.441460
2.441982
2.441564
2.441688
2.441677
2.441296
2.442435
2.442124
2.440835
2.441641
2.441456
2.441410
2.441172
2.441132
2.440926
2.441754
2.441254
2.441269
2.440792
2.441367
2.441584
2.441556
2.440891
2.441068
2.441843
2.441576
2.441540
2.441667
2.441685
2.442036
2.441527
2.442009
2.441843
2.442083
2.442201
2.442157
2.442524
2.442181
2.442418
2.441856
2.441995
2.441356
2.442289
2.441766
2.441926
2.441632
2.440779
2.441965
2.440958
2.441026
2.441235
2.441385
2.441322
2.440928
2.440960
2.440944
2.441638
2.441462
2.440990
2.441079
2.441384
2.441915
2.441497
2.441449
2.441376
2.442037
2.441387
2.441322
2.441676
2.441348
2.442019
2.441715
2.441668
2.441147
2.442006
2.441983
2.441884
2.441660
2.441559
2.441943
2.441568
2.441457
2.441424
2.442039
2.441682
2.441630
2.441148
2.440964
2.441375
2.441247
2.441190
2.440822
2.440987
2.441063
2.440948
2.440915
2.440050
2.441049
2.440813
2.439963
2.440550
2.440485
2.441433
2.441239
2.441015
2.441121
2.441626
2.440267
2.440196
2.440102
2.439656
2.440072
2.440321
2.439793
2.439071
2.439808
2.439321
2.439246
2.439644
2.440150
2.440517
2.439387
2.440034
2.438480
2.439265
2.439173
2.439110
2.439516
2.439306
2.439536
2.438644
2.438264
2.438053
2.439580
2.439439
2.439282
2.439742
2.439871
2.440987
2.440264
2.440177
2.440068
2.440677
2.440496
2.440296
2.440721
2.439785
2.441022
2.440486
2.440079
2.440616
2.440300
2.440140
2.440061
2.440569
2.439700
2.440850
2.440800
2.439772
2.440274
2.440268
2.440331
2.440203
2.439877
2.439614
2.439846
2.439857
2.439956
2.439935
2.440351
2.440632
2.439730
2.440652
2.439912
2.441359
2.440568
2.441034
2.440578
2.440262
2.441633
2.440895
2.441285
2.440749
2.441805
2.440833
2.441337
2.441304
2.441084
2.441542
2.441555
2.440978
2.441140
2.441174
2.441477
2.441183
2.441441
2.440631
2.440736
2.439611
2.439749
2.439130
2.439405
2.439938
2.439693
2.439792
2.439124
2.439910
2.439810
2.439420
2.440063
2.440183
2.440318
2.440124
2.440884
2.439659
2.440620
2.439924
2.441470
2.440377
2.441155
2.441903
2.440994
2.441354
2.441608
2.441843
2.442227
2.441515
2.441425
2.441238
2.441751
2.441952
2.441432
2.441746
2.441137
2.441599
2.440965
2.440811
2.439816
2.440594
2.440972
2.440709
2.440592
2.440615
2.440882
2.440621
2.440776
2.440509
2.441372
2.441171
2.440969
2.441236
2.441246
2.441741
2.441232
2.441410
2.441112
2.442038
2.441594
2.441167
2.441257
2.441446
2.441927
2.441542
2.441229
2.441268
2.441766
2.441539
2.441068
2.441094
2.441239
2.441346
2.441337
2.440861
2.440628
2.441031
2.440665
2.440200
2.439941
2.440250
2.439581
2.438902
2.438919
2.437919
2.439508
2.439301
2.438985
2.439112
2.439043
2.439041
2.439970
2.439697
2.440069
2.439504
2.440823
2.440376
2.440559
2.440473
2.440903
2.440003
2.440894
2.441335
2.441248
2.441913
2.441385
2.441392
2.440776
2.441540
2.441731
2.440083
2.440099
2.440892
2.442039
2.441304
2.441171
2.441016
2.441967
2.441692
2.441415
2.441003
2.441467
2.441600
2.441695
2.441871
2.441690
2.442281
2.442117
2.442425
2.442424
2.442150
2.443108
2.442873
2.442326
2.443081
2.441823
2.442727
2.442846
2.442843
2.442545
2.443048
2.442819
2.442195
2.442526
2.442455
2.443048
2.442575
2.442232
2.441703
2.442742
2.441288
2.440949
2.440826
2.440325
2.440891
2.440771
2.442182
2.440419
2.440138
2.440684
2.440004
2.440144
2.440339
2.441655
2.441576
2.442054
2.442022
2.442197
2.441983
2.441885
2.441772
2.441630
2.442677
2.441137
2.441643
2.441786
2.441928
2.441993
2.441854
2.441507
2.441275
2.441918
2.441806
2.441744
2.441948
2.440714
2.442190
2.441722
2.441698
2.441119
2.441860
2.441360
2.441192
2.441111
2.441340
2.441775
2.441174
2.441564
2.440177
2.440925
2.441460
2.441436
2.441611
2.441620
2.442252
2.441851
2.441882
2.441691
2.441975
2.442578
2.440971
2.441291
2.441066
2.441929
2.441937
2.441198
2.441305
2.442077
2.441567
2.441144
2.441230
2.440137
2.441352
2.440987
2.440442
2.440574
2.440065
2.441176
2.440698
2.441252
2.440836
2.440529
2.440568
2.440773
2.440861
2.440812
2.441280
2.441244
2.440650
2.441205
2.442284
2.441720
2.441827
2.441604
2.441424
2.442127
2.441387
2.441431
2.441012
2.442111
2.442389
2.440786
2.441747
2.442489
2.442340
2.441471
2.441803
2.441087
2.441080
2.441328
2.440127
2.441449
2.441311
2.441482
2.440493
2.440577
2.440649
2.441040
2.441973
2.441519
2.440626
2.441285
2.442034
2.441014
2.441701
2.441459
2.440727
2.442642
2.441595
2.442208
2.441623
2.442168
2.441897
2.441299
2.441061
2.440700
2.441812
2.441342
2.440124
2.440639
2.441468
2.441255
2.441279
2.440588
2.440658
2.441111
2.441769
2.441454
2.441087
2.441478
2.441205
2.440725
2.440649
2.440229
2.441125
2.440545
2.440798
2.440435
2.440636
2.441604
2.440242
2.440801
2.440390
2.441610
2.441387
2.440938
2.440938
2.440672
2.441215
2.441292
2.441192
2.441198
2.441924
2.440946
2.441421
2.441707
2.441207
2.441947
2.441824
2.441371
2.441338
2.441856
2.441832
2.441280
2.441750
2.441012
2.442051
2.441667
2.441300
2.440822
2.441511
2.441207
2.440892
2.441066
2.440465
2.441613
2.441426
2.441095
2.441180
2.441722
2.441394
2.441480
2.441154
2.441184
2.442016
2.441591
2.441583
2.441815
2.441437
2.441791
2.441374
2.441735
2.441319
2.442465
2.441470
2.441674
2.441061
2.441055
2.441651
2.441353
2.441224
2.441121
2.441381
2.441240
2.441137
2.440827
2.440712
2.441096
2.440507
2.440592
2.440351
2.441158
2.441375
2.440894
2.441072
2.440217
2.441539
2.441542
2.441263
2.440902
2.441428
2.441851
2.441145
2.441076
2.440895
2.441989
2.441940
2.441524
2.441680
2.441992
2.442223
2.441807
2.441691
2.441136
2.441571
2.441422
2.441131
2.441599
2.441554
2.442415
2.441508
2.442010
2.441447
2.441380
2.441222
2.440616
2.440484
2.439103
2.439866
2.439420
2.439403
2.439598
2.439850
2.439257
2.439234
2.438685
2.440079
2.439821
2.440286
2.439278
2.440284
2.440312
2.440260
2.440168
2.440521
2.439708
2.441567
2.441251
2.441329
2.440990
2.441341
2.441447
2.440606
2.441006
2.440504
2.441545
2.441031
2.440737
2.440546
2.440463
2.440914
2.439789
2.440085
2.439671
2.440606
2.440127
2.440019
2.439116
2.439802
2.440873
2.439816
2.439223
2.439762
2.440206
2.440217
2.440606
2.440595
2.440338
2.440531
2.440056
2.440168
2.440171
2.440438
2.440650
2.440797
2.440671
2.440087
2.440768
2.440644
2.440360
2.440287
2.440242
2.440251
2.440159
2.440245
2.440345
2.440590
2.439733
2.439280
2.439341
2.439112
2.439545
2.439120
2.439388
2.439180
2.440244
2.439255
2.439297
2.439581
2.439713
2.440537
2.440195
2.440002
2.439808
2.440264
2.440093
2.439805
2.440258
2.439776
2.440646
2.440575
2.439526
2.439544
2.440913
2.440180
2.440786
2.441252
2.441022
2.441420
2.440979
2.440314
2.440516
2.441410
2.440784
2.440616
2.440386
2.440066
2.440529
2.440249
2.440438
2.440190
2.440135
2.440434
2.440018
2.440512
2.439447
2.441144
2.440854
2.440260
2.439874
2.440427
2.440879
2.440587
2.440370
2.440121
2.441250
2.440668
2.440305
2.440213
2.439909
2.441286
2.441112
2.440831
2.440857
2.441363
2.441115
2.440820
2.441083
2.441069
2.442038
2.440436
2.440643
2.440515
2.441124
2.441016
2.440743
2.440713
2.440211
2.440873
2.440535
2.440602
2.440158
2.440643
2.440964
2.440441
2.440742
2.440362
2.441576
2.441712
2.439947
2.438834
2.438867
2.439644
2.438640
2.439860
2.440382
2.441370
2.440856
2.441491
2.441446
2.441038
2.441164
2.441266
2.440662
2.441396
2.442595
2.441961
2.441345
2.442231
2.441909
2.442386
2.441646
2.440797
2.440940
2.441893
2.441637
2.441424
2.441394
2.441213
2.442481
2.440622
2.441294
2.440985
2.441730
2.441869
2.441831
2.441635
2.441571
2.442608
2.442252
2.441928
2.441958
2.441719
2.442214
2.442375
2.442060
2.441980
2.443192
2.442527
2.442417
2.442122
2.442176
2.442472
2.442365
2.443182
2.441554
2.442607
2.442089
2.441649
2.442092
2.441406
2.442377
2.441501
2.441604
2.440932
2.441506
2.441323
2.441114
2.441232
2.441206
2.442067
2.441502
2.441515
2.441279
2.441670
2.442028
2.441568
2.440533
2.439429
2.440610
2.439797
2.440948
2.440060
2.441257
2.442122
2.440909
2.441176
2.441055
2.442007
2.441697
2.441540
2.441303
2.441421
2.441318
2.441041
2.440901
2.440435
2.441540
2.440745
2.440980
2.440823
2.440560
2.441389
2.440783
2.441156
2.439967
2.440988
2.440909
2.441090
2.440727
2.440732
2.441379
2.441116
2.440765
2.440865
2.441481
2.441359
2.441164
2.441300
2.441265
2.441878
2.441587
2.441531
2.441385
2.441906
2.440847
2.441165
2.441084
2.440777
2.442544
2.440898
2.441540
2.441169
2.441092
2.441248
2.440742
2.440572
2.440369
2.441614
2.441050
2.440404
2.440929
2.440405
2.441796
2.441888
2.440884
2.439501
2.440019
2.440154
2.439670
2.439935
2.439687
2.442119
2.441406
2.442041
2.440196
2.442195
2.441769
2.442119
2.441885
2.441591
2.442043
2.441814
2.441618
2.441466
2.441983
2.441730
2.441698
2.441487
2.441034
2.441384
2.441194
2.441391
2.441157
2.441313
2.441399
2.441135
2.440987
2.440440
2.441801
2.441140
2.441053
2.441088
2.441298
2.441666
2.441447
2.441795
2.441257
2.442151
2.441679
2.441315
2.441600
2.441375
2.442531
2.442320
2.441612
2.441565
2.442229
2.442011
2.441598
2.441859
2.441107
2.441773
2.441480
2.441521
2.441575
2.442208
2.442111
2.441478
2.441020
2.441407
2.440425
2.439822
2.439300
2.439696
2.439534
2.439538
2.439561
2.440224
2.440383
2.441177
2.440881
2.441241
2.440726
2.440677
2.441388
2.441177
2.441392
2.441247
2.442339
2.442069
2.441692
2.441643
2.441612
2.442495
2.442274
2.441328
2.441433
2.442358
2.441159
2.441431
2.440238
2.441217
2.442005
2.441579
2.441563
2.440076
2.441239
2.441242
2.440994
2.441360
2.440231
2.441000
2.440739
2.440686
2.440563
2.441394
2.441441
2.441066
2.440935
2.441247
2.441586
2.441521
2.441049
2.441341
2.441134
2.441621
2.441128
2.441696
2.441959
2.442227
2.441423
2.441521
2.441122
2.441496
2.442238
2.441242
2.441370
2.440522
2.440965
2.440297
2.440302
2.439792
2.439656
2.440323
2.440562
2.440700
2.440189
2.440796
2.440525
2.440424
2.441006
2.440735
2.440566
2.440556
2.440452
2.440435
2.440978
2.441070
2.440318
2.440416
2.440289
2.441862
2.440358
2.441147
2.440927
2.441090
2.441903
2.439768
2.440298
2.439469
2.440573
2.440211
2.440128
2.439776
2.440091
2.440260
2.440231
2.439818
2.439561
2.440037
2.439882
2.439341
2.440080
2.439125
2.440094
2.440047
2.439801
2.439131
2.440318
2.439384
2.439948
2.439708
2.439804
2.440811
2.440057
2.439735
2.439316
2.439588
2.439969
2.439456
2.439688
2.439764
2.440257
2.440194
2.439919
2.440009
2.441099
2.440981
2.440233
2.439676
2.439165
2.440547
2.439806
2.440433
2.439279
2.439921
2.440115
2.438872
2.440096
2.440145
2.441269
2.440829
2.440636
2.440276
2.440349
2.441257
2.440935
2.440591
2.440695
2.441769
2.441131
2.440870
2.441090
2.441080
2.442056
2.441376
2.441627
2.441157
2.441912
2.442001
2.441978
2.441978
2.441698
2.442456
2.441614
2.441818
2.441783
2.442116
2.441971
2.441480
2.441269
2.441025
2.442021
2.441193
2.440580
2.440585
2.441248
2.440463
2.440571
2.440810
2.440515
2.441357
2.440960
2.441226
2.439936
2.440401
2.441292
2.441028
2.440867
2.440909
2.441765
2.440861
2.440642
2.440920
2.441158
2.440447
2.439695
2.439584
2.439732
2.439620
2.439864
2.440883
2.441207
2.441088
2.441383
2.440104
2.440324
2.440466
2.441573
2.440607
2.440591
2.440841
2.440321
2.440943
2.440324
2.440220
2.440090
2.440605
2.440711
2.440337
2.440249
2.440103
2.440875
2.440762
2.440549
2.440775
2.440884
2.441026
2.441583
2.441354
2.441102
2.441562
2.441258
2.441122
2.441645
2.441703
2.441382
2.441029
2.440830
2.440624
2.441379
2.440913
2.441086
2.440724
2.440676
2.441508
2.441669
2.439700
2.440215
2.440933
2.440785
2.440433
2.440697
2.440276
2.440785
2.440490
2.440439
2.440174
2.441325
2.440417
2.441272
2.440158
2.439551
2.439787
2.440015
2.440015
2.439365
2.439828
2.440467
2.441249
2.441275
2.440372
2.442001
2.441576
2.441360
2.441508
2.441061
2.441720
2.441112
2.440983
2.440702
2.441317
2.440648
2.441142
2.440206
2.440493
2.440882
2.440673
2.440792
2.440010
2.440669
2.440537
2.439854
2.439959
2.438644
2.440557
2.439958
2.440554
2.439888
2.438959
2.440662
2.440548
2.440786
2.440010
2.441465
2.441248
2.440976
2.441062
2.441491
2.441028
2.441152
2.441011
2.440805
2.441834
2.441323
2.441043
2.440712
2.441109
2.441376
2.440963
2.441387
2.441242
2.441295
2.441232
2.440730
2.440756
2.440343
2.441056
2.441213
2.439795
2.438771
2.439839
2.439458
2.438505
2.438784
2.439588
2.441545
2.439362
2.440269
2.440282
2.440888
2.440813
2.440312
2.440616
2.440742
2.441206
2.441060
2.440839
2.441280
2.441320
2.441444
2.441016
2.440870
2.440669
2.441722
2.441068
2.441533
2.440732
2.441024
2.441857
2.441497
2.441030
2.440128
2.441273
2.441139
2.440587
2.440666
2.439984
2.441014
2.440540
2.440515
2.440530
2.440792
2.440527
2.440805
2.440574
2.441059
2.441359
2.441043
2.441022
2.440681
2.441391
2.440991
2.441143
2.440770
2.440828
2.441886
2.440880
2.441152
2.440990
2.441390
2.441585
2.440626
2.440858
2.439763
2.440612
2.440305
2.439221
2.439882
2.439820
2.440172
2.439628
2.439283
2.439050
2.440128
2.439808
2.439708
2.439411
2.439429
2.439538
2.439967
2.439790
2.439584
2.440335
2.440333
2.440063
2.440063
2.440149
2.440844
2.440482
2.440575
2.440144
2.440923
2.440791
2.440814
2.440897
2.440959
2.441162
2.440730
2.440574
2.440397
2.440972
2.440950
2.440879
2.440460
2.440628
2.441218
2.440479
2.440116
2.440361
2.440583
2.440562
2.440356
2.439942
2.439631
2.440673
2.440122
2.440186
2.440004
2.440230
2.440685
2.440456
2.440667
2.440045
2.440925
2.440755
2.440399
2.440978
2.440493
2.440986
2.440594
2.440852
2.440903
2.441031
2.440457
2.440586
2.440093
2.440379
2.440619
2.440447
2.440060
2.440039
2.440746
2.440110
2.440073
2.440118
2.439952
2.441061
2.439616
2.439774
2.439868
2.440188
2.440310
2.440149
2.439878
2.439904
2.440572
2.439966
2.440085
2.440275
2.440307
2.441077
2.440389
2.440362
2.440302
2.440758
2.440512
2.440559
2.440758
2.440410
2.440929
2.440947
2.441193
2.440612
2.441431
2.441026
2.441003
2.440917
2.440962
2.441105
2.440865
2.440470
2.440359
2.440885
2.440683
2.440431
2.440438
2.440475
2.440825
2.440333
2.440311
2.439265
2.440868
2.439532
2.438240
2.437998
2.438294
2.438425
2.438180
2.439492
2.439830
2.440028
2.440671
2.440006
2.439636
2.439535
2.440162
2.440122
2.440213
2.440984
2.440395
2.441136
2.440578
2.440549
2.440223
2.441166
2.440848
2.440096
2.440038
2.439407
2.440329
2.439761
2.440025
2.439123
2.438977
2.439444
2.439547
2.439377
2.439241
2.439318
2.439081
2.439286
2.438961
2.439802
2.439722
2.439224
2.439516
2.439677
2.439418
2.439508
2.439154
2.439039
2.439722
2.439988
2.439551
2.439206
2.438844
2.439926
2.439705
2.439521
2.439774
2.439361
2.439523
2.439511
2.439294
2.439355
2.439404
2.439197
2.439212
2.438927
2.438749
2.439386
2.438927
2.439105
2.438855
2.439359
2.438477
2.438382
2.439014
2.440246
2.440196
2.440608
2.440831
2.439526
2.439925
2.440344
2.440119
2.439933
2.439832
2.440657
2.440003
2.440167
2.440741
2.441242
2.441946
2.441295
2.441151
2.440646
2.441524
2.441220
2.441337
2.441126
2.440714
2.440941
2.440708
2.440414
2.440088
2.441109
2.440829
2.440506
2.440555
2.440579
2.441245
2.441142
2.440408
2.440614
2.441730
2.441025
2.441059
2.440987
2.441072
2.441996
2.441328
2.441112
2.440872
2.441854
2.440963
2.441040
2.441260
2.441009
2.441968
2.441338
2.441378
2.441195
2.441536
2.441561
2.441553
2.441191
2.441291
2.441895
2.441238
2.440902
2.440611
2.441206
2.441368
2.440696
2.440956
2.440584
2.439854
2.439666
2.440029
2.439508
2.439306
2.439715
2.439342
2.439653
2.440574
2.442153
2.441253
2.441638
2.441610
2.441477
2.442254
2.442029
2.441462
2.441181
2.442332
2.441895
2.441692
2.441925
2.441754
2.442397
2.441189
2.440868
2.439941
2.441611
2.441289
2.441739
2.441028
2.440946
2.441997
2.441040
2.441189
2.440593
2.441022
2.441764
2.441385
2.441235
2.440680
2.441215
2.441136
2.441269
2.441632
2.441072
2.441502
2.441193
2.441363
2.441304
2.441667
2.441466
2.441432
2.441390
2.441242
2.441464
2.441591
2.441984
2.441791
2.442611
2.441373
2.441591
2.441292
2.441418
2.442248
2.441818
2.442364
2.441437
2.441116
2.440082
2.439695
2.440386
2.439470
2.441733
2.440153
2.440612
2.440704
2.441013
2.441121
2.441211
2.440971
2.440819
2.441419
2.441214
2.441221
2.441146
2.441298
2.441667
2.441306
2.441310
2.441210
2.441827
2.441820
2.441536
2.441426
2.441525
2.442035
2.441345
2.441233
2.441333
2.442023
2.441549
2.441408
2.441398
2.441289
2.441431
2.441131
2.440857
2.440444
2.440832
2.440696
2.440560
2.440352
2.440177
2.441067
2.440684
2.440357
2.440355
2.440937
2.440718
2.440796
2.441136
2.440977
2.441769
2.440931
2.440652
2.440876
2.441592
2.441182
2.441534
2.441751
2.441116
2.441969
2.441665
2.441996
2.440873
2.439970
2.440614
2.439684
2.438951
2.441100
2.440836
2.441193
2.441247
2.441168
2.440475
2.441193
2.440405
2.440749
2.440388
2.441279
2.440476
2.440798
2.440507
2.440742
2.441463
2.440984
2.441220
2.441076
2.441565
2.441574
2.441449
2.441227
2.441240
2.442142
2.442067
2.440666
2.441261
2.441825
2.442137
2.441823
2.441792
2.440956
2.441811
2.441238
2.440992
2.441574
2.440791
2.441422
2.441286
2.440904
2.440407
2.440838
2.440611
2.440684
2.440574
2.440271
2.440732
2.440192
2.440100
2.440252
2.441080
2.440752
2.440476
2.440361
2.440118
2.440875
2.440991
2.440841
2.440304
2.441129
2.440950
2.440993
2.439297
2.439429
2.441038
2.440280
2.439181
2.440280
2.439532
2.441198
2.440369
2.440842
2.440990
2.441926
2.441486
2.441042
2.441639
2.441089
2.441451
2.441251
2.441109
2.440732
2.440944
2.440947
2.440831
2.440932
2.440910
2.440913
2.440636
2.440786
2.440690
2.441961
2.441446
2.441294
2.441064
2.441215
2.441996
2.441531
2.442101
2.442136
2.441491
2.441421
2.440836
2.440363
2.440754
2.441493
2.440839
2.441177
2.440724
2.440625
2.440721
2.440697
2.440372
2.439967
2.440792
2.440087
2.440115
2.439976
2.440289
2.440223
2.440261
2.439360
2.438946
2.440689
2.439449
2.439613
2.440703
2.441154
2.442042
2.441006
2.441924
2.440178
2.441826
2.441676
2.440484
2.440321
2.440360
2.441214
2.440790
2.441454
2.441811
2.442239
2.441155
2.440752
2.441496
2.441278
2.442369
2.441809
2.441589
2.441885
2.441544
2.441753
2.441724
2.441634
2.441269
2.441422
2.441422
2.440869
2.440771
2.441096
2.440951
2.440784
2.441292
2.440577
2.441497
2.441887
2.440674
2.440807
2.440872
2.441259
2.440751
2.440259
2.439908
2.441142
2.441023
2.440325
2.440974
2.441127
2.441657
2.440932
2.440367
2.440428
2.441085
2.440291
2.440358
2.439451
2.439919
2.440347
2.440066
2.440087
2.439392
2.439945
2.439365
2.439476
2.439106
2.439252
2.440134
2.439398
2.439407
2.439206
2.439513
2.439490
2.439656
2.439435
2.439120
2.440053
2.438598
2.439001
2.439420
2.438958
2.440442
2.440617
2.439207
2.439376
2.439821
2.439495
2.440150
2.440880
2.441199
2.441908
2.441524
2.440656
2.440496
2.441481
2.441452
2.440262
2.440783
2.440618
2.440857
2.440296
2.439748
2.440033
2.439806
2.439833
2.439525
2.438874
2.438743
2.439844
2.439392
2.439409
2.439407
2.439582
2.440079
2.439000
2.439398
2.439190
2.439851
2.440468
2.440039
2.439731
2.439934
2.439924
2.440013
2.439591
2.440380
2.440624
2.439923
2.439761
2.440109
2.439389
2.440075
2.441053
2.440772
2.440178
2.441005
2.440622
2.439738
2.439585
2.439162
2.440031
2.439175
2.439722
2.439074
2.440096
2.439294
2.439229
2.438956
2.439378
2.439297
2.440464
2.441269
2.439541
2.441351
2.440944
2.440428
2.440409
2.440847
2.440920
2.440487
2.440518
2.439519
2.441857
2.441285
2.440910
2.440718
2.440047
2.440071
2.439753
2.439474
2.440154
2.440258
2.441064
2.440234
2.440316
2.439736
2.440408
2.440037
2.439903
2.440199
2.439556
2.440276
2.439826
2.440119
2.439493
2.440611
2.440390
2.440292
2.440330
2.440361
2.440888
2.440839
2.440913
2.440380
2.441245
2.440693
2.440497
2.440678
2.440857
2.441307
2.441127
2.441047
2.440634
2.440963
2.440692
2.440729
2.441065
2.440671
2.441397
2.441103
2.439779
2.440012
2.440310
2.440177
2.439882
2.439833
2.439824
2.440352
2.439953
2.440203
2.440017
2.439700
2.440236
2.440152
2.439921
2.439356
2.440640
2.439981
2.440339
2.440343
2.440140
2.440887
2.440768
2.440106
2.440223
2.441515
2.441148
2.440622
2.440628
2.440782
2.441103
2.440774
2.440465
2.440473
2.441107
2.440932
2.440540
2.440570
2.440556
2.440968
2.440008
2.440183
2.440126
2.440318
2.440822
2.439961
2.439886
2.439722
2.440092
2.440421
2.439969
2.440091
2.440461
2.440849
2.440707
2.440112
2.440136
2.441146
2.440569
2.441002
2.440946
2.440627
2.441151
2.440823
2.440545
2.440246
2.441461
2.440794
2.440776
2.440892
2.440254
2.441047
2.440504
2.440888
2.440696
2.440345
2.440557
2.440204
2.440266
2.439778
2.440421
2.439836
2.440134
2.439988
2.440650
2.440671
2.439578
2.440674
2.439367
2.440590
2.440569
2.440736
2.439084
2.438662
2.438803
2.438405
2.438367
2.439122
2.440156
2.439415
2.439532
2.439900
2.440444
2.439585
2.439282
2.438928
2.439755
2.440718
2.439891
2.439935
2.440251
2.439837
2.440810
2.440760
2.439704
2.439758
2.440474
2.439942
2.439509
2.439862
2.439328
2.440131
2.439752
2.439788
2.439271
2.439955
2.440189
2.440019
2.439674
2.439694
2.440475
2.440454
2.440181
2.440127
2.440479
2.440635
2.440165
2.439844
2.439808
2.440849
2.440537
2.440369
2.440280
2.439451
2.439057
2.439858
2.439432
2.439429
2.440051
2.439644
2.439428
2.438974
2.438528
2.438787
2.438749
2.438925
2.438440
2.439328
2.439085
2.438635
2.438232
2.438436
2.439544
2.439114
2.438263
2.438504
2.439423
2.438839
2.439232
2.439086
2.438329
2.440248
2.440361
2.440658
2.439523
2.440357
2.439730
2.439218
2.438981
2.439660
2.439969
2.439556
2.439207
2.439736
2.439495
2.440844
2.439448
2.440535
2.440172
2.440883
2.440388
2.439619
2.439636
2.439878
2.439926
2.440044
2.439292
2.439448
2.440066
2.439828
2.440193
2.439594
2.439833
2.440649
2.440066
2.440466
2.439708
2.440850
2.440529
2.440240
2.440558
2.439750
2.440746
2.440377
2.440042
2.440362
2.440440
2.440569
2.439958
2.439923
2.439786
2.439923
2.439673
2.439610
2.439505
2.439707
2.439633
2.439424
2.439188
2.439099
2.440038
2.439371
2.439188
2.439469
2.439638
2.440188
2.439095
2.439649
2.439387
2.440410
2.440171
2.439803
2.440265
2.440415
2.440640
2.440302
2.440280
2.440290
2.440885
2.440802
2.441037
2.440801
2.440550
2.441358
2.440911
2.441196
2.440853
2.441379
2.441427
2.441192
2.441050
2.440783
2.441615
2.441138
2.441026
2.440630
2.441168
2.441207
2.440806
2.440760
2.440792
2.441007
2.438724
2.439214
2.439533
2.439192
2.438892
2.439736
2.441108
2.440786
2.442088
2.442408
2.441100
2.441754
2.441747
2.442371
2.441890
2.441971
2.442033
2.444192
2.443002
2.443722
2.444152
2.443410
2.444478
2.444174
2.444208
2.443828
2.444087
2.444143
2.444187
2.444496
2.444254
2.444713
2.444297
2.444428
2.444278
2.444881
2.444637
2.444855
2.445261
2.444429
2.445951
2.445680
2.445173
2.444850
2.445142
2.446792
2.446032
2.446454
2.446406
2.447180
2.447388
2.446934
2.447345
2.447616
2.448108
2.448223
2.448056
2.448363
2.449101
2.448953
2.449155
2.448704
2.448978
2.450318
2.449152
2.450228
2.449075
2.450588
2.449761
2.449985
2.450141
2.449324
2.450691
2.450307
2.450627
2.451183
2.451391
2.450225
2.449935
2.450044
2.449390
2.450789
2.452143
2.452669
2.452683
2.453799
2.453911
2.453665
2.454718
2.453328
2.454841
2.454846
2.454892
2.455195
2.455541
2.455897
2.455795
2.456275
2.456166
2.457307
2.457131
2.456887
2.457199
2.457313
2.458242
2.457523
2.457709
2.457770
2.458745
2.458564
2.459246
2.458863
2.459222
2.460180
2.459638
2.459775
2.459780
2.460641
2.461429
2.461093
2.461754
2.461614
2.462896
2.462696
2.462564
2.463123
2.463067
2.463577
2.464095
2.464014
2.464210
2.465250
2.464978
2.465200
2.465126
2.465549
2.465929
2.465591
2.466018
2.465903
2.467228
2.466874
2.466695
2.466901
2.467337
2.467455
2.465827
2.466084
2.465594
2.467238
2.467291
2.467753
2.468093
2.468700
2.469391
2.469269
2.469434
2.469760
2.470572
2.470835
2.471138
2.470933
2.471084
2.472173
2.471112
2.472230
2.471783
2.473077
2.473015
2.473080
2.473438
2.473233
2.473933
2.473639
2.473783
2.473714
2.474561
2.474745
2.474729
2.474860
2.474618
2.475401
2.474740
2.475036
2.474919
2.475445
2.475795
2.475735
2.475975
2.475537
2.477393
2.476605
2.476693
2.476865
2.476682
2.477880
2.477676
2.478073
2.477879
2.478749
2.478741
2.478939
2.477893
2.477610
2.479894
2.479394
2.479987
2.479799
2.480766
2.480568
2.480194
2.480692
2.480685
2.481737
2.479373
2.479868
2.479473
2.480094
2.479860
2.481261
2.480602
2.480721
2.481889
2.481749
2.481816
2.481589
2.482016
2.482315
2.482138
2.482342
2.482501
2.483470
2.483205
2.483398
2.483488
2.483501
2.484119
2.483922
2.484277
2.483734
2.484914
2.484726
2.484354
2.484338
2.484241
2.485167
2.484779
2.484657
2.484263
2.485078
2.485096
2.484605
2.484753
2.484967
2.485290
2.484446
2.484716
2.484106
2.485077
2.484325
2.484789
2.484649
2.484592
2.485877
2.483730
2.484812
2.485107
2.485359
2.485726
2.485250
2.485352
2.485615
2.486769
2.485844
2.485848
2.486128
2.486122
2.485639
2.485713
2.485729
2.486076
2.486254
2.484760
2.484591
2.484524
2.484552
2.484552
2.484530
2.486655
2.484366
2.486590
2.486218
2.485774
2.485489
2.485454
2.485676
2.485215
2.485264
2.484770
2.485257
2.485002
2.484835
2.484591
2.484368
2.485573
2.485312
2.485445
2.485110
2.485587
2.485660
2.485337
2.485376
2.485164
2.486623
2.485248
2.485754
2.485347
2.485769
2.486098
2.485906
2.485545
2.485302
2.486432
2.485470
2.485524
2.485704
2.485694
2.485853
2.485792
2.485706
2.485370
2.485474
2.484987
2.485284
2.485123
2.485006
2.485406
2.485029
2.485067
2.485030
2.485780
2.485369
2.485205
2.485295
2.485219
2.486125
2.485185
2.485723
2.483984
2.483969
2.484148
2.483838
2.483392
2.484086
2.485963
2.485645
2.485649
2.485554
2.485870
2.485939
2.484559
2.483662
2.484140
2.485596
2.485324
2.485552
2.485055
2.485535
2.485438
2.485023
2.484470
2.484388
2.485061
2.484612
2.484503
2.484765
2.484378
2.485400
2.484950
2.484542
2.484315
2.485146
2.485103
2.484424
2.484648
2.484536
2.485300
2.484929
2.485141
2.484798
2.485301
2.485430
2.485055
2.485249
2.484881
2.485310
2.484577
2.482983
2.484478
2.484936
2.484847
2.484974
2.484478
2.484791
2.485353
2.484232
2.484123
2.484242
2.484270
2.484505
2.484229
2.484317
2.483994
2.485153
2.484400
2.484091
2.483153
2.482725
2.483087
2.482625
2.482912
2.484525
2.485961
2.484242
2.483674
2.484530
2.484739
2.485406
2.484955
2.485095
2.484860
2.485832
2.485610
2.485439
2.485147
2.484727
2.485396
2.485005
2.485114
2.484936
2.485825
2.485398
2.485186
2.484757
2.484564
2.484881
2.484257
2.484224
2.484368
2.484521
2.484768
2.483850
2.484270
2.483903
2.484837
2.484509
2.484241
2.484514
2.484649
2.485037
2.484762
2.484674
2.484464
2.485401
2.484958
2.484981
2.484892
2.484789
2.485795
2.485083
2.484930
2.484717
2.485154
2.484862
2.484504
2.485188
2.484286
2.485291
2.484618
2.484582
2.483972
2.484317
2.483935
2.484704
2.484109
2.481946
2.482831
2.482644
2.482405
2.482461
2.483020
2.484729
2.484779
2.484965
2.484540
2.485403
2.484853
2.485071
2.485026
2.484854
2.486100
2.484716
2.485237
2.485154
2.486210
2.485132
2.485449
2.485453
2.485430
2.486012
2.485256
2.485051
2.484509
2.485731
2.484872
2.485132
2.485324
2.485160
2.485865
2.485254
2.484885
2.484618
2.485365
2.484844
2.484497
2.484415
2.484527
2.484853
2.484593
2.484242
2.484735
2.485150
2.485321
2.485783
2.485374
2.485414
2.486284
2.485787
2.485907
2.485582
2.486303
2.486343
2.486091
2.485838
2.485911
2.486429
2.485842
2.485473
2.485753
2.485607
2.484659
2.483739
2.483739
2.483745
2.483985
2.482968
2.483637
2.484692
2.483504
2.484934
2.484460
2.484042
2.484108
2.484912
2.484467
2.484646
2.484478
2.485012
2.485344
2.485101
2.484944
2.484764
2.485472
2.485195
2.484961
2.485288
2.484782
2.485744
2.485355
2.485394
2.485362
2.485345
2.485492
2.484925
2.485223
2.485067
2.485629
2.485152
2.484915
2.485050
2.485161
2.485206
2.485077
2.483454
2.483813
2.484593
2.483884
2.483995
2.483912
2.484055
2.484534
2.484338
2.484184
2.484132
2.484884
2.484421
2.484613
2.484502
2.484422
2.485698
2.485327
2.484869
2.484883
2.485801
2.485248
2.484846
2.485448
2.485070
2.485873
2.484425
2.484219
2.484038
2.484431
2.484694
2.484338
2.484384
2.484053
2.484757
2.484378
2.484259
2.483703
2.484012
2.483935
2.483439
2.483335
2.483360
2.483864
2.483631
2.483222
2.483106
2.482782
2.483041
2.483342
2.483740
2.483490
2.484351
2.483996
2.483969
2.483670
2.483444
2.483948
2.483861
2.483439
2.483335
2.484252
2.484272
2.483814
2.483770
2.483782
2.484488
2.483842
2.484106
2.483599
2.484323
2.483514
2.483938
2.483827
2.483453
2.484173
2.483524
2.483317
2.483605
2.483478
2.483698
2.483385
2.483156
2.483233
2.484080
2.483558
2.483870
2.483495
2.483741
2.484237
2.483843
2.483912
2.483821
2.484589
2.484153
2.484097
2.483656
2.483951
2.484764
2.484438
2.484429
2.484167
2.485019
2.484409
2.484357
2.483995
2.483785
2.484336
2.483609
2.483675
2.483705
2.484167
2.483748
2.483445
2.483429
2.483403
2.483988
2.483385
2.483557
2.483169
2.483612
2.483296
2.483692
2.483289
2.483457
2.484127
2.483817
2.483875
2.483974
2.484345
2.484185
2.483758
2.483795
2.483435
2.484421
2.483857
2.483730
2.484230
2.483963
2.484807
2.484199
2.484187
2.483789
2.484246
2.484180
2.484047
2.484265
2.484048
2.484524
2.484031
2.483730
2.483850
2.484016
2.483722
2.483330
2.483760
2.482385
2.481586
2.481467
2.481174
2.480692
2.480519
2.482475
2.483037
2.483016
2.482898
2.484541
2.483405
2.483422
2.482440
2.483996
2.484539
2.484028
2.484538
2.484915
2.486007
2.485126
2.485262
2.484987
2.485228
2.485486
2.484859
2.485114
2.484480
2.485285
2.485018
2.484629
2.484594
2.484159
2.484643
2.484243
2.484118
2.484195
2.484482
2.484443
2.484573
2.483850
2.483724
2.485476
2.484368
2.484699
2.484428
2.484868
2.485264
2.484825
2.484474
2.484609
2.485275
2.485109
2.485102
2.485430
2.485084
2.485307
2.485207
2.484992
2.485114
2.485850
2.485227
2.484685
2.485043
2.484781
2.484660
2.484510
2.483083
2.483994
2.485203
2.484968
2.484383
2.484248
2.484240
2.484536
2.483985
2.484494
2.484117
2.484275
2.483132
2.482840
2.482985
2.482650
2.483819
2.483146
2.483817
2.483808
2.484252
2.484490
2.484199
2.483900
2.483941
2.484694
2.484176
2.484092
2.484233
2.484333
2.484406
2.484197
2.484174
2.483785
2.484288
2.483936
2.483665
2.483854
2.483543
2.484190
2.483569
2.482510
2.482865
2.483622
2.482782
2.483066
2.482840
2.483574
2.483014
2.483243
2.483591
2.482206
2.483050
2.482874
2.482948
2.483055
2.482960
2.483389
2.482831
2.483339
2.483125
2.483529
2.483466
2.482885
2.483019
2.483048
2.483751
2.483461
2.483124
2.483235
2.483371
2.483299
2.483004
2.483046
2.483602
2.483843
2.482911
2.483072
2.482600
2.481792
2.483086
2.481936
2.482557
2.482471
2.484016
2.484033
2.483357
2.483767
2.483709
2.484799
2.484393
2.484924
2.484737
2.485253
2.485431
2.485104
2.485261
2.484922
2.485209
2.484921
2.485473
2.484930
2.485563
2.485871
2.485254
2.485259
2.484880
2.485383
2.484917
2.485071
2.484629
2.485272
2.485044
2.483902
2.483572
2.483037
2.483894
2.484231
2.483807
2.483756
2.483788
2.484001
2.484161
2.483411
2.483969
2.484635
2.484173
2.483979
2.484265
2.484255
2.484601
2.484639
2.484410
2.483956
2.484771
2.484359
2.484369
2.484295
2.484418
2.485157
2.484688
2.484829
2.484428
2.485354
2.484887
2.485062
2.484246
2.483084
2.483249
2.483043
2.483129
2.482595
2.483196
2.484313
2.484214
2.483962
2.483848
2.484683
2.483174
2.483914
2.483569
2.484366
2.483972
2.483878
2.483914
2.484026
2.484566
2.484112
2.484386
2.484565
2.484692
2.484767
2.484813
2.484173
2.484176
2.485160
2.484986
2.485034
2.485200
2.484892
2.485628
2.484977
2.484913
2.484227
2.485298
2.484269
2.484651
2.484912
2.484056
2.484782
2.483713
2.483948
2.483881
2.484508
2.484286
2.484016
2.483809
2.483593
2.484663
2.483875
2.484422
2.482462
2.483863
2.484159
2.484228
2.484204
2.483976
2.484643
2.484117
2.484283
2.484154
2.484404
2.485228
2.483769
2.483273
2.482665
2.483166
2.482356
2.484159
2.484173
2.483882
2.484632
2.485074
2.483376
2.483793
2.485238
2.484501
2.484219
2.483850
2.483951
2.484212
2.483724
2.483732
2.483281
2.484288
2.483716
2.483752
2.483664
2.483813
2.484440
2.484476
2.483717
2.483749
2.484698
2.484319
2.484019
2.484236
2.484440
2.484452
2.484936
2.484883
2.484404
2.484909
2.484845
2.484793
2.484748
2.484406
2.484950
2.484276
2.484381
2.484575
2.484137
2.484757
2.484242
2.484040
2.483464
2.484297
2.483986
2.483903
2.483743
2.483639
2.484581
2.484285
2.484012
2.482415
2.484291
2.483756
2.483979
2.484040
2.484010
2.485124
2.484509
2.482849
2.482500
2.482460
2.482373
2.483994
2.484205
2.484310
2.485058
2.484511
2.484685
2.484415
2.484827
2.484587
2.484456
2.484298
2.484145
2.485049
2.484783
2.484500
2.484344
2.484840
2.484407
2.483882
2.483787
2.483373
2.484390
2.484184
2.483715
2.483502
2.483739
2.484823
2.484177
2.484312
2.484047
2.484562
2.484536
2.484472
2.484609
2.484614
2.485140
2.484698
2.484970
2.484680
2.485370
2.485315
2.484781
2.484941
2.484967
2.485455
2.484883
2.484764
2.484743
2.485171
2.484909
2.484884
2.484958
2.484316
2.484963
2.484373
2.484004
2.483897
2.484309
2.484509
2.484230
2.484015
2.483854
2.484405
2.484279
2.482764
2.482482
2.482365
2.482526
2.483642
2.484467
2.484284
2.485739
2.484617
2.484985
2.484977
2.484421
2.485384
2.484823
2.484934
2.484642
2.485323
2.484640
2.485104
2.484980
2.484612
2.484964
2.484930
2.484836
2.485421
2.485233
2.484819
2.484117
2.483982
2.483779
2.484367
2.483904
2.483546
2.483645
2.483817
2.483715
2.483470
2.483785
2.483428
2.484261
2.484291
2.483956
2.483898
2.484336
2.484536
2.484477
2.484220
2.484276
2.484670
2.484676
2.484378
2.484371
2.484747
2.484872
2.484500
2.484611
2.484307
2.484900
2.484312
2.484374
2.484055
2.484056
2.484962
2.484136
2.483951
2.483683
2.484406
2.484060
2.482697
2.482307
2.481809
2.481823
2.483164
2.483199
2.483730
2.484262
2.483966
2.483779
2.483758
2.483805
2.484717
2.484182
2.484323
2.483795
2.484767
2.484072
2.484447
2.484543
2.484419
2.485301
2.484680
2.484891
2.484896
2.484707
2.485021
2.484741
2.484667
2.484387
2.485082
2.484643
2.484778
2.484785
2.484215
2.484750
2.484114
2.484117
2.483776
2.484629
2.483943
2.484099
2.483845
2.483943
2.484646
2.484236
2.484534
2.484320
2.485018
2.484612
2.484754
2.484943
2.484636
2.485597
2.485127
2.485052
2.484868
2.484996
2.485414
2.484906
2.485002
2.484600
2.485720
2.485291
2.484748
2.484450
2.484930
2.485650
2.483124
2.482855
2.482747
2.482941
2.482201
2.483233
2.483491
2.484036
2.484228
2.482736
2.483712
2.483897
2.484031
2.484587
2.484174
2.483779
2.483862
2.484625
2.484614
2.484427
2.484269
2.484981
2.484602
2.484414
2.484457
2.484412
2.485093
2.484969
2.485001
2.484512
2.485335
2.484997
2.484738
2.484840
2.484726
2.485163
2.484851
2.484607
2.484771
2.484787
2.485159
2.484748
2.483047
2.483903
2.484548
2.483939
2.484027
2.484142
2.484100
2.484613
2.484429
2.484154
2.483909
2.484671
2.484446
2.484569
2.484415
2.484634
2.485688
2.485056
2.484854
2.484858
2.485055
2.484953
2.485331
2.484642
2.483376
2.483903
2.483363
2.483537
2.484535
2.485244
2.484649
2.485114
2.484705
2.484781
2.485520
2.484444
2.484449
2.483986
2.484195
2.484589
2.483714
2.484139
2.483757
2.485033
2.483954
2.483943
2.484078
2.484066
2.484357
2.484323
2.483279
2.483979
2.485110
2.484890
2.484477
2.484331
2.484164
2.485208
2.484534
2.484672
2.484768
2.485424
2.484812
2.484978
2.484591
2.484553
2.484897
2.484611
2.484549
2.484490
2.484366
2.484910
2.484694
2.484428
2.484214
2.484906
2.484298
2.484044
2.483947
2.484242
2.484134
2.484013
2.483776
2.483550
2.484539
2.484052
2.483956
2.484189
2.484274
2.485060
2.484861
2.483833
2.483362
2.484047
2.484352
2.483781
2.484127
2.484448
2.484361
2.484253
2.483959
2.483764
2.484576
2.484251
2.484040
2.484047
2.483558
2.484520
2.483631
2.483932
2.483581
2.484080
2.483525
2.483302
2.483006
2.482964
2.483625
2.483125
2.482911
2.483097
2.482840
2.483287
2.482684
2.482938
2.483108
2.484043
2.483551
2.483961
2.483636
2.483729
2.484092
2.483643
2.483665
2.483381
2.484411
2.483956
2.483869
2.483864
2.484149
2.484694
2.484018
2.484135
2.483668
2.484834
2.484344
2.484004
2.484346
2.484140
2.484725
2.484000
2.483792
2.483333
2.483840
2.483374
2.483200
2.482938
2.483022
2.483922
2.482679
2.483218
2.482905
2.483668
2.483562
2.483277
2.483497
2.483283
2.484134
2.483980
2.483761
2.483600
2.484167
2.484584
2.484210
2.484415
2.483709
2.484693
2.483878
2.484112
2.483794
2.483695
2.484288
2.484050
2.483788
2.483778
2.484581
2.484094
2.483619
2.483419
2.483310
2.483849
2.483307
2.482961
2.482638
2.483579
2.483106
2.483021
2.482982
2.482911
2.483488
2.483281
2.483508
2.483080
2.484015
2.483935
2.483671
2.483591
2.483474
2.484243
2.483648
2.483656
2.483430
2.484085
2.484124
2.483838
2.483611
2.483701
2.484323
2.483850
2.483671
2.483200
2.483324
2.484434
2.481685
2.481349
2.480483
2.481317
2.480251
2.481285
2.481971
2.482383
2.482764
2.483028
2.482653
2.482237
2.482337
2.482590
2.482790
2.482020
2.482255
2.484474
2.483845
2.484083
2.484137
2.484411
2.484737
2.483841
2.484390
2.484205
2.484876
2.485008
2.484509
2.484189
2.484869
2.484583
2.484183
2.484329
2.484230
2.485015
2.484258
2.484282
2.484218
2.484667
2.484550
2.483360
2.483006
2.481543
2.483243
2.483605
2.483309
2.483608
2.482799
2.484163
2.483539
2.483491
2.483256
2.484469
2.484099
2.484032
2.484255
2.484115
2.484381
2.484158
2.484038
2.484128
2.485144
2.484589
2.484331
2.484197
2.484465
2.484754
2.484612
2.484455
2.483915
2.484649
2.484625
2.484415
2.484153
2.482364
2.483767
2.482411
2.481616
2.481331
2.483424
2.483712
2.483310
2.483438
2.483400
2.484002
2.483206
2.483457
2.483469
2.483370
2.484027
2.483569
2.484063
2.483726
2.484661
2.484148
2.484353
2.484352
2.483965
2.484733
2.484618
2.484402
2.483940
2.485034
2.484293
2.484624
2.484182
2.483712
2.484782
2.484033
2.484342
2.483757
2.484547
2.484050
2.483246
2.482030
2.482513
2.482364
2.483290
2.483364
2.482813
2.483799
2.484137
2.482948
2.483809
2.483366
2.484035
2.483456
2.483121
2.483559
2.483986
2.484244
2.484008
2.483629
2.483743
2.484719
2.483816
2.484205
2.483992
2.484243
2.484878
2.484347
2.484313
2.483806
2.485028
2.483271
2.482831
2.482597
2.482076
2.482525
2.483872
2.483975
2.483966
2.484122
2.483050
2.483416
2.483544
2.483217
2.484183
2.483751
2.483425
2.483446
2.483143
2.483562
2.483266
2.483463
2.483491
2.484167
2.483658
2.483751
2.483376
2.484143
2.484348
2.483934
2.484155
2.483828
2.484867
2.484308
2.484310
2.484257
2.484323
2.484589
2.484196
2.483893
2.483730
2.484436
2.484538
2.483875
2.483780
2.484030
2.484189
2.483504
2.483227
2.482950
2.484143
2.483552
2.483250
2.483938
2.483115
2.483099
2.482562
2.482679
2.482805
2.483249
2.482463
2.482789
2.482883
2.482843
2.482960
2.482467
2.482451
2.482395
2.482785
2.482824
2.482856
2.482600
2.482304
2.483339
2.482816
2.482592
2.482090
2.482719
2.483424
2.482713
2.483018
2.482913
2.483674
2.482722
2.482784
2.482583
2.481827
2.482761
2.482613
2.482005
2.482225
2.482624
2.482526
2.482561
2.482052
2.482346
2.482457
2.482656
2.483893
2.482647
2.483875
2.482849
2.482671
2.482790
2.482573
2.483393
2.482818
2.483128
2.482589
2.483096
2.482883
2.482911
2.483794
2.483585
2.484519
2.482955
2.483573
2.483491
2.483748
2.484707
2.482777
2.482982
2.483069
2.483004
2.483360
2.482460
2.482097
2.482234
2.482373
2.481974
2.482234
2.481999
2.483151
2.482532
2.482824
2.482692
2.482823
2.483484
2.483215
2.483022
2.482774
2.483562
2.482966
2.483265
2.483382
2.483439
2.483605
2.483648
2.483358
2.483468
2.483682
2.483331
2.483073
2.483264
2.482853
2.484113
2.483643
2.483035
2.482864
2.482959
2.482949
2.482600
2.482682
2.482013
2.482898
2.482263
2.482032
2.482209
2.482380
2.483076
2.482720
2.482338
2.482315
2.483181
2.482861
2.483039
2.482935
2.483094
2.483796
2.482653
2.483272
2.483078
2.483680
2.483280
2.483366
2.483315
2.483039
2.483575
2.483385
2.483221
2.482914
2.483534
2.483473
2.483120
2.482979
2.482899
2.483032
2.482603
2.482440
2.482249
2.482820
2.482606
2.482547
2.482650
2.482021
2.482961
2.482648
2.482970
2.482579
2.482970
2.483279
2.483141
2.483198
2.482750
2.483362
2.483112
2.482936
2.483281
2.482846
2.483338
2.483597
2.483202
2.483099
2.483762
2.483519
2.483194
2.483310
2.483320
2.483825
2.483092
2.483985
2.483314
2.484167
2.483566
2.483170
2.482821
2.482816
2.483305
2.482857
2.482517
2.482482
2.482733
2.482393
2.482157
2.482454
2.482432
2.483468
2.482870
2.483019
2.482898
2.483240
2.483484
2.483070
2.483130
2.482964
2.483521
2.482907
2.482487
2.483993
2.479768
2.480724
2.480719
2.480826
2.480185
2.481689
2.482408
2.482321
2.481971
2.482128
2.482474
2.481656
2.481506
2.481954
2.481629
2.481324
2.481424
2.481421
2.481532
2.482637
2.481523
2.481973
2.481978
2.482639
2.482330
2.482168
2.482277
2.481880
2.483004
2.482654
2.482461
2.482190
2.483068
2.482114
2.482837
2.482320
2.482036
2.483242
2.482440
2.482774
2.482976
2.482062
2.482919
2.482405
2.482514
2.482260
2.482653
2.482662
2.482384
2.481684
2.481079
2.481440
2.480677
2.480856
2.480603
2.481396
2.480795
2.481091
2.481019
2.480775
2.481985
2.481075
2.481456
2.482100
2.483265
2.482269
2.482498
2.482688
2.482858
2.483853
2.482971
2.482394
2.482548
2.482992
2.482542
2.482600
2.482769
2.481797
2.482996
2.483357
2.482686
2.482561
2.482950
2.483063
2.483218
2.483158
2.482628
2.482900
2.482650
2.482159
2.482145
2.482333
2.482838
2.482463
2.482619
2.482069
2.483091
2.482577
2.482478
2.482651
2.481721
2.482895
2.482620
2.482775
2.482607
2.483401
2.482807
2.482757
2.482839
2.482589
2.483507
2.482842
2.482920
2.482746
2.483661
2.483553
2.483109
2.482865
2.482729
2.483515
2.482980
2.483039
2.483200
2.483230
2.483165
2.483120
2.481649
2.482103
2.482872
2.482260
2.482495
2.482020
2.482252
2.482426
2.482274
2.482512
2.481997
2.483233
2.482719
2.482759
2.482615
2.482626
2.483238
2.482755
2.482933
2.482572
2.483418
2.483063
2.482928
2.482944
2.483033
2.483405
2.483115
2.482910
2.482784
2.483030
2.482877
2.482381
2.482862
2.482525
2.483238
2.482616
2.482460
2.482055
2.482229
2.482246
2.481927
2.481704
2.481783
2.482724
2.482322
2.482076
2.481309
2.482257
2.481503
2.480094
2.480144
2.479922
2.480833
2.480294
2.480469
2.481310
2.481264
2.482826
2.481883
2.482606
2.482446
2.482866
2.481870
2.483560
2.483206
2.483777
2.484081
2.483662
2.483779
2.482805
2.483881
2.484050
2.483636
2.483767
2.483548
2.483971
2.483283
2.482865
2.482564
2.483403
2.482982
2.483075
2.482936
2.482839
2.483801
2.483442
2.483279
2.483050
2.483841
2.483810
2.483843
2.483934
2.483036
2.484978
2.483882
2.483994
2.484246
2.483721
2.484219
2.484170
2.484039
2.483778
2.484390
2.483749
2.483723
2.483575
2.484018
2.483222
2.483500
2.483556
2.483428
2.484044
2.482873
2.483194
2.483452
2.482801
2.483869
2.482623
2.482908
2.482362
2.483400
2.483166
2.483409
2.482527
2.481571
2.482031
2.481116
2.482141
2.482706
2.483348
2.483447
2.483320
2.483200
2.483253
2.484230
2.483773
2.483980
2.483523
2.483546
2.484108
2.483877
2.483560
2.483475
2.484356
2.483231
2.483888
2.483952
2.483876
2.483968
2.483405
2.483107
2.482502
2.483723
2.482884
2.483017
2.483009
2.482773
2.483548
2.483044
2.482929
2.482960
2.483418
2.483468
2.483354
2.483103
2.483280
2.483990
2.483717
2.483612
2.483149
2.483984
2.483919
2.483943
2.483699
2.483699
2.484171
2.484207
2.483583
2.483087
2.483441
2.483610
2.483279
2.483172
2.482824
2.483888
2.483253
2.483135
2.482994
2.482604
2.483350
2.483530
2.482358
2.481281
2.481832
2.481555
2.481240
2.482131
2.482414
2.482893
2.483270
2.483149
2.483421
2.483842
2.483627
2.483280
2.483405
2.483128
2.483559
2.483420
2.483084
2.483185
2.484177
2.483650
2.483382
2.483596
2.483292
2.483786
2.483702
2.483351
2.483034
2.483883
2.484006
2.483289
2.483053
2.482517
2.483397
2.482499
2.482448
2.482433
2.482572
2.483184
2.482682
2.482736
2.482511
2.483076
2.482625
2.482990
2.482613
2.482712
2.483408
2.483152
2.483528
2.482978
2.484018
2.483162
2.483516
2.483506
2.483668
2.483998
2.483697
2.483809
2.483473
2.483834
2.483764
2.483476
2.483552
2.483345
2.484605
2.482834
2.482035
2.481538
2.482073
2.481309
2.482044
2.482137
2.482239
2.483205
2.482669
2.482498
2.482609
2.482967
2.483318
2.482910
2.483031
2.482373
2.483689
2.482908
2.483073
2.483125
2.483159
2.483672
2.482978
2.482982
2.483204
2.483934
2.483621
2.483805
2.483678
2.483293
2.483775
2.483528
2.483097
2.482892
2.483719
2.483614
2.483157
2.483390
2.483135
2.483785
2.483283
2.482768
2.482378
2.482742
2.482809
2.482712
2.482709
2.482145
2.483378
2.482650
2.482470
2.482547
2.482913
2.483205
2.483022
2.483038
2.482949
2.483953
2.483077
2.483023
2.483166
2.483394
2.483841
2.483390
2.483300
2.483434
2.483436
2.482352
2.481744
2.481357
2.481924
2.482082
2.482283
2.482309
2.482519
2.483726
2.483237
2.482743
2.482429
2.482101
2.482556
2.482356
2.482008
2.482086
2.482874
2.482273
2.482534
2.482279
2.481939
2.482727
2.482588
2.482418
2.482603
2.482974
2.482912
2.483012
2.482786
2.482964
2.483619
2.483335
2.483265
2.483203
2.483349
2.483941
2.483135
2.483092
2.482904
2.484113
2.483568
2.482948
2.482871
2.483259
2.483728
2.483315
2.483294
2.482901
2.483138
2.482314
2.482451
2.482775
2.482525
2.483422
2.482663
2.482637
2.482088
2.483036
2.482745
2.482756
2.482381
2.482849
2.483384
2.483093
2.483103
2.483043
2.482261
2.481887
2.481476
2.480892
2.482554
2.483817
2.482561
2.483010
2.482975
2.483916
2.482919
2.482533
2.482998
2.482327
2.483513
2.483147
2.482511
2.482666
2.483014
2.482734
2.482721
2.482020
2.482149
2.482818
2.482525
2.482798
2.481982
2.482143
2.482968
2.482617
2.482679
2.482424
2.483009
2.482633
2.482867
2.482826
2.482966
2.483589
2.482697
2.482085
2.482711
2.483179
2.483440
2.483032
2.483314
2.483047
2.483445
2.483574
2.483284
2.483104
2.483633
2.482699
2.482927
2.483695
2.482693
2.483897
2.483035
2.482655
2.482712
2.482820
2.482805
2.482205
2.482175
2.481863
2.482669
2.482405
2.482685
2.481913
2.481252
2.481337
2.479990
2.481602
2.482237
2.483533
2.483001
2.483438
2.482569
2.483072
2.483757
2.483411
2.483494
2.482945
2.483470
2.483465
2.483181
2.482966
2.482921
2.483363
2.482951
2.482371
2.482330
2.483452
2.483001
2.482682
2.482353
2.482152
2.482961
2.482107
2.482243
2.481949
2.482641
2.481874
2.482122
2.482187
2.481976
2.482807
2.482735
2.482533
2.482634
2.482565
2.483289
2.483051
2.482518
2.482663
2.482000
2.482755
2.483037
2.482702
2.483088
2.483760
2.483221
2.483307
2.482530
2.483380
2.483362
2.483572
2.482427
2.482693
2.483838
2.483506
2.483307
2.482648
2.482588
2.482485
2.482409
2.481024
2.480682
2.480825
2.480291
2.480522
2.481992
2.482453
2.482745
2.481693
2.482122
2.482183
2.483316
2.482643
2.482331
2.482384
2.482772
2.483019
2.483069
2.482564
2.482762
2.483487
2.483116
2.483299
2.482593
2.483065
2.483425
2.483169
2.482955
2.482484
2.483232
2.483036
2.482903
2.483128
2.481769
2.482519
2.482087
2.482380
2.482054
2.482775
2.482476
2.482534
2.482165
2.482294
2.482826
2.482389
2.482376
2.482145
2.482983
2.482565
2.482694
2.482623
2.482496
2.483409
2.482525
2.483003
2.482747
2.482975
2.483517
2.483219
2.483042
2.483022
2.483847
2.483351
2.482805
2.483021
2.483013
2.483770
2.482936
2.481429
2.481208
2.481444
2.480593
2.482216
2.481871
2.482110
2.482486
2.482308
2.482163
2.481694
2.482764
2.482428
2.482430
2.482377
2.481922
2.482854
2.482815
2.482770
2.482613
2.482980
2.483285
2.483010
2.482899
2.483121
2.483539
2.483408
2.483281
2.482955
2.483063
2.483422
2.483159
2.483130
2.482412
2.483525
2.482636
2.483003
2.482992
2.483011
2.483256
2.482833
2.482200
2.481872
2.482566
2.482587
2.481663
2.481409
2.480855
2.480862
2.482092
2.482169
2.482004
2.482994
2.482458
2.482195
2.482473
2.482228
2.483200
2.482753
2.482708
2.482003
2.483044
2.483126
2.482731
2.482747
2.482380
2.483606
2.482057
2.482113
2.481494
2.482089
2.482488
2.482183
2.481762
2.481940
2.482836
2.482390
2.482365
2.482386
2.481857
2.481619
2.481386
2.481812
2.481178
2.482099
2.481372
2.481299
2.481801
2.481319
2.482125
2.481660
2.481726
2.481478
2.482579
2.482295
2.482131
2.482021
2.482401
2.482575
2.482173
2.482173
2.481974
2.482980
2.482686
2.482604
2.482401
2.482113
2.482930
2.482451
2.482070
2.482229
2.482406
2.482244
2.482098
2.482144
2.481862
2.481998
2.481424
2.481275
2.481329
2.481436
2.481294
2.481235
2.481059
2.481069
2.481706
2.481238
2.481468
2.481314
2.481675
2.481791
2.481340
2.481764
2.481214
2.481927
2.481655
2.481456
2.481465
2.481818
2.482636
2.481899
2.481913
2.481472
2.482473
2.482173
2.482088
2.481675
2.481850
2.481945
2.482015
2.482085
2.482022
2.482042
2.481967
2.481839
2.480741
2.480737
2.481632
2.481185
2.481199
2.481064
2.481217
2.481572
2.481195
2.481363
2.481048
2.482030
2.481824
2.481730
2.481745
2.482060
2.482489
2.481768
2.481645
2.481735
2.482612
2.481853
2.481790
2.481531
2.481748
2.482331
2.482025
2.481657
2.481235
2.482301
2.481554
2.481818
2.481815
2.481719
2.482629
2.481807
2.481469
2.480707
2.481453
2.480701
2.481138
2.480649
2.478479
2.479830
2.478259
2.478076
2.477792
2.479075
2.480296
2.480257
2.481291
2.480537
2.481442
2.480502
2.480289
2.480859
2.482044
2.481685
2.482506
2.482021
2.482304
2.483258
2.482818
2.482965
2.482721
2.482773
2.483156
2.482771
2.482240
2.481846
2.483303
2.482955
2.482471
2.482553
2.481861
2.482328
2.481798
2.481652
2.481576
2.482035
2.482020
2.481336
2.481819
2.481986
2.482274
2.481948
2.481864
2.481912
2.482436
2.482304
2.482178
2.482197
2.482358
2.483329
2.482558
2.482578
2.482613
2.483187
2.483050
2.482563
2.482662
2.482778
2.483335
2.482997
2.482316
2.482253
2.482356
2.483091
2.482618
2.482170
2.481921
2.482433
2.481974
2.481691
2.481797
2.481580
2.482054
2.482255
2.480751
2.480081
2.480376
2.480350
2.480309
2.480366
2.481039
2.481293
2.481102
2.481366
2.481323
2.481882
2.481202
2.481132
2.481235
2.481381
2.482506
2.481695
2.481522
2.481794
2.481792
2.481796
2.481154
2.481115
2.481210
2.481412
2.481448
2.481516
2.481754
2.480494
2.481058
2.479421
2.479516
2.479315
2.481082
2.480012
2.479593
2.480038
2.479678
2.480259
2.479960
2.479833
2.479616
2.480190
2.479807
2.480047
2.480215
2.480080
2.481048
2.479821
2.480106
2.479974
2.481056
2.480459
2.480192
2.480487
2.480135
2.482014
2.480667
2.480654
2.480280
2.480526
2.480283
2.481796
2.481424
2.481870
2.481979
2.481990
2.481208
2.479700
2.479692
2.480149
2.479410
2.480341
2.481307
2.481639
2.480998
2.481005
2.481372
2.481276
2.481787
2.481623
2.481538
2.481306
2.482450
2.482045
2.481707
2.481778
2.482082
2.482489
2.482052
2.481859
2.482164
2.482406
2.482436
2.482293
2.482206
2.481931
2.482476
2.482075
2.481518
2.481964
2.482317
2.482420
2.481892
2.482144
2.481142
2.481695
2.481318
2.481180
2.481021
2.481098
2.481563
2.480901
2.481124
2.480914
2.481811
2.481263
2.481287
2.481395
2.481286
2.482045
2.481816
2.481746
2.481731
2.482391
2.482346
2.481786
2.482044
2.482123
2.482590
2.482199
2.482302
2.482057
2.482890
2.481825
2.480183
2.480300
2.480064
2.480681
2.481044
2.480816
2.481216
2.481901
2.481551
2.481108
2.481390
2.481215
2.481689
2.481545
2.480633
2.481025
2.481074
2.481477
2.481259
2.481110
2.480694
2.481382
2.481153
2.481163
2.481015
2.481260
2.480969
2.481114
2.481500
2.480590
2.481697
2.481252
2.481086
2.480764
2.480919
2.481360
2.480622
2.480397
2.480394
2.480800
2.480597
2.480398
2.480587
2.480415
2.480577
2.479852
2.479466
2.478923
2.479602
2.479181
2.479208
2.478819
2.478483
2.479209
2.478815
2.478184
2.478115
2.478229
2.478356
2.478172
2.478250
2.477521
2.478432
2.477984
2.477657
2.477858
2.477760
2.476747
2.476058
2.475008
2.476150
2.475780
2.476645
2.476578
2.476487
2.475300
2.476143
2.475721
2.475456
2.474901
2.475703
2.474666
2.474166
2.473980
2.473499
2.473855
2.473149
2.472795
2.472414
2.473148
2.473031
2.471471
2.471175
2.469783
2.472038
2.471216
2.471356
2.470874
2.471808
2.471139
2.470373
2.469792
2.469730
2.470325
2.469631
2.469369
2.469092
2.469537
2.469196
2.468635
2.468559
2.468079
2.468534
2.467916
2.467201
2.467605
2.466916
2.467077
2.466661
2.466268
2.465330
2.465353
2.464272
2.464517
2.464343
2.464015
2.464027
2.463464
2.463365
2.462867
2.463397
2.462775
2.462182
2.462469
2.461273
2.461123
2.460368
2.459806
2.459853
2.460497
2.459748
2.459182
2.459313
2.459657
2.460601
2.459821
2.459632
2.458789
2.459102
2.458938
2.458409
2.457999
2.457083
2.458039
2.457378
2.456827
2.456796
2.456267
2.456056
2.455631
2.455321
2.454943
2.454792
2.454593
2.453855
2.453757
2.453611
2.453566
2.453420
2.452945
2.452791
2.453393
2.452596
2.452649
2.452204
2.451920
2.452604
2.451271
2.451823
2.450129
2.451037
2.451041
2.450463
2.450318
2.450164
2.450705
2.450432
2.449054
2.449542
2.448984
2.449000
2.448920
2.448506
2.448010
2.448671
2.447773
2.447284
2.446616
2.446718
2.446799
2.446272
2.446311
2.444985
2.446191
2.446168
2.444251
2.443833
2.442919
2.444611
2.443278
2.443822
2.444193
2.445083
2.443503
2.443471
2.444241
2.443660
2.443544
2.443281
2.443354
2.442669
2.443520
2.442921
2.442413
2.442161
2.441825
2.442262
2.441703
2.441288
2.441254
2.441471
2.440860
2.439853
2.439240
2.439577
2.439920
2.439263
2.438836
2.439047
2.438640
2.439277
2.438595
2.438326
2.438094
2.438748
2.438294
2.438042
2.438531
2.437694
2.438487
2.437792
2.437580
2.436837
2.437797
2.437371
2.437211
2.437288
2.436907
2.437524
2.437230
2.437109
2.436928
2.437217
2.436897
2.436502
2.436818
2.436207
2.437377
2.436549
2.436316
2.435806
2.436519
2.434417
2.434112
2.433850
2.433119
2.434059
2.434396
2.435017
2.434683
2.435378
2.435095
2.434914
2.434904
2.434681
2.435538
2.435228
2.434971
2.435289
2.435133
2.435654
2.435077
2.435436
2.435279
2.436236
2.435450
2.435126
2.435475
2.435349
2.435591
2.435069
2.435479
2.434380
2.435385
2.435042
2.435032
2.435302
2.435067
2.435269
2.434492
2.434860
2.434609
2.435607
2.434841
2.434646
2.434790
2.434356
2.435493
2.435158
2.435345
2.433863
2.435256
2.435126
2.435518
2.435440
2.434935
2.435536
2.435198
2.435334
2.435383
2.435582
2.435854
2.435580
2.435597
2.435208
2.436268
2.435678
2.435228
2.435356
2.435455
2.435513
2.434142
2.434258
2.433745
2.434421
2.434185
2.434708
2.435077
2.434849
2.435232
2.434801
2.434642
2.434605
2.435544
2.435144
2.435139
2.434990
2.434734
2.435648
2.435081
2.435384
2.435036
2.435644
2.435832
2.435572
2.435722
2.435188
2.435966
2.435537
2.435485
2.435824
2.435933
2.435675
2.435894
2.435728
2.435088
2.436310
2.435737
2.435707
2.435521
2.435794
2.436141
2.435703
2.435369
2.434819
2.435443
2.435310
2.435101
2.435254
2.435022
2.435726
2.435188
2.435159
2.434718
2.435516
2.435315
2.435312
2.435355
2.435271
2.436047
2.435856
2.434977
2.435283
2.437027
2.435033
2.434707
2.433951
2.434512
2.434267
2.435589
2.435232
2.435642
2.435783
2.435914
2.435500
2.435926
2.435392
2.436576
2.435652
2.435396
2.435195
2.435155
2.435362
2.435241
2.435191
2.434581
2.435355
2.435060
2.434900
2.434855
2.435023
2.435558
2.435294
2.435053
2.434804
2.435919
2.435600
2.435957
2.435566
2.435333
2.436208
2.435585
2.435627
2.435483
2.436373
2.435907
2.435682
2.435756
2.435322
2.436001
2.435642
2.435437
2.435356
2.436026
2.435456
2.435675
2.435554
2.434847
2.435575
2.435058
2.435117
2.434499
2.435118
2.435146
2.434897
2.435305
2.434750
2.435271
2.435054
2.435050
2.434994
2.434780
2.434798
2.434316
2.434188
2.434367
2.435010
2.434592
2.434733
2.435181
2.434884
2.435271
2.434982
2.434866
2.434549
2.435112
2.435008
2.434617
2.434594
2.434405
2.435168
2.434645
2.434651
2.434510
2.434717
2.434502
2.434419
2.433435
2.433892
2.434735
2.434147
2.434253
2.433872
2.434292
2.434526
2.434309
2.434379
2.433962
2.434573
2.434345
2.434101
2.433290
2.432978
2.433296
2.432574
2.432751
2.432798
2.433735
2.433294
2.433133
2.432958
2.433006
2.433448
2.433008
2.432356
2.431865
2.432322
2.432389
2.432150
2.432019
2.431542
2.434490
2.434844
2.433966
2.433636
2.434437
2.434067
2.434093
2.434243
2.433504
2.434397
2.434151
2.433913
2.433881
2.434570
2.434345
2.434416
2.434089
2.433964
2.435188
2.434416
2.433987
2.434143
2.434763
2.434879
2.434499
2.433888
2.434375
2.435441
2.434705
2.434763
2.434632
2.434515
2.435476
2.434427
2.434637
2.434416
2.435172
2.434838
2.434722
2.434613
2.433755
2.434411
2.434176
2.434019
2.434141
2.434398
2.434216
2.433825
2.434011
2.433882
2.434316
2.434157
2.434160
2.433867
2.434660
2.434328
2.434272
2.434077
2.433596
2.435124
2.434628
2.434334
2.434279
2.435110
2.434607
2.434784
2.434921
2.434282
2.435070
2.434925
2.432364
2.433178
2.431937
2.432296
2.431358
2.431695
2.432501
2.433745
2.432930
2.433704
2.433361
2.432898
2.433275
2.432536
2.433082
2.434049
2.434933
2.434033
2.434666
2.434034
2.434098
2.435112
2.434591
2.434362
2.433999
2.435051
2.434168
2.434992
2.434953
2.434763
2.435859
2.435383
2.435318
2.435095
2.435876
2.435350
2.435237
2.435226
2.434572
2.435591
2.435056
2.435071
2.434971
2.435212
2.435359
2.434824
2.434553
2.433935
2.434978
2.435085
2.434486
2.434370
2.434649
2.434873
2.434246
2.434570
2.434474
2.435291
2.434794
2.434874
2.435082
2.435026
2.435833
2.434545
2.435148
2.434781
2.435684
2.435343
2.435104
2.435061
2.435225
2.435582
2.434995
2.435036
2.434702
2.435459
2.435344
2.434046
2.433667
2.433680
2.433778
2.432842
2.434475
2.433653
2.434645
2.434923
2.434414
2.434645
2.433707
2.434910
2.434685
2.434366
2.434580
2.434203
2.434727
2.434617
2.434382
2.434435
2.435445
2.434870
2.434680
2.434612
2.434884
2.435456
2.434921
2.434992
2.434751
2.435945
2.434822
2.434356
2.433371
2.433998
2.435735
2.434790
2.435440
2.434771
2.435366
2.435082
2.434506
2.434384
2.434021
2.434681
2.434378
2.434106
2.433835
2.434413
2.434506
2.434028
2.434283
2.433827
2.434745
2.434355
2.434549
2.434266
2.434551
2.434860
2.434953
2.434992
2.434555
2.435415
2.434666
2.434867
2.435158
2.435230
2.436031
2.434196
2.433798
2.433329
2.432941
2.434218
2.434714
2.435010
2.434660
2.435346
2.435011
2.434914
2.434751
2.434894
2.434688
2.434331
2.434164
2.434389
2.434605
2.434441
2.434295
2.434291
2.434632
2.434685
2.434363
2.434461
2.434037
2.434855
2.434590
2.434433
2.434705
2.434866
2.433966
2.434638
2.434378
2.434614
2.435169
2.434873
2.435138
2.434714
2.434796
2.434960
2.434810
2.434741
2.434264
2.435346
2.434808
2.435011
2.434862
2.434666
2.435292
2.434543
2.434033
2.433949
2.434565
2.434410
2.434083
2.434304
2.433875
2.434620
2.434223
2.434143
2.434069
2.434628
2.434833
2.434629
2.434607
2.434705
2.435921
2.434217
2.433372
2.433429
2.433506
2.433437
2.434681
2.435145
2.434716
2.435451
2.435252
2.434989
2.434853
2.434900
2.435045
2.434601
2.434657
2.434416
2.435305
2.434584
2.433935
2.434031
2.433797
2.434423
2.433708
2.434329
2.433447
2.435340
2.434170
2.432970
2.432920
2.432005
2.434225
2.434462
2.434218
2.434528
2.435162
2.434850
2.434430
2.434071
2.434325
2.435152
2.434819
2.434939
2.434509
2.435268
2.435019
2.434930
2.435030
2.434563
2.435437
2.434385
2.434518
2.434597
2.434599
2.435055
2.434744
2.434568
2.434140
2.434961
2.433527
2.434059
2.434340
2.433470
2.432961
2.433506
2.433995
2.433784
2.435061
2.433786
2.432948
2.433048
2.432682
2.433338
2.434489
2.434936
2.433960
2.435198
2.435147
2.434700
2.435134
2.434717
2.435366
2.434728
2.435017
2.434683
2.435057
2.435192
2.434220
2.434601
2.434556
2.435073
2.435009
2.434616
2.434353
2.434485
2.434162
2.433956
2.434059
2.433674
2.434273
2.433832
2.433630
2.433988
2.433969
2.434348
2.434178
2.434279
2.434387
2.434792
2.433749
2.433420
2.434002
2.433699
2.434164
2.434068
2.434115
2.433487
2.434554
2.433705
2.433346
2.433034
2.433718
2.434542
2.433522
2.433670
2.432776
2.434269
2.434220
2.433371
2.434126
2.432914
2.434021
2.432984
2.433057
2.432945
2.432615
2.432626
2.432577
2.432758
2.432128
2.433056
2.432582
2.433075
2.432357
2.432442
2.433372
2.432785
2.433653
2.433697
2.434295
2.433878
2.433474
2.433544
2.433503
2.433410
2.433375
2.433897
2.433625
2.434061
2.433087
2.433065
2.433912
2.433971
2.434294
2.434407
2.433502
2.433556
2.435221
2.433830
2.434001
2.433361
2.432641
2.434423
2.433557
2.433888
2.433401
2.433768
2.433404
2.433039
2.432408
2.432871
2.433872
2.433624
2.433525
2.433437
2.433751
2.434247
2.433963
2.433438
2.433298
2.434321
2.433930
2.434014
2.433940
2.433653
2.434506
2.433972
2.433929
2.433531
2.434381
2.433531
2.433621
2.433545
2.433554
2.434221
2.433376
2.433381
2.432731
2.433582
2.432933
2.433002
2.433027
2.432730
2.433547
2.432856
2.432892
2.432635
2.433459
2.433153
2.432845
2.432871
2.432929
2.433727
2.433379
2.433328
2.432992
2.433603
2.433596
2.433532
2.433577
2.433562
2.434265
2.433994
2.433885
2.433695
2.433859
2.434490
2.433510
2.433351
2.433434
2.433692
2.433572
2.433721
2.433397
2.433043
2.433472
2.433087
2.432641
2.432526
2.433322
2.432981
2.433087
2.433002
2.432712
2.433483
2.433536
2.433465
2.433333
2.434050
2.433803
2.433821
2.433933
2.433442
2.434028
2.434227
2.433861
2.433470
2.434396
2.434245
2.434017
2.434260
2.433912
2.434808
2.434111
2.434006
2.433875
2.434373
2.434297
2.434511
2.434200
2.433480
2.434105
2.433586
2.433327
2.433455
2.433026
2.433497
2.433171
2.433252
2.432843
2.433813
2.433211
2.433502
2.433042
2.433221
2.434130
2.433470
2.433752
2.433821
2.434380
2.433828
2.433866
2.433977
2.433905
2.434497
2.433828
2.433627
2.433687
2.432317
2.432136
2.431650
2.431121
2.432362
2.432350
2.432678
2.432418
2.433482
2.433597
2.433011
2.432044
2.432660
2.432612
2.432860
2.431960
2.432039
2.431652
2.431871
2.433034
2.432830
2.432504
2.432674
2.433131
2.433357
2.433012
2.433245
2.433118
2.433491
2.433189
2.432756
2.432647
2.433936
2.433727
2.433100
2.432916
2.432793
2.433730
2.433618
2.433481
2.433084
2.433774
2.433227
2.433209
2.432758
2.432973
2.433545
2.433238
2.432896
2.432248
2.432466
2.432861
2.432148
2.432268
2.431591
2.432417
2.432530
2.432096
2.432282
2.432463
2.432567
2.432296
2.432487
2.432713
2.433119
2.432948
2.432896
2.432430
2.432802
2.433420
2.432974
2.432787
2.432721
2.433251
2.433600
2.432942
2.433085
2.432960
2.433280
2.433213
2.432733
2.432612
2.433239
2.433279
2.432829
2.432705
2.432488
2.433131
2.432451
2.432440
2.432038
2.433112
2.432625
2.432493
2.432767
2.432087
2.432817
2.432683
2.432186
2.431977
2.432592
2.432591
2.432165
2.432724
2.432068
2.432395
2.433072
2.433149
2.433034
2.433314
2.433453
2.433115
2.433249
2.432846
2.433560
2.432685
2.432377
2.432057
2.432234
2.432686
2.432322
2.431945
2.432117
2.432451
2.431408
2.431330
2.430793
2.430724
2.431449
2.431060
2.431021
2.429096
2.430778
2.430707
2.431014
2.430509
2.430398
2.431105
2.430714
2.430974
2.430733
2.431322
2.431005
2.430615
2.430879
2.430816
2.431375
2.430907
2.430565
2.430477
2.430927
2.430599
2.429867
2.430282
2.429748
2.430735
2.430297
2.430077
2.429982
2.427856
2.428114
2.427235
2.427273
2.426356
2.428110
2.428256
2.428479
2.427797
2.428800
2.428795
2.427845
2.427292
2.427262
2.429169
2.429499
2.429509
2.429222
2.429094
2.430358
2.429621
2.428663
2.429150
2.429306
2.429559
2.429549
2.429359
2.429430
2.429033
2.429590
2.429254
2.429055
2.429426
2.428563
2.428595
2.428977
2.428818
2.429923
2.428979
2.428921
2.428412
2.428362
2.428709
2.428135
2.428140
2.427939
2.428141
2.428048
2.427984
2.427666
2.427453
2.428322
2.427895
2.427853
2.427968
2.428485
2.428018
2.428234
2.427492
2.427962
2.428297
2.428411
2.427987
2.427965
2.428561
2.428300
2.428030
2.428136
2.427510
2.428440
2.427813
2.427497
2.427481
2.427964
2.428157
2.427968
2.427009
2.425871
2.426012
2.425639
2.426580
2.425607
2.427125
2.426958
2.426602
2.426970
2.426673
2.427275
2.427188
2.426953
2.427351
2.426507
2.427254
2.427468
2.427365
2.427604
2.427288
2.427687
2.427596
2.427551
2.427490
2.428283
2.428097
2.427959
2.427657
2.428402
2.428231
2.427989
2.427675
2.427568
2.428226
2.428148
2.427894
2.427685
2.427875
2.427157
2.426980
2.427098
2.426735
2.427626
2.426984
2.426458
2.426950
2.427108
2.427359
2.426766
2.426580
2.426737
2.427810
2.427282
2.427327
2.427482
2.427537
2.427822
2.427551
2.427894
2.427861
2.428506
2.428077
2.427851
2.427863
2.428002
2.428695
2.427891
2.426404
2.426087
2.426147
2.426947
2.426918
2.426491
2.427127
2.427760
2.427270
2.426851
2.426722
2.427083
2.426833
2.427136
2.426649
2.426353
2.427235
2.426850
2.426915
2.426813
2.427183
2.427099
2.427054
2.426915
2.426961
2.427605
2.427002
2.426531
2.426661
2.426689
2.427326
2.426897
2.426709
2.426552
2.427448
2.427191
2.426978
2.426504
2.426928
2.427463
2.427530
2.427374
2.426933
2.427928
2.427299
2.427180
2.426728
2.426261
2.427172
2.426544
2.426327
2.426611
2.427086
2.426655
2.426566
2.426693
2.426441
2.427170
2.426713
2.426535
2.426627
2.427202
2.427134
2.427154
2.426976
2.426776
2.427775
2.426174
2.425994
2.426296
2.425248
2.426759
2.427060
2.427074
2.427255
2.427899
2.426723
2.426640
2.426936
2.426994
2.427512
2.427333
2.426953
2.426384
2.427167
2.426714
2.426342
2.426485
2.426317
2.426900
2.426785
2.427033
2.426638
2.426963
2.426744
2.426727
2.427024
2.426886
2.427274
2.427113
2.427133
2.426622
2.427326
2.427438
2.427052
2.426750
2.427031
2.427776
2.427237
2.427362
2.427356
2.427782
2.427905
2.427503
2.427521
2.427343
2.428197
2.427511
2.427729
2.427409
2.427436
2.427360
2.426992
2.426561
2.426342
2.427036
2.426618
2.426761
2.426667
2.426831
2.427364
2.427056
2.426981
2.427037
2.427238
2.426153
2.425588
2.426484
2.426196
2.426316
2.427175
2.427551
2.427547
2.428317
2.427588
2.427360
2.427911
2.427564
2.428510
2.427624
2.427579
2.427434
2.427807
2.427928
2.427445
2.427643
2.427564
2.427970
2.427592
2.427134
2.426838
2.427253
2.427577
2.427515
2.427140
2.427415
2.427902
2.427419
2.427388
2.427258
2.427223
2.427877
2.427210
2.427514
2.427300
2.428305
2.427891
2.427781
2.427478
2.427477
2.427909
2.427369
2.427752
2.427964
2.428551
2.428259
2.428167
2.428358
2.428046
2.428717
2.428654
2.428364
2.428383
2.428613
2.428708
2.428079
2.427859
2.427295
2.428514
2.427198
2.427735
2.427664
2.427791
2.428189
2.428269
2.427049
2.426485
2.426764
2.426929
2.425888
2.427332
2.427773
2.428502
2.428522
2.427923
2.427830
2.428761
2.428780
2.428481
2.428498
2.428297
2.429236
2.428779
2.428446
2.428276
2.428976
2.428206
2.428406
2.428524
2.427948
2.429002
2.428574
2.428752
2.427855
2.428200
2.428082
2.427773
2.428148
2.427649
2.428719
2.428023
2.428044
2.427589
2.428036
2.428445
2.427859
2.428284
2.428505
2.428877
2.428944
2.428606
2.428527
2.428702
2.429493
2.428652
2.428825
2.428363
2.429441
2.428927
2.429208
2.427884
2.428561
2.429608
2.429144
2.428570
2.428436
2.429244
2.428918
2.429078
2.429063
2.428814
2.429719
2.427919
2.427400
2.426730
2.427638
2.427238
2.427440
2.428534
2.428277
2.429487
2.428349
2.428583
2.428688
2.429019
2.429249
2.429137
2.429639
2.428539
2.428942
2.429391
2.429369
2.429116
2.429450
2.429876
2.429674
2.429837
2.429476
2.430335
2.429674
2.429460
2.430002
2.428419
2.430093
2.429473
2.429671
2.429373
2.430363
2.428773
2.428827
2.428927
2.428764
2.429454
2.428985
2.428699
2.428804
2.429509
2.429495
2.428654
2.429174
2.429093
2.429917
2.429537
2.429599
2.429432
2.430120
2.430214
2.428716
2.429209
2.429308
2.430030
2.429745
2.429901
2.430039
2.429428
2.429051
2.428618
2.429492
2.429841
2.429840
2.429129
2.428536
2.429092
2.427672
2.429438
2.430027
2.428775
2.429183
2.429796
2.429264
2.429221
2.429032
2.429140
2.430167
2.429509
2.429415
2.429185
2.429729
2.429478
2.429430
2.429491
2.429776
2.430499
2.430017
2.429822
2.429736
2.430384
2.430839
2.430605
2.430352
2.430155
2.430820
2.430339
2.430406
2.430128
2.430422
2.430375
2.430692
2.430378
2.429566
2.430637
2.430255
2.429980
2.430067
2.429666
2.429696
2.429439
2.429428
2.429058
2.429864
2.429548
2.429436
2.429672
2.429441
2.429888
2.429316
2.429608
2.429502
2.430145
2.429905
2.429736
2.429996
2.429698
2.430432
2.429806
2.430107
2.430373
2.430095
2.428910
2.428927
2.428240
2.427670
2.430335
2.430024
2.429318
2.430177
2.430222
2.429906
2.430196
2.429591
2.429504
2.429788
2.429112
2.429103
2.428577
2.428707
2.429021
2.428868
2.428853
2.428692
2.429227
2.428782
2.429000
2.429240
2.428905
2.429482
2.429024
2.429311
2.429070
2.429844
2.429271
2.429646
2.429597
2.429251
2.430015
2.429893
2.429596
2.429051
2.429903
2.429252
2.429187
2.429184
2.428659
2.429872
2.428718
2.428828
2.429006
2.429689
2.429167
2.428640
2.428558
2.428374
2.428952
2.428738
2.428461
2.428480
2.428877
2.429012
2.429255
2.429097
2.428210
2.429453
2.428886
2.429646
2.428542
2.427852
2.428485
2.428226
2.428266
2.428275
2.428615
2.428579
2.428521
2.428853
2.428458
2.429404
2.428733
2.428483
2.428776
2.428727
2.428699
2.428984
2.428645
2.428456
2.429124
2.428651
2.428096
2.428011
2.428615
2.428511
2.427687
2.427977
2.427740
2.428562
2.428317
2.427718
2.428116
2.428437
2.428489
2.428249
2.428183
2.428140
2.428657
2.428834
2.428210
2.428153
2.428514
2.429320
2.428808
2.428827
2.428411
2.429506
2.429020
2.428902
2.428992
2.429241
2.429275
2.428983
2.428666
2.428510
2.429151
2.428894
2.428902
2.428464
2.428361
2.428764
2.428516
2.428181
2.428172
2.428784
2.428412
2.428574
2.428243
2.428412
2.429020
2.428600
2.428188
2.428489
2.428895
2.429457
2.428504
2.429111
2.428220
2.429302
2.429087
2.428620
2.428748
2.428881
2.429388
2.429470
2.429202
2.428970
2.429646
2.429372
2.429152
2.428902
2.428748
2.429634
2.429214
2.429110
2.428191
2.429284
2.428887
2.429026
2.428411
2.428073
2.428397
2.428058
2.428940
2.428159
2.428815
2.428558
2.428296
2.428507
2.428709
2.429292
2.428581
2.428995
2.428920
2.429100
2.429093
2.428780
2.429135
2.428755
2.429841
2.428626
2.429009
2.428833
2.429251
2.429342
2.428698
2.429334
2.428810
2.429205
2.429316
2.427123
2.426791
2.426255
2.426621
2.425317
2.426290
2.427427
2.428150
2.427691
2.427641
2.427794
2.427663
2.427821
2.427506
2.426856
2.427508
2.427697
2.428058
2.428379
2.428718
2.428426
2.429237
2.428460
2.428373
2.428454
2.428821
2.428992
2.428718
2.429075
2.428488
2.429366
2.428149
2.428185
2.428843
2.428604
2.428990
2.428579
2.429376
2.427731
2.428069
2.426414
2.428368
2.428020
2.426899
2.427110
2.426967
2.426427
2.426569
2.427554
2.426870
2.426623
2.426925
2.426402
2.427011
2.426836
2.427455
2.427040
2.427987
2.427565
2.427633
2.428231
2.427897
2.428551
2.427700
2.428018
2.428229
2.428147
2.428399
2.427963
2.428001
2.427260
2.427723
2.427123
2.427370
2.427785
2.429086
2.428755
2.428844
2.428699
2.426983
2.428036
2.426502
2.427652
2.426371
2.427820
2.428185
2.428498
2.428628
2.428504
2.429116
2.428750
2.428799
2.428879
2.428833
2.429651
2.429039
2.429083
2.428772
2.429513
2.429149
2.428471
2.428873
2.428665
2.429533
2.429194
2.428982
2.428876
2.429644
2.429245
2.428710
2.428736
2.428733
2.429770
2.429129
2.429041
2.428566
2.429185
2.428585
2.428383
2.428036
2.428335
2.428471
2.427949
2.428095
2.427590
2.428145
2.428285
2.428195
2.427939
2.427488
2.428559
2.428262
2.428590
2.428618
2.428182
2.429101
2.428653
2.428717
2.428295
2.429470
2.428961
2.428916
2.428935
2.428533
2.429181
2.429219
2.427726
2.427009
2.427738
2.426732
2.426534
2.428396
2.428167
2.428715
2.428558
2.427918
2.427695
2.428141
2.428073
2.427908
2.428115
2.427593
2.428511
2.428728
2.429115
2.429029
2.429779
2.429887
2.429807
2.429866
2.428749
2.430159
2.429507
2.429816
2.430176
2.429705
2.430415
2.429971
2.430076
2.430392
2.430360
2.430211
2.430023
2.430328
2.429635
2.431085
2.430189
2.430025
2.430044
2.430747
2.429864
2.429926
2.429727
2.429510
2.429813
2.429523
2.429363
2.429062
2.429541
2.429680
2.429296
2.429200
2.428994
2.430111
2.429776
2.429515
2.429454
2.430005
2.430400
2.429731
2.429640
2.429596
2.430658
2.430526
2.429270
2.428729
2.428591
2.429464
2.428561
2.429796
2.430114
2.430091
2.429872
2.430122
2.429112
2.429781
2.429989
2.429860
2.429898
2.429328
2.429798
2.428986
2.429441
2.429200
2.428918
2.429751
2.429047
2.429122
2.428817
2.429692
2.429506
2.429041
2.429466
2.429154
2.429645
2.429954
2.429194
2.429411
2.430156
2.429950
2.429600
2.429279
2.429476
2.430285
2.429964
2.429890
2.429540
2.430022
2.429847
2.429666
2.429792
2.429407
2.430120
2.429871
2.429838
2.429935
2.429240
2.429506
2.429171
2.428993
2.428948
2.429577
2.429223
2.429259
2.428986
2.428907
2.429422
2.429049
2.429054
2.428888
2.430149
2.429278
2.428221
2.428737
2.427714
2.428779
2.427679
2.428733
2.429354
2.429922
2.430039
2.429730
2.430001
2.429997
2.430318
2.429959
2.429345
2.429302
2.429897
2.429572
2.429218
2.429756
2.429318
2.429692
2.429276
2.429069
2.428757
2.429294
2.429500
2.428947
2.429360
2.428527
2.429419
2.429006
2.428841
2.429125
2.428654
2.429308
2.429179
2.429059
2.429353
2.429675
2.429280
2.428974
2.429410
2.429215
2.429610
2.429184
2.429515
2.429183
2.429986
2.429464
2.429426
2.429354
2.429171
2.430123
2.429293
2.429324
2.429109
2.429806
2.429258
2.429209
2.428498
2.428437
2.429051
2.428659
2.428268
2.428444
2.429306
2.428492
2.427453
2.427115
2.426738
2.427466
2.428999
2.428154
2.428755
2.428721
2.429473
2.428793
2.429032
2.428842
2.429476
2.429507
2.429242
2.429371
2.428792
2.429624
2.429472
2.429165
2.428997
2.429119
2.429186
2.429188
2.428820
2.429045
2.429690
2.428980
2.429264
2.428423
2.429045
2.428467
2.428495
2.428207
2.427804
2.429099
2.428362
2.428415
2.428210
2.428715
2.428607
2.428650
2.428541
2.428561
2.429473
2.429398
2.428977
2.428779
2.428792
2.429480
2.429058
2.429041
2.428798
2.429721
2.429020
2.429319
2.429141
2.429711
2.428525
2.428455
2.429018
2.429228
2.429891
2.429444
2.427870
2.427819
2.427341
2.426962
2.427108
2.428057
2.428102
2.428783
2.428364
2.428309
2.428280
2.427915
2.429067
2.428244
2.427742
2.427996
2.428684
2.428538
2.428898
2.428807
2.428043
2.429641
2.429203
2.429014
2.428751
2.429082
2.429456
2.429137
2.429301
2.428944
2.429737
2.429072
2.429357
2.428274
2.428732
2.429399
2.429116
2.428974
2.428910
2.429095
2.428644
2.428409
2.428582
2.428346
2.428777
2.428249
2.428135
2.427996
2.428604
2.428194
2.428210
2.428156
2.428424
2.428966
2.428578
2.428675
2.428514
2.429112
2.428859
2.428472
2.428814
2.428555
2.429296
2.429185
2.428966
2.428853
2.429413
2.429373
2.427537
2.427897
2.427236
2.427792
2.426921
2.428446
2.429157
2.428616
2.429177
2.428524
2.428350
2.428089
2.428448
2.428430
2.428037
2.428388
2.428398
2.428620
2.428238
2.428197
2.428238
2.428769
2.428596
2.428352
2.428687
2.428324
2.429179
2.428589
2.428492
2.428558
2.429187
2.429023
2.428991
2.428887
2.428740
2.429698
2.428905
2.429052
2.428600
2.429249
2.429008
2.428805
2.428590
2.428539
2.429379
2.428995
2.428193
2.428172
2.428064
2.428825
2.427754
2.427770
2.427530
2.428247
2.428203
2.427734
2.427796
2.427906
2.428455
2.428365
2.428179
2.428305
2.428922
2.428576
2.428521
2.428412
2.428806
2.428977
2.427004
2.427500
2.426583
2.428047
2.427722
2.427495
2.427671
2.428178
2.429653
2.427807
2.428974
2.428433
2.428933
2.428748
2.428116
2.428289
2.428023
2.428491
2.428164
2.427428
2.427521
2.427916
2.427489
2.427689
2.427641
2.427336
2.428209
2.427812
2.427976
2.427318
2.427965
2.428535
2.428151
2.428346
2.427471
2.428774
2.428027
2.428438
2.428448
2.427893
2.428784
2.428559
2.428623
2.428323
2.428514
2.428412
2.428505
2.428193
2.428175
2.428869
2.427763
2.427982
2.427800
2.428379
2.428038
2.427527
2.427352
2.427001
2.428344
2.427388
2.427174
2.427432
2.427908
2.427973
2.427384
2.427813
2.427446
2.426976
2.426957
2.425851
2.426583
2.427370
2.426122
2.427437
2.428046
2.427436
2.428690
2.428154
2.427903
2.428082
2.427836
2.428584
2.428256
2.428282
2.427674
2.428290
2.428123
2.428049
2.428033
2.428165
2.428144
2.427831
2.427521
2.427223
2.427891
2.427142
2.426792
2.427656
2.427222
2.428005
2.427115
2.427087
2.427393
2.427709
2.427803
2.427673
2.427765
2.427450
2.428561
2.427691
2.427702
2.427889
2.427941
2.428384
2.428089
2.427789
2.427861
2.428401
2.428500
2.428312
2.427949
2.428080
2.428321
2.427970
2.428021
2.427402
2.428536
2.427845
2.428033
2.427852
2.427093
2.427397
2.427700
2.427704
2.426087
2.426900
2.426749
2.426123
2.426709
2.426812
2.426661
2.426961
2.427046
2.426695
2.427394
2.427544
2.427239
2.426887
2.426758
2.427889
2.427133
2.427348
2.427238
2.427745
2.427549
2.427473
2.427582
2.427254
2.428100
2.427472
2.427405
2.427535
2.427426
2.428105
2.427671
2.427476
2.426874
2.427623
2.426931
2.427074
2.426459
2.427161
2.426698
2.427002
2.426583
2.426283
2.427492
2.427045
2.426839
2.427034
2.426620
2.427767
2.427408
2.427527
2.427121
2.427880
2.427756
2.427529
2.427444
2.427368
2.428080
2.427265
2.427481
2.427438
2.427365
2.427896
2.427294
2.427568
2.426971
2.427864
2.427262
2.427303
2.427254
2.427136
2.427301
2.426655
2.426690
2.426341
2.427412
2.426312
2.426407
2.426610
2.426662
2.427260
2.426610
2.426871
2.426525
2.427310
2.427044
2.427026
2.427230
2.426878
2.427440
2.426946
2.427037
2.427041
2.427625
2.427450
2.427229
2.427248
2.427161
2.427877
2.427261
2.427537
2.426761
2.426659
2.427355
2.427437
2.427473
2.427431
2.428007
2.427254
2.426924
2.426875
2.426800
2.427062
2.426750
2.426204
2.426309
2.427189
2.426780
2.426428
2.426621
2.426634
2.427213
2.427011
2.426962
2.426654
2.427649
2.427504
2.428241
2.427381
2.427123
2.428190
2.427243
2.425662
2.425898
2.426233
2.425839
2.425058
2.426748
2.426715
2.426912
2.426425
2.426996
2.426205
2.427410
2.426869
2.426060
2.425950
2.426719
2.427287
2.427238
2.427432
2.426382
2.427667
2.427216
2.427229
2.427344
2.427104
2.428065
2.427330
2.427450
2.427312
2.427703
2.428146
2.428329
2.427108
2.427536
2.428203
2.428203
2.427750
2.427926
2.428069
2.428279
2.428051
2.427986
2.428104
2.428312
2.427224
2.426386
2.427409
2.427620
2.428790
2.427845
2.427894
2.427513
2.427858
2.427594
2.427211
2.427410
2.427282
2.427684
2.428011
2.427448
2.427414
2.427750
2.427695
2.427609
2.427497
2.427353
2.427914
2.428045
2.428055
2.427525
2.427704
2.428432
2.427995
2.427980
2.427689
2.428725
2.428402
2.427396
2.427064
2.426516
2.426283
2.426555
2.427552
2.427612
2.428811
2.427575
2.428311
2.428076
2.427735
2.428346
2.427577
2.427182
2.426992
2.427753
2.427204
2.426846
2.427232
2.427108
2.427965
2.427686
2.426890
2.427195
2.427971
2.427661
2.427810
2.427484
2.427370
2.428261
2.427631
2.427825
2.427337
2.427899
2.428026
2.427814
2.428034
2.427362
2.428549
2.427686
2.427878
2.428049
2.428077
2.428518
2.427791
2.427631
2.427681
2.428138
2.427862
2.427728
2.427469
2.427217
2.427040
2.426915
2.426850
2.426665
2.427490
2.426864
2.427140
2.426903
2.427046
2.427763
2.427430
2.427175
2.427086
2.428205
2.427946
2.426594
2.426213
2.426021
2.426980
2.425381
2.427326
2.427364
2.428013
2.428169
2.427798
2.427883
2.427137
2.427815
2.427564
2.427692
2.427465
2.427367
2.427630
2.427481
2.427134
2.427063
2.427378
2.426749
2.427090
2.426960
2.426975
2.427072
2.426973
2.426941
2.426715
2.427518
2.426964
2.427239
2.427305
2.427440
2.428343
2.427143
2.427434
2.427396
2.428231
2.427803
2.427547
2.427551
2.427116
2.428012
2.427496
2.427351
2.427133
2.428027
2.427647
2.427557
2.427528
2.427453
2.427906
2.427745
2.427821
2.427112
2.427569
2.427194
2.426916
2.427053
2.426354
2.427626
2.426940
2.426774
2.426721
2.427388
2.427292
2.425538
2.425941
2.425185
2.425336
2.426575
2.427881
2.426780
2.427040
2.427400
2.427402
2.427424
2.427194
2.428188
2.427774
2.427616
2.427688
2.427690
2.428334
2.428015
2.427241
2.427259
2.427906
2.427695
2.427541
2.427374
2.427088
2.427692
2.427335
2.426919
2.426627
2.427518
2.427002
2.427092
2.426925
2.426531
2.427689
2.426947
2.427102
2.426681
2.427270
2.427453
2.427137
2.427512
2.427126
2.427706
2.427416
2.427332
2.427470
2.427061
2.428015
2.427561
2.427516
2.427515
2.428058
2.427347
2.427777
2.427459
2.427745
2.428247
2.427947
2.427587
2.427816
2.428219
2.428035
2.427163
2.427078
2.427244
2.428163
2.426409
2.425805
2.425822
2.425643
2.426677
2.427534
2.426937
2.427306
2.428013
2.427812
2.427534
2.427723
2.428147
2.428178
2.427777
2.427970
2.427537
2.428662
2.428291
2.428169
2.428337
2.428313
2.428707
2.428392
2.428399
2.427824
2.428819
2.428908
2.428392
2.428350
2.427817
2.428712
2.428282
2.428221
2.427547
2.428462
2.427826
2.427986
2.427542
2.427570
2.428612
2.427875
2.427942
2.428001
2.428771
2.428616
2.428311
2.428681
2.428524
2.429336
2.429511
2.428821
2.429149
2.429370
2.428861
2.428915
2.428792
2.428712
2.429720
2.429574
2.429523
2.429256
2.428639
2.429839
2.428901
2.428582
2.429059
2.429760
2.429792
2.429869
2.429304
2.429156
2.429750
2.429292
2.429233
2.430090
2.429270
2.429864
2.429801
2.430316
2.430172
2.431421
2.430862
2.430830
2.430723
2.431377
2.431816
2.431621
2.431740
2.431977
2.432691
2.432095
2.433035
2.432324
2.433589
2.434563
2.433329
2.433991
2.433566
2.434288
2.434151
2.433937
2.434546
2.434880
2.435175
2.434546
2.435009
2.434468
2.436132
2.436312
2.435613
2.435200
2.435991
2.437058
2.436626
2.437445
2.436591
2.437434
2.438430
2.437726
2.438285
2.438231
2.438627
2.438905
2.438788
2.438558
2.439546
2.439604
2.439806
2.440431
2.440147
2.441257
2.440871
2.441303
2.441706
2.441902
2.441964
2.442129
2.441980
2.442382
2.443362
2.442800
2.443142
2.443473
2.443629
2.443733
2.443851
2.443500
2.443421
2.444389
2.443992
2.444385
2.444506
2.444929
2.445346
2.445182
2.445130
2.445403
2.446378
2.446403
2.446919
2.446833
2.447214
2.448242
2.447828
2.448160
2.448268
2.449359
2.449191
2.449204
2.449263
2.450114
2.450622
2.450452
2.450509
2.450106
2.451743
2.451326
2.451247
2.451394
2.451674
2.452679
2.452123
2.452348
2.452173
2.452551
2.452729
2.452804
2.452737
2.453046
2.453809
2.453641
2.453771
2.454016
2.454433
2.454597
2.454827
2.454967
2.455004
2.456273
2.456318
2.456443
2.456816
2.456627
2.457442
2.457219
2.457275
2.457011
2.458497
2.458260
2.458143
2.458464
2.458782
2.459425
2.459553
2.459219
2.459440
2.460046
2.460427
2.460305
2.460151
2.460334
2.460932
2.460420
2.460257
2.460304
2.460989
2.461333
2.461398
2.461501
2.461476
2.462633
2.462461
2.462379
2.462410
2.462867
2.463309
2.463745
2.463683
2.463861
2.464641
2.464694
2.464998
2.464965
2.465214
2.465865
2.465945
2.465876
2.465748
2.467210
2.466122
2.466167
2.466138
2.466606
2.465216
2.464700
2.464845
2.464845
2.465243
2.465551
2.465920
2.466109
2.466834
2.467541
2.466399
2.466390
2.466503
2.468161
2.467346
2.467071
2.467266
2.466869
2.468728
2.468614
2.468742
2.469016
2.469282
2.469574
2.469276
2.469718
2.469224
2.470390
2.470053
2.469957
2.469931
2.470449
2.470600
2.470988
2.470824
2.470176
2.471473
2.470766
2.470849
2.470748
2.471331
2.471621
2.470721
2.470399
2.469843
2.471043
2.470349
2.470537
2.470488
2.470235
2.471142
2.470803
2.470614
2.470548
2.471417
2.471291
2.471066
2.471254
2.471483
2.472239
2.471772
2.471784
2.471508
2.472401
2.472084
2.471999
2.471977
2.471749
2.472312
2.472391
2.471979
2.472031
2.472433
2.472019
2.471454
2.471830
2.471805
2.472641
2.472117
2.471659
2.471792
2.471068
2.472054
2.471642
2.471833
2.471750
2.472533
2.471859
2.471707
2.471637
2.471475
2.472087
2.471460
2.471696
2.471617
2.472653
2.472137
2.472025
2.472056
2.471624
2.472748
2.472106
2.471722
2.471972
2.472175
2.472249
2.472145
2.471992
2.472069
2.472166
2.472005
2.471941
2.471786
2.472182
2.472302
2.471989
2.471896
2.471662
2.472169
2.471315
2.471508
2.471108
2.471023
2.471792
2.471396
2.471119
2.471034
2.472234
2.471425
2.471565
2.471380
2.471440
2.472311
2.471863
2.471783
2.471600
2.472240
2.472345
2.471963
2.472083
2.472075
2.472626
2.471901
2.472008
2.471873
2.472789
2.472189
2.472219
2.472325
2.471884
2.472524
2.472122
2.472088
2.472039
2.472228
2.472001
2.471551
2.471862
2.471588
2.472211
2.471309
2.471548
2.471508
2.471990
2.472301
2.472028
2.472087
2.471774
2.472702
2.472274
2.472394
2.472499
2.472526
2.472804
2.472793
2.472234
2.472493
2.472755
2.470545
2.470478
2.470405
2.470382
2.470757
2.472138
2.472003
2.472348
2.472883
2.473291
2.472338
2.472284
2.472060
2.472882
2.472044
2.473401
2.473137
2.473716
2.473655
2.472266
2.473093
2.472824
2.473851
2.473199
2.472664
2.473022
2.473853
2.473642
2.473374
2.473179
2.473660
2.473993
2.474008
2.473970
2.473577
2.474025
2.474430
2.473751
2.473794
2.473783
2.474574
2.474275
2.474186
2.474248
2.473738
2.474343
2.474258
2.473862
2.473746
2.474561
2.473977
2.473829
2.473386
2.473215
2.473838
2.473470
2.473065
2.472608
2.474011
2.473642
2.473720
2.473504
2.473424
2.473850
2.473538
2.473536
2.473437
2.474065
2.474210
2.473581
2.473882
2.473434
2.474514
2.473922
2.473929
2.474285
2.473167
2.473350
2.472434
2.472259
2.472935
2.473592
2.474079
2.474636
2.473991
2.474395
2.474772
2.474245
2.473770
2.473628
2.474260
2.473445
2.473456
2.473345
2.472766
2.474113
2.473521
2.473692
2.473152
2.473937
2.473332
2.473410
2.473536
2.473813
2.474317
2.473939
2.473852
2.473645
2.474656
2.474459
2.474306
2.474179
2.473902
2.475017
2.474575
2.474660
2.474594
2.474777
2.474894
2.474425
2.474551
2.473636
2.474990
2.474141
2.474437
2.474004
2.474095
2.474146
2.473795
2.473267
2.473064
2.474052
2.473569
2.473328
2.473342
2.473526
2.473937
2.473895
2.473686
2.473565
2.474659
2.474056
2.474278
2.473843
2.472355
2.472889
2.471739
2.472356
2.472155
2.474276
2.474446
2.474404
2.474332
2.473899
2.474920
2.474378
2.474186
2.474497
2.474443
2.474270
2.474042
2.474068
2.473727
2.474697
2.473970
2.473451
2.473283
2.473389
2.473630
2.473201
2.473477
2.473112
2.473893
2.473692
2.473360
2.473546
2.473498
2.474214
2.473900
2.473882
2.473441
2.474153
2.473894
2.473918
2.474240
2.474174
2.474664
2.474353
2.474316
2.473760
2.474713
2.474480
2.474632
2.473957
2.474066
2.474699
2.474096
2.473996
2.473885
2.474542
2.474091
2.474096
2.473617
2.473134
2.473944
2.473519
2.473472
2.472965
2.473134
2.472115
2.471928
2.471776
2.471146
2.471917
2.472110
2.472372
2.472240
2.472981
2.473634
2.473612
2.473536
2.473327
2.474076
2.473695
2.473691
2.473518
2.473381
2.474067
2.473919
2.473909
2.473413
2.474157
2.473746
2.473665
2.474034
2.473420
2.474591
2.473930
2.473296
2.473422
2.473907
2.473356
2.473122
2.473042
2.472002
2.473508
2.473102
2.473300
2.472943
2.473584
2.473554
2.473257
2.473289
2.472882
2.474035
2.474055
2.473990
2.473671
2.473640
2.474071
2.474065
2.473940
2.473537
2.474443
2.474290
2.473894
2.473956
2.474017
2.474349
2.473651
2.473923
2.473729
2.474579
2.474277
2.473828
2.473599
2.473508
2.474601
2.472650
2.471510
2.471296
2.471880
2.471312
2.472071
2.472494
2.472388
2.473769
2.473018
2.473190
2.472945
2.473425
2.473309
2.473308
2.473308
2.473390
2.473990
2.473568
2.473475
2.473624
2.473673
2.473869
2.473412
2.473702
2.473333
2.474434
2.473611
2.473797
2.473903
2.473571
2.474170
2.473942
2.473873
2.473500
2.474104
2.473544
2.473326
2.472968
2.472667
2.473911
2.472399
2.473210
2.472548
2.473606
2.473110
2.473012
2.473059
2.472594
2.473519
2.473367
2.473114
2.473307
2.473752
2.474115
2.473691
2.473545
2.473716
2.474390
2.473599
2.473621
2.473910
2.474137
2.474023
2.473927
2.473651
2.474166
2.474154
2.472373
2.472405
2.471248
2.472194
2.473251
2.473180
2.473314
2.472817
2.473582
2.473161
2.472795
2.473176
2.472647
2.473536
2.472672
2.472827
2.472709
2.473707
2.473257
2.472836
2.473344
2.473387
2.473962
2.473440
2.473305
2.473249
2.473772
2.473407
2.473508
2.474214
2.473413
2.474045
2.473784
2.473770
2.473626
2.473910
2.474135
2.473695
2.473695
2.473525
2.474709
2.472569
2.473441
2.473267
2.473411
2.473530
2.473159
2.472749
2.472226
2.473182
2.472683
2.472799
2.472790
2.472655
2.472971
2.472744
2.473013
2.472553
2.473606
2.473468
2.473421
2.473795
2.473571
2.473946
2.473676
2.473798
2.473539
2.472815
2.472614
2.471830
2.472529
2.471771
2.472953
2.473142
2.473537
2.473390
2.473971
2.473638
2.473614
2.473709
2.473321
2.473712
2.473063
2.472636
2.473025
2.472757
2.473270
2.472970
2.472774
2.472706
2.473245
2.473074
2.472809
2.472815
2.473167
2.473526
2.473134
2.473478
2.472794
2.473720
2.473018
2.473261
2.473071
2.473046
2.473736
2.473645
2.473481
2.473263
2.474340
2.473711
2.473847
2.473341
2.473433
2.474151
2.473464
2.473273
2.473599
2.473550
2.473495
2.472773
2.472449
2.472820
2.473082
2.472417
2.472879
2.472417
2.472880
2.472886
2.472765
2.472992
2.472593
2.473395
2.473003
2.473177
2.472021
2.471857
2.471974
2.470977
2.472135
2.471440
2.472078
2.472155
2.473286
2.473506
2.473437
2.473786
2.473398
2.473189
2.472835
2.473579
2.473105
2.472904
2.472833
2.472956
2.473603
2.473020
2.472619
2.472360
2.472586
2.472562
2.472352
2.472441
2.472342
2.472876
2.472456
2.473035
2.471216
2.472483
2.472621
2.472664
2.472677
2.472634
2.473505
2.473135
2.472986
2.472918
2.472888
2.473390
2.473326
2.473031
2.473097
2.473624
2.473245
2.472926
2.473136
2.473100
2.474115
2.473080
2.473367
2.473031
2.473980
2.473425
2.473110
2.472998
2.472632
2.473065
2.472507
2.472651
2.471414
2.472503
2.472720
2.472922
2.471634
2.471402
2.471565
2.470770
2.470226
2.471782
2.473128
2.473188
2.472843
2.472705
2.472964
2.473484
2.473516
2.473462
2.473301
2.473261
2.473472
2.472937
2.473283
2.472873
2.473745
2.473018
2.473018
2.472886
2.472916
2.473321
2.473013
2.473158
2.472397
2.473299
2.472911
2.472182
2.472407
2.472215
2.472694
2.472430
2.472365
2.472057
2.472941
2.472160
2.472257
2.472425
2.472287
2.473015
2.472731
2.472421
2.472600
2.473219
2.472838
2.472839
2.472675
2.472503
2.473361
2.473015
2.472798
2.473001
2.473387
2.473649
2.472905
2.473150
2.472579
2.473574
2.473077
2.472980
2.472999
2.472911
2.473406
2.471650
2.471072
2.470874
2.471678
2.471547
2.471552
2.471695
2.471725
2.472065
2.471601
2.471697
2.471244
2.472249
2.471759
2.471818
2.472198
2.471709
2.472818
2.472433
2.472020
2.472160
2.472738
2.472517
2.472616
2.472481
2.472499
2.473013
2.472643
2.472405
2.472150
2.472391
2.472844
2.472311
2.472152
2.472191
2.472981
2.472060
2.471909
2.471700
2.471300
2.472185
2.471482
2.471387
2.471109
2.471923
2.471458
2.471286
2.471375
2.471380
2.472011
2.471491
2.471749
2.471404
2.472213
2.471985
2.471914
2.472044
2.471848
2.472441
2.472050
2.472172
2.471972
2.472958
2.472770
2.472458
2.472358
2.472063
2.473056
2.472773
2.472661
2.472311
2.472929
2.472641
2.472406
2.472395
2.472113
2.472202
2.471746
2.471755
2.470956
2.471045
2.471969
2.471660
2.471964
2.471359
2.472035
2.471818
2.471707
2.471617
2.471871
2.472526
2.472385
2.472301
2.471794
2.472850
2.472367
2.472618
2.472579
2.472596
2.472829
2.472455
2.472478
2.472519
2.473132
2.472519
2.472382
2.472272
2.472084
2.472646
2.472217
2.472159
2.472146
2.472252
2.471896
2.471785
2.471676
2.470967
2.472342
2.471349
2.471477
2.471521
2.471934
2.472144
2.471547
2.471781
2.471632
2.472526
2.471683
2.472094
2.472289
2.469215
2.469581
2.469568
2.469636
2.468749
2.471194
2.471702
2.472059
2.471777
2.471879
2.472103
2.471791
2.471446
2.471397
2.471929
2.472560
2.472382
2.472303
2.471918
2.471995
2.471708
2.472003
2.471493
2.472190
2.471242
2.471367
2.471399
2.471194
2.472410
2.471123
2.470595
2.471240
2.471659
2.472041
2.471494
2.471437
2.471502
2.472842
2.471615
2.470985
2.471193
2.471107
2.471533
2.471848
2.471160
2.471089
2.471986
2.471568
2.471186
2.471393
2.471189
2.471535
2.471443
2.470915
2.470828
2.472002
2.471235
2.471160
2.470755
2.470344
2.470922
2.470468
2.470244
2.470518
2.471220
2.471185
2.470659
2.471174
2.470706
2.471372
2.470530
2.470861
2.470047
2.472318
2.471931
2.472537
2.472599
2.472526
2.473782
2.471441
2.471392
2.471238
2.471465
2.472783
2.473101
2.473343
2.472370
2.473636
2.473281
2.473237
2.473423
2.473361
2.473648
2.473015
2.472918
2.472475
2.473003
2.472389
2.472232
2.472536
2.472569
2.472880
2.472740
2.472323
2.472227
2.472816
2.472685
2.472400
2.472437
2.472262
2.473414
2.472820
2.472672
2.472696
2.473780
2.473552
2.473127
2.473293
2.473087
2.473987
2.473450
2.473155
2.473250
2.473367
2.473450
2.473359
2.473224
2.472953
2.473753
2.473037
2.473185
2.472934
2.472956
2.472993
2.472521
2.472553
2.471794
2.472972
2.472438
2.472475
2.472256
2.472560
2.472811
2.472486
2.472417
2.472280
2.473342
2.471541
2.471139
2.470939
2.470250
2.472879
2.472725
2.472476
2.472539
2.473448
2.473180
2.472820
2.473305
2.473094
2.473849
2.473056
2.473314
2.472898
2.473375
2.473330
2.472888
2.473239
2.473060
2.473436
2.472644
2.472385
2.472295
2.472566
2.472596
2.472390
2.472492
2.472470
2.473140
2.472495
2.472532
2.472544
2.472533
2.472900
2.472724
2.472751
2.472734
2.473475
2.473254
2.472858
2.473102
2.473217
2.473837
2.473012
2.473270
2.473263
2.473905
2.473457
2.473389
2.472911
2.473087
2.473886
2.473149
2.472876
2.472792
2.473586
2.473158
2.472768
2.472481
2.472229
2.473199
2.472042
2.470451
2.470986
2.470213
2.471207
2.471245
2.472184
2.472366
2.473468
2.472499
2.472795
2.472693
2.473239
2.472363
2.472992
2.473240
2.472536
2.473480
2.472892
2.472740
2.473065
2.473246
2.473460
2.473118
2.473021
2.472878
2.472423
2.472646
2.473032
2.473181
2.473004
2.473873
2.472987
2.473027
2.472353
2.472698
2.472259
2.472069
2.472156
2.472027
2.472581
2.472419
2.472345
2.472000
2.472349
2.472541
2.472114
2.472602
2.472305
2.473440
2.472797
2.472820
2.472878
2.473067
2.472978
2.472857
2.473134
2.473167
2.473847
2.473249
2.473114
2.473176
2.473066
2.473582
2.472939
2.472836
2.472692
2.474108
2.472600
2.471306
2.471361
2.470648
2.470996
2.471551
2.471923
2.471616
2.472860
2.471992
2.472025
2.472053
2.471917
2.472729
2.472107
2.472231
2.472006
2.472815
2.472566
2.473012
2.472264
2.472551
2.473382
2.472791
2.472801
2.472891
2.473219
2.473682
2.473086
2.473107
2.472857
2.473815
2.473276
2.473134
2.473214
2.473240
2.473732
2.473401
2.473154
2.473082
2.473528
2.473124
2.472893
2.472260
2.472341
2.473085
2.472062
2.472324
2.472219
2.473046
2.472559
2.472421
2.472237
2.472599
2.473166
2.472948
2.472841
2.472420
2.473044
2.473366
2.472673
2.472937
2.472780
2.473485
2.473162
2.472909
2.473363
2.472923
2.471883
2.471719
2.471564
2.470868
2.472425
2.471795
2.471411
2.472708
2.472994
2.473379
2.472872
2.472479
2.472237
2.472670
2.471917
2.472393
2.472159
2.472054
2.472602
2.472036
2.472206
2.472087
2.472866
2.472271
2.472715
2.472587
2.472261
2.473240
2.473025
2.472429
2.472551
2.473408
2.473197
2.472991
2.472925
2.473060
2.473816
2.473402
2.473114
2.472765
2.473561
2.473574
2.473220
2.473285
2.472898
2.473766
2.473050
2.473218
2.471877
2.472478
2.472673
2.472689
2.471559
2.472127
2.472823
2.472476
2.472280
2.472489
2.472520
2.472839
2.472610
2.472564
2.472063
2.473365
2.472940
2.472838
2.472265
2.472743
2.473621
2.473556
2.471304
2.471717
2.472120
2.471966
2.471176
2.473399
2.472062
2.473335
2.472928
2.473068
2.472507
2.473162
2.472935
2.472854
2.473062
2.472814
2.473095
2.472532
2.472337
2.471840
2.472256
2.472436
2.472163
2.472405
2.472203
2.472991
2.472493
2.472340
2.472363
2.472605
2.473040
2.472851
2.472510
2.472449
2.473209
2.472978
2.472928
2.473083
2.472870
2.473443
2.473201
2.472903
2.472778
2.473732
2.473525
2.473278
2.473565
2.473335
2.474067
2.473158
2.473214
2.472817
2.473524
2.473047
2.472528
2.472549
2.472118
2.473202
2.472557
2.472480
2.472187
2.472622
2.472798
2.472597
2.472448
2.472662
2.472767
2.471102
2.471244
2.471203
2.471304
2.471986
2.471776
2.472982
2.472486
2.473536
2.472950
2.473292
2.472734
2.473443
2.473509
2.473382
2.472650
2.472636
2.473469
2.473092
2.472900
2.472941
2.473009
2.473291
2.473078
2.472595
2.472273
2.472863
2.472705
2.472270
2.472644
2.472446
2.472916
2.472528
2.472543
2.472197
2.473038
2.472842
2.472456
2.472606
2.472743
2.473212
2.473131
2.473172
2.472797
2.473378
2.473480
2.472943
2.473066
2.473122
2.473553
2.473553
2.473295
2.473261
2.473667
2.473793
2.473188
2.473316
2.473255
2.473728
2.473299
2.473354
2.472688
2.472724
2.473323
2.472543
2.473035
2.471387
2.471913
2.471523
2.471111
2.470500
2.471745
2.472585
2.472861
2.472693
2.471952
2.473244
2.472708
2.473175
2.473093
2.472456
2.473772
2.473458
2.473395
2.472990
2.473612
2.473682
2.473354
2.473558
2.472844
2.473668
2.473393
2.473329
2.473477
2.473612
2.472351
2.472094
2.471465
2.472053
2.473006
2.472059
2.472611
2.472041
2.471431
2.472773
2.472268
2.472270
2.472091
2.472886
2.472638
2.472305
2.472371
2.472096
2.473028
2.472548
2.473013
2.472654
2.472827
2.472777
2.472610
2.472422
2.472283
2.473429
2.472869
2.472903
2.472773
2.473105
2.472861
2.472876
2.473040
2.472813
2.473931
2.473426
2.471524
2.472292
2.471081
2.472022
2.470395
2.471830
2.471220
2.472575
2.471926
2.471855
2.471880
2.471988
2.472598
2.472059
2.472066
2.472099
2.473063
2.472782
2.472312
2.472557
2.472733
2.473568
2.473143
2.472470
2.472724
2.472950
2.473102
2.473068
2.472745
2.472829
2.473299
2.472956
2.473035
2.472200
2.473105
2.473071
2.472764
2.472641
2.472236
2.473016
2.472434
2.472388
2.471771
2.472130
2.472239
2.472534
2.472266
2.471780
2.472580
2.471988
2.472331
2.471712
2.472119
2.472114
2.472427
2.472120
2.472283
2.472667
2.472463
2.472414
2.472240
2.472430
2.472975
2.472445
2.472788
2.472792
2.472851
2.472199
2.471410
2.471685
2.471527
2.472457
2.472370
2.471843
2.471861
2.472407
2.472438
2.471902
2.471700
2.471232
2.472059
2.471479
2.471067
2.470930
2.471246
2.471573
2.471001
2.470973
2.470875
2.471928
2.471693
2.471055
2.471718
2.471292
2.471613
2.471520
2.471788
2.471346
2.472346
2.472080
2.472078
2.471935
2.472321
2.472267
2.472286
2.472352
2.471767
2.472436
2.472138
2.471850
2.472008
2.472206
2.472399
2.471793
2.471860
2.471628
2.472133
2.471566
2.471158
2.471032
2.471219
2.471581
2.471119
2.471140
2.470797
2.471699
2.471321
2.471182
2.471229
2.470849
2.472229
2.471554
2.471249
2.471276
2.471698
2.472047
2.471955
2.471470
2.471638
2.472250
2.472234
2.471802
2.472022
2.471953
2.471985
2.472265
2.471970
2.471654
2.472695
2.472057
2.472156
2.471976
2.471647
2.471958
2.471407
2.470499
2.470793
2.471568
2.471575
2.470837
2.471129
2.471001
2.471549
2.471306
2.471008
2.471265
2.471672
2.471374
2.471321
2.470846
2.471305
2.472081
2.471592
2.471921
2.471551
2.472169
2.472114
2.471923
2.471834
2.471621
2.472590
2.472026
2.471318
2.471419
2.471853
2.471766
2.471722
2.471613
2.471501
2.472251
2.471433
2.471309
2.470707
2.470957
2.470654
2.470696
2.471113
2.468570
2.469140
2.468033
2.468686
2.468007
2.469339
2.470762
2.470648
2.470323
2.470618
2.471164
2.470970
2.470203
2.469997
2.470911
2.472813
2.471603
2.472073
2.472219
2.472558
2.472219
2.472433
2.472084
2.471995
2.472918
2.472544
2.472504
2.472373
2.472630
2.472644
2.472301
2.472170
2.471681
2.472457
2.471568
2.471560
2.471734
2.471716
2.472212
2.471258
2.471198
2.471279
2.472107
2.471651
2.471588
2.471752
2.471501
2.472273
2.471818
2.471646
2.471811
2.472848
2.472172
2.472239
2.472259
2.472389
2.473070
2.472340
2.472652
2.472047
2.472466
2.472384
2.472292
2.471988
2.471936
2.472632
2.472255
2.472233
2.472150
2.472054
2.472054
2.471676
2.471531
2.471486
2.471910
2.471828
2.471398
2.469909
2.470216
2.470213
2.469655
2.471023
2.471028
2.472160
2.471987
2.472149
2.472001
2.472054
2.472132
2.471954
2.471727
2.472066
2.472606
2.472361
2.472021
2.472054
2.472188
2.472624
2.472802
2.472214
2.471819
2.472732
2.472399
2.472260
2.471930
2.471918
2.472233
2.471574
2.471474
2.471224
2.471223
2.471592
2.471169
2.471129
2.471001
2.471988
2.471513
2.471463
2.471229
2.471571
2.471870
2.471825
2.471663
2.471496
2.472175
2.471809
2.471960
2.471834
2.472086
2.472135
2.471975
2.471858
2.471812
2.472621
2.472026
2.472025
2.472034
2.471698
2.472060
2.471907
2.471537
2.471700
2.472486
2.472059
2.470419
2.469817
2.469406
2.469051
2.469836
2.471275
2.469852
2.471426
2.471489
2.471014
2.471460
2.470846
2.471790
2.471588
2.471380
2.471046
2.471458
2.472396
2.471412
2.471487
2.471475
2.471936
2.471812
2.471858
2.471850
2.471850
2.472075
2.471990
2.471873
2.471897
2.472429
2.471744
2.472122
2.471886
2.471881
2.472304
2.471696
2.471073
2.470850
2.471377
2.471166
2.470924
2.470890
2.471013
2.471598
2.471020
2.470867
2.470864
2.471387
2.471114
2.470811
2.471376
2.470923
2.471823
2.471455
2.471417
2.471112
2.471722
2.471858
2.472056
2.471755
2.471467
2.472010
2.471774
2.471935
2.471818
2.471890
2.470350
2.470428
2.469742
2.469213
2.470818
2.470867
2.471738
2.471391
2.470917
2.471556
2.470258
2.470269
2.470977
2.471300
2.471246
2.470646
2.470755
2.470712
2.471304
2.470998
2.470489
2.470706
2.471333
2.471158
2.471226
2.470944
2.471092
2.471606
2.471154
2.471132
2.470724
2.471551
2.471669
2.471729
2.471597
2.471008
2.472121
2.471962
2.471609
2.471765
2.471452
2.472131
2.471529
2.471633
2.471169
2.471765
2.470987
2.471032
2.471006
2.470998
2.471344
2.470344
2.471032
2.470903
2.471902
2.470899
2.471056
2.471035
2.470789
2.471817
2.470937
2.471254
2.471123
2.472128
2.471834
2.471080
2.471457
2.471427
2.471953
2.472420
2.470350
2.470673
2.470602
2.470770
2.469501
2.470839
2.471107
2.471874
2.471498
2.471547
2.471062
2.471329
2.471418
2.471403
2.470728
2.470595
2.470905
2.470263
2.470469
2.470750
2.470746
2.471009
2.470942
2.470735
2.470697
2.471227
2.471114
2.471173
2.471332
2.471322
2.471966
2.471222
2.471371
2.470847
2.471994
2.471196
2.471553
2.471831
2.471582
2.471699
2.470791
2.470769
2.470672
2.471154
2.471220
2.470983
2.470725
2.470645
2.470901
2.469950
2.469809
2.469296
2.469748
2.469850
2.469510
2.469373
2.469260
2.470412
2.469191
2.469649
2.469238
2.469255
2.469559
2.469246
2.469961
2.469316
2.469958
2.470369
2.469640
2.469630
2.469850
2.470164
2.469878
2.469720
2.469852
2.469919
2.469171
2.470534
2.471084
2.470264
2.470403
2.470688
2.469929
2.469684
2.470095
2.469724
2.470137
2.469975
2.469596
2.469430
2.469042
2.469849
2.469739
2.470778
2.470226
2.469391
2.470143
2.470368
2.470663
2.470585
2.469940
2.470496
2.470906
2.470716
2.470607
2.470487
2.470168
2.470586
2.470459
2.469765
2.470089
2.470650
2.471454
2.471008
2.470664
2.470319
2.471033
2.470452
2.470974
2.470469
2.470568
2.471395
2.470958
2.470903
2.470692
2.471128
2.470137
2.469953
2.469667
2.469073
2.470610
2.469955
2.469980
2.469755
2.470290
2.470128
2.470005
2.469817
2.469957
2.470336
2.470437
2.470158
2.470217
2.470666
2.470349
2.470059
2.470492
2.470186
2.471006
2.470661
2.470766
2.470626
2.470802
2.471119
2.470295
2.470617
2.470385
2.471028
2.470660
2.470420
2.470745
2.470452
2.470732
2.470312
2.469925
2.469556
2.470410
2.469786
2.469755
2.469206
2.469433
2.470092
2.469761
2.469946
2.469574
2.470310
2.470304
2.470003
2.470091
2.470185
2.471061
2.470238
2.470127
2.469958
2.470813
2.470682
2.470297
2.470620
2.470040
2.470926
2.470673
2.470579
2.470579
2.470744
2.470955
2.470780
2.470445
2.470384
2.471159
2.470618
2.470257
2.469915
2.469814
2.470047
2.469864
2.469675
2.469427
2.470260
2.469836
2.469833
2.470014
2.469769
2.470416
2.469652
2.470267
2.469659
2.470597
2.470841
2.470590
2.470218
2.470128
2.470838
2.470728
2.470704
2.470575
2.471274
2.471062
2.470549
2.470618
2.469931
2.470794
2.470282
2.470710
2.470186
2.470475
2.470271
2.470832
2.468234
2.467712
2.467840
2.468188
2.468212
2.467632
2.468590
2.469525
2.469035
2.469001
2.469627
2.468811
2.468954
2.469119
2.468768
2.468719
2.469589
2.469255
2.469792
2.469453
2.470080
2.470215
2.469994
2.470086
2.469942
2.470626
2.470164
2.470352
2.470099
2.470955
2.470475
2.470539
2.470425
2.470179
2.471125
2.470301
2.470366
2.470293
2.470173
2.470036
2.469726
2.469376
2.469198
2.470257
2.469589
2.468845
2.468995
2.468912
2.469442
2.469369
2.469404
2.469244
2.469674
2.469482
2.469609
2.469839
2.469596
2.470244
2.469810
2.469993
2.469715
2.470745
2.469962
2.470228
2.470215
2.470042
2.470369
2.470095
2.469974
2.469916
2.470310
2.470333
2.470012
2.469902
2.469965
2.470540
2.470326
2.469891
2.469367
2.469870
2.469882
2.469838
2.469780
2.468916
2.470696
2.469866
2.470251
2.469600
2.470438
2.470593
2.470416
2.470407
2.470405
2.471340
2.471038
2.470667
2.470678
2.470778
2.471291
2.470824
2.470862
2.471265
2.471591
2.471229
2.470896
2.471535
2.471071
2.471657
2.470744
2.471048
2.470704
2.471841
2.471035
2.470896
2.470567
2.470675
2.470708
2.470616
2.470275
2.470059
2.470778
2.470235
2.470728
2.470204
2.470329
2.470602
2.470665
2.470470
2.470458
2.471043
2.471008
2.470851
2.471129
2.470721
2.471589
2.471242
2.470829
2.470951
2.471237
2.471367
2.471360
2.471169
2.470847
2.471666
2.471182
2.471098
2.471116
2.470917
2.471383
2.470959
2.470991
2.470582
2.471076
2.470226
2.470142
2.470173
2.470008
2.470655
2.470174
2.470297
2.469828
2.470673
2.470219
2.470008
2.470179
2.470231
2.470829
2.470300
2.470539
2.470323
2.470837
2.470776
2.470961
2.470736
2.470405
2.471367
2.470491
2.470543
2.470818
2.469441
2.469021
2.468297
2.468143
2.467461
2.469590
2.469997
2.470052
2.470232
2.469791
2.470716
2.469826
2.469483
2.469128
2.469031
2.469597
2.469391
2.470701
2.470669
2.471283
2.471052
2.470448
2.470334
2.471623
2.471176
2.471520
2.470136
2.469519
2.470796
2.471014
2.471479
2.471260
2.471995
2.471939
2.471864
2.471726
2.471287
2.472553
2.470830
2.471313
2.471302
2.471536
2.471629
2.471430
2.471514
2.471334
2.471933
2.471252
2.471097
2.470930
2.470666
2.471436
2.470348
2.470835
2.470489
2.471489
2.470971
2.470947
2.470830
2.470688
2.471525
2.471074
2.471244
2.470853
2.472153
2.471559
2.471389
2.471329
2.471116
2.472057
2.471431
2.471508
2.471390
2.472217
2.472216
2.471492
2.471585
2.471746
2.472555
2.471218
2.470246
2.470182
2.469909
2.470841
2.470229
2.470724
2.470913
2.471462
2.470756
2.471317
2.470616
2.471306
2.471228
2.470971
2.471073
2.471057
2.471541
2.471334
2.470931
2.471279
2.471287
2.472240
2.471315
2.471658
2.471319
2.472385
2.472104
2.471986
2.471916
2.471732
2.472690
2.472467
2.472134
2.471514
2.472643
2.472246
2.472128
2.472132
2.471810
2.472438
2.472109
2.471979
2.471493
2.471735
2.471563
2.471189
2.471243
2.471226
2.471749
2.471349
2.471264
2.471286
2.471569
2.471489
2.471144
2.471209
2.471334
2.472126
2.471404
2.471412
2.471736
2.471776
2.471762
2.471614
2.471860
2.471631
2.472922
2.471365
2.470566
2.470483
2.470018
2.470936
2.471288
2.471783
2.471833
2.472542
2.472204
2.471656
2.472106
2.471628
2.472113
2.471352
2.470919
2.471139
2.471895
2.471357
2.471473
2.471218
2.471097
2.471764
2.471411
2.471640
2.471002
2.471877
2.471598
2.471533
2.471862
2.471414
2.472119
2.471879
2.471862
2.472174
2.471473
2.472193
2.472309
2.472279
2.472049
2.472793
2.472064
2.472017
2.471841
2.471657
2.471994
2.472059
2.472010
2.471990
2.472554
2.471671
2.471851
2.471615
2.471192
2.471830
2.471455
2.471206
2.471088
2.471681
2.471559
2.471091
2.471128
2.471244
2.471985
2.472174
2.470744
2.470007
2.470713
2.470210
2.470103
2.470655
2.471531
2.472421
2.471678
2.471365
2.471756
2.472143
2.472252
2.472078
2.472177
2.471882
2.472886
2.472239
2.472329
2.471967
2.471986
2.472472
2.472064
2.471725
2.471503
2.471814
2.471576
2.471692
2.471147
2.471325
2.472003
2.471445
2.471567
2.471001
2.472113
2.471941
2.471468
2.471967
2.471587
2.472198
2.471886
2.471982
2.471635
2.472203
2.472516
2.471927
2.472324
2.471867
2.472877
2.472230
2.472066
2.472199
2.472160
2.472394
2.472062
2.471942
2.471738
2.472259
2.472429
2.471602
2.470599
2.470797
2.471123
2.469493
2.471750
2.471015
2.471468
2.471150
2.471851
2.469736
2.470282
2.470394
2.471423
2.471356
2.470999
2.472027
2.471867
2.471682
2.471806
2.471439
2.472168
2.471839
2.471777
2.471697
2.472360
2.472377
2.471989
2.471735
2.471578
2.472331
2.472296
2.472174
2.472150
2.472742
2.472659
2.472363
2.472051
2.471716
2.472656
2.471468
2.471546
2.471177
2.471683
2.472279
2.470996
2.471330
2.470779
2.472194
2.470363
2.471409
2.471513
2.471262
2.472082
2.471502
2.471853
2.472241
2.472449
2.472153
2.472282
2.472500
2.471983
2.472587
2.472309
2.472349
2.472235
2.472883
2.472572
2.472318
2.472036
2.472084
2.472646
2.472228
2.472095
2.472690
2.471449
2.471017
2.470191
2.471277
2.471077
2.472115
2.471879
2.471550
2.471588
2.472079
2.472033
2.471899
2.471446
2.471511
2.472253
2.471951
2.472015
2.471647
2.472341
2.472612
2.472021
2.472425
2.471676
2.472564
2.472283
2.472394
2.472700
2.472339
2.473010
2.472422
2.472326
2.472495
2.472998
2.472181
2.472670
2.472200
2.472429
2.472865
2.472541
2.472426
2.471740
2.472183
2.471601
2.472042
2.471457
2.470762
2.472039
2.471948
2.471334
2.471670
2.471884
2.471913
2.471383
2.471975
2.471664
2.472467
2.472174
2.471945
2.471886
2.472078
2.472549
2.472460
2.472494
2.472237
2.472908
2.472283
2.472605
2.471971
2.472073
2.471886
2.470712
2.471384
2.470640
2.472398
2.472238
2.472434
2.472323
2.471903
2.472531
2.471419
2.471142
2.471074
2.471443
2.471485
2.471314
2.471353
2.471282
2.471870
2.471399
2.471546
2.471380
2.471997
2.471414
2.471619
2.471926
2.471606
2.472251
2.471923
2.471753
2.471794
2.472234
2.472362
2.471942
2.471821
2.471443
2.472625
2.472220
2.472225
2.471610
2.471774
2.472340
2.471871
2.471863
2.471439
2.471860
2.471343
2.471036
2.470680
2.470776
2.471080
2.471073
2.470652
2.470397
2.470914
2.470723
2.470580
2.470319
2.470355
2.470618
2.470382
2.470209
2.470431
2.470697
2.470400
2.470542
2.470248
2.470278
2.471466
2.469946
2.468582
2.469080
2.468954
2.470651
2.469203
2.469324
2.469162
2.470019
2.469395
2.468724
2.468886
2.469082
2.468836
2.468435
2.467839
2.467094
2.468089
2.467443
2.467138
2.466720
2.466556
2.467285
2.466720
2.466471
2.466101
2.466757
2.466043
2.466010
2.466128
2.465937
2.465888
2.465550
2.465146
2.465079
2.465113
2.464983
2.464522
2.464519
2.464077
2.464524
2.464055
2.464384
2.464041
2.464072
2.463538
2.463298
2.462733
2.462338
2.463096
2.462304
2.461752
2.461386
2.460782
2.460932
2.460269
2.460149
2.459326
2.460194
2.459258
2.458988
2.458864
2.458567
2.458774
2.458401
2.458339
2.456061
2.457028
2.457007
2.456404
2.456935
2.456448
2.457235
2.456810
2.456528
2.456016
2.455992
2.455854
2.455196
2.455045
2.454557
2.454962
2.453994
2.454050
2.453414
2.453775
2.453471
2.452641
2.452416
2.452034
2.452276
2.451019
2.450920
2.450680
2.450703
2.450224
2.450140
2.449675
2.449124
2.449508
2.449191
2.448494
2.448589
2.447900
2.448530
2.448456
2.447820
2.447259
2.447624
2.446979
2.447113
2.446260
2.446358
2.446671
2.445961
2.446080
2.445252
2.445704
2.445458
2.444800
2.444356
2.444212
2.444593
2.443962
2.443479
2.443030
2.443203
2.442559
2.441880
2.441510
2.441055
2.441350
2.441242
2.440675
2.440466
2.440161
2.439314
2.438759
2.438523
2.438415
2.439310
2.437983
2.438204
2.438307
2.438124
2.438253
2.437568
2.437695
2.437028
2.437966
2.437024
2.436494
2.436376
2.436659
2.436378
2.436014
2.435508
2.435166
2.435703
2.434976
2.434533
2.434272
2.434130
2.434456
2.433463
2.432918
2.432218
2.433403
2.432770
2.432483
2.431881
2.431594
2.432352
2.431201
2.431077
2.431086
2.431260
2.431223
2.430902
2.430574
2.430549
2.430867
2.430551
2.430235
2.430209
2.430306
2.430112
2.429858
2.429859
2.429271
2.430060
2.428824
2.429236
2.428906
2.428860
2.428777
2.428166
2.428138
2.427906
2.428203
2.427768
2.427385
2.427306
2.426723
2.426851
2.426367
2.426004
2.426011
2.426044
2.425849
2.425999
2.425826
2.425382
2.426147
2.425430
2.425454
2.425113
2.425586
2.425721
2.425191
2.425107
2.424809
2.425765
2.425525
2.425117
2.425178
2.424980
2.424970
2.425120
2.425042
2.424720
2.425139
2.424445
2.424493
2.424221
2.424219
2.424673
2.424285
2.424098
2.423402
2.424239
2.422532
2.422834
2.423259
2.423344
2.423903
2.423392
2.423192
2.422886
2.423819
2.423653
2.423226
2.423322
2.423378
2.423846
2.423834
2.423818
2.423620
2.424197
2.424119
2.423738
2.424047
2.423760
2.424287
2.424842
2.422476
2.422380
2.422134
2.422580
2.421748
2.421474
2.423079
2.423851
2.423298
2.423790
2.423751
2.423580
2.423567
2.423066
2.422850
2.422758
2.424031
2.423679
2.423112
2.423126
2.423313
2.424124
2.423675
2.423419
2.423038
2.424384
2.423387
2.423368
2.423914
2.423473
2.424160
2.423856
2.423698
2.423810
2.424536
2.424017
2.424026
2.424439
2.423655
2.424048
2.424055
2.423757
2.424157
2.423663
2.423905
2.423906
2.423922
2.424189
2.423645
2.423213
2.422834
2.422519
2.422773
2.423157
2.422475
2.422629
2.422844
2.423350
2.422804
2.423146
2.422758
2.423059
2.423646
2.423548
2.423069
2.423212
2.424044
2.423769
2.423580
2.423672
2.423584
2.424333
2.423548
2.423236
2.423648
2.424248
2.423829
2.423793
2.423705
2.423524
2.424048
2.423974
2.424055
2.423327
2.423595
2.422960
2.422750
2.422748
2.422476
2.422783
2.421665
2.423118
2.423278
2.424008
2.423880
2.423705
2.423716
2.423561
2.424054
2.423676
2.423810
2.423611
2.423733
2.424602
2.424462
2.424405
2.424191
2.425082
2.424491
2.424448
2.424542
2.424716
2.424967
2.424700
2.424065
2.424269
2.425125
2.424286
2.424308
2.424321
2.424375
2.424935
2.424601
2.424761
2.423974
2.424853
2.423823
2.423815
2.424157
2.423856
2.424428
2.423735
2.423815
2.423934
2.424161
2.424124
2.424269
2.423757
2.424154
2.424478
2.424207
2.424210
2.424073
2.424411
2.425226
2.423540
2.423320
2.422771
2.422870
2.423654
2.424402
2.424157
2.424877
2.425597
2.424594
2.424447
2.424622
2.425095
2.424520
2.424341
2.424335
2.424026
2.424757
2.424058
2.423417
2.423323
2.424163
2.423719
2.423523
2.423669
2.423380
2.424513
2.423825
2.423906
2.423563
2.424427
2.424178
2.424307
2.424102
2.424268
2.424669
2.424467
2.424569
2.424249
2.424603
2.425036
2.424549
2.424240
2.424242
2.425020
2.424240
2.424508
2.424147
2.424511
2.424406
2.424244
2.424312
2.424063
2.424798
2.424114
2.423867
2.423776
2.423621
2.423917
2.423756
2.423694
2.423503
2.424217
2.423687
2.423602
2.423709
2.424130
2.423750
2.422279
2.422395
2.421972
2.423000
2.423029
2.422982
2.423720
2.423662
2.424684
2.424082
2.424766
2.423653
2.424347
2.424233
2.424165
2.424246
2.424216
2.424783
2.424360
2.424033
2.423774
2.424275
2.424391
2.424049
2.423842
2.423729
2.423798
2.423297
2.422985
2.423585
2.423441
2.424001
2.423720
2.423652
2.423167
2.424017
2.423533
2.423662
2.423550
2.423372
2.424235
2.423657
2.423837
2.423761
2.424446
2.424392
2.424297
2.424158
2.424011
2.424576
2.424536
2.424238
2.424234
2.424695
2.424349
2.424101
2.423719
2.423608
2.424332
2.424384
2.423756
2.423694
2.423570
2.423338
2.423357
2.423198
2.423695
2.423049
2.422168
2.421865
2.422860
2.423009
2.423590
2.423384
2.423245
2.423243
2.424064
2.423682
2.423489
2.423818
2.423277
2.424211
2.423913
2.423629
2.423492
2.424305
2.424297
2.423975
2.424085
2.423987
2.424988
2.424285
2.424223
2.424355
2.424304
2.424033
2.423797
2.423900
2.423465
2.424026
2.423378
2.423217
2.423000
2.423289
2.423829
2.423245
2.422950
2.423117
2.424116
2.423521
2.423397
2.423552
2.423655
2.423882
2.423769
2.423770
2.423886
2.424362
2.424027
2.424032
2.424299
2.424075
2.424377
2.424226
2.424139
2.423992
2.424784
2.424304
2.424108
2.424089
2.423640
2.424693
2.423783
2.423942
2.423623
2.424781
2.423703
2.421888
2.421548
2.421737
2.421945
2.422784
2.423291
2.423339
2.423573
2.423536
2.423737
2.423270
2.423345
2.424034
2.423913
2.423669
2.424209
2.424437
2.424343
2.423729
2.423998
2.423861
2.424356
2.424354
2.424169
2.423960
2.423920
2.424681
2.424557
2.424353
2.424222
2.424889
2.424315
2.424212
2.424201
2.424207
2.424498
2.424162
2.423967
2.423600
2.423835
2.423849
2.423409
2.423937
2.423717
2.424130
2.422642
2.423537
2.423400
2.424014
2.423745
2.423787
2.423213
2.423983
2.424609
2.424338
2.424167
2.424080
2.424438
2.424552
2.424346
2.424083
2.424010
2.424755
2.424545
2.423958
2.424614
2.424222
2.423278
2.422957
2.422436
2.421381
2.424260
2.424213
2.424151
2.423590
2.423528
2.423243
2.422837
2.423265
2.423019
2.423755
2.423638
2.423246
2.423125
2.423203
2.424178
2.423634
2.423345
2.424039
2.423376
2.423986
2.423810
2.423882
2.423741
2.424330
2.424090
2.423978
2.423914
2.424099
2.424423
2.424116
2.424024
2.423781
2.424817
2.424275
2.424062
2.423993
2.424299
2.424324
2.424256
2.424094
2.423659
2.424173
2.423428
2.423663
2.423841
2.423230
2.423999
2.423612
2.423509
2.423286
2.423854
2.423589
2.423645
2.423605
2.423580
2.424258
2.424040
2.423851
2.423940
2.424270
2.424236
2.424184
2.424498
2.423180
2.423255
2.422543
2.422497
2.423506
2.424134
2.424369
2.424101
2.424002
2.423750
2.424457
2.423919
2.423779
2.423778
2.424392
2.424170
2.423343
2.423362
2.422808
2.423830
2.423596
2.423669
2.423544
2.423263
2.424021
2.423628
2.423136
2.423124
2.424036
2.423961
2.423663
2.423998
2.423941
2.424555
2.423971
2.423718
2.423959
2.424386
2.424330
2.424246
2.424120
2.424401
2.424546
2.424467
2.424748
2.424216
2.424908
2.424595
2.424245
2.424100
2.424183
2.424555
2.424153
2.424268
2.423766
2.423916
2.424115
2.423705
2.423490
2.423620
2.424142
2.423800
2.423893
2.423746
2.424037
2.424424
2.424452
2.423428
2.422329
2.423223
2.423655
2.423863
2.424020
2.424033
2.424659
2.424343
2.424399
2.424095
2.425214
2.424684
2.423868
2.424434
2.424075
2.424762
2.424390
2.424247
2.424023
2.424753
2.424368
2.424343
2.424216
2.423558
2.424269
2.423776
2.423742
2.423661
2.423841
2.424122
2.423704
2.423679
2.423419
2.424301
2.423858
2.423908
2.423765
2.424325
2.425048
2.424154
2.424207
2.424065
2.424723
2.424198
2.424587
2.424574
2.424676
2.425005
2.424373
2.424412
2.424422
2.424847
2.424614
2.424421
2.424740
2.424404
2.424972
2.424651
2.424529
2.424135
2.424707
2.424222
2.423800
2.423731
2.423620
2.424067
2.423788
2.424185
2.423572
2.422785
2.422671
2.422801
2.421930
2.423330
2.424815
2.424327
2.424345
2.424123
2.424610
2.425011
2.424583
2.424930
2.424170
2.425351
2.424707
2.424538
2.424663
2.424566
2.424803
2.424809
2.424453
2.424405
2.424919
2.424715
2.424446
2.424433
2.423972
2.424662
2.424257
2.423884
2.423605
2.424044
2.423590
2.423735
2.423770
2.423693
2.424155
2.423422
2.423330
2.423325
2.424235
2.424033
2.424151
2.423769
2.423694
2.424753
2.424118
2.423879
2.423751
2.424091
2.424302
2.424174
2.424067
2.423909
2.424427
2.424414
2.424337
2.424271
2.424504
2.424291
2.424324
2.424048
2.423441
2.424541
2.424257
2.423851
2.422518
2.422162
2.422866
2.422736
2.422658
2.422455
2.422847
2.422922
2.422677
2.422526
2.422282
2.423101
2.422636
2.422760
2.422597
2.423123
2.422950
2.422590
2.422751
2.422662
2.423517
2.422673
2.422886
2.422355
2.423084
2.422755
2.423074
2.422919
2.422032
2.423058
2.422221
2.422395
2.421999
2.422038
2.422141
2.421793
2.421370
2.421144
2.421604
2.420835
2.420831
2.421170
2.420793
2.421455
2.420987
2.421073
2.420669
2.421283
2.420757
2.421063
2.420524
2.420490
2.421647
2.420860
2.421107
2.420183
2.420775
2.420908
2.420637
2.420905
2.420671
2.421316
2.420834
2.420647
2.420560
2.421091
2.420654
2.420648
2.420368
2.420290
2.420584
2.420337
2.420136
2.420009
2.419958
2.419863
2.418854
2.419153
2.418783
2.419600
2.419074
2.418758
2.419266
2.418303
2.418709
2.418287
2.417908
2.417892
2.418673
2.418880
2.418144
2.417078
2.417462
2.418353
2.418019
2.417604
2.416382
2.417336
2.416811
2.417209
2.417237
2.415709
2.416185
2.415742
2.415278
2.414456
2.414641
2.414000
2.414111
2.413262
2.412491
2.412699
2.411354
2.411137
2.410626
2.410358
2.409791
2.408908
2.409102
2.408766
2.408993
2.408121
2.407823
2.407746
2.408030
2.408821
2.407765
2.407976
2.407760
2.409385
2.406475
2.405576
2.406135
2.406097
2.405874
2.406108
2.406350
2.405775
2.406002
2.406259
2.405609
2.405913
2.405334
2.406280
2.406235
2.406547
2.406855
2.407727
2.407284
2.407323
2.407277
2.405160
2.406330
2.405158
2.405371
2.405800
2.407310
2.407180
2.406115
2.406423
2.406712
2.409047
2.410940
2.413802
2.415186
2.416277
2.416811
2.416919
2.416790
2.417197
2.417964
2.417857
2.417814
2.418308
2.418378
2.419343
2.418279
2.418607
2.418788
2.419829
2.419209
2.419338
2.419473
2.419218
2.420326
2.419247
2.419149
2.418306
2.417970
2.417457
2.417129
2.416663
2.416192
2.416708
2.415887
2.415255
2.415051
2.415354
2.415394
2.415305
2.416006
2.416641
2.417957
2.418777
2.419041
2.419609
2.420287
2.419679
2.418497
2.418361
2.417796
2.418942
2.419956
2.419491
2.419499
2.420207
2.420219
2.420001
2.419991
2.419575
2.420294
2.419806
2.419760
2.419488
2.419102
2.419786
2.418502
2.418842
2.418488
2.419379
2.418873
2.418914
2.418263
2.418238
2.419038
2.418289
2.418165
2.417536
2.418803
2.418172
2.417618
2.416853
2.415618
2.414321
2.411885
2.409905
2.408146
2.408031
2.407641
2.407573
2.408161
2.408049
2.409399
2.409736
2.410210
2.410147
2.410466
2.410141
2.409796
2.409334
2.408348
2.408926
2.407373
2.406566
2.406029
2.406010
2.406067
2.405167
2.404772
2.403808
2.404183
2.403536
2.403112
2.402766
2.402486
2.402623
2.401364
2.399873
2.397267
2.398741
2.398230
2.399902
2.401130
2.401285
2.402241
2.401813
2.401869
2.401586
2.401876
2.402295
2.401916
2.402450
2.401902
2.402370
2.401796
2.402081
2.401753
2.402138
2.402279
2.402099
2.402376
2.400700
2.402010
2.401682
2.401994
2.401454
2.401795
2.402890
2.402176
2.402341
2.402103
2.403082
2.402792
2.402468
2.402670
2.403098
2.403581
2.403381
2.403386
2.402936
2.404127
2.404067
2.404321
2.404053
2.404121
2.404261
2.404243
2.404279
2.403855
2.404487
2.404303
2.403450
2.403715
2.403657
2.404779
2.404000
2.403880
2.403277
2.403063
2.403740
2.403698
2.403477
2.403092
2.402325
2.401637
2.401618
2.402319
2.402576
2.402946
2.402318
2.403021
2.402412
2.404364
2.403854
2.403410
2.403150
2.402956
2.403949
2.404134
2.403879
2.403500
2.403911
2.403482
2.403660
2.404245
2.404073
2.404174
2.403433
2.403032
2.402821
2.403499
2.403092
2.402664
2.402545
2.401620
2.402099
2.401944
2.401259
2.400894
2.401262
2.400975
2.400693
2.400225
2.399350
2.399905
2.398659
2.398852
2.398971
2.398743
2.398643
2.397783
2.397775
2.398675
2.399389
2.398735
2.398236
2.397672
2.397781
2.399108
2.399488
2.399492
2.399399
2.398899
2.398297
2.399518
2.399715
2.399284
2.400020
2.399285
2.399582
2.398438
2.399375
2.398064
2.398484
2.396552
2.399029
2.399526
2.399795
2.399580
2.399631
2.400282
2.400416
2.400604
2.400625
2.400144
2.401314
2.400169
2.400927
2.400825
2.400997
2.400946
2.400803
2.400914
2.400805
2.401385
2.400995
2.401009
2.401102
2.401277
2.401782
2.401053
2.401127
2.400800
2.401099
2.400857
2.400289
2.400039
2.399266
2.399971
2.400371
2.399686
2.398861
2.399094
2.398507
2.398417
2.399089
2.397706
2.399011
2.398100
2.398276
2.398586
2.398225
2.398265
2.398165
2.398266
2.398062
2.398986
2.398146
2.398291
2.398504
2.398490
2.398458
2.398120
2.397953
2.398020
2.398693
2.397979
2.398002
2.398035
2.398592
2.397879
2.397425
2.397701
2.397500
2.397444
2.397581
2.397067
2.397964
2.397219
2.397782
2.396953
2.397011
2.396722
2.397556
2.397675
2.396894
2.396636
2.396548
2.396984
2.397669
2.397346
2.396573
2.398466
2.397857
2.398300
2.397618
2.397587
2.397497
2.397619
2.397266
2.397326
2.398121
2.397857
2.397342
2.397846
2.397572
2.398344
2.397699
2.397624
2.397674
2.397727
2.397907
2.397869
2.397659
2.396820
2.397923
2.396309
2.396997
2.396644
2.396706
2.397131
2.396756
2.396697
2.396454
2.396966
2.396748
2.396661
2.396941
2.396458
2.397229
2.396805
2.397178
2.397031
2.397829
2.396256
2.396314
2.396653
2.397300
2.398051
2.397234
2.397735
2.396427
2.397377
2.397708
2.397483
2.397071
2.396807
2.397896
2.397111
2.397092
2.396621
2.397382
2.397386
2.396358
2.396240
2.396156
2.397038
2.396435
2.396787
2.396421
2.396968
2.396967
2.396149
2.396458
2.396495
2.397236
2.396590
2.397004
2.396819
2.396908
2.397592
2.396939
2.397050
2.396526
2.397789
2.397052
2.396978
2.396915
2.396876
2.397795
2.397361
2.397020
2.396994
2.397460
2.397367
2.396881
2.397211
2.396618
2.397357
2.396711
2.396992
2.396159
2.396830
2.396932
2.396291
2.396616
2.396007
2.397082
2.396621
2.396594
2.396680
2.396747
2.397040
2.396644
2.396910
2.396506
2.397859
2.397241
2.397295
2.397088
2.397195
2.397353
2.397504
2.397359
2.397172
2.397944
2.397481
2.397468
2.397580
2.397258
2.397714
2.397423
2.397149
2.396784
2.397698
2.397590
2.397532
2.396473
2.396654
2.396830
2.396416
2.395057
2.394797
2.395341
2.395265
2.395561
2.396045
2.396356
2.396764
2.396930
2.395480
2.395602
2.395837
2.396370
2.395839
2.395397
2.395442
2.395919
2.396607
2.396747
2.396946
2.396905
2.397557
2.397320
2.397103
2.397141
2.397866
2.397480
2.397476
2.397530
2.397349
2.397934
2.397773
2.397575
2.397113
2.398045
2.396983
2.397070
2.397127
2.397591
2.397950
2.398115
2.398444
2.397702
2.398716
2.398150
2.398251
2.398912
2.398747
2.399840
2.400209
2.400537
2.400799
2.401120
2.401515
2.401717
2.401859
2.401772
2.402850
2.402454
2.402771
2.402194
2.402766
2.403050
2.402583
2.402461
2.402648
2.402543
2.402142
2.402323
2.401817
2.401835
2.402481
2.401340
2.401085
2.401369
2.401803
2.402087
2.401136
2.401580
2.401579
2.401820
2.401211
2.401414
2.401084
2.402235
2.400854
2.401174
2.401008
2.400872
2.401648
2.401276
2.400774
2.401007
2.401257
2.401069
2.400860
2.400779
2.400063
2.400600
2.400392
2.400123
2.399799
2.399810
2.399616
2.398944
2.398608
2.398203
2.398804
2.397857
2.397572
2.396469
2.396315
2.396278
2.395464
2.394833
2.394261
2.394394
2.393931
2.393478
2.393063
2.392666
2.392830
2.392362
2.390510
2.389775
2.390836
2.390286
2.389743
2.389544
2.388811
2.389188
2.388757
2.388130
2.387628
2.388318
2.387781
2.388199
2.388154
2.387698
2.388413
2.387482
2.388016
2.387170
2.387514
2.387428
2.386760
2.386741
2.386060
2.386307
2.385937
2.386009
2.385646
2.385613
2.385681
2.385399
2.385564
2.384897
2.385898
2.384963
2.384798
2.385079
2.384878
2.385615
2.384748
2.384923
2.384483
2.384929
2.384580
2.384641
2.384517
2.384351
2.384565
2.384606
2.384304
2.384429
2.384830
2.384267
2.384553
2.383093
2.381955
2.382401
2.381932
2.381472
2.381569
2.383395
2.382329
2.382466
2.382755
2.382234
2.383440
2.382652
2.383481
2.383863
2.384264
2.383784
2.383529
2.383680
2.383217
2.384455
2.384134
2.383341
2.383590
2.384234
2.384667
2.383641
2.383783
2.383753
2.384267
2.384327
2.384837
2.383202
2.383850
2.384402
2.384264
2.383212
2.383360
2.384493
2.383767
2.383801
2.383572
2.383149
2.384177
2.383064
2.382990
2.382929
2.383422
2.383375
2.382883
2.383031
2.382736
2.383584
2.382922
2.382951
2.383106
2.383523
2.383418
2.383429
2.383564
2.383553
2.383417
2.383574
2.383691
2.383530
2.383780
2.383066
2.383350
2.383525
2.383481
2.384326
2.383655
2.383995
2.383940
2.383658
2.384033
2.383394
2.383535
2.383706
2.382939
2.382861
2.382140
2.382168
2.383138
2.383724
2.383261
2.382935
2.382706
2.383276
2.383499
2.383267
2.382957
2.383043
2.383665
2.383046
2.383186
2.382687
2.383590
2.383643
2.383379
2.383350
2.383248
2.384177
2.383757
2.383842
2.383763
2.384341
2.383370
2.383996
2.383832
2.383550
2.384462
2.383613
2.383811
2.383932
2.383414
2.384322
2.383254
2.383733
2.382845
2.383463
2.383280
2.382854
2.382964
2.382898
2.383367
2.383256
2.382967
2.382352
2.383543
2.383304
2.383082
2.383032
2.383039
2.384085
2.383595
2.383571
2.382984
2.383684
2.383587
2.383427
2.383626
2.383543
2.384194
2.383413
2.383996
2.384015
2.384478
2.383246
2.382682
2.382354
2.382895
2.383788
2.383561
2.383487
2.383557
2.383760
2.382722
2.382608
2.382907
2.382543
2.383648
2.383142
2.382677
2.382712
2.382799
2.383575
2.382897
2.382945
2.382786
2.383372
2.383354
2.383032
2.383398
2.383328
2.383863
2.383573
2.383635
2.383044
2.384002
2.383773
2.383766
2.383353
2.383090
2.383955
2.383723
2.383370
2.383386
2.383906
2.383936
2.383690
2.383975
2.383200
2.384160
2.383282
2.383246
2.383033
2.383201
2.383080
2.383065
2.383174
2.382972
2.383611
2.383071
2.382957
2.383199
2.382880
2.384018
2.383407
2.383717
2.383192
2.384193
2.384056
2.383378
2.382241
2.382582
2.383822
2.383636
2.383336
2.383801
2.384160
2.384239
2.384126
2.383521
2.383708
2.384263
2.383489
2.383815
2.383272
2.384036
2.384009
2.383587
2.383338
2.382817
2.383819
2.383233
2.383105
2.383055
2.383534
2.383571
2.383404
2.383401
2.383158
2.383938
2.383021
2.383161
2.383540
2.383863
2.384073
2.383674
2.383686
2.383717
2.384378
2.383825
2.383692
2.384269
2.383932
2.384979
2.383728
2.383807
2.383504
2.384397
2.383939
2.383491
2.383544
2.383345
2.384339
2.383799
2.382841
2.382740
2.383764
2.383401
2.383602
2.382159
2.381655
2.381920
2.382948
2.383202
2.382910
2.383347
2.382746
2.383472
2.382706
2.381296
2.382827
2.382174
2.383453
2.383159
2.383248
2.383801
2.383384
2.383453
2.383448
2.384326
2.383792
2.383886
2.384108
2.383717
2.384194
2.383690
2.383699
2.383371
2.384013
2.384052
2.383717
2.383861
2.383437
2.383901
2.383066
2.383372
2.383286
2.383708
2.383635
2.383553
2.382496
2.382680
2.382532
2.383161
2.383378
2.383189
2.383555
2.383886
2.383747
2.383880
2.383529
2.384678
2.383963
2.384042
2.383894
2.384067
2.384214
2.384064
2.384306
2.384333
2.384602
2.384273
2.384200
2.384347
2.384150
2.384000
2.383949
2.384098
2.383497
2.384771
2.383651
2.383179
2.383348
2.383531
2.383117
2.381986
2.381968
2.382854
2.383891
2.383448
2.383220
2.383270
2.383323
2.383523
2.383267
2.383519
2.383396
2.384256
2.383051
2.383404
2.383417
2.383076
2.384052
2.383850
2.383831
2.383256
2.383850
2.384217
2.384043
2.383766
2.383475
2.384245
2.383664
2.383435
2.383506
2.382907
2.383478
2.382967
2.382931
2.382548
2.383457
2.383216
2.383000
2.382869
2.382497
2.383423
2.382724
2.382783
2.382685
2.383317
2.382701
2.383413
2.382657
2.382998
2.383429
2.382931
2.383320
2.383304
2.383559
2.383406
2.383192
2.383006
2.383004
2.383194
2.383258
2.382835
2.382866
2.383344
2.383156
2.383062
2.382806
2.382346
2.383876
2.382429
2.381367
2.381102
2.381387
2.382597
2.382296
2.382320
2.381956
2.382523
2.382025
2.381845
2.382265
2.382103
2.382572
2.382421
2.381636
2.382081
2.383128
2.382972
2.382624
2.382620
2.382512
2.383393
2.382747
2.382481
2.382722
2.383678
2.382973
2.382999
2.382837
2.383088
2.383400
2.382873
2.383075
2.382351
2.383414
2.383036
2.382688
2.383010
2.381915
2.382692
2.382542
2.382248
2.382042
2.382331
2.382793
2.382049
2.382241
2.382041
2.382628
2.382396
2.382368
2.382014
2.382442
2.382573
2.382646
2.382793
2.382277
2.383025
2.382730
2.382613
2.382936
2.382495
2.383523
2.382733
2.383460
2.381298
2.381719
2.381737
2.382368
2.382396
2.382114
2.382607
2.382422
2.382326
2.381863
2.382413
2.381807
2.381642
2.381647
2.381459
2.382068
2.382111
2.381886
2.381758
2.381978
2.381927
2.381553
2.381765
2.381756
2.382121
2.382126
2.382181
2.382298
2.382677
2.382495
2.382170
2.382494
2.382078
2.383152
2.381934
2.382218
2.382165
2.382631
2.383071
2.382436
2.382560
2.382118
2.382762
2.382734
2.381824
2.382507
2.382342
2.382534
2.383064
2.380887
2.381343
2.382295
2.382237
2.382196
2.381772
2.381508
2.382185
2.381878
2.382194
2.381656
2.382451
2.382078
2.382218
2.382229
2.382050
2.383056
2.382532
2.382530
2.382644
2.381539
2.381816
2.380975
2.382042
2.382252
2.383044
2.382213
2.382465
2.382290
2.382283
2.382756
2.382309
2.382322
2.382161
2.382995
2.382190
2.382389
2.381735
2.381588
2.382361
2.381595
2.381702
2.381656
2.382041
2.381908
2.381498
2.381048
2.381127
2.381872
2.381728
2.381470
2.381902
2.381968
2.382179
2.382013
2.381888
2.382001
2.382744
2.382039
2.382157
2.381898
2.382081
2.382679
2.382465
2.382313
2.381996
2.382866
2.382540
2.382156
2.381785
2.382111
2.382389
2.382139
2.381958
2.381679
2.382069
2.381325
2.381104
2.381046
2.381221
2.381974
2.381096
2.381150
2.381081
2.381679
2.381702
2.381212
2.381256
2.381453
2.381548
2.380830
2.380427
2.380238
2.381223
2.381215
2.381349
2.380888
2.380595
2.381496
2.381137
2.380683
2.380522
2.381033
2.380989
2.380778
2.380663
2.379900
2.381179
2.380596
2.380459
2.380679
2.380246
2.380400
2.379982
2.380127
2.379604
2.380098
2.380226
2.379746
2.379668
2.379764
2.380403
2.379438
2.379782
2.379861
2.380754
2.380250
2.380407
2.380238
2.380262
2.381034
2.380021
2.380154
2.380290
2.380939
2.380753
2.380488
2.380511
2.380660
2.381320
2.380839
2.380622
2.380747
2.381032
2.380903
2.380381
2.380446
2.380109
2.381085
2.380509
2.379721
2.379951
2.379974
2.380429
2.379997
2.379892
2.380053
2.380323
2.380042
2.379946
2.379915
2.380357
2.380399
2.380334
2.380322
2.380300
2.381347
2.380468
2.380769
2.380646
2.380673
2.381532
2.380806
2.380892
2.381153
2.381175
2.381402
2.381231
2.380821
2.380820
2.381415
2.380947
2.381006
2.381015
2.381775
2.381643
2.381718
2.380626
2.380646
2.381650
2.380822
2.381073
2.380589
2.381318
2.381628
2.381184
2.381534
2.380881
2.382170
2.382120
2.381808
2.382310
2.381833
2.382869
2.382635
2.382708
2.382739
2.382783
2.383058
2.383200
2.383235
2.383695
2.383882
2.383454
2.383435
2.383802
2.384777
2.383588
2.384123
2.383980
2.382242
2.382628
2.382379
2.382457
2.381688
2.382808
2.383026
2.383335
2.383464
2.383802
2.384433
2.383610
2.383711
2.383651
2.384809
2.385241
2.384900
2.384636
2.385079
2.386071
2.385469
2.385796
2.386137
2.385750
2.386464
2.386504
2.386028
2.386412
2.387105
2.387079
2.386549
2.387065
2.387263
2.387527
2.387370
2.387066
2.386942
2.388351
2.386078
2.386926
2.386646
2.386654
2.387586
2.386761
2.386754
2.386622
2.387767
2.387363
2.387361
2.387356
2.387353
2.388023
2.388010
2.387968
2.387885
2.388378
2.388328
2.388317
2.388757
2.388418
2.389395
2.388861
2.388869
2.388742
2.388828
2.389517
2.389721
2.389755
2.389454
2.390626
2.389999
2.389849
2.391181
2.391087
2.391719
2.390994
2.391588
2.390082
2.390553
2.390366
2.389627
2.388639
2.390455
2.391343
2.391154
2.391285
2.390446
2.391450
2.391329
2.391231
2.391602
2.390679
2.391564
2.390724
2.391341
2.391432
2.391647
2.391917
2.391993
2.391440
2.391982
2.392207
2.392210
2.391913
2.391937
2.392657
2.392187
2.392105
2.392195
2.391698
2.392818
2.392040
2.392282
2.391948
2.392480
2.392641
2.392152
2.392030
2.391751
2.392549
2.392297
2.391964
2.391741
2.392278
2.392586
2.392165
2.391815
2.391832
2.392955
2.392725
2.392196
2.392153
2.392544
2.393246
2.392830
2.393156
2.392015
2.393548
2.393335
2.392862
2.393387
2.392464
2.394366
2.393737
2.392826
2.392115
2.391943
2.392715
2.391988
2.392926
2.392648
2.393838
2.393409
2.393222
2.393048
2.392752
2.393051
2.392502
2.392810
2.392300
2.393063
2.392575
2.392588
2.392707
2.392845
2.392977
2.393096
2.393005
2.392863
2.393478
2.393190
2.393244
2.393042
2.393351
2.393690
2.393509
2.393548
2.392933
2.394141
2.393698
2.393346
2.393454
2.393501
2.393851
2.393351
2.393146
2.393168
2.393798
2.393466
2.393263
2.393315
2.392811
2.393185
2.392893
2.392457
2.392212
2.392609
2.392759
2.392797
2.392799
2.392512
2.393349
2.392929
2.392821
2.393017
2.393329
2.393481
2.393063
2.393205
2.392827
2.393879
2.392997
2.391496
2.391749
2.391677
2.391866
2.393691
2.392830
2.393719
2.393972
2.393821
2.393935
2.393321
2.393332
2.393895
2.393508
2.393560
2.392980
2.393920
2.393560
2.392914
2.393345
2.392414
2.393461
2.392895
2.392790
2.392916
2.392901
2.392879
2.393199
2.392942
2.392844
2.393373
2.393183
2.393044
2.393280
2.393590
2.393742
2.393309
2.393231
2.393605
2.394275
2.393619
2.394097
2.393934
2.393149
2.394531
2.394062
2.393589
2.393739
2.394307
2.394191
2.393684
2.393670
2.393848
2.394430
2.393965
2.393166
2.393441
2.393702
2.393671
2.393268
2.393069
2.393102
2.393665
2.393175
2.393163
2.392955
2.393545
2.392188
2.392096
2.391993
2.392451
2.394037
2.393576
2.393607
2.393720
2.393400
2.393912
2.394000
2.393656
2.393638
2.393959
2.393929
2.394173
2.393732
2.394191
2.394027
2.393858
2.393433
2.393208
2.394206
2.393650
2.393676
2.393759
2.393256
2.393912
2.393383
2.393146
2.392819
2.393588
2.393342
2.393068
2.393143
2.392700
2.393512
2.393426
2.393252
2.393048
2.393712
2.393717
2.393645
2.393753
2.393332
2.394246
2.394127
2.393523
2.393492
2.393721
2.393916
2.393509
2.393826
2.393290
2.394233
2.393779
2.393510
2.393477
2.393081
2.393571
2.393564
2.393652
2.393409
2.393374
2.392915
2.392803
2.392848
2.392998
2.393489
2.391735
2.391382
2.390686
2.391961
2.390938
2.392299
2.392620
2.391902
2.393042
2.392388
2.392749
2.392852
2.393377
2.392794
2.392617
2.393053
2.392674
2.393519
2.393203
2.392364
2.393094
2.393449
2.393291
2.393246
2.392589
2.392578
2.393149
2.392499
2.392661
2.392278
2.392619
2.393013
2.392536
2.392090
2.391412
2.392533
2.391950
2.392054
2.392138
2.391549
2.392413
2.391977
2.391787
2.392089
2.392505
2.392827
2.392378
2.392367
2.392552
2.392882
2.392970
2.392530
2.392209
2.393496
2.392887
2.392744
2.393735
2.392306
2.393787
2.392798
2.393063
2.392842
2.393104
2.392844
2.392325
2.392570
2.393063
2.392880
2.391850
2.390826
2.390350
2.390199
2.391633
2.391758
2.391328
2.391319
2.391594
2.391360
2.391539
2.391558
2.392092
2.391874
2.390549
2.391449
2.390880
2.391244
2.390289
2.390823
2.391249
2.391422
2.392009
2.391199
2.391471
2.391103
2.391687
2.391287
2.391438
2.391245
2.390773
2.391603
2.390699
2.390686
2.390614
2.390749
2.390261
2.389960
2.389812
2.389364
2.389835
2.389197
2.389228
2.388851
2.389408
2.389209
2.388794
2.388544
2.388175
2.389011
2.388478
2.388359
2.388455
2.388469
2.388909
2.388120
2.388119
2.387936
2.388678
2.388194
2.388043
2.387919
2.387932
2.388605
2.387428
2.388330
2.387502
2.386965
2.386069
2.385899
2.385527
2.384973
2.386071
2.386208
2.386710
2.386218
2.386121
2.385048
2.384782
2.384893
2.384689
2.384909
2.383716
2.383548
2.383251
2.384049
2.383517
2.382309
2.382214
2.381848
2.382933
2.382362
2.381303
2.380447
2.380829
2.380694
2.379708
2.376952
2.375787
2.377820
2.376949
2.375625
2.369065
2.368571
2.372031
2.371716
2.368865
2.359446
2.358949
2.363736
2.366281
2.362756
2.353178
2.351378
2.355308
2.360567
2.357599
2.351848
2.348908
2.347142
2.353531
2.355660
2.354537
2.352801
2.346251
2.351177
2.360463
2.361848
2.361413
2.355230
2.357922
2.366228
2.367964
2.368671
2.369161
2.369488
2.370907
2.370777
2.372527
2.373161
2.374816
2.375301
2.376020
2.377123
2.378268
2.379616
2.380627
2.380401
2.380475
2.382051
2.382112
2.382712
2.382226
2.382039
2.382692
2.382742
2.383270
2.383269
2.383898
2.383923
2.384526
2.384366
2.384427
2.384719
2.384396
2.384993
2.384897
2.385202
2.384977
2.384596
2.385048
2.384986
2.385560
2.385248
2.385571
2.385777
2.386685
2.386590
2.386606
2.387090
2.386642
2.387647
2.387300
2.387342
2.387051
2.387394
2.387861
2.387421
2.388073
2.386510
2.387671
2.387379
2.387397
2.387750
2.387145
2.388028
2.387881
2.387865
2.387679
2.388872
2.388269
2.386775
2.386870
2.386790
2.387037
2.388806
2.388952
2.388983
2.388658
2.389480
2.389557
2.389605
2.389594
2.390595
2.389975
2.390130
2.389886
2.390560
2.390423
2.390429
2.390167
2.389926
2.390913
2.390956
2.391186
2.390084
2.390560
2.390991
2.390665
2.390682
2.390204
2.391406
2.391001
2.391331
2.391447
2.391329
2.392041
2.391952
2.391954
2.391955
2.392849
2.392622
2.393143
2.393633
2.393671
2.393805
2.393599
2.394146
2.394262
2.395385
2.394458
2.394918
2.395400
2.395924
2.396892
2.396139
2.396413
2.396322
2.397447
2.397072
2.396942
2.397364
2.397642
2.399165
2.397954
2.397819
2.398031
2.398856
2.399760
2.398324
2.397597
2.398251
2.398732
2.398974
2.399532
2.398869
2.399509
2.400126
2.400278
2.400920
2.400235
2.401382
2.401152
2.401661
2.402155
2.401661
2.402679
2.402664
2.403056
2.402793
2.403532
2.403584
2.403560
2.404003
2.404083
2.404294
2.403802
2.404285
2.404590
2.405943
2.405016
2.405095
2.405334
2.405462
2.406318
2.405953
2.406092
2.406071
2.407342
2.407835
2.407298
2.407619
2.407419
2.409073
2.408661
2.408862
2.409256
2.409821
2.410077
2.410663
2.410420
2.410576
2.411377
2.411771
2.412297
2.411688
2.412425
2.413428
2.413549
2.413136
2.413514
2.414929
2.414592
2.414143
2.414547
2.414691
2.415814
2.415390
2.415403
2.415641
2.416539
2.416472
2.416319
2.416820
2.416505
2.417781
2.417425
2.417773
2.417708
2.418352
2.418665
2.418791
2.419364
2.419432
2.420337
2.420388
2.420684
2.420865
2.421583
2.421712
2.421219
2.421764
2.422174
2.422925
2.422441
2.422909
2.423102
2.423722
2.424110
2.424139
2.424019
2.423792
2.425364
2.424983
2.425534
2.425523
2.424887
2.426170
2.425767
2.425730
2.425648
2.426722
2.425979
2.426741
2.427175
2.427076
2.427691
2.427868
2.428325
2.427691
2.428986
2.429175
2.429075
2.429643
2.429928
2.430416
2.430268
2.430074
2.429945
2.431451
2.429937
2.429224
2.429186
2.429565
2.430144
2.429307
2.431071
2.430857
2.431831
2.432458
2.432073
2.431767
2.431870
2.432919
2.432826
2.433809
2.433785
2.433788
2.434312
2.433878
2.434512
2.434320
2.434915
2.434736
2.434753
2.435366
2.434438
2.434809
2.433837
2.434615
2.435637
2.436962
2.436078
2.436059
2.436423
2.436617
2.437468
2.436870
2.437153
2.436569
2.437286
2.437615
2.437229
2.437144
2.437596
2.438044
2.437658
2.437724
2.437493
2.438236
2.438313
2.437590
2.437830
2.438875
2.439811
2.439620
2.439448
2.439703
2.440147
2.440417
2.440097
2.440088
2.440249
2.441552
2.439999
2.440544
2.440819
2.441137
2.441710
2.440864
2.440959
2.440773
2.441718
2.441161
2.441074
2.441092
2.441736
2.441700
2.440025
2.440357
2.439514
2.440049
2.441430
2.440858
2.441372
2.440815
2.442149
2.441211
2.441316
2.440872
2.441281
2.440950
2.440667
2.440799
2.440264
2.441371
2.440804
2.441018
2.440864
2.440715
2.440979
2.440851
2.440861
2.440782
2.441708
2.441457
2.441266
2.441157
2.441189
2.441722
2.441210
2.441528
2.441307
2.442303
2.441875
2.442034
2.441776
2.441913
2.442378
2.441750
2.441786
2.441668
2.442037
2.441677
2.441576
2.441333
2.440977
2.441528
2.440925
2.440675
2.440447
2.440919
2.440904
2.440593
2.440757
2.440297
2.441148
2.440519
2.440543
2.440628
2.441170
2.441168
2.441061
2.441146
2.441044
2.441663
2.439633
2.440128
2.439656
2.441220
2.441785
2.441723
2.441443
2.441469
2.442169
2.441717
2.441387
2.441591
2.441247
2.441868
2.441332
2.441233
2.441089
2.441663
2.441086
2.441183
2.440503
2.440121
2.441018
2.440698
2.440667
2.440393
2.441177
2.440566
2.440553
2.440375
2.440554
2.441260
2.440775
2.441111
2.440999
2.441504
2.441463
2.440814
2.441528
2.440846
2.441900
2.441217
2.441282
2.441223
2.441425
2.441499
2.441375
2.441205
2.440858
2.441625
2.441267
2.440951
2.441116
2.440891
2.441500
2.440706
2.440464
2.439913
2.440872
2.440310
2.440130
2.440064
2.439755
2.440195
2.439883
2.439840
2.439886
2.440510
2.440563
2.439206
2.439186
2.438318
2.438594
2.439510
2.439498
2.439576
2.440391
2.440523
2.440194
2.440361
2.440351
2.441040
2.440627
2.440560
2.440558
2.440883
2.440730
2.440411
2.440352
2.440018
2.440733
2.440444
2.440088
2.439902
2.439610
2.439815
2.439664
2.439592
2.439455
2.439874
2.439516
2.439961
2.438418
2.439111
2.439915
2.439460
2.439463
2.439272
2.440147
2.440146
2.439583
2.439614
2.439673
2.440208
2.440116
2.439523
2.439651
2.440174
2.440156
2.440079
2.439691
2.439462
2.440214
2.439432
2.439622
2.439099
2.439809
2.439824
2.439255
2.439413
2.438521
2.439791
2.439011
2.438782
2.438245
2.438647
2.439579
2.438257
2.437296
2.436416
2.436721
2.437789
2.438612
2.438185
2.438630
2.438993
2.438844
2.438966
2.438700
2.439639
2.438857
2.439048
2.438964
2.438936
2.439662
2.438785
2.439471
2.439075
2.439983
2.439491
2.439250
2.438999
2.438913
2.439514
2.438909
2.438685
2.439106
2.438238
2.437708
2.437801
2.437323
2.436603
2.437498
2.436870
2.437057
2.436528
2.436320
2.436813
2.436178
2.436488
2.436217
2.437497
2.436943
2.436790
2.436619
2.437163
2.437029
2.436931
2.437040
2.436549
2.437181
2.437043
2.437001
2.436833
2.436918
2.437714
2.436881
2.436816
2.436905
2.436574
2.437072
2.436602
2.436405
2.436379
2.436664
2.436562
2.436009
2.435380
2.436339
2.435462
2.435117
2.435836
2.435738
2.435944
2.435449
2.435931
2.435856
2.436352
2.436109
2.435781
2.436630
2.437032
2.437539
2.437634
2.436698
2.436461
2.437489
2.437298
2.437235
2.437286
2.436023
2.438045
2.437381
2.437682
2.437518
2.437028
2.437168
2.436420
2.436118
2.436041
2.436873
2.436510
2.436614
2.436082
2.435937
2.436292
2.436017
2.435704
2.435739
2.436072
2.436015
2.435595
2.435675
2.435479
2.436095
2.435781
2.435365
2.435472
2.435997
2.435918
2.435806
2.435975
2.435445
2.436631
2.436069
2.436243
2.436125
2.436385
2.436293
2.436126
2.435889
2.435724
2.436340
2.435712
2.435791
2.435811
2.435565
2.436166
2.435818
2.435434
2.435082
2.435709
2.435039
2.434728
2.434841
2.434686
2.435172
2.434866
2.434778
2.434621
2.434906
2.434394
2.434661
2.434164
2.434540
2.435408
2.434986
2.434815
2.434794
2.435016
2.435125
2.434803
2.434838
2.434562
2.435266
2.434996
2.435039
2.435015
2.435445
2.435809
2.434895
2.434863
2.434418
2.435290
2.434518
2.434431
2.434435
2.434264
2.434804
2.433783
2.433663
2.433697
2.434323
2.434210
2.433705
2.433602
2.433481
2.434012
2.433596
2.433537
2.433144
2.433980
2.433688
2.433491
2.433733
2.433333
2.434334
2.433922
2.433714
2.433513
2.434129
2.434278
2.434065
2.433596
2.433876
2.434316
2.434216
2.433680
2.433613
2.433778
2.433834
2.433227
2.433212
2.433153
2.434156
2.433283
2.433034
2.432850
2.432563
2.432707
2.432703
2.432368
2.432151
2.432893
2.432606
2.432508
2.430454
2.429641
2.431139
2.429863
2.429504
2.429206
2.431435
2.431736
2.431540
2.432780
2.430940
2.431774
2.431850
2.431433
2.431607
2.431862
2.431419
2.431650
2.431573
2.431970
2.432706
2.431926
2.431794
2.431699
2.431945
2.431839
2.431736
2.430882
2.431156
2.431192
2.430831
2.430898
2.430957
2.431105
2.430886
2.430622
2.430579
2.429995
2.430885
2.430445
2.429848
2.430386
2.431038
2.430412
2.430665
2.430848
2.430128
2.431589
2.430236
2.429838
2.430150
2.430892
2.431165
2.430464
2.430385
2.430453
2.430978
2.430613
2.430164
2.430432
2.429851
2.430765
2.429838
2.430084
2.429430
2.429847
2.429463
2.429242
2.428912
2.428873
2.429466
2.428799
2.429050
2.428468
2.428941
2.428668
2.428458
2.428316
2.428442
2.429190
2.429022
2.428768
2.428681
2.428675
2.428799
2.428637
2.428976
2.428154
2.429198
2.428845
2.429040
2.429001
2.428455
2.429005
2.428546
2.428458
2.427970
2.429023
2.428393
2.428007
2.427827
2.427626
2.427873
2.426966
2.426739
2.427467
2.428164
2.428169
2.427671
2.427794
2.427416
2.428094
2.427428
2.427483
2.427104
2.427789
2.428028
2.427871
2.427941
2.427586
2.428356
2.427899
2.427837
2.427838
2.427634
2.428252
2.428064
2.428272
2.428184
2.428786
2.428723
2.428051
2.428083
2.428139
2.428364
2.428201
2.427766
2.427968
2.428780
2.428149
2.427705
2.427524
2.427551
2.427840
2.427843
2.427202
2.427014
2.427891
2.427518
2.427443
2.427308
2.427220
2.427477
2.427533
2.427230
2.426869
2.427939
2.426326
2.425501
2.425074
2.424901
2.425214
2.425944
2.427238
2.427133
2.426633
2.427974
2.428057
2.427437
2.428472
2.429151
2.428598
2.428868
2.428637
2.428841
2.429021
2.428760
2.428536
2.428164
2.428670
2.428104
2.428170
2.427843
2.427621
2.428620
2.427880
2.428009
2.427552
2.428917
2.427559
2.427987
2.428367
2.428203
2.428972
2.428594
2.428580
2.428287
2.429039
2.428707
2.428666
2.428815
2.428021
2.428166
2.428374
2.428490
2.428654
2.428803
2.428851
2.428358
2.428033
2.427786
2.428663
2.428274
2.427982
2.427884
2.427703
2.428247
2.427155
2.427351
2.427057
2.427727
2.427304
2.427018
2.427079
2.426667
2.427629
2.427295
2.425923
2.426539
2.427405
2.427130
2.427467
2.427443
2.426980
2.428014
2.426454
2.425759
2.425447
2.427211
2.427168
2.426907
2.427546
2.427146
2.427827
2.427602
2.427185
2.427114
2.427279
2.426950
2.426845
2.426767
2.426827
2.426366
2.426583
2.425898
2.425790
2.425747
2.425863
2.425630
2.425544
2.425199
2.425951
2.425680
2.425273
2.425208
2.425103
2.425669
2.425417
2.425410
2.425286
2.426269
2.425791
2.425569
2.425663
2.425594
2.426192
2.426165
2.424948
2.425044
2.425967
2.425650
2.425513
2.425161
2.425115
2.425433
2.425165
2.424964
2.424649
2.425172
2.424721
2.424198
2.423917
2.423552
2.424221
2.423829
2.423686
2.423612
2.423943
2.423801
2.423948
2.423785
2.421695
2.422684
2.422146
2.423534
2.423710
2.423918
2.424227
2.423415
2.423581
2.423535
2.424113
2.423619
2.423773
2.423303
2.424072
2.424238
2.423933
2.423911
2.423547
2.424135
2.423455
2.423639
2.423606
2.423427
2.424297
2.423283
2.423031
2.422865
2.422996
2.423012
2.422405
2.422748
2.422270
2.423195
2.422794
2.422664
2.422659
2.423140
2.422940
2.423090
2.422875
2.422371
2.423975
2.422950
2.422875
2.423057
2.423616
2.423745
2.423522
2.423390
2.423288
2.424097
2.423646
2.423679
2.423431
2.423559
2.423743
2.423165
2.422861
2.422593
2.423295
2.422895
2.423314
2.422770
2.422420
2.422948
2.422231
2.422338
2.422317
2.420771
2.421428
2.421066
2.421894
2.421970
2.422851
2.422644
2.422312
2.422554
2.422656
2.422900
2.422729
2.422686
2.422421
2.423239
2.422804
2.422535
2.422731
2.422908
2.423341
2.423000
2.423093
2.422834
2.423881
2.423384
2.423357
2.422799
2.423183
2.423399
2.423122
2.423389
2.422813
2.423254
2.423205
2.422619
2.422362
2.422189
2.423255
2.422712
2.422566
2.422195
2.423221
2.422739
2.422550
2.423069
2.422369
2.423309
2.422932
2.422950
2.423100
2.423618
2.423785
2.423362
2.423490
2.423524
2.424599
2.424654
2.424518
2.424731
2.425074
2.425284
2.424994
2.424875
2.424205
2.425434
2.424793
2.424574
2.424840
2.424921
2.424088
2.423593
2.423080
2.423530
2.424394
2.423905
2.424022
2.424082
2.423846
2.424321
2.423837
2.423616
2.424037
2.423364
2.423846
2.423767
2.424003
2.423609
2.424219
2.423579
2.423147
2.423441
2.424337
2.423866
2.423558
2.423216
2.423445
2.424082
2.423547
2.423487
2.423161
2.423664
2.423055
2.422760
2.422531
2.422189
2.422954
2.422258
2.421882
2.421321
2.420791
2.420534
2.420161
2.419512
2.418659
2.419054
2.418050
2.417507
2.416127
2.415885
2.415442
2.413993
2.412912
2.412259
2.411869
2.411500
2.411186
2.410821
2.410969
2.411886
2.409543
2.409691
2.408624
2.404150
2.403149
2.397193
2.393460
2.394972
2.392505
2.390546
2.391229
2.390462
2.395841
2.393885
2.393937
2.395305
2.395554
2.397490
2.396538
2.395194
2.395512
2.395446
2.395918
2.395144
2.394384
2.393848
2.394986
2.395170
2.395672
2.395895
2.395974
2.396654
2.397401
2.397726
2.397780
2.398633
2.399179
2.400512
2.400956
2.401872
2.402698
2.402732
2.402951
2.402505
2.403511
2.403526
2.404663
2.405763
2.406507
2.408552
2.409305
2.410789
2.411628
2.413118
2.413795
2.414272
2.415985
2.416928
2.418534
2.419024
2.419173
2.419730
2.420078
2.419609
2.419297
2.418390
2.418638
2.418934
2.418066
2.417462
2.417424
2.418321
2.418838
2.419313
2.418407
2.417820
2.418983
2.420652
2.420335
2.421947
2.422968
2.424248
2.424327
2.424762
2.424468
2.425148
2.424670
2.424990
2.424887
2.424966
2.425373
2.423843
2.424592
2.424053
2.424898
2.424404
2.424245
2.424438
2.424337
2.425050
2.424360
2.424396
2.424269
2.424703
2.424935
2.425146
2.424857
2.424678
2.426118
2.425548
2.425173
2.425210
2.425413
2.425700
2.425442
2.425748
2.425515
2.426162
2.426053
2.425922
2.426170
2.426139
2.426481
2.425980
2.425936
2.425774
2.426665
2.427012
2.423965
2.425480
2.425386
2.426160
2.425680
2.425460
2.425106
2.426227
2.425764
2.425579
2.425623
2.425444
2.424418
2.425123
2.424577
2.425753
2.426218
2.426541
2.426473
2.426613
2.425882
2.426918
2.426471
2.426481
2.426764
2.426184
2.426794
2.426566
2.426702
2.426702
2.427242
2.426292
2.426229
2.426305
2.426605
2.426796
2.426314
2.426036
2.425727
2.426204
2.425626
2.425437
2.425438
2.425612
2.426198
2.425900
2.425148
2.425162
2.425938
2.425616
2.425532
2.425267
2.425582
2.426187
2.426058
2.425877
2.425591
2.425775
2.425769
2.425644
2.425374
2.425566
2.426243
2.426116
2.426167
2.425923
2.426240
2.426016
2.425722
2.425656
2.425024
2.426080
2.425202
2.425297
2.425066
2.425119
2.425441
2.424735
2.424536
2.424228
2.425432
2.422934
2.423370
2.423022
2.424178
2.424283
2.424719
2.424257
2.424150
2.424765
2.424417
2.424216
2.424476
2.424506
2.424946
2.424431
2.424396
2.424250
2.425062
2.425113
2.424767
2.424621
2.424414
2.425220
2.424578
2.424484
2.424036
2.424629
2.423993
2.424110
2.423734
2.423643
2.424213
2.423588
2.423509
2.423177
2.423418
2.423256
2.422948
2.422929
2.422703
2.423401
2.422966
2.422356
2.422733
2.422633
2.423033
2.422910
2.422531
2.422628
2.423556
2.423224
2.422775
2.422475
2.422776
2.423035
2.422733
2.422475
2.422533
2.422743
2.423036
2.422641
2.422811
2.422246
2.422626
2.422540
2.421300
2.420819
2.421548
2.421279
2.421070
2.420869
2.420418
2.420971
2.420235
2.420201
2.419835
2.420354
2.420244
2.419890
2.420216
2.419872
2.420308
2.420053
2.420161
2.419686
2.420190
2.420366
2.420155
2.419937
2.419838
2.420638
2.420084
2.419921
2.419829
2.419873
2.420384
2.419860
2.419961
2.419559
2.420304
2.419690
2.419475
2.419359
2.419177
2.419412
2.419448
2.418596
2.418747
2.418942
2.418506
2.418151
2.417893
2.417809
2.418759
2.418191
2.417963
2.417989
2.418261
2.418274
2.417861
2.417580
2.417538
2.418354
2.418097
2.417896
2.418225
2.418127
2.418570
2.417875
2.418000
2.417799
2.418696
2.418543
2.418820
2.418095
2.418451
2.418877
2.418257
2.418124
2.417979
2.418603
2.418162
2.417966
2.418380
2.416800
2.417753
2.417354
2.417231
2.416853
2.417498
2.417049
2.417205
2.416918
2.416664
2.417636
2.416256
2.416681
2.416796
2.417573
2.417244
2.417349
2.417738
2.417468
2.417855
2.417604
2.417458
2.417545
2.417938
2.417927
2.418004
2.417849
2.417470
2.418455
2.417991
2.417545
2.417564
2.417566
2.418056
2.417786
2.417308
2.417027
2.417728
2.417303
2.416990
2.416974
2.416584
2.417277
2.416922
2.416773
2.416645
2.417563
2.416883
2.416776
2.417248
2.415184
2.414810
2.414101
2.414010
2.413964
2.415509
2.416981
2.416664
2.416715
2.417466
2.417473
2.416975
2.417145
2.416905
2.417060
2.417976
2.417945
2.417989
2.417415
2.418305
2.417947
2.417794
2.417783
2.417786
2.418440
2.416753
2.417195
2.416950
2.417771
2.417243
2.417197
2.416968
2.416627
2.417130
2.416981
2.416736
2.416564
2.417330
2.417026
2.417072
2.416983
2.417051
2.418516
2.416940
2.417285
2.417181
2.418087
2.418573
2.417339
2.417464
2.417247
2.417722
2.417042
2.417471
2.417336
2.417890
2.417628
2.417380
2.417069
2.417181
2.418457
2.417762
2.417853
2.417600
2.417881
2.417929
2.417391
2.417411
2.416507
2.417905
2.417138
2.416999
2.416790
2.417163
2.417863
2.417340
2.417569
2.417393
2.418051
2.417752
2.418404
2.418321
2.417845
2.418047
2.417400
2.417347
2.417211
2.418124
2.417911
2.417647
2.419362
2.418943
2.419274
2.419389
2.418679
2.418677
2.419626
2.418981
2.419343
2.419568
2.418087
2.419707
2.419067
2.418838
2.418379
2.419047
2.419012
2.418708
2.418627
2.418269
2.419040
2.418752
2.418362
2.418829
2.418460
2.419026
2.418699
2.418620
2.418789
2.419144
2.418801
2.419018
2.419227
2.419068
2.419669
2.418502
2.418884
2.418829
2.419879
2.418715
2.418454
2.418609
2.418307
2.419183
2.418336
2.418524
2.418284
2.418678
2.418631
2.418061
2.417719
2.417347
2.418475
2.418141
2.417422
2.417465
2.418060
2.418556
2.417030
2.416382
2.415400
2.417270
2.416198
2.417359
2.417532
2.418144
2.418525
2.417070
2.418070
2.417701
2.418512
2.418159
2.418134
2.418054
2.418163
2.418542
2.418280
2.418342
2.417747
2.418377
2.418165
2.417832
2.417480
2.417527
2.418691
2.417405
2.417250
2.417096
2.417706
2.416836
2.417235
2.416881
2.416443
2.417288
2.417008
2.417068
2.416668
2.417182
2.417169
2.416759
2.416897
2.417172
2.417836
2.417239
2.417157
2.417108
2.417790
2.418000
2.417458
2.417318
2.417121
2.418142
2.417785
2.417442
2.417420
2.417361
2.417964
2.417561
2.417110
2.416982
2.417905
2.417600
2.417114
2.417104
2.417201
2.415614
2.415417
2.414963
2.413817
2.416146
2.416753
2.416393
2.416497
2.416483
2.417473
2.416288
2.416714
2.416444
2.417438
2.417191
2.417004
2.416919
2.416671
2.417629
2.416511
2.416723
2.417030
2.417166
2.417219
2.417180
2.417073
2.416894
2.417696
2.417365
2.417080
2.417012
2.416940
2.417338
2.416826
2.417272
2.416523
2.417329
2.416442
2.416624
2.415767
2.416220
2.416701
2.416146
2.416499
2.416265
2.416992
2.416285
2.416174
2.416155
2.416248
2.417037
2.416441
2.416176
2.416350
2.417489
2.416564
2.416706
2.416639
2.416263
2.417073
2.416839
2.416631
2.416932
2.417245
2.417110
2.417008
2.416572
2.414725
2.416106
2.415754
2.416216
2.416729
2.416274
2.416955
2.416265
2.415801
2.415690
2.416206
2.415608
2.415645
2.415395
2.415468
2.415687
2.415577
2.415472
2.415199
2.416126
2.415476
2.415821
2.415605
2.416250
2.416551
2.416193
2.415764
2.415839
2.416348
2.416158
2.416026
2.415825
2.415944
2.416710
2.416263
2.416055
2.415830
2.416321
2.416038
2.415779
2.415739
2.415320
2.416176
2.415611
2.415655
2.415193
2.415287
2.415165
2.414887
2.415314
2.414441
2.415208
2.414785
2.415019
2.414616
2.414793
2.415524
2.414913
2.414761
2.414858
2.416027
2.415411
2.415396
2.415681
2.415980
2.415079
2.414087
2.413573
2.414456
2.414427
2.414737
2.414833
2.415369
2.414628
2.415459
2.415299
2.415183
2.415164
2.415151
2.415308
2.415178
2.414911
2.414738
2.414550
2.414386
2.414107
2.414210
2.414545
2.414342
2.414234
2.414234
2.414103
2.414648
2.413973
2.414355
2.414355
2.414678
2.415189
2.413917
2.414356
2.414175
2.415032
2.414705
2.414032
2.414314
2.414305
2.415045
2.414523
2.414320
2.414286
2.415320
2.414945
2.414420
2.414695
2.414515
2.414956
2.414598
2.414686
2.413968
2.414501
2.414040
2.413827
2.413809
2.413545
2.414289
2.413367
2.413524
2.413616
2.413743
2.413620
2.413780
2.414023
2.413738
2.414120
2.414048
2.414042
2.413304
2.412596
2.412364
2.412989
2.412685
2.413894
2.414476
2.414042
2.413560
2.414494
2.413650
2.414649
2.414901
2.414083
2.413789
2.414653
2.414554
2.414232
2.414303
2.413856
2.414249
2.413771
2.413162
2.412872
2.413434
2.413219
2.412958
2.412953
2.412734
2.413453
2.412990
2.413300
2.413281
2.413144
2.413328
2.413128
2.413220
2.413277
2.413558
2.413239
2.413160
2.412880
2.413887
2.413476
2.413464
2.413720
2.413521
2.414243
2.413442
2.413732
2.413654
2.413698
2.413830
2.413306
2.413290
2.413291
2.414209
2.413182
2.413321
2.413175
2.412825
2.413235
2.413228
2.412242
2.412354
2.413270
2.413242
2.411876
2.411423
2.411119
2.411910
2.410638
2.411466
2.412210
2.412849
2.413086
2.413067
2.413049
2.413071
2.413875
2.413406
2.413431
2.413046
2.413902
2.413589
2.413515
2.413275
2.412953
2.413844
2.413185
2.413208
2.412882
2.413207
2.413304
2.412639
2.412899
2.412385
2.412996
2.412389
2.411925
2.412101
2.412536
2.412339
2.412319
2.411693
2.411541
2.413118
2.410806
2.412034
2.412035
2.412084
2.412888
2.412283
2.412702
2.411994
2.412738
2.412525
2.412392
2.412828
2.411837
2.413269
2.412972
2.412884
2.412676
2.413077
2.412954
2.412499
2.412449
2.412254
2.412933
2.412516
2.412381
2.412270
2.412508
2.412185
2.410501
2.411042
2.410561
2.412635
2.411742
2.411984
2.411843
2.412006
2.412390
2.411863
2.412066
2.411945
2.412416
2.412254
2.412033
2.412318
2.412457
2.412689
2.412591
2.412432
2.412344
2.413186
2.412496
2.412682
2.412685
2.412382
2.413237
2.412735
2.412758
2.412277
2.413021
2.412514
2.412513
2.412459
2.412136
2.412783
2.412212
2.411822
2.411764
2.411624
2.411941
2.411515
2.411592
2.411168
2.411761
2.411391
2.411734
2.411574
2.411888
2.411568
2.411402
2.411575
2.411594
2.412434
2.411656
2.411706
2.411967
2.411696
2.412311
2.411522
2.411844
2.411668
2.412739
2.412311
2.411980
2.411267
2.410164
2.410806
2.409772
2.410141
2.411031
2.412237
2.411665
2.411715
2.411054
2.410882
2.411554
2.411007
2.410988
2.410533
2.411346
2.411196
2.410659
2.411194
2.410613
2.410849
2.410955
2.410905
2.410855
2.411253
2.411510
2.411067
2.411036
2.411025
2.411652
2.411194
2.411355
2.410411
2.411208
2.411248
2.410994
2.410602
2.410545
2.410856
2.410752
2.410399
2.410157
2.409831
2.410702
2.410252
2.410293
2.409940
2.409919
2.409276
2.409069
2.409068
2.408656
2.409450
2.408748
2.409168
2.408780
2.409162
2.408763
2.408878
2.408533
2.408503
2.409081
2.409018
2.408706
2.408603
2.409117
2.408935
2.409005
2.407915
2.407159
2.408349
2.407812
2.408284
2.408125
2.408099
2.408384
2.408108
2.407367
2.407261
2.408454
2.407709
2.407669
2.407326
2.407404
2.407860
2.406626
2.407161
2.406588
2.407090
2.407179
2.406446
2.406583
2.406439
2.407017
2.406496
2.406526
2.406358
2.407209
2.407078
2.407139
2.406551
2.406722
2.407471
2.406953
2.406969
2.406430
2.407305
2.407191
2.407070
2.407054
2.406850
2.407473
2.406877
2.406843
2.406957
2.406737
2.407053
2.406439
2.406589
2.406808
2.407144
2.406587
2.406203
2.406033
2.405872
2.406507
2.406135
2.405915
2.405775
2.406420
2.406193
2.406766
2.405248
2.405971
2.406538
2.406314
2.406636
2.406530
2.406940
2.406779
2.406194
2.406609
2.406559
2.407131
2.406446
2.406921
2.406642
2.407457
2.407504
2.407026
2.407014
2.406642
2.407348
2.406915
2.406567
2.406580
2.407025
2.406988
2.406639
2.406507
2.405735
2.406456
2.405964
2.405763
2.405692
2.405458
2.406024
2.406044
2.405903
2.405966
2.406188
2.405795
2.405926
2.406015
2.405953
2.406272
2.405910
2.406134
2.406191
2.407114
2.406574
2.405930
2.406316
2.406482
2.407195
2.406361
2.406281
2.405583
2.406718
2.406473
2.406230
2.406108
2.405912
2.406686
2.406798
2.405762
2.405722
2.406136
2.404083
2.403434
2.403274
2.403051
2.403008
2.403175
2.404686
2.404485
2.405378
2.405021
2.404835
2.404954
2.403901
2.406220
2.406790
2.406435
2.406420
2.405809
2.406476
2.406675
2.406573
2.406412
2.406896
2.407445
2.406912
2.406952
2.406545
2.407337
2.406605
2.406540
2.406137
2.406833
2.406428
2.407000
2.405442
2.406238
2.406504
2.405595
2.405707
2.405349
2.406061
2.405581
2.405400
2.405509
2.405490
2.406011
2.405469
2.405027
2.405414
2.405823
2.406080
2.406142
2.405406
2.405394
2.406589
2.405937
2.406272
2.405602
2.406333
2.405986
2.405962
2.405861
2.405411
2.406503
2.406083
2.405949
2.406204
2.405465
2.406486
2.406018
2.405661
2.405322
2.405522
2.405638
2.405314
2.405044
2.405172
2.404945
2.403539
2.403318
2.402250
2.403817
2.404015
2.405001
2.404066
2.404312
2.405123
2.404774
2.404889
2.404812
2.405151
2.405168
2.404716
2.404888
2.404503
2.405840
2.404861
2.405147
2.404966
2.405205
2.405644
2.405388
2.404925
2.404559
2.405200
2.404786
2.404893
2.404708
2.404856
2.405081
2.404516
2.404510
2.404028
2.404629
2.403862
2.403525
2.404030
2.403573
2.404540
2.404118
2.403648
2.403655
2.404422
2.404040
2.403952
2.403755
2.403842
2.404514
2.404332
2.404175
2.404037
2.404534
2.404349
2.404200
2.404302
2.404395
2.404810
2.404278
2.404181
2.403994
2.404617
2.404465
2.404192
2.404242
2.404459
2.404341
2.402671
2.402527
2.403231
2.403678
2.404232
2.403753
2.403637
2.402565
2.404026
2.403483
2.403446
2.403900
2.403126
2.404383
2.404049
2.403587
2.403733
2.404176
2.403961
2.403970
2.403970
2.403959
2.404529
2.403669
2.403864
2.403982
2.405141
2.404839
2.404727
2.404602
2.404336
2.405343
2.404640
2.404728
2.404276
2.404561
2.404576
2.404426
2.404751
2.404219
2.404426
2.404178
2.404112
2.404093
2.404124
2.404199
2.403849
2.403622
2.403903
2.404438
2.404304
2.403931
2.403999
2.404672
2.405117
2.404780
2.404448
2.404283
2.405478
2.405258
2.405015
2.405170
2.404586
2.405694
2.405707
2.404137
2.404210
2.403829
2.404500
2.403993
2.404630
2.405099
2.405616
2.405185
2.405069
2.405359
2.405750
2.405384
2.404968
2.404428
2.404688
2.405104
2.404938
2.404924
2.404870
2.404818
2.405309
2.404839
2.404785
2.404689
2.405857
2.405253
2.405246
2.405413
2.405441
2.406147
2.405459
2.405465
2.405328
2.406082
2.405784
2.405743
2.406102
2.406070
2.406680
2.406234
2.406365
2.406006
2.406670
2.406337
2.406478
2.406034
2.406108
2.406448
2.406316
2.406204
2.406019
2.406068
2.406073
2.405992
2.406071
2.405583
2.406517
2.405635
2.405913
2.405378
2.406065
2.406324
2.406305
2.406203
2.406623
2.407193
2.405570
2.405494
2.404663
2.405549
2.406126
2.407255
2.406527
2.406987
2.407842
2.407306
2.407483
2.407233
2.407212
2.407959
2.407269
2.407610
2.407001
2.407701
2.407545
2.407835
2.407785
2.407193
2.407355
2.407154
2.406653
2.406954
2.407502
2.407325
2.407116
2.407048
2.407120
2.407324
2.407411
2.407193
2.407477
2.408344
2.407474
2.408231
2.407906
2.407812
2.408806
2.407877
2.408541
2.408355
2.408642
2.409392
2.408952
2.409045
2.408945
2.409219
2.408931
2.408738
2.409077
2.408946
2.409318
2.409248
2.408475
2.408489
2.409325
2.408463
2.408754
2.407957
2.407711
2.408286
2.407921
2.407917
2.407056
2.408032
2.408186
2.408271
2.407293
2.407150
2.407731
2.407529
2.407533
2.407535
2.408260
2.407947
2.407852
2.408136
2.407982
2.408723
2.408391
2.408104
2.407889
2.408414
2.409015
2.408169
2.408355
2.408120
2.409486
2.408338
2.408397
2.408362
2.409052
2.408763
2.408145
2.408043
2.407150
2.408186
2.408825
2.409155
2.408578
2.408400
2.409640
2.408453
2.408565
2.408749
2.408655
2.408777
2.409157
2.409317
2.408795
2.409222
2.409551
2.410122
2.409920
2.410691
2.409530
2.409677
2.411082
2.410102
2.412204
2.410133
2.410256
2.410451
2.410516
2.411126
2.410334
2.409559
2.409430
2.410212
2.409008
2.409417
2.409416
2.409222
2.409955
2.409111
2.409200
2.409219
2.409931
2.409431
2.409337
2.409450
2.409161
2.409872
2.409675
2.409783
2.409857
2.410443
2.410095
2.410080
2.409835
2.410191
2.410717
2.410147
2.410406
2.410156
2.410758
2.410589
2.410553
2.410364
2.409691
2.410789
2.410471
2.410300
2.410004
2.410389
2.410325
2.410435
2.410131
2.409909
2.410572
2.410116
2.410156
2.410163
2.410386
2.410530
2.410688
2.410786
2.410519
2.411215
2.411110
2.411057
2.411246
2.411622
2.412000
2.411858
2.411917
2.411780
2.412757
2.412298
2.412422
2.411696
2.412450
2.413530
2.412986
2.413169
2.412583
2.413415
2.412958
2.413048
2.413175
2.412649
2.413275
2.413335
2.413000
2.412939
2.412997
2.413154
2.412502
2.412678
2.412680
2.413112
2.412826
2.413239
2.413360
2.413914
2.413146
2.413334
2.413416
2.413540
2.414595
2.413738
2.413973
2.414162
2.414466
2.415084
2.414575
2.414790
2.414747
2.415698
2.415519
2.415274
2.415429
2.415106
2.416180
2.415786
2.415222
2.414773
2.415483
2.415274
2.415455
2.415082
2.414907
2.415485
2.414555
2.414466
2.414387
2.414694
2.414454
2.414583
2.414528
2.414484
2.414981
2.414548
2.414172
2.414084
2.414412
2.414725
2.412347
2.411993
2.411559
2.413273
2.412416
2.411777
2.412614
2.413764
2.414347
2.414522
2.413474
2.413158
2.413864
2.414352
2.413754
2.413713
2.413497
2.413732
2.413478
2.413594
2.414378
2.414911
2.414415
2.413946
2.414104
2.413524
2.414333
2.413630
2.413440
2.413386
2.414297
2.414432
2.413678
2.413273
2.413164
2.413549
2.414415
2.413584
2.413278
2.414442
2.414223
2.414340
2.414417
2.413699
2.414120
2.414315
2.414094
2.414294
2.414318
2.414883
2.414111
2.414210
2.414110
2.414783
2.414235
2.414321
2.413809
2.414184
2.414600
2.414225
2.414075
2.413266
2.414038
2.413799
2.413622
2.413508
2.413154
2.413580
2.413847
2.413608
2.413558
2.414287
2.413529
2.414047
2.413868
2.413681
2.415119
2.413884
2.414290
2.414021
2.414587
2.414448
2.414048
2.414529
2.414888
2.415318
2.414739
2.414658
2.414310
2.415182
2.415195
2.414899
2.415178
2.414165
2.415209
2.414898
2.414946
2.414572
2.414326
2.414610
2.413924
2.414086
2.413822
2.414908
2.413642
2.413774
2.414126
2.413424
2.415207
2.414186
2.414871
2.414348
2.415363
2.415217
2.415003
2.415368
2.414829
2.415432
2.415125
2.414951
2.415114
2.415492
2.415413
2.415307
2.414982
2.415116
2.415879
2.415144
2.414784
2.414504
2.415035
2.415032
2.414475
2.414443
2.413876
2.414718
2.414393
2.414089
2.413837
2.413436
2.413803
2.413837
2.413574
2.412930
2.413476
2.413427
2.413133
2.413357
2.412824
2.413331
2.412620
2.412933
2.412875
2.413554
2.412141
2.412736
2.412335
2.410706
2.410953
2.409791
2.410178
2.409107
2.411188
2.411806
2.411137
2.410430
2.410835
2.411432
2.410489
2.411346
2.411641
2.410542
2.411209
2.411172
2.410489
2.409775
2.409988
2.409288
2.409733
2.409269
2.409453
2.408714
2.408779
2.408814
2.408761
2.409353
2.408081
2.408029
2.408311
2.408176
2.408469
2.407177
2.407192
2.407212
2.407879
2.407894
2.405416
2.406446
2.406405
2.407203
2.406366
2.405809
2.405566
2.405604
2.404888
2.405050
2.404344
2.404052
2.404419
2.403963
2.403861
2.402440
2.403066
2.402622
2.401704
2.402008
2.401302
2.401928
2.400903
2.400873
2.400988
2.400231
2.400098
2.399962
2.399652
2.399762
2.399855
2.399304
2.399238
2.398468
2.398764
2.398099
2.398081
2.397459
2.397844
2.397334
2.396327
2.396022
2.396296
2.396364
2.396824
2.395598
2.395656
2.395051
2.395707
2.395545
2.393991
2.394412
2.393978
2.393985
2.393233
2.392427
2.392343
2.392754
2.392420
2.391867
2.391577
2.391087
2.391966
2.390872
2.390745
2.390323
2.390465
2.390607
2.390305
2.390115
2.389583
2.390195
2.389689
2.389532
2.389401
2.387968
2.388826
2.388333
2.388409
2.387868
2.388311
2.387794
2.387290
2.387345
2.386785
2.387253
2.386501
2.386006
2.385783
2.386418
2.385450
2.384704
2.384456
2.384205
2.384694
2.383997
2.383398
2.383200
2.383551
2.383451
2.382579
2.382885
2.382310
2.382865
2.382297
2.382392
2.381676
2.383032
2.381562
2.380043
2.380341
2.380319
2.381505
2.381490
2.381436
2.380917
2.380496
2.380906
2.380424
2.380124
2.379560
2.379849
2.379495
2.379310
2.379378
2.378913
2.378741
2.378762
2.378303
2.377886
2.378325
2.377352
2.377397
2.377143
2.376800
2.377459
2.376365
2.376370
2.376294
2.376795
2.376522
2.375684
2.375801
2.376039
2.376916
2.375979
2.375721
2.375441
2.375663
2.375547
2.374852
2.374867
2.374933
2.375328
2.375250
2.374476
2.374177
2.374755
2.374045
2.373906
2.373691
2.373230
2.374440
2.373137
2.372965
2.372499
2.372664
2.372769
2.372122
2.372066
2.371867
2.372502
2.372413
2.371985
2.370085
2.370765
2.370756
2.371283
2.371680
2.371284
2.372239
2.372058
2.371870
2.371421
2.371287
2.371811
2.371328
2.371593
2.371659
2.372265
2.371769
2.371798
2.371648
2.371503
2.372222
2.371411
2.371452
2.371270
2.371771
2.371465
2.371093
2.371402
2.371050
2.371576
2.370446
2.370448
2.370524
2.370532
2.371051
2.370241
2.370241
2.370026
2.370697
2.370013
2.370152
2.370046
2.370095
2.370523
2.370476
2.370678
2.370424
2.370853
2.370445
2.370650
2.370529
2.370591
2.371074
2.370898
2.370520
2.370553
2.371472
2.371079
2.370726
2.370663
2.370542
2.371124
2.370752
2.370700
2.370946
2.371159
2.370650
2.370260
2.370684
2.368703
2.369863
2.369099
2.370016
2.370231
2.370566
2.370800
2.369799
2.370124
2.370090
2.371160
2.370663
2.370763
2.370638
2.370755
2.371268
2.370703
2.370817
2.370741
2.371591
2.371196
2.371298
2.371387
2.371213
2.371969
2.371092
2.371464
2.370765
2.371520
2.371317
2.371179
2.370844
2.370842
2.371571
2.370720
2.370688
2.370158
2.370588
2.370539
2.370234
2.370169
2.370046
2.370933
2.370226
2.370144
2.368990
2.370352
2.370623
2.370479
2.370499
2.370201
2.371093
2.370902
2.370782
2.370610
2.371331
2.370721
2.371050
2.371211
2.370954
2.371555
2.371181
2.370989
2.371244
2.370776
2.371366
2.370878
2.370744
2.370899
2.370673
2.370151
2.369746
2.370268
2.370155
2.370783
2.370285
2.370398
2.370021
2.370811
2.370433
2.370307
2.370120
2.369900
2.370561
2.370180
2.370329
2.370163
2.370832
2.370898
2.370712
2.370694
2.370183
2.371187
2.370647
2.370809
2.370829
2.371170
2.371325
2.371006
2.371019
2.370933
2.371217
2.370887
2.370859
2.370545
2.370788
2.371059
2.371158
2.370751
2.370112
2.371193
2.370630
2.370229
2.370467
2.370310
2.370971
2.370593
2.370138
2.370203
2.370652
2.370905
2.370351
2.370592
2.370378
2.371014
2.370858
2.370732
2.370622
2.371414
2.371046
2.370918
2.370842
2.370622
2.371956
2.370916
2.369797
2.370063
2.370557
2.370939
2.370917
2.371135
2.369765
2.371153
2.370853
2.370893
2.370186
2.370718
2.370897
2.370232
2.370126
2.369633
2.370807
2.370294
2.370106
2.370278
2.369880
2.370579
2.369994
2.370316
2.370156
2.370700
2.370857
2.370558
2.370783
2.370812
2.371294
2.370689
2.371190
2.370622
2.371225
2.371163
2.371404
2.371051
2.370819
2.371898
2.371273
2.371258
2.370986
2.371346
2.371333
2.370856
2.371513
2.370032
2.371515
2.371103
2.370697
2.370276
2.370535
2.370602
2.370483
2.370464
2.370129
2.371117
2.370375
2.370648
2.369695
2.370298
2.370892
2.370756
2.370758
2.370589
2.371572
2.371801
2.371131
2.369688
2.369928
2.371759
2.370188
2.371287
2.371182
2.372109
2.371644
2.371615
2.372034
2.371141
2.372114
2.371410
2.371418
2.370990
2.371538
2.371647
2.371736
2.371505
2.370816
2.371426
2.371119
2.371087
2.370820
2.371259
2.371077
2.370964
2.370950
2.370491
2.371358
2.371138
2.370955
2.371017
2.371114
2.371604
2.371412
2.371317
2.370649
2.371676
2.371334
2.370905
2.371677
2.371219
2.371829
2.371797
2.371817
2.371357
2.371947
2.371313
2.371100
2.371269
2.371178
2.372020
2.370569
2.371332
2.370707
2.371162
2.370900
2.370443
2.370565
2.370101
2.371091
2.370918
2.370581
2.370936
2.369773
2.370031
2.369354
2.370494
2.370346
2.371542
2.371078
2.371158
2.370963
2.370942
2.371541
2.371395
2.371065
2.370883
2.372088
2.371397
2.371362
2.371491
2.371225
2.371903
2.371355
2.371390
2.370937
2.371531
2.371204
2.370890
2.370833
2.370890
2.371053
2.370651
2.370366
2.370398
2.370907
2.370529
2.370441
2.370206
2.370017
2.371055
2.370206
2.370710
2.370253
2.370707
2.370806
2.370616
2.370729
2.370653
2.371503
2.370967
2.370551
2.370735
2.370733
2.371112
2.371372
2.371190
2.370996
2.371517
2.371036
2.371083
2.371069
2.370525
2.371326
2.370993
2.370903
2.370685
2.371237
2.371191
2.370608
2.370417
2.370577
2.370057
2.369796
2.369316
2.368956
2.370028
2.370023
2.369637
2.369782
2.369720
2.370480
2.369746
2.369918
2.369643
2.370678
2.370590
2.370032
2.370110
2.370035
2.370871
2.370491
2.370460
2.370203
2.370606
2.370909
2.370216
2.370352
2.369970
2.371057
2.370460
2.370216
2.370304
2.369809
2.370855
2.370237
2.370192
2.369660
2.369939
2.369717
2.369370
2.369416
2.369405
2.369817
2.369503
2.369902
2.368797
2.370020
2.369570
2.369624
2.369604
2.369936
2.370383
2.370029
2.370104
2.369590
2.370512
2.370235
2.370301
2.370356
2.370120
2.370522
2.370549
2.370490
2.370152
2.370540
2.370670
2.370368
2.369930
2.369943
2.370549
2.370349
2.370661
2.369747
2.370016
2.370121
2.369764
2.369679
2.369226
2.370192
2.369711
2.369637
2.369442
2.369425
2.370232
2.369420
2.369694
2.369419
2.370542
2.370017
2.370020
2.369896
2.370012
2.370602
2.370105
2.369953
2.369997
2.370812
2.370431
2.370402
2.370270
2.370036
2.370709
2.370216
2.370038
2.369912
2.370105
2.370028
2.370109
2.369825
2.369890
2.370378
2.369667
2.369665
2.369533
2.369649
2.369646
2.369617
2.369505
2.369368
2.370478
2.369269
2.369447
2.369573
2.369468
2.369881
2.369675
2.369926
2.369505
2.370175
2.370272
2.368265
2.367538
2.367747
2.368406
2.367860
2.367499
2.368815
2.369716
2.369552
2.369704
2.369725
2.368752
2.369360
2.368959
2.369823
2.369167
2.370220
2.369765
2.369707
2.369453
2.369066
2.369827
2.369400
2.369416
2.368728
2.369300
2.369409
2.369382
2.368634
2.368826
2.369800
2.369328
2.369219
2.369159
2.369620
2.369841
2.369393
2.369283
2.368873
2.370164
2.368656
2.368876
2.368498
2.369624
2.370202
2.368892
2.368752
2.368568
2.369440
2.368791
2.368948
2.368397
2.368269
2.369141
2.368850
2.368042
2.368247
2.368579
2.368263
2.367960
2.367986
2.367859
2.368799
2.368014
2.368101
2.367357
2.368566
2.368000
2.368221
2.368591
2.368425
2.368245
2.369118
2.368860
2.368448
2.369914
2.369724
2.367897
2.368654
2.369285
2.368842
2.369481
2.370104
2.370237
2.369804
2.370604
2.370350
2.370270
2.369397
2.371844
2.369127
2.369827
2.370008
2.369543
2.370095
2.369508
2.369390
2.369230
2.369732
2.369494
2.369502
2.369306
2.369407
2.370023
2.369556
2.369491
2.369320
2.370183
2.369986
2.370076
2.370066
2.369650
2.370205
2.370374
2.370050
2.369922
2.370257
2.370321
2.370325
2.370138
2.370014
2.370754
2.369943
2.370192
2.369971
2.370105
2.370062
2.369931
2.370302
2.369779
2.370411
2.369902
2.369426
2.369550
2.369214
2.369852
2.369424
2.369592
2.368815
2.369695
2.369418
2.369023
2.369930
2.368332
2.368500
2.367758
2.368651
2.367557
2.369702
2.369658
2.369397
2.369885
2.369193
2.370643
2.369865
2.369469
2.369928
2.370428
2.370059
2.370011
2.370014
2.369352
2.370306
2.369838
2.369339
2.369452
2.369533
2.370046
2.369387
2.369357
2.368481
2.369814
2.369303
2.368917
2.369510
2.369041
2.369552
2.369244
2.369112
2.369174
2.369516
2.369638
2.369518
2.369532
2.369491
2.370281
2.369819
2.369763
2.369460
2.370443
2.369909
2.369876
2.370065
2.369857
2.370164
2.369605
2.369750
2.369374
2.369859
2.369720
2.369753
2.369524
2.369424
2.370067
2.369689
2.369177
2.369109
2.369060
2.369437
2.369677
2.368587
2.367353
2.367620
2.368076
2.368507
2.367504
2.368919
2.369533
2.369305
2.369323
2.368621
2.369526
2.369380
2.369313
2.369221
2.369197
2.369660
2.369478
2.369544
2.369282
2.370058
2.369753
2.369906
2.369832
2.369406
2.369943
2.369519
2.369647
2.369089
2.369921
2.369808
2.369539
2.369463
2.368993
2.369759
2.369263
2.368897
2.368636
2.369404
2.368954
2.369085
2.369073
2.368816
2.369546
2.369073
2.368932
2.368889
2.369360
2.369612
2.369429
2.369455
2.369039
2.369726
2.369835
2.369890
2.369456
2.369769
2.370251
2.369912
2.369822
2.369618
2.370532
2.369919
2.369543
2.369522
2.369428
2.369294
2.368652
2.368597
2.368174
2.369539
2.367945
2.368040
2.368083
2.368594
2.369407
2.369026
2.369093
2.368767
2.369785
2.368490
2.368892
2.368947
2.368690
2.369681
2.369366
2.369331
2.369267
2.369636
2.369760
2.369616
2.369468
2.369123
2.370207
2.369936
2.369707
2.369819
2.369892
2.369964
2.369484
2.369369
2.368948
2.369853
2.369081
2.369617
2.368664
2.368855
2.369517
2.368899
2.368572
2.367742
2.369119
2.368647
2.368032
2.368101
2.367959
2.368678
2.368075
2.368079
2.367513
2.368141
2.368232
2.368119
2.368087
2.368168
2.368873
2.367742
2.366684
2.366084
2.368565
2.368007
2.368340
2.368434
2.368251
2.368633
2.368726
2.367331
2.367145
2.366756
2.366149
2.366480
2.367316
2.367358
2.368439
2.367837
2.367699
2.367273
2.367134
2.367609
2.366832
2.366896
2.366621
2.367404
2.367266
2.367026
2.367066
2.366821
2.367685
2.367152
2.367138
2.366904
2.367774
2.367624
2.367751
2.367693
2.367355
2.368172
2.367392
2.367761
2.367864
2.368327
2.368175
2.368024
2.368023
2.367601
2.368439
2.367752
2.367640
2.367630
2.367617
2.367868
2.367631
2.367357
2.367060
2.367538
2.366772
2.366976
2.366810
2.366604
2.367319
2.366983
2.366927
2.366526
2.367287
2.367151
2.366710
2.367066
2.366580
2.367296
2.367234
2.367243
2.366886
2.367569
2.367915
2.366799
2.366121
2.365731
2.366368
2.365462
2.367643
2.366500
2.367985
2.367541
2.367414
2.367468
2.367423
2.368141
2.367065
2.366491
2.367199
2.367296
2.367205
2.366887
2.366830
2.366475
2.367328
2.366903
2.366614
2.366646
2.366731
2.366618
2.366411
2.366777
2.366487
2.367492
2.366701
2.367290
2.366984
2.366930
2.367185
2.367051
2.367162
2.366669
2.367443
2.367264
2.366922
2.367349
2.367135
2.367815
2.367145
2.367122
2.367026
2.367327
2.367117
2.367368
2.366913
2.366526
2.367280
2.367114
2.366483
2.366356
2.366535
2.366339
2.366254
2.366431
2.365815
2.366802
2.366413
2.366553
2.366070
2.366350
2.367140
2.365988
2.365627
2.365049
2.365055
2.366731
2.366872
2.366510
2.367287
2.367000
2.367026
2.367288
2.367260
2.367877
2.367417
2.367314
2.367244
2.367172
2.367764
2.367558
2.367250
2.366838
2.367864
2.367379
2.367145
2.366692
2.366273
2.366909
2.366806
2.366637
2.366304
2.366970
2.366967
2.366548
2.366572
2.366254
2.367208
2.366785
2.366629
2.366694
2.367110
2.367492
2.367070
2.367045
2.366687
2.367954
2.366908
2.367371
2.367353
2.367226
2.368139
2.367594
2.367601
2.367172
2.367849
2.367339
2.367135
2.367256
2.366965
2.367793
2.367221
2.367384
2.366856
2.367331
2.366892
2.366608
2.366709
2.366487
2.367579
2.366350
2.365113
2.365658
2.366295
2.367131
2.366953
2.366785
2.366947
2.367505
2.367380
2.367288
2.366999
2.367665
2.367965
2.367510
2.367176
2.367321
2.368315
2.367641
2.367655
2.367676
2.367773
2.368017
2.367508
2.367367
2.366937
2.368110
2.367633
2.367336
2.367376
2.366963
2.367254
2.366786
2.366612
2.366344
2.367078
2.366732
2.366377
2.366354
2.366741
2.366670
2.366612
2.366899
2.366233
2.367164
2.367139
2.367048
2.367160
2.366813
2.367529
2.367056
2.367003
2.367148
2.367749
2.367629
2.367507
2.366978
2.367075
2.367752
2.367324
2.367101
2.367058
2.366967
2.367250
2.367048
2.366950
2.365294
2.365485
2.364767
2.364148
2.363845
2.364987
2.365673
2.365424
2.365010
2.365201
2.366386
2.366128
2.366130
2.366053
2.366206
2.367392
2.367435
2.367828
2.368441
2.370592
2.371870
2.373449
2.376214
2.378318
2.381942
2.384336
2.387151
2.389947
2.393047
2.395787
2.397741
2.400075
2.402006
2.404439
2.405384
2.406843
2.407532
2.409986
2.410748
2.410687
2.410558
2.411872
2.412387
2.412786
2.413104
2.409918
2.408490
2.405633
2.395529
2.402264
2.409302
2.405802
2.402141
2.401117
2.387117
2.387608
2.399740
2.397112
2.391260
2.388037
2.382687
2.378374
2.389314
2.388353
2.381539
2.380046
2.374443
2.368345
2.382152
2.389202
2.381803
2.374272
2.371210
2.360157
2.376257
2.389822
2.382431
2.372954
2.370558
2.358599
2.372661
2.390072
2.383199
2.374087
2.370878
2.358798
2.373533
2.391992
2.386125
2.375831
2.372318
2.361295
2.378988
2.395155
2.388256
2.379506
2.375234
2.365389
2.384310
2.397848
2.390315
2.384382
2.378643
2.370762
2.390372
2.399106
2.393113
2.388093
2.381709
2.377264
2.396757
2.400626
2.395252
2.392530
2.385648
2.384928
2.400259
2.401859
2.397994
2.396889
2.389051
2.390949
2.403683
2.405408
2.402726
2.400236
2.392410
2.396919
2.407697
2.408766
2.406376
2.403916
2.396690
2.404112
2.410073
2.410062
2.409939
2.406822
2.402912
2.408994
2.410207
2.410258
2.411286
2.408744
2.407672
2.409977
2.409432
2.410511
2.410564
2.409950
2.409735
2.410685
2.410528
2.410774
2.410786
2.411115
2.411786
2.411807
2.411940
2.412229
2.413350
2.413592
2.413957
2.414419
2.414824
2.415816
2.415856
2.415915
2.416956
2.417963
2.418845
2.418620
2.419090
2.419702
2.420411
2.421437
2.421620
2.421973
2.422087
2.422571
2.422629
2.423045
2.422897
2.423719
2.422956
2.423209
2.423339
2.423466
2.423319
2.422822
2.423047
2.422171
2.423502
2.423158
2.423032
2.422739
2.422000
2.422833
2.422655
2.421607
2.420344
2.420445
2.420275
2.419887
2.421168
2.421914
2.422861
2.421743
2.422954
2.422546
2.422948
2.422110
2.422312
2.422032
2.422988
2.424155
2.424323
2.423640
2.424072
2.424616
2.425441
2.426460
2.426995
2.428586
2.428010
2.429438
2.430176
2.430574
2.430844
2.431498
2.431253
2.430912
2.431001
2.431648
2.431193
2.431040
2.430866
2.430615
2.431430
2.431086
2.430697
2.431072
2.431877
2.431059
2.430931
2.430950
2.430448
2.431328
2.431451
2.429689
2.430158
2.430714
2.430702
2.430327
2.430679
2.430044
2.430774
2.429961
2.429603
2.429624
2.429932
2.429951
2.429591
2.429231
2.428882
2.429304
2.428766
2.428432
2.428094
2.428278
2.428869
2.428529
2.428468
2.428172
2.428768
2.428642
2.427245
2.426412
2.425974
2.427032
2.425293
2.425380
2.426419
2.427594
2.426237
2.426689
2.426564
2.426824
2.427639
2.427006
2.427322
2.426412
2.427029
2.426912
2.426931
2.426744
2.426582
2.426783
2.426661
2.426074
2.426454
2.427208
2.427385
2.427199
2.427366
2.427900
2.429366
2.429515
2.429287
2.429069
2.429419
2.429549
2.430108
2.429503
2.429934
2.430875
2.430489
2.429456
2.430636
2.431231
2.431983
2.431214
2.431516
2.431312
2.431588
2.432014
2.431974
2.431760
2.431886
2.431987
2.432198
2.432317
2.432278
2.432781
2.432489
2.432380
2.432262
2.432066
2.432951
2.431921
2.432128
2.431409
2.432219
2.431692
2.430008
2.430704
2.430398
2.432351
2.432237
2.432128
2.432785
2.431637
2.432440
2.432491
2.432521
2.432613
2.433118
2.432795
2.432824
2.432827
2.433119
2.433237
2.433205
2.433153
2.432732
2.433963
2.433267
2.433298
2.433243
2.432951
2.434064
2.432864
2.433481
2.433007
2.433722
2.433431
2.433035
2.433061
2.432680
2.433582
2.432961
2.432500
2.432366
2.433187
2.433029
2.433347
2.432682
2.432621
2.433357
2.433091
2.433356
2.432852
2.433715
2.433774
2.433498
2.433606
2.433270
2.434090
2.434146
2.433937
2.434125
2.433575
2.434448
2.434061
2.434078
2.434096
2.434349
2.434334
2.433730
2.433917
2.434121
2.434328
2.435225
2.433036
2.432339
2.432781
2.432363
2.432417
2.431490
2.433143
2.433632
2.433436
2.433286
2.433833
2.433762
2.433851
2.433646
2.433727
2.433598
2.434463
2.434253
2.434198
2.434075
2.434357
2.434785
2.434513
2.434472
2.434251
2.435084
2.434676
2.435160
2.434906
2.435362
2.435247
2.435074
2.435300
2.434751
2.435705
2.435040
2.434903
2.434953
2.434766
2.435598
2.435110
2.434842
2.434734
2.435185
2.435068
2.434815
2.434787
2.434883
2.435691
2.434779
2.435248
2.434543
2.435492
2.435714
2.435597
2.435988
2.435944
2.436777
2.436261
2.436141
2.436573
2.436265
2.437282
2.436514
2.436777
2.437065
2.437808
2.437273
2.435799
2.435676
2.435817
2.435347
2.437069
2.437307
2.435904
2.437455
2.437838
2.437769
2.437633
2.437147
2.437520
2.437683
2.437611
2.437612
2.438537
2.438457
2.437429
2.437897
2.438044
2.438676
2.438608
2.438744
2.438453
2.439618
2.439300
2.439296
2.439280
2.439194
2.439817
2.439299
2.439827
2.439966
2.440738
2.440829
2.440143
2.440195
2.440126
2.440979
2.440689
2.440017
2.440298
2.440339
2.440836
2.440721
2.440606
2.440294
2.441028
2.440256
2.440408
2.440249
2.440480
2.440937
2.440337
2.441397
2.439921
2.440632
2.440348
2.440602
2.440524
2.440012
2.441168
2.441194
2.441249
2.440588
2.440849
2.440813
2.440628
2.441118
2.440960
2.441555
2.440876
2.440748
2.440554
2.441682
2.441410
2.441103
2.440699
2.440908
2.441820
2.441685
2.442142
2.440727
2.441658
2.440985
2.440983
2.441400
2.440445
2.442170
2.441548
2.441718
2.441127
2.441002
2.442076
2.441376
2.441339
2.441044
2.442568
2.443569
2.442283
2.442775
2.442827
2.443024
2.442491
2.442498
2.442562
2.443089
2.443515
2.443140
2.442777
2.442501
2.443439
2.443562
2.443613
2.442953
2.442929
2.443897
2.442762
2.443459
2.443614
2.443378
2.442594
2.443402
2.442300
2.443139
2.442682
2.442606
2.441936
2.442020
2.442288
2.442041
2.441808
2.442238
2.442460
2.442477
2.442396
2.442665
2.442352
2.443168
2.442822
2.442756
2.442744
2.442413
2.443288
2.443027
2.443087
2.442361
2.443477
2.443066
2.442802
2.442826
2.442279
2.443281
2.442842
2.442746
2.441864
2.443345
2.443033
2.442580
2.442219
2.441925
2.442602
2.442132
2.442186
2.441794
2.442500
2.442167
2.442152
2.441978
2.441778
2.442573
2.442012
2.442042
2.442070
2.442446
2.442423
2.442327
2.442114
2.442409
2.442200
2.442535
2.442514
2.442208
2.442805
2.443037
2.442405
2.442664
2.442122
2.443083
2.442572
2.442216
2.442578
2.442054
2.442755
2.442424
2.442172
2.441859
2.442213
2.441725
2.441490
2.441480
2.441662
2.441862
2.441586
2.441282
2.441651
2.442093
2.442064
2.441199
2.441310
2.440826
2.441990
2.441718
2.441831
2.441226
2.442040
2.441794
2.441218
2.441326
2.440965
2.441630
2.441392
2.441202
2.441129
2.441321
2.441139
2.441133
2.440919
2.440619
2.441221
2.440307
2.440239
2.441004
2.440582
2.440095
2.439800
2.439363
2.438648
2.439814
2.438743
2.438604
2.438707
2.438619
2.438908
2.438533
2.438413
2.437794
2.438658
2.438341
2.438111
2.438157
2.437920
2.438477
2.438284
2.437658
2.437545
2.438108
2.438883
2.436431
2.436168
2.436479
2.436692
2.435907
2.436600
2.437645
2.438027
2.438546
2.437788
2.438903
2.437358
2.438390
2.438129
2.437358
2.437723
2.437242
2.437307
2.437560
2.437246
2.437420
2.438325
2.437977
2.437896
2.437479
2.437409
2.438044
2.437465
2.437446
2.437464
2.438571
2.438188
2.436511
2.435874
2.434261
2.435180
2.435175
2.436017
2.436479
2.438479
2.439377
2.439736
2.439845
2.439635
2.440159
2.439471
2.440037
2.439919
2.440478
2.440469
2.440607
2.440925
2.440714
2.441596
2.441404
2.440946
2.441247
2.441585
2.442202
2.441305
2.441812
2.441416
2.442301
2.442266
2.441964
2.442658
2.442104
2.442710
2.442389
2.442176
2.441868
2.441850
2.442872
2.442267
2.442013
2.441949
2.442750
2.442320
2.441937
2.441890
2.442358
2.442588
2.441983
2.442012
2.441889
2.442851
2.442858
2.442756
2.442665
2.442026
2.442151
2.441027
2.442659
2.441365
2.442840
2.442507
2.442355
2.442253
2.442659
2.442644
2.442453
2.442383
2.442341
2.443057
2.442670
2.442737
2.442482
2.442663
2.443320
2.442920
2.442867
2.442855
2.443153
2.443083
2.442757
2.443205
2.442752
2.443494
2.442856
2.443340
2.442681
2.443647
2.443227
2.443036
2.443243
2.443038
2.443415
2.442917
2.442797
2.442610
2.443078
2.443236
2.443079
2.443250
2.442363
2.443596
2.443520
2.443444
2.443144
2.443525
2.443950
2.443602
2.443779
2.443875
2.444403
2.443966
2.443776
2.444019
2.444210
2.444575
2.444605
2.444673
2.444193
2.445098
2.444803
2.444440
2.444722
2.444046
2.444577
2.444595
2.443399
2.442332
2.442568
2.442979
2.441736
2.441544
2.442080
2.443714
2.442865
2.443088
2.443201
2.443174
2.444506
2.444174
2.443684
2.444059
2.445132
2.444379
2.444400
2.443984
2.444518
2.443903
2.444060
2.444453
2.442700
2.444348
2.444176
2.444257
2.444469
2.444233
2.444702
2.444122
2.444164
2.444152
2.444212
2.444215
2.443877
2.443992
2.444133
2.444052
2.443956
2.444150
2.442527
2.443933
2.442845
2.443113
2.443129
2.443415
2.444328
2.442132
2.443304
2.443188
2.443871
2.443786
2.443875
2.443846
2.443861
2.444665
2.444053
2.443569
2.443864
2.444437
2.444584
2.444713
2.444480
2.444386
2.445236
2.445017
2.444465
2.444642
2.444858
2.444937
2.444676
2.445272
2.443787
2.445405
2.444690
2.445223
2.443817
2.443343
2.443373
2.444054
2.444196
2.444091
2.445126
2.444603
2.444471
2.444220
2.444198
2.444808
2.444615
2.444178
2.444476
2.445263
2.445139
2.444874
2.445150
2.444869
2.446186
2.444690
2.445281
2.444906
2.445755
2.445512
2.445168
2.445347
2.444989
2.445765
2.445411
2.445050
2.444816
2.444997
2.444907
2.444981
2.445168
2.444478
2.445208
2.444949
2.444726
2.444501
2.444927
2.444944
2.444420
2.445118
2.443960
2.445120
2.445243
2.445205
2.445056
2.444878
2.445400
2.445322
2.445070
2.444813
2.445683
2.444975
2.444845
2.445467
2.445343
2.446054
2.445483
2.445312
2.445094
2.445647
2.445644
2.445098
2.445669
2.444724
2.444097
2.443706
2.444086
2.444650
2.445505
2.444830
2.444575
2.444042
2.444149
2.444998
2.444203
2.444512
2.443733
2.444110
2.444180
2.443638
2.444096
2.443611
2.444399
2.444073
2.444103
2.444074
2.444174
2.444534
2.444409
2.444780
2.443447
2.444621
2.444136
2.444248
2.444456
2.444777
2.444330
2.444342
2.444076
2.444087
2.444891
2.443913
2.443693
2.443675
2.443951
2.444523
2.444150
2.443904
2.443550
2.443867
2.444099
2.443433
2.443675
2.443264
2.444938
2.443062
2.443980
2.444015
2.444276
2.444246
2.444491
2.444127
2.444272
2.445227
2.445013
2.444882
2.444644
2.445158
2.445983
2.443694
2.444106
2.444663
2.445971
2.445989
2.445711
2.445598
2.445323
2.446008
2.445381
2.445308
2.444836
2.446118
2.445933
2.445499
2.445374
2.445403
2.445726
2.445570
2.444633
2.444812
2.445337
2.445424
2.445191
2.445685
2.445166
2.446089
2.445496
2.445639
2.445649
2.446098
2.445884
2.445818
2.446281
2.445557
2.446853
2.446378
2.446113
2.446233
2.446551
2.446729
2.446123
2.446216
2.445974
2.446941
2.446149
2.446044
2.445891
2.445252
2.445962
2.445869
2.445891
2.444968
2.445226
2.444898
2.444659
2.444682
2.444482
2.444856
2.444822
2.444967
2.444521
2.445557
2.445079
2.444981
2.445025
2.445006
2.445533
2.445875
2.444018
2.444174
2.444237
2.445194
2.444775
2.445406
2.445563
2.445935
2.445821
2.445478
2.445617
2.445866
2.445979
2.445791
2.445367
2.445142
2.446117
2.445308
2.445532
2.445586
2.445474
2.445910
2.445403
2.445453
2.444386
2.445520
2.445078
2.445164
2.445480
2.444799
2.445627
2.445185
2.445708
2.445016
2.445666
2.445765
2.445691
2.445692
2.446083
2.446348
2.446054
2.446172
2.445806
2.447176
2.446319
2.446756
2.446749
2.446358
2.447358
2.446635
2.446690
2.446634
2.446845
2.446683
2.446335
2.446730
2.446734
2.447050
2.447028
2.446072
2.446019
2.446086
2.446534
2.446156
2.446010
2.445311
2.444881
2.444503
2.445860
2.445829
2.445856
2.446156
2.445992
2.446372
2.445691
2.446554
2.446252
2.445931
2.446375
2.445602
2.446750
2.446274
2.446291
2.446447
2.446603
2.446610
2.446455
2.446410
2.446069
2.446300
2.446043
2.446546
2.445672
2.446484
2.446182
2.445360
2.445890
2.445394
2.446335
2.445282
2.445357
2.444909
2.445155
2.446639
2.444981
2.445524
2.445149
2.445691
2.445799
2.445174
2.445475
2.445554
2.446049
2.445665
2.445561
2.445163
2.446207
2.445779
2.445883
2.445606
2.446176
2.446023
2.445951
2.446191
2.445666
2.446329
2.445995
2.445772
2.445812
2.445274
2.446248
2.445959
2.445939
2.445129
2.445267
2.443432
2.444485
2.444825
2.445374
2.445410
2.445171
2.445753
2.444385
2.445550
2.445240
2.445458
2.445335
2.445548
2.446520
2.445499
2.445871
2.445708
2.445806
2.446621
2.445483
2.446050
2.445922
2.446777
2.446766
2.446164
2.446214
2.446067
2.446568
2.446420
2.445780
2.445626
2.446987
2.445807
2.446225
2.446189
2.446346
2.446871
2.445937
2.445794
2.445289
2.446072
2.446110
2.446124
2.445985
2.445703
2.445217
2.445960
2.445960
2.445520
2.446341
2.446182
2.446338
2.446548
2.446685
2.447295
2.446301
2.446770
2.445744
2.447044
2.446989
2.446626
2.446786
2.446856
2.447504
2.447063
2.446749
2.446519
2.446870
2.447096
2.445418
2.445757
2.445181
2.446973
2.446415
2.446482
2.445564
2.445980
2.446874
2.446108
2.446117
2.445596
2.446910
2.445367
2.445905
2.446671
2.444973
2.445313
2.445958
2.446200
2.446234
2.446854
2.446821
2.446223
2.446646
2.445884
2.447107
2.446997
2.446691
2.446772
2.446945
2.446647
2.446634
2.446547
2.446393
2.447166
2.446367
2.446482
2.446192
2.446210
2.446926
2.446240
2.446260
2.445577
2.446337
2.445998
2.445852
2.445698
2.446078
2.446163
2.445747
2.445636
2.445393
2.446371
2.446215
2.445857
2.445801
2.445796
2.446527
2.446367
2.446650
2.445902
2.446751
2.446483
2.446647
2.445790
2.444905
2.445662
2.446346
2.446641
2.446308
2.446937
2.446417
2.446501
2.446095
2.446025
2.446428
2.446238
2.446085
2.445881
2.446021
2.445884
2.445260
2.445580
2.445405
2.446095
2.445377
2.445546
2.445198
2.445564
2.446004
2.445680
2.445188
2.445191
2.446169
2.445787
2.445654
2.445752
2.445762
2.446268
2.445749
2.445823
2.445705
2.446684
2.446451
2.446126
2.446073
2.445855
2.446555
2.446029
2.445784
2.445694
2.446020
2.445905
2.445797
2.446067
2.445184
2.446219
2.445690
2.445229
2.445088
2.445230
2.445308
2.445129
2.445347
2.445046
2.445885
2.445338
2.445481
2.445220
2.445303
2.445890
2.445285
2.445978
2.445328
2.445670
2.445284
2.444565
2.444875
2.445097
2.446088
2.445464
2.445359
2.445276
2.445992
2.445667
2.445899
2.445350
2.445204
2.445778
2.445119
2.445670
2.445276
2.445718
2.445320
2.444986
2.444751
2.444246
2.444623
2.444654
2.444553
2.444324
2.444978
2.444652
2.444412
2.444283
2.444431
2.445065
2.445006
2.444864
2.444659
2.445339
2.445237
2.445138
2.444915
2.444735
2.445779
2.445112
2.444994
2.445182
2.445378
2.445686
2.444996
2.445334
2.445003
2.446026
2.445493
2.445533
2.444528
2.444747
2.445497
2.444745
2.444838
2.444726
2.445189
2.444634
2.444696
2.444294
2.444197
2.444780
2.444264
2.444281
2.444480
2.444592
2.444742
2.444866
2.444634
2.444894
2.445200
2.445065
2.445114
2.444479
2.445354
2.444732
2.444996
2.445243
2.444682
2.445915
2.444812
2.445176
2.444670
2.444802
2.445554
2.444632
2.444951
2.444327
2.445084
2.445148
2.444661
2.444547
2.444249
2.444679
2.444206
2.443957
2.444091
2.444742
2.443927
2.444182
2.443728
2.443905
2.444276
2.444117
2.443880
2.443831
2.444637
2.444628
2.444271
2.444109
2.444012
2.444445
2.444158
2.444083
2.444186
2.444647
2.444530
2.444537
2.444508
2.444229
2.444940
2.444217
2.444220
2.444218
2.443888
2.444122
2.444007
2.441911
2.441276
2.441946
2.441291
2.441375
2.440755
2.441851
2.442790
2.442303
2.442687
2.442070
2.442060
2.442149
2.441425
2.441927
2.442176
2.442592
2.441739
2.442579
2.442190
2.442833
2.442517
2.442419
2.441776
2.441965
2.442933
2.441804
2.441863
2.441809
2.442365
2.442021
2.441623
2.441828
2.441058
2.441609
2.441131
2.441230
2.440447
2.439917
2.440177
2.439838
2.440071
2.440524
2.440284
2.439177
2.439760
2.439576
2.439162
2.439464
2.439078
2.439097
2.438779
2.438966
2.438067
2.438203
2.438368
2.438278
2.438325
2.437848
2.438093
2.437521
2.439141
2.438475
2.439252
2.440068
2.439569
2.439862
2.439226
2.439276
2.439345
2.439094
2.439049
2.438985
2.438892
2.438747
2.438592
2.438160
2.439742
2.438511
2.437428
2.437584
2.439196
2.439402
2.437565
2.437704
2.438061
2.441351
2.441242
2.441636
2.441298
2.441875
2.442406
2.441862
2.443461
2.442640
2.442710
2.443315
2.443364
2.443290
2.443473
2.443872
2.443657
2.444484
2.444291
2.444003
2.444232
2.444134
2.444444
2.444682
2.444543
2.444356
2.445282
2.444687
2.444911
2.445031
2.444743
2.445439
2.444911
2.444940
2.444695
2.445267
2.445385
2.445248
2.445433
2.445229
2.446322
2.445976
2.445431
2.445582
2.446105
2.446875
2.446531
2.446592
2.446360
2.447455
2.446991
2.448028
2.447430
2.447714
2.448397
2.447986
2.448444
2.447463
2.448685
2.448707
2.448863
2.447718
2.447216
2.447912
2.447387
2.447546
2.448769
2.449548
2.449590
2.449638
2.449544
2.449351
2.450198
2.450238
2.450374
2.450577
2.450510
2.451078
2.450966
2.451310
2.451434
2.452503
2.451945
2.452490
2.452720
2.453106
2.453310
2.453611
2.453418
2.453489
2.454516
2.454281
2.454497
2.454615
2.454875
2.455919
2.455692
2.455360
2.455070
2.456587
2.455962
2.456181
2.456095
2.456349
2.457434
2.456911
2.456326
2.455426
2.455633
2.456824
2.457316
2.457381
2.457637
2.458138
2.458256
2.458473
2.458307
2.459229
2.459473
2.459018
2.459432
2.459973
2.460995
2.460440
2.460471
2.460820
2.461596
2.462354
2.460944
2.461087
2.461434
2.462543
2.461012
2.462057
2.463014
2.463489
2.464108
2.464515
2.463141
2.463892
2.464933
2.464898
2.465028
2.464522
2.464729
2.465445
2.465135
2.465295
2.465177
2.466272
2.465856
2.466000
2.466491
2.466482
2.467316
2.466764
2.467307
2.467458
2.467887
2.468092
2.467944
2.468061
2.468644
2.468731
2.469208
2.468928
2.468055
2.468827
2.468047
2.468673
2.468574
2.467840
2.468005
2.466096
2.466561
2.465732
2.465882
2.465287
2.463740
2.463531
2.463241
2.461966
2.460284
2.458945
2.459081
2.458786
2.459057
2.458413
2.456263
2.454892
2.455339
2.454297
2.453462
2.452149
2.451097
2.451324
2.450452
2.448718
2.447802
2.447661
2.446418
2.445391
2.444932
2.443507
2.443368
2.442294
2.439288
2.441541
2.442442
2.442168
2.441393
2.440422
2.439385
2.440455
2.441005
2.441111
2.440576
2.436975
2.437038
2.441115
2.441333
2.441345
2.439854
2.429921
2.437011
2.442522
2.442973
2.442031
2.433299
2.426592
2.440019
2.446529
2.447492
2.438987
2.430988
2.429355
2.450472
2.454335
2.449039
2.436869
2.429433
2.434071
2.456611
2.456194
2.436227
2.438040
2.429844
2.442780
2.459133
2.445897
2.438558
2.442212
2.436538
2.453763
2.448846
2.436717
2.449776
2.451292
2.444412
2.453860
2.437316
2.443228
2.466231
2.458682
2.452067
2.450207
2.442053
2.460951
2.475585
2.466673
2.460632
2.451285
2.453573
2.478027
2.479818
2.471243
2.460690
2.450241
2.475191
2.481021
2.481205
2.477403
2.464632
2.470556
2.481612
2.481776
2.482512
2.480631
2.475196
2.480825
2.481992
2.481858
2.481185
2.479795
2.477738
2.476156
2.473943
2.471979
2.468951
2.467089
2.464715
2.464819
2.462820
2.462661
2.463710
2.463035
2.463759
2.465764
2.468669
2.470718
2.472506
2.474589
2.476063
2.478082
2.478397
2.478883
2.478813
2.479270
2.479838
2.479868
2.479722
2.480043
2.481269
2.481137
2.481750
2.482324
2.482474
2.483702
2.483800
2.484193
2.483382
2.483922
2.483664
2.484213
2.484486
2.484775
2.486649
2.486892
2.485619
2.486122
2.487165
2.486929
2.487310
2.487212
2.487325
2.488691
2.487319
2.486140
2.487673
2.487633
2.487403
2.487228
2.486858
2.485986
2.486978
2.485886
2.485465
2.485006
2.484732
2.485101
2.484339
2.484602
2.484737
2.485637
2.485969
2.486126
2.486263
2.486857
2.487504
2.487247
2.487527
2.487467
2.488958
2.488419
2.488493
2.488283
2.487885
2.488845
2.488770
2.488623
2.488463
2.489179
2.488859
2.488762
2.489003
2.488968
2.489747
2.489330
2.487550
2.488623
2.488465
2.489094
2.489340
2.489174
2.483459
2.489359
2.485973
2.486540
2.487755
2.482859
2.478097
2.486692
2.481983
2.486678
2.487920
2.475936
2.475750
2.485973
2.475912
2.483375
2.480979
2.467159
2.472144
2.481440
2.468895
2.474183
2.473772
2.462503
2.465944
2.475881
2.462129
2.465159
2.470427
2.463018
2.459967
2.469130
2.455477
2.458767
2.465010
2.459981
2.454876
2.461994
2.449641
2.455825
2.461069
2.457599
2.456091
2.457432
2.447258
2.456930
2.459952
2.454872
2.455952
2.454779
2.445401
2.457895
2.456514
2.449852
2.453690
2.449284
2.446693
2.457421
2.452411
2.445193
2.449410
2.444992
2.450990
2.456303
2.447368
2.444379
2.445264
2.447044
2.456769
2.455159
2.443871
2.443445
2.443147
2.450311
2.460763
2.451369
2.444732
2.443787
2.447848
2.456083
2.459078
2.449991
2.444491
2.446340
2.453731
2.461146
2.458391
2.450416
2.446710
2.450462
2.458836
2.462007
2.456419
2.450685
2.447891
2.453485
2.457933
2.457527
2.449746
2.445565
2.442877
2.447319
2.446637
2.443342
2.438102
2.434198
2.432904
2.433079
2.431308
2.427444
2.425126
2.421609
2.420518
2.418458
2.416558
2.414497
2.411425
2.409462
2.408041
2.407858
2.406553
2.404354
2.404006
2.402938
2.404176
2.403846
2.403967
2.403922
2.405412
2.406798
2.408652
2.410760
2.412193
2.415258
2.416803
2.419434
2.421848
2.424836
2.427562
2.429443
2.431379
2.433565
2.436332
2.439024
2.442623
2.445174
2.448334
2.450207
2.452235
2.454340
2.456148
2.458977
2.460404
2.461473
2.462695
2.463950
2.465743
2.467106
2.467480
2.467924
2.468917
2.468712
2.468604
2.468620
2.468305
2.468851
2.467661
2.467405
2.466888
2.467153
2.466378
2.465788
2.465083
2.464423
2.464963
2.463894
2.463734
2.463558
2.463734
2.464149
2.464187
2.463904
2.464235
2.464806
2.464345
2.465022
2.465123
2.465814
2.466237
2.466263
2.466691
2.466994
2.468352
2.468677
2.469180
2.469888
2.470980
2.472622
2.472690
2.473586
2.473735
2.475080
2.475498
2.476088
2.476662
2.477379
2.477939
2.477314
2.477765
2.477933
2.479127
2.478974
2.479413
2.479662
2.479934
2.480674
2.480576
2.480642
2.480476
2.481188
2.481254
2.480737
2.481024
2.480602
2.481670
2.480914
2.480192
2.479846
2.480135
2.479701
2.479036
2.478275
2.477486
2.478086
2.477896
2.477083
2.475628
2.474363
2.473921
2.473686
2.473398
2.472537
2.472027
2.471070
2.470416
2.471412
2.471623
2.472177
2.472143
2.472509
2.473207
2.474777
2.474978
2.476386
2.476656
2.476878
2.478689
2.478737
2.479755
2.480878
2.482173
2.483270
2.483822
2.483940
2.484638
2.485605
2.485276
2.485292
2.485446
2.485934
2.485948
2.486038
2.486054
2.485933
2.486526
2.485940
2.485878
2.485844
2.485953
2.486448
2.485985
2.485943
2.485743
2.486676
2.486181
2.486312
2.486537
2.486581
2.487004
2.486387
2.486776
2.486543
2.487588
2.487380
2.487335
2.487183
2.487268
2.487717
2.487177
2.487215
2.487043
2.487460
2.487125
2.486560
2.486566
2.486095
2.486452
2.486053
2.485629
2.485360
2.485518
2.485257
2.484612
2.483833
2.483441
2.483012
2.481519
2.480963
2.480590
2.480235
2.481384
2.481910
2.482211
2.481896
2.482672
2.481723
2.481174
2.480231
2.479615
2.479851
2.479171
2.478736
2.478827
2.479511
2.478877
2.481424
2.480648
2.482420
2.483153
2.483696
2.482480
2.484035
2.485270
2.485281
2.484284
2.485278
2.484697
2.485023
2.484116
2.483366
2.484933
2.485561
2.485209
2.485398
2.484553
2.484593
2.485502
2.484156
2.484701
2.484632
2.485073
2.485246
2.484938
2.484781
2.484706
2.485596
2.485209
2.485161
2.485547
2.484133
2.485433
2.485115
2.485003
2.484706
2.485565
2.484672
2.484704
2.484638
2.484156
2.485034
2.484190
2.483877
2.483541
2.484462
2.484072
2.483877
2.483761
2.483530
2.484045
2.483474
2.483124
2.482837
2.483502
2.483582
2.482389
2.483157
2.482920
2.483897
2.483351
2.483453
2.483646
2.483809
2.484061
2.483603
2.483751
2.483366
2.483986
2.483557
2.483346
2.483179
2.483250
2.483274
2.483065
2.483454
2.480857
2.481518
2.479826
2.479885
2.479820
2.479438
2.480582
2.480476
2.479628
2.479582
2.479607
2.478556
2.478094
2.477093
2.477253
2.477930
2.477312
2.476801
2.475559
2.474571
2.476258
2.476217
2.475637
2.475292
2.471551
2.473351
2.475387
2.474977
2.475111
2.471998
2.468032
2.472611
2.473598
2.475405
2.476466
2.470893
2.471456
2.475881
2.475564
2.474288
2.471412
2.468920
2.472339
2.472355
2.473102
2.470034
2.468492
2.470924
2.470928
2.470057
2.469121
2.466993
2.469683
2.470894
2.468942
2.469749
2.466196
2.468446
2.471974
2.470517
2.469603
2.467871
2.467435
2.472841
2.473784
2.469804
2.469790
2.466545
2.471690
2.473758
2.471836
2.470299
2.468704
2.471471
2.475492
2.475085
2.472276
2.471994
2.471195
2.474687
2.474104
2.473781
2.472079
2.472910
2.473282
2.473968
2.473508
2.472257
2.472391
2.472091
2.473062
2.472731
2.473311
2.472977
2.473361
2.473636
2.473742
2.474982
2.474342
2.474244
2.474744
2.476067
2.476366
2.476586
2.476473
2.476626
2.477859
2.477761
2.477712
2.477481
2.478063
2.477878
2.478077
2.478398
2.478015
2.478717
2.478774
2.478250
2.479011
2.479235
2.479059
2.479201
2.479018
2.479069
2.479515
2.479258
2.479368
2.479448
2.479745
2.480879
2.479350
2.479764
2.479956
2.480827
2.479721
2.479209
2.478874
2.478794
2.481503
2.481957
2.482081
2.481647
2.483012
2.482333
2.482765
2.482877
2.482688
2.483710
2.483287
2.483319
2.483289
2.483974
2.483788
2.483291
2.483631
2.483568
2.484155
2.483788
2.483895
2.483958
2.484519
2.484002
2.483906
2.483777
2.483942
2.484910
2.484697
2.484465
2.484639
2.484992
2.485503
2.485272
2.486081
2.484457
2.486107
2.486270
2.486423
2.486479
2.486474
2.487080
2.487251
2.487288
2.487048
2.487541
2.487788
2.487480
2.487655
2.487741
2.488371
2.487728
2.487680
2.487135
2.488191
2.487468
2.487299
2.487301
2.487391
2.487841
2.486543
2.485952
2.485608
2.486623
2.484852
2.484387
2.483623
2.482440
2.486160
2.486002
2.486144
2.486194
2.487127
2.487687
2.486844
2.487416
2.487020
2.487587
2.485926
2.485438
2.485735
2.487545
2.488732
2.488809
2.488958
2.488943
2.489625
2.489193
2.488868
2.488728
2.488641
2.489480
2.488114
2.488686
2.488368
2.489238
2.488635
2.488459
2.487957
2.487456
2.488050
2.487515
2.487257
2.487476
2.487515
2.487561
2.487416
2.487401
2.487140
2.487881
2.487301
2.487811
2.486795
2.486922
2.487122
2.487004
2.487244
2.486078
2.487436
2.487302
2.486513
2.486536
2.486801
2.486230
2.486091
2.486390
2.486447
2.487006
2.486686
2.486311
2.486322
2.486513
2.486584
2.486323
2.486099
2.485628
2.486708
2.485922
2.485022
2.486351
2.485621
2.486446
2.485543
2.486156
2.486611
2.487068
2.486579
2.486569
2.485968
2.485840
2.487074
2.487808
2.487775
2.487016
2.487727
2.487360
2.487587
2.487544
2.486367
2.487504
2.488047
2.487437
2.487258
2.486887
2.485996
2.486001
2.486653
2.485611
2.484655
2.485833
2.485116
2.485475
2.484218
2.483657
2.483790
2.484186
2.484418
2.484078
2.483256
2.483428
2.483547
2.483233
2.483082
2.483598
2.484626
2.484438
2.484527
2.484529
2.484505
2.485274
2.483934
2.484565
2.484642
2.485090
2.485060
2.484744
2.484704
2.484552
2.485128
2.484630
2.484775
2.484078
2.484654
2.483793
2.483720
2.483951
2.483639
2.484438
2.483444
2.483448
2.482949
2.483580
2.483323
2.483224
2.483438
2.482781
2.483788
2.483420
2.483370
2.483024
2.483403
2.483774
2.483384
2.483578
2.483689
2.484313
2.483762
2.483100
2.483623
2.484012
2.484460
2.484188
2.484214
2.483872
2.484502
2.484224
2.484114
2.484124
2.483873
2.484696
2.483411
2.483937
2.483739
2.484574
2.484376
2.483858
2.484093
2.483194
2.484242
2.483835
2.483870
2.483829
2.483792
2.483598
2.483652
2.483727
2.483741
2.484809
2.484251
2.484573
2.484724
2.485149
2.485698
2.485334
2.485760
2.484914
2.486565
2.486402
2.486611
2.486943
2.486714
2.487460
2.487460
2.487087
2.487267
2.487942
2.487683
2.487540
2.487348
2.487571
2.488214
2.488163
2.487842
2.488081
2.487891
2.488090
2.487639
2.487710
2.487484
2.488464
2.486765
2.487282
2.486922
2.487841
2.487568
2.487543
2.487467
2.486969
2.487867
2.487458
2.487667
2.487902
2.487819
2.488799
2.489449
2.489749
2.489842
2.490913
2.490570
2.490361
2.491429
2.487751
2.488654
2.488624
2.487956
2.489366
2.489803
2.489494
2.489970
2.490636
2.490517
2.489618
2.489247
2.488816
2.489291
2.489694
2.489728
2.489656
2.489427
2.488886
2.489979
2.489430
2.489391
2.489886
2.490298
2.490489
2.490665
2.490441
2.490747
2.491056
2.490781
2.490752
2.491202
2.491211
2.491902
2.491166
2.491186
2.491644
2.492422
2.491818
2.491429
2.491301
2.491899
2.492127
2.491881
2.491123
2.490281
2.491670
2.491054
2.490655
2.490655
2.490937
2.490921
2.490461
2.490842
2.490466
2.491236
2.490860
2.491515
2.491401
2.491682
2.491545
2.491342
2.491354
2.491387
2.492395
2.491894
2.491969
2.491440
2.492145
2.492337
2.492262
2.492337
2.492150
2.492654
2.491537
2.492247
2.492896
2.492908
2.493387
2.492985
2.492307
2.492273
2.493657
2.493297
2.493108
2.493533
2.492964
2.493765
2.493232
2.493576
2.493165
2.493920
2.493684
2.493128
2.493578
2.493807
2.494107
2.494092
2.494279
2.493856
2.494800
2.494572
2.494337
2.494206
2.494162
2.494958
2.494393
2.494255
2.494419
2.494724
2.494094
2.494048
2.494071
2.494143
2.494606
2.494339
2.493829
2.493392
2.493625
2.493750
2.493290
2.493354
2.493317
2.493852
2.493102
2.493488
2.493268
2.493058
2.493622
2.493746
2.493354
2.493588
2.494186
2.493922
2.494220
2.493891
2.493596
2.494409
2.494174
2.494128
2.493721
2.494484
2.494090
2.493821
2.493879
2.493798
2.494340
2.494012
2.493434
2.490845
2.491093
2.489587
2.492359
2.492372
2.491950
2.493265
2.493213
2.493562
2.493509
2.494036
2.493315
2.493473
2.493278
2.493567
2.494060
2.493516
2.493635
2.493671
2.494482
2.493226
2.493412
2.493892
2.493626
2.494309
2.493666
2.493882
2.493335
2.494020
2.493522
2.493554
2.493448
2.493095
2.493455
2.493190
2.492803
2.492821
2.493451
2.492453
2.492163
2.491977
2.491855
2.492462
2.491903
2.492393
2.490079
2.490601
2.490988
2.490519
2.490092
2.489518
2.490366
2.490214
2.490396
2.491117
2.491400
2.492214
2.492080
2.491938
2.492145
2.492998
2.492519
2.492812
2.493001
2.492410
2.493332
2.492540
2.492754
2.492030
2.493619
2.492034
2.492952
2.491677
2.490962
2.492359
2.491804
2.492400
2.491991
2.492440
2.492327
2.491839
2.491859
2.491474
2.492028
2.492269
2.491958
2.492344
2.492314
2.492358
2.492252
2.492261
2.492449
2.493470
2.493008
2.493192
2.492082
2.492855
2.493347
2.492998
2.492851
2.492556
2.493482
2.493144
2.493272
2.493285
2.492607
2.492876
2.492698
2.492798
2.492455
2.492897
2.492646
2.492365
2.492513
2.491812
2.492478
2.491641
2.492077
2.491594
2.492802
2.491919
2.491763
2.491781
2.492086
2.492471
2.492195
2.491801
2.492106
2.492608
2.492599
2.492340
2.492742
2.492345
2.493384
2.493250
2.492681
2.492885
2.493466
2.491941
2.492169
2.491561
2.492760
2.493544
2.492869
2.492968
2.492917
2.492937
2.493334
2.493038
2.493091
2.492596
2.493631
2.492582
2.492486
2.492433
2.492459
2.493023
2.492672
2.492478
2.492368
2.493109
2.492768
2.492453
2.492682
2.492452
2.493212
2.492800
2.493118
2.492616
2.493327
2.493202
2.493122
2.492826
2.492788
2.493778
2.493091
2.493033
2.492738
2.493141
2.493111
2.492892
2.492788
2.492530
2.493017
2.492608
2.492672
2.492469
2.492418
2.492663
2.491583
2.491845
2.491828
2.492146
2.491553
2.491980
2.491348
2.491829
2.491867
2.491675
2.491382
2.491088
2.491719
2.491656
2.491552
2.491671
2.491491
2.492898
2.489970
2.490985
2.490109
2.492548
2.492564
2.492519
2.492344
2.492165
2.492852
2.492375
2.492095
2.492089
2.492548
2.491844
2.492034
2.491708
2.491828
2.493055
2.492335
2.491917
2.491533
2.491853
2.491940
2.491772
2.491730
2.491098
2.491813
2.491310
2.490944
2.490137
2.488609
2.487755
2.487017
2.487240
2.487676
2.489395
2.489818
2.490404
2.490759
2.491391
2.492995
2.493146
2.493386
2.493690
2.494469
2.494543
2.494196
2.494377
2.493993
2.494954
2.494944
2.494910
2.495324
2.495112
2.495703
2.495195
2.495092
2.494481
2.495145
2.494578
2.494755
2.494261
2.495024
2.495447
2.495298
2.494165
2.493270
2.494076
2.494497
2.495578
2.495330
2.495841
2.495872
2.496154
2.496039
2.495445
2.496546
2.496489
2.496432
2.496213
2.496719
2.497157
2.496532
2.496709
2.495730
2.497192
2.496930
2.496579
2.496271
2.496222
2.496904
2.496792
2.496309
2.496434
2.496555
2.496314
2.496123
2.495977
2.496063
2.496085
2.495875
2.495959
2.495713
2.496515
2.495996
2.495954
2.496480
2.495740
2.496899
2.496190
2.496244
2.496426
2.497215
2.496645
2.496773
2.497102
2.496448
2.497548
2.497187
2.497013
2.496184
2.497184
2.497245
2.496881
2.496611
2.496519
2.497224
2.496777
2.496809
2.496611
2.496232
2.497137
2.496467
2.496836
2.494642
2.495157
2.494907
2.495643
2.495943
2.495493
2.496308
2.496315
2.495741
2.495990
2.496094
2.496160
2.496151
2.496434
2.496158
2.496932
2.496102
2.496284
2.496710
2.496829
2.496849
2.496873
2.496923
2.496495
2.497446
2.496766
2.496651
2.496737
2.496887
2.496989
2.496729
2.496416
2.496292
2.497229
2.496597
2.496157
2.495981
2.495481
2.496254
2.495625
2.495722
2.495325
2.496417
2.495979
2.495607
2.495351
2.495394
2.495973
2.495698
2.495634
2.495215
2.496511
2.496184
2.496168
2.496067
2.495509
2.496868
2.496269
2.496047
2.496479
2.496426
2.496447
2.496167
2.496511
2.495904
2.496862
2.496138
2.496269
2.496435
2.495767
2.494716
2.494870
2.494644
2.495278
2.495987
2.495480
2.495217
2.495272
2.495159
2.495719
2.495390
2.494347
2.494723
2.495864
2.495515
2.495172
2.495365
2.495565
2.496162
2.495810
2.495741
2.495041
2.495889
2.496294
2.495985
2.495601
2.495870
2.496612
2.495908
2.495852
2.495471
2.496031
2.495941
2.496215
2.495528
2.495691
2.496325
2.496005
2.495559
2.495580
2.495843
2.495676
2.495228
2.494654
2.494835
2.495482
2.494941
2.494668
2.494635
2.494805
2.495545
2.495057
2.494883
2.494873
2.495689
2.495481
2.495574
2.495451
2.496054
2.495084
2.495542
2.495680
2.495281
2.496616
2.496576
2.494475
2.494920
2.494139
2.496173
2.495640
2.495849
2.494450
2.495833
2.496003
2.495518
2.495816
2.494864
2.495606
2.495251
2.495005
2.494683
2.494426
2.495031
2.495082
2.494512
2.494798
2.495150
2.494720
2.495066
2.494856
2.495064
2.495034
2.495195
2.495009
2.495015
2.496249
2.495017
2.495773
2.495679
2.495483
2.495986
2.495482
2.495440
2.495202
2.496355
2.495926
2.495203
2.495388
2.495742
2.495593
2.495443
2.495272
2.495053
2.495775
2.495733
2.495472
2.494897
2.494714
2.495443
2.495246
2.495328
2.494789
2.494799
2.495143
2.494850
2.495143
2.494692
2.495619
2.495360
2.495350
2.495458
2.495676
2.495989
2.495912
2.494392
2.494689
2.495049
2.495776
2.496036
2.496114
2.496050
2.496567
2.496259
2.496098
2.495818
2.496633
2.496051
2.495729
2.496265
2.496030
2.496274
2.496109
2.495882
2.495461
2.495924
2.495361
2.495170
2.495382
2.495142
2.495701
2.495475
2.495252
2.495117
2.495992
2.495597
2.495551
2.495548
2.495370
2.496382
2.495915
2.495981
2.495565
2.495960
2.496439
2.495851
2.496159
2.496174
2.496499
2.496272
2.496235
2.496105
2.496808
2.496728
2.496309
2.496292
2.496207
2.496863
2.495626
2.496058
2.496136
2.495638
2.496356
2.495290
2.495636
2.495139
2.496208
2.495543
2.494981
2.496046
2.494879
2.495272
2.494693
2.494223
2.494475
2.495300
2.495260
2.495270
2.495376
2.495428
2.495531
2.495742
2.495676
2.495493
2.495824
2.495787
2.495644
2.495659
2.495440
2.496132
2.495574
2.495370
2.495511
2.495527
2.495867
2.495390
2.495810
2.495281
2.495573
2.494915
2.494693
2.494718
2.494813
2.494572
2.494882
2.494563
2.494566
2.495603
2.494923
2.495177
2.494850
2.494907
2.495581
2.494978
2.495210
2.495019
2.495855
2.495292
2.495048
2.495267
2.495474
2.496234
2.495854
2.495820
2.495298
2.496274
2.495947
2.496045
2.495358
2.495040
2.496117
2.495854
2.495596
2.495312
2.495874
2.495893
2.495448
2.495384
2.495111
2.495072
2.495164
2.494954
2.494575
2.495183
2.495150
2.495106
2.494758
2.495042
2.495939
2.494865
2.495282
2.495133
2.495295
2.496166
2.495744
2.495396
2.495809
2.496068
2.495615
2.495677
2.495713
2.495409
2.496310
2.496074
2.495751
2.495530
2.496142
2.495643
2.495485
2.495338
2.495209
2.496049
2.495403
2.495271
2.494704
2.494914
2.495334
2.494808
2.494891
2.494044
2.494906
2.494764
2.494623
2.494658
2.494727
2.494931
2.494943
2.494881
2.494686
2.495838
2.495518
2.495492
2.494933
2.495248
2.496176
2.495196
2.495379
2.495184
2.496148
2.493386
2.492561
2.494209
2.492386
2.494915
2.494583
2.495181
2.494841
2.494075
2.495204
2.494543
2.494727
2.494559
2.495050
2.495012
2.494861
2.495074
2.494609
2.495339
2.494687
2.494968
2.494684
2.495481
2.495361
2.495108
2.494833
2.495307
2.495535
2.494895
2.494921
2.495096
2.495520
2.494717
2.493717
2.494155
2.495115
2.496126
2.495052
2.494698
2.494529
2.494837
2.494928
2.494611
2.494619
2.494609
2.495224
2.494200
2.493951
2.493795
2.494174
2.494467
2.494138
2.493820
2.493694
2.494496
2.494054
2.494137
2.494051
2.493858
2.494694
2.494808
2.494816
2.494662
2.494966
2.494903
2.495016
2.495308
2.496065
2.496641
2.496765
2.496599
2.495075
2.494971
2.495114
2.495374
2.495003
2.496536
2.496227
2.497078
2.495839
2.496557
2.495995
2.496025
2.496468
2.495871
2.495047
2.496065
2.495620
2.495694
2.495478
2.495148
2.496112
2.495842
2.495729
2.494687
2.496178
2.495826
2.496003
2.496498
2.495754
2.497010
2.496848
2.496069
2.496366
2.496638
2.496933
2.496818
2.496920
2.496601
2.497112
2.496806
2.496890
2.496842
2.496486
2.496433
2.496236
2.496637
2.496129
2.497218
2.496361
2.496639
2.496306
2.495967
2.496395
2.495774
2.495768
2.495979
2.496232
2.496300
2.495771
2.496010
2.495703
2.496539
2.496532
2.495694
2.496129
2.497143
2.496629
2.495180
2.495248
2.496374
2.494928
2.495087
2.495134
2.496768
2.497241
2.496768
2.496987
2.496668
2.497711
2.497259
2.496362
2.496552
2.496933
2.497238
2.496850
2.496937
2.496377
2.496704
2.496158
2.496264
2.496404
2.496158
2.496284
2.496190
2.496176
2.495795
2.496874
2.496191
2.495905
2.496186
2.496347
2.497154
2.496906
2.496371
2.496750
2.497104
2.497005
2.496841
2.496594
2.496843
2.497408
2.496964
2.497296
2.496523
2.497470
2.497335
2.496839
2.496696
2.496300
2.497501
2.496870
2.496398
2.496920
2.496439
2.496775
2.496427
2.496157
2.495899
2.496328
2.496027
2.495911
2.496449
2.496272
2.495378
2.495076
2.494287
2.494464
2.495179
2.495576
2.496414
2.496578
2.496746
2.496841
2.496146
2.496510
2.496191
2.497479
2.497166
2.496831
2.496659
2.496598
2.497366
2.497033
2.497116
2.496222
2.496541
2.496953
2.496678
2.496465
2.496290
2.496967
2.496818
2.496107
2.495889
2.496203
2.496263
2.496133
2.496257
2.495698
2.496364
2.495874
2.496037
2.495890
2.496079
2.496688
2.496083
2.496217
2.496339
2.496972
2.497018
2.496495
2.496325
2.496686
2.496928
2.496952
2.496721
2.496601
2.497236
2.497187
2.497000
2.496726
2.497035
2.497517
2.496870
2.496756
2.496313
2.496964
2.496958
2.496324
2.496806
2.494980
2.494796
2.494895
2.495642
2.496186
2.495568
2.495850
2.496091
2.495821
2.495784
2.496650
2.496131
2.496001
2.495917
2.496732
2.496884
2.496613
2.496506
2.496250
2.497270
2.496772
2.496591
2.496765
2.496588
2.497108
2.497053
2.496673
2.496527
2.497514
2.497202
2.497115
2.496865
2.496609
2.497135
2.496970
2.496581
2.496517
2.496882
2.496285
2.495973
2.496232
2.496029
2.496969
2.496256
2.496175
2.495771
2.496558
2.496536
2.496420
2.496191
2.496048
2.496953
2.496740
2.496945
2.496194
2.497014
2.497154
2.496883
2.496964
2.496653
2.497498
2.497187
2.496741
2.497185
2.496403
2.497147
2.496493
2.496942
2.496712
2.496741
2.495122
2.495099
2.495404
2.495616
2.495105
2.494677
2.495943
2.495602
2.496510
2.495800
2.495719
2.495596
2.495909
2.496489
2.496125
2.495826
2.495714
2.496267
2.496318
2.496649
2.496634
2.496306
2.496814
2.496696
2.496671
2.496500
2.497120
2.496657
2.497330
2.496374
2.496479
2.497240
2.496705
2.496483
2.496700
2.496623
2.496749
2.496603
2.496529
2.496357
2.496886
2.496376
2.496389
2.496119
2.495638
2.496042
2.495784
2.495953
2.496258
2.496691
2.496116
2.496198
2.495944
2.496021
2.496477
2.496016
2.496115
2.495833
2.496727
2.496549
2.496290
2.496441
2.496483
2.497184
2.496602
2.497230
2.496206
2.495848
2.495541
2.495688
2.495615
2.494846
2.496874
2.496737
2.496384
2.496279
2.496793
2.496896
2.496571
2.496366
2.495712
2.496463
2.496054
2.496238
2.495952
2.495872
2.496413
2.496168
2.496629
2.496064
2.495643
2.496011
2.496030
2.496416
2.496186
2.497125
2.496796
2.496407
2.495998
2.496935
2.496760
2.496688
2.497300
2.496793
2.497336
2.496804
2.496914
2.496650
2.497019
2.497395
2.496313
2.497009
2.496268
2.497081
2.496712
2.496222
2.496319
2.496606
2.496316
2.495980
2.495903
2.495679
2.496876
2.495927
2.496119
2.495877
2.496195
2.496698
2.496406
2.496130
2.495750
2.497149
2.497004
2.496646
2.495197
2.495217
2.495232
2.495868
2.495415
2.496783
2.496967
2.497264
2.497103
2.496966
2.497211
2.496659
2.496980
2.496470
2.496796
2.497776
2.497075
2.496823
2.496932
2.496315
2.497395
2.496049
2.496377
2.495798
2.496623
2.496939
2.495508
2.496017
2.496104
2.496840
2.496447
2.495593
2.495679
2.496405
2.496464
2.496443
2.496113
2.496023
2.497017
2.496855
2.497043
2.496834
2.497209
2.497329
2.497275
2.497022
2.496742
2.497768
2.497185
2.497335
2.497411
2.496204
2.497277
2.497127
2.496833
2.496538
2.497381
2.496621
2.496840
2.496549
2.496352
2.496791
2.496221
2.496313
2.496081
2.496969
2.496506
2.494656
2.494876
2.495771
2.496935
2.496651
2.496310
2.496505
2.497337
2.497428
2.496866
2.496703
2.497038
2.497735
2.497479
2.497247
2.497274
2.497371
2.497554
2.497483
2.497663
2.497077
2.497879
2.497469
2.497261
2.497153
2.496949
2.497628
2.497158
2.496774
2.496545
2.496989
2.496434
2.496276
2.496455
2.496206
2.496650
2.496200
2.496435
2.495995
2.496769
2.496510
2.496673
2.496510
2.496328
2.497115
2.496656
2.496822
2.496410
2.497162
2.497306
2.497085
2.496978
2.496818
2.497743
2.497153
2.496902
2.496783
2.497249
2.497349
2.497053
2.497064
2.496853
2.497497
2.497289
2.497195
2.496848
2.496923
2.497119
2.497151
2.495864
2.495338
2.495546
2.495451
2.495602
2.495541
2.496150
2.496644
2.496633
2.496785
2.496834
2.497140
2.497001
2.497037
2.497706
2.496538
2.497196
2.497022
2.497358
2.497066
2.497951
2.497341
2.497525
2.497696
2.497210
2.497864
2.497391
2.497373
2.497551
2.497693
2.497439
2.497253
2.497348
2.497006
2.497545
2.496926
2.496797
2.496486
2.496688
2.497306
2.496478
2.496625
2.496275
2.497284
2.496942
2.496811
2.496526
2.497015
2.497585
2.497200
2.497503
2.497128
2.497752
2.497554
2.497360
2.497546
2.497237
2.497936
2.497717
2.497459
2.497245
2.497979
2.497744
2.497602
2.497395
2.497619
2.497585
2.496578
2.496333
2.496329
2.496744
2.496947
2.496389
2.496249
2.495803
2.496698
2.496306
2.495744
2.496171
2.496136
2.496608
2.496439
2.495704
2.496204
2.496797
2.496443
2.496532
2.496110
2.496609
2.497482
2.496716
2.496946
2.496420
2.497269
2.496913
2.496986
2.497230
2.496637
2.497550
2.497366
2.497026
2.497004
2.497577
2.497072
2.497270
2.497130
2.497000
2.497419
2.496991
2.496914
2.496300
2.497054
2.496454
2.496458
2.496673
2.496214
2.496930
2.496350
2.496827
2.496135
2.496893
2.497128
2.496200
2.496721
2.496573
2.497368
2.497056
2.496651
2.497211
2.497455
2.497779
2.497662
2.497281
2.497285
2.497997
2.497720
2.497487
2.497195
2.497391
2.498071
2.497350
2.497649
2.497058
2.497724
2.497563
2.497400
2.497528
2.496682
2.497427
2.496560
2.496425
2.496536
2.496895
2.496751
2.496639
2.496423
2.496611
2.497255
2.496499
2.496768
2.496697
2.497625
2.497137
2.497260
2.497675
2.497051
2.498037
2.497357
2.497451
2.497576
2.497576
2.498122
2.497627
2.497841
2.497479
2.498409
2.498051
2.497509
2.497608
2.497135
2.497997
2.497485
2.497041
2.497027
2.497755
2.497138
2.496796
2.496820
2.496401
2.497420
2.496677
2.497204
2.496418
2.497005
2.494163
2.494407
2.493616
2.496502
2.496714
2.496473
2.496399
2.496920
2.497089
2.498469
2.497776
2.498364
2.498392
2.498782
2.498257
2.499025
2.497525
2.498999
2.498246
2.498119
2.498331
2.498196
2.498465
2.497811
2.497859
2.497389
2.498086
2.498093
2.496985
2.497368
2.497640
2.498240
2.498129
2.497439
2.497440
2.498748
2.498143
2.498080
2.498035
2.498319
2.499259
2.497681
2.498145
2.498061
2.498908
2.498894
2.498724
2.498955
2.498586
2.499717
2.498877
2.498915
2.498674
2.498865
2.498875
2.498692
2.498972
2.498534
2.499211
2.498848
2.498446
2.498212
2.498223
2.497998
2.497693
2.498425
2.497014
2.498283
2.497742
2.498246
2.497203
2.496693
2.496675
2.496574
2.496970
2.497295
2.498736
2.498726
2.498089
2.498333
2.498754
2.498820
2.498572
2.498463
2.498203
2.498701
2.498706
2.498308
2.498310
2.498440
2.499506
2.497639
2.497893
2.498164
2.498493
2.498621
2.498414
2.497974
2.498093
2.498500
2.497779
2.497851
2.497739
2.497671
2.498240
2.497793
2.497847
2.497683
2.498757
2.498075
2.498393
2.498204
2.498531
2.498276
2.498503
2.499006
2.497144
2.498735
2.498676
2.498656
2.498774
2.498535
2.499307
2.498517
2.498844
2.498665
2.499307
2.499018
2.498410
2.498082
2.498520
2.499079
2.498870
2.498465
2.498230
2.498580
2.498505
2.497220
2.496113
2.495848
2.498302
2.496317
2.497464
2.497059
2.497482
2.497694
2.497493
2.497475
2.497536
2.498114
2.497654
2.497867
2.497592
2.497481
2.497705
2.497562
2.497389
2.497408
2.498167
2.497953
2.497368
2.497753
2.497343
2.498158
2.497227
2.496998
2.496912
2.497589
2.496850
2.496800
2.496586
2.496431
2.496710
2.496227
2.495707
2.495061
2.495950
2.495589
2.494611
2.494702
2.494755
2.495266
2.494866
2.494560
2.494449
2.494466
2.494569
2.494437
2.494110
2.493851
2.494749
2.494131
2.494091
2.493302
2.493623
2.493827
2.493523
2.493568
2.492832
2.493776
2.493299
2.492451
2.492635
2.491978
2.493073
2.491922
2.491479
2.489612
2.490231
2.488885
2.489730
2.488617
2.488732
2.489840
2.489262
2.488982
2.488443
2.489070
2.488322
2.488083
2.488021
2.487671
2.487881
2.487264
2.487075
2.486702
2.487206
2.487296
2.486743
2.486067
2.486078
2.486473
2.485941
2.485570
2.485307
2.485203
2.485170
2.484840
2.484556
2.483961
2.484657
2.483757
2.483358
2.483062
2.483219
2.482852
2.482232
2.481788
2.481680
2.481930
2.480685
2.480828
2.480377
2.479908
2.480061
2.479376
2.479072
2.478617
2.479100
2.478537
2.478055
2.478482
2.477521
2.478072
2.477172
2.477766
2.477096
2.478009
2.476965
2.476854
2.476268
2.475634
2.476870
2.476137
2.474315
2.473899
2.473277
2.474223
2.473158
2.473895
2.473401
2.474152
2.473479
2.473205
2.472695
2.472469
2.473332
2.471008
2.471187
2.470652
2.471761
2.470730
2.470713
2.470298
2.470016
2.470189
2.469981
2.469478
2.468743
2.469680
2.468923
2.468879
2.468888
2.468219
2.468817
2.468153
2.468264
2.467548
2.467742
2.467443
2.467107
2.466725
2.466445
2.466651
2.466242
2.465274
2.465490
2.465597
2.465357
2.464725
2.464613
2.463835
2.464514
2.463949
2.463288
2.462835
2.462630
2.462857
2.461964
2.462500
2.461691
2.462344
2.461535
2.461101
2.460827
2.460573
2.460921
2.460445
2.460076
2.459402
2.460656
2.458655
2.457941
2.457735
2.457848
2.458556
2.457420
2.457084
2.457569
2.457350
2.457380
2.456410
2.456279
2.455423
2.455713
2.455996
2.454880
2.454923
2.455127
2.454631
2.454453
2.453393
2.453376
2.453369
2.453279
2.452790
2.452025
2.452197
2.452366
2.451687
2.451978
2.450838
2.450839
2.450809
2.450676
2.451204
2.452036
2.451026
2.451627
2.450208
2.451102
2.450962
2.450248
2.450393
2.450086
2.450558
2.449915
2.449566
2.449441
2.451749
2.449596
2.450566
2.450362
2.448897
2.450535
2.449971
2.450178
2.449608
2.448766
2.449118
2.448843
2.448772
2.448891
2.448520
2.448202
2.448164
2.447163
2.448004
2.448044
2.448219
2.447941
2.447686
2.448319
2.448041
2.448178
2.447669
2.447901
2.448285
2.447999
2.447848
2.447630
2.448167
2.448145
2.447869
2.447897
2.447785
2.448418
2.447913
2.447243
2.447389
2.448257
2.447661
2.447966
2.447644
2.447398
2.447956
2.447098
2.447131
2.446896
2.447712
2.446465
2.446701
2.446021
2.447006
2.446975
2.446617
2.446492
2.446827
2.447008
2.446767
2.447111
2.445917
2.447014
2.446738
2.446758
2.446741
2.446797
2.447323
2.446951
2.447003
2.446589
2.447886
2.447335
2.447308
2.447066
2.447174
2.447135
2.446895
2.446561
2.446570
2.447191
2.446611
2.446650
2.446147
2.446054
2.446480
2.446610
2.445915
2.445970
2.446139
2.446265
2.446245
2.446231
2.445964
2.446715
2.446487
2.446418
2.446279
2.447050
2.446524
2.446464
2.446477
2.446556
2.447293
2.446914
2.446883
2.446862
2.447088
2.447468
2.446889
2.446932
2.446314
2.447901
2.446843
2.447096
2.446664
2.447003
2.447188
2.446775
2.446539
2.446171
2.446791
2.445986
2.446252
2.445763
2.446198
2.446929
2.446322
2.446362
2.446195
2.447003
2.446513
2.446381
2.446783
2.446342
2.447665
2.446936
2.447137
2.447072
2.447531
2.447174
2.446897
2.447575
2.445085
2.444927
2.446173
2.444832
2.446442
2.446882
2.446690
2.446579
2.445982
2.445834
2.446091
2.445741
2.446201
2.446778
2.446524
2.446587
2.446433
2.446494
2.447277
2.446649
2.446496
2.446337
2.447221
2.447078
2.446784
2.446664
2.446499
2.447365
2.446532
2.446555
2.446014
2.447237
2.446610
2.446788
2.446858
2.446293
2.446393
2.446307
2.445998
2.445851
2.446030
2.445531
2.445891
2.445541
2.445049
2.445756
2.445316
2.445189
2.444739
2.444623
2.444936
2.444704
2.444620
2.444240
2.445004
2.444674
2.444767
2.443977
2.444456
2.445346
2.445037
2.445135
2.444650
2.445390
2.445024
2.445180
2.445197
2.444608
2.445552
2.444357
2.444978
2.444348
2.445294
2.445109
2.444980
2.444784
2.444370
2.445020
2.444466
2.444623
2.444192
2.444441
2.444414
2.444102
2.443762
2.443386
2.444289
2.443693
2.443212
2.443172
2.443560
2.444141
2.443222
2.443976
2.442492
2.443803
2.443846
2.443597
2.443420
2.443917
2.444758
2.444233
2.444526
2.444674
2.445381
2.445075
2.444850
2.445003
2.444981
2.445620
2.445303
2.444941
2.444662
2.445447
2.445238
2.444935
2.445207
2.444970
2.445742
2.445403
2.445037
2.444886
2.445083
2.444760
2.445031
2.444369
2.444332
2.445120
2.444811
2.445161
2.444820
2.445123
2.444932
2.444893
2.444534
2.445287
2.445363
2.445784
2.445783
2.445658
2.446023
2.445815
2.446124
2.445556
2.446492
2.446160
2.446328
2.446028
2.446158
2.446501
2.446233
2.445930
2.446539
2.445303
2.444239
2.443726
2.443913
2.443367
2.443898
2.444954
2.445233
2.445165
2.445210
2.445616
2.445721
2.445040
2.446178
2.446850
2.446477
2.446746
2.446399
2.447162
2.447019
2.447556
2.446080
2.446440
2.447568
2.447693
2.447188
2.447124
2.447545
2.447717
2.447509
2.447321
2.446867
2.447959
2.447631
2.446938
2.447452
2.447490
2.447706
2.447414
2.447488
2.447168
2.447571
2.447031
2.446966
2.446736
2.447131
2.446828
2.447070
2.446966
2.446951
2.447653
2.447112
2.446730
2.447536
2.447070
2.447878
2.447321
2.447631
2.446985
2.447896
2.448202
2.447260
2.447142
2.447512
2.448367
2.447953
2.448003
2.447672
2.448131
2.448012
2.448211
2.447019
2.447399
2.448456
2.448356
2.446926
2.446471
2.446455
2.447492
2.447294
2.447147
2.446830
2.447644
2.446860
2.446631
2.446727
2.446988
2.447118
2.447127
2.446901
2.446820
2.447901
2.447105
2.447190
2.447291
2.447389
2.447317
2.447229
2.447255
2.447365
2.447779
2.447661
2.447581
2.447501
2.447230
2.448274
2.447900
2.447291
2.447369
2.447683
2.447427
2.447037
2.447406
2.447143
2.448217
2.447210
2.447220
2.446820
2.446769
2.446885
2.447129
2.446238
2.446634
2.447385
2.446759
2.447212
2.446861
2.446788
2.447537
2.447365
2.447321
2.447031
2.447932
2.447651
2.447963
2.448058
2.447500
2.448524
2.447981
2.448063
2.447982
2.447184
2.447966
2.448533
2.447366
2.446929
2.447192
2.447403
2.447963
2.447924
2.448274
2.448339
2.447845
2.448307
2.447684
2.448277
2.447684
2.447699
2.447850
2.447618
2.447892
2.447579
2.447680
2.447747
2.448257
2.448152
2.448162
2.448170
2.448636
2.448591
2.448647
2.448293
2.448062
2.449104
2.448639
2.448573
2.448546
2.448694
2.449262
2.448468
2.448847
2.448478
2.449178
2.449181
2.448765
2.448791
2.448540
2.449173
2.448829
2.449016
2.448461
2.449220
2.448781
2.448336
2.448121
2.448039
2.449073
2.448571
2.448541
2.448226
2.448644
2.448090
2.448434
2.448308
2.448411
2.449411
2.449261
2.448807
2.449030
2.449262
2.447982
2.448539
2.448142
2.448678
2.449948
2.449428
2.449206
2.449272
2.449079
2.449768
2.449341
2.449124
2.448999
2.449628
2.449436
2.449099
2.449231
2.449045
2.449498
2.448984
2.448919
2.448524
2.449083
2.448970
2.448531
2.448968
2.448764
2.449621
2.448491
2.448934
2.448477
2.449206
2.449156
2.448643
2.448798
2.448858
2.449353
2.449369
2.448785
2.448802
2.449287
2.449225
2.449261
2.448895
2.448516
2.449374
2.448798
2.449104
2.448696
2.448614
2.448920
2.448345
2.448234
2.448080
2.448883
2.448628
2.447994
2.447274
2.447039
2.447821
2.447591
2.447269
2.446939
2.447713
2.447256
2.447504
2.447466
2.447538
2.448796
2.446456
2.446510
2.445914
2.447845
2.448259
2.447782
2.447576
2.447122
2.448761
2.448025
2.448056
2.447688
2.447974
2.448031
2.447752
2.447634
2.447396
2.448405
2.447765
2.447253
2.447506
2.447634
2.447644
2.447404
2.447476
2.446705
2.447195
2.446549
2.446679
2.446607
2.446044
2.446740
2.446740
2.446364
2.446175
2.446589
2.446061
2.446451
2.446732
2.445771
2.446759
2.446586
2.446718
2.446350
2.446915
2.446918
2.446573
2.446238
2.446381
2.446884
2.446945
2.446642
2.446285
2.446915
2.446628
2.446336
2.446451
2.445750
2.446505
2.446216
2.445936
2.446120
2.445962
2.446114
2.445406
2.445148
2.445443
2.445734
2.445539
2.443867
2.444399
2.444203
2.446079
2.445399
2.445377
2.445299
2.446294
2.445886
2.445375
2.445616
2.445374
2.446051
2.445855
2.445759
2.445235
2.446293
2.445671
2.445833
2.445164
2.444645
2.445735
2.445071
2.445146
2.444761
2.444884
2.444829
2.444593
2.444445
2.444307
2.444562
2.444490
2.443608
2.443547
2.443997
2.444331
2.442449
2.443131
2.442415
2.443475
2.442722
2.442856
2.442851
2.442640
2.443104
2.442948
2.442567
2.442479
2.442698
2.442473
2.442605
2.442352
2.442266
2.442560
2.442573
2.442064
2.441860
2.442411
2.441846
2.441940
2.441916
2.441145
2.441815
2.441162
2.441372
2.439809
2.440125
2.439216
2.440284
2.439939
2.439662
2.440172
2.439429
2.439071
2.438846
2.439182
2.439005
2.438277
2.438340
2.437716
2.438631
2.438208
2.438408
2.438297
2.438543
2.438908
2.438017
2.437990
2.436849
2.437129
2.434487
2.435676
2.435370
2.435522
2.436696
2.437405
2.437953
2.439099
2.438404
2.438757
2.438469
2.438884
2.439259
2.439364
2.438912
2.438962
2.438924
2.440102
2.439473
2.438886
2.438892
2.439315
2.440466
2.439534
2.439124
2.438907
2.439595
2.439318
2.438968
2.438021
2.438188
2.439154
2.439689
2.438717
2.438396
2.438450
2.438535
2.438387
2.437850
2.437134
2.437402
2.436479
2.436364
2.436760
2.435393
2.435219
2.433640
2.435045
2.435754
2.437288
2.436741
2.437251
2.437325
2.438071
2.438718
2.438498
2.438561
2.439232
2.439037
2.439134
2.439684
2.439156
2.439059
2.440100
2.439834
2.439840
2.439166
2.440055
2.439668
2.440144
2.440083
2.439948
2.440334
2.440079
2.439691
2.439680
2.439170
2.439194
2.438807
2.438961
2.438873
2.439331
2.439369
2.437724
2.437307
2.437817
2.438053
2.437479
2.437338
2.436828
2.437658
2.437491
2.437233
2.437159
2.436782
2.437068
2.437073
2.437633
2.437432
2.437828
2.437531
2.437337
2.438352
2.437978
2.438709
2.438484
2.438864
2.439401
2.440083
2.439947
2.438521
2.439559
2.439567
2.441440
2.441337
2.441385
2.441337
2.441530
2.441707
2.441337
2.441781
2.441078
2.441560
2.440910
2.441412
2.441496
2.441498
2.441252
2.440819
2.440789
2.441030
2.441552
2.440692
2.440669
2.441406
2.441247
2.441545
2.440742
2.440885
2.441130
2.440364
2.440855
2.441098
2.441192
2.440718
2.441743
2.441443
2.441608
2.441702
2.442300
2.441708
2.441554
2.441739
2.442104
2.442579
2.441791
2.441860
2.441981
2.442088
2.442144
2.441745
2.441589
2.441546
2.442679
2.441983
2.441832
2.441205
2.441622
2.441522
2.441347
2.441198
2.440410
2.441928
2.441036
2.441071
2.440910
2.441174
2.441962
2.440877
2.440186
2.439921
2.441052
2.441421
2.440572
2.440799
2.441039
2.441643
2.441176
2.440764
2.440514
2.441363
2.441139
2.440990
2.440580
2.440720
2.441305
2.441196
2.440689
2.440483
2.441002
2.440929
2.440606
2.440602
2.439784
2.440965
2.440254
2.439998
2.439511
2.439633
2.440126
2.440044
2.440020
2.439502
2.439988
2.439659
2.440144
2.439615
2.440035
2.440128
2.440120
2.440326
2.439656
2.440585
2.440252
2.440368
2.439778
2.440127
2.440637
2.440303
2.439982
2.439579
2.440099
2.440315
2.440113
2.439809
2.439404
2.439836
2.439386
2.439568
2.439345
2.439523
2.439298
2.438459
2.438732
2.438250
2.438697
2.437965
2.437235
2.436407
2.436472
2.436308
2.435150
2.434806
2.433451
2.433019
2.433004
2.431336
2.431422
2.430976
2.430565
2.429378
2.429426
2.428712
2.429326
2.428628
2.427452
2.427040
2.427452
2.428069
2.428050
2.427706
2.427446
2.427850
2.428674
2.428536
2.428451
2.427975
2.427219
2.425280
2.424845
2.422509
2.421285
2.418284
2.413844
2.411330
2.408607
2.406099
2.402601
2.399768
2.395735
2.394565
2.392509
2.390540
2.389858
2.389127
2.388654
2.388262
2.388459
2.388235
2.389435
2.389722
2.389320
2.390254
2.390468
2.392273
2.392591
2.392459
2.392803
2.393095
2.391675
2.390357
2.390413
2.389138
2.388164
2.388863
2.387754
2.386214
2.386002
2.385121
2.382442
2.383268
2.382622
2.383883
2.385932
2.387782
2.389572
2.392142
2.395093
2.396564
2.398806
2.401215
2.402947
2.405427
2.406000
2.406602
2.407613
2.408143
2.408240
2.408757
2.409547
2.409204
2.410904
2.410238
2.411203
2.412495
2.414405
2.412307
2.413388
2.413054
2.413794
2.415687
2.416117
2.414013
2.413794
2.414032
2.414117
2.415034
2.414973
2.414339
2.415155
2.414084
2.415249
2.415996
2.416677
2.416165
2.417170
2.417058
2.418333
2.419958
2.420117
2.420337
2.420456
2.421306
2.422625
2.423867
2.424193
2.423356
2.423794
2.423756
2.424704
2.425244
2.426799
2.428148
2.427046
2.428179
2.428808
2.428665
2.427614
2.427655
2.427065
2.428591
2.429324
2.429383
2.429262
2.429175
2.430899
2.429608
2.429864
2.430516
2.430912
2.431644
2.431775
2.431532
2.431073
2.432953
2.432771
2.433296
2.433957
2.432984
2.434345
2.434505
2.434940
2.435296
2.436115
2.435869
2.435985
2.436596
2.436885
2.437621
2.437255
2.437446
2.437189
2.438552
2.438895
2.438399
2.438787
2.439208
2.439867
2.439747
2.439051
2.439293
2.440082
2.440567
2.439318
2.439612
2.439749
2.441112
2.440937
2.440392
2.440261
2.440653
2.441415
2.441804
2.441834
2.440930
2.442554
2.442368
2.442513
2.442740
2.442816
2.442214
2.441648
2.441599
2.440423
2.442542
2.442572
2.443069
2.443609
2.442814
2.443619
2.442883
2.442849
2.442812
2.443852
2.443242
2.442809
2.442175
2.442498
2.442927
2.442610
2.442296
2.441955
2.442319
2.442513
2.442387
2.441983
2.441461
2.442268
2.442147
2.442213
2.441899
2.441893
2.442273
2.441738
2.441885
2.441618
2.442551
2.441966
2.441726
2.441854
2.441969
2.442093
2.442180
2.441484
2.441662
2.442048
2.441388
2.441481
2.441100
2.440964
2.441710
2.441074
2.440858
2.440361
2.440812
2.440134
2.440063
2.440374
2.439718
2.440248
2.440001
2.439663
2.439765
2.439929
2.439392
2.439426
2.439386
2.440041
2.439330
2.437873
2.437674
2.437905
2.438262
2.439503
2.439693
2.439522
2.439406
2.440155
2.439778
2.439573
2.439553
2.439857
2.440256
2.439558
2.439412
2.438946
2.440193
2.439598
2.439356
2.439417
2.439181
2.440098
2.439404
2.439007
2.438154
2.439018
2.439116
2.438999
2.438468
2.438440
2.439100
2.439390
2.438635
2.438204
2.439411
2.438974
2.439195
2.439116
2.438806
2.439750
2.439294
2.439482
2.438991
2.439218
2.439579
2.439435
2.439773
2.439132
2.440014
2.439618
2.439771
2.439921
2.439924
2.439929
2.439707
2.439973
2.439555
2.440165
2.439642
2.439466
2.439672
2.438855
2.439730
2.439258
2.439305
2.439691
2.439427
2.438149
2.438056
2.439278
2.439699
2.440508
2.440209
2.440209
2.440540
2.440683
2.440307
2.440460
2.440590
2.440924
2.441293
2.440626
2.440743
2.440968
2.441926
2.441540
2.441613
2.441621
2.441300
2.441847
2.441807
2.441326
2.441515
2.441949
2.441791
2.441498
2.441211
2.440624
2.441413
2.440618
2.440708
2.440547
2.441061
2.441289
2.440598
2.440879
2.440495
2.441486
2.440915
2.440562
2.440690
2.440414
2.441570
2.441076
2.441568
2.441089
2.441880
2.441677
2.441424
2.441469
2.441391
2.442018
2.441766
2.441646
2.441529
2.442160
2.441660
2.441449
2.441271
2.441117
2.441669
2.441086
2.441313
2.441054
2.441571
2.440776
2.439615
2.439221
2.438235
2.440002
2.440861
2.440087
2.440690
2.440839
2.440843
2.440764
2.440869
2.440605
2.441399
2.440874
2.440540
2.441036
2.440678
2.441391
2.440885
2.441050
2.440836
2.441476
2.441156
2.441003
2.440932
2.440538
2.441605
2.441000
2.440968
2.440616
2.441587
2.441286
2.440972
2.440903
2.440487
2.441437
2.440790
2.440482
2.440649
2.440689
2.440917
2.440690
2.440303
2.440030
2.440935
2.440259
2.440377
2.440278
2.440505
2.441092
2.440513
2.440475
2.440323
2.441278
2.440975
2.441229
2.440965
2.440917
2.441955
2.441329
2.441278
2.441117
2.441899
2.441285
2.441224
2.441196
2.441549
2.441466
2.440097
2.439640
2.439334
2.440183
2.441617
2.440084
2.440792
2.440149
2.441207
2.440264
2.440294
2.440593
2.441025
2.440811
2.440891
2.440788
2.440563
2.441504
2.440873
2.441108
2.440817
2.441360
2.441821
2.441626
2.441233
2.441158
2.442154
2.441519
2.441433
2.442220
2.441011
2.441717
2.441632
2.442197
2.441223
2.442324
2.442039
2.441390
2.441525
2.441410
2.441894
2.441260
2.441512
2.440999
2.441692
2.440981
2.440845
2.440504
2.440631
2.441792
2.440813
2.440928
2.440841
2.441837
2.441584
2.440894
2.441437
2.441152
2.442268
2.441365
2.441655
2.441595
2.442256
2.441828
2.441911
2.441953
2.441579
2.440912
2.440491
2.440202
2.439252
2.441171
2.441829
2.441601
2.441530
2.441226
2.441792
2.441593
2.441390
2.441289
2.440737
2.441511
2.440427
2.440920
2.440149
2.441195
2.440580
2.440628
2.440829
2.440609
2.441102
2.440785
2.440635
2.440590
2.440850
2.440879
2.441064
2.441370
2.441275
2.441517
2.441329
2.440870
2.440864
2.441518
2.441353
2.440936
2.440899
2.440912
2.441828
2.441167
2.440735
2.440737
2.441116
2.441328
2.441055
2.441082
2.440901
2.441709
2.440770
2.440898
2.440640
2.440124
2.440817
2.440618
2.440501
2.440158
2.440985
2.440752
2.440592
2.440712
2.440808
2.441016
2.440616
2.440856
2.440554
2.440062
2.439873
2.439435
2.440675
2.440922
2.442204
2.440903
2.441289
2.440988
2.441624
2.441666
2.440584
2.441009
2.440718
2.441404
2.440982
2.440803
2.440591
2.441097
2.441310
2.440726
2.440345
2.439708
2.440938
2.440351
2.440882
2.440134
2.440463
2.440929
2.440413
2.440847
2.439804
2.440742
2.440472
2.440434
2.440832
2.440318
2.441130
2.441033
2.440786
2.440558
2.441439
2.440956
2.440911
2.441212
2.440644
2.441346
2.441114
2.441357
2.440884
2.441705
2.440941
2.440928
2.440895
2.440763
2.441474
2.440662
2.440965
2.440491
2.440706
2.440730
2.440310
2.440551
2.440460
2.441841
2.439860
2.438799
2.438874
2.439628
2.439086
2.439736
2.440233
2.440389
2.441320
2.440261
2.440749
2.441147
2.441015
2.441167
2.441133
2.441120
2.440583
2.441993
2.441055
2.441037
2.441018
2.441074
2.441715
2.441080
2.440948
2.440836
2.441565
2.441635
2.441152
2.441168
2.440788
2.441277
2.440875
2.440611
2.440252
2.440818
2.440721
2.440548
2.440612
2.440298
2.440987
2.441016
2.441075
2.440404
2.440897
2.441103
2.440813
2.441356
2.440621
2.441351
2.441625
2.441123
2.441258
2.441037
2.441683
2.441149
2.441455
2.441577
2.441822
2.441531
2.441230
2.441300
2.441449
2.441803
2.441419
2.441364
2.441638
2.441452
2.440695
2.440113
2.439879
2.440227
2.441132
2.440125
2.440821
2.440249
2.440721
2.440295
2.440407
2.440504
2.440296
2.441102
2.440925
2.440374
2.440515
2.441590
2.441047
2.441254
2.441273
2.440870
2.441798
2.441185
2.441399
2.441245
2.441532
2.441573
2.441152
2.441534
2.440873
2.441686
2.441266
2.440739
2.441388
2.440773
2.441302
2.440439
2.440783
2.440798
2.440951
2.440187
2.440492
2.440664
2.440601
2.440737
2.440387
2.440257
2.440153
2.440966
2.440805
2.440705
2.440979
2.440767
2.441892
2.441305
2.441134
2.441190
2.441788
2.441873
2.441302
2.441394
2.441264
2.442160
2.441545
2.441551
2.441030
2.441564
2.441646
2.441490
2.441293
2.441216
2.441959
2.441378
2.441401
2.440993
2.440875
2.440838
2.440783
2.440857
2.440459
2.441430
2.441153
2.441155
2.440708
2.440889
2.441571
2.440900
2.441018
2.440730
2.441876
2.441162
2.441645
2.441319
2.441528
2.441992
2.441446
2.441549
2.441304
2.442333
2.441717
2.441704
2.441823
2.441396
2.442099
2.441813
2.441600
2.441289
2.441592
2.441868
2.441837
2.441282
2.441316
2.442041
2.441199
2.440985
2.440436
2.440822
2.440960
2.440999
2.440791
2.440464
2.441186
2.441134
2.441151
2.441338
2.440658
2.441525
2.441947
2.440135
2.439648
2.439840
2.439180
2.438729
2.438978
2.440139
2.440960
2.440574
2.440937
2.440680
2.441168
2.440756
2.440590
2.440342
2.441731
2.442453
2.441992
2.441507
2.441480
2.441987
2.442043
2.441542
2.441227
2.440732
2.441381
2.441314
2.441222
2.440960
2.441126
2.441517
2.441265
2.441278
2.441257
2.441861
2.441841
2.441868
2.441519
2.441622
2.442332
2.441968
2.442271
2.441931
2.442555
2.442237
2.442149
2.442119
2.442386
2.442640
2.442223
2.442171
2.442002
2.442420
2.442191
2.442047
2.442002
2.441754
2.442419
2.441618
2.441380
2.440979
2.442188
2.440824
2.441261
2.441351
2.441103
2.441657
2.441080
2.441224
2.441096
2.441762
2.441441
2.441378
2.441373
2.441612
2.442482
2.440811
2.440948
2.440877
2.439629
2.441198
2.441537
2.441591
2.442121
2.442059
2.442085
2.441489
2.441654
2.442139
2.441823
2.441618
2.441466
2.442555
2.441424
2.441552
2.441303
2.441105
2.441470
2.441229
2.441254
2.441201
2.441593
2.441657
2.441095
2.441406
2.441081
2.441949
2.441528
2.441207
2.441305
2.442018
2.441657
2.441977
2.441352
2.441298
2.442235
2.441993
2.442080
2.441877
2.441819
2.442117
2.441584
2.442002
2.441571
2.442206
2.441547
2.441776
2.441610
2.441347
2.442028
2.441527
2.441514
2.441308
2.441496
2.440833
2.440941
2.440634
2.440947
2.441101
2.440675
2.440895
2.440380
2.441538
2.440889
2.441524
2.440677
2.439291
2.440761
2.440758
2.441387
2.441534
2.441575
2.442413
2.441353
2.441825
2.441520
2.442014
2.442288
2.441599
2.441652
2.442312
2.442120
2.441904
2.441460
2.441413
2.442437
2.442054
2.442276
2.441548
2.441561
2.441928
2.441086
2.441173
2.440634
2.441679
2.441327
2.441064
2.441117
2.440866
2.441469
2.441142
2.441074
2.440804
2.441412
2.441365
2.441553
2.441527
2.441784
2.442160
2.441675
2.441675
2.441913
2.442187
2.441972
2.442321
2.441192
2.441918
2.441013
2.440409
2.441798
2.442240
2.442330
2.441596
2.442096
2.441686
2.442306
2.442165
2.441369
2.441600
2.442124
2.440904
2.440706
2.439844
2.438921
2.441660
2.441610
2.441671
2.441353
2.441790
2.441982
2.441870
2.441753
2.441509
2.442862
2.442244
2.442127
2.442122
2.442124
2.442694
2.442302
2.442180
2.442141
2.442776
2.442264
2.442791
2.441918
2.441958
2.442784
2.442135
2.442072
2.441576
2.442460
2.442241
2.441979
2.441810
2.441235
2.442292
2.441564
2.441570
2.441093
2.441565
2.441940
2.441789
2.442305
2.440286
2.442057
2.441601
2.441563
2.441305
2.441976
2.442241
2.442046
2.442023
2.441412
2.442701
2.442105
2.442151
2.441939
2.442029
2.442589
2.442331
2.442085
2.441668
2.442684
2.441980
2.441917
2.442756
2.441179
2.441177
2.440718
2.440896
2.440171
2.441279
2.441704
2.440881
2.440388
2.441231
2.441736
2.441758
2.440920
2.441280
2.441885
2.441702
2.441878
2.441464
2.441417
2.442489
2.441825
2.442202
2.442136
2.442226
2.442231
2.442302
2.442092
2.441544
2.442613
2.441906
2.441991
2.442521
2.442379
2.442632
2.442161
2.442702
2.441746
2.441509
2.440748
2.441788
2.442008
2.441837
2.442640
2.441465
2.441365
2.441351
2.442062
2.442052
2.441535
2.441682
2.441428
2.442454
2.441854
2.441453
2.441319
2.441962
2.442158
2.442248
2.441309
2.441532
2.442481
2.442471
2.442449
2.441183
2.441587
2.442063
2.441991
2.441310
2.440785
2.442011
2.440962
2.440971
2.440962
2.440931
2.441515
2.440091
2.440929
2.440388
2.441583
2.441041
2.441190
2.440141
2.440521
2.440425
2.440313
2.440444
2.440407
2.440867
2.440491
2.440615
2.440807
2.439871
2.441314
2.440630
2.440556
2.440457
2.440962
2.440810
2.440862
2.441860
2.441752
2.441800
2.442024
2.441485
2.441368
2.441784
2.441508
2.441885
2.441485
2.441346
2.442363
2.441203
2.441211
2.442396
2.442330
2.443171
2.442420
2.441406
2.441905
2.442007
2.441863
2.442055
2.440701
2.441880
2.442374
2.442131
2.442100
2.441416
2.441840
2.441559
2.441142
2.440878
2.441671
2.441999
2.442065
2.442103
2.441787
2.442510
2.442195
2.442448
2.442122
2.442019
2.442745
2.442166
2.442389
2.442177
2.442505
2.442214
2.442248
2.442318
2.441812
2.442700
2.442154
2.442054
2.442169
2.441707
2.442007
2.441722
2.441490
2.441362
2.442466
2.441809
2.441971
2.441715
2.441595
2.442161
2.442214
2.441635
2.441891
2.442990
2.441834
2.442166
2.442521
2.442136
2.443072
2.442602
2.442660
2.442117
2.443010
2.442879
2.442703
2.442639
2.442584
2.442921
2.442456
2.442696
2.442329
2.443044
2.442649
2.442811
2.442791
2.442328
2.442995
2.442430
2.442330
2.441913
2.442101
2.442471
2.441939
2.442296
2.441787
2.442744
2.442045
2.442232
2.442328
2.442238
2.442756
2.442573
2.442698
2.442592
2.443082
2.442755
2.442690
2.442833
2.442595
2.443190
2.442943
2.442904
2.442770
2.443540
2.443367
2.443014
2.443055
2.442415
2.443514
2.443014
2.442939
2.442647
2.443214
2.442981
2.442708
2.442170
2.442321
2.442541
2.442669
2.442736
2.442074
2.442899
2.442892
2.442575
2.442475
2.442328
2.443340
2.442852
2.442648
2.442796
2.442815
2.443427
2.442915
2.443161
2.443144
2.443758
2.443164
2.443206
2.443582
2.442971
2.443680
2.442892
2.443325
2.441541
2.441750
2.441353
2.441099
2.441207
2.441199
2.443161
2.442719
2.442264
2.442650
2.441831
2.441707
2.441005
2.442417
2.441507
2.441946
2.440991
2.441646
2.441334
2.442578
2.442642
2.442045
2.442347
2.442375
2.443297
2.442578
2.442719
2.442619
2.443161
2.443321
2.443190
2.442761
2.442956
2.443221
2.442952
2.443107
2.443358
2.442647
2.443483
2.442815
2.442929
2.442722
2.443389
2.442795
2.442799
2.442485
2.441531
2.441921
2.441832
2.441800
2.442172
2.442326
2.442295
2.442033
2.442085
2.441608
2.442369
2.442185
2.441925
2.441815
2.442517
2.442493
2.442634
2.442774
2.442141
2.443113
2.442912
2.442436
2.442906
2.442578
2.443129
2.442845
2.442815
2.442492
2.442705
2.443544
2.442986
2.443087
2.442741
2.443176
2.442287
2.442909
2.442967
2.443641
2.443348
2.442576
2.442818
2.442638
2.443295
2.442910
2.442449
2.442627
2.443367
2.442899
2.442790
2.442583
2.442612
2.443339
2.443361
2.442926
2.442873
2.443538
2.443628
2.443559
2.443411
2.442817
2.443818
2.443415
2.443388
2.443576
2.443713
2.443374
2.443439
2.443528
2.443043
2.443921
2.443341
2.443461
2.443318
2.443691
2.443331
2.443129
2.442971
2.442708
2.443163
2.442402
2.442515
2.442890
2.442837
2.443539
2.442871
2.442478
2.442557
2.443270
2.443278
2.442750
2.443046
2.442923
2.443488
2.443449
2.442972
2.442903
2.443857
2.443311
2.443400
2.442923
2.443091
2.444049
2.443824
2.443544
2.443045
2.444066
2.443425
2.442839
2.442966
2.442632
2.443879
2.443222
2.442822
2.442755
2.442654
2.442927
2.442889
2.442590
2.442796
2.443019
2.442878
2.442729
2.442966
2.442893
2.443193
2.442964
2.442988
2.443568
2.443168
2.442920
2.443604
2.441715
2.441083
2.441683
2.441682
2.441493
2.440743
2.442952
2.442680
2.443383
2.442810
2.442791
2.443593
2.443907
2.444476
2.443684
2.444127
2.443968
2.444162
2.443969
2.443435
2.444190
2.444370
2.442561
2.443459
2.443795
2.443681
2.443739
2.443548
2.443612
2.444204
2.443392
2.443575
2.443625
2.443899
2.444144
2.444127
2.444403
2.443895
2.444940
2.444221
2.444320
2.444122
2.444524
2.445046
2.444226
2.444378
2.444600
2.444841
2.444996
2.444133
2.444651
2.443435
2.444358
2.444624
2.444289
2.444298
2.444637
2.444332
2.444146
2.443688
2.443110
2.444388
2.443886
2.444034
2.443396
2.443905
2.444180
2.443852
2.443888
2.443306
2.444373
2.444502
2.443429
2.444195
2.444036
2.444585
2.444675
2.444751
2.442889
2.444153
2.443523
2.444291
2.444707
2.444703
2.445084
2.444378
2.444459
2.444477
2.445034
2.444581
2.444451
2.444579
2.444442
2.445026
2.444029
2.443887
2.443766
2.443644
2.443631
2.443969
2.443861
2.443583
2.444734
2.444069
2.443911
2.443886
2.444485
2.444303
2.444499
2.444533
2.444785
2.445174
2.444675
2.444650
2.444397
2.444471
2.444760
2.444441
2.444494
2.444058
2.444762
2.444768
2.444453
2.444274
2.444245
2.444744
2.444552
2.444349
2.444100
2.444891
2.444690
2.444769
2.444257
2.444028
2.444426
2.443915
2.443904
2.443898
2.444635
2.443777
2.443904
2.444277
2.443836
2.444831
2.443890
2.444373
2.444394
2.443143
2.444224
2.442839
2.444344
2.444351
2.445140
2.445024
2.444538
2.444608
2.445138
2.445119
2.444912
2.444783
2.443827
2.445033
2.444838
2.444292
2.444249
2.444351
2.445098
2.444686
2.444726
2.444128
2.444112
2.444472
2.444006
2.444359
2.444246
2.443905
2.444243
2.443781
2.443805
2.444794
2.443787
2.444004
2.443997
2.443852
2.445113
2.444286
2.444414
2.444051
2.444845
2.444858
2.444636
2.444367
2.444388
2.445086
2.444817
2.444728
2.444329
2.444605
2.445112
2.444773
2.444813
2.444176
2.445353
2.444839
2.444667
2.444363
2.444713
2.444618
2.444308
2.444196
2.443894
2.445108
2.443202
2.443377
2.442748
2.443818
2.444310
2.444333
2.444035
2.443216
2.444499
2.444391
2.443894
2.444437
2.444321
2.445141
2.444479
2.444124
2.444055
2.445104
2.444674
2.444442
2.444643
2.444569
2.445191
2.444858
2.444746
2.444367
2.445019
2.444397
2.444506
2.444628
2.444047
2.445089
2.444324
2.443977
2.443848
2.443728
2.443835
2.444000
2.444150
2.443702
2.444397
2.444101
2.444128
2.443860
2.444150
2.444656
2.444215
2.444192
2.444403
2.444922
2.444491
2.444626
2.444579
2.444546
2.444977
2.444801
2.444821
2.444674
2.445429
2.444632
2.444751
2.444853
2.444478
2.445328
2.444443
2.444569
2.444152
2.445120
2.445427
2.443063
2.443053
2.442663
2.444280
2.444375
2.443553
2.444060
2.444532
2.444534
2.444180
2.444059
2.443896
2.444847
2.444491
2.444267
2.444582
2.444478
2.445157
2.445025
2.444941
2.444631
2.445686
2.445106
2.445115
2.445111
2.444929
2.445597
2.445371
2.445371
2.444980
2.445748
2.445361
2.445302
2.445442
2.445009
2.445750
2.445037
2.444980
2.444417
2.445276
2.444583
2.444335
2.444449
2.444373
2.445275
2.444706
2.444881
2.444541
2.445135
2.445371
2.444933
2.444831
2.445263
2.445939
2.445861
2.445657
2.445402
2.445815
2.446341
2.446010
2.445867
2.445880
2.446763
2.446213
2.446520
2.446365
2.446373
2.447174
2.447302
2.445827
2.445253
2.445931
2.446830
2.447084
2.447062
2.446968
2.447209
2.447117
2.447059
2.447194
2.447618
2.447560
2.447577
2.447644
2.447113
2.448372
2.447456
2.447838
2.447804
2.448772
2.449006
2.448762
2.448974
2.448957
2.449966
2.449405
2.449387
2.449638
2.450182
2.450649
2.450533
2.450625
2.450804
2.451482
2.451265
2.451452
2.451540
2.451593
2.451810
2.451926
2.451930
2.451729
2.452849
2.452500
2.452098
2.452180
2.452024
2.452945
2.452788
2.452792
2.452635
2.453573
2.453591
2.453480
2.453876
2.453954
2.454969
2.454674
2.454832
2.455237
2.456090
2.456170
2.456189
2.456649
2.456173
2.455512
2.455321
2.456576
2.457045
2.457948
2.458551
2.457659
2.458629
2.458623
2.459565
2.459123
2.459474
2.458584
2.459760
2.460008
2.459860
2.459800
2.459492
2.460882
2.459908
2.460340
2.460679
2.461334
2.461559
2.461359
2.461509
2.461795
2.462891
2.462770
2.462983
2.463362
2.462500
2.464085
2.464202
2.464275
2.464318
2.465670
2.465370
2.465591
2.466007
2.466100
2.467195
2.466791
2.466851
2.466669
2.467371
2.467403
2.467535
2.467864
2.467912
2.468886
2.468752
2.468931
2.468427
2.469187
2.469414
2.468783
2.468914
2.469222
2.470157
2.469782
2.470027
2.470237
2.470671
2.471184
2.471024
2.471074
2.471699
2.472806
2.470997
2.472179
2.471906
2.472826
2.473728
2.473963
2.473370
2.473947
2.474605
2.474711
2.474958
2.475491
2.474121
2.475923
2.475759
2.475747
2.476019
2.476738
2.476611
2.476919
2.477115
2.476843
2.477512
2.477160
2.476904
2.477009
2.477559
2.478184
2.477707
2.478271
2.478217
2.479426
2.478837
2.479136
2.479344
2.479857
2.480653
2.480056
2.480276
2.480750
2.481550
2.481463
2.481264
2.481747
2.482099
2.482569
2.482367
2.482911
2.482675
2.483386
2.483311
2.483408
2.483241
2.483357
2.484291
2.483657
2.483953
2.484150
2.484626
2.484357
2.483879
2.484470
2.484118
2.485281
2.485479
2.483904
2.483304
2.483895
2.484542
2.485362
2.485148
2.485374
2.486356
2.486178
2.486048
2.486104
2.486632
2.487108
2.486718
2.486946
2.487260
2.487544
2.487747
2.487727
2.487556
2.487788
2.488578
2.487957
2.488302
2.488025
2.488648
2.488396
2.488563
2.488511
2.488604
2.489234
2.488977
2.488598
2.488220
2.488785
2.488846
2.488670
2.488374
2.488575
2.489188
2.488852
2.489043
2.488729
2.489566
2.489492
2.489287
2.489733
2.489567
2.490581
2.489930
2.490022
2.489734
2.490724
2.490546
2.490410
2.490433
2.490426
2.490970
2.490817
2.490686
2.490864
2.490991
2.490789
2.490265
2.490199
2.490036
2.490876
2.490259
2.490759
2.489176
2.488637
2.489085
2.488558
2.488813
2.488737
2.489024
2.489002
2.488900
2.488605
2.488847
2.489455
2.489017
2.488948
2.489002
2.489688
2.489690
2.489539
2.489512
2.489054
2.489811
2.489475
2.489589
2.489270
2.489700
2.489989
2.489725
2.489723
2.489268
2.490313
2.489739
2.489548
2.489523
2.489715
2.489497
2.489591
2.489406
2.489051
2.489526
2.488977
2.488811
2.489091
2.488837
2.489352
2.489094
2.488791
2.488696
2.489339
2.488952
2.488841
2.489355
2.488946
2.489654
2.489696
2.489219
2.489271
2.489949
2.489727
2.489540
2.489657
2.489600
2.490430
2.489782
2.489702
2.489506
2.490582
2.489949
2.489869
2.489275
2.489142
2.490136
2.489547
2.489691
2.489349
2.489461
2.490000
2.489494
2.489452
2.488578
2.489687
2.489094
2.488872
2.488871
2.489074
2.489418
2.489098
2.489172
2.488908
2.489734
2.489472
2.488984
2.489364
2.489517
2.490369
2.489673
2.489468
2.489890
2.490203
2.490100
2.489940
2.489874
2.489775
2.490801
2.489990
2.490078
2.489312
2.489969
2.489768
2.490024
2.489824
2.489856
2.490336
2.490063
2.489628
2.489147
2.489818
2.489296
2.489160
2.489258
2.488781
2.489722
2.489086
2.489309
2.489241
2.489274
2.489902
2.489162
2.489082
2.489223
2.489984
2.487780
2.487459
2.487584
2.487733
2.487773
2.487928
2.489397
2.488929
2.490282
2.490063
2.489867
2.489170
2.489204
2.489628
2.489294
2.489733
2.489792
2.490233
2.489933
2.489782
2.489590
2.488816
2.489667
2.488866
2.488961
2.488952
2.489613
2.488949
2.488868
2.488876
2.489037
2.489514
2.489043
2.489306
2.488506
2.489734
2.489318
2.489192
2.489185
2.489194
2.490038
2.490156
2.489011
2.489846
2.489234
2.490080
2.490067
2.489513
2.488844
2.489957
2.489262
2.489594
2.488911
2.488930
2.489155
2.488827
2.488453
2.488348
2.489132
2.488944
2.488448
2.487712
2.488223
2.488671
2.488455
2.488160
2.488230
2.488580
2.488482
2.488123
2.489159
2.488142
2.488548
2.488660
2.488171
2.490908
2.489983
2.489091
2.488511
2.488733
2.490847
2.490354
2.490917
2.490613
2.490532
2.491177
2.490733
2.490667
2.490412
2.491001
2.490749
2.490514
2.490490
2.490454
2.490680
2.489943
2.490451
2.489250
2.490165
2.490246
2.489711
2.489839
2.489704
2.490420
2.489876
2.489823
2.489761
2.490261
2.490481
2.489963
2.490580
2.490431
2.491033
2.490216
2.490526
2.490198
2.491156
2.490568
2.490699
2.490634
2.490478
2.491264
2.490754
2.490724
2.490853
2.490968
2.490817
2.490335
2.490616
2.490235
2.491133
2.490609
2.490141
2.490111
2.489913
2.490340
2.490006
2.489854
2.489497
2.490327
2.490139
2.489979
2.490131
2.489535
2.488614
2.489023
2.488496
2.488519
2.489612
2.490360
2.490358
2.490430
2.490711
2.491294
2.491165
2.490804
2.490682
2.490976
2.491112
2.490658
2.490681
2.490721
2.491184
2.490450
2.490918
2.490461
2.490980
2.490765
2.490355
2.490140
2.489638
2.490883
2.489954
2.490318
2.490105
2.490196
2.490425
2.489620
2.489882
2.489715
2.490494
2.490019
2.489847
2.490055
2.490292
2.490888
2.490664
2.490557
2.490070
2.490845
2.490568
2.490166
2.490481
2.490442
2.491162
2.490645
2.490616
2.490197
2.491412
2.490584
2.490452
2.490368
2.490241
2.490849
2.490772
2.490437
2.490047
2.490271
2.490155
2.489948
2.489825
2.488205
2.488717
2.487777
2.488351
2.488294
2.488945
2.489932
2.489326
2.489598
2.489684
2.490801
2.489844
2.490409
2.490224
2.490179
2.490659
2.490215
2.490029
2.490142
2.490961
2.490641
2.490456
2.490879
2.490596
2.491494
2.490821
2.490293
2.490233
2.490769
2.490681
2.490374
2.490383
2.489935
2.490447
2.490231
2.489827
2.489547
2.490079
2.490066
2.489657
2.489717
2.489418
2.490203
2.489570
2.489809
2.489774
2.490081
2.490399
2.490095
2.490243
2.490197
2.491158
2.490202
2.490264
2.490531
2.490271
2.490812
2.490442
2.490740
2.490603
2.491204
2.490543
2.490649
2.490380
2.490370
2.490774
2.491153
2.488889
2.489010
2.489886
2.490337
2.490392
2.489918
2.489721
2.490181
2.490092
2.489836
2.489815
2.490224
2.489864
2.489723
2.489517
2.489441
2.490196
2.489779
2.490436
2.489973
2.491013
2.489985
2.490112
2.490137
2.490154
2.490822
2.490377
2.490395
2.490392
2.490248
2.490898
2.490384
2.490465
2.490025
2.490684
2.490395
2.490268
2.490220
2.490332
2.490942
2.490193
2.490213
2.489327
2.489973
2.489634
2.489410
2.489375
2.489597
2.489862
2.489672
2.489464
2.489430
2.490013
2.489703
2.489483
2.489696
2.489167
2.490464
2.489921
2.490327
2.489874
2.490254
2.490550
2.490025
2.490191
2.489411
2.489278
2.489023
2.488585
2.487877
2.489533
2.490401
2.490022
2.489902
2.489913
2.490169
2.489964
2.490321
2.489936
2.489573
2.490299
2.489322
2.489790
2.489070
2.489766
2.489428
2.489017
2.489214
2.489235
2.489852
2.489220
2.489585
2.489208
2.490113
2.489721
2.489625
2.489876
2.489527
2.490187
2.490159
2.489988
2.490042
2.490762
2.490735
2.490206
2.490507
2.490165
2.490767
2.490060
2.489941
2.489866
2.489953
2.490086
2.489806
2.489922
2.489617
2.490471
2.489635
2.489244
2.489001
2.489041
2.489361
2.489424
2.489150
2.489104
2.489743
2.489456
2.489059
2.489251
2.489072
2.489786
2.489920
2.489527
2.488494
2.488791
2.487900
2.487987
2.488335
2.489371
2.489825
2.489912
2.489293
2.489133
2.490363
2.489772
2.490192
2.489887
2.489303
2.490440
2.489907
2.489530
2.489607
2.490342
2.488773
2.489305
2.488930
2.488639
2.489286
2.489042
2.488841
2.488680
2.488886
2.488991
2.488871
2.488584
2.488779
2.489691
2.489315
2.489555
2.489064
2.489058
2.490095
2.489594
2.489697
2.489480
2.490296
2.489879
2.489817
2.489755
2.489634
2.490345
2.489617
2.489812
2.489348
2.489816
2.489468
2.489541
2.489567
2.489228
2.490165
2.489726
2.488934
2.489119
2.489563
2.488527
2.488720
2.487938
2.488418
2.489505
2.488858
2.488920
2.488732
2.489507
2.488664
2.487497
2.486998
2.486908
2.488213
2.488238
2.489197
2.489233
2.489301
2.488974
2.489027
2.489040
2.488828
2.490193
2.489277
2.489352
2.488842
2.489158
2.489787
2.489036
2.488788
2.489069
2.489533
2.489290
2.489240
2.489166
2.488865
2.489688
2.488591
2.488390
2.488120
2.488620
2.488905
2.488379
2.488797
2.488131
2.488779
2.488642
2.488541
2.488510
2.488878
2.488866
2.488644
2.489032
2.488930
2.489539
2.489083
2.489080
2.489027
2.489541
2.489757
2.489219
2.488992
2.488819
2.490071
2.489462
2.489197
2.488855
2.488955
2.489629
2.489117
2.489269
2.488844
2.489203
2.488791
2.488711
2.489133
2.488513
2.487208
2.487529
2.487272
2.488466
2.489148
2.488725
2.488241
2.488655
2.488236
2.488959
2.488816
2.488438
2.488506
2.489627
2.489243
2.488857
2.488652
2.488100
2.489321
2.488981
2.489120
2.488537
2.488747
2.489026
2.488932
2.488639
2.488230
2.488806
2.488961
2.488409
2.488514
2.488572
2.488765
2.488104
2.488103
2.487407
2.488804
2.487893
2.487596
2.488083
2.487883
2.489071
2.488028
2.488186
2.487787
2.488580
2.489042
2.488497
2.488073
2.488381
2.489558
2.489116
2.488769
2.488315
2.489091
2.489098
2.489424
2.488748
2.488264
2.489008
2.489097
2.489300
2.488557
2.488601
2.489278
2.487504
2.487044
2.486147
2.486867
2.486566
2.487575
2.487568
2.487783
2.487683
2.487219
2.487289
2.486982
2.487648
2.487071
2.487099
2.486943
2.486905
2.487611
2.486873
2.486822
2.486748
2.487523
2.487442
2.487367
2.487522
2.487510
2.488437
2.487897
2.487618
2.487993
2.488779
2.488607
2.488900
2.488095
2.488471
2.489259
2.488669
2.488902
2.488480
2.489741
2.489381
2.489181
2.489061
2.488701
2.489372
2.488875
2.488514
2.488340
2.488468
2.488874
2.488860
2.488613
2.488405
2.489223
2.488654
2.488640
2.488598
2.488654
2.489644
2.489459
2.488641
2.488852
2.490085
2.489464
2.489623
2.489866
2.489465
2.489315
2.488927
2.488734
2.488357
2.489492
2.489223
2.489115
2.489089
2.489013
2.489660
2.488813
2.489107
2.488852
2.489466
2.489040
2.488761
2.488224
2.488085
2.488870
2.488329
2.488447
2.488258
2.488855
2.488809
2.488535
2.488848
2.488453
2.489150
2.488769
2.489367
2.489496
2.489607
2.489713
2.489485
2.489628
2.489229
2.489898
2.489376
2.489552
2.489620
2.489638
2.490225
2.489507
2.489573
2.489443
2.490245
2.489732
2.489969
2.489643
2.489848
2.490110
2.489629
2.489296
2.489268
2.489682
2.489347
2.489200
2.488981
2.488795
2.490048
2.489314
2.489286
2.489585
2.489720
2.489924
2.489882
2.489499
2.489266
2.490532
2.490173
2.490046
2.490274
2.490443
2.490808
2.490765
2.490551
2.490494
2.491300
2.490954
2.490473
2.490764
2.490945
2.491227
2.490592
2.490624
2.490296
2.491441
2.490762
2.490535
2.490575
2.490116
2.490467
2.490299
2.490203
2.489657
2.490510
2.490178
2.490170
2.490202
2.489901
2.490929
2.490302
2.490484
2.490546
2.490974
2.491204
2.491025
2.491063
2.490881
2.491258
2.491225
2.491229
2.491117
2.491515
2.491383
2.491758
2.491270
2.491366
2.492212
2.491363
2.491604
2.491521
2.491267
2.491520
2.491671
2.491756
2.490938
2.490404
2.490537
2.490302
2.488607
2.488365
2.489044
2.488717
2.488089
2.489097
2.490516
2.490146
2.490207
2.490959
2.490401
2.490408
2.491622
2.490869
2.491876
2.492490
2.491828
2.492046
2.492151
2.492967
2.492363
2.491993
2.492248
2.492424
2.492724
2.492342
2.492476
2.491720
2.492667
2.492213
2.492712
2.492101
2.491970
2.491961
2.491702
2.490732
2.490913
2.491823
2.491447
2.491156
2.491162
2.491022
2.491817
2.491466
2.491244
2.491096
2.492145
2.491651
2.491588
2.491838
2.491840
2.492577
2.491959
2.491976
2.491488
2.491955
2.491976
2.491519
2.491806
2.491553
2.492810
2.492076
2.492084
2.492119
2.492154
2.492317
2.491950
2.491855
2.491968
2.492527
2.492173
2.491510
2.491331
2.491467
2.492117
2.490103
2.489982
2.489018
2.490196
2.488834
2.490326
2.490937
2.490674
2.491693
2.491549
2.490976
2.490959
2.492060
2.491732
2.491387
2.491568
2.491549
2.492428
2.491481
2.491380
2.491434
2.491816
2.491854
2.491735
2.491780
2.491153
2.491798
2.491376
2.491115
2.491095
2.491561
2.491274
2.491134
2.490833
2.490857
2.490993
2.490553
2.490144
2.490455
2.490577
2.490967
2.490070
2.490447
2.489972
2.491141
2.490508
2.489977
2.490517
2.490774
2.490859
2.490633
2.490628
2.490194
2.491276
2.490808
2.490556
2.490575
2.490155
2.491195
2.490891
2.490910
2.490400
2.491232
2.490762
2.490702
2.490236
2.490470
2.489941
2.488861
2.489691
2.488975
2.489859
2.489868
2.489264
2.489568
2.489172
2.490234
2.489024
2.489420
2.489108
2.489939
2.489488
2.489050
2.489358
2.488906
2.490177
2.489606
2.489662
2.489504
2.489748
2.490173
2.489856
2.489928
2.489830
2.490262
2.489942
2.489776
2.489689
2.489247
2.487708
2.488711
2.488623
2.490157
2.488521
2.487997
2.488034
2.488742
2.489178
2.488682
2.487964
2.487971
2.488408
2.488315
2.488071
2.487949
2.487775
2.488649
2.488252
2.488167
2.488288
2.488354
2.488171
2.488226
2.488469
2.488012
2.488989
2.488359
2.488323
2.488069
2.488437
2.488195
2.488055
2.487878
2.487895
2.488649
2.487952
2.486315
2.485860
2.485376
2.487025
2.486088
2.486104
2.486773
2.487341
2.486336
2.485338
2.484398
2.484820
2.485764
2.485488
2.484960
2.484668
2.485010
2.484751
2.484398
2.484596
2.483721
2.484479
2.484474
2.483672
2.483929
2.484335
2.484059
2.484009
2.483680
2.483675
2.484387
2.483771
2.483504
2.483214
2.483617
2.483528
2.482938
2.482675
2.482426
2.482950
2.482212
2.481847
2.481613
2.481741
2.481978
2.480748
2.480771
2.480115
2.480392
2.479874
2.479621
2.479360
2.478977
2.479523
2.478801
2.478907
2.478336
2.478660
2.478461
2.478274
2.478086
2.478271
2.479297
2.478694
2.478396
2.478642
2.477328
2.476830
2.476555
2.475820
2.475373
2.477234
2.477747
2.476631
2.476791
2.477371
2.477149
2.476971
2.476646
2.476526
2.477200
2.476838
2.476441
2.476219
2.476519
2.476630
2.475316
2.475737
2.475244
2.476076
2.475637
2.475480
2.475471
2.475333
2.476209
2.475334
2.475628
2.474909
2.476022
2.475612
2.475603
2.475759
2.475172
2.475961
2.475895
2.475389
2.475511
2.476643
2.476197
2.476172
2.475181
2.474813
2.475726
2.475302
2.475002
2.474851
2.475562
2.475452
2.474881
2.474420
2.474572
2.474379
2.473946
2.473615
2.473941
2.474248
2.474036
2.473994
2.474057
2.474171
2.474519
2.474371
2.473996
2.474492
2.474318
2.475188
2.474657
2.474871
2.474645
2.475627
2.475005
2.474597
2.475355
2.475874
2.476574
2.475309
2.476127
2.474973
2.477404
2.477443
2.476113
2.476749
2.475990
2.476620
2.476362
2.476113
2.475518
2.476522
2.476012
2.475657
2.474709
2.477080
2.476745
2.476960
2.477028
2.476504
2.477359
2.476957
2.477193
2.477552
2.477310
2.477807
2.477019
2.477504
2.478082
2.478324
2.477446
2.477738
2.477710
2.478430
2.478094
2.478342
2.478375
2.478618
2.479146
2.478451
2.478985
2.478660
2.479243
2.479312
