10.668000
2.473615
2.473643
2.473662
2.472846
2.473768
2.473516
2.473479
2.473478
2.473589
2.473567
2.472858
2.472494
2.472764
2.473531
2.473134
2.473204
2.472687
2.472927
2.473365
2.473096
2.472765
2.472540
2.473252
2.472787
2.472571
2.472810
2.472935
2.473502
2.472166
2.472724
2.472715
2.473678
2.467232
2.452994
2.440441
2.440515
2.440533
2.440047
2.439933
2.440664
2.440023
2.440222
2.440331
2.440379
2.440234
2.441149
2.440898
2.439990
2.440237
2.440541
2.440783
2.440166
2.439553
2.438392
2.438585
2.439168
2.439070
2.439367
2.438574
2.438845
2.438312
2.438350
2.438028
2.439041
2.438732
2.438325
2.438480
2.438744
2.438813
2.438445
2.438324
2.439445
2.441051
2.441464
2.441252
2.439798
2.441125
2.441561
2.440630
2.441177
2.440116
2.440714
2.439955
2.439532
2.438655
2.439032
2.440188
2.439322
2.438654
2.438367
2.438613
2.438989
2.438374
2.437280
2.437996
2.438102
2.437748
2.438204
2.438065
2.437950
2.438575
2.438474
2.437799
2.437108
2.437699
2.437556
2.437512
2.437735
2.438323
2.439203
2.438676
2.437447
2.436802
2.437635
2.438117
2.438673
2.438197
2.437523
2.437455
2.438378
2.438918
2.438393
2.438747
2.438744
2.439992
2.438498
2.438118
2.437999
2.438016
2.438090
2.438059
2.438113
2.438371
2.439056
2.438184
2.438819
2.471646
2.471765
2.470934
2.471197
2.471372
2.471753
2.471536
2.472026
2.472185
2.471759
2.471960
2.470821
2.470834
2.471193
2.471520
2.471013
2.477364
2.438524
2.437481
2.438478
2.438403
2.438667
2.439206
2.438774
2.438574
2.438585
2.439428
2.438708
2.437356
2.438456
2.439024
2.438899
2.438812
2.438102
2.439498
2.438388
2.438822
2.438918
2.438917
2.439513
2.438619
2.439013
2.437515
2.438291
2.438092
2.438170
2.438592
2.438185
2.439719
2.439358
2.439583
2.438958
2.439805
2.440094
2.440062
2.440314
2.440118
2.440045
2.438583
2.438809
2.439548
2.440879
2.441056
2.440305
2.439564
2.439847
2.439678
2.439625
2.440227
2.440346
2.440420
2.441050
2.439228
2.439533
2.439247
2.438908
2.439851
2.440204
2.440261
2.441066
2.440084
2.439633
2.439784
2.441242
2.440499
2.440153
2.440147
2.439318
2.440195
2.439493
2.438791
2.438157
2.439489
2.439028
2.439952
2.439333
2.439886
2.440727
2.439469
2.439198
2.439306
2.439007
2.439723
2.439078
2.438694
2.438766
2.439252
2.439029
2.438460
2.439216
2.439701
2.439978
2.439395
2.440193
2.440472
2.439808
2.438133
2.438158
2.438377
2.437841
2.450079
2.472008
2.471635
2.472088
2.471978
2.472909
2.473478
2.473408
2.473093
2.472405
2.473148
2.472776
2.472277
2.471633
2.472476
2.472429
2.472504
2.472404
2.472620
2.472523
2.472366
2.472260
2.472186
2.471557
2.471901
2.472525
2.472514
2.472558
2.472090
2.471859
2.472317
2.473692
2.472916
2.473782
2.472795
2.473040
2.473026
2.473493
2.474629
2.474166
2.473119
2.473118
2.472789
2.472185
2.473923
2.473857
2.474589
2.474612
2.473175
2.472666
2.473215
2.472878
2.473466
2.473259
2.472359
2.473605
2.472783
2.472868
2.473190
2.472763
2.473320
2.470912
2.463088
2.439834
2.439311
2.440034
2.441583
2.440986
2.438998
2.439085
2.437765
2.439346
2.439620
2.438926
2.438832
2.439001
2.438924
2.438196
2.438115
2.438192
2.439123
2.439537
2.439182
2.439154
2.439588
2.439114
2.439121
2.438923
2.438635
2.438937
2.440069
2.439809
2.439222
2.439232
2.440296
2.440253
2.440177
2.440265
2.440969
2.440816
2.441460
2.440631
2.440317
2.440215
2.440606
2.440807
2.440522
2.439834
2.440273
2.440790
2.439982
2.439824
2.439064
2.440757
2.440924
2.441125
2.440977
2.441322
2.440082
2.439318
2.439724
2.439781
2.440646
2.440355
2.440338
2.440630
2.441023
2.441662
2.440929
2.440943
2.439840
2.440386
2.439752
2.440618
2.440547
2.440769
2.439780
2.439774
2.439390
2.439632
2.441272
2.440473
2.440742
2.439473
2.440476
2.440788
2.440145
2.439880
2.439913
2.440590
2.439557
2.439511
2.439100
2.439352
2.440638
2.440581
2.440651
2.440899
2.441409
2.440699
2.439943
2.439071
2.445571
2.472568
2.473985
2.474357
2.474188
2.474625
2.473838
2.474512
2.474239
2.473762
2.474631
2.473322
2.472237
2.471981
2.472787
2.473589
2.473227
2.473345
2.472675
2.474322
2.473973
2.473792
2.473474
2.473716
2.474043
2.473443
2.472661
2.472259
2.472183
2.472774
2.473272
2.472844
2.473260
2.473438
2.473145
2.472839
2.473157
2.473866
2.473399
2.472993
2.472950
2.472481
2.471333
2.471765
2.472573
2.473701
2.473192
2.472188
2.472122
2.471536
2.472564
2.472551
2.472199
2.472629
2.472882
2.471463
2.471521
2.471743
2.471472
2.472482
2.472855
2.472320
2.474041
2.472569
2.472057
2.471349
2.470251
2.462527
2.442908
2.438354
2.439159
2.439486
2.439639
2.440211
2.438895
2.438108
2.437674
2.438199
2.437824
2.437631
2.437192
2.437257
2.436414
2.436758
2.436383
2.436917
2.436666
2.437306
2.438066
2.436911
2.436938
2.438303
2.437459
2.437873
2.437533
2.437021
2.436931
2.437114
2.437860
2.437651
2.436807
2.437346
2.431396
2.437534
2.439522
2.466934
2.471126
2.470800
2.470955
2.471578
2.471613
2.471225
2.471570
2.472157
2.471673
2.471454
2.471551
2.471573
2.471496
2.471198
2.471016
2.471281
2.471632
2.471488
2.471405
2.471840
2.470330
2.469673
2.471174
2.470447
2.470720
2.470685
2.470308
2.471514
2.470658
2.471172
2.471457
2.471699
2.472386
2.472146
2.471258
2.471458
2.472529
2.471702
2.471127
2.470983
2.471457
2.471364
2.470692
2.469985
2.471676
2.471547
2.471411
2.471217
2.471204
2.471433
2.470701
2.470329
2.464786
2.448515
2.437987
2.438611
2.438852
2.438747
2.438241
2.438415
2.438376
2.438431
2.438793
2.438893
2.438779
2.440121
2.439305
2.440351
2.439225
2.438536
2.438626
2.438384
2.436845
2.435733
2.435508
2.437068
2.437059
2.437352
2.437789
2.438045
2.437029
2.437459
2.437502
2.437643
2.437388
2.436590
2.437717
2.437980
2.437878
2.438271
2.437739
2.438629
2.438365
2.438349
2.438050
2.438166
2.438717
2.437813
2.436745
2.438555
2.438414
2.437261
2.438158
2.437752
2.437654
2.437953
2.437108
2.436907
2.436773
2.436938
2.438031
2.437791
2.438696
2.438374
2.438495
2.438139
2.438986
2.437708
2.439167
2.439126
2.439461
2.438353
2.438164
2.438293
2.439337
2.439182
2.439325
2.439138
2.438724
2.439469
2.439269
2.438599
2.438884
2.438005
2.439759
2.440779
2.462242
2.472538
2.473260
2.473418
2.473660
2.473959
2.473652
2.473870
2.474269
2.474176
2.474097
2.473592
2.473252
2.473024
2.472125
2.472411
2.471671
2.472301
2.472861
2.473727
2.473743
2.473506
2.474257
2.473633
2.473328
2.473646
2.474244
2.473893
2.473906
2.473401
2.473846
2.473518
2.473650
2.473744
2.473757
2.474014
2.473876
2.473131
2.473655
2.473167
2.473435
2.474401
2.474167
2.474109
2.474597
2.475148
2.474763
2.474607
2.474134
2.474913
2.473404
2.473816
2.473029
2.472789
2.473064
2.474278
2.473583
2.473218
2.474276
2.472928
2.472981
2.473671
2.473849
2.474373
2.474391
2.474160
2.473928
2.474834
2.474360
2.473974
2.474262
2.469082
2.456599
2.441267
2.441141
2.440660
2.441086
2.440559
2.440252
2.439941
2.441131
2.441315
2.441662
2.441583
2.440813
2.441225
2.440988
2.440635
2.440718
2.440684
2.440889
2.441028
2.440190
2.439955
2.439802
2.439790
2.440619
2.439865
2.438840
2.439576
2.439384
2.439184
2.438874
2.439499
2.439960
2.439439
2.438327
2.438554
2.439785
2.438926
2.439274
2.439919
2.439135
2.439390
2.439011
2.439653
2.440235
2.438416
2.437848
2.439119
2.438412
2.438905
2.439023
2.439997
2.439358
2.439789
2.439951
2.439756
2.440584
2.440515
2.439893
2.439867
2.439790
2.440252
2.440618
2.438598
2.438106
2.440065
2.439460
2.439273
2.439406
2.439804
2.439503
2.439650
2.440076
2.441313
2.440819
2.440520
2.440529
2.440940
2.440712
2.439997
2.440070
2.440542
2.438507
2.438728
2.439867
2.439630
2.439962
2.439052
2.439133
2.438498
2.438162
2.438226
2.439237
2.438664
2.439786
2.440147
2.440078
2.439680
2.441166
2.441441
2.439942
2.439444
2.439972
2.440004
2.441087
2.474380
2.474575
2.474530
2.474430
2.474215
2.473761
2.472815
2.473413
2.473816
2.473320
2.473191
2.473708
2.473592
2.473353
2.473378
2.472727
2.472838
2.472987
2.473335
2.473670
2.473717
2.472739
2.472401
2.473029
2.473738
2.473519
2.472647
2.473528
2.473898
2.472871
2.473167
2.473133
2.474133
2.472746
2.474073
2.474107
2.473743
2.473064
2.473106
2.473958
2.473058
2.472925
2.473000
2.440150
2.439877
2.439443
2.439393
2.439514
2.440015
2.440278
2.439829
2.439972
2.440298
2.441085
2.440228
2.440070
2.440358
2.440927
2.440469
2.439768
2.439932
2.440803
2.440021
2.440361
2.440143
2.440193
2.440110
2.439730
2.439843
2.439685
2.440329
2.440363
2.440089
2.439998
2.440236
2.440622
2.441279
2.440666
2.441313
2.440794
2.441146
2.440870
2.440919
2.440353
2.439898
2.440248
2.440827
2.440445
2.440317
2.439924
2.440681
2.439930
2.440179
2.439543
2.440245
2.440081
2.440053
2.439699
2.438689
2.439065
2.439157
2.439145
2.438613
2.439617
2.441569
2.441575
2.441506
2.441670
2.441744
2.441621
2.441556
2.441081
2.440847
2.440096
2.438166
2.439081
2.439455
2.439415
2.439851
2.439649
2.440271
2.441854
2.440968
2.440450
2.440240
2.439826
2.441494
2.442209
2.442200
2.443079
2.442107
2.449442
2.473785
2.474026
2.474855
2.475585
2.475501
2.475315
2.475672
2.475160
2.475408
2.475230
2.473618
2.473967
2.474049
2.474019
2.474079
2.474454
2.474325
2.473673
2.474211
2.475646
2.476030
2.475593
2.475603
2.475871
2.476457
2.476366
2.474456
2.474504
2.474088
2.474188
2.473913
2.473921
2.473614
2.474385
2.475314
2.474427
2.474306
2.474432
2.473937
2.473724
2.473462
2.473758
2.474850
2.473962
2.474057
2.475207
2.474803
2.476134
2.475165
2.474933
2.475466
2.474627
2.474662
2.474540
2.474341
2.473847
2.475165
2.474043
2.475069
2.475185
2.474555
2.474552
2.473607
2.474163
2.473298
2.466407
2.444296
2.440524
2.441025
2.440612
2.439710
2.438849
2.438732
2.439634
2.439751
2.439806
2.440118
2.439328
2.439021
2.438670
2.438598
2.439341
2.440481
2.440017
2.440164
2.439729
2.439066
2.438876
2.438409
2.437717
2.439283
2.440556
2.439520
2.438512
2.437789
2.439070
2.438283
2.437904
2.437977
2.438079
2.438403
2.438242
2.439153
2.438349
2.438629
2.439064
2.439203
2.438971
2.439433
2.440267
2.439681
2.439256
2.439342
2.439392
2.440472
2.438661
2.438030
2.437822
2.439603
2.439904
2.439642
2.439632
2.438573
2.438219
2.438545
2.439196
2.438765
2.438728
2.438670
2.438483
2.438635
2.439162
2.439443
2.439463
2.438678
2.438415
2.439804
2.439272
2.439289
2.438061
2.439352
2.438884
2.439471
2.438819
2.439399
2.439799
2.439642
2.438847
2.438511
2.440019
2.438961
2.438807
2.438657
2.439379
2.439458
2.438967
2.438656
2.439578
2.438876
2.438855
2.438920
2.438478
2.439176
2.438441
2.438812
2.440255
2.439542
2.439480
2.439265
2.439881
2.440619
2.440037
2.443143
2.472987
2.472952
2.472569
2.473035
2.474487
2.473054
2.472948
2.471908
2.473248
2.473493
2.473623
2.473816
2.473348
2.474034
2.473111
2.473309
2.473208
2.472861
2.473404
2.472677
2.472614
2.472847
2.472703
2.473117
2.472691
2.472438
2.472866
2.473858
2.473801
2.473515
2.472625
2.473734
2.473269
2.472785
2.473115
2.472889
2.472904
2.473227
2.474419
2.474540
2.473697
2.473828
2.473806
2.473750
2.473933
2.473193
2.472923
2.473280
2.473745
2.474219
2.473670
2.474044
2.474107
2.473575
2.473916
2.472874
2.472927
2.473090
2.472612
2.472916
2.465782
2.447379
2.439871
2.440329
2.439882
2.439176
2.439194
2.439645
2.440315
2.439576
2.439389
2.439350
2.440185
2.439800
2.439868
2.440224
2.440768
2.439837
2.439555
2.439997
2.440956
2.440104
2.439752
2.439870
2.439915
2.439619
2.439206
2.439217
2.439085
2.439662
2.439107
2.439613
2.440083
2.440141
2.440147
2.440106
2.439641
2.440182
2.439722
2.439374
2.439802
2.440702
2.440544
2.440594
2.440034
2.440655
2.440537
2.440597
2.440788
2.440039
2.441061
2.440552
2.440404
2.440169
2.440580
2.441953
2.439838
2.440459
2.439954
2.440280
2.439682
2.439778
2.439854
2.440542
2.440670
2.440718
2.441001
2.441146
2.441158
2.440980
2.440669
2.440913
2.441097
2.441152
2.440672
2.440103
2.440328
2.441307
2.441126
2.441535
2.441630
2.440819
2.441962
2.441021
2.441116
2.442023
2.442198
2.441285
2.440959
2.440997
2.440023
2.440156
2.440109
2.439538
2.439049
2.439495
2.439939
2.440346
2.440116
2.439851
2.440626
2.440034
2.440516
2.441423
2.441553
2.441366
2.440931
2.441092
2.466418
2.473776
2.473597
2.473952
2.474239
2.474767
2.473254
2.473730
2.474509
2.474232
2.474152
2.474199
2.474184
2.473998
2.473732
2.473875
2.474581
2.474247
2.474265
2.473975
2.473469
2.474890
2.474442
2.474170
2.474192
2.474694
2.474403
2.474301
2.474045
2.474530
2.475031
2.474697
2.474139
2.474040
2.474387
2.474220
2.473975
2.473944
2.473922
2.474282
2.474843
2.474833
2.474523
2.474294
2.474769
2.474086
2.474441
2.473803
2.473798
2.472347
2.472609
2.471485
2.472445
2.473164
2.472972
2.473395
2.473093
2.473453
2.473099
2.467414
2.439188
2.439530
2.438998
2.438280
2.438799
2.439960
2.440410
2.440025
2.440881
2.441062
2.441034
2.441038
2.441310
2.441995
2.442284
2.441695
2.442211
2.442582
2.441713
2.440320
2.439001
2.439184
2.441260
2.440807
2.440656
2.439539
2.440178
2.440483
2.439664
2.439929
2.439406
2.439380
2.439743
2.440049
2.440038
2.440563
2.441053
2.441018
2.440564
2.440628
2.441677
2.442490
2.441393
2.442132
2.441589
2.442303
2.441953
2.440908
2.441407
2.441732
2.442482
2.441987
2.442248
2.441627
2.442582
2.441869
2.441798
2.441636
2.441472
2.441181
2.441212
2.439917
2.440708
2.440031
2.440653
2.440284
2.442787
2.441248
2.441335
2.441880
2.441475
2.442517
2.441655
2.440890
2.440413
2.440897
2.440800
2.440522
2.439690
2.439793
2.440734
2.440252
2.440077
2.440242
2.440749
2.439604
2.439188
2.438686
2.439389
2.440909
2.440889
2.440138
2.440059
2.440668
2.440628
2.441356
2.441996
2.441614
2.441459
2.441597
2.460530
2.474633
2.474511
2.474451
2.473961
2.474636
2.474496
2.474936
2.474521
2.474660
2.474697
2.474874
2.474444
2.474608
2.474881
2.474484
2.475057
2.474954
2.474521
2.474821
2.475364
2.474666
2.474391
2.474436
2.474864
2.473539
2.473434
2.473483
2.474282
2.474306
2.474311
2.474661
2.473951
2.474316
2.474616
2.475286
2.475339
2.474961
2.475188
2.474685
2.475023
2.474681
2.475088
2.475256
2.474905
2.475090
2.475089
2.474427
2.473882
2.474529
2.474464
2.474806
2.474748
2.474841
2.475430
2.474746
2.474264
2.473823
2.474760
2.475029
2.474305
2.474338
2.473990
2.475098
2.474834
2.469323
2.458447
2.442744
2.441487
2.440653
2.441027
2.440349
2.441417
2.441579
2.441880
2.441555
2.442082
2.441492
2.441100
2.441143
2.440557
2.442838
2.442787
2.442114
2.442216
2.441363
2.442173
2.441556
2.441791
2.441596
2.442309
2.441552
2.442112
2.442033
2.441496
2.441591
2.440943
2.442158
2.442251
2.442345
2.442008
2.440810
2.440633
2.440963
2.441750
2.441762
2.441281
2.442176
2.442343
2.441612
2.440933
2.441366
2.441500
2.441552
2.441283
2.442461
2.442352
2.442416
2.442265
2.441993
2.442024
2.442225
2.442964
2.442670
2.442614
2.442842
2.442740
2.442276
2.442997
2.445281
2.445029
2.445664
2.444460
2.444269
2.444115
2.444140
2.445120
2.444591
2.444402
2.443906
2.444298
2.443792
2.443045
2.443070
2.443921
2.443925
2.443262
2.443570
2.442927
2.443453
2.443082
2.442506
2.442634
2.442863
2.444043
2.443509
2.443694
2.442760
2.443480
2.443601
2.443156
2.443134
2.442852
2.443898
2.442729
2.443324
2.441809
2.442218
2.442494
2.442619
2.441726
2.442331
2.443981
2.443277
2.443731
2.443656
2.444282
2.444574
2.443867
2.444423
2.444550
2.456393
2.476717
2.477460
2.477399
2.478029
2.478031
2.477952
2.480373
2.478046
2.480108
2.479528
2.477824
2.477438
2.477729
2.479057
2.478861
2.478581
2.479662
2.478902
2.478669
2.478453
2.478251
2.477927
2.478158
2.477939
2.477354
2.477360
2.478328
2.477660
2.477179
2.476609
2.476096
2.476628
2.476931
2.476348
2.476383
2.476955
2.477427
2.476691
2.476811
2.477787
2.477925
2.476804
2.476693
2.476605
2.476497
2.477220
2.476543
2.476308
2.476560
2.477174
2.476594
2.476177
2.476592
2.476977
2.476606
2.476760
2.475856
2.476494
2.477838
2.476835
2.476161
2.475480
2.476519
2.477335
2.476950
2.477006
2.476080
2.476356
2.476210
2.476052
2.474176
2.464870
2.444288
2.442680
2.443463
2.442859
2.443557
2.444060
2.444264
2.444237
2.443823
2.444174
2.444341
2.444282
2.444169
2.444533
2.444922
2.445289
2.444611
2.444303
2.445054
2.444456
2.444773
2.444482
2.444518
2.445264
2.444749
2.444359
2.443978
2.444801
2.444883
2.444539
2.443889
2.443967
2.443857
2.443420
2.443354
2.443730
2.444468
2.444153
2.443832
2.443554
2.444557
2.445041
2.444261
2.444645
2.444012
2.443786
2.444369
2.444668
2.443950
2.444070
2.445199
2.444981
2.444319
2.443039
2.442652
2.443949
2.443147
2.442833
2.443769
2.443821
2.444213
2.444014
2.444314
2.443872
2.444583
2.444198
2.442905
2.443960
2.444214
2.443707
2.443621
2.443626
2.444133
2.444595
2.443887
2.443692
2.443609
2.445105
2.445181
2.444394
2.444182
2.443839
2.444067
2.443730
2.443553
2.443992
2.444716
2.444746
2.444786
2.443746
2.443784
2.444403
2.443620
2.443338
2.443087
2.443765
2.443795
2.443679
2.443127
2.442663
2.443878
2.443192
2.442841
2.443415
2.442693
2.443517
2.442768
2.442631
2.442732
2.443306
2.443410
2.443789
2.444496
2.444188
2.449704
2.475203
2.476559
2.476270
2.477264
2.476427
2.476428
2.476485
2.476521
2.477231
2.475727
2.476327
2.476124
2.476624
2.476959
2.476992
2.476509
2.476207
2.477411
2.477006
2.477450
2.476832
2.477000
2.477071
2.476684
2.477155
2.476796
2.477706
2.477292
2.476698
2.477455
2.477137
2.477157
2.476571
2.476768
2.476097
2.476983
2.476549
2.476913
2.477739
2.477151
2.477957
2.476643
2.476988
2.477089
2.478771
2.477062
2.477885
2.477472
2.477857
2.478361
2.478017
2.477356
2.477214
2.478046
2.478199
2.478407
2.478590
2.478330
2.479002
2.478464
2.478307
2.478152
2.478249
2.478542
2.478185
2.477987
2.478089
2.478952
2.478635
2.478543
2.476389
2.469934
2.450072
2.444398
2.444792
2.444540
2.445322
2.445309
2.444506
2.445225
2.445467
2.445358
2.445240
2.444799
2.445034
2.445708
2.445205
2.444374
2.444484
2.443880
2.444972
2.444671
2.444565
2.443748
2.445481
2.444885
2.444495
2.445271
2.446218
2.446212
2.446106
2.446498
2.445139
2.445161
2.444981
2.444574
2.445207
2.444746
2.444597
2.445201
2.445065
2.443553
2.444293
2.445211
2.444866
2.445725
2.445223
2.446930
2.445636
2.445199
2.444462
2.444423
2.444919
2.444236
2.444113
2.444194
2.444835
2.444444
2.444491
2.444392
2.445105
2.445310
2.444693
2.445863
2.444887
2.445730
2.444786
2.444689
2.443461
2.443953
2.443869
2.443094
2.443662
2.443051
2.443147
2.443000
2.442522
2.443591
2.442457
2.443700
2.443882
2.443011
2.442651
2.443890
2.443751
2.443557
2.443799
2.444316
2.443759
2.443882
2.442989
2.442547
2.442073
2.443041
2.443076
2.443641
2.444138
2.444829
2.443704
2.443214
2.442689
2.442305
2.443204
2.443127
2.442884
2.443176
2.443427
2.443393
2.443467
2.443889
2.443582
2.444441
2.443363
2.443295
2.443560
2.444680
2.445666
2.472571
2.476941
2.476990
2.477339
2.476965
2.476658
2.477640
2.477697
2.477264
2.477273
2.476799
2.476832
2.477310
2.477180
2.477107
2.477463
2.476256
2.476185
2.475758
2.476411
2.476521
2.477560
2.477018
2.476375
2.476223
2.476600
2.476848
2.476881
2.477146
2.477596
2.478204
2.476144
2.475396
2.475917
2.475142
2.476145
2.475658
2.475506
2.476274
2.476334
2.476769
2.476632
2.476136
2.476285
2.477050
2.477185
2.476812
2.477009
2.477177
2.477475
2.477484
2.477450
2.476831
2.476918
2.477049
2.477347
2.476768
2.477321
2.477742
2.477378
2.476293
2.475744
2.476465
2.476177
2.476851
2.476952
2.476875
2.477028
2.476462
2.476395
2.476398
2.470686
2.453548
2.443730
2.443201
2.443195
2.444375
2.443915
2.444193
2.444329
2.445234
2.443767
2.444225
2.444233
2.445060
2.444919
2.444703
2.444492
2.444304
2.444788
2.444693
2.444131
2.444055
2.443950
2.444950
2.444245
2.444870
2.444663
2.444246
2.444106
2.444031
2.444089
2.443985
2.444671
2.444136
2.443699
2.443854
2.443513
2.444010
2.443165
2.443113
2.442927
2.443738
2.443215
2.443447
2.443188
2.443831
2.444302
2.443823
2.443922
2.443967
2.444376
2.444006
2.443959
2.443664
2.443784
2.444371
2.443773
2.444085
2.443751
2.444746
2.444181
2.444538
2.444120
2.444354
2.444410
2.443692
2.443281
2.443587
2.444105
2.444170
2.443764
2.443314
2.443221
2.444196
2.443690
2.444192
2.444577
2.445200
2.445359
2.444884
2.445053
2.445070
2.445451
2.444960
2.444646
2.444888
2.445410
2.444775
2.444507
2.444094
2.444115
2.444786
2.444256
2.444293
2.443461
2.443365
2.443449
2.444037
2.443294
2.443849
2.444387
2.443801
2.442952
2.443463
2.444788
2.445341
2.444547
2.444750
2.444007
2.446247
2.446041
2.446293
2.445553
2.445891
2.446230
2.446066
2.467951
2.477938
2.478808
2.478627
2.478023
2.477743
2.478235
2.479101
2.478354
2.477992
2.478870
2.478380
2.478975
2.477981
2.477382
2.476996
2.477627
2.477168
2.477098
2.477252
2.477514
2.477310
2.477489
2.477883
2.477829
2.477980
2.477735
2.478326
2.477084
2.477247
2.477497
2.476863
2.476599
2.476504
2.476645
2.477483
2.476951
2.477734
2.477621
2.478503
2.478615
2.477885
2.477422
2.478770
2.477720
2.477262
2.476151
2.476727
2.478015
2.477901
2.478153
2.478521
2.478989
2.478089
2.477565
2.477435
2.476764
2.478366
2.478175
2.477125
2.478645
2.477751
2.478241
2.477474
2.476596
2.476177
2.476977
2.476653
2.477483
2.476507
2.476775
2.471409
2.458181
2.443945
2.442815
2.444021
2.443419
2.444507
2.444376
2.444189
2.444273
2.444761
2.444317
2.443544
2.444021
2.443364
2.444027
2.444611
2.444873
2.444745
2.443825
2.443582
2.443286
2.444412
2.444652
2.443933
2.443152
2.443208
2.444439
2.443182
2.442660
2.442530
2.441939
2.442192
2.441265
2.442005
2.442442
2.442966
2.443022
2.441494
2.443264
2.443770
2.443971
2.442173
2.441825
2.443476
2.442010
2.442038
2.442736
2.442878
2.442667
2.442812
2.442381
2.443936
2.443854
2.443304
2.443585
2.443271
2.443750
2.443238
2.444677
2.442771
2.443965
2.443267
2.443414
2.443622
2.442860
2.442670
2.442478
2.443592
2.442616
2.442392
2.443278
2.443234
2.443477
2.442568
2.442600
2.442509
2.442898
2.442440
2.442633
2.441716
2.441404
2.442474
2.443061
2.441416
2.442596
2.443325
2.442272
2.442064
2.442079
2.442046
2.442538
2.441053
2.440344
2.441522
2.441668
2.441471
2.442148
2.442224
2.442252
2.443022
2.442652
2.442543
2.442102
2.442830
2.442529
2.442573
2.442523
2.443199
2.444335
2.443746
2.444064
2.443692
2.443511
2.443074
2.442383
2.457615
2.474784
2.475682
2.474329
2.474697
2.474714
2.475235
2.476887
2.475038
2.475111
2.475361
2.475828
2.475268
2.474111
2.474278
2.472999
2.473859
2.473710
2.473991
2.474257
2.473803
2.474357
2.474509
2.474423
2.473577
2.474427
2.474471
2.473907
2.473985
2.473835
2.474586
2.474648
2.474392
2.474649
2.474933
2.475123
2.474542
2.474433
2.473874
2.474523
2.473904
2.474006
2.474193
2.474659
2.475427
2.474796
2.474694
2.474682
2.475015
2.474852
2.473902
2.473329
2.473161
2.474061
2.473475
2.473409
2.473043
2.474324
2.474352
2.473817
2.473261
2.473479
2.473589
2.473528
2.473155
2.472844
2.473523
2.469702
2.460170
2.439923
2.440097
2.439939
2.439958
2.441530
2.441286
2.440743
2.440754
2.440574
2.441757
2.441325
2.440936
2.441701
2.442196
2.441887
2.441575
2.441046
2.441109
2.441174
2.440890
2.441032
2.440978
2.440705
2.440012
2.439632
2.439395
2.440637
2.439891
2.439711
2.439966
2.439602
2.439342
2.439743
2.438822
2.440987
2.440076
2.440105
2.440116
2.440391
2.440935
2.440842
2.440360
2.440469
2.441822
2.442126
2.441192
2.441497
2.441468
2.442165
2.441981
2.442111
2.441078
2.441593
2.441042
2.441255
2.441429
2.441782
2.441631
2.440846
2.441763
2.441370
2.442033
2.440718
2.440686
2.439097
2.440110
2.440920
2.441103
2.442315
2.442152
2.442850
2.441992
2.442428
2.441982
2.442022
2.441288
2.441792
2.440971
2.442227
2.443740
2.443651
2.442937
2.442967
2.443736
2.443148
2.442692
2.442707
2.442772
2.443154
2.442244
2.442605
2.442614
2.443056
2.443364
2.443012
2.442787
2.443376
2.443286
2.442771
2.442093
2.441888
2.441767
2.442407
2.441808
2.441242
2.441852
2.442375
2.441997
2.442059
2.450022
2.474441
2.475748
2.475361
2.475113
2.474586
2.475806
2.475482
2.476144
2.476541
2.477174
2.477739
2.476449
2.475941
2.475829
2.476128
2.476889
2.476530
2.476292
2.476640
2.476691
2.476553
2.475968
2.475340
2.475848
2.475889
2.475479
2.475418
2.475264
2.475670
2.475150
2.474343
2.474429
2.474973
2.475552
2.475275
2.475394
2.475082
2.475883
2.474632
2.473444
2.473366
2.474481
2.475317
2.474625
2.474418
2.475013
2.475792
2.475028
2.475121
2.475026
2.475236
2.475879
2.474973
2.474852
2.474249
2.474601
2.474375
2.474160
2.473490
2.472955
2.474105
2.473637
2.473601
2.473969
2.474902
2.474530
2.474486
2.473960
2.474101
2.474657
2.472082
2.464261
2.443194
2.440052
2.440256
2.441396
2.441429
2.441053
2.441488
2.441803
2.441311
2.440845
2.441452
2.441920
2.440911
2.442032
2.441422
2.442557
2.442416
2.442893
2.442794
2.442647
2.443197
2.442202
2.442399
2.442189
2.442454
2.441138
2.440466
2.440462
2.440363
2.440924
2.440609
2.440369
2.440627
2.441075
2.441075
2.441097
2.440442
2.440066
2.440842
2.440774
2.441154
2.440903
2.441571
2.441278
2.440816
2.441140
2.441356
2.441672
2.441494
2.441482
2.441130
2.441320
2.441832
2.441736
2.441761
2.441881
2.442222
2.441827
2.441491
2.441422
2.440952
2.441832
2.440548
2.440498
2.440073
2.441886
2.441457
2.441608
2.441875
2.441359
2.441949
2.441483
2.440850
2.439845
2.441288
2.438445
2.439935
2.438442
2.440845
2.440984
2.440704
2.441525
2.440382
2.441256
2.440777
2.440350
2.439926
2.440302
2.441729
2.442042
2.441378
2.441415
2.441202
2.441329
2.441388
2.442251
2.441300
2.442425
2.442158
2.441500
2.441590
2.441586
2.441820
2.441289
2.441257
2.441240
2.441817
2.441363
2.440677
2.441172
2.440814
2.441396
2.441115
2.441367
2.444124
2.472318
2.474597
2.474373
2.474232
2.474016
2.474794
2.475633
2.475014
2.474066
2.475518
2.474807
2.474594
2.474792
2.474814
2.475284
2.473755
2.473815
2.473724
2.474331
2.473946
2.473490
2.473686
2.473492
2.474023
2.473621
2.473326
2.473726
2.473716
2.473696
2.473097
2.473366
2.472872
2.473875
2.473832
2.473426
2.473241
2.473613
2.473382
2.473503
2.473655
2.473035
2.473977
2.473629
2.473511
2.473227
2.473016
2.473766
2.473648
2.473344
2.473391
2.474002
2.473356
2.473569
2.473115
2.473200
2.474226
2.473518
2.473177
2.473050
2.473646
2.473673
2.473660
2.473294
2.472947
2.473705
2.473304
2.473158
2.473363
2.473457
2.473547
2.472627
2.465498
2.447200
2.439774
2.439718
2.439508
2.439818
2.440118
2.440189
2.440376
2.440410
2.440192
2.440940
2.440069
2.440501
2.440584
2.440786
2.441227
2.441710
2.441145
2.441408
2.441227
2.441072
2.440628
2.441053
2.440602
2.440954
2.440193
2.439889
2.439983
2.439948
2.440107
2.439212
2.440572
2.440251
2.440808
2.439942
2.439488
2.439194
2.439765
2.439901
2.439206
2.439842
2.440653
2.440366
2.441093
2.440319
2.439424
2.440302
2.440620
2.440281
2.439585
2.439585
2.440876
2.440390
2.439749
2.439277
2.439603
2.439981
2.438492
2.438442
2.438229
2.439458
2.440220
2.439210
2.439516
2.440320
2.439861
2.439874
2.439572
2.438805
2.440526
2.439923
2.440086
2.439859
2.439843
2.440819
2.440493
2.440037
2.439799
2.439702
2.440394
2.439721
2.439423
2.439017
2.439739
2.438987
2.438533
2.438733
2.438459
2.439041
2.438149
2.437726
2.438006
2.437887
2.438336
2.439408
2.439508
2.438897
2.439699
2.440706
2.440127
2.440707
2.440475
2.439379
2.439913
2.439461
2.439480
2.440100
2.439345
2.438962
2.439350
2.439886
2.439312
2.438399
2.437657
2.437494
2.464907
2.472385
2.473254
2.472527
2.473322
2.473643
2.472943
2.472328
2.471463
2.472612
2.471402
2.471523
2.470503
2.471692
2.471943
2.471411
2.472348
2.471881
2.472724
2.472256
2.472095
2.471986
2.472042
2.472744
2.472141
2.471876
2.472055
2.472528
2.472206
2.471481
2.471159
2.471392
2.472043
2.471858
2.472139
2.472106
2.471815
2.471327
2.471181
2.471131
2.471778
2.472795
2.472268
2.472673
2.472218
2.472649
2.472565
2.472259
2.472093
2.472327
2.472730
2.472013
2.471973
2.471426
2.470918
2.471167
2.471765
2.471719
2.471741
2.472408
2.471485
2.471874
2.472013
2.472497
2.472452
2.472345
2.472163
2.472118
2.472835
2.472272
2.473066
2.466773
2.451871
2.439194
2.438745
2.437921
2.438593
2.439212
2.438990
2.438627
2.438872
2.438815
2.440200
2.439776
2.439026
2.438483
2.439067
2.438530
2.438497
2.438636
2.438039
2.437915
2.439537
2.438986
2.438734
2.438874
2.438660
2.438682
2.437734
2.437397
2.438043
2.437488
2.437278
2.437257
2.437832
2.437861
2.438148
2.437493
2.438267
2.439021
2.437936
2.437567
2.437696
2.437772
2.438731
2.438189
2.437897
2.437666
2.438020
2.437655
2.437590
2.437956
2.437698
2.438872
2.438455
2.438322
2.438162
2.438825
2.438087
2.437328
2.437548
2.437278
2.438664
2.437704
2.437464
2.437167
2.437490
2.437086
2.436686
2.436692
2.438104
2.438846
2.438270
2.437956
2.437614
2.438093
2.436906
2.437482
2.437229
2.437807
2.438704
2.439722
2.438971
2.439207
2.438656
2.438942
2.438887
2.438378
2.438133
2.437540
2.438038
2.438547
2.437478
2.437547
2.437592
2.439750
2.439157
2.439491
2.438937
2.439603
2.458736
2.472419
2.472932
2.472951
2.473935
2.472795
2.473227
2.474026
2.473593
2.473866
2.473051
2.473032
2.473181
2.472914
2.472882
2.472649
2.472399
2.473236
2.473314
2.472532
2.472276
2.472188
2.473037
2.471544
2.471980
2.471178
2.470878
2.471794
2.471335
2.470852
2.470573
2.471163
2.472473
2.472913
2.472286
2.471377
2.473106
2.472892
2.473191
2.473163
2.472741
2.472014
2.471677
2.471057
2.471955
2.473280
2.472527
2.473022
2.472295
2.472872
2.472821
2.472306
2.472385
2.471500
2.472146
2.471324
2.471632
2.471505
2.471657
2.471859
2.471116
2.471033
2.471545
2.472014
2.471644
2.471724
2.470484
2.470132
2.470810
2.470765
2.471767
2.466841
2.455389
2.437748
2.435757
2.436667
2.436914
2.437428
2.436448
2.436707
2.437233
2.438191
2.438264
2.437520
2.438063
2.437829
2.438532
2.438343
2.438001
2.437939
2.438490
2.438146
2.437342
2.437453
2.436954
2.436783
2.437239
2.437006
2.436818
2.435246
2.435021
2.435051
2.435635
2.435369
2.435769
2.436209
2.436706
2.436847
2.436240
2.435886
2.436070
2.436055
2.436398
2.436911
2.435333
2.435433
2.436191
2.436700
2.437132
2.436262
2.436116
2.435895
2.436278
2.436968
2.436036
2.436280
2.437363
2.438029
2.438089
2.436861
2.436618
2.436549
2.437021
2.436256
2.436571
2.436885
2.437230
2.436980
2.436571
2.436252
2.436442
2.437302
2.436709
2.436765
2.437083
2.436487
2.437152
2.437211
2.436967
2.437304
2.437708
2.436933
2.437185
2.437424
2.438138
2.437053
2.437645
2.437402
2.436454
2.437776
2.437169
2.437434
2.438044
2.438176
2.437454
2.437630
2.437741
2.437117
2.437334
2.436222
2.435719
2.436329
2.436784
2.437198
2.437851
2.437819
2.469903
2.469766
2.469769
2.469602
2.470415
2.470304
2.470092
2.471135
2.471277
2.471334
2.471282
2.472732
2.472412
2.472321
2.472259
2.471426
2.472752
2.471778
2.472763
2.472347
2.473717
2.473026
2.473161
2.473536
2.473673
2.474197
2.474168
2.473531
2.474105
2.474195
2.474242
2.473308
2.473851
2.473324
2.474130
2.473999
2.474301
2.474507
2.474599
2.474711
2.473849
2.474179
2.473654
2.474284
2.474090
2.473152
2.473119
2.472168
2.473230
2.473673
2.473461
2.473603
2.474259
2.473705
2.473656
2.473300
2.470921
2.462974
2.442016
2.440454
2.439870
2.440622
2.440339
2.439264
2.439132
2.438822
2.438709
2.439281
2.439490
2.439678
2.440131
2.440594
2.440754
2.439873
2.439935
2.441357
2.440749
2.439710
2.439625
2.439622
2.439754
2.439232
2.439147
2.438490
2.439535
2.439100
2.439197
2.439685
2.439647
2.439985
2.439316
2.439879
2.439160
2.440472
2.439929
2.439442
2.439500
2.439026
2.439542
2.439312
2.439680
2.439526
2.440262
2.439703
2.439898
2.440079
2.440184
2.440573
2.440554
2.440242
2.440366
2.440633
2.439844
2.439552
2.439075
2.439827
2.440838
2.440128
2.440162
2.439666
2.440385
2.440307
2.440288
2.440012
2.439815
2.440364
2.439370
2.438718
2.438429
2.439100
2.439294
2.438450
2.438273
2.439053
2.438822
2.439376
2.440628
2.441598
2.440407
2.438359
2.438092
2.438698
2.438848
2.438439
2.439197
2.440168
2.441161
2.439950
2.439750
2.439842
2.439947
2.439886
2.439891
2.438797
2.439578
2.439408
2.438375
2.439088
2.438642
2.438945
2.438735
2.437508
2.469148
2.470545
2.472159
2.471561
2.471440
2.471836
2.471995
2.472231
2.471402
2.471690
2.471722
2.472727
2.471167
2.471055
2.470768
2.471440
2.470949
2.470522
2.470433
2.470868
2.470703
2.470697
2.470783
2.471666
2.471048
2.471126
2.471297
2.471328
2.471120
2.471247
2.471052
2.471535
2.470737
2.471394
2.471060
2.471105
2.472013
2.471841
2.471482
2.471523
2.472540
2.471935
2.472115
2.471631
2.471469
2.471619
2.471913
2.471918
2.471569
2.472835
2.471974
2.471938
2.471759
2.471899
2.472015
2.471772
2.471470
2.471552
2.471212
2.471125
2.470622
2.470427
2.470803
2.470602
2.470238
2.471331
2.471226
2.470102
2.462195
2.437032
2.436992
2.437442
2.437150
2.436594
2.436514
2.437134
2.437471
2.437380
2.437233
2.437524
2.437467
2.437250
2.437341
2.437671
2.437375
2.437730
2.436913
2.436545
2.436564
2.436799
2.436243
2.435478
2.435900
2.435986
2.436318
2.436047
2.435327
2.435868
2.436339
2.436049
2.436166
2.436299
2.436695
2.436242
2.436159
2.436527
2.437007
2.437229
2.437193
2.437571
2.437398
2.438298
2.437544
2.437161
2.436932
2.437306
2.437676
2.437249
2.436873
2.437742
2.438918
2.438346
2.438211
2.437602
2.437137
2.436413
2.435392
2.438243
2.438140
2.437990
2.436852
2.436906
2.437441
2.436630
2.437878
2.438102
2.438724
2.437912
2.437821
2.438149
2.437585
2.438342
2.437382
2.437650
2.437881
2.438611
2.438509
2.437427
2.437847
2.437782
2.437481
2.437212
2.436565
2.437462
2.436941
2.437169
2.438226
2.438297
2.439012
2.437862
2.437433
2.436585
2.435953
2.438392
2.438329
2.438254
2.437626
2.438093
2.437366
2.437130
2.437181
2.437035
2.437961
2.437178
2.436331
2.436150
2.437891
2.436996
2.439077
2.467872
2.471253
2.472834
2.472470
2.472934
2.472199
2.472544
2.472627
2.472085
2.472650
2.472143
2.472222
2.472176
2.471811
2.471055
2.471406
2.471116
2.470657
2.470995
2.470812
2.471528
2.471035
2.471560
2.470901
2.470627
2.470053
2.470226
2.470360
2.470391
2.470754
2.469767
2.469736
2.469507
2.469573
2.469447
2.468629
2.468516
2.469042
2.468632
2.469902
2.469988
2.470186
2.470301
2.469792
2.469699
2.470189
2.470284
2.470364
2.469434
2.470341
2.470015
2.469461
2.469626
2.470260
2.469342
2.469450
2.470307
2.470660
2.469513
2.469524
2.469533
2.470264
2.463543
2.444925
2.435300
2.435249
2.436230
2.436574
2.437399
2.438154
2.437099
2.436980
2.437050
2.436508
2.438432
2.437547
2.437149
2.438776
2.439026
2.438455
2.438483
2.438138
2.437432
2.437715
2.436852
2.437583
2.438183
2.439321
2.438388
2.437847
2.436774
2.436007
2.436157
2.436696
2.436873
2.436528
2.437319
2.436886
2.437181
2.437302
2.437316
2.437962
2.437472
2.437433
2.438769
2.439527
2.439238
2.440296
2.438889
2.439369
2.438412
2.438161
2.437891
2.439023
2.439822
2.438524
2.438872
2.438267
2.439383
2.438447
2.438883
2.438055
2.438574
2.438869
2.437927
2.437972
2.438149
2.438611
2.438914
2.438365
2.438151
2.438520
2.438632
2.437388
2.437939
2.438163
2.438560
2.437671
2.438249
2.437739
2.438214
2.438355
2.438316
2.438493
2.438298
2.438790
2.438605
2.438254
2.437834
2.438172
2.439177
2.438516
2.438716
2.438893
2.438984
2.439141
2.438382
2.438774
2.438710
2.439865
2.438629
2.439222
2.438083
2.438753
2.439003
2.438152
2.437536
2.438053
2.437456
2.437662
2.438263
2.438374
2.438015
2.438571
2.437372
2.461221
2.472163
2.472520
2.471985
2.471991
2.471926
2.473128
2.473123
2.472659
2.472751
2.473457
2.472636
2.472466
2.472584
2.472495
2.473190
2.472616
2.472644
2.472911
2.472983
2.473225
2.473093
2.472998
2.472143
2.473079
2.472800
2.472613
2.472469
2.472371
2.473072
2.472469
2.472382
2.472197
2.472831
2.472620
2.472341
2.472077
2.472751
2.472970
2.472144
2.472213
2.472224
2.473038
2.472811
2.472548
2.472648
2.472884
2.473043
2.472498
2.472719
2.472737
2.473201
2.473192
2.473043
2.473124
2.472898
2.473460
2.473056
2.472744
2.472674
2.473087
2.472961
2.472595
2.472153
2.472409
2.473045
2.472032
2.471839
2.471871
2.472180
2.472860
2.466183
2.454026
2.439982
2.439743
2.440448
2.439211
2.438706
2.438657
2.439585
2.440256
2.439486
2.440220
2.441073
2.439705
2.439320
2.438295
2.438463
2.439087
2.438371
2.438767
2.438582
2.439327
2.438057
2.437961
2.437078
2.437510
2.438393
2.438610
2.439557
2.439213
2.438586
2.438266
2.438387
2.438189
2.439445
2.438581
2.439302
2.438523
2.438782
2.438146
2.439073
2.439290
2.438873
2.440955
2.439814
2.438956
2.438368
2.438154
2.438342
2.438244
2.437995
2.437805
2.437533
2.437620
2.437847
2.438340
2.438815
2.438259
2.438153
2.436789
2.436606
2.437497
2.438133
2.438153
2.438071
2.436658
2.436654
2.436526
2.437131
2.435937
2.436638
2.436287
2.436190
2.437267
2.436740
2.437100
2.437271
2.437782
2.437752
2.437230
2.437460
2.438273
2.438219
2.438112
2.438315
2.438439
2.439132
2.437391
2.437493
2.438419
2.438478
2.438195
2.438250
2.438756
2.437935
2.438126
2.437617
2.438130
2.437721
2.437692
2.437317
2.437350
2.437037
2.437848
2.437174
2.437621
2.437662
2.437121
2.437414
2.453458
2.471293
2.471049
2.471015
2.471046
2.471160
2.471029
2.471438
2.471115
2.471350
2.471656
2.471371
2.471467
2.471126
2.471725
2.471087
2.471341
2.471132
2.471421
2.471992
2.470964
2.471334
2.471377
2.472457
2.472410
2.470812
2.470566
2.470441
2.471101
2.470730
2.470601
2.470765
2.471406
2.471510
2.470762
2.471109
2.471061
2.471924
2.471178
2.471064
2.471010
2.471508
2.471616
2.471467
2.471675
2.471374
2.472065
2.471762
2.471294
2.471123
2.471184
2.471626
2.471039
2.471213
2.470994
2.471694
2.471328
2.470826
2.471023
2.470783
2.471313
2.470576
2.470790
2.470878
2.471695
2.471002
2.467111
2.457610
2.438552
2.438490
2.437770
2.437233
2.437394
2.437854
2.437491
2.437202
2.436939
2.438876
2.437536
2.437987
2.438012
2.437623
2.437908
2.437586
2.437796
2.437068
2.436656
2.436888
2.437075
2.437376
2.437115
2.436934
2.436895
2.436300
2.436315
2.437623
2.437396
2.437394
2.437088
2.438419
2.437730
2.437798
2.437476
2.437729
2.438666
2.437929
2.437986
2.437656
2.436870
2.437513
2.438117
2.437723
2.437639
2.437388
2.438136
2.438093
2.438432
2.438562
2.437593
2.436067
2.435865
2.436832
2.435833
2.436542
2.437303
2.437059
2.437297
2.438024
2.436368
2.436857
2.436837
2.436985
2.438638
2.438352
2.439061
2.438184
2.438837
2.438498
2.438457
2.438421
2.438129
2.438491
2.437643
2.438253
2.438422
2.439447
2.439217
2.437909
2.437651
2.438369
2.437609
2.438489
2.438263
2.438242
2.437470
2.436166
2.435769
2.445698
2.470393
2.470438
2.470590
2.470556
2.470675
2.470710
2.471023
2.470534
2.470174
2.470623
2.471755
2.470946
2.471113
2.470112
2.470327
2.470918
2.470689
2.469995
2.469876
2.470387
2.470084
2.470506
2.470808
2.469049
2.470391
2.470801
2.471113
2.470738
2.470144
2.469853
2.469920
2.470412
2.469826
2.470154
2.470447
2.470404
2.471038
2.471268
2.471456
2.470878
2.471840
2.471359
2.470917
2.470601
2.470592
2.470717
2.470173
2.469891
2.470896
2.470751
2.469915
2.470102
2.470277
2.470726
2.470497
2.470882
2.471192
2.470394
2.470453
2.469772
2.469931
2.470162
2.469945
2.468011
2.461201
2.440850
2.437248
2.437043
2.436750
2.437698
2.438501
2.437667
2.437558
2.438360
2.438166
2.437771
2.436841
2.436876
2.436963
2.438604
2.438192
2.436966
2.436938
2.437865
2.438335
2.437839
2.437232
2.436749
2.437249
2.436429
2.435799
2.436106
2.435774
2.436230
2.436109
2.435709
2.436748
2.436835
2.436582
2.436572
2.436301
2.436715
2.436426
2.436659
2.436415
2.437385
2.436385
2.436510
2.436547
2.436895
2.436679
2.436516
2.437205
2.437167
2.437480
2.436787
2.437304
2.437120
2.438133
2.438391
2.438051
2.438391
2.438440
2.437690
2.436962
2.436785
2.437021
2.437557
2.437280
2.436256
2.437118
2.436777
2.436619
2.437466
2.437918
2.437816
2.437887
2.437494
2.439113
2.438846
2.438915
2.438633
2.439393
2.439564
2.439559
2.438803
2.438998
2.439855
2.439269
2.439011
2.438301
2.438524
2.437881
2.437929
2.438331
2.439198
2.439391
2.438556
2.438787
2.438743
2.439694
2.439312
2.439050
2.438729
2.438115
2.438638
2.438222
2.437585
2.437612
2.441610
2.469051
2.471996
2.472110
2.472022
2.472863
2.472506
2.473041
2.471619
2.471974
2.472277
2.472489
2.471881
2.472134
2.472993
2.472494
2.472539
2.472558
2.473176
2.472711
2.472496
2.472372
2.472406
2.473044
2.472930
2.472119
2.472525
2.472705
2.472667
2.472688
2.472709
2.472321
2.472922
2.471848
2.471824
2.471893
2.471569
2.472340
2.471244
2.471787
2.471280
2.471518
2.471154
2.471161
2.471526
2.471115
2.471399
2.472035
2.472619
2.472617
2.472696
2.472523
2.473097
2.473330
2.473115
2.472801
2.472136
2.471768
2.471923
2.472786
2.472373
2.473404
2.472429
2.471211
2.471893
2.471418
2.471821
2.472059
2.471973
2.472745
2.472132
2.471552
2.463716
2.445142
2.437688
2.436661
2.436342
2.436900
2.436513
2.436901
2.435778
2.435675
2.436603
2.436708
2.437183
2.437139
2.437801
2.437539
2.438020
2.437540
2.437326
2.436896
2.437440
2.436906
2.436168
2.435977
2.435657
2.436988
2.435666
2.436307
2.436426
2.436675
2.437040
2.436513
2.435844
2.436159
2.437202
2.437481
2.437018
2.437539
2.437894
2.436626
2.436596
2.436929
2.437010
2.437425
2.437186
2.437182
2.437155
2.438194
2.437598
2.437710
2.437154
2.437582
2.438036
2.437087
2.436041
2.437683
2.437527
2.437877
2.437775
2.437611
2.437531
2.436972
2.436736
2.436701
2.437651
2.437159
2.436485
2.436883
2.437481
2.436596
2.436827
2.436436
2.437341
2.437053
2.436399
2.437075
2.436677
2.437354
2.436309
2.436261
2.436175
2.437119
2.437000
2.436244
2.436894
2.437209
2.438323
2.437757
2.437021
2.437197
2.437351
2.437050
2.437107
2.437913
2.437229
2.437560
2.436960
2.436962
2.436898
2.437325
2.437360
2.436683
2.436708
2.436630
2.437399
2.436600
2.436313
2.436095
2.435973
2.463086
2.469714
2.469866
2.470816
2.470151
2.470474
2.470789
2.471036
2.471294
2.470801
2.470294
2.470316
2.471049
2.470688
2.471320
2.471087
2.471217
2.471628
2.471450
2.471544
2.471367
2.471709
2.471601
2.471152
2.470626
2.471972
2.470937
2.470763
2.470405
2.469702
2.470185
2.469959
2.470667
2.470551
2.469917
2.470673
2.472281
2.471744
2.472205
2.471863
2.472305
2.472367
2.471970
2.471772
2.471933
2.472254
2.471852
2.472167
2.471969
2.472460
2.472568
2.471918
2.471564
2.471733
2.472152
2.472159
2.471043
2.471396
2.471024
2.471997
2.471445
2.471588
2.471064
2.472255
2.472332
2.471641
2.471031
2.463873
2.449535
2.436484
2.437278
2.436872
2.437821
2.437353
2.437035
2.437588
2.437859
2.438482
2.438673
2.438387
2.437328
2.438797
2.439408
2.438930
2.440155
2.438832
2.438061
2.437509
2.437290
2.436913
2.438130
2.437227
2.438506
2.438195
2.437785
2.437407
2.437642
2.437090
2.436759
2.437313
2.437297
2.436726
2.436557
2.436220
2.436851
2.436084
2.436985
2.437698
2.437344
2.437263
2.437053
2.436962
2.436342
2.436032
2.435709
2.436178
2.435902
2.435609
2.436554
2.436109
2.436712
2.437243
2.435992
2.435929
2.435835
2.436576
2.436137
2.436659
2.436450
2.436104
2.435631
2.436275
2.436932
2.436550
2.436461
2.436549
2.437281
2.436951
2.436437
2.436288
2.436017
2.436332
2.436429
2.437272
2.436930
2.438108
2.437859
2.436713
2.435966
2.436832
2.436344
2.456459
2.470009
2.470165
2.471480
2.471422
2.470924
2.471111
2.471327
2.471001
2.470778
2.470360
2.470692
2.470958
2.470391
2.470258
2.469916
2.470186
2.470831
2.471389
2.471129
2.470274
2.470893
2.470434
2.470393
2.470385
2.470589
2.470872
2.470188
2.470317
2.470161
2.470898
2.470413
2.470177
2.469792
2.469945
2.470622
2.470236
2.470258
2.471310
2.471138
2.471111
2.471370
2.471159
2.471514
2.471295
2.471239
2.471424
2.471338
2.471033
2.470894
2.470722
2.470363
2.471007
2.470435
2.470559
2.470413
2.470497
2.470809
2.470239
2.470158
2.470163
2.471234
2.470639
2.470019
2.470312
2.470126
2.471120
2.471161
2.470761
2.470355
2.466612
2.438204
2.436827
2.436217
2.437343
2.435196
2.437233
2.436013
2.437770
2.438228
2.437863
2.437254
2.438105
2.438850
2.437820
2.438035
2.437985
2.436884
2.438702
2.438114
2.437969
2.438662
2.438457
2.438411
2.437283
2.437097
2.437131
2.438030
2.437532
2.436273
2.436891
2.437536
2.438411
2.438790
2.438740
2.438728
2.437944
2.436966
2.437642
2.438000
2.437677
2.438694
2.438783
2.440104
2.439166
2.438982
2.438754
2.438085
2.439846
2.439017
2.439763
2.438833
2.439634
2.438545
2.438895
2.438361
2.438837
2.438272
2.437719
2.438476
2.437764
2.438990
2.439111
2.438185
2.439466
2.439310
2.439276
2.439207
2.437733
2.437726
2.438223
2.438741
2.437448
2.438592
2.438085
2.439947
2.438705
2.438306
2.437959
2.437632
2.437911
2.437966
2.438512
2.438406
2.438231
2.438566
2.437896
2.438112
2.438124
2.438946
2.438213
2.436776
2.436770
2.436628
2.437218
2.437498
2.438130
2.437002
2.436842
2.436336
2.437708
2.435619
2.433746
2.434348
2.435115
2.435337
2.431520
2.470204
2.470545
2.470555
2.470332
2.470614
2.471296
2.470392
2.470267
2.470906
2.469757
2.471189
2.471942
2.470996
2.470863
2.471657
2.471803
2.472205
2.471497
2.471818
2.471539
2.471939
2.471330
2.471028
2.471019
2.470755
2.471733
2.471486
2.471322
2.471336
2.471537
2.471365
2.470735
2.470930
2.470902
2.471854
2.471166
2.471207
2.471105
2.471538
2.471418
2.471389
2.471346
2.471157
2.472371
2.471768
2.471496
2.471624
2.471966
2.472383
2.472703
2.472477
2.471900
2.472875
2.472541
2.472509
2.472506
2.472031
2.472788
2.472186
2.472277
2.472529
2.473074
2.471850
2.471945
2.472385
2.472324
2.469525
2.460825
2.440602
2.438817
2.439778
2.439296
2.438617
2.438751
2.439111
2.438853
2.438895
2.439002
2.439218
2.440116
2.438838
2.438126
2.439172
2.439272
2.439418
2.438571
2.438611
2.438447
2.438872
2.438642
2.437646
2.437335
2.437013
2.437759
2.437589
2.437642
2.437022
2.437431
2.437522
2.436814
2.437225
2.437295
2.438594
2.438192
2.438063
2.437421
2.437878
2.438419
2.438021
2.437660
2.437922
2.438487
2.438074
2.438063
2.437980
2.438316
2.439189
2.438712
2.438774
2.438423
2.438992
2.438563
2.438583
2.438090
2.438154
2.439067
2.438436
2.438157
2.438478
2.438747
2.438682
2.438762
2.438776
2.438787
2.439412
2.438288
2.437987
2.437739
2.438026
2.438791
2.438242
2.437763
2.437859
2.437984
2.437913
2.437693
2.438188
2.437994
2.438586
2.438099
2.437941
2.437784
2.438254
2.437968
2.437846
2.437991
2.438657
2.438560
2.438666
2.438917
2.439215
2.439234
2.439107
2.439095
2.439806
2.439216
2.439631
2.438790
2.438190
2.438766
2.439697
2.439512
2.439210
2.439111
2.438896
2.439775
2.439268
2.439280
2.439566
2.439457
2.438911
2.438443
2.444096
2.469904
2.472393
2.471611
2.471766
2.471439
2.471696
2.472345
2.472032
2.471669
2.471571
2.472553
2.471384
2.472008
2.470257
2.469808
2.470521
2.469910
2.469625
2.469782
2.471257
2.470458
2.471200
2.471375
2.472222
2.473021
2.470952
2.471253
2.471347
2.472038
2.471120
2.471399
2.472461
2.471758
2.471720
2.472786
2.472283
2.472178
2.472575
2.472301
2.471833
2.471972
2.472824
2.473620
2.474309
2.473186
2.473136
2.472714
2.473206
2.472057
2.472190
2.473056
2.473284
2.471980
2.471238
2.470824
2.470399
2.471039
2.469383
2.470963
2.470683
2.471415
2.471530
2.472225
2.470366
2.470024
2.470724
2.471405
2.470889
2.470965
2.471393
2.470251
2.462572
2.441346
2.437174
2.438992
2.438684
2.437368
2.437652
2.438257
2.438560
2.438610
2.437666
2.437426
2.438064
2.437474
2.437634
2.437901
2.438794
2.438525
2.438198
2.437696
2.437823
2.437702
2.437590
2.436773
2.438154
2.438155
2.437735
2.437097
2.436439
2.437074
2.437873
2.437511
2.437504
2.437367
2.437728
2.438706
2.437625
2.437888
2.437367
2.439174
2.438799
2.438669
2.438472
2.438343
2.438971
2.438738
2.438495
2.438279
2.438954
2.439011
2.438228
2.439120
2.439433
2.440366
2.439514
2.440193
2.439914
2.440148
2.440389
2.439298
2.439646
2.439512
2.440147
2.440304
2.439415
2.439386
2.439030
2.439533
2.438813
2.439068
2.438675
2.439395
2.438936
2.438408
2.438371
2.438944
2.439380
2.438666
2.439112
2.438357
2.438520
2.438673
2.438812
2.438376
2.438720
2.439801
2.438650
2.438845
2.438703
2.438971
2.439079
2.438884
2.438666
2.439007
2.439960
2.439330
2.439448
2.439372
2.438841
2.438586
2.438425
2.438101
2.438216
2.438679
2.438339
2.438003
2.437835
2.438003
2.438360
2.438641
2.437943
2.438627
2.438903
2.438371
2.438256
2.439608
2.467872
2.471872
2.472051
2.472788
2.472806
2.473125
2.474151
2.473390
2.473202
2.473404
2.474213
2.473638
2.473919
2.472672
2.474229
2.474180
2.473694
2.473305
2.473320
2.473896
2.473379
2.473586
2.473407
2.473814
2.473750
2.473047
2.473250
2.473258
2.473766
2.473087
2.473087
2.473165
2.473151
2.473744
2.473119
2.473252
2.473003
2.473795
2.473115
2.473236
2.472872
2.473255
2.473679
2.473330
2.473243
2.473313
2.474230
2.473493
2.473157
2.473149
2.472928
2.472894
2.472848
2.472916
2.473453
2.473798
2.473559
2.473407
2.473649
2.473875
2.473432
2.473701
2.473489
2.472560
2.473602
2.473698
2.473170
2.472905
2.473496
2.473276
2.472860
2.465197
2.448788
2.440003
2.440169
2.439761
2.439238
2.438403
2.439514
2.439454
2.440093
2.439781
2.441213
2.441099
2.440770
2.440108
2.439440
2.440482
2.439483
2.439201
2.439278
2.439068
2.439377
2.438620
2.438321
2.437820
2.438527
2.437886
2.438533
2.438590
2.438235
2.439900
2.438728
2.437738
2.437828
2.438380
2.438327
2.438756
2.438422
2.438482
2.439095
2.438813
2.438598
2.438583
2.439163
2.439317
2.439320
2.438879
2.439181
2.439149
2.439632
2.438748
2.439464
2.438843
2.438722
2.439024
2.438740
2.438107
2.438847
2.439039
2.438692
2.438710
2.438403
2.438495
2.438016
2.438222
2.438442
2.439603
2.438365
2.438148
2.438465
2.437111
2.436349
2.435312
2.437024
2.436975
2.437941
2.436855
2.436405
2.437627
2.437267
2.438660
2.437791
2.436600
2.436737
2.437673
2.438310
2.437996
2.438454
2.438534
2.437807
2.437643
2.436847
2.437989
2.438925
2.438479
2.438139
2.438620
2.438047
2.438440
2.437796
2.437739
2.437720
2.437877
2.438365
2.438337
2.437868
2.437834
2.438837
2.438691
2.438189
2.437404
2.437444
2.438442
2.437286
2.438185
2.438152
2.462196
2.471532
2.471331
2.470839
2.471850
2.472530
2.472976
2.473301
2.472355
2.471435
2.471538
2.471533
2.471346
2.470923
2.471653
2.470720
2.470664
2.470945
2.471164
2.471177
2.470650
2.470402
2.471178
2.471318
2.471626
2.471361
2.471475
2.471243
2.470925
2.471125
2.471614
2.471043
2.471511
2.470537
2.470835
2.470546
2.470939
2.472317
2.471507
2.471943
2.471931
2.472391
2.472119
2.471596
2.471732
2.471513
2.471941
2.471555
2.471753
2.471322
2.472198
2.472419
2.472641
2.472810
2.472880
2.473352
2.472686
2.473064
2.472252
2.472692
2.472602
2.472548
2.472314
2.472363
2.472376
2.471205
2.471965
2.471988
2.472630
2.472106
2.471654
2.466599
2.453030
2.439153
2.437589
2.437462
2.438031
2.437899
2.438622
2.438074
2.437857
2.437900
2.438700
2.438489
2.438535
2.438557
2.438687
2.437750
2.437150
2.438254
2.438036
2.438183
2.438055
2.438355
2.438714
2.431400
2.437362
2.438235
2.439756
2.438621
2.438821
2.438630
2.439042
2.438964
2.439429
2.439561
2.439424
2.440125
2.440588
2.440311
2.439987
2.439401
2.440364
2.440464
2.440013
2.439914
2.439914
2.440780
2.440168
2.440251
2.439893
2.440477
2.440503
2.439646
2.439387
2.439371
2.439926
2.438753
2.439977
2.439773
2.439693
2.439128
2.439903
2.439273
2.439547
2.439783
2.440268
2.439784
2.439704
2.439043
2.439839
2.439073
2.439431
2.439277
2.440455
2.440354
2.440326
2.440116
2.440051
2.440715
2.440379
2.440001
2.440205
2.440805
2.439793
2.439986
2.439159
2.439315
2.440965
2.440345
2.439807
2.439618
2.440400
2.439236
2.439426
2.439030
2.438882
2.456421
2.472143
2.472071
2.472455
2.473055
2.472163
2.473241
2.472776
2.471788
2.472143
2.472029
2.472875
2.473461
2.474207
2.474371
2.474235
2.473193
2.473509
2.474486
2.473791
2.474158
2.473705
2.473772
2.473437
2.472609
2.472819
2.473350
2.473587
2.474320
2.474279
2.473074
2.472854
2.473082
2.472514
2.473453
2.472857
2.473808
2.473814
2.473631
2.473052
2.473517
2.473133
2.472795
2.472903
2.472318
2.473288
2.473657
2.473231
2.472522
2.471817
2.472578
2.472623
2.472302
2.472665
2.472792
2.473271
2.472370
2.472415
2.472337
2.472727
2.472022
2.471905
2.472180
2.472651
2.472463
2.470920
2.471793
2.471123
2.471304
2.470967
2.471290
2.467352
2.457446
2.440312
2.438266
2.437969
2.437639
2.438718
2.438631
2.437490
2.437741
2.438623
2.438920
2.439110
2.439224
2.438643
2.439119
2.438415
2.438543
2.438130
2.438788
2.438229
2.438125
2.438908
2.438606
2.438195
2.438053
2.438384
2.439688
2.439269
2.438632
2.439823
2.439579
2.439229
2.438619
2.438638
2.439306
2.439287
2.438073
2.437884
2.438473
2.438546
2.438424
2.438490
2.438146
2.437711
2.437662
2.438413
2.447364
2.470854
2.471658
2.471443
2.471913
2.471884
2.471577
2.471666
2.471758
2.471923
2.471761
2.472034
2.472070
2.471920
2.471279
2.471716
2.471847
2.471660
2.472708
2.471958
2.472008
2.471488
2.472475
2.471851
2.472090
2.471874
2.472022
2.472519
2.472035
2.472042
2.471656
2.471970
2.471930
2.472010
2.471591
2.471730
2.471923
2.471587
2.471726
2.471340
2.471936
2.471908
2.471752
2.471758
2.471659
2.472726
2.472038
2.472055
2.472535
2.472563
2.472793
2.472573
2.472198
2.472333
2.472937
2.472578
2.472486
2.472295
2.472183
2.472556
2.471939
2.472184
2.471704
2.472938
2.472115
2.471884
2.471941
2.472001
2.473072
2.472572
2.472362
2.470465
2.463474
2.442442
2.439936
2.439905
2.438580
2.438816
2.439223
2.438083
2.438676
2.438383
2.438132
2.437663
2.438749
2.438599
2.437478
2.437900
2.437635
2.437993
2.438413
2.438441
2.438543
2.438283
2.438379
2.438333
2.438090
2.438917
2.438425
2.439114
2.438690
2.438768
2.438918
2.438396
2.438213
2.438529
2.439998
2.439300
2.440104
2.440453
2.440984
2.440892
2.441388
2.440730
2.440712
2.441157
2.440955
2.441403
2.440789
2.440782
2.440667
2.439721
2.440507
2.440746
2.441352
2.440671
2.440547
2.439643
2.439113
2.439141
2.440051
2.440206
2.439953
2.440588
2.439830
2.439839
2.439684
2.440137
2.440686
2.440214
2.439520
2.440086
2.440536
2.440445
2.440195
2.440176
2.440307
2.441074
2.440366
2.439749
2.439864
2.440437
2.440459
2.440461
2.440923
2.440817
2.441716
2.440718
2.441372
2.440354
2.440973
2.440563
2.440543
2.440512
2.440354
2.440329
2.439827
2.440277
2.439635
2.441001
2.441471
2.441273
2.441462
2.439913
2.441291
2.444187
2.471526
2.473814
2.472818
2.473659
2.472761
2.472212
2.472602
2.473432
2.472953
2.473713
2.473249
2.473430
2.473654
2.473975
2.473096
2.471896
2.472083
2.472880
2.471511
2.472141
2.471901
2.471897
2.472160
2.472115
2.472072
2.472507
2.471927
2.471626
2.471333
2.471812
2.472641
2.471470
2.471343
2.471166
2.472360
2.471847
2.471582
2.471926
2.471666
2.472372
2.472249
2.472743
2.471981
2.472963
2.472854
2.472916
2.472701
2.472454
2.465763
2.446231
2.439740
2.439639
2.440155
2.439798
2.439986
2.439962
2.439688
2.440274
2.439557
2.439553
2.439809
2.440341
2.441264
2.441164
2.441418
2.440439
2.440522
2.439488
2.439603
2.438959
2.439046
2.438851
2.439327
2.439204
2.439128
2.440169
2.439794
2.439564
2.439144
2.438697
2.439461
2.438446
2.438301
2.438232
2.439611
2.438751
2.438954
2.438833
2.438881
2.439651
2.439696
2.439477
2.439103
2.439622
2.439414
2.438645
2.439578
2.439658
2.439533
2.438479
2.439545
2.439767
2.439547
2.439571
2.439295
2.439880
2.439849
2.439239
2.439104
2.440000
2.439376
2.438959
2.440088
2.439515
2.440131
2.439351
2.438974
2.438700
2.439088
2.439592
2.438666
2.439080
2.438504
2.439247
2.439477
2.438703
2.438438
2.438979
2.439171
2.438459
2.438611
2.439242
2.440388
2.440304
2.439841
2.440082
2.440279
2.441027
2.440749
2.440513
2.439879
2.440153
2.440070
2.440200
2.439755
2.440426
2.441003
2.440612
2.440870
2.440819
2.441337
2.440919
2.440252
2.438774
2.464398
2.470872
2.471639
2.471367
2.472063
2.472402
2.472952
2.472572
2.472240
2.472494
2.471896
2.473053
2.472750
2.472713
2.472050
2.473161
2.474519
2.474061
2.473746
2.474091
2.474237
2.474430
2.473747
2.474406
2.474020
2.474641
2.474492
2.473031
2.473858
2.474085
2.474335
2.474123
2.473919
2.473940
2.474106
2.473830
2.473238
2.473313
2.474238
2.474232
2.473404
2.473539
2.473537
2.474378
2.473600
2.473972
2.474005
2.474226
2.474651
2.474191
2.473505
2.473112
2.473516
2.474431
2.473703
2.473742
2.473332
2.474366
2.473117
2.472684
2.473233
2.473695
2.473077
2.473504
2.473983
2.473930
2.475327
2.473905
2.472804
2.473086
2.467130
2.452834
2.441193
2.441596
2.441291
2.441057
2.439874
2.439371
2.439900
2.441750
2.441207
2.440217
2.439488
2.440746
2.440224
2.440158
2.439819
2.439846
2.439996
2.439634
2.439435
2.439661
2.440499
2.439780
2.438958
2.438655
2.438114
2.439237
2.438326
2.438277
2.439221
2.439251
2.439030
2.439001
2.438860
2.438790
2.438837
2.439317
2.438881
2.440243
2.439088
2.439544
2.438995
2.440010
2.439809
2.439082
2.439580
2.438996
2.440031
2.438918
2.438241
2.438359
2.438685
2.438554
2.438375
2.439387
2.438859
2.438239
2.438286
2.438087
2.438443
2.438723
2.439265
2.439014
2.439362
2.440760
2.439620
2.440677
2.440011
2.440554
2.440672
2.441329
2.441087
2.439746
2.439454
2.440480
2.440375
2.440034
2.439286
2.439933
2.440304
2.440224
2.440195
2.440479
2.440410
2.440619
2.439959
2.459600
2.472404
2.473504
2.473078
2.472711
2.472637
2.473589
2.473577
2.473627
2.473183
2.473016
2.473588
2.473153
2.473524
2.473288
2.473112
2.472638
2.471818
2.472321
2.472332
2.473664
2.473245
2.473388
2.472771
2.472904
2.473112
2.472771
2.472190
2.471792
2.472223
2.471454
2.471594
2.471205
2.471754
2.471774
2.471223
2.471143
2.471057
2.471586
2.471814
2.471557
2.472481
2.472552
2.472874
2.473131
2.472386
2.473518
2.473087
2.472618
2.473173
2.473094
2.472780
2.472466
2.471954
2.472307
2.472166
2.466314
2.454764
2.438870
2.437729
2.438409
2.438226
2.438354
2.438548
2.439775
2.438472
2.438850
2.438213
2.439743
2.438640
2.437896
2.439292
2.439694
2.440357
2.440068
2.440096
2.440553
2.440843
2.440333
2.440646
2.439594
2.439717
2.440568
2.440183
2.440115
2.439777
2.439982
2.441117
2.440662
2.440307
2.440229
2.440836
2.440942
2.440093
2.440256
2.439781
2.440286
2.440566
2.440470
2.441058
2.440013
2.439957
2.440031
2.438881
2.440371
2.441397
2.440953
2.440890
2.440041
2.440575
2.440969
2.440696
2.440425
2.440575
2.441838
2.441263
2.441288
2.441255
2.441421
2.441888
2.440680
2.440813
2.440932
2.441702
2.441274
2.440470
2.440217
2.440737
2.440789
2.440594
2.440205
2.440691
2.440090
2.439963
2.439555
2.439224
2.438560
2.439913
2.438828
2.438886
2.438514
2.439905
2.439967
2.440375
2.440962
2.441236
2.441975
2.442073
2.442305
2.441493
2.440290
2.441366
2.440928
2.440860
2.440698
2.441843
2.440452
2.439907
2.440497
2.440774
2.441216
2.441740
2.440565
2.441304
2.442250
2.440766
2.440346
2.439845
2.439317
2.439607
2.439881
2.439513
2.452257
2.472591
2.473145
2.472258
2.472831
2.472661
2.474030
2.471502
2.472460
2.472821
2.471964
2.472332
2.472825
2.473596
2.472808
2.472398
2.472734
2.473006
2.472907
2.472754
2.472423
2.472628
2.472941
2.472697
2.472719
2.472652
2.473947
2.472780
2.472613
2.472554
2.472638
2.473392
2.470052
2.461224
2.441046
2.440894
2.440353
2.439216
2.439221
2.439013
2.440172
2.440223
2.439761
2.439659
2.440266
2.439754
2.440482
2.439802
2.439943
2.440349
2.440454
2.439548
2.439256
2.438871
2.438242
2.438531
2.438324
2.437952
2.438791
2.438322
2.437967
2.438082
2.438754
2.438133
2.438207
2.438859
2.438646
2.439842
2.439682
2.439485
2.439581
2.439609
2.439848
2.438970
2.439052
2.438936
2.439989
2.439954
2.439268
2.439186
2.439547
2.440663
2.440534
2.440954
2.441587
2.442219
2.441808
2.441111
2.441434
2.441671
2.442108
2.441722
2.441173
2.440965
2.442014
2.441385
2.441065
2.440885
2.441128
2.441447
2.440963
2.441274
2.440737
2.441561
2.441125
2.440562
2.440642
2.440020
2.440610
2.440112
2.439317
2.438607
2.440152
2.440830
2.440203
2.440903
2.440329
2.441151
2.440813
2.441022
2.441307
2.441252
2.441257
2.440829
2.440876
2.440999
2.441543
2.441450
2.441256
2.441089
2.441725
2.441879
2.441249
2.441449
2.441226
2.441785
2.441465
2.440957
2.441571
2.441419
2.441452
2.441594
2.440842
2.440655
2.441081
2.440958
2.440417
2.440153
2.446128
2.472706
2.473686
2.473523
2.473279
2.474131
2.474216
2.474652
2.474338
2.473843
2.474514
2.473802
2.473987
2.473933
2.474072
2.474800
2.474234
2.474256
2.473136
2.473679
2.472965
2.473398
2.473080
2.473010
2.473159
2.472798
2.473059
2.472864
2.473790
2.472952
2.472008
2.472541
2.472973
2.474657
2.473882
2.474360
2.473891
2.473183
2.473062
2.472262
2.472322
2.472317
2.472517
2.472127
2.472654
2.472687
2.473443
2.473760
2.472770
2.471901
2.472028
2.472658
2.472617
2.472963
2.472577
2.472380
2.473138
2.472960
2.472597
2.472492
2.472503
2.472035
2.472479
2.472258
2.472095
2.470515
2.469745
2.462972
2.443222
2.438657
2.438908
2.439169
2.438129
2.438918
2.438728
2.438082
2.437416
2.437232
2.437087
2.437119
2.437653
2.438815
2.438771
2.438136
2.438490
2.438067
2.438149
2.437814
2.437140
2.438087
2.438466
2.438316
2.438826
2.438409
2.439568
2.439584
2.438886
2.438558
2.438664
2.438677
2.438200
2.438617
2.438465
2.438610
2.439119
2.439287
2.439134
2.439708
2.439606
2.439526
2.439064
2.439241
2.439424
2.439958
2.439930
2.439728
2.439992
2.440377
2.440058
2.439895
2.439924
2.439218
2.439584
2.438918
2.438920
2.439469
2.439038
2.438753
2.438045
2.437983
2.437899
2.438493
2.438501
2.438625
2.438475
2.439136
2.439743
2.439020
2.439378
2.439150
2.439492
2.438619
2.439050
2.439435
2.439388
2.439793
2.439675
2.439508
2.439992
2.440716
2.439599
2.438951
2.439233
2.438674
2.439020
2.439417
2.439490
2.440138
2.439975
2.439301
2.437921
2.438432
2.438286
2.438721
2.438213
2.437693
2.438203
2.440385
2.467899
2.471309
2.471746
2.471575
2.471966
2.471850
2.471809
2.472186
2.472181
2.472339
2.471790
2.471911
2.472072
2.472270
2.472093
2.472532
2.472110
2.472634
2.473146
2.472914
2.472718
2.472461
2.473170
2.472726
2.472621
2.472486
2.472582
2.473311
2.472615
2.472790
2.471825
2.472856
2.472877
2.472758
2.473574
2.473521
2.474573
2.473938
2.473702
2.473819
2.473598
2.474098
2.473435
2.473982
2.473722
2.474471
2.473856
2.473882
2.473855
2.473600
2.474567
2.474301
2.474304
2.473758
2.474660
2.474661
2.473950
2.474278
2.474235
2.474738
2.473888
2.474038
2.473752
2.474784
2.474046
2.474076
2.474146
2.474161
2.474729
2.474002
2.473730
2.466571
2.450448
2.440962
2.441055
2.440790
2.440742
2.441548
2.441152
2.440939
2.441050
2.441483
2.441574
2.440968
2.441094
2.441242
2.441580
2.440559
2.440370
2.440325
2.440542
2.440978
2.440534
2.440665
2.440067
2.441149
2.440519
2.440342
2.440410
2.440121
2.441192
2.440068
2.440087
2.440096
2.440269
2.440566
2.440189
2.440307
2.440606
2.441185
2.440405
2.440743
2.440574
2.441723
2.440769
2.440825
2.440642
2.440463
2.440634
2.440054
2.440749
2.440938
2.441490
2.441705
2.441618
2.441303
2.441227
2.441912
2.440962
2.441580
2.441497
2.441686
2.441272
2.440870
2.440523
2.440968
2.441632
2.440965
2.440852
2.440323
2.440506
2.440315
2.440530
2.440649
2.439409
2.440011
2.440121
2.439339
2.439072
2.439049
2.439508
2.438464
2.438494
2.438599
2.439178
2.439508
2.439293
2.439055
2.440273
2.441462
2.440301
2.440768
2.439580
2.439445
2.439046
2.439103
2.438705
2.439689
2.440882
2.441125
2.440405
2.440091
2.440290
2.440913
2.439660
2.439414
2.440022
2.440733
2.439287
2.439457
2.439234
2.439702
2.440138
2.439803
2.440704
2.440233
2.440801
2.464215
2.473125
2.472975
2.473592
2.472908
2.473650
2.473740
2.472849
2.473951
2.475287
2.474206
2.473851
2.473812
2.475072
2.473439
2.473384
2.473563
2.474431
2.473788
2.473528
2.473431
2.473416
2.473902
2.473409
2.473174
2.472786
2.472731
2.472862
2.472135
2.472103
2.471215
2.471421
2.471209
2.471417
2.471023
2.471703
2.471732
2.471054
2.471569
2.472138
2.472646
2.472402
2.472584
2.472145
2.472186
2.472820
2.472532
2.472891
2.472380
2.472790
2.472861
2.472510
2.473736
2.471805
2.472076
2.471733
2.471354
2.471107
2.471831
2.471873
2.471929
2.471505
2.471690
2.472414
2.471973
2.472464
2.472376
2.473002
2.472014
2.471656
2.471421
2.466791
2.454091
2.440174
2.439089
2.439215
2.439740
2.440332
2.440166
2.439405
2.439417
2.439554
2.438948
2.438169
2.438156
2.438530
2.439713
2.440130
2.439745
2.439901
2.440760
2.439442
2.439733
2.439637
2.439634
2.439641
2.439404
2.438611
2.438903
2.436888
2.437161
2.437158
2.438577
2.437511
2.438473
2.438012
2.438218
2.437593
2.439275
2.438845
2.438630
2.438669
2.438869
2.439018
2.438831
2.438514
2.438834
2.439065
2.438608
2.438956
2.438873
2.438828
2.438534
2.438293
2.438559
2.438775
2.439232
2.438988
2.438357
2.438372
2.438260
2.438425
2.438258
2.437947
2.437778
2.438763
2.438138
2.437505
2.438012
2.438046
2.438635
2.438082
2.437706
2.437587
2.438948
2.438893
2.438539
2.439817
2.439998
2.440874
2.440507
2.440017
2.439508
2.438750
2.439245
2.438872
2.438776
2.438643
2.438800
2.438803
2.439104
2.438845
2.439635
2.440160
2.439412
2.439486
2.438556
2.439180
2.438863
2.438971
2.438552
2.438790
2.438734
2.454414
2.471038
2.471698
2.472016
2.471485
2.471201
2.470933
2.471284
2.472692
2.473394
2.473426
2.473549
2.473609
2.473682
2.473041
2.472697
2.471849
2.472962
2.473506
2.473441
2.473732
2.473894
2.474056
2.473587
2.473546
2.473266
2.474101
2.473609
2.473957
2.472550
2.473204
2.474056
2.473598
2.473494
2.473090
2.473892
2.473127
2.473524
2.473314
2.473587
2.473934
2.473162
2.473215
2.473465
2.474337
2.474504
2.473912
2.473918
2.473900
2.474074
2.474027
2.474065
2.473844
2.474121
2.473255
2.473081
2.473543
2.472773
2.472923
2.472611
2.472674
2.472440
2.472812
2.473632
2.473341
2.473298
2.472690
2.473260
2.472486
2.471985
2.472225
2.468215
2.459136
2.439892
2.439933
2.440005
2.440742
2.440774
2.440586
2.439378
2.440830
2.440975
2.440358
2.440090
2.439359
2.439919
2.440363
2.439976
2.440017
2.440106
2.439789
2.438792
2.439177
2.438659
2.440734
2.439933
2.440113
2.440737
2.439780
2.439948
2.438652
2.437649
2.438048
2.439159
2.439283
2.438362
2.438403
2.438247
2.439174
2.438315
2.438383
2.438166
2.438445
2.439301
2.439508
2.437130
2.438096
2.438445
2.439343
2.438608
2.438756
2.438011
2.437754
2.438852
2.438871
2.438517
2.437587
2.437618
2.436962
2.438139
2.437651
2.437618
2.437357
2.437580
2.438496
2.437391
2.437012
2.437104
2.438071
2.438447
2.437829
2.437376
2.437703
2.438853
2.438552
2.438006
2.438029
2.438577
2.438888
2.438089
2.437617
2.437940
2.439087
2.438136
2.438830
2.439045
2.438709
2.439193
2.438552
2.438719
2.438737
2.439101
2.438697
2.438716
2.438298
2.438647
2.438880
2.438543
2.438118
2.437853
2.438964
2.438472
2.447614
2.470783
2.471373
2.471771
2.471490
2.470929
2.471223
2.472394
2.471467
2.471105
2.471009
2.471353
2.472168
2.471752
2.472048
2.471701
2.472054
2.472613
2.472188
2.471904
2.471719
2.472053
2.471601
2.471575
2.471616
2.471966
2.472209
2.471744
2.471504
2.471809
2.471853
2.471803
2.471502
2.471160
2.471370
2.471877
2.471699
2.471114
2.471151
2.471632
2.471272
2.471412
2.471582
2.471448
2.471721
2.471093
2.471061
2.471787
2.472039
2.471664
2.471393
2.470941
2.471625
2.472229
2.472301
2.472470
2.472386
2.472720
2.472607
2.472560
2.472360
2.472391
2.473119
2.472777
2.471642
2.471918
2.472346
2.472479
2.471911
2.471504
2.470387
2.469077
2.460747
2.440509
2.437406
2.438809
2.439395
2.439551
2.439194
2.438743
2.438561
2.439533
2.439052
2.437754
2.436486
2.437976
2.436664
2.437054
2.437010
2.437380
2.437027
2.437912
2.438281
2.438036
2.438472
2.436947
2.437404
2.438350
2.437963
2.438943
2.437799
2.438611
2.438379
2.439681
2.439453
2.439882
2.439323
2.439446
2.439737
2.439501
2.439497
2.439082
2.439749
2.439010
2.438921
2.439167
2.440213
2.440088
2.440411
2.439732
2.439800
2.440741
2.439740
2.440472
2.440090
2.439474
2.438887
2.438813
2.439292
2.438403
2.439713
2.438695
2.439199
2.439920
2.439617
2.440262
2.439582
2.439209
2.438540
2.440173
2.440118
2.439635
2.439461
2.439414
2.439403
2.437981
2.437478
2.437419
2.438030
2.438646
2.437711
2.437571
2.437381
2.438610
2.438160
2.437748
2.437539
2.438655
2.439181
2.438657
2.438859
2.439797
2.440944
2.441087
2.440492
2.439817
2.439386
2.439047
2.439449
2.440090
2.438856
2.440458
2.439740
2.439131
2.438903
2.439588
2.440163
2.438987
2.439528
2.438351
2.438486
2.438328
2.438185
2.438476
2.438133
2.438133
2.437576
2.440810
2.468634
2.470898
2.471289
2.470958
2.470943
2.470834
2.472222
2.471049
2.470174
2.469864
2.470753
2.470829
2.470639
2.471507
2.470498
2.470179
2.470644
2.471760
2.471527
2.470787
2.471282
2.471084
2.471859
2.471179
2.471107
2.470632
2.471688
2.471667
2.471853
2.471576
2.471836
2.471988
2.471476
2.471696
2.471823
2.471210
2.469506
2.470348
2.471076
2.471184
2.471348
2.471123
2.472708
2.472134
2.472845
2.472352
2.471391
2.471069
2.470441
2.471154
2.470846
2.471555
2.471077
2.470946
2.470924
2.471220
2.471335
2.463454
2.445056
2.438238
2.438613
2.439071
2.438705
2.438630
2.439003
2.439290
2.438678
2.439138
2.438845
2.438937
2.439147
2.438862
2.439264
2.438751
2.438548
2.438892
2.438356
2.438515
2.438025
2.438362
2.438829
2.437934
2.438916
2.438868
2.438291
2.438266
2.437751
2.438447
2.438287
2.438598
2.438120
2.437963
2.439180
2.438011
2.437901
2.437907
2.438517
2.439480
2.438512
2.438508
2.438402
2.439350
2.439113
2.438159
2.438338
2.438408
2.439727
2.438836
2.439044
2.438694
2.439284
2.439381
2.439221
2.439125
2.438180
2.438858
2.438307
2.438365
2.438526
2.438720
2.438447
2.438514
2.437936
2.437422
2.438533
2.438079
2.438037
2.437914
2.437996
2.437856
2.437936
2.437227
2.437369
2.438743
2.438025
2.438104
2.438521
2.437642
2.438679
2.438323
2.438094
2.438104
2.438897
2.438492
2.438571
2.439308
2.438813
2.439258
2.439706
2.439039
2.438572
2.439239
2.439092
2.438307
2.438979
2.438460
2.439253
2.438982
2.438548
2.438016
2.438540
2.437550
2.437351
2.438039
2.437233
2.437702
2.439768
2.438490
2.439532
2.440072
2.440253
2.438829
2.439345
2.465425
2.472782
2.472708
2.472140
2.472421
2.471800
2.472427
2.473236
2.472119
2.472310
2.473433
2.472824
2.474368
2.473686
2.473593
2.473378
2.473255
2.472841
2.473266
2.473260
2.473523
2.472885
2.473029
2.473090
2.474857
2.474003
2.472844
2.471061
2.471889
2.471275
2.472321
2.472148
2.472154
2.472258
2.471438
2.471361
2.471691
2.472003
2.473073
2.472367
2.471771
2.471378
2.472745
2.472987
2.473612
2.473119
2.472432
2.472395
2.472557
2.472509
2.472547
2.473576
2.472700
2.473829
2.472728
2.472585
2.473339
2.472320
2.472113
2.472183
2.472863
2.471653
2.471785
2.472045
2.471901
2.472056
2.470253
2.471024
2.471057
2.471377
2.470418
2.463185
2.448783
2.437008
2.438410
2.438544
2.435755
2.437593
2.437393
2.436505
2.436441
2.437254
2.437665
2.437453
2.437699
2.437515
2.437928
2.436779
2.437739
2.438180
2.437959
2.438295
2.437926
2.436838
2.436050
2.437708
2.438209
2.437493
2.437178
2.438108
2.438170
2.438502
2.438398
2.437513
2.438390
2.438975
2.438245
2.438645
2.438638
2.439722
2.438646
2.438479
2.438337
2.438796
2.439297
2.438958
2.438815
2.438374
2.439212
2.438455
2.438453
2.439267
2.439547
2.439802
2.439083
2.438852
2.438379
2.438749
2.438723
2.438407
2.438333
2.439315
2.439072
2.438892
2.439088
2.438709
2.438890
2.438225
2.437945
2.437640
2.437910
2.439197
2.438626
2.438270
2.438022
2.439106
2.439238
2.439103
2.439335
2.439288
2.439296
2.438455
2.439665
2.439540
2.438906
2.439186
2.439798
2.439743
2.439471
2.439200
2.439628
2.439424
2.439857
2.438414
2.438653
2.438557
2.439307
2.438643
2.438369
2.438896
2.458058
2.471420
2.470981
2.471792
2.471305
2.472034
2.471645
2.471886
2.471540
2.471761
2.472551
2.471986
2.472034
2.471123
2.471569
2.472193
2.471873
2.471936
2.472236
2.472780
2.472239
2.472031
2.472078
2.472273
2.472321
2.471579
2.471621
2.471950
2.472116
2.472200
2.471825
2.472110
2.472122
2.472582
2.471956
2.471876
2.472124
2.472344
2.471945
2.471719
2.471867
2.471697
2.471932
2.471449
2.471397
2.471932
2.472509
2.472293
2.471738
2.472299
2.471917
2.472162
2.471209
2.471434
2.471669
2.472342
2.471646
2.472355
2.472031
2.472323
2.472849
2.473121
2.472689
2.472720
2.473426
2.473157
2.473189
2.472954
2.472505
2.473489
2.472968
2.467992
2.456361
2.440705
2.440175
2.439996
2.439138
2.439330
2.440204
2.440078
2.439480
2.439793
2.440043
2.440642
2.440268
2.439949
2.439973
2.440927
2.439256
2.439389
2.439323
2.439377
2.439800
2.439441
2.438821
2.438564
2.439030
2.439124
2.439092
2.438638
2.437958
2.438804
2.439927
2.439433
2.439845
2.439404
2.438255
2.438129
2.438335
2.438629
2.440153
2.439589
2.440022
2.440385
2.439886
2.439497
2.440079
2.439082
2.438654
2.438629
2.439028
2.438468
2.438027
2.438769
2.439192
2.438552
2.438526
2.437573
2.438001
2.438369
2.438583
2.437846
2.437897
2.437226
2.437986
2.437638
2.436127
2.436994
2.436501
2.436684
2.437573
2.437937
2.436687
2.436997
2.437977
2.437637
2.438033
2.437635
2.437224
2.437169
2.436775
2.437142
2.437286
2.436872
2.436942
2.436924
2.436310
2.436801
2.436658
2.449903
2.469587
2.470101
2.469219
2.470149
2.470895
2.471348
2.471884
2.470662
2.471085
2.471144
2.471483
2.471206
2.471030
2.472031
2.471583
2.471825
2.471507
2.471763
2.471902
2.471730
2.472171
2.472416
2.472562
2.471856
2.471705
2.471849
2.472095
2.472174
2.472264
2.471862
2.471012
2.471334
2.470749
2.471203
2.471153
2.471215
2.472145
2.471241
2.471330
2.471697
2.472973
2.472391
2.471782
2.472765
2.473541
2.473948
2.474065
2.474253
2.474155
2.474912
2.474241
2.474138
2.474142
2.474143
2.474698
2.473211
2.473133
2.473008
2.473758
2.473638
2.473008
2.473187
2.472683
2.472976
2.472395
2.472357
2.472017
2.472255
2.472698
2.472370
2.469558
2.460460
2.441201
2.439132
2.439107
2.438995
2.439230
2.439795
2.439758
2.440022
2.440302
2.440612
2.440297
2.440186
2.440045
2.439989
2.440516
2.440237
2.440143
2.440503
2.439672
2.439922
2.438794
2.438990
2.438977
2.439712
2.439651
2.439203
2.438472
2.439463
2.438562
2.438893
2.438359
2.438592
2.439945
2.439423
2.440228
2.439677
2.440121
2.439940
2.439842
2.440474
2.440475
2.441304
2.440355
2.439743
2.440076
2.439868
2.440469
2.440033
2.439870
2.439803
2.439871
2.439568
2.439657
2.440518
2.440798
2.440500
2.440131
2.440928
2.440984
2.442111
2.441247
2.440606
2.440335
2.440590
2.440575
2.440701
2.441335
2.441493
2.441319
2.441272
2.440419
2.440810
2.441267
2.441696
2.440575
2.440782
2.440485
2.441576
2.441020
2.440729
2.440016
2.439776
2.440464
2.439685
2.439629
2.440056
2.440305
2.440558
2.440577
2.440269
2.440664
2.442147
2.441051
2.442032
2.441953
2.440972
2.441611
2.441124
2.440272
2.439704
2.440374
2.440090
2.439641
2.440459
2.440518
2.442249
2.440989
2.440960
2.439603
2.439883
2.438561
2.438030
2.438865
2.438778
2.445752
2.471020
2.472076
2.471783
2.472658
2.472686
2.472306
2.472705
2.472098
2.472922
2.472460
2.472433
2.471794
2.471614
2.471830
2.471412
2.471610
2.471913
2.472158
2.471308
2.471905
2.471657
2.472801
2.472885
2.471960
2.473097
2.473017
2.473687
2.473925
2.472758
2.471744
2.471924
2.472572
2.472699
2.473379
2.472288
2.471932
2.471505
2.472910
2.473155
2.473294
2.471598
2.463945
2.444185
2.440007
2.439150
2.439424
2.440405
2.439463
2.440349
2.439792
2.439020
2.439080
2.438954
2.438427
2.439401
2.439704
2.440544
2.440224
2.440121
2.439321
2.439337
2.439561
2.439590
2.438988
2.438335
2.438313
2.438039
2.438738
2.439035
2.439477
2.439899
2.439027
2.438967
2.438903
2.440475
2.439754
2.439151
2.438774
2.440142
2.439002
2.438527
2.438703
2.438818
2.438835
2.438384
2.439464
2.439966
2.440913
2.440198
2.440641
2.439719
2.439778
2.440216
2.440011
2.440111
2.439433
2.440119
2.439970
2.439759
2.439963
2.439763
2.440259
2.440329
2.439982
2.439316
2.439886
2.438881
2.438484
2.438763
2.439530
2.439362
2.439927
2.439978
2.439266
2.439234
2.438836
2.438675
2.439796
2.439713
2.439977
2.438837
2.438188
2.438691
2.439392
2.439801
2.440822
2.438477
2.439753
2.440078
2.440844
2.441481
2.442189
2.442043
2.441204
2.441589
2.440978
2.440211
2.439007
2.438897
2.439269
2.439017
2.440978
2.468305
2.472240
2.472019
2.472662
2.472576
2.472625
2.473431
2.472910
2.472894
2.472653
2.472557
2.472495
2.473527
2.472869
2.472531
2.472934
2.473215
2.473638
2.473307
2.473130
2.472843
2.473655
2.473163
2.472881
2.473072
2.472687
2.472945
2.473144
2.472420
2.472976
2.473440
2.472680
2.472402
2.472380
2.472253
2.473123
2.472497
2.472515
2.471998
2.472693
2.472221
2.472680
2.472373
2.472692
2.472742
2.472680
2.472841
2.473115
2.473463
2.474084
2.473265
2.473417
2.473170
2.473707
2.473949
2.473208
2.473124
2.473059
2.472615
2.472240
2.472945
2.472091
2.473235
2.472853
2.473550
2.473887
2.473949
2.474403
2.473752
2.473077
2.472386
2.466061
2.448119
2.440158
2.438911
2.438230
2.438901
2.438293
2.438119
2.438594
2.439014
2.439535
2.438868
2.438297
2.438687
2.439620
2.438833
2.438818
2.440444
2.440593
2.441331
2.442052
2.441263
2.440335
2.441795
2.441014
2.440822
2.440603
2.440692
2.441099
2.440473
2.440939
2.441060
2.441676
2.441262
2.441422
2.441276
2.440931
2.441233
2.440938
2.440762
2.440912
2.441448
2.441167
2.440495
2.441155
2.440536
2.441206
2.440766
2.439744
2.440872
2.441061
2.440758
2.440202
2.439883
2.440500
2.441223
2.441133
2.440612
2.441276
2.441025
2.441024
2.441507
2.440704
2.440631
2.441407
2.440564
2.440060
2.439706
2.439950
2.440078
2.439871
2.440223
2.439313
2.441496
2.440327
2.439685
2.439197
2.439415
2.439999
2.439365
2.440081
2.439561
2.440020
2.439150
2.438606
2.438973
2.439222
2.439901
2.440394
2.439995
2.439493
2.439364
2.440404
2.439408
2.439347
2.439649
2.439831
2.440288
2.440405
2.440581
2.442029
2.440940
2.440448
2.440112
2.439556
2.439817
2.440170
2.439792
2.439584
2.440323
2.439726
2.439931
2.440270
2.439658
2.440526
2.440013
2.463155
2.471821
2.472579
2.471021
2.471138
2.470607
2.470992
2.472206
2.471601
2.473454
2.473159
2.472402
2.472116
2.472054
2.472109
2.472414
2.472379
2.472426
2.472650
2.473194
2.472748
2.472826
2.472166
2.472222
2.472892
2.472276
2.471639
2.471167
2.472005
2.472835
2.471927
2.472415
2.472180
2.473233
2.472725
2.472947
2.472719
2.472544
2.473503
2.472938
2.472950
2.472723
2.473606
2.473344
2.473251
2.473084
2.473095
2.473892
2.473205
2.473083
2.472943
2.473702
2.473332
2.473076
2.472693
2.473109
2.467708
2.454336
2.440125
2.440004
2.440403
2.440212
2.439749
2.439783
2.439104
2.440131
2.439188
2.439915
2.439660
2.440125
2.440638
2.438672
2.439660
2.439632
2.440320
2.438775
2.438812
2.438368
2.438257
2.437790
2.437633
2.437117
2.438319
2.439116
2.438285
2.437581
2.437625
2.437934
2.437692
2.438176
2.437894
2.438535
2.438940
2.438381
2.437707
2.437525
2.438166
2.438552
2.438504
2.438148
2.437693
2.438218
2.438393
2.438084
2.438799
2.439070
2.439610
2.439408
2.438549
2.438574
2.438943
2.439114
2.438700
2.439061
2.438642
2.439798
2.439302
2.439185
2.439422
2.439498
2.439746
2.439234
2.440032
2.438888
2.440750
2.439770
2.439916
2.438689
2.440072
2.439744
2.437980
2.438903
2.437361
2.437961
2.438191
2.438764
2.438745
2.439037
2.439489
2.439596
2.440107
2.439190
2.439635
2.439744
2.438772
2.439055
2.440379
2.441562
2.440470
2.439768
2.439496
2.439862
2.439412
2.439771
2.440404
2.440517
2.441198
2.440444
2.441272
2.440905
2.441041
2.441380
2.441058
2.440627
2.440193
2.441052
2.440093
2.439949
2.440147
2.440229
2.440542
2.439972
2.456775
2.472925
2.473583
2.473184
2.473103
2.473407
2.473617
2.473867
2.472916
2.472876
2.473286
2.473967
2.473995
2.473635
2.473241
2.473603
2.474045
2.473680
2.473675
2.473283
2.474123
2.474096
2.473213
2.473482
2.473444
2.474287
2.473470
2.473304
2.473387
2.473697
2.473860
2.473449
2.473478
2.473479
2.473518
2.472900
2.472957
2.472447
2.472827
2.473087
2.472833
2.473074
2.472310
2.473315
2.472033
2.472405
2.472981
2.472663
2.474368
2.473221
2.473296
2.472603
2.473061
2.472776
2.472479
2.472542
2.472004
2.472132
2.472318
2.472759
2.472423
2.472699
2.473593
2.472669
2.472923
2.473406
2.474013
2.473191
2.474219
2.473261
2.472901
2.468868
2.458686
2.440615
2.440240
2.440684
2.440656
2.441242
2.439789
2.439422
2.440372
2.439518
2.439258
2.439479
2.440907
2.440830
2.440233
2.441005
2.441071
2.441250
2.441157
2.441505
2.441146
2.441952
2.440792
2.441067
2.441188
2.440031
2.440383
2.439381
2.439224
2.438218
2.438624
2.438785
2.438620
2.437121
2.437283
2.438289
2.437404
2.436603
2.437277
2.437916
2.437888
2.438330
2.436898
2.437817
2.439609
2.438176
2.438338
2.438259
2.438408
2.438628
2.439202
2.439233
2.438636
2.439362
2.438776
2.438180
2.439115
2.439089
2.439622
2.438806
2.438588
2.438155
2.439370
2.438530
2.438425
2.438976
2.437977
2.437984
2.438017
2.437660
2.437326
2.438588
2.438750
2.437550
2.438173
2.437596
2.437635
2.437412
2.437102
2.437516
2.437449
2.438970
2.439818
2.440738
2.439857
2.439043
2.438236
2.438904
2.439691
2.438886
2.438549
2.439187
2.439117
2.439157
2.439427
2.439513
2.440339
2.439691
2.438695
2.439177
2.439499
2.439333
2.448274
2.471119
2.471677
2.471583
2.471629
2.471206
2.471647
2.471735
2.470742
2.470118
2.470399
2.471794
2.471655
2.472851
2.472153
2.472715
2.471788
2.471426
2.471460
2.471107
2.471969
2.471467
2.471207
2.471312
2.471421
2.472024
2.471466
2.471502
2.471517
2.471794
2.471367
2.471924
2.472119
2.472289
2.473021
2.472255
2.471535
2.471902
2.472560
2.471902
2.471721
2.472240
2.472163
2.471820
2.471584
2.471728
2.472705
2.472412
2.472430
2.472417
2.472335
2.473294
2.472188
2.472801
2.472293
2.473351
2.472950
2.472569
2.472520
2.472454
2.473108
2.472473
2.472427
2.472259
2.472985
2.472783
2.472510
2.471698
2.473210
2.471800
2.463375
2.442840
2.440099
2.440202
2.440525
2.440228
2.440305
2.440661
2.440330
2.440303
2.439525
2.439491
2.438352
2.439127
2.437400
2.439033
2.438893
2.438925
2.439123
2.439616
2.439770
2.439298
2.439644
2.439660
2.440084
2.440054
2.440058
2.439891
2.439942
2.440774
2.439883
2.439568
2.440203
2.440164
2.439796
2.440042
2.439906
2.440528
2.440064
2.440507
2.440602
2.440270
2.440842
2.440499
2.440584
2.440419
2.441034
2.439891
2.439753
2.439820
2.440353
2.440973
2.440786
2.440662
2.440882
2.441501
2.440802
2.441027
2.440310
2.440427
2.441185
2.440240
2.439070
2.439371
2.439839
2.439858
2.439930
2.439350
2.439444
2.439086
2.438610
2.438596
2.438762
2.439542
2.438575
2.438908
2.438594
2.440002
2.439272
2.439644
2.440149
2.440688
2.439166
2.439432
2.439461
2.439105
2.440639
2.440737
2.440692
2.440854
2.439664
2.439778
2.439650
2.439143
2.439075
2.439636
2.441034
2.440491
2.440166
2.439954
2.468803
2.470592
2.470326
2.470337
2.471081
2.471786
2.472415
2.471783
2.471542
2.472031
2.472363
2.470801
2.471572
2.471722
2.472487
2.471850
2.472101
2.471358
2.471576
2.472361
2.471609
2.471666
2.471502
2.472082
2.472005
2.471672
2.471299
2.470819
2.471359
2.470784
2.471213
2.471603
2.472492
2.471303
2.470905
2.470426
2.471380
2.471800
2.471532
2.472317
2.471986
2.472628
2.472461
2.472988
2.472708
2.472341
2.472335
2.472565
2.472821
2.472353
2.472321
2.472202
2.473156
2.472282
2.472257
2.472121
2.472329
2.472417
2.471030
2.464118
2.445008
2.440090
2.438844
2.438666
2.438409
2.438627
2.439222
2.438661
2.438736
2.439089
2.438972
2.438703
2.439111
2.438020
2.437453
2.438025
2.437541
2.437414
2.437294
2.437555
2.437736
2.437491
2.437569
2.437142
2.437715
2.437344
2.437838
2.437977
2.437973
2.437485
2.437013
2.436740
2.437206
2.438143
2.437822
2.437517
2.437317
2.437384
2.438251
2.437716
2.437646
2.437823
2.438725
2.438228
2.437657
2.438147
2.437829
2.438695
2.437981
2.438152
2.438267
2.439291
2.439234
2.439212
2.438859
2.438723
2.439410
2.439125
2.439002
2.438347
2.438927
2.439346
2.439493
2.438710
2.439244
2.438799
2.438719
2.438360
2.439095
2.441005
2.440450
2.439798
2.439500
2.439072
2.440422
2.438912
2.439698
2.439877
2.439984
2.440109
2.439697
2.439681
2.439453
2.440432
2.439185
2.438378
2.438502
2.438443
2.439459
2.439665
2.440252
2.440141
2.441068
2.440400
2.440681
2.440929
2.440998
2.440680
2.440832
2.440654
2.439962
2.440295
2.440166
2.440255
2.440437
2.440190
2.440979
2.440601
2.440628
2.439855
2.440570
2.440044
2.439913
2.439648
2.440102
2.467088
2.472141
2.472097
2.472412
2.472894
2.473324
2.472960
2.472318
2.472063
2.473269
2.472988
2.472754
2.473069
2.473553
2.473697
2.472550
2.472869
2.473061
2.473586
2.473413
2.472720
2.473185
2.473415
2.473534
2.473176
2.473276
2.473010
2.473660
2.473546
2.473041
2.472982
2.472901
2.472835
2.472182
2.472571
2.472341
2.473257
2.472680
2.472520
2.472155
2.472181
2.472945
2.472853
2.473306
2.473195
2.472563
2.472865
2.472314
2.472519
2.472333
2.472947
2.472423
2.471637
2.471427
2.472148
2.472245
2.472169
2.470900
2.472048
2.473536
2.472560
2.473274
2.472931
2.472841
2.473505
2.473467
2.472522
2.472326
2.472788
2.472004
2.472458
2.465690
2.451508
2.441382
2.439258
2.439192
2.438383
2.439701
2.440372
2.439389
2.440277
2.440264
2.440341
2.440489
2.441291
2.440298
2.441455
2.441598
2.440814
2.441537
2.440180
2.440115
2.439312
2.440116
2.440124
2.440634
2.441188
2.440145
2.440917
2.439423
2.440060
2.438644
2.437009
2.437086
2.437773
2.439197
2.438937
2.438433
2.438394
2.438203
2.437651
2.437661
2.437678
2.438254
2.438279
2.437342
2.437302
2.437409
2.437847
2.437832
2.438188
2.438287
2.438467
2.439832
2.438546
2.438694
2.438381
2.439094
2.439937
2.440160
2.440757
2.439461
2.439716
2.439038
2.439782
2.439314
2.439913
2.439285
2.438786
2.439491
2.437874
2.438923
2.439407
2.439256
2.437044
2.435295
2.436752
2.436205
2.436268
2.436450
2.437911
2.436376
2.436619
2.436568
2.437057
2.437347
2.437469
2.437226
2.437177
2.438024
2.437608
2.437709
2.438295
2.438290
2.437934
2.437734
2.437290
2.436816
2.438285
2.437355
2.437450
2.437684
2.437914
2.438180
2.438101
2.438346
2.437778
2.438347
2.438197
2.437481
2.438395
2.438454
2.438631
2.438560
2.438197
2.438346
2.438515
2.459256
2.471569
2.471757
2.471247
2.472385
2.472129
2.471654
2.472107
2.471557
2.471306
2.471700
2.470871
2.471064
2.471617
2.470937
2.471042
2.471674
2.472041
2.472697
2.472273
2.472038
2.471750
2.472394
2.472205
2.471945
2.472163
2.471575
2.472426
2.471933
2.472085
2.471951
2.472181
2.472531
2.471448
2.471607
2.471551
2.472391
2.471978
2.471492
2.471451
2.471856
2.471711
2.471931
2.471741
2.471586
2.471762
2.471507
2.471496
2.471679
2.471669
2.472045
2.471686
2.471648
2.471305
2.472291
2.471965
2.471898
2.471781
2.471486
2.472275
2.472163
2.472246
2.472301
2.472273
2.472042
2.472088
2.471971
2.472153
2.472203
2.471952
2.471827
2.466898
2.455848
2.439698
2.438874
2.438473
2.438537
2.439073
2.439448
2.438592
2.438636
2.438744
2.438610
2.438061
2.438016
2.438106
2.438210
2.439023
2.438541
2.438818
2.438848
2.439218
2.438727
2.438840
2.438179
2.438686
2.438298
2.438195
2.437963
2.437941
2.438442
2.437738
2.437775
2.437786
2.439169
2.438110
2.438415
2.438267
2.437959
2.438336
2.437756
2.438409
2.437167
2.438611
2.437741
2.436119
2.436849
2.437634
2.437668
2.436256
2.435860
2.436069
2.438180
2.437724
2.437511
2.436842
2.437796
2.437508
2.437846
2.437378
2.437978
2.437882
2.439544
2.438731
2.438901
2.439075
2.439834
2.440076
2.440141
2.439783
2.439427
2.439710
2.438752
2.439162
2.438951
2.439161
2.438440
2.437110
2.438213
2.437796
2.438158
2.437594
2.438027
2.437584
2.438766
2.439002
2.438362
2.438343
2.437953
2.439275
2.437896
2.439241
2.438810
2.438548
2.439126
2.438921
2.439708
2.439833
2.440540
2.441067
2.439398
2.439598
2.439550
2.439026
2.439687
2.439215
2.438800
2.440292
2.439789
2.439504
2.439411
2.438647
2.437916
2.436333
2.435830
2.436702
2.437105
2.449133
2.468847
2.470369
2.470233
2.471025
2.469974
2.470401
2.471269
2.471059
2.470498
2.470148
2.470530
2.470269
2.470939
2.471044
2.471127
2.470464
2.471170
2.470568
2.471070
2.470651
2.470905
2.471603
2.471221
2.470524
2.470539
2.471603
2.471744
2.471033
2.471207
2.471189
2.471550
2.470918
2.470107
2.469162
2.470299
2.470941
2.470172
2.470677
2.470484
2.471167
2.470981
2.470255
2.469895
2.470632
2.470492
2.470515
2.470598
2.470466
2.470684
2.470725
2.470566
2.471055
2.470908
2.472006
2.471576
2.471891
2.471469
2.472572
2.471710
2.471780
2.471729
2.471987
2.472516
2.472003
2.472198
2.472008
2.472703
2.472165
2.471934
2.471952
2.468821
2.460887
2.440982
2.438931
2.438523
2.438750
2.439588
2.438984
2.438815
2.438799
2.439536
2.438729
2.438729
2.438846
2.438753
2.438405
2.436807
2.436721
2.436370
2.438938
2.438865
2.438068
2.437739
2.437085
2.437543
2.437241
2.436759
2.437126
2.437801
2.437711
2.437646
2.437094
2.437115
2.438066
2.437714
2.437846
2.437159
2.438520
2.437487
2.437415
2.437145
2.436860
2.437932
2.437799
2.437624
2.437941
2.437904
2.437669
2.437468
2.437535
2.437747
2.438658
2.438510
2.438530
2.438738
2.438759
2.439148
2.439057
2.439342
2.439045
2.439321
2.439129
2.438438
2.439105
2.439334
2.439696
2.439142
2.439193
2.438767
2.439780
2.438928
2.438697
2.438529
2.438676
2.438611
2.438610
2.438775
2.438204
2.438929
2.438195
2.438453
2.437458
2.437929
2.438384
2.437732
2.437940
2.437980
2.438089
2.437850
2.436346
2.436953
2.437022
2.437053
2.436522
2.436101
2.436347
2.436458
2.436762
2.436720
2.436843
2.437078
2.438341
2.438383
2.439387
2.439623
2.440199
2.440336
2.439591
2.439945
2.439342
2.439483
2.439837
2.439015
2.438831
2.438910
2.438285
2.444680
2.471064
2.471362
2.471036
2.471129
2.470483
2.470073
2.470992
2.471930
2.470717
2.470859
2.471648
2.472192
2.471803
2.473023
2.472340
2.472253
2.473487
2.473499
2.472550
2.472399
2.471887
2.471355
2.470772
2.471290
2.471035
2.473319
2.472470
2.471774
2.471935
2.471581
2.472665
2.472510
2.472193
2.472234
2.472339
2.471606
2.471624
2.471511
2.471619
2.471328
2.470323
2.470155
2.470068
2.470324
2.469813
2.469901
2.470118
2.470418
2.471062
2.469857
2.470847
2.470873
2.471238
2.470334
2.469942
2.470764
2.470873
2.471229
2.471055
2.471125
2.471023
2.471908
2.471375
2.471084
2.470673
2.470344
2.470385
2.470326
2.470706
2.470516
2.469654
2.462708
2.441369
2.437285
2.437437
2.438402
2.437866
2.438604
2.438016
2.438182
2.437912
2.437444
2.437541
2.436804
2.437065
2.435998
2.436698
2.436086
2.436563
2.437933
2.436404
2.436366
2.436521
2.436773
2.437131
2.436868
2.437090
2.435971
2.436334
2.436744
2.436710
2.438278
2.436888
2.436516
2.437166
2.437124
2.437642
2.438326
2.438082
2.438091
2.437686
2.437960
2.438592
2.438109
2.437909
2.438568
2.439058
2.438142
2.438555
2.438114
2.438400
2.438806
2.438226
2.438601
2.437968
2.438964
2.438592
2.438783
2.438636
2.437930
2.438907
2.438427
2.438185
2.437918
2.438572
2.438193
2.438236
2.438615
2.438146
2.439096
2.438428
2.437607
2.438050
2.438268
2.439051
2.438530
2.438802
2.437899
2.438613
2.437492
2.437764
2.437493
2.437997
2.437835
2.437801
2.437702
2.437660
2.438522
2.437274
2.437846
2.438139
2.438706
2.438655
2.438423
2.437543
2.437010
2.438482
2.437568
2.437510
2.437325
2.437568
2.437245
2.437240
2.437677
2.437526
2.438654
2.438372
2.438128
2.437738
2.437443
2.438303
2.437911
2.437780
2.437308
2.437800
2.437487
2.439213
2.467159
2.470549
2.471315
2.470680
2.471173
2.470841
2.470509
2.469642
2.470307
2.470074
2.470235
2.471259
2.470654
2.471230
2.471225
2.472088
2.471715
2.470986
2.472271
2.472351
2.473670
2.472191
2.472721
2.472575
2.472801
2.473297
2.472413
2.472684
2.472450
2.473174
2.472538
2.472158
2.472776
2.472250
2.472817
2.472947
2.472364
2.471984
2.472100
2.471849
2.471693
2.470807
2.472119
2.472751
2.472318
2.472218
2.471545
2.472239
2.472613
2.472442
2.472746
2.472112
2.473024
2.472361
2.472143
2.472636
2.472878
2.473541
2.472492
2.472587
2.472824
2.472689
2.473158
2.472748
2.472382
2.473184
2.473307
2.473059
2.472839
2.472549
2.472677
2.464803
2.447951
2.439324
2.438943
2.439551
2.438368
2.438321
2.437519
2.438368
2.437976
2.437200
2.437469
2.437173
2.438343
2.438112
2.438522
2.438154
2.438013
2.438030
2.438160
2.437921
2.437673
2.437972
2.437761
2.436962
2.436529
2.437832
2.439521
2.438691
2.438353
2.438399
2.438697
2.438898
2.439225
2.438652
2.439536
2.438975
2.437733
2.437598
2.438365
2.438850
2.439489
2.438787
2.440157
2.439157
2.439857
2.439120
2.438219
2.437901
2.437884
2.436647
2.436751
2.436725
2.437630
2.438152
2.437356
2.437034
2.437871
2.438374
2.438126
2.437456
2.437658
2.437677
2.438325
2.438255
2.437640
2.436897
2.437426
2.437066
2.437432
2.437921
2.437739
2.438473
2.438232
2.437402
2.436921
2.437443
2.438007
2.436639
2.436638
2.436765
2.437635
2.437361
2.436425
2.436801
2.436734
2.437333
2.436635
2.437465
2.437484
2.438351
2.438489
2.437514
2.438335
2.438428
2.438080
2.437357
2.437541
2.436976
2.437373
2.437801
2.437589
2.437505
2.437819
2.438008
2.437018
2.435765
2.435640
2.437577
2.437932
2.438078
2.438046
2.437606
2.438595
2.437263
2.437277
2.461038
2.470672
2.470893
2.470444
2.471131
2.470860
2.472732
2.472972
2.471621
2.471538
2.471668
2.471449
2.471434
2.471167
2.471808
2.471462
2.471559
2.471685
2.471107
2.471617
2.471510
2.471328
2.471495
2.471130
2.470679
2.470682
2.470410
2.472100
2.471276
2.471093
2.471094
2.471600
2.470908
2.470673
2.470235
2.470470
2.471071
2.470645
2.470522
2.470001
2.470714
2.470667
2.470516
2.470229
2.470154
2.471135
2.470486
2.471078
2.471237
2.470952
2.471203
2.471088
2.471032
2.470750
2.471536
2.470689
2.470528
2.470949
2.470976
2.471774
2.470993
2.470931
2.471052
2.471566
2.471322
2.471519
2.471941
2.471977
2.472472
2.465776
2.452533
2.439119
2.439471
2.439008
2.438462
2.438514
2.438962
2.439206
2.438090
2.438818
2.438204
2.439217
2.438588
2.437195
2.437487
2.438195
2.437665
2.438436
2.438152
2.438166
2.439358
2.439292
2.438737
2.439737
2.439315
2.439166
2.438585
2.438954
2.439328
2.438686
2.439154
2.439313
2.440182
2.439197
2.439722
2.439491
2.439568
2.440455
2.439389
2.439352
2.438923
2.439821
2.439096
2.439069
2.439555
2.439477
2.440251
2.439412
2.439535
2.440037
2.440126
2.439848
2.439569
2.439512
2.439616
2.439883
2.439464
2.438983
2.439209
2.439762
2.439905
2.440424
2.440014
2.439852
2.440342
2.439879
2.439557
2.439705
2.439523
2.439399
2.439190
2.439271
2.438886
2.440268
2.439762
2.439144
2.438861
2.438498
2.439626
2.439371
2.439501
2.438429
2.439237
2.438648
2.438119
2.439006
2.439063
2.440137
2.439830
2.439129
2.439398
2.440485
2.439702
2.439272
2.440047
2.439301
2.439334
2.438990
2.439004
2.439398
2.439475
2.439172
2.439160
2.439043
2.438654
2.439800
2.439251
2.438304
2.438514
2.439552
2.440042
2.438719
2.438793
2.455331
2.471838
2.471980
2.471963
2.472312
2.472488
2.471617
2.471428
2.472267
2.471523
2.471725
2.471237
2.470254
2.470812
2.470852
2.471593
2.471488
2.471638
2.471388
2.470941
2.471489
2.471468
2.471694
2.470962
2.471055
2.471812
2.471576
2.471319
2.471286
2.471738
2.471436
2.471532
2.470468
2.470539
2.471695
2.470418
2.470068
2.469614
2.470496
2.470270
2.470146
2.471583
2.471201
2.471824
2.470770
2.471418
2.471447
2.470320
2.470096
2.470070
2.470819
2.470502
2.470248
2.470163
2.470677
2.436641
2.437060
2.437394
2.437872
2.438869
2.437726
2.437719
2.438166
2.438250
2.439269
2.438210
2.438918
2.438411
2.439278
2.438992
2.438633
2.438952
2.438390
2.439362
2.438119
2.437905
2.437977
2.437996
2.437911
2.438286
2.438077
2.437181
2.438725
2.438315
2.438256
2.438074
2.438055
2.438599
2.438825
2.438427
2.438170
2.438276
2.438514
2.437257
2.437243
2.437550
2.437893
2.437511
2.437299
2.437288
2.437780
2.438048
2.437601
2.438015
2.437738
2.437876
2.437702
2.437847
2.437760
2.437531
2.438466
2.437853
2.438844
2.438820
2.440076
2.439148
2.438859
2.438881
2.439762
2.439386
2.439008
2.438753
2.438345
2.438819
2.438595
2.438626
2.438388
2.438670
2.438403
2.438567
2.438317
2.438262
2.438703
2.438578
2.438093
2.437947
2.437950
2.438431
2.438219
2.438302
2.438111
2.438205
2.438211
2.438905
2.439029
2.438097
2.437994
2.439213
2.438796
2.438999
2.438487
2.438121
2.439894
2.439051
2.438861
2.438971
2.439314
2.439334
2.438807
2.438493
2.439234
2.439523
2.438630
2.438198
2.437630
2.447627
2.470761
2.471406
2.470964
2.470559
2.471232
2.470887
2.471463
2.471129
2.470486
2.471503
2.469936
2.470283
2.470656
2.470757
2.470543
2.470513
2.470396
2.471536
2.471462
2.471035
2.472143
2.472594
2.473085
2.472641
2.472519
2.472284
2.472569
2.472640
2.471786
2.472087
2.471914
2.473267
2.471482
2.471126
2.471505
2.472023
2.472160
2.470955
2.470282
2.470933
2.471372
2.471619
2.471087
2.471331
2.471522
2.472251
2.472084
2.471738
2.471033
2.470782
2.470043
2.470847
2.471318
2.470332
2.470421
2.471034
2.471675
2.472112
2.472839
2.472048
2.472121
2.472144
2.472528
2.472478
2.471437
2.469559
2.461176
2.441899
2.439557
2.440221
2.439333
2.438542
2.438194
2.437193
2.437294
2.436405
2.438180
2.438203
2.437738
2.436584
2.437543
2.437715
2.437831
2.437924
2.437485
2.437497
2.437072
2.436867
2.436905
2.437059
2.437108
2.437505
2.437882
2.436770
2.436469
2.436376
2.436805
2.437355
2.437226
2.437572
2.437550
2.437320
2.436485
2.436932
2.436863
2.436861
2.437164
2.437294
2.437415
2.436843
2.437479
2.437803
2.437274
2.437872
2.437277
2.437909
2.437291
2.437416
2.436618
2.438380
2.437032
2.436782
2.436782
2.437314
2.437450
2.437974
2.437583
2.437956
2.438053
2.438787
2.438704
2.438574
2.438994
2.438913
2.439047
2.439920
2.439399
2.439205
2.439820
2.440329
2.439840
2.439789
2.438953
2.439603
2.439972
2.439499
2.439323
2.439005
2.439603
2.439545
2.439388
2.439219
2.439275
2.439914
2.439057
2.439110
2.438762
2.443168
2.470178
2.472034
2.471387
2.471231
2.471954
2.471815
2.472702
2.471769
2.472195
2.471604
2.472150
2.472287
2.471790
2.472717
2.472176
2.471963
2.471558
2.471668
2.472412
2.471932
2.472335
2.471454
2.471787
2.471918
2.471773
2.472506
2.472255
2.472035
2.472355
2.472149
2.472104
2.472506
2.472106
2.472513
2.471930
2.472121
2.472622
2.472252
2.471648
2.471757
2.472759
2.472087
2.471736
2.471773
2.471978
2.472280
2.471872
2.471485
2.471895
2.472675
2.472414
2.472206
2.472371
2.471545
2.471798
2.471871
2.471333
2.471790
2.472813
2.472025
2.472412
2.472713
2.472398
2.472979
2.472370
2.472299
2.472185
2.472374
2.472423
2.471883
2.471482
2.463983
2.445326
2.438442
2.438819
2.438592
2.438993
2.438971
2.438393
2.438990
2.438718
2.439230
2.439076
2.438874
2.438278
2.439030
2.439296
2.438713
2.438789
2.438509
2.438726
2.438538
2.437660
2.437494
2.437364
2.437584
2.436516
2.436226
2.436824
2.437028
2.437641
2.437775
2.436973
2.438141
2.437986
2.438141
2.439458
2.438410
2.438643
2.438427
2.438773
2.438024
2.438185
2.438511
2.438033
2.438463
2.439449
2.439262
2.439774
2.438185
2.437795
2.437544
2.438293
2.438598
2.438541
2.438622
2.438306
2.439586
2.438785
2.436586
2.437791
2.437513
2.436872
2.436993
2.437177
2.436247
2.436411
2.437006
2.437303
2.438006
2.437402
2.436797
2.436834
2.436855
2.437273
2.437078
2.437933
2.436904
2.438368
2.437467
2.437854
2.437741
2.438218
2.438812
2.438413
2.437450
2.435498
2.436665
2.437058
2.436345
2.436723
2.436789
2.437444
2.438502
2.438072
2.436700
2.437409
2.438177
2.436578
2.437147
2.436829
2.437296
2.463797
2.468790
2.468515
2.469075
2.470196
2.469418
2.469644
2.469239
2.469910
2.469422
2.469399
2.469986
2.470340
2.469886
2.469413
2.469925
2.470217
2.470453
2.469529
2.470541
2.470051
2.469897
2.471045
2.470672
2.470545
2.469927
2.470590
2.470430
2.470267
2.470114
2.469954
2.470406
2.470107
2.470144
2.470402
2.470498
2.470224
2.469733
2.469719
2.469705
2.470893
2.469561
2.468953
2.469341
2.469224
2.469562
2.468859
2.469227
2.469159
2.469698
2.469612
2.469379
2.469718
2.469779
2.469769
2.469816
2.470237
2.470654
2.471642
2.470455
2.470534
2.470449
2.470582
2.470720
2.470245
2.469704
2.470209
2.470252
2.469851
2.470765
2.463951
2.449284
2.438201
2.437419
2.436739
2.438209
2.437687
2.437188
2.437608
2.437559
2.437290
2.437537
2.437110
2.437128
2.437572
2.438213
2.438571
2.438434
2.438709
2.437969
2.437002
2.435696
2.435505
2.436460
2.436374
2.436172
2.437091
2.436625
2.436836
2.436656
2.436942
2.437271
2.437270
2.436690
2.435233
2.436041
2.435883
2.436671
2.436818
2.437399
2.436682
2.436643
2.437159
2.436622
2.436872
2.437061
2.437640
2.437160
2.437018
2.436828
2.436157
2.435627
2.435818
2.435018
2.436322
2.436630
2.436507
2.435890
2.436359
2.436988
2.437525
2.437135
2.436789
2.436615
2.436587
2.436782
2.436222
2.436429
2.437528
2.438641
2.437597
2.437002
2.437035
2.437391
2.437394
2.437217
2.436453
2.436877
2.437729
2.436518
2.435466
2.436308
2.436444
2.434978
2.435123
2.435738
2.436489
2.436612
2.436052
2.436674
2.436519
2.436340
2.437378
2.437325
2.436444
2.436540
2.437528
2.437666
2.438041
2.437929
2.436884
2.437799
2.436110
2.436301
2.436116
2.436810
2.436040
2.435279
2.436377
2.436020
2.437936
2.437011
2.436737
2.435970
2.436396
2.436331
2.456201
2.469611
2.470299
2.470934
2.470261
2.470498
2.470202
2.470407
2.471073
2.470862
2.470071
2.469932
2.470776
2.470993
2.471515
2.469924
2.469261
2.470011
2.470199
2.470924
2.470253
2.470908
2.470669
2.470512
2.471370
2.471271
2.471522
2.470698
2.470757
2.470295
2.470134
2.471117
2.471167
2.470478
2.470842
2.470998
2.470435
2.470376
2.469988
2.470055
2.471400
2.471278
2.471412
2.471200
2.471668
2.471461
2.471193
2.471046
2.470841
2.471726
2.471804
2.471735
2.471890
2.472313
2.471659
2.471842
2.471963
2.472557
2.472210
2.471990
2.471521
2.471658
2.472421
2.472159
2.471551
2.471648
2.471806
2.472363
2.472098
2.471877
2.471454
2.467086
2.455065
2.439064
2.437872
2.437376
2.437983
2.437458
2.438002
2.437742
2.437936
2.437850
2.437411
2.437443
2.437167
2.438030
2.437453
2.437656
2.437350
2.437799
2.437364
2.437124
2.436488
2.437069
2.438186
2.437617
2.437505
2.436832
2.437004
2.437081
2.436566
2.436627
2.436851
2.438055
2.437643
2.437605
2.437834
2.437840
2.438797
2.437385
2.437438
2.437548
2.438287
2.437471
2.436894
2.437152
2.437735
2.438735
2.438484
2.438658
2.438228
2.438586
2.438353
2.439233
2.438679
2.438326
2.438971
2.438346
2.438546
2.438574
2.439494
2.438902
2.438945
2.438419
2.437819
2.438731
2.438093
2.438101
2.436908
2.436906
2.437845
2.436758
2.437451
2.437007
2.438608
2.439318
2.439508
2.438614
2.437764
2.438779
2.437747
2.437175
2.437006
2.437468
2.437684
2.437868
2.438502
2.439159
2.439265
2.439583
2.439521
2.439592
2.440050
2.440106
2.439418
2.439876
2.439864
2.440472
2.439798
2.439365
2.439420
2.439713
2.439575
2.440039
2.439107
2.439790
2.440271
2.440019
2.439999
2.440459
2.440110
2.439911
2.439528
2.439642
2.439196
2.439353
2.438880
2.452943
2.471812
2.471704
2.472194
2.471678
2.471464
2.471216
2.473211
2.471938
2.471775
2.472797
2.471767
2.471899
2.471650
2.471907
2.471676
2.472835
2.472695
2.472622
2.473006
2.473007
2.472922
2.472969
2.471864
2.471743
2.472383
2.470595
2.470552
2.470038
2.470937
2.470987
2.470397
2.470529
2.470632
2.471227
2.471020
2.470006
2.469884
2.470113
2.470869
2.470523
2.470371
2.470567
2.470651
2.470725
2.470884
2.470818
2.470824
2.471368
2.471187
2.470162
2.471014
2.471403
2.471017
2.470728
2.470995
2.471114
2.468578
2.459027
2.439430
2.437264
2.437052
2.436599
2.436509
2.437201
2.436926
2.437804
2.437493
2.437932
2.436995
2.436571
2.436681
2.435899
2.436995
2.435833
2.437339
2.438101
2.438477
2.436741
2.437159
2.437147
2.437173
2.437202
2.437304
2.438475
2.437854
2.437066
2.436825
2.437268
2.437038
2.437422
2.437233
2.436900
2.437489
2.437439
2.438186
2.437562
2.437522
2.438155
2.438139
2.437801
2.436745
2.437963
2.438445
2.437448
2.436353
2.435848
2.437874
2.438343
2.438096
2.437374
2.437313
2.437680
2.437712
2.437614
2.437637
2.438246
2.438334
2.437673
2.437389
2.437435
2.438021
2.437243
2.437500
2.437235
2.437627
2.437515
2.438018
2.437363
2.438477
2.438769
2.438317
2.438660
2.437857
2.438262
2.437201
2.437379
2.436566
2.436275
2.436895
2.436167
2.436019
2.436647
2.437382
2.436874
2.437316
2.437419
2.437358
2.438855
2.437534
2.436889
2.437821
2.437884
2.437606
2.437917
2.437617
2.438974
2.437668
2.438223
2.438397
2.438498
2.438986
2.438175
2.438393
2.438623
2.438781
2.438517
2.437893
2.437041
2.436957
2.436050
2.434450
2.442723
2.467744
2.470844
2.470442
2.470405
2.470152
2.469950
2.471018
2.470572
2.470267
2.470254
2.471437
2.470796
2.471243
2.470959
2.470776
2.471657
2.470924
2.470821
2.471192
2.471968
2.471888
2.471251
2.470986
2.471226
2.471575
2.472269
2.472304
2.471617
2.471576
2.472140
2.472094
2.472013
2.471810
2.472172
2.472067
2.471310
2.471686
2.472593
2.472993
2.472462
2.472554
2.472395
2.473049
2.472485
2.472620
2.472563
2.472579
2.472814
2.472064
2.472546
2.472684
2.473277
2.472939
2.472805
2.472584
2.472930
2.473356
2.473333
2.473077
2.473047
2.473428
2.473207
2.473027
2.471992
2.472313
2.473314
2.472890
2.472723
2.472613
2.472962
2.471862
2.464095
2.443601
2.440187
2.440681
2.440059
2.440019
2.439455
2.439277
2.439631
2.439948
2.439750
2.439624
2.439780
2.438996
2.438475
2.438108
2.439554
2.440602
2.439845
2.439570
2.439883
2.440280
2.439335
2.438771
2.438816
2.438639
2.439502
2.439474
2.439762
2.439182
2.440267
2.440116
2.439832
2.439457
2.439660
2.440737
2.439873
2.439167
2.439008
2.439696
2.439727
2.439706
2.439189
2.438958
2.439716
2.439744
2.439418
2.439111
2.438524
2.439757
2.440169
2.439828
2.439907
2.440910
2.439460
2.438474
2.438806
2.438225
2.439576
2.439820
2.439846
2.438985
2.439930
2.439572
2.439774
2.440214
2.439783
2.439302
2.438939
2.438549
2.437854
2.438933
2.438213
2.438346
2.438467
2.439612
2.440175
2.440835
2.440781
2.439414
2.440028
2.438889
2.437614
2.437913
2.436811
2.438164
2.437372
2.437835
2.438895
2.438560
2.439351
2.439396
2.439525
2.439144
2.439932
2.440048
2.438709
2.437180
2.437257
2.437620
2.437428
2.437541
2.438005
2.439144
2.438641
2.438657
2.437667
2.436932
2.437749
2.437408
2.438047
2.437567
2.439034
2.438614
2.438452
2.440767
2.467684
2.471020
2.470681
2.471185
2.471595
2.471279
2.471787
2.471046
2.470145
2.471043
2.472349
2.471954
2.471902
2.471296
2.471550
2.471970
2.471243
2.470927
2.470715
2.471564
2.471135
2.471462
2.471352
2.471975
2.472841
2.471837
2.471252
2.471080
2.472332
2.471377
2.471057
2.471384
2.471781
2.472264
2.471491
2.471626
2.471809
2.472168
2.471123
2.471591
2.471062
2.471550
2.471655
2.471442
2.470760
2.471117
2.472034
2.470930
2.470772
2.470409
2.470315
2.471551
2.470980
2.471383
2.471646
2.472479
2.472093
2.471300
2.471851
2.472178
2.472560
2.471899
2.471527
2.471188
2.472016
2.473482
2.472740
2.473156
2.473332
2.472749
2.471635
2.463640
2.446987
2.438612
2.439473
2.439319
2.438981
2.439042
2.439672
2.439652
2.439265
2.439141
2.438470
2.438591
2.438123
2.439379
2.438424
2.439005
2.438954
2.439605
2.439074
2.439284
2.439488
2.438475
2.438954
2.438742
2.439398
2.439142
2.438785
2.438594
2.439139
2.439801
2.438706
2.439301
2.438766
2.438819
2.439463
2.438644
2.439275
2.439221
2.439911
2.439294
2.439071
2.438965
2.439137
2.439650
2.439709
2.438914
2.438920
2.439495
2.438406
2.439047
2.438923
2.439206
2.439790
2.439633
2.438672
2.439493
2.439844
2.439482
2.439938
2.439491
2.439108
2.439100
2.438859
2.438261
2.439202
2.439799
2.439459
2.439765
2.439898
2.439100
2.440162
2.439253
2.438787
2.439474
2.439682
2.439049
2.438905
2.438890
2.438000
2.439047
2.438853
2.438338
2.438619
2.438611
2.438688
2.438481
2.437434
2.437189
2.439166
2.438714
2.438578
2.439322
2.439343
2.440234
2.439782
2.438792
2.438972
2.440332
2.439795
2.440194
2.440946
2.440366
2.441182
2.440958
2.440158
2.440230
2.441149
2.440228
2.439218
2.439939
2.440076
2.440528
2.440459
2.440212
2.439518
2.464371
2.472652
2.472350
2.472665
2.471907
2.472764
2.473648
2.472443
2.471809
2.472994
2.473350
2.471736
2.472956
2.472087
2.473537
2.473206
2.473203
2.473280
2.473438
2.473350
2.472919
2.473220
2.473288
2.473798
2.473370
2.473486
2.473096
2.472970
2.473639
2.472548
2.473153
2.472765
2.473438
2.473247
2.472373
2.472548
2.471943
2.473345
2.473402
2.473327
2.473673
2.473786
2.473356
2.472710
2.471975
2.471618
2.472332
2.470802
2.471474
2.470517
2.470914
2.470205
2.470600
2.471425
2.471141
2.471418
2.470927
2.471143
2.471828
2.472000
2.471896
2.471799
2.471795
2.472498
2.472820
2.472683
2.472163
2.472228
2.471473
2.472683
2.472746
2.466494
2.453043
2.440476
2.438526
2.439550
2.439733
2.439474
2.438055
2.437364
2.437095
2.436507
2.437665
2.437098
2.437862
2.438126
2.438073
2.438525
2.438270
2.437882
2.437034
2.437004
2.438074
2.437137
2.437419
2.437679
2.438086
2.438412
2.437757
2.437684
2.437559
2.437930
2.438427
2.438120
2.438153
2.438850
2.438539
2.438154
2.438880
2.439103
2.438313
2.438262
2.438200
2.438450
2.439175
2.438608
2.439223
2.438563
2.439083
2.439831
2.439330
2.438949
2.438484
2.439209
2.438974
2.438654
2.438689
2.438733
2.439454
2.438875
2.439203
2.439291
2.439597
2.439989
2.439817
2.439439
2.439865
2.440435
2.439021
2.440126
2.438924
2.439290
2.438779
2.438277
2.438778
2.438588
2.439554
2.439262
2.438315
2.438099
2.438439
2.439076
2.439309
2.438025
2.438884
2.439269
2.438770
2.438937
2.438184
2.438502
2.438841
2.438283
2.438424
2.438484
2.439626
2.439365
2.439322
2.439215
2.439218
2.439882
2.439892
2.439499
2.439259
2.439163
2.439241
2.439509
2.440012
2.439884
2.440296
2.439783
2.439449
2.439805
2.439793
2.438714
2.439291
2.437639
2.438234
2.455832
2.471306
2.471396
2.471234
2.471231
2.471428
2.471337
2.471995
2.470866
2.471550
2.470964
2.470950
2.471582
2.471399
2.471622
2.471343
2.470996
2.471353
2.472317
2.471967
2.471994
2.471787
2.472170
2.472513
2.472313
2.471750
2.471882
2.473047
2.472193
2.471863
2.472281
2.472065
2.472503
2.472042
2.472194
2.471816
2.471939
2.472159
2.471847
2.470200
2.470191
2.470682
2.471772
2.471785
2.470638
2.470824
2.471622
2.471443
2.470943
2.470787
2.472664
2.472750
2.472155
2.472989
2.473518
2.473912
2.473427
2.473208
2.473461
2.474186
2.472911
2.473238
2.472253
2.473432
2.474312
2.473716
2.473604
2.473197
2.474107
2.473693
2.473669
2.468708
2.458611
2.441093
2.440224
2.441273
2.440806
2.441486
2.440972
2.440566
2.440212
2.440761
2.441294
2.440805
2.440315
2.440087
2.440610
2.440398
2.439975
2.439603
2.439545
2.440487
2.440178
2.440119
2.440191
2.440758
2.440652
2.440000
2.440110
2.439908
2.440789
2.440197
2.440245
2.439860
2.439708
2.440044
2.440158
2.440319
2.439873
2.440849
2.440161
2.440130
2.440345
2.440376
2.440813
2.440127
2.439695
2.439848
2.440469
2.440028
2.439709
2.440122
2.440306
2.441066
2.440261
2.440451
2.440016
2.440886
2.439510
2.439931
2.439649
2.439338
2.440560
2.439492
2.439212
2.439076
2.437556
2.438422
2.437735
2.439176
2.438244
2.439880
2.439187
2.438942
2.439196
2.439721
2.438833
2.438900
2.437910
2.437963
2.437427
2.436886
2.437791
2.438226
2.448957
2.470799
2.471144
2.470714
2.470922
2.470365
2.471144
2.471629
2.470905
2.470647
2.471019
2.470883
2.471029
2.471243
2.471983
2.471955
2.472436
2.473191
2.472790
2.472898
2.472652
2.472968
2.473471
2.473402
2.472949
2.472900
2.473317
2.472870
2.472323
2.472114
2.472142
2.472325
2.470896
2.471338
2.472144
2.472411
2.472639
2.471948
2.472349
2.472101
2.472208
2.471404
2.471897
2.472225
2.472359
2.472478
2.472761
2.473456
2.472861
2.472851
2.472482
2.473428
2.472618
2.472523
2.472829
2.472985
2.473443
2.472982
2.472517
2.470257
2.462629
2.442149
2.439761
2.438982
2.439330
2.439565
2.439452
2.439185
2.437925
2.438659
2.439236
2.438419
2.438299
2.438655
2.438501
2.437963
2.437228
2.437977
2.438208
2.438135
2.437736
2.438192
2.437939
2.437870
2.438012
2.438041
2.438993
2.438629
2.438096
2.438442
2.439035
2.439005
2.439547
2.438796
2.439721
2.439151
2.439013
2.439236
2.439383
2.439582
2.438985
2.439039
2.438888
2.439529
2.439950
2.438442
2.438909
2.438622
2.438951
2.437387
2.437024
2.438004
2.438295
2.438691
2.437587
2.438059
2.438500
2.438076
2.438169
2.438822
2.440672
2.440307
2.440212
2.440360
2.440239
2.440711
2.440095
2.439947
2.439341
2.439237
2.438753
2.438722
2.438489
2.440194
2.440117
2.440181
2.440248
2.441092
2.440456
2.440162
2.440691
2.439972
2.441188
2.438805
2.439495
2.439612
2.439798
2.440331
2.439842
2.439675
2.440577
2.440411
2.439863
2.439542
2.439155
2.439358
2.439642
2.440529
2.444027
2.470009
2.472355
2.473552
2.474635
2.473788
2.472667
2.473459
2.473868
2.473278
2.473797
2.473603
2.474010
2.473790
2.472153
2.472677
2.472618
2.473760
2.473455
2.472770
2.474118
2.473670
2.474384
2.473187
2.472524
2.472125
2.472911
2.472563
2.471913
2.471556
2.471752
2.472031
2.472471
2.472509
2.472212
2.472352
2.471997
2.471575
2.471301
2.472179
2.471825
2.472172
2.471735
2.471671
2.472290
2.471175
2.471637
2.471743
2.471814
2.471225
2.471219
2.471282
2.471515
2.472502
2.471966
2.471772
2.470923
2.470860
2.471151
2.470042
2.471046
2.471931
2.471491
2.470822
2.470731
2.471248
2.471040
2.470482
2.469767
2.469837
2.463143
2.443227
2.438325
2.439237
2.437474
2.438694
2.437794
2.437404
2.437801
2.439098
2.438518
2.437834
2.438515
2.438850
2.438557
2.438631
2.438712
2.439188
2.437395
2.438751
2.438959
2.438734
2.438352
2.437747
2.438617
2.438447
2.439319
2.438778
2.439399
2.439027
2.439320
2.439501
2.438551
2.439356
2.439929
2.439840
2.439973
2.439440
2.439512
2.439852
2.439694
2.439079
2.438568
2.438314
2.437481
2.438002
2.438020
2.438201
2.437907
2.438701
2.438616
2.439296
2.439951
2.439986
2.439185
2.438771
2.439349
2.438558
2.439232
2.438778
2.437779
2.437982
2.438762
2.439790
2.439758
2.439964
2.439803
2.439893
2.438757
2.438586
2.439045
2.439280
2.439197
2.438471
2.438017
2.438361
2.438276
2.437599
2.438167
2.437803
2.438830
2.438504
2.438338
2.438003
2.438257
2.439522
2.438332
2.438245
2.437832
2.438242
2.438277
2.438283
2.438777
2.438750
2.440084
2.439435
2.438560
2.438487
2.439725
2.439815
2.439254
2.438927
2.438632
2.439833
2.438927
2.439212
2.439030
2.439133
2.438962
2.438527
2.465672
2.471577
2.472261
2.471911
2.471262
2.471586
2.471003
2.472447
2.471752
2.471548
2.471579
2.471549
2.471388
2.471563
2.471654
2.471820
2.471901
2.471781
2.471104
2.471026
2.471599
2.471575
2.472723
2.472205
2.472602
2.473632
2.473902
2.473634
2.473372
2.473636
2.473797
2.474089
2.473607
2.473680
2.473534
2.472978
2.473604
2.473240
2.473698
2.473752
2.473249
2.472995
2.473286
2.474118
2.473668
2.473516
2.473232
2.473357
2.473800
2.473429
2.472727
2.473081
2.473855
2.473623
2.473106
2.473404
2.473298
2.474026
2.473649
2.473795
2.473537
2.474365
2.473503
2.473756
2.473819
2.473474
2.474225
2.473660
2.473992
2.473641
2.473457
2.467235
2.451401
2.440894
2.440249
2.441258
2.440624
2.440660
2.440424
2.440258
2.440456
2.439994
2.441058
2.440610
2.440995
2.440006
2.439935
2.439159
2.440056
2.440817
2.439925
2.439362
2.438442
2.439098
2.439843
2.438663
2.438868
2.438304
2.439465
2.439092
2.440082
2.440933
2.441037
2.440100
2.439927
2.439796
2.440540
2.440729
2.439987
2.441071
2.440619
2.439822
2.439871
2.439927
2.439215
2.440092
2.440075
2.439717
2.440053
2.440245
2.440088
2.439410
2.439215
2.438955
2.439365
2.440973
2.439175
2.439479
2.439432
2.438917
2.440463
2.439762
2.439922
2.440171
2.441056
2.440134
2.440273
2.439690
2.439939
2.440581
2.440312
2.439564
2.439622
2.440315
2.439705
2.438710
2.438485
2.438239
2.438945
2.439591
2.438542
2.439945
2.439590
2.439455
2.439587
2.431399
2.438982
2.439265
2.439045
2.439349
2.439381
2.438701
2.438744
2.438760
2.439501
2.439224
2.439605
2.439151
2.439217
2.437982
2.439839
2.439607
2.438905
2.459618
2.470852
2.470492
2.469971
2.471071
2.471020
2.471325
2.471955
2.471403
2.471094
2.470813
2.471811
2.470675
2.471226
2.471036
2.471203
2.471780
2.471771
2.472050
2.472234
2.472211
2.472236
2.472264
2.472280
2.471731
2.472708
2.472510
2.472349
2.472459
2.473187
2.472381
2.472903
2.472948
2.472302
2.473032
2.472502
2.472658
2.472362
2.473232
2.472474
2.472472
2.471779
2.472157
2.472910
2.472072
2.471921
2.471948
2.472242
2.472286
2.471513
2.471712
2.471299
2.472118
2.471762
2.471798
2.471283
2.471609
2.471908
2.472950
2.471765
2.471932
2.471693
2.471496
2.471850
2.472287
2.472035
2.471560
2.471739
2.467088
2.455096
2.440026
2.439083
2.439472
2.439318
2.438966
2.438238
2.439261
2.439115
2.438446
2.439148
2.439219
2.440302
2.439896
2.439746
2.439235
2.439604
2.439239
2.438827
2.439036
2.438589
2.438235
2.437968
2.437617
2.437813
2.438472
2.438890
2.438328
2.438303
2.438158
2.438961
2.438782
2.439511
2.438763
2.439539
2.439122
2.438082
2.438448
2.438653
2.439299
2.439629
2.439166
2.439123
2.439471
2.440143
2.439318
2.440080
2.438670
2.439521
2.439770
2.438958
2.438913
2.439449
2.439485
2.439401
2.439270
2.439606
2.440483
2.440780
2.439274
2.439403
2.440013
2.440083
2.439347
2.439761
2.438886
2.439400
2.439156
2.439508
2.439722
2.438379
2.438881
2.437828
2.438632
2.439209
2.439356
2.440366
2.440124
2.439434
2.439504
2.440767
2.440238
2.439409
2.439857
2.440145
2.440588
2.440069
2.440345
2.440043
2.441150
2.440007
2.440093
2.440125
2.439833
2.440849
2.440933
2.440860
2.440903
2.441306
2.441177
2.440938
2.441208
2.441149
2.440937
2.441128
2.441467
2.440742
2.441058
2.440697
2.440047
2.440926
2.440469
2.441349
2.440450
2.440544
2.453995
2.473028
2.473655
2.473462
2.473574
2.473277
2.473588
2.473981
2.472875
2.473387
2.473729
2.473792
2.473174
2.473341
2.473210
2.473990
2.473403
2.473450
2.473305
2.473506
2.473762
2.472725
2.473031
2.472846
2.473756
2.473393
2.472329
2.472433
2.472745
2.473696
2.472739
2.471935
2.473205
2.474225
2.474261
2.473172
2.473528
2.472910
2.473881
2.473646
2.474048
2.472752
2.472815
2.472932
2.473021
2.472857
2.472554
2.474442
2.474070
2.473187
2.472745
2.473261
2.472997
2.472944
2.472711
2.472396
2.472511
2.472162
2.472950
2.472966
2.472693
2.474958
2.473829
2.473243
2.474013
2.474551
2.474234
2.474244
2.474381
2.473071
2.473726
2.470272
2.461255
2.441830
2.440774
2.441540
2.441096
2.440223
2.439349
2.439576
2.438210
2.438710
2.439409
2.437556
2.437585
2.437683
2.438076
2.438900
2.438177
2.438886
2.437928
2.438151
2.437924
2.438589
2.438959
2.439217
2.438923
2.439086
2.438321
2.438478
2.438800
2.438633
2.438968
2.439187
2.439617
2.438698
2.437962
2.438141
2.438490
2.439575
2.439079
2.439012
2.438765
2.439353
2.439549
2.439286
2.439554
2.439105
2.439320
2.439829
2.439169
2.438791
2.438205
2.438500
2.438390
2.438432
2.438703
2.439114
2.438181
2.437798
2.439288
2.438638
2.438937
2.438266
2.437937
2.438046
2.438965
2.438526
2.438385
2.438412
2.438330
2.438654
2.438189
2.437965
2.437892
2.438986
2.438673
2.438686
2.438684
2.438785
2.439118
2.438533
2.438766
2.437911
2.438456
2.438189
2.438775
2.439177
2.438574
2.439187
2.438921
2.438748
2.438919
2.439471
2.439266
2.438775
2.438255
2.438421
2.439914
2.439069
2.438602
2.438757
2.438621
2.438274
2.437115
2.438960
2.445810
2.471089
2.471949
2.472538
2.471825
2.471949
2.471889
2.472634
2.472250
2.471852
2.472017
2.471598
2.472199
2.471722
2.472082
2.472022
2.471946
2.471613
2.471598
2.472228
2.471500
2.471548
2.471079
2.471336
2.472171
2.472131
2.472540
2.472325
2.472997
2.472464
2.472124
2.471753
2.471985
2.472262
2.471943
2.471761
2.471598
2.472023
2.473025
2.472092
2.471668
2.471595
2.472049
2.471144
2.471417
2.470795
2.471611
2.471660
2.471871
2.472214
2.472370
2.472965
2.471943
2.471989
2.471774
2.471960
2.472363
2.472165
2.472126
2.471759
2.472526
2.472051
2.471986
2.472394
2.472423
2.472630
2.471924
2.471862
2.472631
2.473019
2.473077
2.471723
2.463965
2.443563
2.440374
2.440042
2.439826
2.439632
2.438254
2.437637
2.437905
2.438846
2.438774
2.439120
2.438563
2.438753
2.437876
2.438623
2.438707
2.438865
2.438087
2.437288
2.438916
2.438670
2.438978
2.438502
2.438259
2.439166
2.438339
2.438865
2.438320
2.440059
2.439955
2.439510
2.439910
2.439376
2.440251
2.439728
2.439331
2.439259
2.439888
2.440264
2.440359
2.439762
2.439740
2.440199
2.439600
2.439033
2.439114
2.439751
2.439735
2.439269
2.438920
2.438239
2.440107
2.438975
2.438166
2.438446
2.439531
2.439999
2.439389
2.439325
2.439066
2.440407
2.439025
2.439901
2.439961
2.440140
2.440755
2.440268
2.439826
2.440511
2.441657
2.441484
2.441469
2.440904
2.440760
2.441808
2.441441
2.440888
2.440206
2.440894
2.440628
2.440477
2.440881
2.439991
2.440993
2.440848
2.440576
2.440861
2.441207
2.441193
2.441351
2.440729
2.440339
2.441382
2.440622
2.440313
2.440806
2.442192
2.441348
2.441047
2.441393
2.441401
2.442514
2.441335
2.440457
2.441195
2.441300
2.440956
2.440535
2.440430
2.439833
2.441487
2.441685
2.441432
2.441723
2.443198
2.469866
2.472358
2.472259
2.472277
2.473150
2.472470
2.472175
2.472056
2.471738
2.472112
2.472275
2.472603
2.472797
2.472798
2.472838
2.472361
2.472638
2.474234
2.475159
2.474703
2.474512
2.472976
2.473604
2.473621
2.472883
2.473118
2.473949
2.473777
2.474603
2.474386
2.474076
2.473912
2.473658
2.473156
2.473546
2.473508
2.473217
2.472720
2.472067
2.471818
2.473457
2.473421
2.471740
2.470455
2.470831
2.471581
2.470891
2.471612
2.472433
2.472550
2.472976
2.472901
2.471967
2.471901
2.472833
2.472394
2.472884
2.472558
2.473435
2.474014
2.472786
2.472469
2.472526
2.473139
2.472217
2.471920
2.472284
2.473010
2.473897
2.472709
2.473095
2.465130
2.447958
2.440076
2.439535
2.439591
2.439485
2.439642
2.439682
2.438956
2.439545
2.439145
2.439431
2.439136
2.439793
2.440100
2.440560
2.440265
2.439213
2.440007
2.440282
2.440354
2.439766
2.439355
2.439232
2.439947
2.439174
2.439466
2.438956
2.438884
2.438951
2.439617
2.439681
2.439598
2.440637
2.439696
2.440017
2.439638
2.439775
2.440063
2.439921
2.440438
2.439712
2.439958
2.439919
2.439083
2.440367
2.439168
2.440075
2.439675
2.439879
2.439997
2.440277
2.440594
2.439645
2.439404
2.439767
2.440440
2.439548
2.439163
2.438771
2.439078
2.439044
2.438466
2.438756
2.438708
2.439819
2.439031
2.439017
2.438970
2.439143
2.439381
2.438943
2.439210
2.438810
2.439080
2.438748
2.438335
2.437783
2.438473
2.438563
2.438296
2.438377
2.437686
2.438108
2.437575
2.438068
2.438335
2.438723
2.439036
2.437850
2.438309
2.438377
2.438242
2.438497
2.438505
2.438099
2.438360
2.439425
2.439277
2.439347
2.438905
2.438780
2.439129
2.438771
2.438801
2.439718
2.439927
2.439490
2.439330
2.438824
2.438734
2.439240
2.438609
2.438360
2.438084
2.438722
2.462404
2.470090
2.470271
2.470776
2.472099
2.471793
2.470983
2.471177
2.471047
2.471738
2.471215
2.469866
2.469873
2.470620
2.470683
2.471269
2.471706
2.471781
2.471739
2.472333
2.473171
2.472665
2.473523
2.473492
2.473003
2.473409
2.472837
2.474057
2.473402
2.473097
2.473058
2.473440
2.473531
2.473352
2.472942
2.472987
2.472916
2.471573
2.470824
2.470405
2.471445
2.471502
2.470648
2.471482
2.471239
2.471928
2.471811
2.471570
2.471495
2.471961
2.472165
2.472022
2.472491
2.472507
2.472557
2.472438
2.472172
2.471271
2.472172
2.471536
2.471608
2.471257
2.470933
2.471617
2.471382
2.471069
2.470376
2.470974
2.471569
2.471237
2.471057
2.464730
2.451463
2.437409
2.437282
2.437407
2.438108
2.438340
2.439163
2.438913
2.439530
2.440138
2.440198
2.440097
2.440111
2.440075
2.440683
2.440211
2.439937
2.438791
2.439706
2.439026
2.438713
2.438928
2.438609
2.439343
2.438147
2.438465
2.438712
2.439433
2.439446
2.439112
2.438961
2.438998
2.439449
2.438667
2.437032
2.436059
2.436572
2.437598
2.437708
2.436922
2.437528
2.438898
2.438448
2.437776
2.437654
2.438059
2.438694
2.437814
2.437884
2.437518
2.438208
2.436472
2.437651
2.437887
2.437353
2.437475
2.437126
2.437541
2.437396
2.438246
2.438686
2.438256
2.438115
2.438182
2.439611
2.439389
2.439818
2.439473
2.439954
2.439956
2.440118
2.439759
2.440149
2.440187
2.439651
2.439229
2.439982
2.440501
2.439986
2.439459
2.439190
2.438893
2.439815
2.439184
2.438615
2.439097
2.439262
2.439723
2.439536
2.439376
2.439380
2.440488
2.439346
2.439440
2.439180
2.439181
2.439286
2.439221
2.439013
2.438403
2.438903
2.438471
2.438683
2.438729
2.438637
2.439027
2.438633
2.438600
2.438133
2.438911
2.438461
2.437124
2.437379
2.438117
2.438167
2.455947
2.471027
2.471317
2.471991
2.472344
2.472154
2.472100
2.471958
2.472868
2.472252
2.472140
2.471995
2.472377
2.472540
2.472205
2.471583
2.472058
2.472690
2.472292
2.472240
2.471730
2.471976
2.472103
2.471573
2.471389
2.470931
2.472152
2.471352
2.472551
2.472541
2.473180
2.473902
2.473289
2.472994
2.472335
2.473357
2.473026
2.473721
2.473949
2.473651
2.474121
2.473358
2.473366
2.473839
2.473929
2.473566
2.472703
2.472650
2.472487
2.473561
2.473658
2.473162
2.473198
2.473921
2.474391
2.473760
2.473874
2.473507
2.474225
2.473981
2.473860
2.474215
2.474293
2.474692
2.473676
2.474071
2.474067
2.474332
2.474112
2.473896
2.473791
2.469623
2.460025
2.441918
2.441037
2.440733
2.441317
2.439964
2.439746
2.440020
2.439818
2.440585
2.440575
2.439362
2.439411
2.440583
2.440037
2.439264
2.440149
2.439188
2.440421
2.440935
2.440099
2.439227
2.440063
2.439045
2.439042
2.439367
2.438066
2.438866
2.438032
2.437433
2.437671
2.439007
2.439474
2.438778
2.438996
2.438814
2.440089
2.439772
2.440640
2.440004
2.439817
2.440800
2.439080
2.439812
2.440848
2.440206
2.439575
2.439538
2.439436
2.440275
2.441233
2.440751
2.441069
2.439658
2.440034
2.439337
2.439560
2.439809
2.440016
2.440665
2.440993
2.440344
2.440872
2.439903
2.440832
2.439621
2.440102
2.438475
2.438223
2.437300
2.437531
2.437973
2.439356
2.439544
2.438275
2.438248
2.438391
2.438589
2.437696
2.437776
2.438295
2.437513
2.438443
2.437521
2.437876
2.437585
2.439206
2.438300
2.438534
2.437912
2.437668
2.438924
2.438905
2.438518
2.439156
2.438297
2.438517
2.439398
2.439211
2.438882
2.439348
2.438873
2.439257
2.438822
2.439774
2.439077
2.439792
2.437852
2.437902
2.438651
2.438341
2.438732
2.436364
2.436597
2.437254
2.448598
2.471297
2.471586
2.472341
2.471495
2.470442
2.469452
2.471179
2.471349
2.471890
2.471550
2.471364
2.472007
2.471918
2.471954
2.471595
2.471256
2.472439
2.471783
2.470638
2.472537
2.471915
2.471588
2.471219
2.471449
2.471889
2.472849
2.471904
2.472332
2.472090
2.472891
2.472704
2.473013
2.473075
2.472139
2.473385
2.472919
2.472777
2.472456
2.473066
2.472479
2.471913
2.472004
2.472358
2.473210
2.472891
2.472718
2.472614
2.472816
2.473046
2.471971
2.472034
2.472030
2.471937
2.470994
2.471259
2.471511
2.472492
2.473370
2.472368
2.472257
2.472444
2.473199
2.473009
2.472777
2.472651
2.472788
2.473131
2.472988
2.472947
2.472692
2.471345
2.462950
2.442166
2.439542
2.439857
2.440922
2.440499
2.439358
2.438666
2.439017
2.438720
2.439247
2.439217
2.439878
2.440006
2.439509
2.439356
2.439783
2.440010
2.439556
2.439064
2.438765
2.438537
2.439187
2.438959
2.438670
2.438874
2.439055
2.439480
2.439644
2.439283
2.439064
2.439905
2.438704
2.439077
2.439055
2.439662
2.439317
2.438819
2.438462
2.437631
2.440336
2.439049
2.439831
2.439845
2.440253
2.440595
2.440355
2.440189
2.439862
2.440336
2.440053
2.439392
2.439975
2.440093
2.440957
2.440117
2.439593
2.440357
2.440826
2.440823
2.440629
2.440559
2.440641
2.440959
2.440106
2.440012
2.440081
2.440604
2.441080
2.440405
2.441033
2.440594
2.441698
2.441185
2.440715
2.441114
2.440716
2.441170
2.440862
2.440300
2.439693
2.440817
2.440695
2.440428
2.440219
2.440678
2.440642
2.440714
2.440524
2.440445
2.441396
2.440917
2.440113
2.440028
2.440247
2.440749
2.440302
2.440732
2.441165
2.441153
2.441657
2.440841
2.441063
2.441455
2.442054
2.441019
2.441247
2.441346
2.441037
2.440931
2.440419
2.440408
2.440171
2.440404
2.440060
2.444594
2.471493
2.472817
2.472919
2.472249
2.471798
2.472056
2.473418
2.472535
2.471879
2.472837
2.473487
2.473628
2.473843
2.473732
2.473540
2.472787
2.472816
2.472222
2.472851
2.473192
2.473535
2.473791
2.473333
2.473068
2.473559
2.472888
2.472799
2.473295
2.472792
2.473220
2.472437
2.472012
2.471665
2.472395
2.472156
2.472566
2.471554
2.471497
2.472143
2.471910
2.470946
2.471454
2.471095
2.471906
2.471266
2.470964
2.470669
2.471381
2.471514
2.471862
2.471983
2.471932
2.472326
2.471790
2.471805
2.472009
2.472438
2.472075
2.471713
2.472067
2.472219
2.472420
2.471879
2.471935
2.471870
2.472770
2.472547
2.472386
2.472359
2.471398
2.471910
2.464053
2.444968
2.437933
2.437635
2.436165
2.436541
2.437807
2.437505
2.437811
2.438218
2.438399
2.437488
2.437106
2.436892
2.436429
2.437636
2.437402
2.437528
2.437659
2.438463
2.438070
2.438638
2.439217
2.438481
2.438790
2.438464
2.439057
2.439405
2.440333
2.439279
2.439497
2.438751
2.439672
2.438504
2.438860
2.438824
2.439575
2.440184
2.439005
2.439812
2.439407
2.439279
2.439961
2.439337
2.439184
2.439390
2.439783
2.439145
2.439262
2.439314
2.439017
2.440203
2.439426
2.439452
2.439086
2.440192
2.439123
2.439332
2.439029
2.438428
2.439415
2.438931
2.438639
2.439006
2.439605
2.438025
2.439116
2.438270
2.438132
2.438639
2.437305
2.437316
2.437903
2.438802
2.438272
2.438846
2.438753
2.439175
2.439411
2.439109
2.439132
2.438782
2.438994
2.438562
2.438303
2.438279
2.438374
2.439079
2.438525
2.438354
2.438369
2.438349
2.438608
2.438261
2.438588
2.438119
2.439398
2.439078
2.438129
2.438775
2.438705
2.439004
2.438418
2.438839
2.465955
2.472013
2.471799
2.471529
2.471243
2.471877
2.472897
2.472743
2.472346
2.472140
2.472115
2.472125
2.472203
2.471990
2.472082
2.472331
2.471980
2.472528
2.471512
2.472417
2.472305
2.471674
2.471961
2.471795
2.472906
2.472299
2.472785
2.472748
2.472321
2.471994
2.471467
2.471642
2.471151
2.472026
2.472242
2.471733
2.472628
2.473130
2.473648
2.472752
2.471702
2.471500
2.470853
2.471114
2.471249
2.471501
2.471847
2.472412
2.472680
2.473188
2.472445
2.473465
2.472242
2.472119
2.471806
2.471369
2.472296
2.472070
2.472057
2.471976
2.472436
2.472289
2.472358
2.473158
2.471671
2.472940
2.473070
2.473361
2.473179
2.473557
2.473437
2.466862
2.451145
2.440764
2.440386
2.439678
2.440113
2.440233
2.440207
2.440364
2.439798
2.438764
2.439138
2.439881
2.439178
2.440093
2.440648
2.440101
2.439890
2.439374
2.438737
2.438508
2.439423
2.439190
2.439464
2.439017
2.438360
2.439201
2.438918
2.439423
2.438705
2.440491
2.440609
2.439745
2.440180
2.439005
2.439494
2.438977
2.438703
2.438729
2.438949
2.439408
2.438501
2.439544
2.438964
2.439007
2.439557
2.438979
2.438473
2.438917
2.439291
2.439322
2.438444
2.438744
2.438671
2.438831
2.438264
2.438055
2.438706
2.438470
2.438521
2.438346
2.438754
2.439078
2.438485
2.437981
2.437594
2.438133
2.438114
2.438262
2.438126
2.439532
2.439873
2.438374
2.437565
2.437321
2.438246
2.438281
2.438985
2.437819
2.438160
2.438837
2.438989
2.438328
2.438143
2.438443
2.438424
2.439046
2.439416
2.438328
2.438158
2.438590
2.438988
2.438974
2.439329
2.438876
2.437896
2.438273
2.437318
2.437708
2.439091
2.439249
2.438230
2.438176
2.437091
2.459121
2.471947
2.471620
2.471184
2.471069
2.471657
2.471163
2.471194
2.471265
2.471474
2.472086
2.471081
2.471048
2.470812
2.470738
2.469088
2.470497
2.471465
2.470824
2.470624
2.471369
2.471875
2.472904
2.472851
2.472258
2.472732
2.473193
2.471824
2.471597
2.471750
2.471479
2.471657
2.471310
2.470957
2.471223
2.470673
2.470940
2.471061
2.471080
2.471029
2.471838
2.471635
2.471727
2.471318
2.471119
2.471361
2.471262
2.471797
2.472249
2.471601
2.471026
2.471296
2.466635
2.454026
2.439437
2.439151
2.438819
2.438508
2.438461
2.438951
2.438498
2.437832
2.437754
2.437651
2.437984
2.437496
2.437432
2.437890
2.438512
2.438418
2.438127
2.438815
2.438530
2.437821
2.437884
2.436916
2.437865
2.437638
2.437804
2.437381
2.437392
2.438201
2.436222
2.436287
2.436985
2.437457
2.437406
2.437211
2.437226
2.438740
2.438268
2.438182
2.438926
2.439799
2.439529
2.438141
2.438678
2.438456
2.439137
2.438580
2.438998
2.438678
2.438206
2.440628
2.440110
2.439431
2.440280
2.440079
2.439401
2.439232
2.439382
2.440043
2.440761
2.440252
2.440170
2.440008
2.440972
2.440703
2.440876
2.439824
2.440267
2.441400
2.440459
2.440513
2.440355
2.440730
2.439919
2.440019
2.440271
2.439606
2.441010
2.439978
2.439867
2.439919
2.440127
2.439924
2.439637
2.439375
2.438934
2.439904
2.439849
2.439849
2.439634
2.439675
2.439852
2.440211
2.440462
2.440344
2.440880
2.440416
2.440418
2.440373
2.440196
2.440988
2.440931
2.440568
2.440349
2.441412
2.440929
2.440441
2.440814
2.440536
2.440733
2.440268
2.440230
2.440164
2.455001
2.472402
2.473460
2.473091
2.473237
2.473942
2.473583
2.473804
2.472893
2.474107
2.474072
2.473082
2.473001
2.473140
2.473828
2.473163
2.472692
2.473285
2.473482
2.474055
2.473499
2.473435
2.473227
2.473869
2.474042
2.473802
2.473665
2.474138
2.474427
2.474201
2.474034
2.473555
2.474312
2.474141
2.474032
2.474265
2.474084
2.474458
2.473497
2.473885
2.473183
2.473817
2.473137
2.471471
2.471554
2.471694
2.472408
2.471566
2.472289
2.472795
2.472457
2.471653
2.471936
2.473141
2.472060
2.472913
2.472536
2.472409
2.473251
2.473087
2.470111
2.460620
2.441359
2.439191
2.437640
2.438365
2.438327
2.439226
2.439401
2.439041
2.439033
2.438859
2.439137
2.439464
2.439689
2.441054
2.441583
2.440934
2.439278
2.439112
2.439060
2.439563
2.439632
2.439468
2.440498
2.440965
2.440404
2.440183
2.439932
2.439832
2.440436
2.439684
2.439640
2.439044
2.438928
2.438434
2.438285
2.439048
2.438859
2.439507
2.438898
2.437360
2.439969
2.439475
2.438614
2.438375
2.438728
2.439182
2.439879
2.438552
2.438349
2.437899
2.437735
2.438763
2.439833
2.438530
2.437639
2.437917
2.439119
2.438390
2.438813
2.439536
2.439829
2.440885
2.440084
2.440301
2.440000
2.441040
2.440534
2.440509
2.440811
2.439998
2.440944
2.439588
2.439472
2.439275
2.439657
2.439905
2.438129
2.446442
2.470512
2.472112
2.472131
2.471917
2.471690
2.471237
2.471018
2.471416
2.472468
2.471738
2.471665
2.471721
2.471781
2.472456
2.472309
2.471464
2.472680
2.471763
2.471927
2.471653
2.472242
2.472007
2.472213
2.471709
2.471965
2.472056
2.472630
2.472386
2.473013
2.472690
2.472693
2.471228
2.471110
2.470551
2.471234
2.471495
2.470943
2.471098
2.470726
2.471325
2.470945
2.471194
2.471306
2.471534
2.471763
2.471451
2.471207
2.471083
2.472869
2.472076
2.471710
2.472283
2.472061
2.472604
2.472136
2.471618
2.472702
2.472228
2.472769
2.471451
2.463996
2.444014
2.439842
2.439119
2.438555
2.438515
2.438871
2.439401
2.437856
2.438291
2.439189
2.439384
2.439216
2.438024
2.438946
2.439743
2.440121
2.439994
2.440211
2.439535
2.439192
2.439326
2.439685
2.439298
2.438757
2.439007
2.439165
2.439106
2.440096
2.439703
2.439356
2.439690
2.440016
2.440698
2.440181
2.440137
2.441143
2.441401
2.441093
2.440326
2.440729
2.440811
2.440718
2.440382
2.439914
2.439687
2.440880
2.440884
2.440496
2.440886
2.440766
2.441453
2.440884
2.440602
2.440498
2.441198
2.440712
2.439843
2.439759
2.440152
2.440575
2.440580
2.440506
2.440540
2.440491
2.440488
2.440189
2.440397
2.440384
2.441200
2.440711
2.440915
2.440179
2.439930
2.440222
2.439776
2.440074
2.439662
2.441314
2.441084
2.439845
2.439957
2.440031
2.439640
2.439406
2.438930
2.438394
2.438910
2.439392
2.439113
2.440132
2.439720
2.440457
2.440675
2.440501
2.440546
2.442134
2.440966
2.439463
2.439749
2.439713
2.440275
2.439467
2.439873
2.440565
2.440332
2.440236
2.440448
2.438983
2.439960
2.441407
2.440487
2.439710
2.438866
2.439076
2.442130
2.469534
2.472686
2.472263
2.472918
2.472209
2.471650
2.472589
2.472474
2.473221
2.471204
2.472543
2.472630
2.472365
2.472283
2.472333
2.472202
2.472379
2.473034
2.472107
2.471899
2.471685
2.472488
2.472442
2.472008
2.471205
2.471321
2.471783
2.471991
2.472396
2.472541
2.472451
2.472064
2.472340
2.472417
2.472343
2.472994
2.472969
2.472323
2.472355
2.472541
2.471954
2.471319
2.471466
2.471915
2.472400
2.472403
2.472460
2.472064
2.438074
2.439273
2.438802
2.437286
2.436699
2.437231
2.438152
2.438291
2.437414
2.437869
2.438684
2.438123
2.437302
2.437406
2.438573
2.438733
2.437661
2.438551
2.437781
2.438173
2.439043
2.438927
2.438628
2.438661
2.438757
2.439196
2.438570
2.437918
2.437780
2.436603
2.437629
2.438126
2.439086
2.439154
2.439067
2.438359
2.439218
2.437884
2.437800
2.437578
2.438315
2.438806
2.438164
2.438620
2.438645
2.438518
2.439210
2.438992
2.439131
2.439046
2.438282
2.438123
2.438201
2.439026
2.438933
2.439057
2.438144
2.438312
2.439032
2.439047
2.438889
2.439343
2.439115
2.439256
2.439060
2.438866
2.439591
2.439311
2.438930
2.438701
2.439600
2.439834
2.439677
2.439275
2.438877
2.438725
2.440068
2.439621
2.464311
2.471954
2.472476
2.473566
2.472045
2.472324
2.472773
2.473197
2.472318
2.471657
2.471604
2.472095
2.472993
2.472310
2.472247
2.471910
2.471898
2.472764
2.473581
2.473242
2.473181
2.473592
2.473401
2.473244
2.473604
2.473707
2.473813
2.473329
2.473266
2.473356
2.474054
2.473711
2.473080
2.473782
2.473583
2.473751
2.473229
2.473384
2.473302
2.473945
2.473665
2.473471
2.473357
2.473679
2.473535
2.473196
2.473083
2.472982
2.474038
2.473556
2.473387
2.473209
2.472949
2.473587
2.473028
2.473128
2.473151
2.473669
2.473375
2.473499
2.473339
2.472968
2.473729
2.474313
2.473579
2.473714
2.474072
2.473449
2.473606
2.473145
2.473181
2.468355
2.454109
2.441407
2.440553
2.440585
2.440845
2.440065
2.440559
2.439492
2.440899
2.440045
2.440004
2.439804
2.439732
2.438718
2.439025
2.438690
2.439371
2.438419
2.437875
2.438072
2.439651
2.439867
2.439486
2.439557
2.438313
2.440826
2.439626
2.438677
2.439350
2.439060
2.439553
2.439029
2.439346
2.439176
2.440811
2.440673
2.440601
2.441455
2.440314
2.440567
2.440115
2.440243
2.440120
2.440720
2.440222
2.439744
2.439919
2.439780
2.439728
2.440577
2.439492
2.439653
2.439527
2.439494
2.438935
2.440116
2.439485
2.439594
2.439230
2.439945
2.440913
2.440087
2.439662
2.439337
2.439755
2.439632
2.439403
2.439993
2.440634
2.440679
2.439427
2.439113
2.439197
2.439359
2.439746
2.439572
2.439488
2.438999
2.439433
2.438424
2.437955
2.438086
2.437672
2.437484
2.438465
2.439017
2.440117
2.439667
2.439317
2.438467
2.438751
2.439431
2.438810
2.439007
2.438612
2.439572
2.438277
2.438306
2.438608
2.440804
2.438962
2.439110
2.438828
2.439698
2.438707
2.438793
2.439326
2.438838
2.439449
2.438801
2.457013
2.471899
2.472070
2.472425
2.473014
2.472094
2.471837
2.471544
2.472084
2.472767
2.472526
2.472534
2.472281
2.473328
2.472562
2.473052
2.472396
2.471817
2.472175
2.472259
2.472274
2.472612
2.471384
2.471907
2.472272
2.472181
2.472160
2.472594
2.472351
2.472278
2.471786
2.472541
2.472905
2.472512
2.472488
2.472183
2.473007
2.472853
2.472735
2.472670
2.477648
2.438046
2.437632
2.438526
2.438303
2.438896
2.438914
2.438589
2.438799
2.437654
2.437714
2.437682
2.437367
2.437307
2.437437
2.438226
2.439042
2.439504
2.438812
2.438928
2.438590
2.438480
2.437354
2.436941
2.437612
2.436968
2.438338
2.437755
2.436945
2.437239
2.437325
2.439029
2.438638
2.437233
2.438745
2.439780
2.439714
2.439653
2.439947
2.440466
2.440591
2.440431
2.440099
2.439074
2.440928
2.440690
2.439876
2.439869
2.440230
2.440825
2.440164
2.440767
2.440495
2.440247
2.439969
2.439857
2.441089
2.440552
2.441328
2.441144
2.440906
2.440948
2.440358
2.440737
2.440236
2.439927
2.440452
2.440948
2.440602
2.440426
2.440476
2.441325
2.441357
2.440698
2.440650
2.440159
2.441193
2.440842
2.440643
2.440473
2.440366
2.441522
2.441227
2.440907
2.441167
2.441745
2.442065
2.441444
2.441718
2.441050
2.441779
2.440968
2.440294
2.439707
2.440624
2.440331
2.440539
2.451512
2.472851
2.474009
2.473593
2.473981
2.473296
2.473457
2.473251
2.473184
2.473214
2.472459
2.473364
2.473008
2.473241
2.473274
2.473142
2.473526
2.473136
2.473040
2.473515
2.474076
2.473396
2.473354
2.473732
2.473817
2.473615
2.473851
2.474070
2.473603
2.474338
2.474118
2.474156
2.474001
2.473911
2.474895
2.473994
2.474095
2.474310
2.474503
2.474188
2.473552
2.473926
2.473624
2.474567
2.473826
2.473468
2.473262
2.473973
2.473739
2.474315
2.473214
2.473562
2.474075
2.473568
2.473342
2.473006
2.473801
2.474253
2.473637
2.473469
2.473611
2.474449
2.473910
2.473495
2.473873
2.473727
2.474163
2.473900
2.474087
2.473198
2.473683
2.470692
2.463027
2.443060
2.440372
2.440894
2.440603
2.440438
2.440124
2.441664
2.440333
2.440286
2.439932
2.440037
2.440746
2.440252
2.440560
2.439759
2.440295
2.439787
2.438778
2.439468
2.437344
2.436701
2.437719
2.438412
2.437994
2.438115
2.438045
2.438093
2.438751
2.438483
2.439483
2.439110
2.439777
2.439302
2.438849
2.438853
2.438761
2.439194
2.439141
2.437721
2.437705
2.438234
2.437038
2.438195
2.438403
2.437664
2.438352
2.436948
2.437270
2.439001
2.438954
2.439208
2.438905
2.438649
2.438915
2.438126
2.438905
2.438945
2.439650
2.438892
2.438691
2.438354
2.438625
2.437102
2.437756
2.438295
2.439027
2.438769
2.439063
2.439480
2.439891
2.440135
2.439147
2.439520
2.439862
2.439646
2.439729
2.439646
2.439088
2.439824
2.438886
2.438530
2.443818
2.470988
2.472878
2.472420
2.472430
2.472116
2.472607
2.472822
2.471991
2.471602
2.472409
2.473209
2.472547
2.472481
2.472324
2.472815
2.472920
2.472519
2.472079
2.472538
2.473218
2.472547
2.472566
2.472656
2.473258
2.473296
2.472774
2.472916
2.472900
2.473463
2.473105
2.473149
2.473245
2.473170
2.472419
2.471831
2.471962
2.471846
2.472220
2.471625
2.471880
2.471378
2.472512
2.471976
2.471672
2.471541
2.471114
2.472357
2.472131
2.472389
2.472426
2.472357
2.472759
2.472400
2.472625
2.472467
2.472711
2.472676
2.472517
2.472403
2.472121
2.472933
2.472332
2.472333
2.471966
2.472980
2.472979
2.472785
2.472471
2.472039
2.472097
2.470242
2.463191
2.444096
2.439946
2.440286
2.440096
2.439665
2.439510
2.439035
2.438845
2.438152
2.438361
2.438847
2.439437
2.440517
2.440453
2.440382
2.441781
2.440271
2.439320
2.438545
2.437778
2.438195
2.438169
2.437797
2.437240
2.439030
2.438881
2.438234
2.439157
2.439824
2.440994
2.440814
2.440681
2.440548
2.441356
2.441260
2.440612
2.440391
2.440940
2.440318
2.441163
2.441018
2.440676
2.441755
2.441020
2.441366
2.441183
2.441105
2.440556
2.440791
2.440467
2.440178
2.440589
2.440506
2.439743
2.440412
2.440251
2.441055
2.440479
2.440506
2.441053
2.441391
2.440996
2.441053
2.441149
2.440959
2.440963
2.440161
2.439953
2.440163
2.440926
2.441247
2.440461
2.440766
2.440910
2.441462
2.440993
2.440727
2.440667
2.440453
2.440978
2.440469
2.440042
2.439746
2.440655
2.440421
2.440130
2.440260
2.440761
2.440412
2.440243
2.438955
2.438493
2.438904
2.440100
2.440340
2.439508
2.439880
2.440149
2.439983
2.440275
2.441531
2.441041
2.441598
2.441514
2.441967
2.441046
2.441353
2.439244
2.439926
2.439343
2.439529
2.439702
2.438606
2.438375
2.438509
2.467191
2.472858
2.473245
2.473170
2.473359
2.472885
2.472943
2.473121
2.473216
2.474040
2.473456
2.470708
2.470191
2.470390
2.470543
2.469559
2.469360
2.470188
2.470635
2.471818
2.471381
2.471404
2.472539
2.472290
2.471565
2.471772
2.471297
2.471783
2.471718
2.471924
2.471837
2.470104
2.470270
2.471290
2.470594
2.471445
2.471309
2.470714
2.471700
2.471537
2.471591
2.471519
2.471315
2.471384
2.472174
2.472227
2.472298
2.473110
2.472425
2.471988
2.472056
2.472404
2.473500
2.472506
2.472356
2.472297
2.471794
2.473553
2.472533
2.473023
2.472740
2.473271
2.473222
2.472200
2.466737
2.451174
2.440500
2.439587
2.439782
2.439583
2.439471
2.439833
2.439872
2.439328
2.438639
2.439192
2.438361
2.438666
2.438969
2.439436
2.439712
2.438599
2.438602
2.438657
2.439305
2.437688
2.437308
2.437828
2.438567
2.437511
2.437380
2.437993
2.438001
2.438383
2.438669
2.438738
2.439063
2.438552
2.438090
2.438236
2.437593
2.438095
2.439649
2.439085
2.438638
2.438342
2.438837
2.439033
2.439075
2.438880
2.439084
2.438841
2.438515
2.438360
2.438727
2.439028
2.439827
2.439327
2.439362
2.439185
2.439930
2.440053
2.439712
2.439173
2.438742
2.439194
2.439036
2.439412
2.439535
2.439922
2.440014
2.439591
2.439650
2.439640
2.439119
2.438644
2.438822
2.439561
2.439501
2.440269
2.439181
2.437863
2.438155
2.439432
2.440281
2.439387
2.439917
2.440457
2.440743
2.440079
2.439702
2.439187
2.439623
2.439610
2.440441
2.440197
2.440510
2.441089
2.440744
2.440588
2.440069
2.440825
2.441480
2.441029
2.440730
2.441037
2.442032
2.441047
2.440566
2.441055
2.441605
2.441686
2.441095
2.440560
2.440633
2.441574
2.441022
2.441397
2.441385
2.441159
2.462643
2.473835
2.474028
2.473326
2.474735
2.473828
2.473967
2.474799
2.473670
2.474291
2.474155
2.473762
2.473704
2.473629
2.473798
2.473691
2.473785
2.473515
2.473796
2.473809
2.473314
2.473631
2.474144
2.474349
2.473642
2.473865
2.473360
2.474958
2.474180
2.474397
2.473803
2.473946
2.474672
2.473750
2.474161
2.474014
2.474464
2.473919
2.474120
2.473853
2.474127
2.474433
2.474348
2.473648
2.473392
2.474362
2.473847
2.473871
2.473627
2.473794
2.473813
2.473727
2.473849
2.473711
2.473694
2.472885
2.472829
2.474045
2.473007
2.474119
2.474042
2.473378
2.473039
2.473267
2.473716
2.473902
2.473934
2.474466
2.473837
2.473752
2.473415
2.468287
2.456111
2.440944
2.439552
2.439513
2.438721
2.440981
2.440478
2.439628
2.438993
2.439149
2.439758
2.438531
2.438077
2.438383
2.439759
2.439281
2.438405
2.438865
2.438972
2.438552
2.437306
2.436521
2.436636
2.438190
2.438565
2.437847
2.437847
2.438081
2.438640
2.438128
2.438509
2.437819
2.439249
2.438402
2.437760
2.438221
2.438773
2.439734
2.439122
2.439552
2.438692
2.439368
2.438886
2.438810
2.439576
2.439253
2.439225
2.436855
2.435977
2.436158
2.437073
2.438357
2.438126
2.439212
2.438636
2.438509
2.438147
2.437686
2.436987
2.436052
2.437414
2.438291
2.437820
2.437867
2.439206
2.438017
2.437831
2.437456
2.438862
2.439749
2.439477
2.438751
2.438036
2.438246
2.438604
2.439716
2.438630
2.438844
2.439086
2.438474
2.438923
2.438507
2.439721
2.439432
2.439110
2.438493
2.439196
2.440050
2.439364
2.439440
2.439650
2.439459
2.440299
2.439808
2.439116
2.438795
2.438989
2.438805
2.439029
2.439296
2.439212
2.440166
2.439638
2.439827
2.439576
2.441184
2.440464
2.439629
2.438636
2.438487
2.438763
2.439001
2.438520
2.438833
2.439280
2.453199
2.471071
2.471417
2.471383
2.472093
2.471653
2.471808
2.471421
2.471466
2.471399
2.471892
2.471743
2.471802
2.472052
2.471807
2.471620
2.471182
2.471365
2.472027
2.471426
2.472072
2.471585
2.472259
2.471911
2.471679
2.471585
2.471936
2.472503
2.472862
2.472454
2.472380
2.472870
2.473081
2.472507
2.472654
2.472882
2.472910
2.472548
2.472773
2.472761
2.473375
2.473147
2.473065
2.472405
2.472568
2.472052
2.471638
2.470899
2.471443
2.470589
2.471718
2.470958
2.470938
2.471083
2.471189
2.471639
2.471808
2.472377
2.472742
2.472313
2.472926
2.473429
2.474357
2.474053
2.473937
2.474073
2.473884
2.473685
2.473568
2.473683
2.470046
2.462076
2.441399
2.440727
2.440801
2.440128
2.441126
2.440760
2.440731
2.440521
2.441015
2.440658
2.440239
2.439759
2.439560
2.439632
2.439104
2.439820
2.439964
2.441164
2.440337
2.440540
2.439371
2.439766
2.441036
2.439718
2.439942
2.439803
2.440317
2.440265
2.439711
2.439902
2.439830
2.440339
2.439827
2.440517
2.440729
2.440686
2.441127
2.441100
2.440719
2.440678
2.441348
2.441053
2.440933
2.440782
2.440320
2.440878
2.439988
2.440791
2.440423
2.441067
2.440611
2.440639
2.440534
2.441010
2.441353
2.440492
2.439885
2.439378
2.441050
2.440221
2.440402
2.440031
2.439399
2.439682
2.438903
2.438967
2.439127
2.439398
2.439061
2.438427
2.438964
2.438623
2.439409
2.439075
2.438256
2.438430
2.438547
2.438283
2.438390
2.438096
2.438117
2.438877
2.438745
2.438459
2.438095
2.438519
2.438781
2.437473
2.438023
2.438016
2.438808
2.438179
2.438201
2.438307
2.439283
2.438517
2.438480
2.438813
2.438511
2.439637
2.439021
2.439003
2.438721
2.437995
2.438484
2.438347
2.438044
2.437495
2.438946
2.438993
2.437971
2.438022
2.437796
2.438613
2.446259
2.470223
2.470945
2.471145
2.472208
2.471586
2.471478
2.472069
2.472230
2.471218
2.471114
2.471129
2.471933
2.471994
2.471901
2.472505
2.472349
2.472974
2.472742
2.472340
2.472304
2.473010
2.473245
2.472700
2.472806
2.472711
2.473126
2.472554
2.473359
2.473050
2.473307
2.473366
2.472683
2.471926
2.472082
2.472144
2.471594
2.471809
2.472841
2.472128
2.471712
2.471375
2.471313
2.471290
2.471956
2.471343
2.470750
2.471161
2.470805
2.472210
2.471977
2.470981
2.471408
2.471495
2.471467
2.470763
2.471271
2.471467
2.472107
2.471504
2.471309
2.471505
2.471882
2.472284
2.471756
2.471957
2.472270
2.472787
2.472721
2.472280
2.472386
2.471344
2.463911
2.443174
2.439532
2.438718
2.440313
2.439319
2.438264
2.438457
2.437474
2.439249
2.438816
2.438366
2.438552
2.439539
2.438902
2.437978
2.439145
2.438119
2.438784
2.439448
2.439607
2.439242
2.439824
2.439967
2.439966
2.440019
2.439786
2.440451
2.440283
2.439262
2.439198
2.438992
2.440397
2.440427
2.440205
2.440304
2.441281
2.440628
2.440065
2.440383
2.440352
2.440977
2.440544
2.440692
2.440506
2.441267
2.441262
2.440369
2.440568
2.440685
2.440958
2.440312
2.440284
2.440298
2.440233
2.440048
2.440128
2.440096
2.440437
2.440385
2.440768
2.440832
2.440159
2.440695
2.440634
2.440323
2.440317
2.440099
2.440280
2.440075
2.439999
2.439945
2.440591
2.440947
2.440124
2.440332
2.440596
2.441094
2.440321
2.440134
2.440240
2.440443
2.440444
2.439798
2.439471
2.439533
2.440323
2.440389
2.439956
2.439963
2.440377
2.441406
2.440968
2.440723
2.440751
2.441354
2.441050
2.440509
2.440519
2.440389
2.441336
2.440825
2.441248
2.440704
2.441537
2.441424
2.441820
2.441577
2.440891
2.440701
2.439623
2.439362
2.439281
2.439244
2.439066
2.441502
2.469820
2.472258
2.472738
2.473549
2.473974
2.473782
2.473202
2.474375
2.473888
2.472223
2.472562
2.473287
2.473032
2.473548
2.473627
2.474577
2.474231
2.473128
2.472680
2.472875
2.474016
2.473382
2.473447
2.474278
2.474155
2.473960
2.473143
2.472928
2.471925
2.471353
2.471341
2.470918
2.470723
2.470905
2.470977
2.471507
2.470975
2.471171
2.471150
2.470878
2.472647
2.472886
2.473000
2.472619
2.472099
2.471980
2.471190
2.470988
2.471908
2.471492
2.472267
2.472172
2.472581
2.472336
2.471826
2.472181
2.471524
2.471920
2.472099
2.472146
2.472268
2.471526
2.472023
2.472331
2.472134
2.472439
2.471873
2.465008
2.446976
2.438784
2.438858
2.439433
2.438172
2.439151
2.438512
2.438995
2.439657
2.439633
2.439557
2.439048
2.439601
2.439179
2.439281
2.439216
2.439311
2.438664
2.438108
2.437037
2.438310
2.437726
2.437426
2.437716
2.438178
2.438322
2.438422
2.438063
2.438231
2.439469
2.438593
2.438244
2.439588
2.438005
2.438238
2.438399
2.439286
2.438582
2.438385
2.437971
2.438511
2.438964
2.438583
2.438998
2.438155
2.438952
2.438239
2.438064
2.438386
2.438382
2.438777
2.438319
2.438785
2.438731
2.438998
2.438896
2.438921
2.438914
2.438677
2.439361
2.439389
2.438566
2.438445
2.438552
2.439416
2.439333
2.439134
2.439214
2.439257
2.439157
2.438952
2.439356
2.439324
2.439274
2.438452
2.438438
2.437797
2.439033
2.438306
2.438568
2.438663
2.438298
2.439421
2.439345
2.439331
2.438743
2.439551
2.439066
2.439198
2.439327
2.439626
2.440198
2.439879
2.439622
2.439930
2.440032
2.440109
2.439516
2.438632
2.437900
2.438760
2.438644
2.438524
2.438534
2.437350
2.438017
2.437699
2.437010
2.437583
2.438281
2.438247
2.438796
2.463090
2.471700
2.473646
2.473775
2.473484
2.473806
2.473994
2.474539
2.473621
2.473705
2.473994
2.474135
2.473443
2.473545
2.472423
2.472979
2.473413
2.473741
2.473493
2.472975
2.473969
2.474129
2.473849
2.473371
2.474334
2.473783
2.473306
2.472973
2.473000
2.473341
2.473866
2.473618
2.474014
2.474300
2.474169
2.473703
2.473953
2.473635
2.474074
2.473576
2.473433
2.473468
2.473533
2.473658
2.472950
2.472565
2.472447
2.473316
2.472237
2.471883
2.471499
2.470960
2.471204
2.471172
2.471761
2.471569
2.471799
2.471792
2.471567
2.471942
2.472308
2.472774
2.472142
2.472045
2.472144
2.472495
2.472354
2.472515
2.473040
2.472634
2.472631
2.466375
2.452818
2.439814
2.441537
2.441002
2.441486
2.440529
2.438405
2.437924
2.438164
2.438130
2.436959
2.437572
2.437999
2.437705
2.435890
2.437753
2.438453
2.437775
2.437872
2.437501
2.437799
2.438607
2.438703
2.438462
2.437727
2.438488
2.438189
2.437401
2.436736
2.436990
2.438526
2.437258
2.437578
2.437395
2.439120
2.438676
2.438368
2.438095
2.438744
2.437966
2.438476
2.439457
2.438520
2.437968
2.437667
2.438914
2.439584
2.439118
2.438965
2.438669
2.439277
2.438492
2.437859
2.438540
2.438953
2.439362
2.438284
2.438553
2.438985
2.439669
2.438943
2.439241
2.439601
2.438783
2.439499
2.438475
2.437934
2.438053
2.439804
2.439215
2.438651
2.438571
2.438331
2.438511
2.437857
2.438014
2.438015
2.439237
2.439435
2.439210
2.438779
2.438608
2.439446
2.438992
2.438784
2.438676
2.439508
2.439277
2.438751
2.438894
2.439170
2.440212
2.439723
2.439172
2.439488
2.439370
2.439777
2.438812
2.439935
2.438851
2.439963
2.439103
2.439122
2.438534
2.438766
2.439297
2.439166
2.438785
2.456493
2.471860
2.471743
2.472157
2.471575
2.472304
2.471235
2.471259
2.470727
2.470466
2.471424
2.470914
2.471380
2.472323
2.471292
2.471603
2.471220
2.470745
2.470649
2.471147
2.471659
2.470986
2.471102
2.471085
2.471742
2.471499
2.471166
2.471275
2.471233
2.471873
2.471372
2.471155
2.471451
2.471949
2.472036
2.471780
2.471987
2.472322
2.472890
2.472808
2.472561
2.472349
2.473440
2.472795
2.472689
2.472553
2.472395
2.472883
2.472806
2.472247
2.472885
2.472763
2.472446
2.471909
2.471887
2.472256
2.472557
2.472783
2.472436
2.471887
2.472302
2.472209
2.471793
2.471929
2.471615
2.472971
2.471811
2.472640
2.472258
2.473014
2.472370
2.468151
2.456933
2.439227
2.439002
2.438841
2.438692
2.438734
2.438661
2.438495
2.439023
2.438642
2.439579
2.440302
2.439693
2.439197
2.439112
2.439303
2.440090
2.439833
2.439569
2.438921
2.438664
2.438357
2.438272
2.437953
2.438553
2.438485
2.437671
2.438291
2.438267
2.437790
2.438601
2.439551
2.439348
2.439521
2.438403
2.437136
2.437725
2.439291
2.439104
2.438726
2.438945
2.438374
2.440199
2.439284
2.438121
2.438095
2.437840
2.438141
2.437712
2.438437
2.438141
2.438883
2.439220
2.438329
2.439364
2.439606
2.439435
2.438654
2.438522
2.439059
2.439354
2.439021
2.439319
2.438219
2.438900
2.439209
2.438941
2.439412
2.437720
2.439391
2.439640
2.439564
2.438952
2.440153
2.440267
2.439013
2.439163
2.439030
2.439076
2.439280
2.439325
2.439861
2.440286
2.440192
2.439154
2.439681
2.439210
2.439902
2.439876
2.439010
2.439853
2.440626
2.441126
2.440041
2.439748
2.439472
2.439280
2.439438
2.439900
2.440053
2.440250
2.440451
2.439851
2.439420
2.439203
2.438834
2.439825
2.439404
2.438642
2.439036
2.440172
2.439001
2.439612
2.439158
2.450324
2.473156
2.472825
2.472695
2.472419
2.473214
2.473235
2.473341
2.471857
2.471217
2.472122
2.472224
2.472342
2.473329
2.472659
2.472810
2.472230
2.472090
2.472459
2.473313
2.472918
2.472870
2.472663
2.472895
2.473190
2.472889
2.472830
2.473432
2.473800
2.473270
2.472910
2.473140
2.473481
2.474115
2.472579
2.473463
2.472903
2.473698
2.472817
2.472763
2.472508
2.472906
2.472500
2.471589
2.472174
2.472375
2.471830
2.471163
2.471357
2.471557
2.472066
2.472365
2.471796
2.471528
2.471361
2.472491
2.472315
2.470906
2.472487
2.472229
2.472541
2.472240
2.471730
2.471644
2.472830
2.472689
2.469918
2.461154
2.441487
2.439443
2.439587
2.439551
2.440041
2.440896
2.440466
2.440054
2.440068
2.439759
2.439957
2.438917
2.439139
2.438408
2.438805
2.437431
2.438110
2.438793
2.438729
2.439651
2.439142
2.439066
2.438013
2.439845
2.439183
2.439089
2.438702
2.438850
2.439034
2.439576
2.439071
2.439228
2.440076
2.439681
2.439692
2.439722
2.439840
2.440111
2.439820
2.439834
2.439590
2.439470
2.439659
2.439691
2.439760
2.439800
2.440755
2.439430
2.439478
2.439483
2.438996
2.439813
2.439902
2.439419
2.438606
2.439198
2.438588
2.438527
2.438347
2.438625
2.438874
2.438307
2.438246
2.438359
2.439225
2.439144
2.438535
2.439350
2.438671
2.439719
2.439929
2.439846
2.438890
2.439486
2.440364
2.439769
2.439814
2.439750
2.440207
2.439875
2.439299
2.439823
2.439513
2.440066
2.439129
2.439112
2.439142
2.440144
2.439655
2.439767
2.439280
2.439916
2.440121
2.439647
2.440006
2.439712
2.440326
2.439377
2.439547
2.439681
2.440174
2.440667
2.440382
2.440864
2.439746
2.441080
2.440234
2.439355
2.439207
2.438920
2.438771
2.439292
2.444649
2.471514
2.473432
2.473698
2.473399
2.474384
2.473587
2.474628
2.472609
2.472589
2.472720
2.472215
2.472536
2.473146
2.473832
2.473546
2.473359
2.473131
2.473499
2.473854
2.473469
2.472990
2.473454
2.473539
2.473114
2.472417
2.472939
2.473753
2.473531
2.473297
2.473617
2.474149
2.473723
2.473804
2.474162
2.473695
2.474505
2.473944
2.473775
2.473959
2.474476
2.473944
2.473826
2.473847
2.473529
2.474217
2.473751
2.473529
2.473448
2.473930
2.474022
2.473276
2.473382
2.473575
2.474015
2.473593
2.473300
2.473416
2.473585
2.473946
2.473729
2.473859
2.473899
2.474125
2.474060
2.473834
2.473550
2.473636
2.474298
2.473499
2.472323
2.464622
2.446279
2.439746
2.439957
2.439456
2.439222
2.440208
2.439556
2.439836
2.439886
2.440265
2.440683
2.440471
2.440685
2.439680
2.439748
2.439299
2.438894
2.437785
2.438395
2.438714
2.438841
2.439687
2.439609
2.439085
2.438824
2.438891
2.439030
2.439532
2.440334
2.439598
2.439581
2.438950
2.440301
2.439963
2.438841
2.438899
2.440090
2.440071
2.439870
2.439224
2.439495
2.439691
2.438923
2.438725
2.439061
2.438896
2.439449
2.438892
2.439491
2.439063
2.439574
2.438264
2.438674
2.438766
2.439318
2.439674
2.438848
2.438115
2.438048
2.438099
2.437095
2.437630
2.437459
2.437192
2.439082
2.438377
2.438523
2.437527
2.437191
2.438129
2.437114
2.437089
2.437718
2.439228
2.438912
2.438203
2.437478
2.438032
2.438540
2.438028
2.438368
2.437330
2.437991
2.436887
2.437628
2.437408
2.436973
2.437326
2.437763
2.436899
2.437458
2.438617
2.439011
2.438830
2.438948
2.437488
2.439327
2.438921
2.438295
2.437964
2.438782
2.438222
2.437908
2.438669
2.438619
2.438769
2.438049
2.437839
2.437698
2.438751
2.438573
2.438714
2.437528
2.435510
2.436922
2.465267
2.470048
2.470385
2.470488
2.470832
2.471862
2.471109
2.471258
2.471085
2.471074
2.470940
2.470441
2.470582
2.471083
2.471032
2.470682
2.470490
2.470713
2.470765
2.470877
2.471129
2.471857
2.472408
2.471856
2.471798
2.472238
2.471849
2.471542
2.471306
2.471244
2.471519
2.472642
2.471957
2.472020
2.472132
2.472518
2.472035
2.471644
2.471710
2.471271
2.472013
2.471035
2.471358
2.471325
2.470921
2.471387
2.470930
2.470416
2.470474
2.470732
2.470400
2.470933
2.470768
2.470745
2.471489
2.470722
2.470453
2.470880
2.471242
2.471260
2.471184
2.470944
2.471246
2.471690
2.471402
2.471265
2.470950
2.471784
2.471731
2.471846
2.471214
2.464777
2.449551
2.439054
2.438520
2.438951
2.439097
2.439055
2.438589
2.438316
2.438622
2.439338
2.438779
2.437720
2.438397
2.438194
2.438939
2.439086
2.438415
2.438286
2.438962
2.438036
2.437895
2.437537
2.437969
2.438156
2.438076
2.437957
2.437498
2.438899
2.438030
2.437711
2.438555
2.438334
2.438968
2.438981
2.438357
2.437679
2.439279
2.438729
2.439293
2.439481
2.439278
2.439663
2.438976
2.439081
2.438359
2.439752
2.439469
2.438449
2.438545
2.438449
2.438059
2.438185
2.438023
2.439048
2.438737
2.438206
2.437782
2.438428
2.438498
2.438670
2.439099
2.439344
2.440183
2.440448
2.439340
2.438434
2.439229
2.439714
2.438513
2.438907
2.438602
2.438732
2.438499
2.438976
2.439647
2.439346
2.440491
2.439712
2.439544
2.439613
2.439303
2.439961
2.438716
2.439606
2.438853
2.439999
2.440284
2.439196
2.439213
2.439219
2.439616
2.439064
2.439384
2.439094
2.439419
2.439766
2.438858
2.438129
2.439361
2.439765
2.439312
2.438963
2.438616
2.439027
2.439162
2.438909
2.438914
2.439790
2.440317
2.440256
2.440104
2.439452
2.439123
2.439358
2.460952
2.471912
2.471657
2.473750
2.473642
2.472361
2.472480
2.471997
2.471705
2.471558
2.471886
2.471808
2.472094
2.472498
2.472305
2.471837
2.471245
2.470874
2.470320
2.469643
2.470371
2.470618
2.470422
2.470607
2.470549
2.470915
2.471764
2.471205
2.471324
2.471174
2.471179
2.471134
2.470498
2.471172
2.471341
2.472025
2.472033
2.471996
2.471727
2.472230
2.472172
2.471787
2.471668
2.471526
2.471895
2.471911
2.471246
2.471563
2.471715
2.471687
2.471531
2.471802
2.470434
2.471263
2.470962
2.470826
2.470839
2.470888
2.471524
2.471266
2.471457
2.470923
2.471473
2.471858
2.471142
2.470724
2.470441
2.471379
2.471104
2.470719
2.470868
2.465875
2.452757
2.438051
2.436543
2.436702
2.436867
2.437027
2.436820
2.437293
2.438120
2.437018
2.438203
2.437896
2.437454
2.436939
2.436903
2.436373
2.436712
2.437306
2.437965
2.438279
2.437733
2.437959
2.437208
2.437832
2.437700
2.437443
2.437378
2.437025
2.437721
2.437404
2.437378
2.437391
2.437671
2.437685
2.437939
2.437227
2.437486
2.438825
2.437571
2.438046
2.438029
2.438789
2.438309
2.438397
2.438862
2.438244
2.437911
2.438179
2.437804
2.438114
2.438803
2.438563
2.438886
2.438442
2.437726
2.437737
2.437478
2.437443
2.437775
2.438360
2.437986
2.438008
2.437615
2.438324
2.438614
2.438642
2.437623
2.437387
2.437742
2.438207
2.437575
2.437221
2.436391
2.436631
2.436544
2.436405
2.436405
2.436424
2.437412
2.436966
2.436668
2.436289
2.437133
2.437173
2.436560
2.437945
2.437557
2.437717
2.436985
2.437525
2.436771
2.437662
2.437656
2.437564
2.437562
2.438328
2.439219
2.438785
2.438131
2.438039
2.438470
2.439067
2.438319
2.437746
2.437658
2.438293
2.437820
2.452838
2.471191
2.471384
2.471665
2.471109
2.470958
2.470935
2.472227
2.471111
2.470692
2.471240
2.470409
2.472582
2.472239
2.472599
2.471336
2.471416
2.471339
2.471074
2.471131
2.471102
2.470847
2.470797
2.470998
2.470722
2.472053
2.472703
2.472782
2.472610
2.472532
2.473404
2.473125
2.472833
2.472952
2.473072
2.473546
2.472643
2.472680
2.472345
2.472963
2.471583
2.471421
2.471486
2.472059
2.472850
2.472496
2.471597
2.471622
2.472172
2.472187
2.472454
2.472551
2.472206
2.473153
2.472516
2.472442
2.472371
2.472793
2.472293
2.472255
2.472562
2.472351
2.473024
2.472739
2.472781
2.472658
2.473229
2.473009
2.472678
2.473029
2.472714
2.470109
2.460997
2.441936
2.440635
2.441033
2.440546
2.440683
2.440871
2.440262
2.441066
2.440335
2.440276
2.439219
2.439911
2.440308
2.439592
2.440044
2.438842
2.440146
2.439220
2.439399
2.439182
2.438922
2.439634
2.438959
2.438274
2.438157
2.438778
2.438335
2.438851
2.439126
2.439159
2.440105
2.439503
2.439560
2.439456
2.439670
2.439438
2.439145
2.439444
2.439414
2.439979
2.439649
2.439316
2.439528
2.439737
2.439805
2.439150
2.439547
2.439346
2.439763
2.439514
2.439024
2.438709
2.438329
2.439129
2.438084
2.438335
2.438328
2.438744
2.438383
2.438258
2.438118
2.438338
2.438733
2.438091
2.438225
2.437721
2.438363
2.439370
2.438794
2.438395
2.438234
2.438682
2.437660
2.438136
2.438656
2.438922
2.438366
2.437986
2.438048
2.438609
2.438371
2.437725
2.437423
2.438657
2.438827
2.438849
2.438397
2.439427
2.438503
2.439851
2.439499
2.439842
2.440236
2.439863
2.439554
2.438940
2.438417
2.438774
2.438827
2.438706
2.439342
2.439395
2.438776
2.440590
2.439280
2.438926
2.439305
2.439796
2.470819
2.470928
2.470936
2.470922
2.470008
2.469903
2.469526
2.469947
2.470409
2.470381
2.470813
2.470654
2.470888
2.470988
2.470847
2.471200
2.470604
2.470868
2.471079
2.471772
2.471740
2.471540
2.470568
2.470749
2.471432
2.470881
2.470444
2.470371
2.470903
2.470325
2.470600
2.470379
2.470495
2.471554
2.470584
2.470306
2.470297
2.471606
2.471454
2.471707
2.471203
2.470249
2.470328
2.470194
2.470378
2.470407
2.470738
2.470474
2.470922
2.469888
2.470016
2.470545
2.470620
2.470418
2.469996
2.470310
2.471005
2.470827
2.470820
2.470645
2.471476
2.470621
2.470605
2.471238
2.471257
2.469880
2.462284
2.442037
2.437800
2.438939
2.439131
2.438153
2.438707
2.438431
2.439622
2.438442
2.438864
2.439005
2.439073
2.437274
2.437355
2.436694
2.436680
2.437978
2.437083
2.436402
2.436572
2.436543
2.436643
2.436315
2.436054
2.436216
2.437379
2.437037
2.436984
2.436841
2.437595
2.436801
2.437545
2.437188
2.437164
2.438459
2.437407
2.437528
2.437122
2.437366
2.437955
2.438152
2.438272
2.438042
2.439629
2.438775
2.438668
2.439159
2.438817
2.439119
2.438531
2.438572
2.438746
2.439188
2.438479
2.438428
2.437731
2.438713
2.438630
2.438405
2.437068
2.436348
2.437660
2.436789
2.437378
2.437450
2.436520
2.437462
2.437361
2.437214
2.437124
2.437893
2.437215
2.437636
2.437084
2.437096
2.438388
2.437741
2.437816
2.437892
2.438214
2.438266
2.437415
2.437420
2.436630
2.437655
2.438245
2.438430
2.438725
2.438228
2.438221
2.438028
2.437882
2.438675
2.439897
2.439414
2.439173
2.439055
2.439213
2.439362
2.438927
2.439187
2.439317
2.440032
2.440423
2.439955
2.439349
2.439289
2.439098
2.438417
2.438058
2.438491
2.440514
2.439730
2.439659
2.441842
2.469345
2.472536
2.472733
2.472758
2.472650
2.473157
2.473357
2.473013
2.472076
2.472045
2.472718
2.472946
2.472160
2.472334
2.472580
2.472882
2.472062
2.471592
2.471561
2.472509
2.472133
2.471574
2.472043
2.472256
2.472972
2.472820
2.472572
2.472613
2.473547
2.472800
2.472617
2.472459
2.472177
2.472355
2.471623
2.471547
2.471033
2.471058
2.471101
2.470641
2.470691
2.471265
2.471644
2.471347
2.471103
2.471627
2.471767
2.472565
2.472937
2.472262
2.470818
2.471514
2.471623
2.471814
2.471557
2.472941
2.472810
2.471806
2.471060
2.470993
2.472156
2.471821
2.471939
2.473001
2.472313
2.472643
2.471836
2.471237
2.470614
2.470798
2.469469
2.462223
2.443963
2.436169
2.436310
2.435805
2.436662
2.437394
2.437372
2.437567
2.436930
2.436649
2.437364
2.437766
2.437531
2.437356
2.437373
2.437607
2.437378
2.436917
2.437226
2.437514
2.438017
2.436343
2.436346
2.436314
2.436920
2.437189
2.437453
2.436155
2.436670
2.437688
2.437780
2.437846
2.438205
2.437515
2.437487
2.438604
2.436803
2.436256
2.436510
2.436587
2.436285
2.437077
2.437060
2.437257
2.436814
2.437792
2.437289
2.436653
2.436811
2.436514
2.436876
2.435434
2.436960
2.437359
2.437522
2.437273
2.437371
2.437299
2.436888
2.436730
2.436606
2.437608
2.436982
2.436798
2.436477
2.436458
2.437598
2.436772
2.438009
2.436944
2.436551
2.436602
2.436786
2.437288
2.437100
2.436867
2.436681
2.437517
2.437143
2.437122
2.437628
2.437585
2.437920
2.438043
2.437621
2.437042
2.437540
2.437286
2.437512
2.437290
2.437053
2.437984
2.437263
2.436947
2.437012
2.463281
2.470823
2.470868
2.470773
2.470295
2.471052
2.471164
2.471060
2.470391
2.469665
2.470093
2.468700
2.470317
2.469649
2.470171
2.470388
2.471123
2.470942
2.471200
2.471407
2.471078
2.471054
2.470156
2.471849
2.471387
2.471413
2.471631
2.471531
2.472061
2.471427
2.471349
2.471323
2.471712
2.472240
2.471095
2.471160
2.471702
2.471911
2.471840
2.471449
2.471684
2.471914
2.472160
2.472142
2.471985
2.471565
2.471927
2.471381
2.471832
2.471883
2.471561
2.472370
2.471930
2.471941
2.471526
2.472606
2.472622
2.472705
2.472323
2.472016
2.472684
2.472418
2.472437
2.472448
2.473107
2.472911
2.472848
2.472343
2.472570
2.472922
2.472709
2.466332
2.452326
2.440698
2.439338
2.439878
2.439482
2.439089
2.440194
2.439345
2.438648
2.438849
2.439484
2.439031
2.439762
2.439361
2.439289
2.439827
2.438470
2.437993
2.438117
2.437696
2.437772
2.437193
2.436954
2.437162
2.437527
2.437578
2.438980
2.437780
2.438001
2.437803
2.438051
2.438650
2.437672
2.438971
2.437829
2.436740
2.437953
2.437315
2.438605
2.439187
2.439027
2.439806
2.439834
2.439159
2.438559
2.438499
2.438278
2.438544
2.438231
2.437953
2.437284
2.438845
2.438586
2.438855
2.439584
2.439052
2.438830
2.438784
2.438689
2.437789
2.439920
2.439412
2.438168
2.439080
2.437726
2.437448
2.435932
2.436309
2.437413
2.436201
2.436732
2.435989
2.437909
2.436878
2.436693
2.436754
2.437018
2.437197
2.437001
2.436787
2.436810
2.436894
2.437584
2.436420
2.436858
2.437493
2.437019
2.436830
2.437372
2.437195
2.437257
2.437613
2.438140
2.438214
2.436346
2.436355
2.435628
2.436517
2.436572
2.436725
2.436219
2.437363
2.436323
2.436646
2.436848
2.436923
2.438149
2.436072
2.435624
2.435814
2.456026
2.470182
2.469927
2.470484
2.470590
2.471097
2.470750
2.470518
2.470814
2.470939
2.470350
2.469189
2.468004
2.467925
2.468123
2.468957
2.468807
2.468928
2.469009
2.469202
2.469230
2.469784
2.469668
2.470136
2.469519
2.468599
2.469743
2.469200
2.468758
2.469365
2.470312
2.470496
2.470865
2.471300
2.470228
2.470073
2.469473
2.470126
2.469786
2.469800
2.469832
2.469574
2.469381
2.469013
2.468613
2.468652
2.468988
2.469480
2.469529
2.469131
2.469366
2.469290
2.469434
2.468991
2.468777
2.469786
2.469364
2.469412
2.470260
2.470582
2.471182
2.470990
2.470903
2.470813
2.471296
2.470990
2.470674
2.466318
2.455196
2.438914
2.437949
2.437842
2.437770
2.438124
2.437888
2.436911
2.437747
2.436858
2.437433
2.436219
2.436585
2.437117
2.436224
2.437570
2.436717
2.436867
2.437170
2.436395
2.437507
2.437922
2.438048
2.437454
2.437394
2.437149
2.436739
2.436210
2.438006
2.438037
2.438447
2.438397
2.438244
2.439070
2.438554
2.438558
2.438444
2.438640
2.438381
2.439034
2.438233
2.438877
2.439536
2.439290
2.438824
2.438744
2.438896
2.438962
2.438775
2.438655
2.438977
2.439573
2.438880
2.438268
2.438257
2.438346
2.438822
2.438686
2.438847
2.438460
2.439113
2.438946
2.438151
2.438380
2.438783
2.437960
2.438241
2.438428
2.438464
2.439229
2.437893
2.438339
2.438188
2.438486
2.439107
2.438173
2.437776
2.437943
2.438966
2.438851
2.438451
2.438473
2.438136
2.438678
2.437934
2.437825
2.438370
2.438636
2.439458
2.438924
2.438834
2.438335
2.438621
2.438298
2.438234
2.438755
2.438222
2.438045
2.436712
2.437850
2.437162
2.438453
2.438589
2.439187
2.439027
2.438971
2.439007
2.438251
2.438836
2.438668
2.438471
2.437760
2.436889
2.438182
2.438721
2.449570
2.470936
2.471219
2.471737
2.471769
2.471068
2.470918
2.470327
2.470815
2.471738
2.470464
2.470493
2.470081
2.470590
2.470635
2.469675
2.470641
2.471385
2.472235
2.470790
2.470537
2.470337
2.470279
2.471480
2.471157
2.471456
2.471681
2.471976
2.471338
2.470937
2.470069
2.471461
2.471939
2.471911
2.472137
2.471247
2.471927
2.471572
2.470273
2.470719
2.470248
2.469183
2.469174
2.469492
2.470484
2.470132
2.469796
2.469515
2.470258
2.470173
2.470061
2.470315
2.470210
2.470962
2.470713
2.470438
2.470260
2.471029
2.471221
2.470858
2.470429
2.470310
2.468053
2.459770
2.439520
2.437055
2.437119
2.435755
2.437056
2.431388
2.434602
2.435220
2.434545
2.434628
2.434452
2.435060
2.436294
2.436383
2.435875
2.435300
2.436499
2.436370
2.436068
2.436039
2.437319
2.437366
2.437090
2.437116
2.437499
2.437606
2.437623
2.437412
2.437214
2.436947
2.437451
2.436862
2.436467
2.436183
2.437221
2.438126
2.437344
2.435657
2.435132
2.435863
2.436866
2.437955
2.435963
2.436337
2.436351
2.436819
2.437077
2.435927
2.435467
2.435946
2.436531
2.435165
2.435580
2.435844
2.436365
2.436182
2.435923
2.435956
2.435979
2.436560
2.436120
2.436618
2.435923
2.435914
2.435907
2.435570
2.435308
2.435310
2.436284
2.436507
2.436944
2.436115
2.436804
2.436948
2.436624
2.436576
2.436850
2.437242
2.436259
2.436506
2.436774
2.436897
2.437483
2.437271
2.437087
2.437124
2.438007
2.437920
2.437819
2.437697
2.437416
2.438336
2.437713
2.437804
2.437938
2.438484
2.443095
2.469491
2.471107
2.471035
2.471598
2.470844
2.470286
2.470666
2.470993
2.470778
2.471101
2.470372
2.470099
2.470627
2.469079
2.469257
2.468108
2.469430
2.469766
2.470079
2.470058
2.469397
2.470897
2.469947
2.469781
2.470399
2.469974
2.471777
2.471398
2.471663
2.471411
2.472309
2.472247
2.472092
2.472138
2.472082
2.472147
2.472184
2.470955
2.471482
2.472329
2.471895
2.470693
2.470797
2.470315
2.471194
2.471787
2.471430
2.471444
2.471848
2.471507
2.471417
2.471483
2.471524
2.471646
2.471817
2.471634
2.471172
2.471779
2.471440
2.471083
2.471452
2.471238
2.472052
2.471562
2.471690
2.471430
2.471503
2.471829
2.471228
2.471408
2.470671
2.463705
2.444493
2.438301
2.438937
2.438561
2.439352
2.438873
2.438473
2.438892
2.439156
2.438611
2.438639
2.438316
2.438120
2.439113
2.438540
2.438207
2.438189
2.439090
2.438375
2.438422
2.437894
2.437952
2.437940
2.436767
2.436137
2.436945
2.436885
2.437775
2.437206
2.438179
2.437880
2.439441
2.438687
2.438692
2.438728
2.438941
2.439196
2.438859
2.438917
2.438404
2.439535
2.438767
2.438709
2.438854
2.438997
2.439391
2.438848
2.438570
2.438405
2.439255
2.438710
2.438636
2.438620
2.438311
2.438197
2.437931
2.437183
2.437311
2.438612
2.437967
2.437767
2.437545
2.436564
2.437304
2.437159
2.437951
2.436684
2.435829
2.435414
2.436079
2.435558
2.437128
2.437764
2.437359
2.437418
2.437702
2.437610
2.437453
2.437626
2.436656
2.436285
2.437003
2.437593
2.437561
2.437153
2.435470
2.436363
2.436800
2.437358
2.436445
2.436914
2.437553
2.437661
2.437226
2.437102
2.437719
2.437742
2.437254
2.437403
2.469538
2.468994
2.469223
2.468950
2.468426
2.468252
2.469104
2.469190
2.469714
2.469906
2.469785
2.470312
2.469780
2.469028
2.468525
2.469282
2.468869
2.468904
2.469808
2.469730
2.470291
2.469803
2.469535
2.469007
2.469922
2.469425
2.470049
2.470366
2.470470
2.470902
2.470602
2.470846
2.470459
2.470813
2.470434
2.470160
2.470421
2.470171
2.470654
2.470574
2.470118
2.470318
2.470505
2.470947
2.470171
2.469850
2.470328
2.470285
2.469972
2.470137
2.469940
2.469746
2.470492
2.469710
2.469985
2.470065
2.470306
2.470176
2.470283
2.470155
2.471409
2.466329
2.450066
2.440123
2.439491
2.439018
2.439392
2.439119
2.439050
2.439193
2.439724
2.438734
2.439415
2.438230
2.439455
2.438923
2.438993
2.438780
2.438015
2.438607
2.438085
2.438045
2.437282
2.437919
2.437540
2.437521
2.437308
2.437528
2.437620
2.437780
2.437850
2.437690
2.438648
2.438548
2.438284
2.437372
2.437910
2.438164
2.437897
2.437971
2.437717
2.437972
2.438180
2.437670
2.437979
2.438046
2.438800
2.437971
2.437698
2.437599
2.437460
2.439259
2.438263
2.438796
2.438144
2.438129
2.437495
2.437160
2.437764
2.437604
2.438381
2.437853
2.437764
2.437449
2.438086
2.437524
2.438256
2.437920
2.438459
2.438667
2.438819
2.438851
2.438682
2.439263
2.439639
2.438838
2.438826
2.439029
2.439035
2.438844
2.437915
2.438377
2.437819
2.437642
2.436447
2.436898
2.436269
2.437485
2.436579
2.435838
2.437317
2.437591
2.437479
2.437189
2.436171
2.438161
2.437551
2.438043
2.436860
2.435921
2.438646
2.437915
2.438388
2.438267
2.439303
2.439612
2.439224
2.439664
2.438964
2.439847
2.439170
2.438798
2.438701
2.438034
2.438449
2.437917
2.459705
2.470871
2.471678
2.472026
2.470897
2.471938
2.472332
2.473140
2.472741
2.472700
2.472026
2.472973
2.473405
2.472099
2.471519
2.471471
2.472082
2.471851
2.471252
2.471346
2.473436
2.472147
2.471482
2.471191
2.471601
2.472882
2.472521
2.472594
2.473210
2.473156
2.472773
2.473158
2.472335
2.472466
2.473240
2.472206
2.472383
2.472008
2.472733
2.472778
2.471685
2.471753
2.471065
2.472512
2.471276
2.472208
2.472073
2.472854
2.473480
2.472227
2.471673
2.471644
2.471342
2.472009
2.471234
2.470559
2.470653
2.471378
2.470943
2.471614
2.469956
2.469006
2.468285
2.468439
2.468873
2.469514
2.471413
2.470976
2.470741
2.470147
2.470968
2.465577
2.452746
2.437254
2.436684
2.437330
2.437292
2.438096
2.438061
2.438275
2.437933
2.438278
2.438318
2.437977
2.439275
2.438249
2.438216
2.438306
2.438349
2.438554
2.437730
2.437696
2.437825
2.438595
2.438377
2.437692
2.436588
2.436569
2.436068
2.436389
2.436220
2.436191
2.437780
2.437965
2.438470
2.438126
2.438280
2.438527
2.438966
2.437519
2.438524
2.440241
2.438641
2.438095
2.437707
2.437147
2.438202
2.437814
2.438534
2.437618
2.438304
2.438825
2.438510
2.438753
2.439101
2.439318
2.439325
2.439421
2.439567
2.439533
2.439679
2.439029
2.439302
2.439385
2.440234
2.439501
2.440474
2.439917
2.438915
2.440028
2.438694
2.439502
2.439028
2.439245
2.440363
2.439399
2.439113
2.439100
2.439632
2.438872
2.438929
2.439103
2.440037
2.439835
2.439799
2.439231
2.439436
2.439871
2.439851
2.439873
2.439156
2.440067
2.440141
2.439743
2.439299
2.439278
2.440155
2.439293
2.439624
2.439342
2.439641
2.439841
2.439471
2.439327
2.439496
2.440482
2.439870
2.439544
2.439775
2.440086
2.440324
2.439794
2.439713
2.440129
2.440434
2.439604
2.439616
2.454490
2.472186
2.472783
2.472551
2.472479
2.472520
2.473482
2.473339
2.472865
2.472606
2.472836
2.473081
2.472883
2.471973
2.471821
2.472804
2.472925
2.472457
2.472395
2.472331
2.473139
2.472432
2.472288
2.472261
2.473005
2.472579
2.472530
2.472494
2.472686
2.473468
2.472981
2.473046
2.472650
2.472886
2.473117
2.472492
2.472616
2.472823
2.473390
2.472571
2.472761
2.472803
2.472887
2.473118
2.472370
2.472790
2.472328
2.473084
2.472063
2.472341
2.472357
2.472260
2.473109
2.472481
2.472472
2.472263
2.472674
2.472463
2.472338
2.472162
2.472103
2.472858
2.472233
2.472251
2.472307
2.472940
2.472568
2.472489
2.472356
2.472459
2.473071
2.469306
2.460316
2.441242
2.440472
2.440511
2.439852
2.439336
2.439570
2.440466
2.439674
2.439529
2.439336
2.439411
2.439682
2.439616
2.439051
2.439915
2.439668
2.439190
2.439295
2.438610
2.438141
2.438164
2.437505
2.437799
2.437182
2.438425
2.437173
2.437860
2.437068
2.437105
2.438090
2.436941
2.436958
2.436628
2.437453
2.437198
2.436780
2.436808
2.436854
2.437952
2.437736
2.437707
2.439022
2.439839
2.439692
2.438769
2.438555
2.436349
2.437434
2.438018
2.436957
2.436927
2.437523
2.437826
2.437286
2.436618
2.436195
2.437577
2.437198
2.437596
2.437453
2.437391
2.437120
2.437695
2.436692
2.437161
2.437981
2.436392
2.436466
2.436054
2.437629
2.436453
2.436245
2.436761
2.437316
2.437289
2.436587
2.437286
2.437142
2.437737
2.437339
2.437485
2.438086
2.437499
2.436684
2.437864
2.437772
2.436849
2.436840
2.437676
2.437285
2.437401
2.444565
2.470001
2.470685
2.470922
2.470581
2.470685
2.471485
2.472001
2.472180
2.471035
2.471021
2.470546
2.469944
2.470104
2.470478
2.471035
2.470804
2.470505
2.471129
2.470663
2.469572
2.468547
2.468510
2.469782
2.470489
2.469903
2.469765
2.470512
2.470186
2.470736
2.470164
2.470289
2.469716
2.470178
2.470376
2.470272
2.470480
2.470823
2.470770
2.470672
2.470931
2.470904
2.471741
2.471361
2.471106
2.471034
2.470765
2.471706
2.471241
2.470607
2.470267
2.470466
2.470000
2.470352
2.469957
2.470027
2.470246
2.469651
2.469537
2.469263
2.469988
2.469566
2.469995
2.470291
2.470576
2.471000
2.471039
2.470016
2.470063
2.469316
2.469695
2.466878
2.460158
2.440766
2.438418
2.436973
2.436835
2.438093
2.439001
2.439132
2.439267
2.438911
2.438841
2.439153
2.438330
2.438356
2.437594
2.438420
2.438990
2.438611
2.438366
2.438247
2.438350
2.438236
2.437749
2.437799
2.437398
2.437914
2.436678
2.436597
2.436948
2.437794
2.437624
2.438157
2.438167
2.437971
2.438747
2.438420
2.438441
2.438142
2.439002
2.438485
2.438864
2.438628
2.437927
2.438769
2.438275
2.438033
2.438467
2.438762
2.438776
2.438287
2.438232
2.438472
2.439211
2.438267
2.437721
2.437763
2.437725
2.438138
2.437233
2.437422
2.437466
2.438043
2.438205
2.437925
2.437748
2.437883
2.438372
2.438161
2.438291
2.437753
2.439079
2.438546
2.437984
2.437431
2.437399
2.438145
2.438151
2.437658
2.438076
2.438297
2.438353
2.438093
2.437826
2.437807
2.438236
2.438186
2.438027
2.437713
2.438287
2.437990
2.437806
2.438212
2.437780
2.438572
2.438053
2.438028
2.438320
2.437998
2.438421
2.437827
2.438192
2.437531
2.438503
2.437943
2.437829
2.437481
2.437915
2.438672
2.437433
2.466171
2.469054
2.468968
2.469432
2.470594
2.470327
2.469218
2.468777
2.468402
2.469155
2.468885
2.468394
2.468682
2.469065
2.468906
2.468332
2.468966
2.468324
2.469580
2.469309
2.469219
2.469364
2.468852
2.469414
2.469332
2.468971
2.469127
2.470024
2.470039
2.469733
2.469773
2.469206
2.468811
2.469443
2.469895
2.469431
2.469298
2.469448
2.469862
2.470227
2.470237
2.470476
2.470704
2.470481
2.470423
2.470229
2.470401
2.470620
2.470052
2.470203
2.469408
2.469904
2.470487
2.470217
2.470379
2.470175
2.470801
2.470419
2.470198
2.437554
2.437397
2.436792
2.437280
2.438286
2.437842
2.437386
2.437274
2.437227
2.437448
2.436507
2.436813
2.435992
2.436461
2.431390
2.436367
2.435594
2.435209
2.435819
2.435541
2.435141
2.435533
2.435140
2.434677
2.435563
2.435669
2.435351
2.436383
2.436234
2.435827
2.435821
2.435831
2.436428
2.436285
2.435938
2.436321
2.436817
2.437182
2.437518
2.437429
2.436665
2.437906
2.436199
2.436275
2.437143
2.436404
2.436000
2.435864
2.437590
2.438147
2.438331
2.438556
2.438614
2.438760
2.438582
2.437592
2.438058
2.438328
2.438367
2.439075
2.438695
2.438976
2.438998
2.438353
2.438387
2.438938
2.438875
2.438593
2.437896
2.437718
2.437312
2.438077
2.438395
2.438760
2.438844
2.438270
2.438159
2.437848
2.438797
2.438576
2.438596
2.438059
2.439103
2.438654
2.438101
2.438275
2.438163
2.439114
2.438928
2.438617
2.437164
2.437494
2.438315
2.438233
2.438066
2.437623
2.438558
2.438439
2.437193
2.436882
2.437754
2.437468
2.438242
2.438169
2.438429
2.464746
2.471254
2.472140
2.472448
2.472407
2.471306
2.471647
2.471606
2.471704
2.472508
2.472121
2.472338
2.471548
2.471733
2.470875
2.471055
2.470935
2.471690
2.471654
2.472091
2.471592
2.471010
2.470426
2.468136
2.468123
2.470029
2.470228
2.470634
2.469962
2.470017
2.470446
2.469482
2.469352
2.469298
2.468883
2.470492
2.470297
2.470027
2.470102
2.469966
2.470383
2.469959
2.469519
2.470057
2.470627
2.470120
2.469902
2.469854
2.470104
2.470060
2.470646
2.470548
2.468702
2.468631
2.468470
2.469293
2.469100
2.469313
2.469341
2.469192
2.462170
2.448953
2.436916
2.435935
2.435169
2.435383
2.436526
2.437156
2.436852
2.438135
2.437876
2.438134
2.437394
2.437338
2.436095
2.435330
2.436110
2.435578
2.435848
2.435745
2.435329
2.436266
2.435104
2.435728
2.435538
2.435758
2.437165
2.436889
2.436850
2.437197
2.438025
2.435879
2.435717
2.435986
2.436461
2.436985
2.436515
2.436690
2.436395
2.437041
2.436084
2.435973
2.436862
2.436887
2.436578
2.436034
2.436057
2.436448
2.437211
2.436373
2.436489
2.436749
2.436823
2.437633
2.437084
2.469373
2.469172
2.469429
2.468615
2.468958
2.469857
2.471330
2.469890
2.470479
2.470636
2.470289
2.470958
2.470128
2.469708
2.469237
2.469863
2.470362
2.469603
2.469195
2.470149
2.470339
2.470937
2.470784
2.470431
2.471617
2.471564
2.470710
2.470412
2.470357
2.470765
2.470498
2.470480
2.470688
2.470791
2.470932
2.467604
2.468058
2.468884
2.470154
2.469056
2.468721
2.467906
2.468774
2.470028
2.469656
2.470231
2.469950
2.470863
2.470552
2.470418
2.470316
2.469832
2.470065
2.469473
2.469662
2.469165
2.470523
2.470825
2.470765
2.471017
2.466281
2.456435
2.438903
2.437911
2.438250
2.438406
2.437692
2.437748
2.437698
2.437665
2.438748
2.438693
2.439020
2.438818
2.438928
2.438809
2.438458
2.437921
2.438236
2.438703
2.438145
2.437357
2.437504
2.437367
2.437707
2.437673
2.437605
2.437397
2.438309
2.437832
2.437817
2.438296
2.438105
2.438186
2.438220
2.438183
2.437677
2.438384
2.438154
2.437898
2.438291
2.438467
2.439021
2.439201
2.438825
2.438501
2.439955
2.439457
2.438906
2.438848
2.438656
2.438850
2.438641
2.438222
2.438242
2.439079
2.438868
2.438325
2.438725
2.438536
2.439384
2.439013
2.438813
2.438555
2.439100
2.439073
2.438087
2.438277
2.437971
2.438686
2.438678
2.439014
2.438695
2.439169
2.439041
2.439295
2.439749
2.439032
2.439731
2.439160
2.439252
2.438368
2.438379
2.438956
2.438048
2.439080
2.438729
2.439178
2.438803
2.438931
2.438682
2.438253
2.439306
2.438573
2.438656
2.438419
2.438330
2.438761
2.438272
2.438262
2.438595
2.439284
2.438878
2.437900
2.438723
2.439133
2.439714
2.438909
2.438989
2.438945
2.439384
2.438303
2.438424
2.437609
2.438097
2.438906
2.449349
2.470573
2.471054
2.472551
2.472169
2.471225
2.471068
2.472335
2.472554
2.471719
2.472064
2.471320
2.472075
2.468953
2.469183
2.470459
2.470284
2.469930
2.469836
2.470000
2.470876
2.470224
2.470099
2.470012
2.471327
2.470641
2.469947
2.470508
2.470770
2.471204
2.470668
2.470631
2.470246
2.470582
2.470731
2.469884
2.470102
2.469832
2.471376
2.471495
2.470675
2.470027
2.470651
2.472044
2.470610
2.470030
2.469895
2.470748
2.470369
2.469984
2.469461
2.469921
2.470176
2.470230
2.469889
2.470064
2.470425
2.470320
2.470320
2.469907
2.469937
2.471554
2.471225
2.470943
2.436242
2.436962
2.436022
2.436060
2.435235
2.436736
2.435847
2.435490
2.435673
2.435110
2.436407
2.435335
2.435459
2.436082
2.436635
2.435971
2.436139
2.436205
2.436151
2.437189
2.436810
2.437417
2.437913
2.438349
2.437231
2.436540
2.436384
2.436410
2.437470
2.437236
2.436835
2.436479
2.436936
2.436901
2.436937
2.436583
2.436969
2.437440
2.436510
2.436175
2.436062
2.436458
2.436542
2.436482
2.436663
2.436327
2.437427
2.436473
2.436290
2.437003
2.436615
2.437048
2.436522
2.436650
2.436036
2.437134
2.436504
2.436743
2.437242
2.437557
2.437693
2.437123
2.437193
2.437133
2.437134
2.437571
2.437358
2.436892
2.436479
2.435283
2.436663
2.436190
2.435502
2.436483
2.436324
2.436174
2.436224
2.435786
2.437102
2.437485
2.437699
2.436900
2.437791
2.436989
2.436418
2.438261
2.437688
2.437725
2.437397
2.436991
2.437747
2.437095
2.437990
2.437220
2.439058
2.438370
2.443624
2.469909
2.471466
2.470626
2.470254
2.470787
2.472353
2.471830
2.471836
2.470907
2.471725
2.472293
2.470838
2.471411
2.471095
2.471685
2.471454
2.471123
2.471408
2.471127
2.471862
2.471514
2.471394
2.470825
2.470782
2.471167
2.471235
2.470876
2.470853
2.471517
2.470728
2.469969
2.469443
2.470257
2.470844
2.470258
2.470713
2.470258
2.471763
2.471292
2.472489
2.471247
2.471368
2.472271
2.471983
2.471126
2.470858
2.471075
2.470954
2.471450
2.471119
2.471939
2.472944
2.471620
2.471116
2.471055
2.471032
2.471429
2.471627
2.471557
2.472059
2.472185
2.471036
2.471642
2.470662
2.470793
2.471374
2.470471
2.470823
2.471056
2.470508
2.461442
2.441513
2.436040
2.436658
2.435914
2.436416
2.436680
2.436597
2.437209
2.437134
2.436705
2.436312
2.436045
2.436242
2.436589
2.437192
2.435909
2.435985
2.435658
2.436177
2.435399
2.435381
2.435985
2.436473
2.436720
2.436366
2.435772
2.436314
2.435961
2.436289
2.436681
2.437389
2.437433
2.436492
2.436702
2.437534
2.437522
2.437579
2.437188
2.436829
2.437131
2.437312
2.437794
2.437441
2.437625
2.437642
2.437627
2.436661
2.436992
2.436785
2.437186
2.436604
2.436740
2.436413
2.436296
2.436703
2.436219
2.436303
2.437356
2.438293
2.438229
2.437779
2.437627
2.437612
2.438050
2.436686
2.436548
2.436410
2.437277
2.437674
2.437102
2.437817
2.437317
2.438080
2.437638
2.437745
2.437552
2.437734
2.437661
2.437223
2.437180
2.437871
2.438383
2.438590
2.438432
2.438423
2.438580
2.438851
2.438201
2.438674
2.438623
2.439584
2.438980
2.438651
2.438276
2.437934
2.438245
2.437955
2.439459
2.466085
2.471054
2.472117
2.471588
2.471336
2.471731
2.472777
2.472052
2.471679
2.471970
2.471622
2.471759
2.471296
2.471141
2.471254
2.471673
2.471233
2.471934
2.471414
2.471511
2.471792
2.471424
2.471470
2.471264
2.471994
2.471427
2.471480
2.471661
2.471715
2.472240
2.471811
2.471878
2.471879
2.472308
2.472130
2.472143
2.472382
2.471889
2.472288
2.472297
2.471614
2.471711
2.472156
2.472316
2.472104
2.472013
2.472091
2.472344
2.471998
2.471817
2.470864
2.471443
2.471703
2.471310
2.471826
2.471606
2.472326
2.471575
2.471489
2.471340
2.471762
2.471787
2.471062
2.471168
2.471078
2.471865
2.471630
2.471532
2.471601
2.471800
2.471697
2.464631
2.448796
2.438789
2.439079
2.438526
2.438014
2.438329
2.438433
2.439209
2.438579
2.438151
2.438168
2.438538
2.438847
2.438377
2.438328
2.438197
2.438070
2.437987
2.438133
2.437622
2.437720
2.437184
2.436954
2.436074
2.436032
2.436315
2.436402
2.435863
2.436118
2.437016
2.436481
2.437963
2.438010
2.437996
2.439696
2.439097
2.438796
2.438205
2.438509
2.438046
2.438114
2.438808
2.439017
2.439874
2.438681
2.437377
2.437063
2.436808
2.436509
2.437390
2.437939
2.436834
2.437225
2.436367
2.435949
2.436926
2.436045
2.436385
2.435577
2.435934
2.436110
2.437127
2.436616
2.436287
2.437079
2.436470
2.436521
2.436858
2.436738
2.436363
2.436792
2.437212
2.437068
2.436576
2.436877
2.438005
2.438139
2.437708
2.437165
2.437119
2.436339
2.436689
2.436781
2.436502
2.436725
2.437094
2.436930
2.436692
2.437279
2.438037
2.437389
2.438192
2.437818
2.438340
2.437835
2.436538
2.436384
2.436677
2.438259
2.437803
2.437658
2.437723
2.438494
2.438322
2.437729
2.437557
2.438115
2.438088
2.438318
2.438442
2.437753
2.438024
2.438366
2.437702
2.437617
2.459942
2.471067
2.471163
2.470881
2.470238
2.470429
2.468975
2.469867
2.470379
2.470442
2.469881
2.470213
2.470624
2.469800
2.469763
2.469133
2.469884
2.469974
2.469795
2.469674
2.469783
2.470239
2.469749
2.469630
2.469214
2.469956
2.469692
2.469364
2.469499
2.469361
2.469935
2.469385
2.469336
2.469205
2.469714
2.470105
2.469583
2.469433
2.469431
2.470226
2.469483
2.469705
2.470087
2.470514
2.470773
2.470410
2.469756
2.470036
2.469578
2.469199
2.470694
2.469271
2.469583
2.470460
2.470221
2.469344
2.469451
2.471094
2.471021
2.471214
2.470201
2.471078
2.471346
2.471018
2.470429
2.470095
2.470966
2.471358
2.465969
2.453731
2.439411
2.439350
2.438540
2.438381
2.437882
2.438170
2.437624
2.437864
2.438000
2.438353
2.439397
2.438181
2.438347
2.438295
2.438362
2.438625
2.437897
2.437786
2.437567
2.437996
2.436917
2.436719
2.436286
2.437111
2.437970
2.437420
2.437264
2.437040
2.437676
2.437119
2.437658
2.437925
2.437391
2.437882
2.437251
2.437037
2.436262
2.437034
2.437076
2.437611
2.437615
2.437889
2.438440
2.438588
2.438594
2.438587
2.439030
2.438450
2.438273
2.438025
2.438005
2.438020
2.436767
2.437612
2.437536
2.438164
2.436677
2.437217
2.437383
2.437952
2.437915
2.437885
2.437036
2.437043
2.437177
2.437286
2.436411
2.437038
2.436956
2.437703
2.437349
2.436735
2.438620
2.438998
2.439659
2.438462
2.437859
2.437125
2.438234
2.438278
2.437617
2.436925
2.438063
2.437907
2.435303
2.435953
2.436279
2.435966
2.436774
2.470635
2.469282
2.469482
2.469756
2.470775
2.469322
2.467611
2.467130
2.467828
2.468531
2.468436
2.469243
2.469083
2.470129
2.468827
2.469746
2.469077
2.469774
2.469504
2.469483
2.469810
2.470092
2.470286
2.470350
2.470341
2.469981
2.470662
2.470080
2.469620
2.470227
2.470739
2.470915
2.470979
2.470858
2.470822
2.470219
2.470295
2.470013
2.470412
2.470170
2.471119
2.470950
2.470279
2.469815
2.470088
2.470977
2.470210
2.470134
2.469620
2.470651
2.470647
2.470157
2.470340
2.470370
2.471302
2.470546
2.466543
2.457277
2.439202
2.437886
2.437957
2.437466
2.437620
2.438069
2.437856
2.437485
2.437682
2.438131
2.438173
2.437791
2.437599
2.436582
2.437578
2.437455
2.437072
2.437066
2.437109
2.437103
2.436709
2.436387
2.436270
2.437006
2.436545
2.436484
2.436833
2.437112
2.436855
2.436696
2.436816
2.436590
2.437606
2.437156
2.436922
2.437118
2.437152
2.437865
2.437989
2.438076
2.437848
2.437602
2.437959
2.437099
2.437407
2.437348
2.438672
2.437602
2.437370
2.437551
2.437966
2.437927
2.437539
2.437165
2.437491
2.437232
2.437167
2.437383
2.436631
2.437453
2.437394
2.437481
2.437409
2.436860
2.437482
2.436849
2.436954
2.436806
2.437642
2.437717
2.437460
2.437271
2.436656
2.437366
2.437310
2.437288
2.437244
2.436972
2.437669
2.436843
2.437134
2.437062
2.437603
2.437816
2.437592
2.437397
2.436748
2.436522
2.436760
2.437057
2.436654
2.436345
2.435911
2.436103
2.436273
2.435427
2.435732
2.435487
2.435590
2.435426
2.435672
2.435281
2.436341
2.436156
2.437372
2.437624
2.436774
2.436399
2.437143
2.436761
2.438172
2.438056
2.438298
2.437704
2.446195
2.469460
2.470365
2.470959
2.470597
2.471049
2.470369
2.471234
2.470586
2.471333
2.470791
2.470652
2.471151
2.471532
2.470748
2.472105
2.471638
2.470658
2.470940
2.470319
2.469844
2.470453
2.469857
2.469956
2.470156
2.470582
2.470278
2.471247
2.470648
2.470521
2.470284
2.469711
2.470149
2.469928
2.469695
2.469038
2.469497
2.469705
2.468997
2.468382
2.468072
2.468580
2.468724
2.469118
2.469566
2.469422
2.469697
2.469257
2.469519
2.468822
2.470068
2.470195
2.469904
2.468932
2.469406
2.470045
2.469473
2.469741
2.469334
2.469597
2.469079
2.469543
2.469590
2.469741
2.470176
2.469704
2.469653
2.469302
2.469680
2.469625
2.469718
2.467955
2.461103
2.441470
2.438166
2.437969
2.437351
2.436953
2.437071
2.436976
2.437135
2.436836
2.436547
2.436372
2.436594
2.436520
2.437063
2.437260
2.436224
2.436671
2.436134
2.436615
2.435840
2.435814
2.435256
2.435120
2.435010
2.436392
2.436296
2.436824
2.436199
2.436178
2.437111
2.436532
2.437065
2.437267
2.437797
2.437236
2.436838
2.436875
2.436062
2.437111
2.436737
2.436729
2.436901
2.436970
2.436454
2.436297
2.436244
2.436809
2.437791
2.437010
2.437344
2.437382
2.436965
2.437354
2.437285
2.436682
2.437165
2.437657
2.436517
2.436637
2.438409
2.438121
2.437854
2.438326
2.438534
2.438785
2.439528
2.438808
2.438313
2.438362
2.437308
2.438090
2.437704
2.437586
2.437785
2.438850
2.438806
2.438381
2.438785
2.438323
2.439417
2.438675
2.438456
2.437726
2.438449
2.438239
2.438008
2.438142
2.437641
2.438744
2.437817
2.437338
2.438048
2.438340
2.438930
2.438703
2.438474
2.438164
2.438542
2.438763
2.437361
2.438219
2.437983
2.440833
2.468215
2.470729
2.471036
2.471787
2.471427
2.471393
2.471654
2.472146
2.471797
2.471567
2.471427
2.470981
2.471628
2.471369
2.471229
2.471170
2.471070
2.471701
2.471523
2.471214
2.471179
2.471035
2.471352
2.470888
2.471223
2.471026
2.471472
2.471244
2.471339
2.471354
2.471543
2.471967
2.471632
2.471673
2.471274
2.472404
2.471800
2.472037
2.471187
2.471721
2.472216
2.471408
2.471927
2.471410
2.472070
2.471459
2.471498
2.471550
2.471317
2.471933
2.471691
2.471090
2.470967
2.471728
2.471271
2.470700
2.471222
2.470966
2.470902
2.470657
2.470077
2.470681
2.471225
2.470702
2.471017
2.470698
2.470381
2.471049
2.471030
2.471372
2.470598
2.464048
2.445674
2.438583
2.437944
2.438072
2.438019
2.437586
2.437276
2.437454
2.438443
2.438200
2.436144
2.435628
2.435909
2.436725
2.436389
2.436509
2.436385
2.437434
2.437450
2.435949
2.435665
2.435431
2.436798
2.435786
2.436568
2.436709
2.436056
2.437168
2.434895
2.435702
2.435455
2.436122
2.436542
2.436651
2.436646
2.436222
2.437166
2.437248
2.437351
2.437789
2.438049
2.437633
2.437524
2.437326
2.438368
2.437646
2.437137
2.437193
2.436541
2.436099
2.437022
2.437158
2.436233
2.436924
2.437627
2.437697
2.437750
2.437372
2.437559
2.438082
2.436994
2.436963
2.436756
2.437464
2.437443
2.437329
2.436951
2.436610
2.437163
2.436929
2.437394
2.437221
2.437665
2.437440
2.436998
2.436810
2.436105
2.437137
2.435995
2.436281
2.436724
2.436959
2.436917
2.436695
2.436616
2.436985
2.437136
2.437050
2.436660
2.437419
2.437408
2.437477
2.436895
2.436532
2.436517
2.437258
2.436815
2.436839
2.437104
2.437252
2.437679
2.437045
2.437018
2.436770
2.438124
2.436977
2.436503
2.436534
2.436892
2.437373
2.437007
2.437007
2.436913
2.437835
2.437678
2.462919
2.469852
2.469724
2.470982
2.470264
2.469664
2.470335
2.470075
2.470434
2.470294
2.470037
2.469932
2.470812
2.470042
2.469612
2.470052
2.469916
2.470059
2.470214
2.470335
2.469670
2.470416
2.469772
2.469569
2.469690
2.469623
2.469622
2.469154
2.469796
2.469824
2.470574
2.470300
2.469686
2.470376
2.470077
2.469951
2.470164
2.469997
2.470029
2.470199
2.470164
2.470206
2.470155
2.469989
2.471049
2.470061
2.469952
2.469878
2.470708
2.470306
2.470126
2.469465
2.469693
2.470165
2.469788
2.469805
2.469934
2.470117
2.469866
2.469513
2.469820
2.469610
2.470239
2.469868
2.469618
2.469720
2.469733
2.470398
2.469816
2.469898
2.469556
2.463689
2.449127
2.437546
2.437477
2.437621
2.437854
2.437451
2.437081
2.435872
2.436438
2.436461
2.435925
2.436610
2.436606
2.436472
2.434984
2.435387
2.434196
2.434908
2.434148
2.434356
2.433712
2.433240
2.434678
2.433704
2.433819
2.433332
2.434622
2.434223
2.433516
2.434536
2.435195
2.437165
2.436344
2.437450
2.438095
2.438125
2.437370
2.436277
2.436298
2.436428
2.438021
2.437500
2.436735
2.437999
2.437823
2.438481
2.438094
2.438061
2.438015
2.437639
2.437664
2.436373
2.436832
2.436174
2.436840
2.436566
2.436216
2.435440
2.436410
2.436592
2.434401
2.434183
2.434540
2.434622
2.435315
2.434927
2.434102
2.435879
2.434821
2.435227
2.435191
2.436324
2.437138
2.436249
2.436346
2.436076
2.436582
2.436922
2.436058
2.435976
2.435430
2.436316
2.436484
2.437101
2.436267
2.436982
2.437289
2.436563
2.436898
2.437053
2.437644
2.437604
2.437081
2.437335
2.437734
2.438383
2.438049
2.435631
2.436405
2.436858
2.435936
2.435690
2.436595
2.437254
2.436690
2.455698
2.469660
2.469815
2.470261
2.470065
2.470284
2.470217
2.471778
2.470073
2.470271
2.469983
2.470005
2.470671
2.469950
2.469609
2.470464
2.471128
2.471018
2.470772
2.470729
2.470819
2.471232
2.470949
2.470728
2.470605
2.471380
2.470874
2.470277
2.471012
2.470909
2.471457
2.471318
2.470793
2.470945
2.471533
2.471278
2.471441
2.471378
2.471070
2.471797
2.471027
2.471191
2.471002
2.471110
2.471359
2.470902
2.471047
2.470767
2.471185
2.471153
2.470788
2.470967
2.470475
2.470946
2.470719
2.470520
2.470713
2.471374
2.470831
2.470486
2.470580
2.470675
2.470918
2.470676
2.470237
2.470244
2.471253
2.470498
2.470380
2.470478
2.470288
2.466718
2.455468
2.438763
2.437723
2.438751
2.438015
2.437701
2.437731
2.438133
2.438974
2.438110
2.438459
2.438120
2.438833
2.438631
2.437789
2.436805
2.437583
2.437875
2.437155
2.437490
2.437280
2.437047
2.437786
2.436954
2.436985
2.437361
2.437792
2.437579
2.437085
2.437522
2.436119
2.437449
2.437299
2.436668
2.437595
2.438163
2.437862
2.437389
2.437497
2.437439
2.438067
2.438363
2.437587
2.437994
2.438421
2.437099
2.437013
2.437164
2.437165
2.437601
2.436861
2.437248
2.437148
2.437837
2.437710
2.437028
2.438074
2.436317
2.437391
2.436914
2.436872
2.436271
2.436865
2.437133
2.437131
2.436785
2.436514
2.437422
2.436646
2.436606
2.436925
2.437699
2.438175
2.438417
2.438707
2.437150
2.437208
2.436610
2.436771
2.436999
2.436876
2.437701
2.438633
2.437614
2.436723
2.438228
2.437743
2.437789
2.438065
2.438035
2.438499
2.437563
2.437345
2.437701
2.439470
2.438800
2.439036
2.439576
2.439176
2.439618
2.439504
2.439022
2.438898
2.439678
2.439484
2.437869
2.438666
2.438070
2.439356
2.438752
2.437546
2.437152
2.469768
2.469603
2.468774
2.469235
2.469012
2.469972
2.470031
2.469697
2.469702
2.470051
2.469814
2.469822
2.469485
2.469528
2.469963
2.469878
2.469927
2.469255
2.470312
2.468876
2.468796
2.468516
2.468386
2.469340
2.469398
2.469451
2.468725
2.469041
2.469608
2.468916
2.469581
2.469310
2.470044
2.469901
2.469543
2.470139
2.469821
2.470424
2.469824
2.469053
2.469683
2.469264
2.467631
2.467785
2.469639
2.470297
2.469183
2.468820
2.468984
2.469634
2.469370
2.469237
2.469875
2.469373
2.469422
2.469013
2.469531
2.466465
2.458462
2.438460
2.436280
2.437718
2.437001
2.436801
2.436293
2.436970
2.437060
2.437485
2.437202
2.437375
2.437500
2.437059
2.436947
2.436799
2.437293
2.437340
2.436734
2.436534
2.436134
2.436504
2.435992
2.436276
2.435707
2.435580
2.436026
2.435810
2.435628
2.435398
2.436134
2.435538
2.436310
2.435592
2.436319
2.436889
2.436703
2.436444
2.436454
2.436681
2.436969
2.436877
2.436935
2.437007
2.437953
2.437153
2.437378
2.437258
2.437889
2.437485
2.437132
2.437550
2.437377
2.438139
2.438033
2.437164
2.436355
2.436868
2.436531
2.436163
2.435771
2.435576
2.436462
2.436358
2.436110
2.435989
2.436131
2.436607
2.436256
2.435765
2.436084
2.437658
2.437533
2.437417
2.437251
2.437657
2.437772
2.437755
2.437633
2.436430
2.436453
2.436110
2.436320
2.436231
2.435969
2.435924
2.434841
2.435331
2.435568
2.434849
2.434904
2.436124
2.435136
2.435171
2.435097
2.436258
2.437104
2.437587
2.438157
2.438360
2.439177
2.438545
2.438019
2.438136
2.438946
2.438747
2.438349
2.438139
2.438224
2.439111
2.436850
2.436911
2.443200
2.469252
2.471441
2.470196
2.470216
2.469987
2.470036
2.471564
2.471141
2.471147
2.471983
2.472371
2.471629
2.471001
2.471335
2.471258
2.471183
2.471218
2.471035
2.470809
2.471364
2.471133
2.471032
2.470511
2.471352
2.470914
2.470814
2.470747
2.470129
2.471344
2.471144
2.471328
2.470837
2.471129
2.471848
2.471007
2.471635
2.471172
2.471845
2.471463
2.471464
2.471279
2.471858
2.470930
2.471072
2.470553
2.470825
2.471502
2.470682
2.469999
2.470155
2.471083
2.471203
2.469935
2.470777
2.470481
2.471929
2.471194
2.470834
2.470030
2.469107
2.469526
2.468523
2.469573
2.469651
2.469102
2.470271
2.469603
2.469099
2.468967
2.469364
2.468545
2.461017
2.442015
2.437078
2.437595
2.437502
2.436808
2.436727
2.437382
2.436436
2.437342
2.437427
2.437943
2.437765
2.436219
2.436914
2.436878
2.437335
2.437183
2.436652
2.437642
2.437169
2.436760
2.436815
2.436351
2.433501
2.433306
2.432760
2.433840
2.432582
2.434826
2.435570
2.434795
2.434615
2.435824
2.436380
2.435721
2.435797
2.435860
2.435725
2.437111
2.436439
2.436670
2.436876
2.435572
2.435739
2.436286
2.436539
2.436990
2.436619
2.436178
2.436029
2.434844
2.433830
2.436216
2.436208
2.435459
2.435440
2.435542
2.436002
2.435585
2.436437
2.431393
2.436556
2.436323
2.436453
2.435980
2.436630
2.436367
2.436091
2.435693
2.436439
2.436417
2.436292
2.436429
2.436119
2.436469
2.436782
2.436616
2.436537
2.437296
2.435836
2.436162
2.436224
2.436816
2.436439
2.435533
2.435903
2.436396
2.436278
2.435375
2.435521
2.436278
2.436544
2.436083
2.436966
2.436713
2.436538
2.436078
2.467964
2.468157
2.468848
2.469560
2.469068
2.468605
2.468884
2.469310
2.469319
2.468511
2.468241
2.468389
2.468810
2.468563
2.468567
2.467903
2.468670
2.468469
2.468352
2.467992
2.468262
2.468680
2.468100
2.468123
2.468492
2.468289
2.468482
2.468138
2.468243
2.468772
2.469887
2.469853
2.469609
2.469612
2.469864
2.470518
2.469667
2.469919
2.469287
2.469902
2.469686
2.469288
2.470613
2.470961
2.471340
2.470896
2.470692
2.470687
2.471473
2.471051
2.470499
2.470192
2.469469
2.469998
2.469700
2.469360
2.468875
2.469303
2.468621
2.470077
2.469897
2.470343
2.471424
2.470033
2.470334
2.470647
2.471133
2.471133
2.470801
2.464220
2.447917
2.439125
2.438574
2.438516
2.438710
2.438372
2.437881
2.437184
2.437618
2.436441
2.437819
2.437929
2.438150
2.437845
2.437999
2.438734
2.437965
2.438093
2.437322
2.438359
2.438336
2.437465
2.437090
2.437010
2.437212
2.436712
2.436621
2.437155
2.437605
2.438034
2.436682
2.437092
2.437350
2.438020
2.437801
2.437899
2.438030
2.438519
2.438027
2.437409
2.437527
2.437498
2.438545
2.437774
2.438532
2.438198
2.438623
2.439041
2.438770
2.438573
2.438330
2.438931
2.437835
2.438539
2.438174
2.437881
2.438453
2.437550
2.438278
2.437961
2.438352
2.438160
2.437997
2.437942
2.438511
2.438743
2.438087
2.438004
2.437835
2.438290
2.437715
2.437470
2.437894
2.438424
2.438615
2.438251
2.437939
2.438408
2.438614
2.438620
2.438361
2.437764
2.437895
2.438422
2.437822
2.437284
2.437646
2.438186
2.438493
2.438312
2.437891
2.438195
2.439178
2.438102
2.438198
2.437774
2.438305
2.438239
2.437717
2.437326
2.437568
2.437755
2.437611
2.437739
2.437496
2.437608
2.438142
2.437935
2.437838
2.437038
2.438171
2.437720
2.437423
2.437466
2.437241
2.460555
2.469711
2.470175
2.470512
2.470522
2.470651
2.470227
2.470900
2.470044
2.470436
2.469498
2.469407
2.469933
2.470638
2.469619
2.468829
2.468877
2.469224
2.469805
2.469088
2.469650
2.469851
2.470208
2.470745
2.469607
2.468952
2.469149
2.469449
2.469858
2.469606
2.469653
2.469304
2.469864
2.469575
2.469261
2.469575
2.470552
2.469963
2.470475
2.470255
2.469714
2.470184
2.469547
2.469584
2.469716
2.470688
2.470375
2.468592
2.467922
2.468724
2.469490
2.469987
2.469203
2.469537
2.469306
2.470218
2.469164
2.468914
2.463657
2.450799
2.437738
2.435870
2.436549
2.436239
2.436482
2.436709
2.436656
2.436033
2.436892
2.436792
2.436614
2.436666
2.436291
2.436590
2.436280
2.436036
2.436602
2.437478
2.437856
2.436749
2.435492
2.434762
2.434997
2.435113
2.434614
2.435805
2.436128
2.437629
2.436085
2.435920
2.436266
2.436571
2.437264
2.437370
2.437590
2.437295
2.438030
2.437261
2.437316
2.437718
2.438381
2.438317
2.437559
2.437916
2.437820
2.438375
2.437553
2.436670
2.437543
2.436545
2.436711
2.436474
2.436405
2.436988
2.438132
2.437111
2.436972
2.437135
2.436281
2.437278
2.436001
2.436293
2.436127
2.437173
2.436922
2.436740
2.436367
2.435898
2.436752
2.437133
2.436577
2.437065
2.436767
2.436987
2.436262
2.435891
2.436427
2.436594
2.436731
2.436551
2.435997
2.436755
2.436799
2.436382
2.436556
2.436882
2.437011
2.437020
2.436858
2.437125
2.436402
2.437592
2.436017
2.436362
2.435350
2.436358
2.435516
2.435422
2.435173
2.435429
2.436626
2.435873
2.435952
2.435816
2.436872
2.436582
2.436522
2.436941
2.437074
2.437255
2.436852
2.436799
2.436261
2.436699
2.452227
2.469045
2.469552
2.469609
2.470050
2.468976
2.469682
2.470169
2.469164
2.470560
2.469890
2.470610
2.470898
2.471392
2.470967
2.471066
2.470502
2.470717
2.471042
2.470675
2.470756
2.470036
2.470666
2.470120
2.469832
2.469767
2.470006
2.470841
2.470493
2.470411
2.470468
2.470970
2.471165
2.470850
2.470805
2.470741
2.470547
2.470763
2.470788
2.470844
2.471159
2.471233
2.471175
2.471080
2.470992
2.471859
2.470819
2.471048
2.471077
2.471403
2.471677
2.470664
2.470999
2.471409
2.471530
2.471408
2.471011
2.470935
2.471180
2.471642
2.470976
2.470689
2.470710
2.471508
2.471093
2.470835
2.470575
2.471010
2.471166
2.471026
2.470879
2.467269
2.458670
2.440021
2.438403
2.438208
2.438132
2.439035
2.437660
2.436496
2.436461
2.436648
2.436355
2.436136
2.435791
2.435809
2.436383
2.436006
2.435102
2.435148
2.435812
2.436088
2.434764
2.434553
2.435294
2.434843
2.434683
2.435334
2.435278
2.435759
2.435269
2.435045
2.434398
2.434825
2.435920
2.435724
2.436295
2.436005
2.435772
2.436283
2.435841
2.435957
2.435811
2.436944
2.436322
2.436661
2.436345
2.436448
2.437233
2.435943
2.436102
2.436213
2.436562
2.435787
2.435564
2.435220
2.435334
2.435554
2.435231
2.434666
2.435420
2.435300
2.435105
2.435211
2.435390
2.434868
2.436260
2.435051
2.435390
2.435157
2.435734
2.435489
2.436001
2.435560
2.435901
2.436788
2.436447
2.436010
2.435900
2.435339
2.435747
2.435615
2.436234
2.435006
2.436920
2.436821
2.436148
2.436880
2.436176
2.436236
2.436020
2.436535
2.435868
2.436579
2.436472
2.436163
2.436419
2.436745
2.437087
2.435164
2.434494
2.435195
2.435629
2.435063
2.436187
2.435436
2.435507
2.436853
2.436324
2.435801
2.435185
2.435972
2.436190
2.436196
2.436372
2.435334
2.436879
2.444452
2.468110
2.469074
2.469460
2.469630
2.468790
2.468823
2.469618
2.469466
2.469371
2.468869
2.468778
2.468863
2.469384
2.469594
2.469305
2.468585
2.469404
2.468768
2.468457
2.468436
2.468514
2.469295
2.468511
2.468598
2.468665
2.468812
2.468746
2.468559
2.469416
2.469406
2.470137
2.470034
2.469450
2.469888
2.470600
2.470480
2.469621
2.469578
2.470254
2.470883
2.470220
2.470071
2.470342
2.470553
2.470242
2.469828
2.469869
2.469489
2.470109
2.469841
2.469492
2.469856
2.469701
2.470182
2.469538
2.469124
2.468969
2.470073
2.470170
2.469159
2.468922
2.469012
2.469554
2.469213
2.469173
2.468446
2.469750
2.468994
2.469344
2.469354
2.467992
2.460824
2.440002
2.436461
2.435908
2.436352
2.436187
2.435670
2.434247
2.435067
2.434809
2.435591
2.435234
2.435040
2.435552
2.435406
2.434505
2.434885
2.434464
2.435749
2.435978
2.436068
2.435325
2.435510
2.435530
2.434824
2.435157
2.434881
2.435776
2.435428
2.436421
2.436451
2.437152
2.436495
2.436317
2.436206
2.436188
2.437569
2.437493
2.437831
2.437382
2.438076
2.438062
2.437820
2.437940
2.437743
2.438188
2.438037
2.437261
2.437059
2.436382
2.437023
2.437217
2.437679
2.437335
2.438037
2.437727
2.437539
2.437347
2.437176
2.437320
2.436017
2.436281
2.436373
2.435463
2.436689
2.436304
2.436947
2.436490
2.437140
2.436088
2.435694
2.435350
2.435693
2.435944
2.436990
2.435361
2.435941
2.436285
2.435994
2.435767
2.435763
2.436252
2.437229
2.436343
2.436569
2.436490
2.436531
2.436645
2.436377
2.435488
2.435551
2.436348
2.435324
2.434775
2.435393
2.436737
2.435821
2.434936
2.435268
2.435133
2.437997
2.437741
2.436874
2.436840
2.436693
2.436661
2.435998
2.436088
2.435516
2.436380
2.435859
2.435427
2.436131
2.435680
2.435679
2.438720
2.466237
2.468776
2.469700
2.467796
2.467065
2.467036
2.467197
2.467070
2.468364
2.467495
2.467011
2.466820
2.467140
2.466996
2.467361
2.467766
2.468027
2.468585
2.467899
2.467282
2.467887
2.468165
2.468128
2.468290
2.468346
2.468442
2.468523
2.468894
2.468775
2.467943
2.469171
2.469615
2.468978
2.468675
2.468889
2.469796
2.468634
2.468033
2.468007
2.468736
2.469890
2.469354
2.469109
2.469250
2.470084
2.469358
2.469217
2.468972
2.469135
2.469508
2.469079
2.469447
2.468749
2.469521
2.469102
2.468768
2.468871
2.468852
2.469114
2.469016
2.468626
2.468598
2.469322
2.460155
2.441706
2.434162
2.435723
2.436560
2.435939
2.435777
2.435670
2.435638
2.435539
2.435464
2.435193
2.434974
2.435943
2.435484
2.435360
2.435266
2.435095
2.435918
2.435278
2.434804
2.434236
2.435888
2.434339
2.433951
2.434484
2.434065
2.435039
2.434272
2.434224
2.434191
2.434784
2.434512
2.434533
2.434346
2.434035
2.435344
2.435651
2.436115
2.435617
2.436314
2.436105
2.436141
2.436138
2.435654
2.436147
2.435292
2.434635
2.434869
2.435977
2.435520
2.436457
2.435870
2.435625
2.436181
2.435187
2.435514
2.435480
2.435657
2.435587
2.435535
2.435071
2.435761
2.436106
2.435622
2.435409
2.436184
2.435633
2.435974
2.435136
2.435155
2.434883
2.435944
2.435654
2.434120
2.433876
2.434561
2.434577
2.433845
2.433162
2.433863
2.435130
2.434188
2.433463
2.434161
2.434766
2.435590
2.435733
2.435641
2.435631
2.436426
2.437099
2.437092
2.437006
2.437440
2.437211
2.437520
2.436695
2.435791
2.435935
2.435449
2.435947
2.436614
2.436805
2.437681
2.436668
2.436532
2.435806
2.436941
2.436723
2.435285
2.435992
2.435907
2.436011
2.435679
2.435925
2.461848
2.467946
2.468596
2.468635
2.468393
2.469022
2.469943
2.470464
2.469426
2.469306
2.469603
2.469879
2.468849
2.468601
2.468572
2.470496
2.469575
2.469650
2.469440
2.469898
2.470368
2.470099
2.469191
2.469156
2.469270
2.469984
2.469132
2.469776
2.469378
2.469612
2.468442
2.468767
2.469355
2.469743
2.469813
2.471155
2.470579
2.470239
2.471002
2.467855
2.468414
2.468985
2.469649
2.468468
2.468718
2.468423
2.468635
2.468916
2.468848
2.469171
2.468832
2.469227
2.467713
2.466962
2.466571
2.467503
2.468087
2.467796
2.467451
2.468097
2.468302
2.461491
2.447047
2.435119
2.435092
2.435681
2.432391
2.433454
2.433848
2.434275
2.434723
2.433884
2.434578
2.434834
2.436125
2.434527
2.433659
2.433832
2.433852
2.434192
2.434177
2.433900
2.434590
2.435439
2.434661
2.433047
2.433608
2.433959
2.434300
2.434025
2.433617
2.434039
2.434405
2.434093
2.434616
2.434665
2.435706
2.434866
2.434322
2.434065
2.434907
2.436066
2.435323
2.436032
2.436529
2.436040
2.436213
2.435525
2.435647
2.434598
2.433975
2.434374
2.435442
2.435001
2.434894
2.433890
2.433648
2.434804
2.434189
2.433978
2.433903
2.434834
2.433299
2.434348
2.433406
2.433301
2.434717
2.433750
2.434302
2.434070
2.434501
2.434284
2.434362
2.434515
2.434177
2.434154
2.434905
2.434950
2.435505
2.434456
2.434455
2.435208
2.436612
2.436377
2.436424
2.436732
2.436632
2.437199
2.437189
2.436671
2.436436
2.436452
2.435898
2.435947
2.436134
2.435994
2.437096
2.436602
2.436182
2.455637
2.469874
2.469721
2.469509
2.469841
2.469704
2.469741
2.468828
2.468492
2.468057
2.468417
2.469524
2.469949
2.469491
2.469519
2.470209
2.469866
2.469347
2.469434
2.469754
2.469683
2.469706
2.469046
2.469203
2.469962
2.469450
2.469543
2.469322
2.469370
2.470047
2.469749
2.469929
2.469227
2.470462
2.470132
2.469901
2.469604
2.468998
2.469875
2.469471
2.469715
2.469151
2.470406
2.469717
2.469750
2.470128
2.469966
2.469730
2.469631
2.469698
2.469644
2.470180
2.469637
2.470007
2.469735
2.469810
2.470402
2.469514
2.469333
2.469724
2.470027
2.469751
2.468995
2.469538
2.469667
2.470214
2.469439
2.469042
2.469336
2.469711
2.469643
2.464975
2.453889
2.437229
2.437389
2.436880
2.436879
2.436895
2.437095
2.437364
2.436916
2.437266
2.436259
2.437116
2.436311
2.437001
2.436658
2.436934
2.436786
2.437060
2.436699
2.436007
2.437227
2.436361
2.436434
2.435544
2.435502
2.436001
2.435161
2.434795
2.434869
2.435964
2.436463
2.435795
2.435534
2.435297
2.436193
2.435516
2.435789
2.435893
2.436549
2.436563
2.435478
2.435607
2.435808
2.436873
2.436044
2.436634
2.437297
2.437117
2.437220
2.436533
2.437165
2.436246
2.437364
2.436676
2.433763
2.434018
2.435079
2.434712
2.434511
2.434335
2.434282
2.434865
2.434294
2.434417
2.434979
2.435613
2.435413
2.435168
2.435600
2.435562
2.435417
2.435777
2.435275
2.435357
2.435479
2.435974
2.434198
2.434941
2.434989
2.435980
2.435188
2.435462
2.434583
2.434763
2.436173
2.436057
2.436079
2.435440
2.436206
2.434857
2.434754
2.434495
2.434276
2.435674
2.434693
2.434483
2.434374
2.435294
2.434676
2.435488
2.435307
2.435173
2.435341
2.434686
2.434453
2.435215
2.434352
2.434705
2.433321
2.432541
2.445546
2.466715
2.467303
2.467400
2.467026
2.467538
2.468801
2.468729
2.468925
2.468761
2.469514
2.468872
2.468814
2.468826
2.468867
2.468799
2.468058
2.468289
2.467851
2.468316
2.468685
2.468544
2.468479
2.468427
2.468858
2.468775
2.468737
2.468448
2.469241
2.468670
2.468556
2.468710
2.468569
2.469437
2.468762
2.468773
2.468840
2.469010
2.469032
2.468147
2.468259
2.468138
2.468358
2.469095
2.469162
2.468861
2.468963
2.469104
2.469045
2.467797
2.467502
2.467762
2.468132
2.468835
2.468288
2.466992
2.467290
2.468045
2.467383
2.467512
2.467201
2.467219
2.467775
2.435369
2.435887
2.435492
2.436882
2.436957
2.437403
2.437021
2.437322
2.437228
2.437368
2.437407
2.436429
2.436127
2.436822
2.435547
2.435458
2.434955
2.434123
2.433743
2.435476
2.433493
2.433060
2.433003
2.434079
2.435715
2.435147
2.435860
2.436357
2.436582
2.436373
2.436568
2.436517
2.437962
2.437835
2.436568
2.437086
2.437862
2.437072
2.436668
2.436967
2.436339
2.436772
2.436072
2.434938
2.435355
2.436772
2.436567
2.436655
2.436755
2.436146
2.437239
2.436505
2.435995
2.435752
2.435815
2.435821
2.436287
2.436302
2.435345
2.436706
2.436135
2.435984
2.436978
2.436616
2.437027
2.436615
2.436750
2.435994
2.436587
2.436334
2.435390
2.436883
2.435861
2.436800
2.436684
2.436504
2.436445
2.437236
2.436832
2.436241
2.436147
2.436608
2.435978
2.435246
2.435109
2.437251
2.436557
2.435707
2.435325
2.435302
2.435695
2.436315
2.436382
2.436079
2.437171
2.436270
2.435456
2.434568
2.436252
2.435461
2.435586
2.436040
2.441957
2.469066
2.469325
2.469337
2.469185
2.469746
2.469024
2.468915
2.468267
2.468025
2.467991
2.468534
2.469231
2.469838
2.470226
2.470103
2.469310
2.468876
2.469582
2.468218
2.466500
2.466470
2.467661
2.467983
2.467945
2.467299
2.467483
2.467066
2.467479
2.466874
2.467313
2.468938
2.468476
2.468325
2.468617
2.468861
2.468122
2.467483
2.467277
2.468225
2.468985
2.468784
2.468899
2.469074
2.468965
2.469741
2.469593
2.469227
2.468571
2.469845
2.468987
2.468395
2.434859
2.435240
2.434559
2.435749
2.436305
2.434888
2.435276
2.434710
2.435894
2.436180
2.435461
2.437061
2.436895
2.436547
2.435641
2.435709
2.435557
2.435312
2.434971
2.433961
2.434906
2.434903
2.435345
2.434779
2.434263
2.433712
2.434535
2.434915
2.434773
2.434855
2.435347
2.436170
2.437053
2.436888
2.435303
2.436865
2.437549
2.436385
2.435958
2.435873
2.436328
2.436241
2.436681
2.435686
2.437882
2.437066
2.436572
2.436500
2.435691
2.436646
2.436983
2.436534
2.436512
2.437322
2.436780
2.436303
2.436514
2.436489
2.436998
2.436544
2.436560
2.436724
2.436786
2.436892
2.435711
2.436285
2.436111
2.437095
2.436926
2.436630
2.436563
2.436351
2.437034
2.436342
2.436870
2.436528
2.437211
2.437021
2.436634
2.435697
2.436549
2.437299
2.436655
2.436555
2.436602
2.437326
2.436777
2.436619
2.436848
2.435957
2.437062
2.436728
2.436560
2.436565
2.436078
2.436977
2.436538
2.436512
2.436266
2.437305
2.436554
2.435886
2.436284
2.436493
2.437000
2.436371
2.436652
2.436326
2.438139
2.464516
2.469048
2.468854
2.469195
2.469615
2.469308
2.470233
2.469987
2.470028
2.470134
2.469233
2.469512
2.469760
2.470388
2.469677
2.469323
2.469611
2.469895
2.469600
2.469288
2.469347
2.469255
2.469762
2.469262
2.469504
2.468941
2.469606
2.469451
2.469198
2.468958
2.468731
2.469719
2.469690
2.469530
2.469550
2.469877
2.469638
2.469038
2.469237
2.469603
2.470227
2.470146
2.469854
2.468976
2.468654
2.469513
2.469702
2.469436
2.469137
2.469871
2.469625
2.469424
2.469642
2.469609
2.470109
2.469106
2.469486
2.469239
2.469831
2.469044
2.469204
2.468951
2.468929
2.469563
2.468801
2.469027
2.468801
2.468843
2.468655
2.468429
2.468274
2.461127
2.446239
2.436075
2.436370
2.435424
2.435320
2.435814
2.436168
2.435877
2.435065
2.436134
2.435485
2.435091
2.435061
2.435732
2.436580
2.433121
2.432985
2.433357
2.432678
2.433643
2.433733
2.433864
2.434584
2.434214
2.433882
2.433833
2.435535
2.434170
2.434458
2.434263
2.434892
2.435556
2.435223
2.435273
2.434968
2.435929
2.434947
2.435287
2.433995
2.433925
2.434954
2.435535
2.435291
2.435142
2.435202
2.435494
2.435080
2.434850
2.435124
2.435492
2.434253
2.433890
2.435091
2.434893
2.434938
2.434930
2.435403
2.435288
2.432898
2.433006
2.431859
2.433458
2.433468
2.433749
2.433351
2.434154
2.433776
2.433397
2.433835
2.433350
2.434323
2.434431
2.434598
2.433407
2.434357
2.434986
2.435563
2.434908
2.434635
2.435251
2.434666
2.434425
2.434794
2.434640
2.435428
2.435534
2.434743
2.435460
2.435098
2.435360
2.434987
2.435648
2.434906
2.434996
2.434903
2.435219
2.436041
2.434692
2.434767
2.434596
2.435098
2.436119
2.458198
2.468383
2.468889
2.469146
2.468565
2.468179
2.468033
2.468243
2.469088
2.468303
2.468207
2.468389
2.468523
2.469000
2.468552
2.467555
2.467043
2.467590
2.467532
2.467109
2.466965
2.467464
2.467220
2.466994
2.466807
2.466627
2.467235
2.466603
2.466630
2.466443
2.467075
2.466881
2.466598
2.466879
2.466636
2.467490
2.467459
2.467166
2.466665
2.466740
2.467196
2.466954
2.467251
2.467414
2.468455
2.468167
2.468411
2.468535
2.468185
2.468687
2.468914
2.469147
2.469367
2.469780
2.469507
2.469505
2.468331
2.468395
2.468936
2.467931
2.467472
2.466783
2.466554
2.466564
2.466019
2.466097
2.466595
2.466479
2.466058
2.465891
2.460728
2.448770
2.434134
2.433713
2.434610
2.435872
2.436515
2.436622
2.436363
2.436948
2.436255
2.435784
2.435094
2.435566
2.435466
2.435382
2.435361
2.435485
2.436460
2.436355
2.436011
2.434666
2.435037
2.435319
2.435665
2.435260
2.434420
2.435055
2.435059
2.434302
2.434788
2.435141
2.435839
2.436305
2.435110
2.434378
2.434723
2.434577
2.434958
2.435754
2.435916
2.435988
2.436394
2.435342
2.435513
2.435926
2.436619
2.436175
2.436272
2.436273
2.436121
2.437106
2.436765
2.436578
2.436845
2.437335
2.436498
2.436263
2.436023
2.436217
2.436427
2.436342
2.436297
2.436188
2.436832
2.435862
2.436182
2.436280
2.436274
2.436972
2.436007
2.435734
2.435485
2.436005
2.435279
2.435641
2.436040
2.435599
2.437003
2.435845
2.435789
2.436303
2.436430
2.437223
2.436301
2.436186
2.435792
2.436713
2.435758
2.435505
2.435868
2.435874
2.436510
2.436484
2.435889
2.435747
2.436317
2.436173
2.436065
2.435837
2.435929
2.435822
2.436035
2.434872
2.435279
2.436353
2.436112
2.435720
2.435735
2.435367
2.435760
2.435546
2.435876
2.434891
2.435965
2.435069
2.449963
2.467961
2.467610
2.468313
2.467811
2.467870
2.467641
2.469229
2.468939
2.469142
2.469659
2.469140
2.468837
2.468576
2.468012
2.467889
2.467885
2.468252
2.467636
2.467254
2.466996
2.468662
2.468444
2.467105
2.465715
2.465562
2.466785
2.465939
2.465950
2.466050
2.467220
2.466713
2.466602
2.467189
2.467925
2.469184
2.467790
2.467809
2.467404
2.467782
2.467523
2.467580
2.467127
2.467041
2.468002
2.467361
2.466943
2.467206
2.467478
2.466925
2.466841
2.466851
2.467152
2.466356
2.465473
2.465335
2.466556
2.465798
2.465847
2.465662
2.466456
2.465897
2.466007
2.466477
2.466132
2.466784
2.466469
2.466686
2.465767
2.465456
2.465579
2.462856
2.453151
2.435068
2.433768
2.433319
2.433828
2.433284
2.433386
2.433339
2.434540
2.433885
2.433651
2.433798
2.433447
2.433954
2.433192
2.433184
2.432883
2.433555
2.433028
2.431923
2.433202
2.433366
2.433730
2.432407
2.431883
2.432124
2.433806
2.433773
2.434168
2.434114
2.434071
2.434837
2.434444
2.434556
2.433947
2.433991
2.434036
2.433569
2.434027
2.433931
2.434450
2.433640
2.433347
2.433766
2.434031
2.434697
2.434679
2.433992
2.433966
2.433745
2.433355
2.432827
2.433959
2.434394
2.435457
2.434322
2.433525
2.433155
2.434258
2.434267
2.433408
2.433338
2.432841
2.433557
2.433084
2.432551
2.432968
2.433498
2.433575
2.433076
2.433158
2.432995
2.434439
2.432541
2.432342
2.431921
2.432893
2.433034
2.433198
2.433221
2.433024
2.433715
2.433078
2.433192
2.432942
2.433211
2.433445
2.433363
2.433205
2.432724
2.433618
2.433384
2.433016
2.432725
2.432916
2.433506
2.432767
2.432954
2.432398
2.433118
2.433197
2.432599
2.433230
2.433122
2.434052
2.434502
2.434902
2.434018
2.434188
2.434011
2.433242
2.432839
2.433277
2.433964
2.433305
2.442960
2.465988
2.467877
2.467641
2.467121
2.467337
2.467072
2.467700
2.467190
2.467237
2.466320
2.466981
2.466264
2.466377
2.465609
2.465915
2.466525
2.465969
2.466097
2.465478
2.466121
2.465928
2.466913
2.466634
2.465622
2.467688
2.467284
2.467946
2.467757
2.467917
2.468222
2.468225
2.467790
2.467945
2.468480
2.468400
2.468359
2.468452
2.468431
2.467611
2.467895
2.468207
2.468234
2.468907
2.468563
2.468407
2.468867
2.467923
2.468017
2.467245
2.467252
2.468066
2.468399
2.469058
2.467797
2.468755
2.467808
2.468497
2.468433
2.468172
2.468049
2.468756
2.468928
2.468547
2.467814
2.468116
2.468833
2.468385
2.467854
2.467723
2.467802
2.466426
2.457882
2.438036
2.434723
2.435334
2.434469
2.434931
2.435782
2.436460
2.436535
2.436013
2.434764
2.434016
2.433944
2.433955
2.433607
2.433860
2.433584
2.434062
2.433825
2.433273
2.433418
2.433805
2.433577
2.433667
2.433110
2.432841
2.433285
2.433110
2.433541
2.433876
2.433512
2.432722
2.432265
2.432530
2.431262
2.432503
2.432665
2.433377
2.434620
2.433839
2.434587
2.433826
2.433165
2.432876
2.433528
2.432664
2.433543
2.432617
2.432866
2.432659
2.431582
2.431943
2.431154
2.432477
2.432737
2.431526
2.432844
2.432471
2.432508
2.432766
2.432205
2.432262
2.432166
2.432320
2.432175
2.432727
2.432118
2.433339
2.432939
2.432857
2.433217
2.433434
2.431929
2.432100
2.432459
2.431619
2.432895
2.432817
2.432297
2.431663
2.433217
2.433974
2.434021
2.433053
2.432718
2.433310
2.433314
2.432586
2.432615
2.432715
2.433154
2.433872
2.433890
2.433738
2.433445
2.432790
2.432433
2.433048
2.432781
2.433280
2.432901
2.432377
2.432199
2.433438
2.433174
2.432299
2.432453
2.432253
2.432700
2.432312
2.432770
2.432553
2.433454
2.432842
2.432685
2.436550
2.464113
2.466514
2.466713
2.466301
2.466128
2.466216
2.467378
2.467070
2.466950
2.466250
2.467313
2.466441
2.466610
2.466284
2.466135
2.466915
2.466781
2.466333
2.466382
2.466581
2.466320
2.466009
2.466286
2.466655
2.467444
2.467049
2.467068
2.467061
2.467316
2.467508
2.467254
2.466965
2.466582
2.467046
2.466669
2.466658
2.467066
2.467188
2.466573
2.466457
2.466167
2.466735
2.466841
2.467362
2.467428
2.467515
2.467470
2.467601
2.467171
2.466435
2.466757
2.467774
2.466842
2.466471
2.467152
2.467486
2.467483
2.467030
2.466746
2.466291
2.467740
2.467617
2.467362
2.467374
2.467116
2.468067
2.467523
2.467307
2.467374
2.467518
2.467355
2.459976
2.441782
2.435258
2.435808
2.435325
2.434974
2.434446
2.434788
2.435024
2.434956
2.434520
2.435307
2.435216
2.435273
2.435108
2.434661
2.435635
2.434872
2.434554
2.434242
2.434090
2.434358
2.434320
2.433609
2.433018
2.433025
2.431797
2.432639
2.432269
2.432910
2.434083
2.433833
2.432961
2.433677
2.433673
2.434626
2.434559
2.435102
2.435137
2.436073
2.436188
2.435672
2.435557
2.435632
2.436304
2.436388
2.436220
2.436022
2.436160
2.435741
2.435160
2.434739
2.434871
2.435560
2.434438
2.435959
2.435821
2.435821
2.435977
2.435696
2.435328
2.435910
2.436094
2.435624
2.435744
2.434632
2.434916
2.434958
2.434644
2.435054
2.435179
2.435973
2.434958
2.435400
2.435163
2.435215
2.436123
2.435189
2.435352
2.434798
2.434791
2.434548
2.434451
2.433907
2.434028
2.434226
2.434466
2.434441
2.434662
2.434927
2.434668
2.433923
2.435200
2.436076
2.436013
2.435332
2.433754
2.433994
2.434344
2.434122
2.434093
2.434627
2.434034
2.436170
2.434772
2.434486
2.434329
2.434849
2.433891
2.433721
2.433735
2.432869
2.433560
2.433757
2.433193
2.433611
2.458789
2.465901
2.464924
2.465627
2.464545
2.465550
2.466136
2.464817
2.465216
2.465464
2.465840
2.465288
2.464676
2.464288
2.465531
2.464820
2.464568
2.464990
2.464584
2.465264
2.465399
2.464818
2.464795
2.465600
2.464523
2.464952
2.464054
2.463371
2.464702
2.463953
2.463800
2.463814
2.464160
2.464685
2.464809
2.464320
2.463557
2.463843
2.462825
2.462475
2.462277
2.462969
2.462543
2.461736
2.461755
2.462230
2.462881
2.462304
2.462475
2.462785
2.462489
2.463531
2.462948
2.462766
2.462829
2.463142
2.462948
2.463347
2.463217
2.462673
2.463408
2.462773
2.463155
2.462550
2.462718
2.462503
2.462164
2.462149
2.462034
2.462376
2.461562
2.455580
2.440071
2.428121
2.428617
2.427854
2.427246
2.427242
2.428187
2.427613
2.428070
2.427800
2.427469
2.427848
2.427180
2.427646
2.427464
2.427565
2.426603
2.426790
2.426091
2.425514
2.425528
2.420334
2.420102
2.419264
2.419457
2.419770
2.420484
2.419767
2.421049
2.420698
2.421444
2.421108
2.420108
2.418697
2.418170
2.417166
2.414998
2.412474
2.410102
2.409446
2.406923
2.404116
2.402204
2.400048
2.399198
2.396579
2.399846
2.403103
2.408273
2.412221
2.412816
2.405606
2.417385
2.422877
2.423679
2.423629
2.417990
2.424511
2.424694
2.425234
2.425942
2.426288
2.426432
2.426113
2.426492
2.426386
2.427443
2.427160
2.426610
2.425907
2.426453
2.426301
2.426534
2.426628
2.426124
2.425818
2.426649
2.427177
2.427207
2.427209
2.428030
2.427729
2.427394
2.426934
2.427550
2.426935
2.426463
2.426699
2.426406
2.427236
2.426976
2.426820
2.426514
2.426693
2.427011
2.426397
2.426789
2.426388
2.446133
2.459145
2.458306
2.458309
2.458055
2.458553
2.458501
2.459469
2.458869
2.459219
2.459149
2.458994
2.459029
2.458786
2.459356
2.458620
2.458998
2.457600
2.458489
2.458256
2.457994
2.457468
2.457708
2.457597
2.457146
2.457559
2.456927
2.458307
2.459250
2.458402
2.457621
2.458168
2.457311
2.457575
2.458495
2.458168
2.459631
2.459570
2.458085
2.458110
2.457828
2.459048
2.458906
2.458310
2.459028
2.459958
2.460085
2.458329
2.458963
2.457539
2.458717
2.458590
2.457670
2.457588
2.457590
2.458368
2.457688
2.456533
2.457083
2.457327
2.457112
2.457240
2.457067
2.456995
2.457994
2.457479
2.457443
2.456809
2.457621
2.457377
2.457178
2.453157
2.441618
2.426823
2.424663
2.424745
2.423723
2.424189
2.424458
2.423658
2.425234
2.424132
2.425074
2.425213
2.424545
2.424840
2.424225
2.424700
2.424535
2.425241
2.425236
2.425555
2.425445
2.424899
2.425042
2.425104
2.425361
2.424866
2.424816
2.425152
2.425697
2.425224
2.424921
2.425064
2.425653
2.426292
2.425288
2.424728
2.424739
2.424859
2.425741
2.425457
2.425380
2.425959
2.426132
2.425764
2.426156
2.425136
2.425498
2.425905
2.424316
2.424646
2.424373
2.425694
2.425574
2.425623
2.424988
2.425040
2.425442
2.424360
2.424442
2.424301
2.423328
2.420315
2.420155
2.419966
2.421741
2.422619
2.423030
2.423561
2.424196
2.424086
2.423213
2.422470
2.422632
2.422472
2.423269
2.423010
2.423075
2.424532
2.424376
2.423917
2.423632
2.422830
2.422714
2.423356
2.422940
2.422543
2.423016
2.423243
2.422723
2.423128
2.422869
2.422884
2.423494
2.422210
2.422074
2.422031
2.421343
2.421882
2.421789
2.421518
2.421613
2.422525
2.421896
2.422245
2.421942
2.422100
2.423025
2.422243
2.422138
2.421835
2.422631
2.422048
2.422149
2.422411
2.422479
2.436045
2.455813
2.456394
2.456330
2.457182
2.457082
2.457672
2.457526
2.457016
2.458100
2.457421
2.457319
2.457477
2.457912
2.457665
2.457815
2.457497
2.456849
2.457351
2.457797
2.457207
2.457413
2.457080
2.457728
2.457335
2.457305
2.457556
2.460028
2.459839
2.459517
2.458811
2.460057
2.460768
2.460694
2.460851
2.460420
2.461669
2.461269
2.461513
2.460924
2.460359
2.461619
2.461693
2.461647
2.461631
2.462093
2.461976
2.461772
2.461868
2.461588
2.462340
2.461888
2.461524
2.461821
2.462148
2.461686
2.462201
2.462242
2.461441
2.461116
2.461109
2.461011
2.460345
2.460945
2.461564
2.462074
2.461305
2.461224
2.461849
2.461979
2.460646
2.458776
2.451642
2.431316
2.429206
2.429613
2.428545
2.429214
2.429169
2.428179
2.429422
2.429083
2.429487
2.429298
2.429309
2.428848
2.429433
2.428949
2.428707
2.428551
2.428843
2.429089
2.428101
2.426260
2.426416
2.426999
2.426848
2.426516
2.426614
2.426677
2.427663
2.427236
2.427555
2.427568
2.428123
2.428216
2.427928
2.428190
2.428328
2.429523
2.429010
2.428644
2.428517
2.428479
2.428496
2.428346
2.428420
2.427083
2.427274
2.427239
2.428774
2.428661
2.427859
2.429260
2.428980
2.428156
2.428532
2.429582
2.428808
2.428244
2.427840
2.428434
2.429767
2.428653
2.428592
2.428485
2.429556
2.428530
2.427996
2.428055
2.428070
2.428794
2.429315
2.428796
2.428399
2.429401
2.428840
2.428079
2.428482
2.428286
2.429470
2.429216
2.428665
2.427551
2.427656
2.428697
2.429148
2.429234
2.429194
2.429696
2.429066
2.428785
2.428636
2.428498
2.429299
2.429067
2.428939
2.429188
2.430001
2.429175
2.428932
2.428632
2.428166
2.428872
2.428451
2.428638
2.429195
2.428974
2.428777
2.428476
2.428160
2.427715
2.428776
2.428491
2.427720
2.427510
2.428455
2.434658
2.460282
2.461083
2.461278
2.461776
2.460819
2.461159
2.461532
2.461218
2.461207
2.461783
2.462099
2.461309
2.462029
2.461628
2.462253
2.461938
2.461932
2.462578
2.461864
2.461695
2.461782
2.462229
2.461811
2.461476
2.461891
2.461782
2.461902
2.461788
2.461652
2.461656
2.462186
2.461324
2.461573
2.461228
2.461315
2.462144
2.462100
2.461835
2.461474
2.462984
2.462502
2.462019
2.462504
2.462312
2.462828
2.461354
2.460874
2.461600
2.461509
2.461906
2.461524
2.461429
2.461333
2.462620
2.462997
2.462170
2.462253
2.462150
2.462386
2.461799
2.461811
2.461613
2.462555
2.462364
2.461558
2.461336
2.461523
2.462438
2.461740
2.462227
2.460673
2.454156
2.433992
2.429067
2.428997
2.429036
2.429574
2.429062
2.429062
2.428359
2.428697
2.427651
2.427819
2.428061
2.428029
2.429689
2.428788
2.428483
2.428473
2.428341
2.428590
2.428400
2.428043
2.428684
2.429221
2.428691
2.429190
2.428832
2.429463
2.429067
2.428906
2.428913
2.428896
2.429432
2.429677
2.430260
2.429875
2.429520
2.430657
2.430338
2.429879
2.430403
2.431159
2.430930
2.430481
2.430713
2.430764
2.431714
2.430539
2.429988
2.429821
2.431360
2.431203
2.430814
2.430729
2.430346
2.431402
2.430660
2.431438
2.430792
2.431061
2.430890
2.430269
2.430594
2.430394
2.431250
2.430422
2.429796
2.429767
2.429853
2.429726
2.430488
2.430069
2.430100
2.430187
2.429644
2.429821
2.430156
2.430490
2.429859
2.429857
2.429595
2.429412
2.429625
2.428837
2.428627
2.428755
2.430122
2.430303
2.430124
2.429638
2.429524
2.430473
2.430024
2.430282
2.430069
2.429545
2.429991
2.429942
2.429371
2.428972
2.429950
2.430112
2.429469
2.429528
2.429519
2.429883
2.429475
2.429390
2.429142
2.429810
2.429699
2.428709
2.428277
2.428131
2.428269
2.429749
2.457750
2.460851
2.460963
2.461454
2.461728
2.461304
2.460966
2.461444
2.460587
2.461278
2.460967
2.460996
2.462078
2.461149
2.460571
2.460244
2.460846
2.460645
2.460090
2.459709
2.459077
2.460366
2.459324
2.460012
2.459565
2.459413
2.459319
2.459097
2.458531
2.459397
2.459312
2.459034
2.458633
2.459077
2.458217
2.457931
2.457365
2.457569
2.457715
2.457746
2.456852
2.456875
2.456596
2.457035
2.456579
2.457072
2.456531
2.456021
2.456403
2.456270
2.456122
2.455745
2.456169
2.456478
2.456908
2.457079
2.457352
2.457014
2.456300
2.456117
2.456277
2.456453
2.456967
2.455894
2.455578
2.456395
2.457228
2.456309
2.456101
2.455565
2.455912
2.449462
2.432531
2.423112
2.422911
2.423585
2.423627
2.423871
2.423542
2.424437
2.425037
2.423552
2.423416
2.422630
2.423465
2.422944
2.422311
2.421218
2.420927
2.421532
2.421689
2.421531
2.420794
2.420873
2.421165
2.420477
2.419992
2.420124
2.421719
2.420869
2.420596
2.421170
2.421104
2.422119
2.419885
2.420178
2.420326
2.421145
2.419965
2.417812
2.419402
2.418795
2.418695
2.418899
2.418349
2.417284
2.416742
2.416250
2.416353
2.415431
2.415562
2.415398
2.415155
2.415093
2.415020
2.415596
2.415177
2.414097
2.414264
2.413719
2.414271
2.413419
2.413035
2.412705
2.411907
2.411505
2.409533
2.409158
2.408069
2.406981
2.407048
2.405632
2.404307
2.402835
2.401633
2.398790
2.399743
2.397872
2.395620
2.394192
2.392302
2.393309
2.392128
2.389108
2.386443
2.384930
2.385597
2.389069
2.389093
2.389933
2.390195
2.391508
2.394540
2.395583
2.396920
2.398517
2.400918
2.402052
2.404163
2.405611
2.407839
2.410245
2.410723
2.412379
2.413385
2.414811
2.415236
2.416389
2.416464
2.415757
2.416703
2.415602
2.415881
2.416768
2.416127
2.416375
2.416706
2.439527
2.448865
2.450101
2.448400
2.447265
2.446755
2.445899
2.445965
2.443110
2.441990
2.440812
2.439528
2.437658
2.435127
2.433836
2.431883
2.429360
2.425730
2.421596
2.417846
2.413365
2.410342
2.408050
2.407089
2.406245
2.405538
2.403069
2.400706
2.396222
2.390752
2.386080
2.383049
2.380767
2.374328
2.369915
2.365694
2.360796
2.356855
2.351054
2.343721
2.340249
2.334980
2.337029
2.340265
2.342073
2.333484
2.335084
2.344644
2.354698
2.360005
2.362950
2.362792
2.370446
2.377571
2.382969
2.386836
2.390845
2.395171
2.397070
2.399341
2.399135
2.401356
2.406568
2.413321
2.421799
2.428222
2.435036
2.440158
2.444063
2.444863
2.445523
2.440691
2.427943
2.413741
2.414753
2.416232
2.416840
2.417917
2.418330
2.418608
2.420207
2.420042
2.421031
2.420298
2.421990
2.421750
2.421933
2.421492
2.421770
2.422067
2.421722
2.421563
2.420650
2.422368
2.420265
2.419403
2.418856
2.418958
2.419659
2.419098
2.417780
2.417939
2.417550
2.413304
2.410724
2.411824
2.411534
2.413058
2.413423
2.413432
2.413964
2.415212
2.415336
2.415300
2.415546
2.415225
2.415728
2.415988
2.417172
2.417802
2.418196
2.417578
2.417525
2.417956
2.420022
2.423698
2.423140
2.424434
2.425033
2.425097
2.424963
2.424580
2.424413
2.424687
2.425833
2.424366
2.425225
2.425492
2.424745
2.424298
2.424337
2.424309
2.424538
2.425143
2.424649
2.423701
2.423680
2.424849
2.424839
2.425703
2.426022
2.424600
2.425700
2.424967
2.423862
2.423511
2.423607
2.424074
2.424716
2.424471
2.424988
2.425275
2.424712
2.424485
2.425037
2.425241
2.423998
2.423978
2.423026
2.423190
2.424150
2.423703
2.423908
2.423271
2.423071
2.424492
2.424194
2.424408
2.424121
2.424074
2.424478
2.424489
2.424050
2.423717
2.424462
2.423243
2.423750
2.440091
2.457047
2.457276
2.457263
2.457426
2.457019
2.458400
2.457798
2.457395
2.457075
2.456903
2.458220
2.457142
2.457016
2.456505
2.457262
2.457364
2.457592
2.457240
2.457446
2.458768
2.457477
2.458093
2.457131
2.457184
2.457108
2.456253
2.456611
2.456561
2.457534
2.456646
2.456335
2.456092
2.456135
2.457018
2.456485
2.456137
2.456331
2.456565
2.456781
2.456187
2.456978
2.456420
2.456735
2.455644
2.455946
2.455816
2.457176
2.456763
2.456643
2.457306
2.457605
2.457462
2.457491
2.457218
2.456874
2.457311
2.457325
2.456827
2.456447
2.456827
2.457858
2.457192
2.457429
2.457262
2.457458
2.457470
2.456734
2.457453
2.457228
2.457387
2.453446
2.443572
2.425320
2.423735
2.423156
2.422758
2.422779
2.422982
2.423711
2.423905
2.422987
2.423785
2.424023
2.424284
2.423124
2.423620
2.423629
2.424432
2.423986
2.423705
2.423340
2.423553
2.423608
2.423034
2.422782
2.422868
2.422889
2.423375
2.422767
2.422580
2.422664
2.423060
2.422985
2.423019
2.423392
2.423513
2.423424
2.423335
2.422797
2.423379
2.424057
2.423794
2.423985
2.423682
2.424303
2.424217
2.423675
2.424167
2.424763
2.425801
2.424408
2.424423
2.423963
2.424057
2.424757
2.424299
2.424542
2.424307
2.424514
2.424380
2.424107
2.424359
2.424363
2.424972
2.424737
2.424601
2.425185
2.425783
2.425390
2.425386
2.425148
2.425770
2.426096
2.425354
2.424834
2.424341
2.424905
2.425000
2.425478
2.424327
2.424261
2.424160
2.423586
2.423764
2.423168
2.422943
2.423223
2.422648
2.424231
2.424046
2.424703
2.424486
2.424752
2.425016
2.424955
2.425300
2.424450
2.425015
2.424448
2.425324
2.423868
2.423455
2.423452
2.423865
2.425241
2.423883
2.425100
2.425427
2.426414
2.426108
2.425711
2.425048
2.423979
2.424248
2.424107
2.424613
2.433175
2.457255
2.458397
2.458855
2.458137
2.458309
2.459176
2.459742
2.458833
2.458569
2.458563
2.458937
2.458770
2.458231
2.458383
2.458800
2.457381
2.457897
2.457415
2.457285
2.457167
2.456882
2.456498
2.456341
2.456712
2.454737
2.453585
2.452722
2.453168
2.454438
2.453649
2.453929
2.453584
2.453509
2.452629
2.452534
2.452611
2.452583
2.452883
2.452551
2.452561
2.452219
2.452576
2.452651
2.452559
2.452728
2.452674
2.453675
2.453414
2.453544
2.453290
2.454213
2.454964
2.454247
2.454389
2.454345
2.454863
2.455011
2.455055
2.454368
2.454576
2.455069
2.454649
2.454703
2.455249
2.455357
2.455454
2.455859
2.455829
2.456513
2.457361
2.455677
2.448196
2.427962
2.425361
2.424840
2.425330
2.425630
2.427162
2.426952
2.427408
2.427107
2.427595
2.427231
2.426912
2.426299
2.426456
2.427258
2.427564
2.427631
2.428121
2.427090
2.428739
2.428698
2.428191
2.427989
2.428542
2.428815
2.428347
2.428074
2.428006
2.428485
2.428010
2.427723
2.428849
2.429491
2.430324
2.429672
2.429760
2.429383
2.430180
2.430512
2.429861
2.429714
2.429500
2.429681
2.429566
2.429484
2.429494
2.430131
2.430590
2.430183
2.430248
2.429741
2.430880
2.430773
2.430436
2.430226
2.430406
2.430608
2.429665
2.429855
2.429428
2.430360
2.429839
2.429599
2.429307
2.429405
2.429743
2.429474
2.429824
2.429462
2.429970
2.429371
2.428707
2.428393
2.428264
2.429316
2.429191
2.428964
2.429146
2.429631
2.429439
2.428883
2.429102
2.428907
2.428586
2.427864
2.428213
2.428191
2.428751
2.429662
2.429359
2.428864
2.429160
2.429993
2.429079
2.429529
2.428757
2.429583
2.429171
2.428636
2.428275
2.428228
2.429201
2.428771
2.428771
2.428479
2.428720
2.429246
2.428804
2.429244
2.428440
2.428702
2.428534
2.428299
2.428445
2.431769
2.460004
2.461069
2.461225
2.459956
2.460176
2.461430
2.461740
2.462500
2.462320
2.463398
2.462995
2.462300
2.462057
2.462507
2.463024
2.462535
2.462838
2.462178
2.462533
2.461716
2.461320
2.460988
2.461950
2.462497
2.462265
2.462282
2.461535
2.462575
2.462443
2.462575
2.462051
2.461561
2.462582
2.461962
2.462071
2.462006
2.462528
2.462729
2.462246
2.462559
2.462524
2.462772
2.462520
2.462839
2.462986
2.463224
2.463315
2.463182
2.462829
2.462922
2.463720
2.463070
2.463078
2.462767
2.463323
2.463549
2.462715
2.463024
2.463291
2.463153
2.462975
2.462022
2.462186
2.462206
2.462100
2.461349
2.460791
2.460793
2.461752
2.462441
2.461261
2.453676
2.434341
2.427742
2.427105
2.427693
2.426617
2.428463
2.427126
2.427444
2.428415
2.428408
2.429227
2.429568
2.429274
2.428954
2.429612
2.429233
2.428767
2.428533
2.428277
2.429078
2.428192
2.428001
2.427629
2.427831
2.427884
2.428222
2.427851
2.427858
2.427992
2.427831
2.427639
2.427624
2.427965
2.428481
2.428851
2.428030
2.428132
2.428451
2.429152
2.429336
2.429730
2.429304
2.430911
2.429842
2.429713
2.428204
2.428595
2.428429
2.428675
2.428249
2.428012
2.429276
2.429693
2.429044
2.429484
2.430037
2.429843
2.429045
2.428839
2.428614
2.429410
2.428473
2.428960
2.428805
2.429748
2.429484
2.429094
2.428868
2.428465
2.429954
2.429007
2.429208
2.429917
2.429869
2.429835
2.429254
2.428891
2.428409
2.430417
2.429131
2.428483
2.428547
2.428336
2.429179
2.429549
2.429793
2.430106
2.431462
2.430972
2.431040
2.430117
2.430299
2.431363
2.430578
2.430905
2.430559
2.431303
2.431062
2.430947
2.430543
2.430345
2.430441
2.429890
2.430547
2.430412
2.430978
2.431024
2.430601
2.430746
2.430509
2.431362
2.430722
2.430559
2.430680
2.431279
2.457912
2.463697
2.464310
2.464126
2.464280
2.463658
2.464241
2.464301
2.464190
2.465531
2.464584
2.464226
2.464131
2.464881
2.464269
2.464569
2.464174
2.463934
2.464826
2.464221
2.464526
2.464029
2.464681
2.464741
2.464502
2.464471
2.464048
2.464684
2.464483
2.464099
2.464350
2.464455
2.464763
2.464508
2.464085
2.463986
2.465158
2.464819
2.464808
2.464578
2.464879
2.465151
2.464915
2.465276
2.464823
2.465576
2.465328
2.465628
2.465670
2.464750
2.465342
2.465401
2.465102
2.465072
2.465523
2.464716
2.465597
2.464811
2.465063
2.464606
2.464679
2.464277
2.464203
2.464885
2.464626
2.463663
2.464266
2.464765
2.465591
2.465201
2.465380
2.458463
2.443728
2.432407
2.431873
2.432122
2.432768
2.432886
2.431679
2.432511
2.431875
2.433066
2.432398
2.431262
2.431401
2.430521
2.431167
2.431605
2.431303
2.431378
2.431676
2.432245
2.431967
2.432017
2.430657
2.433606
2.432921
2.432688
2.432636
2.432758
2.433082
2.432248
2.432660
2.432180
2.432696
2.432243
2.431902
2.431054
2.432062
2.432458
2.431783
2.432445
2.432246
2.432336
2.432890
2.433531
2.433321
2.434105
2.434933
2.434742
2.434781
2.433830
2.434201
2.434314
2.433022
2.433847
2.434819
2.435123
2.433513
2.433606
2.433302
2.433673
2.434561
2.433439
2.434690
2.434042
2.434754
2.433612
2.433028
2.432425
2.431819
2.431391
2.430468
2.430374
2.431661
2.432543
2.432137
2.431459
2.430925
2.431778
2.432410
2.432026
2.431874
2.429391
2.430851
2.430052
2.430866
2.430411
2.430350
2.432827
2.431461
2.431454
2.431233
2.432387
2.432191
2.432360
2.432353
2.431745
2.432393
2.432041
2.431558
2.432483
2.432176
2.432918
2.431981
2.432537
2.431682
2.432243
2.431998
2.431458
2.432002
2.431125
2.431702
2.430910
2.431994
2.430718
2.431347
2.451335
2.464784
2.465626
2.465312
2.465714
2.464852
2.465106
2.465312
2.466972
2.465746
2.465842
2.466196
2.466257
2.466164
2.465628
2.465011
2.465408
2.465948
2.466072
2.466197
2.466378
2.465701
2.466114
2.465270
2.464873
2.464707
2.465138
2.465494
2.465078
2.465451
2.464950
2.466493
2.465432
2.465530
2.465808
2.465132
2.466043
2.465981
2.465573
2.465870
2.466373
2.466260
2.466005
2.466064
2.466013
2.466521
2.466280
2.465951
2.466252
2.466816
2.466440
2.466335
2.466431
2.466304
2.466831
2.466233
2.466451
2.466588
2.466679
2.466244
2.466370
2.466568
2.465973
2.467085
2.466596
2.465964
2.466134
2.466801
2.466612
2.466246
2.466577
2.461796
2.450790
2.433870
2.433278
2.433403
2.433684
2.433964
2.434305
2.433857
2.433614
2.434579
2.433838
2.434192
2.433878
2.434537
2.433767
2.434263
2.433490
2.433078
2.433577
2.432538
2.432253
2.431889
2.431752
2.432293
2.431698
2.431535
2.431560
2.432087
2.431844
2.431065
2.432015
2.431613
2.432286
2.432243
2.432067
2.431934
2.432061
2.432498
2.432732
2.432662
2.432967
2.433939
2.432660
2.433349
2.433352
2.433416
2.432746
2.432348
2.431690
2.431703
2.433711
2.432220
2.432498
2.432437
2.433071
2.432239
2.432336
2.431384
2.431849
2.432861
2.432087
2.431771
2.431627
2.431966
2.433529
2.433071
2.432778
2.433112
2.433207
2.432969
2.432736
2.432262
2.433317
2.432207
2.431580
2.431641
2.431725
2.432343
2.432457
2.432811
2.433076
2.433903
2.434366
2.434205
2.432983
2.432631
2.433915
2.434480
2.434571
2.433609
2.432724
2.433493
2.433572
2.433590
2.432893
2.432868
2.433648
2.433735
2.432840
2.433475
2.433994
2.434450
2.434520
2.435337
2.434704
2.434414
2.433402
2.433032
2.433083
2.433579
2.432843
2.432743
2.432615
2.432573
2.434046
2.445672
2.465388
2.466513
2.466170
2.465031
2.465312
2.465246
2.466065
2.466093
2.465916
2.465605
2.465122
2.465545
2.464764
2.465794
2.466876
2.467052
2.467039
2.466449
2.466004
2.465870
2.466123
2.465949
2.464991
2.464752
2.464451
2.465023
2.465148
2.464559
2.464749
2.465172
2.465560
2.465057
2.465049
2.464910
2.465180
2.465482
2.465927
2.464714
2.464079
2.464818
2.464748
2.464731
2.464939
2.465926
2.465781
2.465664
2.465527
2.465371
2.465973
2.465341
2.465226
2.465165
2.465559
2.465473
2.464592
2.465203
2.464821
2.465278
2.464350
2.464382
2.464296
2.464546
2.464468
2.464009
2.464629
2.464690
2.464482
2.464221
2.464415
2.463878
2.461449
2.453010
2.432061
2.431068
2.431198
2.431560
2.431634
2.431458
2.431203
2.431756
2.431793
2.431327
2.431578
2.431186
2.431417
2.431142
2.430859
2.431329
2.431591
2.431826
2.430874
2.430773
2.430332
2.431211
2.431043
2.430831
2.430304
2.429469
2.430186
2.429727
2.429294
2.429164
2.429868
2.430176
2.429509
2.429351
2.429531
2.430374
2.429402
2.429852
2.429867
2.430338
2.431570
2.430966
2.431042
2.430917
2.431653
2.431096
2.431270
2.431309
2.430859
2.431282
2.431278
2.431145
2.431220
2.431496
2.431019
2.430997
2.430101
2.430310
2.430704
2.430379
2.429751
2.429641
2.430087
2.429463
2.430196
2.429741
2.429417
2.430065
2.429238
2.428761
2.429411
2.430373
2.429230
2.429178
2.428596
2.429042
2.429466
2.428511
2.428849
2.429606
2.430274
2.430676
2.430171
2.430321
2.430444
2.431298
2.431224
2.430832
2.431704
2.431699
2.432235
2.431893
2.431657
2.431352
2.432299
2.431709
2.431270
2.431364
2.431529
2.431955
2.431982
2.431507
2.430662
2.430924
2.430735
2.430508
2.430871
2.431594
2.431605
2.431439
2.431514
2.430678
2.430477
2.430409
2.436963
2.462898
2.463402
2.464091
2.463204
2.463689
2.463812
2.465163
2.464285
2.464283
2.464612
2.464336
2.464630
2.463976
2.463741
2.463806
2.464847
2.464954
2.464692
2.464972
2.464471
2.464710
2.464141
2.463666
2.463288
2.461931
2.462066
2.461638
2.461575
2.461492
2.463070
2.462209
2.461464
2.462077
2.461416
2.462981
2.462569
2.462360
2.461421
2.461967
2.462710
2.462139
2.463010
2.463136
2.462887
2.462211
2.463081
2.463271
2.463598
2.463307
2.463633
2.463428
2.462623
2.463583
2.463189
2.463071
2.461151
2.462113
2.463335
2.461709
2.461430
2.462343
2.463440
2.462539
2.464196
2.464216
2.463732
2.464053
2.463125
2.463292
2.463567
2.462906
2.455694
2.434952
2.430264
2.430047
2.430311
2.430024
2.430567
2.430996
2.432268
2.431726
2.432684
2.432740
2.432757
2.433020
2.432653
2.432800
2.431613
2.432713
2.432873
2.432119
2.432809
2.431968
2.433287
2.432358
2.431789
2.431703
2.431780
2.432426
2.431892
2.431761
2.431659
2.431751
2.432073
2.431819
2.432132
2.432743
2.432910
2.432318
2.432257
2.432308
2.432686
2.432864
2.433015
2.432647
2.433226
2.433466
2.432395
2.432936
2.432619
2.433174
2.432646
2.432443
2.432587
2.432733
2.433438
2.432610
2.433369
2.433009
2.433447
2.433383
2.432982
2.432184
2.432575
2.432576
2.432246
2.432175
2.432181
2.431912
2.432615
2.432149
2.432150
2.432249
2.432729
2.432186
2.432053
2.431966
2.431345
2.431703
2.431934
2.431892
2.431582
2.432975
2.431966
2.432318
2.431870
2.432363
2.432569
2.432511
2.432380
2.432615
2.433307
2.431813
2.432174
2.432176
2.432265
2.433402
2.432460
2.432235
2.431982
2.432497
2.431927
2.431947
2.432249
2.431761
2.432731
2.432247
2.431398
2.431940
2.432075
2.431845
2.431674
2.431453
2.431347
2.431794
2.431343
2.432499
2.460185
2.464525
2.464927
2.464793
2.464488
2.464006
2.465329
2.464757
2.463927
2.464713
2.464589
2.464790
2.464389
2.464424
2.464486
2.465144
2.465084
2.464851
2.464570
2.464583
2.464094
2.464375
2.464290
2.464150
2.465151
2.463783
2.464030
2.463722
2.464430
2.465137
2.464154
2.465278
2.464400
2.464494
2.464078
2.463702
2.463241
2.463459
2.464343
2.463488
2.464165
2.464010
2.463020
2.462243
2.462937
2.462603
2.463223
2.463446
2.462961
2.462085
2.462736
2.462727
2.463146
2.463311
2.462308
2.460555
2.460697
2.461742
2.461721
2.460908
2.462325
2.461985
2.462206
2.461946
2.461937
2.463091
2.462479
2.462072
2.462105
2.462229
2.462905
2.455066
2.438386
2.428607
2.429236
2.428716
2.428364
2.428659
2.428801
2.429251
2.428793
2.428432
2.428694
2.428873
2.429354
2.429186
2.429168
2.430041
2.429876
2.429236
2.429705
2.428705
2.429325
2.429421
2.428961
2.428461
2.428056
2.429616
2.428473
2.427701
2.428380
2.428030
2.428713
2.429142
2.428764
2.428424
2.428817
2.428436
2.428410
2.428525
2.428325
2.429132
2.428627
2.427862
2.427580
2.428073
2.428098
2.428371
2.428104
2.428153
2.429738
2.429322
2.429125
2.428730
2.428814
2.428642
2.429056
2.429771
2.429691
2.429681
2.429127
2.428367
2.428385
2.428641
2.428908
2.428695
2.427068
2.426305
2.428024
2.427838
2.427854
2.427682
2.427534
2.427948
2.427970
2.427558
2.427148
2.428079
2.427758
2.427436
2.427366
2.427604
2.428327
2.427986
2.427845
2.426952
2.428949
2.428451
2.428153
2.428166
2.428168
2.429217
2.428405
2.428087
2.428535
2.428582
2.428672
2.428181
2.428556
2.428324
2.428832
2.428818
2.428582
2.428570
2.429504
2.428736
2.428461
2.428681
2.429468
2.429552
2.429018
2.429019
2.428660
2.428608
2.428306
2.428760
2.428278
2.451156
2.461999
2.462064
2.462206
2.462040
2.461375
2.460936
2.462109
2.461795
2.462758
2.463626
2.463621
2.463420
2.463220
2.463270
2.464045
2.463453
2.463597
2.463554
2.464123
2.463561
2.463515
2.463613
2.462929
2.463846
2.463030
2.463189
2.462957
2.463761
2.463346
2.462923
2.462371
2.462504
2.462193
2.462333
2.462624
2.463397
2.463634
2.463682
2.463150
2.463392
2.463407
2.464451
2.463700
2.463204
2.463174
2.463830
2.463706
2.463210
2.463672
2.463701
2.464343
2.464051
2.463932
2.463658
2.463810
2.464077
2.464021
2.463660
2.463661
2.464201
2.463936
2.463762
2.463561
2.463688
2.464058
2.463681
2.463740
2.463638
2.463892
2.463630
2.457539
2.445584
2.430909
2.431386
2.430887
2.431080
2.431257
2.431579
2.431478
2.430614
2.431394
2.431229
2.431120
2.431379
2.430804
2.431108
2.431707
2.431311
2.430440
2.430362
2.429697
2.430589
2.430643
2.430264
2.430308
2.430108
2.430289
2.429616
2.430131
2.429795
2.430767
2.429690
2.429557
2.428258
2.428943
2.430180
2.428956
2.429937
2.429018
2.428847
2.429588
2.430748
2.430764
2.431200
2.430915
2.429674
2.429525
2.429160
2.429478
2.429560
2.429196
2.429855
2.429942
2.430607
2.429751
2.429632
2.428969
2.429039
2.429586
2.428984
2.429479
2.428759
2.429205
2.428483
2.427912
2.427580
2.428073
2.428241
2.428306
2.427229
2.427214
2.427750
2.427561
2.427438
2.427741
2.427829
2.427725
2.426976
2.426657
2.426913
2.427433
2.427384
2.427447
2.426724
2.427462
2.429194
2.427381
2.427908
2.428512
2.429199
2.428105
2.428583
2.428566
2.428309
2.428769
2.428097
2.427763
2.428542
2.428438
2.428084
2.427940
2.428252
2.428200
2.428318
2.427496
2.427588
2.426991
2.428498
2.428557
2.427654
2.427585
2.427668
2.428884
2.428471
2.427908
2.427245
2.443778
2.460557
2.460306
2.460307
2.460213
2.461050
2.461040
2.461149
2.461363
2.461490
2.462103
2.460583
2.461263
2.461152
2.461944
2.461398
2.460742
2.461267
2.461126
2.461695
2.461260
2.461340
2.461417
2.461786
2.461480
2.460799
2.460833
2.460990
2.461736
2.461126
2.460869
2.461051
2.461673
2.462089
2.462085
2.461983
2.461746
2.462093
2.461739
2.462144
2.461722
2.462233
2.462366
2.461852
2.461519
2.461826
2.462221
2.462148
2.462090
2.461184
2.460569
2.461790
2.460930
2.461091
2.461541
2.461709
2.461234
2.460869
2.460853
2.460507
2.461313
2.461233
2.460932
2.460216
2.460634
2.461005
2.461317
2.460806
2.460804
2.460949
2.460607
2.456430
2.446945
2.429126
2.428024
2.427306
2.427369
2.427474
2.428466
2.427852
2.428145
2.428034
2.428156
2.428046
2.427892
2.427735
2.427751
2.428790
2.427706
2.427461
2.428006
2.427748
2.427798
2.427716
2.427238
2.426624
2.427678
2.427579
2.427056
2.427449
2.427678
2.427979
2.427605
2.426999
2.426912
2.428772
2.428297
2.426591
2.427189
2.427872
2.428647
2.428665
2.428513
2.428482
2.428825
2.428239
2.428358
2.428144
2.428407
2.428716
2.430413
2.429590
2.428666
2.428675
2.428973
2.428696
2.428213
2.427996
2.429582
2.428990
2.429142
2.429290
2.429553
2.430144
2.429169
2.429161
2.428946
2.430390
2.429815
2.429481
2.429484
2.428822
2.429082
2.429025
2.428480
2.428945
2.430173
2.429575
2.429043
2.429341
2.429008
2.428898
2.428313
2.428347
2.427458
2.429714
2.429339
2.428856
2.428323
2.428787
2.430000
2.429429
2.429963
2.430213
2.430310
2.430077
2.429208
2.428963
2.428428
2.430053
2.429508
2.429274
2.428468
2.428674
2.429533
2.428898
2.429214
2.429112
2.429869
2.428882
2.428426
2.427862
2.428218
2.429582
2.428409
2.427965
2.427688
2.437715
2.460271
2.460626
2.461611
2.462137
2.462682
2.462471
2.461669
2.461293
2.461346
2.461528
2.461505
2.461714
2.461001
2.462435
2.462222
2.461631
2.462431
2.462879
2.463214
2.463380
2.459674
2.459295
2.460095
2.460781
2.459797
2.459371
2.459006
2.459792
2.459729
2.459820
2.460377
2.461100
2.459777
2.458792
2.459183
2.459288
2.460209
2.459686
2.460521
2.459976
2.461076
2.460733
2.462248
2.461375
2.460724
2.460766
2.460330
2.460546
2.460119
2.461383
2.460876
2.461010
2.460269
2.460687
2.461373
2.460491
2.460188
2.459478
2.459832
2.460402
2.460929
2.460336
2.460301
2.460538
2.460927
2.460311
2.460757
2.460552
2.460793
2.460285
2.458638
2.450485
2.430853
2.428018
2.427394
2.427382
2.427232
2.427866
2.426740
2.426872
2.426654
2.427878
2.427897
2.428010
2.428053
2.428258
2.429010
2.428092
2.427631
2.427511
2.428182
2.427834
2.427276
2.428079
2.425956
2.425370
2.425310
2.426017
2.424431
2.425743
2.426349
2.425802
2.426578
2.426465
2.426257
2.426612
2.427214
2.426410
2.426255
2.426720
2.426846
2.426592
2.426764
2.427733
2.426973
2.427537
2.427287
2.427161
2.427765
2.427353
2.427840
2.427604
2.428675
2.428786
2.427414
2.428265
2.427925
2.429060
2.429048
2.428459
2.428008
2.428767
2.427874
2.428129
2.427999
2.428025
2.429301
2.429467
2.429054
2.428942
2.429576
2.428706
2.428679
2.428900
2.428486
2.429825
2.427978
2.427736
2.428033
2.427996
2.427573
2.427416
2.428700
2.428237
2.429347
2.428895
2.428722
2.429141
2.429323
2.429929
2.429448
2.428783
2.428492
2.429562
2.428983
2.428970
2.428583
2.429212
2.429062
2.429080
2.428972
2.428579
2.429449
2.429318
2.429086
2.428945
2.428932
2.429101
2.428852
2.428470
2.428214
2.429243
2.428463
2.428455
2.428067
2.428083
2.432258
2.459022
2.461119
2.461414
2.462128
2.461947
2.461757
2.461831
2.462016
2.462239
2.462609
2.462432
2.461656
2.461823
2.461948
2.461618
2.461951
2.462471
2.462999
2.462495
2.462461
2.462416
2.463128
2.462530
2.461801
2.462748
2.461748
2.462382
2.461492
2.461369
2.461357
2.460399
2.460713
2.460201
2.460579
2.459862
2.461249
2.460883
2.460506
2.460791
2.460550
2.461044
2.461120
2.461026
2.460905
2.461704
2.461649
2.461258
2.461602
2.463040
2.464045
2.463858
2.463110
2.463108
2.463724
2.463247
2.463279
2.462985
2.462810
2.463776
2.463414
2.463562
2.462505
2.462926
2.463127
2.462874
2.462656
2.462479
2.463353
2.462982
2.462883
2.462204
2.454883
2.437635
2.429783
2.430158
2.429440
2.429641
2.429267
2.428678
2.428589
2.429702
2.429833
2.429232
2.428733
2.429487
2.430243
2.429439
2.429538
2.429870
2.429962
2.430398
2.429847
2.429358
2.429419
2.429854
2.429636
2.427898
2.427757
2.427688
2.428461
2.427475
2.427801
2.427043
2.428438
2.427980
2.427891
2.427765
2.427417
2.428576
2.428021
2.427276
2.426870
2.427908
2.427853
2.426888
2.427716
2.427812
2.427028
2.425933
2.426729
2.426282
2.427205
2.426640
2.426081
2.427257
2.426822
2.427375
2.427713
2.427474
2.428007
2.428075
2.428266
2.427587
2.427062
2.426708
2.427531
2.428167
2.427328
2.426637
2.427149
2.428035
2.428134
2.427114
2.427420
2.427801
2.428205
2.427225
2.426657
2.426378
2.427425
2.426258
2.426054
2.426318
2.427433
2.427962
2.427740
2.427783
2.427651
2.429065
2.428480
2.427973
2.428045
2.427976
2.429065
2.428406
2.428392
2.429126
2.429472
2.428783
2.428634
2.428834
2.428523
2.429804
2.428828
2.428567
2.429363
2.429649
2.430005
2.431133
2.430322
2.430319
2.430476
2.429150
2.428920
2.427049
2.428038
2.426816
2.453688
2.459794
2.460047
2.461597
2.460949
2.460517
2.460981
2.461030
2.461375
2.461570
2.461520
2.461679
2.461808
2.461901
2.461733
2.460954
2.460899
2.461494
2.461422
2.460742
2.460213
2.460917
2.461609
2.460746
2.461218
2.460979
2.461879
2.460920
2.461640
2.461323
2.461377
2.460844
2.460470
2.460772
2.460687
2.460632
2.460555
2.459785
2.458899
2.460466
2.459928
2.460205
2.459846
2.459971
2.460216
2.460163
2.460805
2.460476
2.458526
2.459826
2.459434
2.459612
2.459843
2.459857
2.459382
2.459031
2.458945
2.459027
2.459900
2.459481
2.459952
2.460297
2.459458
2.459968
2.460149
2.460491
2.459711
2.460593
2.460016
2.454567
2.439722
2.428051
2.427186
2.426988
2.427309
2.426946
2.426682
2.427294
2.428103
2.426762
2.427467
2.426632
2.427275
2.427737
2.427306
2.427262
2.427507
2.427818
2.427694
2.426924
2.426478
2.426273
2.426909
2.426235
2.426224
2.426406
2.426199
2.426458
2.425833
2.425863
2.425252
2.426448
2.426596
2.425896
2.427191
2.426939
2.427461
2.426772
2.426847
2.426839
2.427920
2.427008
2.427090
2.427236
2.427289
2.428129
2.427325
2.427205
2.426940
2.428132
2.427438
2.426906
2.427490
2.427197
2.427309
2.427358
2.427240
2.426867
2.427614
2.427074
2.426737
2.427441
2.427868
2.427441
2.427731
2.427925
2.426445
2.425527
2.426669
2.427387
2.427700
2.428448
2.428457
2.427459
2.426984
2.428460
2.427851
2.427847
2.427803
2.427934
2.428489
2.428256
2.429259
2.428902
2.429684
2.429206
2.428545
2.428275
2.428933
2.428870
2.428676
2.428918
2.428973
2.429523
2.428768
2.427786
2.428101
2.428094
2.428200
2.427700
2.428704
2.427809
2.428427
2.428314
2.428189
2.428360
2.428170
2.428951
2.427920
2.447901
2.460577
2.461429
2.461497
2.461230
2.461419
2.461323
2.462288
2.460905
2.461021
2.461319
2.461439
2.461531
2.461483
2.461351
2.461274
2.462094
2.461548
2.461600
2.461421
2.461294
2.461591
2.460881
2.461262
2.461063
2.461640
2.461477
2.461235
2.461287
2.461156
2.461321
2.461506
2.460786
2.460901
2.461334
2.461133
2.460597
2.459847
2.460141
2.460477
2.460485
2.460549
2.460765
2.460955
2.460932
2.460520
2.460735
2.460707
2.461643
2.461138
2.461298
2.460948
2.460783
2.461066
2.460160
2.459772
2.459444
2.460167
2.459856
2.459782
2.459596
2.460135
2.460234
2.459280
2.459099
2.458946
2.459732
2.458739
2.458839
2.459291
2.459338
2.454866
2.442821
2.425513
2.423993
2.423952
2.424791
2.422995
2.424482
2.424821
2.425089
2.426024
2.425056
2.425041
2.424771
2.425845
2.424979
2.425443
2.424294
2.425370
2.425385
2.425037
2.424356
2.425100
2.425979
2.426606
2.425668
2.425336
2.425398
2.425536
2.425399
2.425132
2.425724
2.424442
2.424614
2.424822
2.425224
2.425746
2.426010
2.425496
2.423326
2.423897
2.424988
2.424634
2.424605
2.424620
2.424465
2.424287
2.423803
2.423614
2.423637
2.424555
2.424399
2.423949
2.424681
2.424549
2.423459
2.424090
2.423680
2.423633
2.424311
2.424520
2.424143
2.424345
2.424832
2.424721
2.423794
2.423078
2.423693
2.424875
2.423769
2.424046
2.424774
2.424442
2.424314
2.423781
2.424794
2.424092
2.424632
2.423531
2.423689
2.423822
2.423759
2.423991
2.423428
2.436613
2.455519
2.456577
2.456163
2.456192
2.456315
2.456877
2.457488
2.457256
2.457059
2.457649
2.458124
2.458032
2.457290
2.457349
2.457395
2.457304
2.457147
2.457124
2.456831
2.457466
2.457318
2.456675
2.456773
2.457190
2.457525
2.456440
2.456766
2.456508
2.456615
2.456861
2.456478
2.456684
2.456247
2.456928
2.456767
2.456392
2.456753
2.456259
2.456942
2.456804
2.456680
2.456497
2.457495
2.456736
2.456058
2.456521
2.456706
2.457122
2.456930
2.456684
2.456523
2.457178
2.456947
2.457100
2.456656
2.456561
2.457119
2.457165
2.456300
2.456428
2.456420
2.456270
2.455253
2.456209
2.455644
2.456643
2.455741
2.456398
2.456008
2.457079
2.454346
2.445025
2.426134
2.424743
2.424657
2.424485
2.422946
2.423689
2.424216
2.425138
2.424869
2.425081
2.424904
2.425383
2.425094
2.424020
2.424859
2.425216
2.425922
2.425359
2.424219
2.424075
2.424863
2.423508
2.423632
2.423342
2.423652
2.424163
2.423889
2.423013
2.423431
2.424040
2.423196
2.423369
2.422199
2.423108
2.424036
2.423998
2.423434
2.422946
2.424433
2.423270
2.424487
2.424790
2.424780
2.425727
2.424452
2.424288
2.424283
2.423239
2.424402
2.423837
2.424134
2.424270
2.424502
2.425136
2.423612
2.382870
2.421978
2.422990
2.422239
2.421894
2.423414
2.460326
2.422659
2.422372
2.423168
2.422578
2.422838
2.422924
2.422678
2.428605
2.453035
2.455311
2.454950
2.455522
2.454879
2.456274
2.455572
2.455241
2.455165
2.455205
2.455828
2.454904
2.454528
2.454926
2.455211
2.454337
2.453766
2.453769
2.453809
2.454281
2.453986
2.453516
2.453554
2.454164
2.454145
2.453593
2.453230
2.453048
2.453845
2.453299
2.452850
2.452928
2.453227
2.453468
2.452718
2.452613
2.452455
2.453376
2.453093
2.452604
2.452817
2.453268
2.453134
2.453073
2.453342
2.453147
2.454358
2.454189
2.453935
2.454221
2.453835
2.454260
2.453754
2.453703
2.453661
2.453632
2.453551
2.453550
2.453434
2.453470
2.453811
2.453443
2.452436
2.452718
2.452789
2.452991
2.452714
2.453054
2.452681
2.453054
2.451562
2.444130
2.423761
2.420087
2.420155
2.419674
2.419465
2.419674
2.420189
2.420351
2.420212
2.420357
2.420372
2.420607
2.419986
2.420071
2.419379
2.420312
2.419629
2.419024
2.419324
2.417864
2.419609
2.418458
2.417717
2.417557
2.417743
2.416994
2.417347
2.417063
2.417681
2.418372
2.418411
2.419140
2.419992
2.420399
2.420470
2.420229
2.419673
2.420063
2.421048
2.420987
2.419634
2.419693
2.419991
2.420539
2.420197
2.420200
2.419562
2.420995
2.420457
2.420679
2.420803
2.421488
2.421727
2.421107
2.420302
2.420499
2.420152
2.420634
2.420545
2.420695
2.421266
2.420998
2.420985
2.420684
2.421079
2.420921
2.420066
2.420321
2.419289
2.419618
2.419848
2.419870
2.419686
2.420524
2.420895
2.420970
2.419912
2.420020
2.421046
2.420796
2.420420
2.420136
2.420992
2.421488
2.419667
2.419330
2.419646
2.420058
2.419731
2.421014
2.420878
2.420595
2.421200
2.423231
2.423362
2.422118
2.420890
2.419931
2.418861
2.418426
2.419016
2.420264
2.418929
2.418553
2.419367
2.420201
2.420002
2.420279
2.420192
2.421503
2.449993
2.453194
2.452810
2.452304
2.452304
2.453222
2.453722
2.454353
2.453958
2.453536
2.453746
2.453896
2.454175
2.453796
2.454470
2.453147
2.453086
2.452772
2.453487
2.453750
2.452933
2.452921
2.452692
2.452545
2.452152
2.452992
2.452821
2.452404
2.452922
2.453210
2.453503
2.453645
2.454438
2.454031
2.453139
2.453001
2.452877
2.453327
2.453311
2.452857
2.452590
2.453325
2.452946
2.453026
2.452814
2.453084
2.453440
2.453423
2.453315
2.453327
2.454302
2.453216
2.452491
2.452766
2.452985
2.453204
2.453316
2.452934
2.453101
2.453801
2.453958
2.454370
2.454997
2.453617
2.454751
2.454028
2.454008
2.453961
2.454543
2.455096
2.454234
2.447047
2.430133
2.421855
2.421690
2.421401
2.420857
2.421136
2.421656
2.421988
2.421697
2.421403
2.422454
2.421900
2.421876
2.422197
2.422372
2.421909
2.420678
2.420444
2.420438
2.421246
2.421016
2.420993
2.420954
2.420755
2.421432
2.420974
2.421032
2.420254
2.421440
2.421491
2.420666
2.421413
2.421117
2.421256
2.421148
2.420753
2.420530
2.421253
2.422231
2.421355
2.421429
2.420536
2.421613
2.421248
2.420962
2.421222
2.421715
2.421433
2.421169
2.421659
2.421699
2.422214
2.422031
2.421463
2.421186
2.421567
2.421943
2.421865
2.421500
2.421383
2.421792
2.421817
2.421238
2.420809
2.421449
2.422549
2.422131
2.421812
2.421452
2.421445
2.421674
2.420576
2.421176
2.420103
2.421257
2.420536
2.420743
2.420954
2.420716
2.421095
2.420697
2.420777
2.421607
2.421727
2.421107
2.420611
2.420562
2.420051
2.420225
2.420509
2.420260
2.421383
2.420799
2.419611
2.419525
2.419286
2.419552
2.420316
2.419990
2.419943
2.420147
2.420944
2.420694
2.419899
2.420818
2.420876
2.422523
2.421491
2.420589
2.420133
2.420909
2.420384
2.419448
2.419405
2.418364
2.442790
2.451688
2.452942
2.451947
2.453223
2.453673
2.453021
2.452669
2.451970
2.451993
2.451558
2.452179
2.451867
2.452472
2.452773
2.452547
2.452449
2.452297
2.452543
2.452090
2.452119
2.451742
2.451825
2.452078
2.451777
2.451836
2.450778
2.451549
2.450706
2.450702
2.450771
2.450221
2.450884
2.449985
2.449921
2.449402
2.449864
2.450862
2.448910
2.449553
2.450669
2.450886
2.449748
2.450217
2.449220
2.449930
2.449706
2.449574
2.450632
2.450829
2.451764
2.450988
2.450146
2.449188
2.449055
2.448632
2.447605
2.448778
2.448648
2.449582
2.448632
2.447947
2.449338
2.448592
2.449054
2.447538
2.446201
2.446873
2.447914
2.446941
2.446982
2.440791
2.427504
2.414484
2.413584
2.413520
2.413796
2.414619
2.412837
2.412978
2.412974
2.412908
2.412742
2.411860
2.412093
2.412547
2.412914
2.412764
2.411963
2.413019
2.412187
2.412800
2.411900
2.411819
2.411696
2.411925
2.412500
2.411774
2.411766
2.411435
2.412572
2.412269
2.412019
2.411849
2.411963
2.411403
2.411696
2.411715
2.411923
2.412743
2.410922
2.410464
2.410174
2.411531
2.411999
2.412012
2.411389
2.411510
2.412408
2.412550
2.411603
2.411948
2.411757
2.412716
2.412721
2.412940
2.412793
2.413027
2.412377
2.412418
2.412869
2.413040
2.413429
2.412736
2.412114
2.411755
2.412533
2.413123
2.412637
2.413079
2.412980
2.413311
2.412990
2.412803
2.412240
2.412260
2.412431
2.411915
2.411835
2.412080
2.411804
2.411045
2.411348
2.411957
2.412406
2.413206
2.411890
2.412425
2.412565
2.412890
2.411778
2.411881
2.411929
2.411950
2.412532
2.411387
2.412136
2.411318
2.412125
2.412291
2.412147
2.411825
2.411767
2.412638
2.412307
2.412724
2.412808
2.413054
2.412402
2.411380
2.411485
2.411675
2.412016
2.411209
2.411405
2.411147
2.411445
2.427991
2.443877
2.444412
2.444598
2.445030
2.444983
2.445568
2.445601
2.445598
2.445960
2.445654
2.445421
2.445381
2.445830
2.445487
2.445166
2.444864
2.445226
2.445087
2.445309
2.444861
2.444112
2.445083
2.444689
2.444304
2.444687
2.444643
2.444758
2.443418
2.443162
2.444058
2.443600
2.443925
2.443290
2.443941
2.443932
2.444443
2.445229
2.445113
2.445027
2.445841
2.445656
2.445513
2.445517
2.445645
2.445999
2.445118
2.445168
2.445520
2.444643
2.445297
2.445148
2.445922
2.445538
2.446379
2.445811
2.445205
2.445393
2.445371
2.446004
2.445609
2.445157
2.445208
2.446139
2.445510
2.445352
2.445295
2.445433
2.445816
2.445813
2.445465
2.441291
2.432158
2.414159
2.412956
2.412870
2.412438
2.413055
2.412841
2.412449
2.412215
2.413466
2.413596
2.412764
2.413273
2.412581
2.413281
2.413077
2.413174
2.413003
2.414383
2.414005
2.412727
2.411941
2.412264
2.412930
2.412974
2.412995
2.413092
2.414302
2.414343
2.413102
2.413020
2.412865
2.413202
2.413871
2.412891
2.413633
2.413069
2.413902
2.413475
2.413842
2.413210
2.413689
2.413520
2.412986
2.413043
2.413222
2.414172
2.413872
2.413622
2.413768
2.414053
2.414737
2.414275
2.413992
2.413278
2.414364
2.411297
2.410743
2.411809
2.413030
2.412668
2.411960
2.412502
2.412769
2.413571
2.413654
2.412956
2.412676
2.412795
2.413087
2.413073
2.412849
2.412525
2.413040
2.412158
2.412434
2.412273
2.413067
2.413949
2.414063
2.411758
2.411607
2.412843
2.412061
2.412441
2.413589
2.414034
2.415186
2.414266
2.414569
2.414762
2.414869
2.414267
2.415120
2.414469
2.414414
2.415238
2.414548
2.414383
2.414200
2.414895
2.414679
2.414883
2.414839
2.414278
2.415131
2.414591
2.413924
2.414720
2.414296
2.414216
2.413821
2.413366
2.413535
2.413244
2.422794
2.444604
2.445057
2.445514
2.446054
2.445540
2.444534
2.445411
2.446518
2.445186
2.444850
2.444592
2.444426
2.445056
2.444880
2.444839
2.444671
2.444876
2.445112
2.444924
2.444907
2.444266
2.445242
2.444749
2.444555
2.444647
2.444749
2.444309
2.444081
2.444383
2.443801
2.444151
2.443668
2.443523
2.443867
2.443658
2.444097
2.443005
2.442695
2.443348
2.443841
2.443222
2.443318
2.443318
2.443389
2.443870
2.443374
2.443488
2.443320
2.444889
2.444038
2.443597
2.443504
2.442493
2.443789
2.443172
2.442482
2.442556
2.442773
2.443405
2.442808
2.442980
2.443605
2.443894
2.444197
2.442952
2.442342
2.442879
2.442868
2.443469
2.442961
2.440385
2.433317
2.412033
2.410091
2.409881
2.410007
2.410170
2.409665
2.410096
2.410171
2.411669
2.411184
2.410367
2.411116
2.410931
2.410734
2.410343
2.410380
2.409645
2.411333
2.410506
2.409828
2.409626
2.408623
2.411600
2.410514
2.410876
2.410838
2.411975
2.411263
2.410856
2.411187
2.411003
2.412777
2.411768
2.411438
2.411339
2.412223
2.412202
2.412228
2.412337
2.411723
2.412870
2.412468
2.411609
2.411751
2.412084
2.412211
2.411684
2.411851
2.410508
2.412177
2.412885
2.412022
2.413167
2.413264
2.413451
2.413195
2.412865
2.412839
2.413096
2.412667
2.413258
2.412751
2.413521
2.413414
2.412959
2.413294
2.412995
2.413783
2.413021
2.412782
2.412844
2.412323
2.413001
2.412210
2.412413
2.412227
2.413139
2.413688
2.412602
2.412832
2.412614
2.413555
2.412847
2.413422
2.412839
2.413340
2.412953
2.411998
2.412683
2.413125
2.413350
2.412589
2.412643
2.412900
2.413587
2.413815
2.413866
2.412848
2.414237
2.415173
2.414407
2.414488
2.414357
2.413864
2.414194
2.413618
2.413366
2.413924
2.415256
2.414073
2.415369
2.414166
2.413654
2.414850
2.417232
2.444710
2.445909
2.447042
2.447521
2.446669
2.447275
2.446833
2.446887
2.445362
2.444890
2.445779
2.446260
2.446359
2.446331
2.445548
2.446544
2.447494
2.444800
2.444016
2.444355
2.445189
2.444977
2.444101
2.444752
2.444622
2.445505
2.445643
2.444864
2.444968
2.444727
2.445078
2.444239
2.443870
2.444004
2.445335
2.444948
2.443591
2.443272
2.444373
2.445093
2.444808
2.444375
2.444178
2.444957
2.444804
2.444801
2.444954
2.443535
2.444898
2.444516
2.444417
2.443489
2.444902
2.443835
2.443830
2.443373
2.444237
2.445272
2.445129
2.445558
2.445148
2.445772
2.445252
2.444932
2.444811
2.444933
2.445430
2.444000
2.444528
2.445030
2.444896
2.437128
2.418362
2.412124
2.412634
2.413002
2.412508
2.411742
2.411076
2.411445
2.411699
2.411191
2.410541
2.411839
2.411956
2.411165
2.410713
2.410687
2.410425
2.410820
2.410046
2.409925
2.409545
2.409561
2.408397
2.408177
2.408176
2.408372
2.409030
2.407668
2.407297
2.407945
2.408410
2.408266
2.408044
2.407233
2.407640
2.408571
2.407576
2.407492
2.407415
2.407393
2.407910
2.407182
2.406901
2.407428
2.408147
2.407600
2.407846
2.407199
2.406862
2.407710
2.407050
2.407229
2.407257
2.407642
2.407387
2.407554
2.407188
2.407681
2.408412
2.408121
2.407181
2.407535
2.407994
2.408040
2.406403
2.406945
2.406646
2.407306
2.407351
2.406167
2.405404
2.406296
2.406698
2.407438
2.407758
2.407182
2.406815
2.406809
2.407060
2.407621
2.407817
2.407085
2.406952
2.406685
2.407575
2.408413
2.407263
2.406961
2.407132
2.408227
2.409754
2.410161
2.410215
2.409075
2.408335
2.408460
2.408031
2.407851
2.408474
2.408757
2.409136
2.409775
2.409375
2.409801
2.409049
2.408984
2.409356
2.409491
2.409380
2.407841
2.407426
2.406966
2.408650
2.409045
2.409593
2.435277
2.440464
2.441598
2.441972
2.441390
2.441923
2.442816
2.442576
2.442211
2.442219
2.442421
2.442414
2.441352
2.442007
2.441220
2.442104
2.442244
2.441739
2.441223
2.441101
2.441647
2.441433
2.440955
2.440907
2.440040
2.440194
2.439639
2.438554
2.438604
2.438354
2.438080
2.438823
2.438482
2.439019
2.439730
2.439290
2.438735
2.438003
2.438533
2.437502
2.438359
2.439376
2.439396
2.440010
2.438776
2.438430
2.438872
2.439504
2.440371
2.439862
2.439722
2.440898
2.441735
2.441043
2.440693
2.441171
2.441506
2.441740
2.441939
2.440932
2.440720
2.441868
2.441607
2.441972
2.442058
2.441897
2.443322
2.443278
2.442059
2.442410
2.443505
2.436686
2.422732
2.411059
2.411239
2.411943
2.411113
2.410975
2.411332
2.412110
2.411425
2.412634
2.412778
2.411694
2.414135
2.412834
2.412849
2.412482
2.413684
2.413270
2.414072
2.414681
2.413906
2.414805
2.414739
2.414733
2.414761
2.416378
2.416055
2.416410
2.416307
2.416635
2.417249
2.417359
2.417043
2.418343
2.418546
2.418213
2.417995
2.418872
2.418914
2.419587
2.419866
2.418953
2.418925
2.419751
2.420670
2.419664
2.420297
2.420667
2.420621
2.420629
2.420300
2.420397
2.420983
2.421656
2.421515
2.422405
2.422620
2.423530
2.423263
2.422197
2.422290
2.421368
2.422659
2.422128
2.422052
2.422750
2.423116
2.423704
2.423205
2.423435
2.423194
2.423214
2.422550
2.422526
2.422685
2.423153
2.423481
2.423422
2.423240
2.423084
2.423491
2.422648
2.422850
2.423099
2.422929
2.423677
2.423612
2.423527
2.423558
2.424356
2.425189
2.426875
2.426481
2.426404
2.427067
2.426441
2.425587
2.425604
2.426215
2.425569
2.425501
2.425399
2.426436
2.426615
2.426207
2.425563
2.425562
2.425715
2.425579
2.425174
2.424859
2.424586
2.425661
2.425487
2.425269
2.446477
2.459473
2.458468
2.458211
2.458341
2.458932
2.459641
2.458374
2.457778
2.457914
2.458613
2.458494
2.458595
2.458435
2.459157
2.459049
2.457186
2.457663
2.456506
2.457497
2.458027
2.457362
2.457370
2.457560
2.458151
2.457399
2.458273
2.457935
2.457188
2.457608
2.457500
2.457773
2.457825
2.458265
2.458346
2.458202
2.457959
2.457898
2.457600
2.457245
2.457080
2.457134
2.458670
2.458732
2.459127
2.459136
2.458998
2.458998
2.458397
2.458242
2.458454
2.458402
2.458960
2.458844
2.458743
2.458364
2.459614
2.459641
2.459175
2.458842
2.459747
2.459423
2.459409
2.459028
2.459286
2.459233
2.458295
2.457961
2.458044
2.458320
2.458992
2.453440
2.441911
2.425959
2.425554
2.425382
2.424806
2.425137
2.425115
2.425269
2.425379
2.425092
2.425600
2.425647
2.425705
2.425876
2.425585
2.425849
2.426344
2.425488
2.425256
2.425051
2.424955
2.425162
2.425023
2.424522
2.424400
2.425058
2.424875
2.424477
2.424484
2.424502
2.425146
2.424801
2.425433
2.424398
2.426075
2.425285
2.424921
2.425820
2.425765
2.426732
2.425599
2.424014
2.424079
2.424502
2.424879
2.424881
2.425162
2.424403
2.425928
2.425974
2.425189
2.425297
2.426018
2.425801
2.426039
2.426090
2.425818
2.426238
2.426393
2.426131
2.426545
2.426919
2.426243
2.426180
2.426924
2.426544
2.427402
2.426798
2.427252
2.425990
2.425923
2.426815
2.426352
2.427085
2.426670
2.426714
2.426683
2.425773
2.425736
2.426192
2.426648
2.426244
2.426425
2.426168
2.427682
2.428054
2.427633
2.427636
2.427852
2.428371
2.427936
2.428215
2.428401
2.428756
2.429106
2.427731
2.427511
2.427736
2.428049
2.427216
2.427712
2.427729
2.428419
2.428121
2.428181
2.427863
2.428036
2.428165
2.427709
2.427275
2.426493
2.426027
2.426975
2.426582
2.426081
2.439389
2.459226
2.458665
2.458174
2.458814
2.458988
2.459971
2.460938
2.461258
2.460737
2.460805
2.460040
2.460949
2.461293
2.460006
2.460199
2.460417
2.460523
2.460416
2.461124
2.461451
2.461415
2.460828
2.460451
2.461050
2.460480
2.460734
2.460053
2.459771
2.460709
2.460973
2.460499
2.461104
2.461310
2.460644
2.459881
2.459387
2.458992
2.458943
2.459012
2.458889
2.458650
2.460010
2.459562
2.459453
2.459633
2.459222
2.459403
2.459377
2.458616
2.457939
2.458858
2.458403
2.457638
2.457004
2.458757
2.457278
2.456673
2.458022
2.457604
2.458203
2.458059
2.457364
2.457845
2.457414
2.458367
2.457023
2.457095
2.456917
2.457834
2.457969
2.454379
2.445338
2.425624
2.425050
2.425033
2.424884
2.424252
2.423832
2.423508
2.422892
2.423840
2.424313
2.425794
2.424869
2.424475
2.424111
2.424244
2.424566
2.423852
2.424070
2.424540
2.425746
2.425003
2.423062
2.423792
2.423847
2.424935
2.424288
2.424092
2.424269
2.424220
2.424519
2.424400
2.425853
2.426484
2.425727
2.424498
2.424191
2.425649
2.425932
2.425495
2.425532
2.425069
2.426816
2.426490
2.426537
2.426250
2.426226
2.426370
2.426353
2.426169
2.426094
2.426601
2.426259
2.426297
2.425922
2.425817
2.425884
2.426218
2.425092
2.425575
2.426257
2.425089
2.424214
2.424787
2.424286
2.425733
2.424732
2.424861
2.424956
2.424901
2.425591
2.425309
2.425359
2.425721
2.425297
2.425131
2.424716
2.424977
2.424822
2.425838
2.424920
2.424825
2.424870
2.425511
2.425607
2.425323
2.425497
2.425529
2.426201
2.425534
2.425283
2.425402
2.425562
2.425692
2.425373
2.424736
2.424867
2.425406
2.425378
2.425519
2.425051
2.431793
2.457604
2.458282
2.458568
2.457444
2.457723
2.457992
2.458998
2.459141
2.458408
2.458036
2.458418
2.457988
2.458914
2.459582
2.459697
2.460309
2.460446
2.459976
2.460650
2.460044
2.460049
2.459577
2.459909
2.460048
2.459782
2.459489
2.459779
2.460207
2.459922
2.459591
2.459381
2.459583
2.459772
2.459311
2.459469
2.458724
2.459416
2.458912
2.458392
2.458591
2.459636
2.459894
2.459663
2.459726
2.459772
2.460396
2.459800
2.459491
2.459571
2.459947
2.460282
2.460083
2.459507
2.459894
2.460649
2.460232
2.460054
2.459972
2.460156
2.460426
2.460211
2.460242
2.459812
2.460455
2.460316
2.459723
2.459998
2.459914
2.460225
2.460213
2.458708
2.451140
2.431244
2.427276
2.427171
2.427469
2.427226
2.427675
2.426752
2.426779
2.427493
2.427598
2.427729
2.427731
2.427915
2.427713
2.428749
2.427805
2.427754
2.428023
2.427852
2.428185
2.427516
2.426656
2.426078
2.426729
2.426907
2.426372
2.427099
2.426877
2.427261
2.427027
2.426185
2.426217
2.427073
2.426411
2.426165
2.426603
2.425529
2.426823
2.426220
2.426062
2.426277
2.426849
2.426718
2.426904
2.427108
2.428009
2.427617
2.427670
2.427716
2.426149
2.427557
2.426578
2.426124
2.426087
2.425960
2.426316
2.427191
2.426687
2.426689
2.426826
2.427290
2.426478
2.426544
2.427105
2.429151
2.428328
2.427714
2.425739
2.424054
2.424420
2.423590
2.425196
2.425041
2.425363
2.425134
2.425085
2.424950
2.425866
2.426431
2.425203
2.425485
2.424953
2.425134
2.425292
2.425408
2.425985
2.426813
2.427264
2.426416
2.425897
2.425413
2.426737
2.425927
2.426623
2.426274
2.426790
2.426481
2.425855
2.426253
2.426470
2.427517
2.426506
2.425578
2.426113
2.426466
2.426280
2.427905
2.455154
2.458560
2.458782
2.458650
2.459678
2.459717
2.460348
2.460001
2.460929
2.460538
2.460326
2.459437
2.459185
2.459427
2.458953
2.459167
2.460099
2.461001
2.460487
2.459996
2.459493
2.459344
2.459889
2.459742
2.460431
2.459972
2.460193
2.460518
2.461060
2.460374
2.460431
2.460794
2.460268
2.460644
2.460042
2.460361
2.460571
2.460222
2.460484
2.460022
2.460872
2.460463
2.459859
2.460756
2.460616
2.460847
2.460952
2.460796
2.460337
2.461371
2.461195
2.460389
2.459781
2.459613
2.461532
2.460744
2.460433
2.460828
2.460870
2.461080
2.461385
2.460880
2.460245
2.460796
2.460829
2.460020
2.460048
2.460182
2.460519
2.460338
2.459680
2.451934
2.435707
2.426111
2.425353
2.426003
2.426506
2.426722
2.426214
2.426184
2.426130
2.427047
2.426681
2.426559
2.426292
2.426672
2.426894
2.426369
2.425950
2.425935
2.426582
2.426459
2.426126
2.425627
2.425620
2.426083
2.425325
2.425569
2.425144
2.425905
2.425625
2.425839
2.425427
2.425381
2.425973
2.425621
2.425084
2.425104
2.425590
2.426362
2.425953
2.426391
2.426041
2.426794
2.426520
2.425846
2.426156
2.425022
2.425815
2.424855
2.424560
2.424284
2.425228
2.424769
2.424332
2.424893
2.425094
2.425586
2.424642
2.425073
2.424545
2.425469
2.425192
2.426150
2.425917
2.425636
2.426409
2.425575
2.425449
2.426668
2.426577
2.427228
2.426891
2.426856
2.426942
2.426747
2.426108
2.426276
2.425467
2.426363
2.426965
2.425877
2.426289
2.426165
2.427232
2.426814
2.425910
2.425580
2.426056
2.426588
2.425581
2.426426
2.425988
2.427111
2.426991
2.426785
2.427289
2.427048
2.427458
2.427148
2.427244
2.427159
2.427858
2.427673
2.427328
2.427207
2.427568
2.427313
2.426836
2.427149
2.426974
2.427558
2.427180
2.426868
2.426237
2.427073
2.427265
2.450725
2.459370
2.459359
2.459419
2.459433
2.459172
2.459012
2.459342
2.460555
2.459962
2.459617
2.459283
2.460355
2.460039
2.459771
2.459717
2.459343
2.460566
2.459285
2.459601
2.459706
2.459807
2.460199
2.459454
2.459123
2.459178
2.459917
2.459673
2.458962
2.459106
2.459124
2.459828
2.458927
2.458476
2.458552
2.458999
2.458629
2.458498
2.457827
2.458026
2.458571
2.458149
2.458051
2.456918
2.456909
2.456882
2.457092
2.457981
2.457587
2.457927
2.457535
2.457566
2.457643
2.457027
2.457047
2.455367
2.455853
2.455795
2.456154
2.456635
2.456611
2.456765
2.457277
2.457302
2.457618
2.457494
2.456687
2.457230
2.456844
2.457241
2.457644
2.451450
2.437779
2.424643
2.423880
2.423780
2.424773
2.424319
2.424521
2.424732
2.424123
2.424908
2.424635
2.424021
2.424312
2.425356
2.425412
2.424797
2.425647
2.424957
2.426004
2.424956
2.424198
2.424672
2.425637
2.424777
2.423801
2.423226
2.422982
2.423447
2.423310
2.423832
2.424513
2.424271
2.424625
2.424983
2.424591
2.423928
2.425125
2.424542
2.424620
2.424343
2.425325
2.426760
2.425607
2.426102
2.425224
2.425458
2.425689
2.425117
2.426018
2.426100
2.427104
2.425203
2.425398
2.424727
2.424852
2.425942
2.425545
2.426305
2.426428
2.426372
2.426294
2.426134
2.425883
2.425682
2.425891
2.425075
2.425770
2.425362
2.425976
2.425226
2.425654
2.424810
2.425971
2.425104
2.424515
2.424039
2.424721
2.425722
2.424709
2.424533
2.425838
2.425864
2.424554
2.426425
2.426574
2.426496
2.425719
2.425315
2.426930
2.425935
2.425185
2.426457
2.426255
2.443546
2.458892
2.458801
2.459497
2.459161
2.459270
2.459366
2.459458
2.459676
2.459140
2.458060
2.459312
2.459421
2.459310
2.459711
2.458988
2.459916
2.459536
2.459441
2.459472
2.460176
2.459754
2.459763
2.459744
2.459909
2.460321
2.459931
2.459873
2.459189
2.460474
2.459968
2.459179
2.459510
2.459368
2.459826
2.459540
2.459458
2.459351
2.459657
2.459658
2.459057
2.459549
2.459351
2.460057
2.459992
2.459586
2.459778
2.459862
2.460124
2.460108
2.460160
2.460184
2.460755
2.460209
2.460409
2.459995
2.460212
2.460315
2.460243
2.459912
2.459426
2.460574
2.459980
2.459641
2.459821
2.459733
2.460313
2.459629
2.459655
2.458903
2.456119
2.444856
2.427303
2.426471
2.425544
2.425882
2.425216
2.424964
2.425323
2.426286
2.426043
2.426025
2.425187
2.425250
2.425803
2.424951
2.424526
2.423862
2.423924
2.424178
2.423885
2.425550
2.424222
2.424355
2.424828
2.426232
2.426729
2.426315
2.425126
2.426044
2.425632
2.425393
2.425541
2.426333
2.426995
2.425863
2.426167
2.426019
2.426135
2.426512
2.427111
2.426482
2.427325
2.426661
2.426589
2.426207
2.426606
2.426538
2.424105
2.423869
2.424787
2.424288
2.424898
2.424393
2.425370
2.425203
2.425588
2.426004
2.425194
2.425860
2.424546
2.425797
2.426014
2.425495
2.424567
2.424238
2.424741
2.424570
2.424875
2.425169
2.426092
2.426898
2.425686
2.425839
2.425416
2.457427
2.456543
2.457163
2.458060
2.457471
2.457438
2.457468
2.457312
2.458323
2.458656
2.459088
2.458907
2.459607
2.458335
2.458661
2.458676
2.458604
2.456452
2.457355
2.457879
2.457206
2.456893
2.457730
2.458084
2.457681
2.458415
2.458374
2.458495
2.457723
2.457505
2.457790
2.457976
2.457919
2.457456
2.457305
2.457475
2.457958
2.457789
2.457769
2.457429
2.458097
2.457864
2.457678
2.457713
2.457436
2.458284
2.457884
2.457733
2.457516
2.458161
2.457792
2.457512
2.457478
2.457338
2.456027
2.447728
2.426810
2.424216
2.424895
2.424738
2.424564
2.424030
2.424621
2.425336
2.424764
2.424363
2.424405
2.424863
2.424713
2.424572
2.424414
2.424790
2.425381
2.425292
2.425370
2.424917
2.425358
2.425082
2.425426
2.425098
2.425405
2.425227
2.425135
2.425104
2.424501
2.424065
2.423841
2.423868
2.423759
2.422540
2.424775
2.423359
2.423406
2.424126
2.423487
2.424161
2.424819
2.423342
2.424315
2.424952
2.424479
2.424484
2.424864
2.424734
2.425207
2.424906
2.425643
2.425433
2.426195
2.425959
2.424818
2.424955
2.424899
2.426366
2.425566
2.426198
2.426071
2.425674
2.426992
2.425839
2.426547
2.426873
2.426796
2.425740
2.425596
2.425261
2.426623
2.427315
2.426772
2.426153
2.426345
2.426589
2.426610
2.426459
2.426261
2.426018
2.426775
2.425689
2.425411
2.425015
2.426001
2.425628
2.425913
2.426362
2.426758
2.427496
2.426877
2.426564
2.426443
2.426724
2.427387
2.427605
2.426751
2.427022
2.427340
2.426727
2.426203
2.426953
2.426249
2.426602
2.426481
2.425749
2.425076
2.425709
2.426047
2.425675
2.425451
2.425545
2.425342
2.425086
2.429901
2.456416
2.459748
2.459677
2.459884
2.458553
2.459487
2.459760
2.459003
2.459356
2.459084
2.460682
2.459329
2.458249
2.458883
2.458606
2.459760
2.458813
2.459332
2.460274
2.460394
2.460129
2.459030
2.458935
2.457312
2.457525
2.457376
2.457708
2.456573
2.456612
2.457133
2.457349
2.458035
2.457733
2.458106
2.458079
2.457668
2.457864
2.457043
2.457475
2.457796
2.457150
2.457346
2.457362
2.458326
2.458166
2.458001
2.458106
2.459219
2.458679
2.458755
2.459747
2.459199
2.458830
2.457609
2.457397
2.457433
2.458602
2.458903
2.458741
2.459260
2.458966
2.458677
2.457880
2.457707
2.458428
2.458937
2.457963
2.450925
2.432209
2.425289
2.425766
2.425596
2.424560
2.424418
2.425703
2.426080
2.425550
2.425836
2.425525
2.426444
2.426271
2.425410
2.425100
2.425193
2.425383
2.424914
2.424412
2.424210
2.425542
2.425501
2.423365
2.423583
2.423891
2.424146
2.423716
2.423776
2.423352
2.424597
2.423716
2.424407
2.425959
2.426498
2.425253
2.426745
2.425565
2.426387
2.426251
2.425993
2.425919
2.425824
2.426211
2.425258
2.425922
2.425693
2.426361
2.426805
2.425801
2.425114
2.424361
2.425169
2.424206
2.423680
2.423994
2.423769
2.424216
2.424397
2.423907
2.425079
2.425122
2.423556
2.423092
2.423895
2.424361
2.424353
2.423334
2.424358
2.425093
2.424176
2.424007
2.423481
2.424043
2.424799
2.425146
2.424724
2.424408
2.426832
2.425645
2.425948
2.426694
2.427143
2.427387
2.426322
2.425990
2.426063
2.426203
2.426651
2.426530
2.426075
2.425631
2.426353
2.427058
2.426597
2.426864
2.426812
2.426326
2.426003
2.426830
2.453120
2.459475
2.459126
2.459332
2.458413
2.459189
2.459626
2.459016
2.459609
2.459298
2.459768
2.459290
2.459260
2.459657
2.460058
2.460011
2.459799
2.459839
2.459621
2.459954
2.459729
2.459491
2.460017
2.459869
2.459821
2.459421
2.459472
2.459185
2.460331
2.459151
2.459543
2.459380
2.459427
2.459770
2.458952
2.458966
2.458742
2.459834
2.459124
2.458848
2.459083
2.459086
2.459430
2.459338
2.459406
2.459053
2.459719
2.459332
2.459410
2.458758
2.459083
2.459568
2.459276
2.459437
2.458825
2.459699
2.459153
2.459244
2.458706
2.458246
2.457942
2.457387
2.457065
2.457397
2.457325
2.457284
2.457465
2.456626
2.456883
2.457432
2.457182
2.450425
2.435454
2.424524
2.424246
2.423957
2.424400
2.424477
2.425379
2.424202
2.424642
2.424741
2.424393
2.425565
2.425119
2.425042
2.425475
2.426848
2.425847
2.426619
2.426095
2.425845
2.425656
2.425019
2.425564
2.425144
2.425116
2.424667
2.424551
2.424459
2.424423
2.426195
2.425082
2.425355
2.424808
2.425223
2.424864
2.423890
2.424237
2.423614
2.424688
2.424602
2.423971
2.423654
2.424123
2.424151
2.424252
2.424026
2.424092
2.424578
2.424520
2.424487
2.424707
2.424316
2.425305
2.424352
2.424974
2.424217
2.424714
2.425021
2.424570
2.424110
2.424449
2.424857
2.424960
2.425070
2.425699
2.426352
2.425671
2.425058
2.425156
2.425072
2.425260
2.424992
2.424802
2.424873
2.425882
2.425470
2.424080
2.425277
2.424374
2.425626
2.425404
2.424277
2.424296
2.424191
2.425227
2.425590
2.425275
2.425035
2.425715
2.425454
2.425689
2.425972
2.426585
2.426522
2.426444
2.426171
2.426649
2.426222
2.426035
2.425529
2.425559
2.425824
2.426373
2.426519
2.426188
2.426199
2.427446
2.426694
2.426654
2.426445
2.426270
2.426894
2.424958
2.425136
2.424549
2.445697
2.457912
2.458341
2.458223
2.457941
2.458371
2.459242
2.458687
2.458569
2.458699
2.459562
2.458417
2.457965
2.457734
2.458034
2.457843
2.457700
2.458133
2.458184
2.458286
2.458007
2.457847
2.457805
2.458386
2.458099
2.458128
2.457695
2.458507
2.459265
2.458690
2.458440
2.458753
2.458660
2.458110
2.457353
2.457923
2.457862
2.457241
2.457877
2.458348
2.457615
2.458342
2.457272
2.457284
2.457049
2.458687
2.459250
2.459137
2.458749
2.459306
2.459587
2.459449
2.458942
2.459165
2.459186
2.458079
2.458376
2.458341
2.458537
2.459385
2.458799
2.459382
2.458778
2.459990
2.460154
2.459251
2.458364
2.459479
2.458916
2.457995
2.453133
2.441890
2.427635
2.426395
2.426040
2.427076
2.426960
2.425978
2.425787
2.425394
2.426033
2.426890
2.426974
2.427585
2.426921
2.426723
2.427003
2.426099
2.425343
2.425041
2.425502
2.424815
2.423512
2.423804
2.423662
2.423647
2.423031
2.422815
2.422498
2.422747
2.423375
2.422609
2.422895
2.423649
2.425365
2.425124
2.424142
2.424635
2.425158
2.424970
2.424406
2.424712
2.424326
2.424967
2.424883
2.424612
2.423991
2.424005
2.424452
2.424905
2.425174
2.425838
2.426052
2.425377
2.424757
2.425333
2.425367
2.426000
2.425264
2.425510
2.424294
2.424164
2.424287
2.424433
2.424198
2.424377
2.425609
2.425361
2.425709
2.425098
2.427305
2.425798
2.425359
2.424358
2.424773
2.425534
2.423110
2.423845
2.424233
2.424891
2.425078
2.425483
2.425705
2.425076
2.426145
2.426786
2.426848
2.426171
2.426483
2.426950
2.427465
2.427095
2.426370
2.427331
2.426655
2.427293
2.426934
2.427287
2.427746
2.427431
2.426957
2.426909
2.428066
2.427446
2.427274
2.427694
2.427039
2.427287
2.426751
2.426576
2.426209
2.427707
2.426670
2.426786
2.426641
2.426458
2.440239
2.458830
2.459262
2.459396
2.459669
2.459099
2.459216
2.459357
2.459415
2.460136
2.460269
2.459906
2.459896
2.460037
2.460646
2.459946
2.460133
2.459737
2.460473
2.460112
2.459460
2.459511
2.459872
2.460132
2.459561
2.459320
2.459383
2.459837
2.459540
2.459800
2.459058
2.459417
2.460065
2.459406
2.459087
2.459058
2.459856
2.459742
2.459157
2.459393
2.459108
2.459544
2.458928
2.458976
2.459325
2.459009
2.459474
2.459296
2.459691
2.459500
2.459659
2.459544
2.459475
2.459335
2.459465
2.459687
2.460002
2.459263
2.459282
2.460182
2.459285
2.459188
2.459196
2.459341
2.459894
2.459125
2.459170
2.459295
2.459981
2.459389
2.459416
2.456068
2.446946
2.428835
2.426214
2.426329
2.426052
2.427111
2.426555
2.426510
2.425717
2.425936
2.426225
2.426665
2.426279
2.426891
2.426975
2.426890
2.427044
2.426108
2.425851
2.426544
2.426495
2.425929
2.426289
2.425976
2.425420
2.425132
2.424501
2.424507
2.426323
2.426288
2.425973
2.426556
2.425900
2.426120
2.426682
2.425864
2.425318
2.426409
2.425180
2.424818
2.425024
2.425026
2.425570
2.425063
2.424881
2.424340
2.425237
2.424911
2.425060
2.425969
2.425764
2.427631
2.427240
2.425740
2.425604
2.427208
2.425808
2.425886
2.425465
2.425769
2.427185
2.427214
2.425855
2.427660
2.426805
2.426021
2.425125
2.424676
2.424357
2.425273
2.425832
2.424915
2.423757
2.423661
2.424039
2.424133
2.424650
2.424207
2.424455
2.424046
2.423918
2.424693
2.425461
2.425300
2.425529
2.424983
2.425247
2.425518
2.426538
2.425407
2.424605
2.424806
2.425263
2.425548
2.424657
2.425434
2.425259
2.425537
2.425293
2.425667
2.425640
2.426270
2.425845
2.425994
2.426677
2.426525
2.427086
2.426591
2.426106
2.426082
2.426608
2.426082
2.425836
2.426258
2.425160
2.432728
2.457842
2.458814
2.458878
2.459100
2.458631
2.458645
2.458994
2.458676
2.459266
2.459418
2.459264
2.458637
2.459083
2.458484
2.459205
2.458361
2.458254
2.457867
2.459199
2.459914
2.459560
2.460039
2.458990
2.458645
2.458608
2.458761
2.459527
2.458794
2.458953
2.459483
2.459219
2.459119
2.458526
2.458370
2.457790
2.458609
2.458249
2.458402
2.457668
2.457805
2.457704
2.458231
2.458330
2.458020
2.458352
2.457570
2.457772
2.458857
2.458306
2.458322
2.458095
2.458903
2.458975
2.459694
2.459477
2.459247
2.459652
2.459242
2.459660
2.459133
2.459075
2.458529
2.459220
2.459162
2.458520
2.456902
2.457179
2.457796
2.457908
2.457625
2.455980
2.449275
2.429652
2.424665
2.424679
2.424453
2.425210
2.424173
2.424574
2.423986
2.423949
2.425122
2.424173
2.424182
2.424308
2.426442
2.426358
2.426315
2.425677
2.425734
2.425932
2.425310
2.424675
2.424609
2.425272
2.423754
2.423866
2.423569
2.424029
2.425389
2.425089
2.425234
2.424707
2.425885
2.425084
2.425395
2.425169
2.424940
2.425301
2.425136
2.424771
2.425218
2.425451
2.425278
2.425078
2.425156
2.425359
2.425689
2.425616
2.424989
2.425403
2.425931
2.425823
2.425909
2.425699
2.425539
2.426561
2.425913
2.425529
2.425726
2.426355
2.426699
2.425936
2.425952
2.425787
2.426435
2.425352
2.425514
2.425219
2.425582
2.425478
2.424679
2.424013
2.424532
2.425404
2.424573
2.424256
2.424117
2.424223
2.424446
2.425414
2.425252
2.424949
2.425571
2.425689
2.425520
2.425258
2.425554
2.425976
2.426679
2.426296
2.426091
2.426514
2.426496
2.426273
2.426722
2.426877
2.426962
2.427069
2.427027
2.426818
2.427416
2.427369
2.426896
2.426112
2.426183
2.426575
2.426456
2.425762
2.425349
2.426918
2.427283
2.426631
2.426510
2.426000
2.426668
2.427884
2.455218
2.459151
2.459475
2.459928
2.459300
2.458524
2.458835
2.459822
2.459401
2.459322
2.459613
2.459394
2.460027
2.458881
2.459193
2.458479
2.459711
2.459194
2.459354
2.459330
2.458422
2.458688
2.458691
2.458171
2.458265
2.458406
2.458833
2.458373
2.458576
2.458271
2.458469
2.458475
2.457927
2.459205
2.459218
2.458895
2.458263
2.456951
2.457474
2.458107
2.457878
2.458078
2.458150
2.457588
2.458352
2.457871
2.456824
2.456678
2.457134
2.457414
2.457659
2.457656
2.457972
2.458524
2.458105
2.457709
2.457647
2.458101
2.457907
2.457185
2.458336
2.458068
2.458602
2.457600
2.458667
2.457446
2.458756
2.458775
2.458332
2.458851
2.459193
2.423307
2.424088
2.425706
2.424775
2.425767
2.424691
2.425754
2.423944
2.423061
2.423396
2.423695
2.423231
2.422956
2.423267
2.423679
2.424520
2.424130
2.424319
2.424533
2.423075
2.423837
2.424507
2.424756
2.424635
2.424706
2.425246
2.425379
2.424775
2.423555
2.424157
2.424528
2.424133
2.424572
2.424685
2.424232
2.423574
2.423603
2.424154
2.425171
2.424917
2.425797
2.425857
2.425359
2.425005
2.423839
2.423447
2.423493
2.424504
2.423978
2.423667
2.423522
2.424265
2.425109
2.424738
2.424920
2.424172
2.424818
2.424043
2.424412
2.424414
2.424480
2.424544
2.423655
2.424890
2.424586
2.425121
2.424946
2.424495
2.424430
2.424357
2.425174
2.424517
2.423925
2.424139
2.424000
2.424420
2.424338
2.424192
2.425183
2.424912
2.423822
2.423479
2.424017
2.425072
2.425733
2.424664
2.425619
2.424617
2.424886
2.424633
2.425370
2.424440
2.423917
2.424786
2.423993
2.423163
2.423779
2.424266
2.423414
2.423491
2.422760
2.422876
2.423503
2.423676
2.447566
2.456111
2.456928
2.456345
2.455972
2.455499
2.455701
2.457044
2.456422
2.456487
2.456546
2.457198
2.456766
2.456424
2.456461
2.456838
2.457582
2.457216
2.456838
2.457139
2.457448
2.457682
2.457764
2.457606
2.457678
2.458274
2.457652
2.457416
2.457385
2.457241
2.457337
2.455330
2.455797
2.455891
2.456180
2.456461
2.455420
2.456455
2.455859
2.457896
2.457906
2.457743
2.457806
2.458035
2.458133
2.458149
2.457644
2.457914
2.458458
2.458055
2.458076
2.458208
2.459012
2.459239
2.458618
2.458193
2.457691
2.458569
2.457735
2.457911
2.458397
2.458791
2.459064
2.457566
2.457337
2.456574
2.457927
2.458517
2.458022
2.458553
2.458432
2.452781
2.439294
2.426285
2.425290
2.425853
2.425420
2.425242
2.425215
2.425380
2.425799
2.424964
2.425072
2.425354
2.426135
2.425768
2.425793
2.425721
2.425123
2.425691
2.424638
2.424341
2.425068
2.425035
2.424881
2.424610
2.424268
2.424220
2.425446
2.424852
2.424728
2.425396
2.425173
2.424888
2.424776
2.424327
2.424158
2.425008
2.424668
2.424890
2.424954
2.425271
2.424439
2.424487
2.424527
2.424521
2.425559
2.425253
2.423438
2.423366
2.424018
2.424203
2.423715
2.424226
2.425082
2.426241
2.425317
2.424981
2.425317
2.424510
2.425073
2.424899
2.424387
2.423373
2.424296
2.423519
2.423556
2.423269
2.423199
2.424690
2.424343
2.425028
2.425379
2.424358
2.425277
2.425682
2.424928
2.423883
2.423636
2.424033
2.423491
2.423458
2.423968
2.425358
2.424159
2.423454
2.423184
2.423959
2.424492
2.424343
2.424089
2.425963
2.425342
2.423370
2.424120
2.423286
2.424143
2.423410
2.423555
2.423375
2.422804
2.423853
2.422403
2.422642
2.422156
2.423050
2.422848
2.422621
2.422976
2.423337
2.424002
2.423250
2.423484
2.422529
2.422109
2.422208
2.421980
2.438971
2.454987
2.455987
2.455184
2.455047
2.455253
2.455918
2.455648
2.454899
2.455128
2.454929
2.455790
2.455486
2.454257
2.453825
2.454560
2.455029
2.454648
2.454350
2.454059
2.455470
2.454768
2.453747
2.454000
2.454252
2.454420
2.453631
2.453346
2.452166
2.452797
2.452697
2.452285
2.451945
2.452390
2.452592
2.452896
2.451187
2.450952
2.451702
2.451836
2.451234
2.451096
2.451143
2.451096
2.451181
2.451333
2.452075
2.451794
2.451844
2.451545
2.450886
2.451829
2.450777
2.451080
2.450647
2.451150
2.450819
2.450026
2.449309
2.449828
2.450837
2.449427
2.448971
2.449349
2.450468
2.445563
2.435093
2.416996
2.416655
2.416658
2.416245
2.416191
2.415299
2.415019
2.414669
2.415168
2.414859
2.416331
2.417636
2.416336
2.416397
2.416040
2.416884
2.416471
2.416596
2.416490
2.416259
2.417226
2.416717
2.416402
2.416885
2.416741
2.416450
2.416026
2.416209
2.416270
2.417062
2.416387
2.416036
2.416303
2.416911
2.417299
2.416741
2.416319
2.415970
2.416838
2.416664
2.416547
2.416491
2.416349
2.416758
2.416249
2.416504
2.416194
2.417085
2.416322
2.416301
2.416044
2.416508
2.417035
2.416537
2.416112
2.415494
2.416268
2.416343
2.415602
2.416099
2.415097
2.415211
2.414655
2.414827
2.414640
2.414724
2.414439
2.414250
2.413897
2.413796
2.414420
2.413725
2.413135
2.413111
2.412937
2.413068
2.412779
2.412506
2.412897
2.413830
2.413793
2.413502
2.413391
2.412903
2.413330
2.412809
2.412570
2.412773
2.414179
2.414104
2.413899
2.413511
2.413666
2.414472
2.414061
2.413433
2.413263
2.413413
2.412236
2.412894
2.412610
2.413224
2.413134
2.412472
2.410940
2.411899
2.412097
2.411558
2.410999
2.411944
2.411976
2.412708
2.411873
2.412165
2.421489
2.443967
2.446089
2.445788
2.445889
2.445689
2.445845
2.446182
2.445785
2.445425
2.445781
2.445995
2.446100
2.445019
2.445415
2.446225
2.445641
2.445471
2.445939
2.445365
2.446229
2.445732
2.445697
2.445446
2.446136
2.445844
2.445314
2.445045
2.444257
2.444688
2.444254
2.444296
2.444554
2.445744
2.445266
2.444916
2.444648
2.444870
2.445181
2.445040
2.444562
2.444597
2.444947
2.445163
2.444288
2.444311
2.444367
2.445370
2.444572
2.444062
2.444422
2.444293
2.444917
2.443849
2.444440
2.444601
2.444526
2.444760
2.444459
2.444474
2.445021
2.445191
2.445651
2.444475
2.444324
2.445389
2.444429
2.444450
2.443519
2.443082
2.444016
2.440863
2.433481
2.412834
2.411421
2.410966
2.410212
2.409495
2.409217
2.409772
2.410274
2.410954
2.410581
2.410744
2.410570
2.410986
2.411112
2.410873
2.411529
2.411103
2.410507
2.411240
2.411265
2.410687
2.410541
2.410718
2.409990
2.411256
2.410299
2.410041
2.409935
2.410066
2.410591
2.410412
2.410278
2.410468
2.410681
2.410617
2.410098
2.410848
2.409456
2.410486
2.409439
2.410741
2.409695
2.410743
2.410966
2.409893
2.410457
2.410501
2.411686
2.410991
2.409391
2.410032
2.411439
2.409997
2.409500
2.409216
2.409412
2.410687
2.410650
2.410202
2.410825
2.411168
2.410357
2.410226
2.409906
2.409300
2.410132
2.409450
2.409307
2.409342
2.410250
2.410660
2.409592
2.409920
2.407909
2.408059
2.408212
2.407839
2.407479
2.408574
2.409303
2.409928
2.409661
2.409357
2.408935
2.407148
2.408003
2.408971
2.408842
2.408963
2.409793
2.409720
2.408871
2.408992
2.409053
2.408790
2.413620
2.440845
2.441902
2.441579
2.441675
2.442507
2.442430
2.441927
2.442856
2.443061
2.443566
2.443439
2.443633
2.443519
2.443393
2.443991
2.443759
2.443854
2.443575
2.444565
2.444285
2.444169
2.444263
2.443755
2.445367
2.444628
2.444667
2.444564
2.444413
2.444667
2.444859
2.444485
2.444310
2.444510
2.443759
2.443547
2.444082
2.444262
2.445205
2.444589
2.444357
2.444028
2.444900
2.444841
2.444482
2.444879
2.445234
2.446334
2.445397
2.444801
2.444707
2.445189
2.444748
2.444947
2.444850
2.445531
2.446440
2.445509
2.445778
2.445551
2.446367
2.445982
2.445810
2.445839
2.445843
2.446280
2.445917
2.446290
2.445397
2.446069
2.445840
2.445121
2.437212
2.418863
2.413439
2.413234
2.412477
2.412257
2.412370
2.413016
2.412611
2.412842
2.412871
2.413505
2.412464
2.412795
2.412315
2.412613
2.413766
2.413628
2.413813
2.413619
2.414456
2.413861
2.413501
2.413086
2.413840
2.414156
2.412903
2.412853
2.413360
2.413255
2.413338
2.412962
2.412955
2.413511
2.414526
2.413664
2.413614
2.413712
2.414297
2.414644
2.414024
2.412972
2.412789
2.413687
2.413737
2.413732
2.413831
2.414235
2.413919
2.414433
2.413915
2.413650
2.414496
2.414072
2.414523
2.413614
2.413433
2.413424
2.413080
2.413965
2.412973
2.414314
2.414014
2.413988
2.414203
2.414263
2.414550
2.413965
2.414089
2.413775
2.413331
2.413406
2.412525
2.412876
2.413051
2.413796
2.413468
2.413214
2.413077
2.413666
2.413021
2.412956
2.413133
2.413172
2.413908
2.412408
2.412402
2.412017
2.413082
2.413097
2.413245
2.413784
2.413369
2.414190
2.413453
2.413253
2.412601
2.413779
2.413656
2.412913
2.412947
2.411741
2.412754
2.412186
2.412359
2.412063
2.412066
2.413493
2.411920
2.412497
2.411172
2.411749
2.411801
2.411498
2.411013
2.411503
2.438279
2.443454
2.444001
2.443361
2.444313
2.444162
2.443913
2.444473
2.444065
2.444496
2.445726
2.445562
2.445754
2.446426
2.444679
2.444031
2.444218
2.444074
2.445387
2.444490
2.444487
2.445365
2.445188
2.445281
2.444527
2.444144
2.443904
2.444347
2.444148
2.443756
2.444330
2.444589
2.444255
2.443618
2.442641
2.442391
2.443029
2.443323
2.443085
2.443169
2.443032
2.443717
2.436298
2.421802
2.410932
2.411959
2.411305
2.411314
2.410392
2.410286
2.410278
2.411374
2.411666
2.412260
2.411616
2.411394
2.412843
2.412177
2.411686
2.411696
2.411534
2.412201
2.411041
2.410610
2.410303
2.411032
2.411308
2.411355
2.411593
2.412139
2.412287
2.412418
2.412694
2.411830
2.412650
2.412192
2.411481
2.411215
2.411467
2.411925
2.410944
2.411144
2.411366
2.411978
2.411759
2.411702
2.411549
2.411615
2.412588
2.412438
2.412021
2.412247
2.412812
2.413211
2.413080
2.412919
2.412529
2.413201
2.412712
2.412760
2.412994
2.412302
2.412576
2.411965
2.412479
2.411899
2.412323
2.412242
2.411726
2.411507
2.411856
2.411790
2.410656
2.410551
2.411367
2.411580
2.411373
2.410702
2.410536
2.411240
2.411644
2.410665
2.410216
2.410417
2.410405
2.410892
2.410598
2.410511
2.410176
2.411114
2.411682
2.411304
2.411333
2.411873
2.411578
2.410853
2.409850
2.409403
2.411081
2.409700
2.410603
2.409719
2.409959
2.411260
2.410344
2.411307
2.411696
2.412623
2.412276
2.411622
2.411879
2.411690
2.411755
2.411675
2.411479
2.411140
2.410920
2.430114
2.441523
2.441903
2.441355
2.442504
2.441843
2.442466
2.442341
2.443326
2.442707
2.442602
2.442800
2.442767
2.443123
2.442451
2.442091
2.441321
2.441862
2.442655
2.442294
2.442030
2.442560
2.442064
2.441625
2.441307
2.441822
2.442016
2.441936
2.441558
2.441466
2.441813
2.442601
2.441348
2.441437
2.441280
2.441517
2.441690
2.440552
2.440481
2.439994
2.441340
2.441280
2.441190
2.440773
2.440560
2.441754
2.441503
2.441320
2.440839
2.441532
2.441443
2.441351
2.441139
2.440706
2.441306
2.441485
2.441321
2.440924
2.441689
2.441626
2.441489
2.441202
2.441174
2.441701
2.441282
2.441193
2.441385
2.441049
2.440883
2.440141
2.440521
2.435928
2.424803
2.409649
2.407844
2.408199
2.407414
2.408703
2.408142
2.407789
2.409373
2.409546
2.408643
2.408114
2.407626
2.406909
2.407739
2.407175
2.407454
2.407264
2.407488
2.407627
2.407522
2.407121
2.407504
2.408100
2.407952
2.406482
2.406252
2.407432
2.407448
2.406879
2.406070
2.406319
2.407522
2.407264
2.405828
2.406027
2.405996
2.405564
2.405549
2.406164
2.405786
2.406898
2.406084
2.405319
2.406175
2.406311
2.407994
2.406669
2.406305
2.405801
2.406403
2.406536
2.405701
2.407012
2.406692
2.405797
2.406054
2.405875
2.404492
2.404796
2.404119
2.404056
2.404137
2.404372
2.404829
2.405159
2.404206
2.404790
2.405601
2.404265
2.405009
2.404436
2.404797
2.404864
2.404929
2.404622
2.403753
2.404914
2.404116
2.403763
2.403536
2.402987
2.403547
2.404165
2.402539
2.401985
2.402537
2.403296
2.403554
2.404053
2.403749
2.404395
2.403151
2.403267
2.403855
2.403580
2.403991
2.403331
2.403466
2.403368
2.402613
2.401944
2.401322
2.401085
2.401525
2.402666
2.401749
2.401382
2.401146
2.401718
2.401711
2.401345
2.400389
2.400504
2.400010
2.411798
2.430549
2.430035
2.430538
2.429517
2.429935
2.431349
2.431799
2.431887
2.431971
2.431117
2.431932
2.432582
2.433311
2.432721
2.432683
2.432976
2.434082
2.432674
2.433271
2.433071
2.433171
2.431708
2.432598
2.432618
2.434069
2.434779
2.433810
2.434530
2.434574
2.434837
2.434765
2.434670
2.434160
2.434430
2.434981
2.434859
2.434699
2.434607
2.434505
2.435567
2.436051
2.436278
2.436311
2.436121
2.436041
2.436046
2.435480
2.435721
2.436329
2.435924
2.436693
2.436657
2.437750
2.437394
2.436847
2.436633
2.433797
2.426245
2.406447
2.404543
2.404605
2.405468
2.405150
2.404966
2.404988
2.405424
2.405884
2.405149
2.405448
2.404205
2.404649
2.404366
2.403994
2.404056
2.404144
2.405248
2.403441
2.403640
2.403419
2.404126
2.404351
2.403476
2.403186
2.403398
2.404017
2.403760
2.404255
2.404292
2.404954
2.405277
2.404450
2.404761
2.404777
2.404847
2.405065
2.404869
2.405079
2.404847
2.404929
2.404150
2.404283
2.404264
2.405252
2.404589
2.404143
2.404339
2.404284
2.404129
2.403988
2.403330
2.403398
2.404866
2.403912
2.403042
2.404007
2.404733
2.404556
2.404300
2.404149
2.404201
2.405020
2.405701
2.404968
2.405207
2.404796
2.405367
2.405921
2.405965
2.405903
2.406418
2.405241
2.405440
2.404721
2.404192
2.403754
2.403707
2.404295
2.404251
2.404329
2.404274
2.404570
2.404864
2.404907
2.405092
2.405956
2.405754
2.405567
2.405617
2.406490
2.405543
2.404723
2.405344
2.406859
2.406145
2.406039
2.405356
2.405800
2.406467
2.406409
2.406315
2.406363
2.407275
2.406657
2.406621
2.407081
2.406266
2.407448
2.405968
2.405631
2.405756
2.405840
2.405747
2.411711
2.436769
2.437440
2.438041
2.437631
2.437606
2.437735
2.438494
2.438017
2.437688
2.437088
2.437344
2.437989
2.437921
2.438189
2.438334
2.438689
2.438328
2.438177
2.437986
2.438465
2.438435
2.438419
2.436169
2.436069
2.435724
2.436699
2.437003
2.436434
2.436380
2.436787
2.439192
2.438039
2.437085
2.436863
2.437316
2.438079
2.437254
2.437565
2.437857
2.438199
2.437299
2.437384
2.437420
2.437315
2.437773
2.437842
2.437582
2.437448
2.437362
2.437508
2.437453
2.437542
2.437458
2.437811
2.437783
2.437873
2.437614
2.436460
2.428651
2.408361
2.404844
2.404759
2.404664
2.404360
2.404772
2.404836
2.405866
2.404899
2.405327
2.404891
2.404400
2.405877
2.405561
2.405002
2.404555
2.404168
2.404740
2.405673
2.405190
2.405804
2.406775
2.405885
2.405364
2.405909
2.405587
2.405726
2.405175
2.404813
2.405351
2.406172
2.405817
2.406324
2.405892
2.406019
2.406337
2.406247
2.406206
2.406100
2.406459
2.405993
2.405296
2.405505
2.405611
2.406243
2.405144
2.404962
2.405369
2.406361
2.405632
2.405301
2.405561
2.405682
2.406422
2.406115
2.405677
2.406183
2.406824
2.406642
2.406595
2.406295
2.405750
2.406121
2.405777
2.406483
2.405547
2.406580
2.406681
2.405584
2.406126
2.405924
2.407080
2.406679
2.406890
2.406620
2.406453
2.407026
2.406197
2.406446
2.406145
2.406775
2.406670
2.406740
2.406562
2.406904
2.407269
2.406815
2.408219
2.407553
2.408160
2.408273
2.408288
2.408904
2.408276
2.408776
2.408702
2.408871
2.408892
2.409201
2.408988
2.408994
2.408280
2.409410
2.409507
2.408586
2.409098
2.408586
2.409246
2.409210
2.407988
2.407878
2.408504
2.408037
2.406789
2.409137
2.435661
2.439470
2.440151
2.439531
2.438715
2.438930
2.439725
2.440026
2.439431
2.438466
2.438964
2.440628
2.440348
2.440847
2.439956
2.440134
2.441524
2.441419
2.441341
2.441565
2.441058
2.441576
2.441685
2.441293
2.442085
2.441247
2.441434
2.441223
2.440500
2.441156
2.440599
2.440118
2.439219
2.440179
2.440203
2.440000
2.439801
2.439470
2.439980
2.439402
2.438319
2.439285
2.439584
2.438160
2.437143
2.437531
2.437342
2.437770
2.436984
2.437602
2.437875
2.437882
2.438042
2.438421
2.438172
2.438150
2.438925
2.438419
2.438481
2.438716
2.437246
2.438706
2.438356
2.438144
2.437893
2.437350
2.437439
2.437463
2.437763
2.437460
2.437254
2.429944
2.412747
2.403941
2.404640
2.405114
2.404327
2.403526
2.403470
2.404019
2.403541
2.403784
2.404186
2.405169
2.405974
2.405650
2.404758
2.404264
2.404950
2.403851
2.403719
2.403325
2.402421
2.403521
2.402632
2.402189
2.402650
2.403376
2.402354
2.402499
2.401171
2.401103
2.401848
2.401187
2.400519
2.400547
2.401520
2.400119
2.399447
2.398034
2.397841
2.399095
2.399698
2.399204
2.399089
2.399248
2.399252
2.399543
2.400160
2.399640
2.400530
2.399431
2.399158
2.399184
2.399647
2.399749
2.398919
2.397822
2.397410
2.398033
2.398403
2.397683
2.399564
2.399303
2.399485
2.399058
2.398605
2.399634
2.398315
2.398540
2.397158
2.397937
2.396767
2.398424
2.398278
2.397394
2.397913
2.396902
2.398149
2.397906
2.398160
2.398327
2.398424
2.398697
2.397742
2.398310
2.397935
2.398075
2.398018
2.397785
2.398449
2.398151
2.398117
2.397377
2.397845
2.397984
2.398599
2.398458
2.398270
2.398003
2.398511
2.398781
2.398719
2.398962
2.422873
2.431276
2.430882
2.431034
2.430522
2.430878
2.431433
2.430526
2.430202
2.430441
2.431140
2.430925
2.430608
2.430551
2.430446
2.431050
2.430553
2.430800
2.430084
2.430837
2.430481
2.429824
2.429981
2.429991
2.431016
2.431239
2.430162
2.429463
2.429855
2.430223
2.429359
2.430018
2.430072
2.430274
2.429714
2.429599
2.429443
2.429336
2.429330
2.429654
2.429124
2.429854
2.429897
2.429161
2.428941
2.429046
2.428854
2.429142
2.429060
2.429386
2.429297
2.430001
2.430031
2.429890
2.429706
2.428667
2.428804
2.427546
2.428277
2.427726
2.427791
2.427377
2.426752
2.427405
2.427518
2.428190
2.427475
2.427348
2.427320
2.427604
2.427726
2.421479
2.407319
2.394420
2.393800
2.394494
2.393830
2.392754
2.393073
2.391672
2.389489
2.387569
2.385858
2.384555
2.383345
2.382585
2.381909
2.381946
2.383553
2.384261
2.383853
2.383118
2.382849
2.382252
2.381927
2.382002
2.380711
2.380781
2.378996
2.377691
2.376798
2.376746
2.373592
2.369497
2.365796
2.359698
2.356124
2.352860
2.347410
2.342083
2.339822
2.336251
2.335288
2.334081
2.332893
2.332475
2.329631
2.325160
2.322847
2.318636
2.312583
2.306209
2.298632
2.294621
2.297408
2.299771
2.300440
2.306569
2.313679
2.318937
2.322515
2.326345
2.336237
2.350236
2.361157
2.368808
2.373101
2.375757
2.382205
2.385404
2.386944
2.387378
2.387940
2.388143
2.388964
2.389607
2.389646
2.390159
2.391593
2.391389
2.391346
2.391561
2.391675
2.392418
2.392644
2.392514
2.392977
2.393038
2.392266
2.391833
2.390509
2.389215
2.388706
2.387878
2.386464
2.385986
2.384504
2.384952
2.385728
2.387521
2.388129
2.389188
2.390877
2.391523
2.392306
2.392209
2.392265
2.394143
2.394148
2.394486
2.393774
2.393656
2.393823
2.394564
2.393959
2.393546
2.393701
2.410603
2.425901
2.425247
2.424504
2.425171
2.425964
2.426493
2.426046
2.424666
2.425362
2.426626
2.425573
2.425243
2.424773
2.425752
2.425964
2.424865
2.424572
2.424111
2.425412
2.425177
2.424147
2.424074
2.424293
2.424906
2.424563
2.423607
2.423013
2.423650
2.424068
2.423429
2.423180
2.422702
2.422843
2.422574
2.423133
2.423108
2.422749
2.423533
2.423657
2.423142
2.421862
2.422561
2.421976
2.421916
2.420911
2.421081
2.420653
2.420836
2.421104
2.420940
2.420292
2.419719
2.419859
2.419514
2.418674
2.416944
2.415490
2.416103
2.416509
2.416216
2.415923
2.416293
2.416034
2.416959
2.417494
2.417397
2.418877
2.419073
2.418539
2.417954
2.413071
2.404848
2.389218
2.388232
2.386677
2.386909
2.387738
2.387756
2.386481
2.386708
2.385767
2.385405
2.385952
2.385435
2.384693
2.385666
2.385831
2.385013
2.385473
2.384115
2.385195
2.384871
2.385793
2.384985
2.385985
2.384879
2.385643
2.385560
2.386466
2.385904
2.387303
2.385311
2.385154
2.386706
2.387866
2.385899
2.384579
2.384524
2.386089
2.386324
2.385468
2.384786
2.384832
2.386348
2.385805
2.386571
2.386472
2.386528
2.387000
2.385551
2.385097
2.385638
2.385818
2.386667
2.385616
2.386534
2.386118
2.386345
2.386293
2.385327
2.386113
2.385947
2.386015
2.385568
2.386544
2.385328
2.385973
2.385088
2.385340
2.386226
2.386767
2.386674
2.386379
2.386650
2.386617
2.386532
2.386419
2.386577
2.386701
2.387145
2.387224
2.386935
2.386916
2.386945
2.387285
2.386764
2.386292
2.386240
2.385994
2.386490
2.386391
2.386611
2.386181
2.396778
2.418138
2.418862
2.419046
2.418472
2.419441
2.419422
2.419119
2.418967
2.419252
2.419270
2.418824
2.418391
2.417977
2.419210
2.419630
2.418655
2.418540
2.418746
2.419667
2.419506
2.419224
2.418587
2.419808
2.419816
2.418807
2.418900
2.418994
2.420087
2.419356
2.418988
2.418599
2.419530
2.419824
2.418821
2.418587
2.418527
2.419373
2.418948
2.419086
2.418985
2.419506
2.418888
2.418619
2.418870
2.418381
2.418740
2.418439
2.418746
2.418082
2.419034
2.418751
2.418671
2.418506
2.419150
2.418072
2.418917
2.419242
2.418098
2.418125
2.419630
2.419822
2.419242
2.420184
2.420076
2.419503
2.419432
2.420002
2.419604
2.420112
2.419714
2.418201
2.410325
2.391483
2.387762
2.388199
2.388354
2.388476
2.389148
2.388148
2.388097
2.387928
2.388864
2.388871
2.388203
2.387987
2.387412
2.388048
2.388346
2.388670
2.388442
2.387461
2.388183
2.388673
2.389288
2.389433
2.388966
2.388468
2.388955
2.388878
2.389053
2.388983
2.388483
2.388732
2.388952
2.389626
2.389581
2.390086
2.389501
2.388887
2.388899
2.388173
2.388148
2.387640
2.388728
2.386876
2.387249
2.387477
2.387559
2.387758
2.387706
2.387767
2.388086
2.388291
2.388039
2.387727
2.388459
2.388657
2.389037
2.387307
2.386739
2.386926
2.386910
2.387568
2.387571
2.388288
2.387943
2.388484
2.387316
2.387707
2.387879
2.387813
2.387624
2.386822
2.388168
2.388216
2.387422
2.386823
2.386521
2.387448
2.387050
2.386639
2.386456
2.386124
2.385311
2.384921
2.384613
2.384343
2.384026
2.384157
2.383876
2.383884
2.382134
2.382508
2.382380
2.383158
2.383757
2.383104
2.382793
2.382427
2.383201
2.383398
2.383037
2.382233
2.383355
2.382734
2.382578
2.382368
2.381464
2.386498
2.412544
2.414829
2.414845
2.414843
2.415534
2.415887
2.415158
2.415249
2.414659
2.416041
2.414666
2.413814
2.413757
2.413947
2.414724
2.413632
2.413574
2.413033
2.413010
2.413690
2.412500
2.412762
2.412885
2.413212
2.413940
2.414106
2.413352
2.413435
2.414103
2.414714
2.415096
2.414847
2.414746
2.414510
2.414892
2.414744
2.414668
2.414435
2.414560
2.414222
2.413923
2.413291
2.412461
2.413337
2.412022
2.411548
2.411094
2.411065
2.410774
2.409878
2.410213
2.409898
2.411132
2.409939
2.408988
2.410144
2.409882
2.410595
2.410411
2.409695
2.410868
2.411777
2.411625
2.411633
2.411101
2.405444
2.387570
2.380861
2.380554
2.380338
2.382959
2.382578
2.382469
2.381508
2.382793
2.384233
2.383579
2.383230
2.383187
2.383748
2.383758
2.383212
2.384027
2.382615
2.383743
2.381516
2.380812
2.381760
2.381378
2.380564
2.381344
2.380967
2.382467
2.380819
2.353052
2.382109
2.382107
2.383034
2.384058
2.383953
2.384034
2.383803
2.384060
2.385015
2.384570
2.384741
2.385244
2.386131
2.386152
2.386241
2.385287
2.383741
2.384481
2.383555
2.384295
2.384308
2.384897
2.384985
2.385146
2.385829
2.385224
2.385468
2.385416
2.385566
2.385603
2.385722
2.385452
2.384691
2.384900
2.384797
2.385048
2.385178
2.384728
2.384813
2.384660
2.384844
2.383894
2.383923
2.383148
2.382677
2.382943
2.381801
2.381131
2.382052
2.382658
2.382513
2.382006
2.381718
2.382446
2.382170
2.382270
2.381513
2.381781
2.382398
2.381999
2.382419
2.380016
2.380040
2.379997
2.379164
2.379153
2.379726
2.380666
2.381165
2.380973
2.381158
2.382101
2.382693
2.383725
2.384332
2.384298
2.384587
2.383375
2.382928
2.383270
2.383292
2.384645
2.409828
2.415113
2.415676
2.415750
2.415818
2.415134
2.415497
2.415411
2.415222
2.414896
2.414975
2.415298
2.415323
2.414930
2.414740
2.414550
2.414275
2.415489
2.415507
2.414901
2.414404
2.416405
2.416813
2.417388
2.416258
2.415262
2.415891
2.416023
2.415747
2.416131
2.415859
2.417383
2.417094
2.415980
2.415133
2.416085
2.416198
2.415332
2.415244
2.414858
2.415215
2.415761
2.415251
2.414960
2.416054
2.415503
2.416646
2.416077
2.416227
2.416651
2.415919
2.416226
2.416885
2.417306
2.416011
2.416713
2.417225
2.415737
2.414895
2.414543
2.415850
2.416313
2.415928
2.415048
2.415107
2.415459
2.416127
2.415850
2.414710
2.413749
2.408983
2.393630
2.383631
2.383859
2.382987
2.383619
2.382665
2.381701
2.382670
2.381769
2.381710
2.381197
2.380751
2.381932
2.381569
2.380055
2.381175
2.381158
2.381454
2.380787
2.380596
2.379220
2.379032
2.380309
2.379317
2.379577
2.378708
2.378002
2.379432
2.378028
2.378297
2.378235
2.377975
2.377758
2.377180
2.376270
2.376003
2.376156
2.375362
2.375978
2.375507
2.375141
2.375175
2.374166
2.373958
2.373838
2.375547
2.374831
2.374970
2.376705
2.377687
2.378538
2.379729
2.380374
2.381629
2.383046
2.383125
2.384303
2.385730
2.385817
2.385678
2.385100
2.386768
2.386601
2.388883
2.388232
2.388697
2.388372
2.387869
2.388771
2.388468
2.389056
2.388471
2.388743
2.388216
2.387930
2.388831
2.388304
2.388346
2.387567
2.388032
2.387149
2.388086
2.387899
2.387190
2.386702
2.386297
2.389101
2.389546
2.390404
2.390540
2.390268
2.390128
2.389661
2.390413
2.390220
2.410422
2.421939
2.421944
2.422596
2.422173
2.423115
2.422989
2.422729
2.422497
2.422253
2.423114
2.422587
2.423784
2.423540
2.423435
2.424422
2.423986
2.423931
2.423068
2.423648
2.424017
2.423958
2.423891
2.423494
2.423825
2.424141
2.423516
2.423738
2.422509
2.423190
2.424304
2.422602
2.422789
2.422327
2.423494
2.423280
2.422967
2.422861
2.421956
2.424142
2.423117
2.423311
2.423900
2.424251
2.425919
2.424067
2.425165
2.424893
2.426347
2.426620
2.426136
2.426779
2.426392
2.426870
2.426531
2.426531
2.427010
2.427189
2.427877
2.427492
2.427093
2.427434
2.427075
2.426556
2.427056
2.427243
2.427103
2.427160
2.427769
2.427319
2.427218
2.423382
2.411321
2.396526
2.395503
2.395766
2.395981
2.395144
2.395500
2.393721
2.394894
2.393960
2.394735
2.395194
2.395059
2.396121
2.395367
2.395940
2.396040
2.395853
2.395703
2.395966
2.395766
2.394694
2.395514
2.395099
2.394646
2.395022
2.396109
2.395900
2.395861
2.396111
2.396007
2.395692
2.395560
2.395306
2.395510
2.396759
2.394994
2.395536
2.394460
2.394792
2.395601
2.395424
2.395414
2.395647
2.396424
2.396571
2.395995
2.395624
2.395732
2.396269
2.395331
2.395291
2.395098
2.396181
2.396545
2.395827
2.397044
2.396299
2.395808
2.394897
2.395409
2.394651
2.395287
2.396672
2.395217
2.394772
2.395033
2.394872
2.395544
2.395342
2.394847
2.393786
2.393729
2.393206
2.393399
2.393669
2.394214
2.393375
2.392798
2.392622
2.393216
2.394055
2.393091
2.393068
2.393519
2.394668
2.394783
2.394459
2.394342
2.394143
2.395091
2.394219
2.394410
2.394096
2.393367
2.394753
2.394175
2.393916
2.393720
2.394780
2.393966
2.393814
2.393822
2.393765
2.394446
2.394052
2.394210
2.393925
2.394432
2.395402
2.394714
2.393871
2.394271
2.394296
2.394094
2.407342
2.425046
2.426119
2.425322
2.423614
2.423745
2.424728
2.424344
2.425103
2.425652
2.425817
2.425683
2.425873
2.425316
2.426182
2.426151
2.426644
2.426095
2.425984
2.426589
2.426986
2.426322
2.425895
2.426134
2.426040
2.427239
2.427040
2.427455
2.427378
2.427359
2.427510
2.427061
2.426755
2.426634
2.427390
2.426780
2.426432
2.426094
2.426573
2.426849
2.427508
2.427129
2.426720
2.427731
2.427288
2.427285
2.427006
2.427191
2.426668
2.425917
2.426481
2.426308
2.427261
2.426808
2.426721
2.426934
2.426422
2.427111
2.426844
2.426817
2.426590
2.426424
2.426673
2.426526
2.426415
2.426824
2.427137
2.427202
2.426811
2.426216
2.426475
2.423741
2.414945
2.395976
2.394410
2.395210
2.394272
2.394359
2.394584
2.394375
2.394285
2.393904
2.394151
2.393937
2.395095
2.394410
2.394465
2.394517
2.394474
2.395587
2.395096
2.394643
2.394792
2.395174
2.394410
2.394404
2.394270
2.393898
2.394081
2.393308
2.393280
2.393548
2.393797
2.393661
2.393512
2.393279
2.393120
2.393854
2.393121
2.392440
2.393141
2.393035
2.393181
2.392898
2.392970
2.392687
2.394244
2.393928
2.394033
2.393149
2.392740
2.393019
2.392876
2.392669
2.392374
2.392772
2.392411
2.392569
2.392858
2.391982
2.392178
2.391196
2.392502
2.392855
2.394628
2.394075
2.393493
2.394656
2.394294
2.394848
2.393974
2.393948
2.394111
2.394469
2.394052
2.392808
2.393162
2.392170
2.393165
2.393972
2.394105
2.393878
2.394000
2.394077
2.393900
2.393705
2.393503
2.394300
2.393596
2.393877
2.393194
2.392987
2.393628
2.392807
2.393133
2.392927
2.393496
2.393246
2.392862
2.391847
2.391953
2.392578
2.391627
2.392299
2.392201
2.392768
2.391912
2.390945
2.390810
2.390789
2.391557
2.390254
2.390619
2.389728
2.389795
2.388408
2.388455
2.396348
2.419223
2.421256
2.419888
2.418600
2.418367
2.417725
2.416712
2.414374
2.412560
2.413047
2.411688
2.408773
2.407056
2.405156
2.404137
2.403021
2.400731
2.399976
2.396867
2.396062
2.392876
2.388441
2.383738
2.378592
2.373424
2.367895
2.359962
2.352591
2.344903
2.334152
2.323949
2.312854
2.299902
2.288494
2.275898
2.270424
2.266635
2.268431
2.268507
2.265552
2.267703
2.282234
2.297555
2.313226
2.326656
2.335677
2.350441
2.360474
2.368873
2.374953
2.379853
2.384253
2.386498
2.389506
2.392050
2.394079
2.394952
2.395921
2.396777
2.397708
2.398447
2.398527
2.397085
2.397591
2.397584
2.398769
2.398183
2.399312
2.399468
2.401418
2.400957
2.394591
2.375840
2.373895
2.376474
2.377076
2.379678
2.381637
2.382709
2.383237
2.383022
2.383580
2.383615
2.384312
2.384100
2.384145
2.384182
2.385424
2.384403
2.383693
2.383149
2.382071
2.382658
2.382022
2.383256
2.383326
2.383220
2.383537
2.383717
2.383831
2.384145
2.383881
2.382458
2.383885
2.383839
2.384179
2.385099
2.383541
2.383655
2.383288
2.384533
2.383552
2.383426
2.383662
2.384075
2.385907
2.384837
2.384676
2.384351
2.385141
2.385079
2.385063
2.385091
2.385158
2.385401
2.385653
2.385604
2.386213
2.386741
2.386272
2.387195
2.386400
2.387340
2.387990
2.387486
2.387596
2.387223
2.387812
2.387332
2.387978
2.387114
2.386782
2.387433
2.387207
2.387322
2.387289
2.387305
2.387856
2.387460
2.387230
2.387232
2.387981
2.387809
2.387846
2.387901
2.387630
2.388055
2.388179
2.388242
2.388607
2.389352
2.389274
2.388862
2.389750
2.389413
2.390030
2.389956
2.389721
2.390006
2.389723
2.389383
2.388967
2.389853
2.389963
2.390488
2.391222
2.390593
2.390934
2.391773
2.391448
2.390907
2.391059
2.390514
2.390960
2.390400
2.390325
2.392169
2.419039
2.421779
2.421098
2.420810
2.421623
2.421487
2.420496
2.420611
2.421238
2.420515
2.421685
2.420652
2.421011
2.420300
2.421805
2.421609
2.422164
2.421905
2.423539
2.424534
2.424473
2.424033
2.423823
2.424316
2.424875
2.423537
2.423910
2.424214
2.424703
2.424141
2.424071
2.424036
2.424596
2.424554
2.424594
2.423437
2.423978
2.424515
2.423679
2.424314
2.423188
2.422850
2.423807
2.423237
2.424045
2.424172
2.424658
2.424006
2.424222
2.424471
2.424312
2.424811
2.424631
2.424507
2.424599
2.425032
2.424669
2.424352
2.424453
2.425041
2.424726
2.424999
2.424914
2.424595
2.425780
2.425112
2.424969
2.425179
2.425160
2.425650
2.424430
2.416968
2.400336
2.392934
2.392418
2.392088
2.393134
2.393292
2.393854
2.393234
2.393436
2.392499
2.393690
2.392999
2.393355
2.392183
2.392141
2.392409
2.391515
2.390758
2.391197
2.391634
2.392278
2.391696
2.392070
2.392833
2.393363
2.393141
2.392868
2.392757
2.393035
2.393480
2.392500
2.392195
2.391956
2.392851
2.393007
2.393326
2.392958
2.393900
2.393868
2.393194
2.392831
2.391901
2.393321
2.393280
2.392502
2.393127
2.392485
2.392759
2.393504
2.392548
2.392060
2.392629
2.392202
2.392191
2.391846
2.392336
2.393122
2.392665
2.392173
2.392178
2.392961
2.393566
2.392830
2.392475
2.392354
2.391970
2.390634
2.390215
2.390047
2.391042
2.390671
2.391950
2.392077
2.391239
2.392005
2.392106
2.391766
2.391398
2.391720
2.392150
2.390566
2.389322
2.390752
2.391328
2.391191
2.391565
2.391095
2.391163
2.392645
2.392367
2.392703
2.392252
2.393372
2.393311
2.393134
2.392828
2.392578
2.393082
2.392790
2.427440
2.427532
2.428397
2.428449
2.428118
2.428080
2.428219
2.428275
2.428409
2.428952
2.428368
2.428961
2.428609
2.428755
2.428328
2.428287
2.428774
2.428531
2.428428
2.428280
2.427961
2.428098
2.427751
2.427372
2.426628
2.427038
2.426602
2.426745
2.426318
2.426947
2.427807
2.426766
2.427127
2.427772
2.427452
2.427142
2.427145
2.427976
2.427979
2.427618
2.427874
2.427200
2.428042
2.427593
2.426816
2.426994
2.427760
2.426810
2.426615
2.426327
2.427519
2.427021
2.425564
2.419904
2.406468
2.394754
2.393562
2.394315
2.394027
2.393945
2.394037
2.393286
2.393564
2.393948
2.393666
2.392635
2.391849
2.391745
2.391989
2.392491
2.393479
2.393502
2.393264
2.392995
2.393181
2.393787
2.393759
2.392702
2.392535
2.393745
2.393289
2.392911
2.391190
2.391284
2.390950
2.390972
2.391437
2.391926
2.391040
2.391452
2.392792
2.394238
2.393752
2.392737
2.392610
2.392377
2.393407
2.393627
2.393370
2.392461
2.393757
2.393268
2.393757
2.393932
2.393603
2.393566
2.393175
2.392285
2.392314
2.392905
2.391371
2.392187
2.392870
2.392827
2.393273
2.393090
2.391924
2.391614
2.392467
2.391547
2.391453
2.390685
2.389959
2.390745
2.390214
2.390692
2.390095
2.391024
2.390292
2.390155
2.390553
2.390504
2.389805
2.390062
2.391506
2.391943
2.391544
2.391884
2.390436
2.389614
2.389284
2.390682
2.390335
2.391813
2.391392
2.391680
2.391859
2.391337
2.391198
2.391124
2.392213
2.391219
2.391102
2.390621
2.390816
2.407609
2.423354
2.423581
2.424454
2.424572
2.423893
2.423727
2.423840
2.423304
2.424642
2.424234
2.423738
2.423970
2.424323
2.424217
2.423746
2.423784
2.423984
2.424569
2.423734
2.423244
2.423274
2.423673
2.424409
2.423502
2.423351
2.424222
2.424672
2.424157
2.424669
2.424414
2.424911
2.425393
2.424777
2.423788
2.424168
2.423798
2.423586
2.424116
2.423345
2.424102
2.424064
2.422776
2.423193
2.422580
2.423230
2.423369
2.422704
2.424048
2.423480
2.423665
2.421033
2.420920
2.420939
2.421843
2.422646
2.421836
2.420994
2.422064
2.422516
2.421468
2.420645
2.420935
2.419983
2.389067
2.389113
2.390270
2.390540
2.389994
2.389655
2.388718
2.390746
2.389112
2.388394
2.388253
2.389243
2.389474
2.388831
2.389110
2.388746
2.388071
2.387105
2.387976
2.388403
2.389033
2.388540
2.388253
2.388349
2.387640
2.388043
2.388286
2.389008
2.388397
2.388899
2.388709
2.388097
2.388026
2.388331
2.389578
2.388629
2.387974
2.388685
2.388365
2.388327
2.387455
2.387465
2.387732
2.388017
2.387667
2.387359
2.386788
2.387233
2.387348
2.387133
2.386569
2.386920
2.387543
2.386743
2.387329
2.387874
2.387797
2.387877
2.387170
2.387174
2.387040
2.387589
2.387911
2.387506
2.387421
2.387398
2.388350
2.387356
2.386863
2.386619
2.387418
2.386952
2.386402
2.386618
2.386742
2.386697
2.386347
2.386516
2.385920
2.386328
2.386356
2.385848
2.385861
2.386234
2.387059
2.386429
2.385912
2.385340
2.385811
2.386152
2.385957
2.385622
2.385300
2.386052
2.386190
2.386218
2.386537
2.386377
2.386988
2.386665
2.386967
2.387602
2.388166
2.387468
2.387245
2.387289
2.388162
2.389016
2.388108
2.388353
2.387851
2.388660
2.398600
2.418870
2.419166
2.419117
2.420261
2.419548
2.419624
2.419567
2.419964
2.419581
2.419674
2.419245
2.419519
2.419762
2.419773
2.419294
2.419498
2.419919
2.419568
2.418964
2.418742
2.417998
2.418958
2.418198
2.418562
2.417928
2.419083
2.419066
2.418219
2.418145
2.418652
2.419484
2.418535
2.418357
2.419137
2.419466
2.419819
2.419532
2.419330
2.419019
2.419805
2.419370
2.420319
2.419493
2.419349
2.419813
2.418903
2.419263
2.418313
2.419291
2.418727
2.418866
2.418275
2.419252
2.420104
2.421210
2.419998
2.420084
2.419887
2.418885
2.418488
2.417989
2.418165
2.420086
2.419227
2.419112
2.419236
2.418900
2.419764
2.419339
2.419764
2.417197
2.409813
2.389742
2.387516
2.389431
2.388927
2.389988
2.388657
2.388730
2.387868
2.388355
2.387583
2.388325
2.388989
2.388361
2.389606
2.388015
2.388292
2.388057
2.388483
2.388001
2.387995
2.387606
2.386463
2.386675
2.386226
2.386216
2.386947
2.387356
2.387079
2.386650
2.386758
2.386658
2.388000
2.387173
2.387186
2.386340
2.385562
2.387392
2.386932
2.387143
2.387792
2.387457
2.387590
2.387532
2.388798
2.388148
2.388297
2.387272
2.387280
2.387487
2.387323
2.386728
2.386112
2.386720
2.386833
2.386482
2.386596
2.386955
2.387894
2.386604
2.387080
2.386539
2.386661
2.387604
2.387049
2.387024
2.386836
2.387589
2.387214
2.387816
2.388018
2.388387
2.387965
2.388743
2.388641
2.389470
2.388853
2.388162
2.388262
2.389144
2.389205
2.388776
2.388726
2.388254
2.388792
2.388589
2.388017
2.388152
2.388525
2.389030
2.392107
2.417893
2.419298
2.419485
2.419313
2.419242
2.418961
2.419157
2.419658
2.418988
2.418774
2.419007
2.418917
2.418901
2.418766
2.418847
2.419174
2.420186
2.419373
2.418996
2.419311
2.419126
2.420057
2.418965
2.419286
2.418395
2.418872
2.419563
2.419213
2.419360
2.419065
2.419497
2.419177
2.419049
2.418815
2.418878
2.419189
2.418801
2.418982
2.419473
2.419316
2.419264
2.419001
2.419694
2.419580
2.419562
2.418719
2.418368
2.418407
2.418799
2.419200
2.418902
2.418951
2.418246
2.419115
2.418537
2.418269
2.418798
2.417576
2.411242
2.392952
2.386407
2.386739
2.387318
2.386926
2.386842
2.387149
2.388227
2.387643
2.387350
2.387437
2.387697
2.387305
2.387558
2.386956
2.386655
2.386880
2.386518
2.385780
2.385564
2.385079
2.385505
2.384527
2.385958
2.384850
2.384916
2.384989
2.384943
2.385919
2.384795
2.384869
2.384940
2.385848
2.385893
2.386431
2.386735
2.387225
2.387567
2.387742
2.387036
2.387301
2.387891
2.387038
2.387910
2.387125
2.386947
2.387702
2.387637
2.387343
2.386786
2.387377
2.386721
2.388134
2.388542
2.388948
2.389600
2.388406
2.387181
2.386358
2.387007
2.386535
2.386775
2.387435
2.387053
2.387986
2.386656
2.386975
2.386548
2.388237
2.388915
2.387429
2.387242
2.387476
2.388406
2.386804
2.386240
2.386273
2.386369
2.386209
2.384982
2.384791
2.384866
2.386371
2.386006
2.386214
2.385923
2.386645
2.387401
2.387068
2.386963
2.387118
2.388421
2.387221
2.386445
2.386546
2.386523
2.386975
2.386900
2.387555
2.386788
2.388254
2.387981
2.387691
2.386874
2.386369
2.386666
2.386998
2.386724
2.386742
2.386752
2.386626
2.386450
2.412341
2.417425
2.418755
2.419131
2.418264
2.416185
2.417031
2.417274
2.417840
2.416784
2.417052
2.417324
2.417532
2.418249
2.417449
2.417304
2.417262
2.417762
2.417515
2.416685
2.417023
2.416813
2.417216
2.416896
2.416942
2.417015
2.416679
2.417210
2.416921
2.416422
2.416262
2.416691
2.416269
2.416956
2.417150
2.417286
2.417762
2.418119
2.417569
2.417036
2.417418
2.417256
2.417208
2.417758
2.417131
2.417172
2.416475
2.417138
2.417275
2.417753
2.410704
2.395794
2.386807
2.386543
2.387770
2.387508
2.387199
2.386285
2.387182
2.387735
2.386944
2.387660
2.386739
2.387781
2.387409
2.387553
2.387270
2.388074
2.387677
2.387152
2.387347
2.387375
2.387896
2.387503
2.386549
2.386403
2.387263
2.385851
2.385296
2.386191
2.386746
2.386982
2.386483
2.387056
2.387552
2.388822
2.389064
2.389112
2.387941
2.388469
2.389288
2.388763
2.388877
2.388821
2.388750
2.389890
2.389225
2.388592
2.388504
2.389040
2.389257
2.388905
2.389042
2.388209
2.388906
2.387504
2.387835
2.388281
2.389333
2.389470
2.389512
2.389085
2.388965
2.389743
2.389062
2.389238
2.389224
2.389534
2.389053
2.389065
2.388778
2.388842
2.389248
2.388715
2.388367
2.388245
2.388517
2.388968
2.387645
2.388173
2.387268
2.388309
2.388015
2.387294
2.387059
2.387478
2.388455
2.387649
2.387467
2.387005
2.387577
2.387038
2.387609
2.387624
2.386875
2.387765
2.387106
2.387524
2.386667
2.387196
2.387748
2.387798
2.388375
2.387473
2.387851
2.387847
2.388236
2.388198
2.388515
2.388762
2.389370
2.388175
2.387423
2.387752
2.386836
2.387092
2.407895
2.418835
2.420470
2.418761
2.418831
2.419139
2.419361
2.419073
2.418210
2.418203
2.418207
2.418795
2.417785
2.418630
2.418117
2.419084
2.418061
2.417529
2.418129
2.418131
2.418471
2.418674
2.418535
2.418197
2.418795
2.418276
2.417564
2.417961
2.417551
2.417868
2.416703
2.416410
2.416331
2.416880
2.416934
2.417741
2.416701
2.417110
2.417365
2.416283
2.416014
2.414882
2.415922
2.415630
2.415770
2.416814
2.417686
2.417539
2.417224
2.416450
2.416350
2.416815
2.416002
2.415750
2.416782
2.417045
2.418181
2.417947
2.417681
2.417404
2.417716
2.416649
2.416501
2.416328
2.415604
2.416247
2.410708
2.398522
2.384686
2.384389
2.383407
2.382421
2.382010
2.382024
2.382497
2.381988
2.382375
2.381771
2.381348
2.381579
2.381794
2.381338
2.380785
2.380633
2.379481
2.379467
2.379178
2.378630
2.378519
2.377905
2.378057
2.378795
2.379515
2.378538
2.379162
2.378009
2.378995
2.379165
2.378803
2.378515
2.378738
2.379440
2.379609
2.379797
2.378933
2.379054
2.379809
2.379463
2.379216
2.378731
2.379438
2.379137
2.376831
2.376198
2.376291
2.377434
2.377153
2.377444
2.377691
2.377601
2.377284
2.378373
2.376991
2.377105
2.376657
2.377122
2.378793
2.378778
2.378590
2.378147
2.379388
2.378045
2.377136
2.376981
2.377551
2.378647
2.378056
2.377934
2.377036
2.377386
2.377126
2.376990
2.377288
2.376477
2.377118
2.376961
2.376902
2.376068
2.376949
2.376326
2.376492
2.376533
2.376235
2.377345
2.377115
2.376233
2.376137
2.376743
2.377132
2.376115
2.376555
2.376797
2.377508
2.376633
2.376056
2.375714
2.376450
2.375983
2.375742
2.375639
2.388963
2.406892
2.406883
2.406378
2.406430
2.406587
2.407659
2.407866
2.406752
2.406351
2.406912
2.407000
2.406720
2.406667
2.406341
2.407383
2.407206
2.407103
2.407057
2.407230
2.407847
2.407646
2.407233
2.406741
2.407240
2.406470
2.405991
2.407090
2.405995
2.406193
2.406005
2.406197
2.406663
2.407693
2.407643
2.407086
2.407318
2.407196
2.408238
2.408367
2.408202
2.408029
2.408944
2.408558
2.408590
2.408457
2.407411
2.407362
2.406241
2.405664
2.405720
2.406981
2.406667
2.406577
2.406933
2.407451
2.408772
2.407957
2.407800
2.408196
2.408816
2.408888
2.408524
2.408918
2.408966
2.408876
2.409424
2.408533
2.408327
2.408237
2.408320
2.404475
2.395884
2.377167
2.376931
2.374772
2.374557
2.374664
2.374660
2.375427
2.374215
2.373018
2.371880
2.372674
2.372152
2.372707
2.371185
2.371126
2.371165
2.370173
2.370603
2.369570
2.369392
2.368597
2.368419
2.367513
2.366649
2.366449
2.365675
2.366404
2.365779
2.366121
2.365506
2.364188
2.364738
2.364624
2.364463
2.362221
2.361807
2.361788
2.360790
2.360792
2.360029
2.358955
2.359087
2.357924
2.355982
2.355736
2.354079
2.352273
2.352581
2.352294
2.347885
2.348366
2.345473
2.341120
2.345546
2.340084
2.340811
2.341235
2.333147
2.335973
2.334180
2.330351
2.331647
2.328296
2.331303
2.328917
2.325167
2.325993
2.322460
2.321102
2.321062
2.316431
2.314546
2.314130
2.315255
2.315372
2.313296
2.312332
2.313349
2.314283
2.316154
2.317325
2.319580
2.322488
2.326162
2.330397
2.332982
2.337064
2.342851
2.348198
2.352591
2.356176
2.357691
2.359799
2.359820
2.359914
2.359747
2.360324
2.359730
2.359948
2.358625
2.357861
2.358733
2.357607
2.357842
2.358382
2.357665
2.358600
2.357796
2.358168
2.359233
2.360637
2.360432
2.361501
2.361327
2.367522
2.391230
2.391670
2.391600
2.390727
2.390317
2.390439
2.390680
2.389844
2.388900
2.388715
2.388601
2.387616
2.389294
2.387995
2.386603
2.383855
2.386558
2.387043
2.387881
2.387055
2.378383
2.381947
2.385900
2.386826
2.385975
2.377730
2.363167
2.379299
2.382378
2.381279
2.378259
2.353404
2.344174
2.367821
2.364764
2.360519
2.346892
2.322213
2.323804
2.336772
2.329358
2.327817
2.307501
2.320146
2.323020
2.318746
2.307578
2.308128
2.307304
2.341536
2.339659
2.326628
2.311157
2.302609
2.324496
2.347794
2.346748
2.334921
2.323171
2.312324
2.336156
2.347624
2.345436
2.333136
2.324300
2.315930
2.339771
2.348180
2.344552
2.324556
2.310914
2.301427
2.302026
2.303931
2.297679
2.275496
2.266698
2.271851
2.285464
2.287230
2.278293
2.255225
2.248416
2.252609
2.257781
2.252302
2.243403
2.226453
2.226037
2.231268
2.235158
2.235865
2.234778
2.229876
2.236555
2.243981
2.246349
2.247264
2.247168
2.246168
2.251714
2.253910
2.252113
2.251564
2.249917
2.250331
2.252231
2.252194
2.250406
2.250558
2.250003
2.249937
2.249793
2.250529
2.247912
2.248375
2.250360
2.250877
2.251303
2.250306
2.249662
2.251777
2.254559
2.256821
2.256962
2.257865
2.257460
2.259977
2.260011
2.260176
2.261372
2.262592
2.262980
2.264501
2.266601
2.267238
2.269164
2.268900
2.271079
2.274850
2.276623
2.280122
2.282534
2.284355
2.286891
2.288898
2.290726
2.292386
2.295312
2.297525
2.299435
2.300788
2.302058
2.303112
2.305047
2.306346
2.308598
2.309732
2.311303
2.314805
2.316423
2.319689
2.321871
2.324174
2.328032
2.330234
2.331873
2.333924
2.336115
2.337664
2.338395
2.339671
2.341211
2.343303
2.343533
2.344170
2.345350
2.346299
2.346180
2.346247
2.345690
2.346961
2.349250
2.348993
2.349856
2.350169
2.353041
2.378150
2.382516
2.384113
2.386217
2.387903
2.388752
2.390422
2.389693
2.390178
2.391725
2.390596
2.391881
2.392411
2.392577
2.392895
2.391979
2.392943
2.393245
2.394618
2.393358
2.392589
2.392286
2.392966
2.392577
2.391757
2.392664
2.392698
2.393504
2.394086
2.393700
2.393804
2.394654
2.394457
2.395008
2.394710
2.395411
2.395083
2.393415
2.393840
2.393428
2.393637
2.393975
2.392966
2.392982
2.393401
2.394236
2.393736
2.393059
2.393283
2.393880
2.393799
2.392856
2.392666
2.391860
2.393343
2.394205
2.393805
2.393156
2.392172
2.392977
2.392998
2.393063
2.391898
2.390915
2.390081
2.390590
2.390645
2.389975
2.390479
2.389174
2.388753
2.381986
2.365988
2.357958
2.357033
2.356428
2.355914
2.355870
2.355620
2.355801
2.354899
2.354795
2.354800
2.353346
2.353947
2.352474
2.352524
2.352251
2.352172
2.350925
2.351434
2.351120
2.351692
2.352164
2.351478
2.352280
2.352259
2.351820
2.351018
2.350873
2.350422
2.350178
2.349102
2.349205
2.349315
2.347929
2.347189
2.346157
2.346238
2.346017
2.344526
2.342580
2.342069
2.344066
2.342008
2.340207
2.338978
2.338408
2.339491
2.337695
2.336758
2.336649
2.336860
2.335249
2.333924
2.333300
2.332752
2.333187
2.330238
2.329492
2.329013
2.328558
2.326793
2.326478
2.326170
2.326798
2.328902
2.329027
2.329841
2.331012
2.331036
2.332378
2.332770
2.331768
2.330213
2.330391
2.329090
2.328209
2.327219
2.326459
2.325702
2.324165
2.322417
2.320492
2.319899
2.317490
2.316483
2.313760
2.311342
2.308266
2.305470
2.303147
2.300162
2.300737
2.299736
2.301076
2.302968
2.303907
2.305734
2.305549
2.306654
2.308532
2.309856
2.310933
2.310609
2.312725
2.314600
2.316992
2.316624
2.316977
2.316853
2.317980
2.321159
2.321466
2.322262
2.323517
2.324054
2.346675
2.355402
2.355885
2.356858
2.356226
2.356437
2.358859
2.359933
2.360848
2.359653
2.359112
2.358304
2.358980
2.358189
2.357816
2.357229
2.349869
2.351202
2.353674
2.357398
2.349603
2.352926
2.351643
2.358352
2.357460
2.351743
2.359706
2.359191
2.365702
2.358621
2.358416
2.365208
2.365677
2.368437
2.362972
2.364567
2.366805
2.368585
2.369555
2.366554
2.367758
2.368990
2.369152
2.370928
2.369850
2.371203
2.371837
2.371395
2.372276
2.372126
2.371996
2.371970
2.371842
2.371147
2.371246
2.372334
2.372469
2.372156
2.371385
2.369983
2.370838
2.371765
2.372080
2.370925
2.370499
2.372082
2.373080
2.374187
2.373142
2.373043
2.373729
2.370055
2.358338
2.345784
2.346317
2.345893
2.346716
2.347152
2.346173
2.346838
2.347487
2.348351
2.348385
2.345745
2.345716
2.346621
2.345923
2.344781
2.342671
2.342408
2.343973
2.342982
2.341272
2.340270
2.340453
2.340448
2.340569
2.342070
2.341921
2.342680
2.343472
2.342876
2.342389
2.343917
2.344320
2.345143
2.346911
2.346146
2.346827
2.345748
2.345930
2.348023
2.347724
2.349182
2.348055
2.348400
2.348483
2.348789
2.348730
2.348590
2.348177
2.348571
2.349731
2.348726
2.348791
2.348920
2.348800
2.349469
2.349833
2.348496
2.348811
2.349570
2.349700
2.349724
2.349414
2.349938
2.350220
2.349854
2.349874
2.349066
2.349668
2.348365
2.349516
2.348505
2.348409
2.349077
2.349145
2.349028
2.349376
2.349437
2.349175
2.348918
2.349045
2.348664
2.349883
2.349145
2.348866
2.348658
2.349673
2.349484
2.349818
2.348602
2.348795
2.349945
2.350075
2.349680
2.349046
2.349072
2.349935
2.349842
2.351533
2.349995
2.349832
2.349440
2.349536
2.350290
2.350882
2.351043
2.350368
2.350126
2.349659
2.351134
2.350044
2.349940
2.349857
2.350049
2.350340
2.365440
2.378000
2.378575
2.378842
2.378357
2.377784
2.377023
2.377008
2.376762
2.376236
2.375807
2.374999
2.375952
2.375406
2.375416
2.375417
2.374647
2.375937
2.375728
2.375783
2.375380
2.375029
2.374729
2.374310
2.373856
2.373872
2.372700
2.372383
2.371731
2.371172
2.371421
2.370442
2.369661
2.369675
2.369356
2.370260
2.369533
2.369714
2.369633
2.370079
2.370535
2.370123
2.369562
2.369211
2.370133
2.369744
2.369606
2.369363
2.369298
2.369866
2.369437
2.369193
2.368833
2.369514
2.368934
2.369093
2.368361
2.368444
2.368756
2.368451
2.368933
2.369006
2.369515
2.369503
2.369062
2.370244
2.370535
2.371058
2.370488
2.370710
2.371211
2.367782
2.358588
2.342093
2.341269
2.341133
2.341663
2.341236
2.340398
2.340254
2.340625
2.341020
2.340109
2.339326
2.338671
2.339039
2.338578
2.338898
2.338943
2.338517
2.338047
2.337554
2.337259
2.336982
2.338461
2.337163
2.337136
2.336222
2.336566
2.337183
2.336629
2.336102
2.336465
2.336752
2.336759
2.336653
2.336351
2.336084
2.336223
2.335643
2.335351
2.335065
2.334750
2.334159
2.333315
2.334008
2.333255
2.333665
2.332824
2.332435
2.332398
2.331971
2.331181
2.330446
2.330717
2.330087
2.330502
2.329854
2.329014
2.328832
2.328169
2.327746
2.327874
2.326675
2.326416
2.326865
2.326154
2.325352
2.324707
2.324493
2.324464
2.323709
2.323778
2.323396
2.323449
2.322634
2.321934
2.322027
2.321205
2.321553
2.320003
2.318839
2.318264
2.317849
2.316402
2.313736
2.312578
2.315921
2.314498
2.311922
2.307336
2.303044
2.309898
2.308448
2.304788
2.299182
2.295319
2.298492
2.302467
2.298641
2.291077
2.287052
2.284570
2.291270
2.289662
2.282804
2.276155
2.271628
2.277654
2.277281
2.270811
2.262424
2.257078
2.257931
2.261434
2.258996
2.246255
2.252364
2.266985
2.271184
2.272184
2.261770
2.257105
2.252430
2.255329
2.257488
2.252220
2.246205
2.241765
2.242703
2.245640
2.241982
2.236724
2.233073
2.231621
2.234049
2.230407
2.223956
2.219764
2.215694
2.215984
2.210926
2.205060
2.201464
2.197515
2.197093
2.192880
2.186258
2.182109
2.180380
2.179958
2.177392
2.171257
2.166130
2.165531
2.167980
2.168287
2.164349
2.161464
2.162013
2.164288
2.166472
2.166523
2.161933
2.162341
2.164716
2.168305
2.169572
2.164270
2.163652
2.166996
2.172184
2.174635
2.164841
2.162107
2.167490
2.171746
2.174121
2.162081
2.152656
2.162185
2.168260
2.172003
2.160187
2.144865
2.148770
2.160395
2.163025
2.149880
2.122654
2.102332
2.118618
2.122828
2.114938
2.096466
2.089865
2.100041
2.110030
2.103979
2.086143
2.081144
2.077526
2.091131
2.090138
2.073737
2.071002
2.058815
2.062959
2.063996
2.052669
2.052917
2.040854
2.034959
2.040823
2.037945
2.038059
2.033128
2.017906
2.024699
2.026378
2.025388
2.027073
2.009574
2.013488
2.016252
2.013219
2.015969
2.010803
2.014520
2.018021
2.014871
2.014049
2.019794
2.024715
2.028025
2.025673
2.027639
2.035539
2.050108
2.055644
2.054828
2.059368
2.055925
2.077547
2.083528
2.081214
2.085932
2.076247
2.097057
2.105101
2.102072
2.106911
2.101158
2.113626
2.126638
2.124523
2.129617
2.124760
2.128304
2.145793
2.147396
2.152439
2.153462
2.149552
2.168292
2.172695
2.174270
2.177481
2.172490
2.186186
2.197040
2.194515
2.192474
2.192386
2.199363
2.216003
2.214187
2.209188
2.210282
2.211142
2.229237
2.231736
2.225626
2.223380
2.218824
2.233975
2.246504
2.244553
2.241314
2.234249
2.238396
2.256706
2.258686
2.254991
2.250238
2.242682
2.260209
2.267827
2.263492
2.259362
2.248746
2.257811
2.269143
2.263374
2.260602
2.281082
2.287821
2.303257
2.300429
2.290218
2.291456
2.296587
2.312505
2.314062
2.303876
2.303004
2.305397
2.323437
2.325855
2.318323
2.315023
2.317952
2.331406
2.335273
2.332479
2.326959
2.327234
2.335046
2.338140
2.339092
2.335535
2.335669
2.338206
2.340083
2.340979
2.339981
2.341008
2.340732
2.341219
2.341390
2.341709
2.342775
2.342191
2.342939
2.343320
2.343411
2.343249
2.341745
2.340475
2.340126
2.339240
2.339271
2.339418
2.338974
2.341696
2.341917
2.342018
2.341084
2.341442
2.342678
2.343483
2.341042
2.339060
2.341464
2.341268
2.338079
2.337341
2.330810
2.338360
2.337683
2.336088
2.323747
2.323005
2.325391
2.332848
2.330230
2.317500
2.290725
2.289446
2.295231
2.301731
2.298444
2.294723
2.291694
2.292743
2.298917
2.297397
2.294299
2.291484
2.289687
2.288572
2.288660
2.284312
2.281388
2.278081
2.277352
2.275644
2.273614
2.268889
2.262397
2.268019
2.271999
2.270279
2.262315
2.257607
2.276044
2.282401
2.290016
2.274256
2.279809
2.300037
2.297286
2.302932
2.305079
2.308537
2.317815
2.315322
2.307489
2.315713
2.317323
2.322075
2.322876
2.317565
2.313362
2.318281
2.321046
2.325101
2.326200
2.320900
2.321255
2.323841
2.326438
2.327861
2.328997
2.327104
2.329050
2.328237
2.329810
2.328576
2.328306
2.328445
2.329060
2.330111
2.331085
2.331201
2.330530
2.330471
2.330052
2.329353
2.327316
2.327291
2.326123
2.324693
2.325028
2.323413
2.323577
2.322946
2.322232
2.320201
2.318290
2.317929
2.316723
2.314764
2.313354
2.311967
2.310125
2.309892
2.310105
2.309978
2.309785
2.311179
2.309150
2.309145
2.308861
2.307613
2.307642
2.303727
2.300429
2.297761
2.294674
2.292124
2.290087
2.290251
2.290218
2.289451
2.285993
2.280561
2.275431
2.271501
2.267990
2.265954
2.264802
2.289790
2.296816
2.299026
2.300942
2.303385
2.305702
2.308651
2.310702
2.309802
2.309356
2.305704
2.301202
2.295650
2.291660
2.286466
2.280136
2.274299
2.264085
2.258359
2.255531
2.251702
2.246549
2.244169
2.233704
2.238910
2.245043
2.248434
2.251771
2.252899
2.247378
2.260754
2.268347
2.271147
2.274677
2.271206
2.273691
2.285628
2.292217
2.298000
2.302578
2.303883
2.311645
2.320504
2.326062
2.332038
2.337826
2.343236
2.349815
2.353319
2.355877
2.358242
2.360608
2.360896
2.361692
2.363092
2.364911
2.366753
2.366934
2.367961
2.367586
2.368592
2.369021
2.369045
2.369062
2.368768
2.369229
2.368574
2.369751
2.369959
2.370547
2.369625
2.363786
2.351516
2.342390
2.343664
2.343075
2.342616
2.342393
2.344278
2.343199
2.342248
2.341340
2.340475
2.340362
2.338489
2.336375
2.335663
2.335461
2.335356
2.336015
2.336075
2.337224
2.339563
2.340278
2.340696
2.340686
2.341126
2.342283
2.342063
2.340857
2.340493
2.341298
2.340532
2.341445
2.341635
2.342308
2.343445
2.344133
2.345221
2.345571
2.346141
2.346289
2.346092
2.347413
2.347236
2.347181
2.345687
2.345804
2.346134
2.346458
2.347164
2.346113
2.345311
2.345981
2.346508
2.346928
2.346180
2.346326
2.346396
2.346287
2.346601
2.346135
2.345996
2.346204
2.344842
2.344322
2.344140
2.343789
2.344013
2.342170
2.341526
2.342256
2.341874
2.341231
2.341349
2.338724
2.338620
2.340599
2.340760
2.340230
2.338872
2.336273
2.335732
2.338069
2.338338
2.337093
2.336215
2.333989
2.334353
2.335410
2.336780
2.336218
2.335703
2.335164
2.334565
2.334636
2.334671
2.334571
2.335184
2.336631
2.337021
2.337745
2.338341
2.339587
2.340976
2.340974
2.341764
2.342517
2.344154
2.344093
2.344435
2.345392
2.346267
2.348011
2.347949
2.349105
2.349024
2.368568
2.379023
2.378466
2.378493
2.378144
2.378339
2.378671
2.378178
2.377481
2.377537
2.377877
2.378173
2.378719
2.378231
2.379481
2.379332
2.378843
2.378936
2.379311
2.379647
2.379494
2.378411
2.377983
2.378278
2.378631
2.378811
2.377977
2.377286
2.377351
2.377210
2.377598
2.377385
2.377403
2.377217
2.377208
2.377864
2.377101
2.377557
2.375757
2.375503
2.375954
2.376150
2.376439
2.375952
2.375048
2.374441
2.375286
2.375348
2.374057
2.373572
2.374097
2.375026
2.374678
2.372621
2.371736
2.373351
2.372919
2.373222
2.373520
2.372959
2.372860
2.372599
2.372714
2.372442
2.373116
2.373120
2.372716
2.372701
2.371631
2.372594
2.372229
2.367679
2.356851
2.343872
2.342799
2.343020
2.342740
2.342290
2.342897
2.343175
2.342491
2.342740
2.344236
2.343488
2.342713
2.342685
2.342452
2.343034
2.342480
2.342247
2.342067
2.342795
2.342858
2.341673
2.341341
2.340872
2.342187
2.342293
2.341757
2.341385
2.341478
2.342104
2.341719
2.341843
2.341840
2.341701
2.341681
2.341983
2.341551
2.342743
2.342832
2.342949
2.342030
2.341707
2.342829
2.342466
2.342256
2.342179
2.341944
2.342710
2.341982
2.341694
2.341520
2.341866
2.341465
2.340485
2.339549
2.340645
2.340833
2.339978
2.340363
2.339510
2.340216
2.341293
2.340291
2.340016
2.339221
2.339911
2.340003
2.339571
2.340260
2.339476
2.339627
2.339141
2.339189
2.339380
2.339374
2.338342
2.338161
2.338731
2.338731
2.339349
2.338520
2.337663
2.338508
2.339065
2.339219
2.339495
2.338367
2.338780
2.339478
2.339215
2.339560
2.338327
2.338526
2.338384
2.339342
