10.006000
1.821993
1.822781
1.822705
1.823096
1.822632
1.822848
1.822318
1.822410
1.822831
1.823678
1.824402
1.823207
1.823592
1.823624
1.824380
1.823919
1.824185
1.824610
1.824803
1.824834
1.824508
1.824741
1.824688
1.825177
1.823733
1.824905
1.824553
1.824073
1.825066
1.824995
1.824929
1.824450
1.825522
1.825313
1.824005
1.823925
1.823163
1.824967
1.824718
1.824217
1.824542
1.825152
1.823975
1.824329
1.824942
1.824920
1.826420
1.824976
1.825761
1.825505
1.825043
1.825151
1.825781
1.826054
1.826035
1.827780
1.827156
1.826112
1.824980
1.825848
1.827365
1.826955
1.827268
1.827458
1.827668
1.826860
1.825671
1.825977
1.827621
1.824925
1.826562
1.827082
1.828358
1.827578
1.826759
1.827360
1.829026
1.828783
1.828729
1.827872
1.827704
1.826825
1.829215
1.830182
1.830261
1.829864
1.829641
1.829941
1.828550
1.828663
1.829462
1.830227
1.830875
1.830093
1.829592
1.828981
1.829049
1.828779
1.830403
1.830481
1.829858
1.829941
1.828731
1.828172
1.827576
1.830088
1.828748
1.827623
1.828453
1.828479
1.829339
1.829185
1.828964
1.828791
1.831595
1.831371
1.830377
1.830587
1.830144
1.829763
1.829945
1.829949
1.831099
1.832300
1.831059
1.830734
1.830978
1.831036
1.831118
1.831387
1.831403
1.830931
1.831686
1.831152
1.830949
1.830865
1.831384
1.832061
1.831355
1.831248
1.831096
1.832103
1.831770
1.831819
1.831775
1.831685
1.832591
1.831531
1.830329
1.830251
1.832307
1.831719
1.831735
1.831771
1.831769
1.832148
1.831672
1.831905
1.831550
1.832141
1.831878
1.831664
1.831288
1.830591
1.831762
1.831029
1.831200
1.831670
1.831403
1.831528
1.831226
1.831238
1.831025
1.831995
1.830405
1.830108
1.831288
1.831875
1.831917
1.831434
1.831400
1.831215
1.832139
1.831838
1.831334
1.831558
1.830990
1.832538
1.830914
1.831547
1.831050
1.831675
1.831463
1.831247
1.831158
1.830882
1.831542
1.831337
1.831180
1.830530
1.830791
1.830159
1.830426
1.830504
1.830871
1.830814
1.830574
1.830546
1.830426
1.830894
1.830670
1.830814
1.830450
1.830283
1.830965
1.830467
1.829506
1.830201
1.830591
1.831132
1.830053
1.830174
1.829408
1.830295
1.829818
1.829477
1.829743
1.829803
1.830217
1.829454
1.829403
1.829659
1.829790
1.829543
1.829841
1.829454
1.829048
1.829484
1.828403
1.828762
1.829032
1.830027
1.829343
1.828900
1.828244
1.828451
1.829196
1.828578
1.829007
1.829019
1.829650
1.829408
1.829185
1.828899
1.828390
1.828119
1.827431
1.826870
1.826905
1.827191
1.827758
1.827736
1.828778
1.828303
1.829201
1.829393
1.829277
1.828336
1.828239
1.828233
1.827574
1.828616
1.827657
1.828862
1.827969
1.827646
1.827788
1.828797
1.829046
1.827767
1.827358
1.827775
1.827822
1.827302
1.827118
1.827766
1.827195
1.828300
1.827737
1.827425
1.827214
1.828011
1.827816
1.827571
1.826158
1.826573
1.828602
1.828729
1.828175
1.826983
1.827730
1.828466
1.827786
1.828027
1.826892
1.826997
1.826895
1.826984
1.826391
1.825825
1.826486
1.826686
1.826510
1.826038
1.826516
1.824956
1.825815
1.825842
1.825434
1.825864
1.823204
1.824858
1.824979
1.825209
1.824163
1.822891
1.824107
1.825274
1.825579
1.825671
1.824160
1.823802
1.825978
1.825699
1.825529
1.824090
1.824093
1.825738
1.825759
1.825233
1.824765
1.823183
1.825143
1.825644
1.825535
1.825166
1.823519
1.824014
1.825345
1.825044
1.824836
1.823847
1.823404
1.825320
1.824684
1.825312
1.824194
1.822773
1.824694
1.825372
1.825652
1.824530
1.822402
1.823853
1.825878
1.825094
1.824791
1.822773
1.824161
1.825677
1.825286
1.824989
1.823120
1.824446
1.826088
1.825839
1.825728
1.823929
1.824573
1.825415
1.825927
1.825434
1.824713
1.823882
1.825454
1.825821
1.825117
1.825000
1.822821
1.824960
1.825338
1.826155
1.825640
1.822789
1.824782
1.825335
1.826848
1.826462
1.823866
1.825022
1.826598
1.827185
1.826899
1.825264
1.824261
1.827251
1.826698
1.827086
1.826361
1.824785
1.827145
1.826724
1.826799
1.826460
1.826345
1.826587
1.826685
1.826347
1.826534
1.826566
1.827052
1.826534
1.826412
1.827016
1.826089
1.826584
1.826525
1.825944
1.826875
1.826411
1.826838
1.826943
1.826181
1.826154
1.826077
1.826426
1.826262
1.826267
1.824960
1.824943
1.825816
1.826187
1.826053
1.824942
1.824737
1.824198
1.826329
1.826797
1.826825
1.825743
1.826207
1.827642
1.827530
1.827493
1.826394
1.826421
1.826355
1.826532
1.827341
1.827038
1.826190
1.826258
1.826389
1.826422
1.828453
1.827011
1.825795
1.826193
1.826130
1.828544
1.827111
1.825181
1.826100
1.826857
1.826436
1.827871
1.827239
1.826597
1.828639
1.828341
1.828656
1.830181
1.828189
1.828518
1.828735
1.829134
1.828884
1.829172
1.827558
1.827880
1.827878
1.829123
1.829644
1.828083
1.827878
1.827943
1.829743
1.829118
1.828204
1.827127
1.827378
1.828595
1.828748
1.828774
1.827253
1.828279
1.828355
1.828980
1.828991
1.827648
1.828176
1.828325
1.829030
1.828763
1.829022
1.827858
1.828172
1.828929
1.829284
1.829754
1.828086
1.828472
1.828461
1.829965
1.829959
1.827021
1.828103
1.828107
1.829787
1.829453
1.827825
1.827809
1.828448
1.829332
1.829566
1.828164
1.827221
1.828920
1.827546
1.828765
1.828636
1.827145
1.828341
1.827636
1.828590
1.827932
1.827385
1.827229
1.827229
1.828213
1.827856
1.827353
1.827213
1.827049
1.827306
1.828799
1.827838
1.827047
1.827557
1.827187
1.829168
1.828440
1.827400
1.827374
1.827854
1.828613
1.828762
1.827446
1.827819
1.828582
1.828386
1.828825
1.827810
1.828009
1.828234
1.827419
1.828436
1.827667
1.828231
1.827911
1.827404
1.827741
1.828019
1.827611
1.827408
1.827200
1.827178
1.828397
1.826835
1.827253
1.827280
1.826981
1.828536
1.827281
1.827354
1.827084
1.827382
1.827782
1.827159
1.827202
1.826775
1.827470
1.827468
1.827155
1.826854
1.827731
1.827117
1.827295
1.827229
1.826555
1.827486
1.826689
1.826614
1.826676
1.826025
1.826795
1.826108
1.823770
1.823350
1.823933
1.823563
1.823559
1.824018
1.824797
1.825447
1.824705
1.825102
1.825168
1.824210
1.823239
1.822955
1.823714
1.823681
1.824988
1.823928
1.823733
1.823502
1.823943
1.823210
1.823740
1.823851
1.823840
1.824375
1.823487
1.822896
1.823127
1.823946
1.823166
1.822743
1.821935
1.822491
1.823111
1.823202
1.822680
1.821699
1.822717
1.822230
1.822625
1.822435
1.821985
1.822323
1.822191
1.822812
1.821889
1.822165
1.822113
1.821961
1.822318
1.822564
1.822658
1.821530
1.822284
1.822013
1.822878
1.823105
1.821213
1.821095
1.821210
1.821884
1.821678
1.821126
1.819870
1.821274
1.821792
1.821101
1.821091
1.820052
1.821601
1.821344
1.821412
1.821156
1.820105
1.821957
1.822216
1.822141
1.821544
1.821861
1.821581
1.822885
1.822535
1.821440
1.822941
1.820706
1.822945
1.822721
1.822218
1.822179
1.822271
1.823900
1.824248
1.824237
1.822932
1.822361
1.823950
1.824871
1.824675
1.822912
1.822613
1.823095
1.825010
1.824818
1.822905
1.822107
1.822408
1.824964
1.824343
1.822973
1.821631
1.822619
1.823963
1.824492
1.823111
1.821597
1.822233
1.823224
1.823946
1.823317
1.822106
1.821978
1.822486
1.823318
1.823035
1.822563
1.821495
1.822112
1.822698
1.823151
1.822592
1.821459
1.821806
1.821836
1.822630
1.822020
1.820930
1.820942
1.821612
1.822058
1.821391
1.820468
1.820655
1.821230
1.820918
1.820634
1.820069
1.819683
1.820669
1.820326
1.820504
1.819711
1.820533
1.820273
1.820241
1.820617
1.820285
1.820915
1.820412
1.820877
1.821046
1.820770
1.820307
1.820173
1.818421
1.818050
1.819158
1.818460
1.817935
1.819764
1.821136
1.819693
1.820187
1.820351
1.820483
1.821428
1.820176
1.821539
1.821058
1.821494
1.821631
1.821039
1.821464
1.820509
1.820906
1.820514
1.821133
1.821015
1.821184
1.821267
1.820975
1.820943
1.821029
1.822101
1.821269
1.820987
1.821076
1.821715
1.822329
1.821846
1.821154
1.821206
1.822467
1.822238
1.822119
1.821792
1.821691
1.822430
1.821749
1.821851
1.821956
1.821937
1.821907
1.822237
1.822452
1.822436
1.822202
1.821842
1.822014
1.822151
1.822302
1.822224
1.821606
1.821734
1.821287
1.822346
1.821572
1.821138
1.821346
1.821812
1.822395
1.821670
1.821446
1.821087
1.822197
1.822090
1.821951
1.821434
1.821606
1.822086
1.821433
1.822242
1.819913
1.820822
1.820661
1.820579
1.821029
1.821125
1.821754
1.821632
1.821674
1.821652
1.821837
1.821484
1.821219
1.821158
1.821316
1.821531
1.820301
1.820484
1.820734
1.821300
1.821350
1.820886
1.820849
1.820608
1.821809
1.821074
1.820867
1.820925
1.820891
1.821694
1.821183
1.820710
1.820786
1.821970
1.821213
1.821607
1.820778
1.820914
1.821612
1.820837
1.821152
1.821015
1.822194
1.819722
1.820979
1.820900
1.820989
1.821343
1.820674
1.820471
1.820550
1.820664
1.820157
1.820703
1.819105
1.819767
1.820920
1.820112
1.819727
1.819627
1.820381
1.820461
1.820123
1.820144
1.820639
1.820675
1.818408
1.819591
1.819482
1.819271
1.820499
1.820649
1.820793
1.819975
1.821212
1.820583
1.820493
1.820461
1.820827
1.820722
1.820709
1.820279
1.820633
1.821200
1.820443
1.820392
1.820713
1.820751
1.821308
1.820591
1.820796
1.819732
1.820293
1.821018
1.820331
1.820775
1.820163
1.821212
1.820462
1.820034
1.819863
1.820906
1.820673
1.820292
1.820351
1.820588
1.821039
1.820045
1.820556
1.820205
1.820688
1.820917
1.820127
1.819810
1.820098
1.820643
1.819936
1.820127
1.820069
1.820157
1.820288
1.820335
1.819959
1.819543
1.820558
1.819839
1.819642
1.819803
1.819277
1.820016
1.819416
1.819533
1.820041
1.820199
1.819649
1.817875
1.818525
1.818756
1.818784
1.819656
1.820192
1.819703
1.820881
1.820597
1.819558
1.819575
1.819649
1.820751
1.820276
1.820056
1.819969
1.820399
1.820219
1.820384
1.819992
1.819581
1.820631
1.820299
1.819980
1.819996
1.820248
1.820275
1.819707
1.820043
1.820020
1.820731
1.820084
1.820297
1.820137
1.820433
1.820956
1.820309
1.820462
1.820351
1.821282
1.821046
1.820578
1.820650
1.820915
1.821753
1.821636
1.821445
1.821332
1.821919
1.821923
1.821998
1.822051
1.821747
1.822557
1.822352
1.822333
1.822450
1.822834
1.822724
1.822634
1.822618
1.822915
1.823419
1.822737
1.823536
1.822122
1.821426
1.822257
1.821848
1.822049
1.823154
1.823900
1.823480
1.823198
1.823516
1.823508
1.824159
1.824394
1.824516
1.823619
1.824582
1.824622
1.824540
1.824548
1.824386
1.824766
1.824648
1.825064
1.824654
1.825668
1.825192
1.825364
1.825532
1.825247
1.826113
1.825396
1.825339
1.825362
1.826314
1.826584
1.825681
1.825640
1.825683
1.826450
1.826563
1.825914
1.825541
1.826511
1.826664
1.826537
1.826195
1.825955
1.827234
1.826935
1.827260
1.826827
1.826707
1.827267
1.826203
1.827081
1.827273
1.827837
1.827328
1.827394
1.827781
1.827769
1.828029
1.827473
1.827862
1.827877
1.828313
1.827676
1.827267
1.827720
1.826681
1.826326
1.826911
1.826422
1.826580
1.828475
1.827853
1.827332
1.827319
1.827121
1.827974
1.827605
1.827462
1.827202
1.827461
1.827545
1.827198
1.827582
1.827285
1.828144
1.827270
1.827892
1.827830
1.828154
1.827950
1.827701
1.827878
1.827544
1.828057
1.827689
1.827577
1.827999
1.827822
1.828706
1.828050
1.827582
1.827643
1.828424
1.827991
1.827864
1.827679
1.828139
1.828485
1.827770
1.827566
1.827360
1.828045
1.827788
1.827866
1.827659
1.827507
1.828482
1.827616
1.827716
1.827613
1.828662
1.828291
1.828043
1.828009
1.828065
1.828820
1.828663
1.828228
1.828033
1.828862
1.829091
1.828515
1.828476
1.828828
1.829132
1.827291
1.827694
1.827481
1.827626
1.829004
1.828521
1.828674
1.828418
1.829193
1.828819
1.828749
1.828640
1.828539
1.829370
1.828501
1.828787
1.828545
1.829273
1.829182
1.829021
1.828981
1.828797
1.829673
1.829844
1.829284
1.828848
1.829633
1.829750
1.829379
1.829121
1.828870
1.829211
1.828864
1.828794
1.828872
1.829415
1.829342
1.828986
1.829389
1.829405
1.829959
1.829399
1.829345
1.829274
1.829274
1.829063
1.828876
1.828567
1.827903
1.828322
1.827699
1.827456
1.827151
1.827353
1.828212
1.827583
1.827283
1.826956
1.828142
1.827803
1.827751
1.827595
1.827406
1.828484
1.827872
1.825740
1.826612
1.827472
1.827114
1.827496
1.828592
1.828637
1.829665
1.829711
1.830083
1.829987
1.830770
1.830617
1.830440
1.830024
1.828616
1.830071
1.829786
1.829628
1.829494
1.829727
1.829734
1.829551
1.829371
1.829773
1.829633
1.829808
1.830087
1.830105
1.830108
1.830750
1.830390
1.830530
1.830359
1.830878
1.830707
1.830837
1.830462
1.830784
1.831021
1.830637
1.831014
1.830660
1.831011
1.831232
1.831095
1.831060
1.830786
1.832045
1.831221
1.830807
1.830999
1.831709
1.831091
1.831306
1.831056
1.831051
1.831914
1.830945
1.830582
1.830808
1.831074
1.830883
1.830397
1.830578
1.830365
1.831391
1.830885
1.831496
1.829967
1.829625
1.830564
1.829856
1.830993
1.830520
1.831698
1.831571
1.831394
1.831388
1.831443
1.831873
1.831476
1.831270
1.831466
1.832132
1.831267
1.831171
1.831242
1.831102
1.831923
1.831200
1.831303
1.830949
1.831757
1.831405
1.831421
1.830907
1.830533
1.831799
1.830925
1.830778
1.830621
1.831647
1.830147
1.831104
1.829831
1.829772
1.831328
1.830974
1.831132
1.831327
1.831618
1.831584
1.831219
1.831370
1.830860
1.831768
1.831397
1.831181
1.831459
1.831580
1.831810
1.831501
1.831409
1.830951
1.831918
1.831094
1.831470
1.831022
1.830817
1.831980
1.831577
1.830994
1.831361
1.831234
1.830252
1.829800
1.829403
1.829932
1.830978
1.830438
1.830422
1.830208
1.830499
1.830622
1.830180
1.830423
1.830052
1.830977
1.830641
1.830564
1.830504
1.830564
1.830705
1.830742
1.830735
1.830280
1.831178
1.831098
1.830792
1.830461
1.830440
1.831344
1.830417
1.830299
1.830132
1.830789
1.830620
1.830040
1.830139
1.830269
1.830265
1.829727
1.829859
1.829716
1.829949
1.829634
1.829538
1.829706
1.829801
1.829977
1.829462
1.830097
1.829364
1.829774
1.830128
1.829792
1.829805
1.829398
1.830276
1.829680
1.829221
1.829063
1.829718
1.829593
1.829502
1.829309
1.829306
1.830525
1.829156
1.829421
1.829001
1.829189
1.829495
1.829051
1.829169
1.828625
1.829092
1.828399
1.828394
1.828447
1.828273
1.828421
1.827772
1.828367
1.827698
1.828635
1.828079
1.828029
1.827812
1.827843
1.828449
1.828286
1.827639
1.827424
1.828801
1.827831
1.827635
1.827848
1.827805
1.828259
1.827790
1.827423
1.827266
1.828110
1.827889
1.827251
1.827351
1.827401
1.827579
1.826656
1.827217
1.826790
1.827001
1.826718
1.826751
1.826457
1.825777
1.826366
1.825491
1.825792
1.825563
1.824859
1.825916
1.824155
1.824312
1.824610
1.824290
1.824614
1.822797
1.822697
1.824010
1.822446
1.823336
1.818825
1.816040
1.820322
1.817250
1.817294
1.817225
1.814322
1.820475
1.816393
1.816775
1.815529
1.811720
1.817577
1.815009
1.813103
1.812981
1.808851
1.814663
1.812949
1.808017
1.809133
1.804657
1.808701
1.807330
1.800436
1.804462
1.801253
1.805196
1.804553
1.798267
1.801498
1.798989
1.802412
1.802961
1.795117
1.797515
1.795319
1.800514
1.801233
1.791731
1.795202
1.795548
1.797916
1.800134
1.788852
1.791813
1.793581
1.794305
1.797931
1.786628
1.786756
1.789827
1.790715
1.791345
1.780877
1.779419
1.785944
1.785961
1.784596
1.777129
1.775490
1.783032
1.783063
1.785704
1.784194
1.784168
1.790311
1.789380
1.791281
1.789412
1.788601
1.792246
1.791915
1.792547
1.789895
1.787766
1.789545
1.789433
1.787025
1.785499
1.785993
1.787638
1.787291
1.788031
1.790183
1.787662
1.786439
1.790780
1.792960
1.792075
1.788934
1.791355
1.792837
1.791385
1.791317
1.797391
1.796219
1.796371
1.797525
1.800252
1.799618
1.797479
1.805437
1.808116
1.804162
1.802344
1.803883
1.805114
1.803337
1.807713
1.813074
1.811949
1.808072
1.807502
1.811256
1.809222
1.813635
1.818215
1.819245
1.816783
1.814691
1.817876
1.818748
1.818118
1.821558
1.823107
1.822256
1.820021
1.819647
1.821920
1.821985
1.821960
1.821483
1.821045
1.821814
1.821787
1.820610
1.820787
1.820521
1.821124
1.820465
1.820610
1.819462
1.819286
1.817610
1.815982
1.816052
1.815205
1.815442
1.814525
1.813587
1.812923
1.813744
1.813056
1.811785
1.811410
1.810293
1.810132
1.809043
1.807959
1.807833
1.806096
1.805933
1.804162
1.803033
1.802281
1.802583
1.802620
1.802694
1.803966
1.806062
1.808512
1.810676
1.812800
1.814866
1.817822
1.819974
1.820429
1.821125
1.822312
1.822856
1.822427
1.822436
1.822355
1.821964
1.822131
1.821777
1.821859
1.822021
1.822226
1.822615
1.823003
1.822731
1.823652
1.823348
1.822889
1.823621
1.823857
1.824601
1.824404
1.823881
1.823755
1.824775
1.824995
1.824805
1.824710
1.824307
1.824685
1.823760
1.822706
1.823182
1.822805
1.823208
1.822973
1.822154
1.820996
1.820490
1.816957
1.815382
1.814216
1.813862
1.814741
1.815146
1.815541
1.815885
1.817976
1.818463
1.819237
1.820024
1.819828
1.821389
1.821768
1.822546
1.823429
1.824761
1.825393
1.825799
1.826262
1.826828
1.827585
1.827217
1.827348
1.827151
1.827110
1.827164
1.827239
1.827168
1.826651
1.828016
1.827543
1.827002
1.827132
1.827372
1.827563
1.827371
1.826990
1.827697
1.827840
1.827627
1.827595
1.827722
1.827989
1.828302
1.828577
1.828102
1.827739
1.828830
1.828535
1.828463
1.828636
1.828064
1.828873
1.828696
1.828523
1.827864
1.828812
1.828648
1.828417
1.828974
1.828632
1.827576
1.826513
1.826653
1.826195
1.826667
1.826100
1.826252
1.826736
1.827649
1.829016
1.828585
1.828809
1.828834
1.828722
1.829048
1.829087
1.828939
1.829023
1.830000
1.829409
1.829056
1.829373
1.829308
1.829571
1.829240
1.829378
1.829240
1.830078
1.829710
1.829484
1.829045
1.828999
1.830274
1.829740
1.829475
1.829306
1.830162
1.829714
1.829475
1.829203
1.829203
1.830416
1.829771
1.829598
1.828989
1.830271
1.829610
1.829429
1.829613
1.829565
1.830317
1.830187
1.830105
1.829952
1.830301
1.830316
1.830211
1.830640
1.830113
1.831055
1.830518
1.830510
1.830852
1.830602
1.830968
1.830768
1.831324
1.829839
1.829455
1.829207
1.828876
1.828682
1.830032
1.829741
1.830320
1.830813
1.830630
1.831315
1.830708
1.830630
1.831328
1.830449
1.831310
1.830821
1.830863
1.831009
1.831514
1.831277
1.831220
1.831093
1.831275
1.831984
1.831867
1.831368
1.831384
1.831827
1.831800
1.831638
1.831561
1.831196
1.832026
1.831664
1.831422
1.831728
1.831706
1.831995
1.831580
1.831257
1.831340
1.832063
1.831586
1.831566
1.831499
1.831259
1.831886
1.831256
1.831161
1.831120
1.831599
1.831408
1.831394
1.831359
1.830986
1.831760
1.831179
1.830953
1.831211
1.832126
1.831664
1.831295
1.831435
1.831207
1.831974
1.831725
1.831750
1.830648
1.830051
1.830814
1.829876
1.829104
1.830232
1.830145
1.830065
1.830571
1.831458
1.831404
1.831478
1.831437
1.831388
1.831207
1.831752
1.831140
1.830809
1.830915
1.830719
1.831239
1.830619
1.830916
1.830732
1.831214
1.830841
1.830314
1.830531
1.830856
1.831080
1.830806
1.830773
1.830704
1.831676
1.831251
1.831162
1.830902
1.830603
1.831423
1.830980
1.830685
1.830776
1.831219
1.831065
1.830741
1.831228
1.830415
1.831077
1.830723
1.830629
1.830698
1.830965
1.830693
1.830540
1.830254
1.829776
1.830620
1.829957
1.830007
1.830275
1.830077
1.830363
1.829778
1.829479
1.829375
1.830754
1.830364
1.829836
1.828453
1.828332
1.828458
1.828169
1.827980
1.826994
1.829916
1.829873
1.830229
1.829070
1.829343
1.830355
1.829678
1.829515
1.829491
1.830109
1.829759
1.828632
1.827635
1.827871
1.829501
1.828290
1.828156
1.828058
1.828293
1.828111
1.827773
1.827759
1.826871
1.828099
1.827391
1.827176
1.826687
1.827392
1.827185
1.827041
1.827015
1.827067
1.827804
1.827543
1.827808
1.826674
1.827082
1.827360
1.827213
1.827354
1.826646
1.828417
1.827614
1.826985
1.827274
1.827022
1.827634
1.826365
1.827316
1.827759
1.828629
1.828022
1.827566
1.827036
1.826848
1.827587
1.826394
1.826534
1.826174
1.826625
1.826626
1.825917
1.826287
1.827649
1.827846
1.827433
1.827490
1.825785
1.827548
1.827916
1.828005
1.827582
1.825929
1.828125
1.827427
1.826614
1.827745
1.827642
1.827456
1.827204
1.826637
1.825444
1.826736
1.826436
1.826439
1.826633
1.826560
1.826864
1.826296
1.826155
1.826012
1.827071
1.826257
1.825981
1.826143
1.825749
1.826056
1.824944
1.825370
1.825259
1.825987
1.825684
1.825824
1.825480
1.825072
1.825790
1.825650
1.825435
1.825697
1.825536
1.826323
1.825349
1.825126
1.825177
1.825891
1.825672
1.825472
1.825532
1.825402
1.825830
1.825119
1.825389
1.824955
1.825541
1.825237
1.825008
1.824902
1.824872
1.825460
1.824880
1.824450
1.824378
1.824995
1.824945
1.823707
1.824411
1.824419
1.824880
1.824369
1.824247
1.824108
1.824824
1.824914
1.824417
1.824517
1.824131
1.825244
1.823799
1.824322
1.824263
1.824623
1.824916
1.824781
1.824316
1.824451
1.824857
1.824421
1.824455
1.824107
1.824216
1.824531
1.823846
1.823683
1.823778
1.824483
1.823823
1.823497
1.823966
1.823416
1.823809
1.823274
1.823253
1.822867
1.823757
1.823294
1.823241
1.823256
1.822747
1.823583
1.823105
1.823249
1.822991
1.824157
1.823710
1.823106
1.823323
1.823194
1.823664
1.823230
1.823476
1.823452
1.823854
1.823560
1.822945
1.823146
1.823167
1.823748
1.823092
1.823321
1.822978
1.823331
1.823102
1.822932
1.823148
1.822703
1.823492
1.822345
1.822401
1.822224
1.820757
1.820022
1.819288
1.819265
1.819386
1.819746
1.821743
1.821426
1.821613
1.821681
1.823514
1.821940
1.821312
1.820804
1.822044
1.821933
1.822041
1.821612
1.821263
1.822103
1.821893
1.821936
1.821712
1.822464
1.822533
1.822701
1.822573
1.822283
1.822814
1.822327
1.822427
1.822419
1.822832
1.822648
1.822079
1.822045
1.821818
1.822690
1.821449
1.822118
1.822357
1.822275
1.822203
1.822292
1.822356
1.821973
1.822456
1.822312
1.822796
1.821669
1.822327
1.822693
1.822606
1.822414
1.822132
1.823640
1.823040
1.822521
1.823306
1.823010
1.823020
1.823012
1.823028
1.822547
1.823322
1.822755
1.821923
1.821938
1.821540
1.822317
1.822138
1.821672
1.821297
1.822547
1.822097
1.822099
1.821799
1.822200
1.823853
1.822602
1.823167
1.822937
1.823073
1.822582
1.822796
1.823230
1.823152
1.823449
1.824227
1.824667
1.824005
1.823241
1.825064
1.824533
1.824294
1.824319
1.826085
1.824730
1.824719
1.824829
1.824377
1.824982
1.824585
1.824590
1.824459
1.825107
1.824888
1.824519
1.824616
1.824127
1.824818
1.825023
1.824353
1.824488
1.825067
1.824883
1.825038
1.824332
1.824256
1.825278
1.825141
1.824880
1.824771
1.825557
1.825390
1.824952
1.825153
1.825191
1.825863
1.825092
1.825035
1.824996
1.825235
1.825335
1.825106
1.825321
1.824931
1.826081
1.824622
1.824995
1.825138
1.825185
1.826240
1.825532
1.825044
1.824645
1.825783
1.824998
1.824727
1.824648
1.824795
1.825812
1.824923
1.824603
1.824886
1.825256
1.825254
1.824787
1.825364
1.825240
1.825635
1.825556
1.825438
1.824867
1.825747
1.825938
1.825829
1.825496
1.825236
1.826237
1.825566
1.825755
1.824293
1.823319
1.823804
1.823698
1.823125
1.821658
1.825461
1.824700
1.824622
1.824718
1.825019
1.825353
1.824301
1.824688
1.823944
1.824325
1.825579
1.826314
1.826344
1.826340
1.826447
1.826510
1.826291
1.825944
1.827228
1.826845
1.826640
1.826906
1.826428
1.827353
1.827070
1.826758
1.826708
1.827657
1.827201
1.826926
1.827050
1.827110
1.827559
1.826990
1.827270
1.826536
1.827352
1.827077
1.826743
1.826798
1.826786
1.827254
1.827004
1.826896
1.826560
1.826505
1.827077
1.826330
1.826167
1.826236
1.827410
1.827038
1.826838
1.826677
1.826788
1.827340
1.827027
1.826677
1.826913
1.827483
1.826691
1.827111
1.826882
1.826842
1.827587
1.827199
1.827501
1.826950
1.827601
1.827018
1.827598
1.826311
1.824680
1.825524
1.825268
1.825470
1.825457
1.825590
1.826036
1.826595
1.826640
1.826187
1.827191
1.826668
1.827046
1.825080
1.826392
1.826727
1.826419
1.826723
1.826466
1.827136
1.826927
1.826467
1.826749
1.827283
1.827450
1.826994
1.827185
1.826944
1.827805
1.827510
1.827264
1.827214
1.827314
1.828110
1.827586
1.827623
1.827052
1.827800
1.827596
1.827226
1.827345
1.827437
1.828031
1.827249
1.827412
1.826943
1.827527
1.826709
1.826755
1.827289
1.827198
1.828032
1.827274
1.826750
1.826947
1.827220
1.827611
1.827322
1.827189
1.826935
1.827781
1.827579
1.827366
1.827535
1.827234
1.828129
1.827911
1.826739
1.825719
1.826675
1.826091
1.825598
1.826209
1.825837
1.828327
1.827379
1.827199
1.827617
1.828343
1.827996
1.828135
1.828090
1.827659
1.827938
1.827632
1.827337
1.827321
1.827886
1.827494
1.827711
1.827462
1.827064
1.828154
1.827350
1.827448
1.827646
1.828210
1.828157
1.827829
1.827872
1.828232
1.828454
1.827728
1.827700
1.827981
1.827841
1.828308
1.827866
1.827951
1.827843
1.828564
1.828162
1.827849
1.827968
1.827872
1.828311
1.827779
1.827890
1.827564
1.828283
1.827710
1.827500
1.827466
1.827309
1.827918
1.827412
1.827214
1.827136
1.827829
1.827284
1.827145
1.827192
1.827231
1.827881
1.827310
1.828181
1.826811
1.826212
1.825938
1.826073
1.825802
1.824951
1.827505
1.828286
1.828061
1.827632
1.827698
1.828368
1.827474
1.827507
1.826817
1.828302
1.827604
1.827388
1.827335
1.827430
1.827777
1.827299
1.826923
1.826974
1.827701
1.827347
1.826885
1.827070
1.826844
1.827399
1.827253
1.826772
1.827136
1.827341
1.827128
1.827070
1.827430
1.827250
1.828411
1.827259
1.827613
1.827556
1.827683
1.827760
1.827551
1.827120
1.827632
1.828441
1.827819
1.827535
1.827231
1.827620
1.827812
1.827163
1.827495
1.827424
1.828038
1.827284
1.827305
1.827276
1.826814
1.827462
1.827197
1.827185
1.826624
1.827149
1.826884
1.827400
1.825855
1.825261
1.825615
1.825529
1.825082
1.824182
1.826633
1.827456
1.827220
1.826792
1.827285
1.828095
1.827378
1.827004
1.827176
1.827835
1.827420
1.827512
1.827506
1.827382
1.827472
1.827356
1.827509
1.827006
1.827412
1.827573
1.827632
1.827165
1.826914
1.827492
1.826864
1.826675
1.827185
1.826750
1.827493
1.827254
1.826971
1.826679
1.827719
1.827229
1.827061
1.827099
1.827196
1.827831
1.827534
1.827379
1.827461
1.828071
1.827633
1.827667
1.827531
1.827435
1.828055
1.827828
1.827680
1.826978
1.828302
1.827794
1.827291
1.827914
1.827155
1.828169
1.827540
1.827891
1.825755
1.826025
1.825811
1.825169
1.825562
1.825474
1.827647
1.826442
1.826991
1.827229
1.827213
1.827561
1.827212
1.827171
1.826938
1.827819
1.827301
1.827435
1.827604
1.827452
1.827590
1.827646
1.827608
1.827046
1.827969
1.827623
1.827502
1.827384
1.827342
1.828353
1.827416
1.827729
1.826810
1.828173
1.827654
1.827011
1.826928
1.827080
1.827542
1.827140
1.827035
1.825719
1.826978
1.826683
1.826897
1.825795
1.826177
1.827035
1.826732
1.826808
1.826490
1.826724
1.827032
1.826732
1.826647
1.826395
1.827710
1.826959
1.826735
1.826609
1.827130
1.827279
1.826720
1.826816
1.826578
1.827462
1.826992
1.826711
1.826385
1.825057
1.825185
1.824707
1.825246
1.824316
1.824442
1.825503
1.826379
1.826086
1.825758
1.826254
1.825852
1.826127
1.825176
1.825879
1.826059
1.825690
1.825749
1.825792
1.826297
1.825404
1.825309
1.825021
1.825132
1.825234
1.824687
1.824287
1.824489
1.824378
1.823737
1.823730
1.823311
1.823004
1.823110
1.822687
1.822351
1.822000
1.822904
1.822060
1.821330
1.821762
1.822053
1.822745
1.822478
1.822442
1.822037
1.823075
1.822540
1.822777
1.822480
1.823157
1.822170
1.822472
1.823393
1.823207
1.823851
1.823107
1.822991
1.823457
1.823831
1.824836
1.824377
1.824052
1.823970
1.824746
1.824684
1.824763
1.823251
1.822355
1.823416
1.822618
1.822189
1.823237
1.823211
1.824335
1.824123
1.823503
1.823795
1.825028
1.824529
1.824152
1.823735
1.824127
1.824483
1.823997
1.824148
1.823497
1.824266
1.823698
1.824602
1.824262
1.823615
1.824614
1.824303
1.824551
1.824047
1.824554
1.824586
1.824705
1.825005
1.824835
1.824986
1.824645
1.825047
1.825089
1.825616
1.825631
1.825415
1.825456
1.825145
1.825375
1.825528
1.825739
1.825271
1.825289
1.825101
1.825164
1.825762
1.825057
1.825347
1.825262
1.824802
1.824829
1.825047
1.825359
1.825019
1.824269
1.824721
1.825709
1.825186
1.824821
1.824906
1.825061
1.825297
1.825766
1.824580
1.823558
1.824365
1.823068
1.823419
1.823642
1.823253
1.824187
1.825199
1.825260
1.825151
1.825656
1.825485
1.824632
1.825392
1.824826
1.825655
1.824963
1.824502
1.824515
1.825297
1.824841
1.824782
1.824673
1.824176
1.824962
1.824770
1.824592
1.824018
1.824478
1.824884
1.825045
1.824937
1.824573
1.825167
1.824982
1.824839
1.824743
1.825019
1.825661
1.825134
1.825166
1.824673
1.826060
1.825075
1.824901
1.825279
1.824904
1.825486
1.825070
1.825046
1.824937
1.825460
1.825110
1.825289
1.825117
1.824518
1.825356
1.824931
1.824765
1.824520
1.825073
1.824818
1.824411
1.824345
1.824760
1.825020
1.824579
1.824771
1.823572
1.823537
1.823625
1.823379
1.823752
1.823636
1.824704
1.823868
1.824051
1.823852
1.823965
1.824005
1.823969
1.823695
1.823561
1.824320
1.823921
1.823668
1.823778
1.823737
1.824351
1.823573
1.823260
1.823066
1.824391
1.823605
1.823137
1.823720
1.822896
1.823698
1.822983
1.823077
1.822821
1.823032
1.822971
1.823156
1.823051
1.822785
1.823239
1.822563
1.822679
1.822709
1.823328
1.823115
1.822844
1.822997
1.822668
1.822727
1.822567
1.822509
1.822612
1.822949
1.823133
1.823077
1.822349
1.822205
1.823211
1.822448
1.822598
1.822285
1.822277
1.822807
1.821961
1.822000
1.821905
1.822308
1.822134
1.821901
1.821830
1.821967
1.822134
1.821374
1.821563
1.821339
1.822129
1.821908
1.821818
1.821306
1.821254
1.822173
1.821576
1.821979
1.821584
1.822121
1.822367
1.821085
1.821596
1.821526
1.822081
1.821577
1.821713
1.821502
1.821895
1.821910
1.821284
1.821459
1.821144
1.821681
1.821369
1.820963
1.821030
1.821350
1.821531
1.820928
1.820976
1.820453
1.821252
1.820769
1.820668
1.820748
1.820256
1.821273
1.820400
1.820492
1.820844
1.821077
1.820421
1.820527
1.820620
1.820737
1.821454
1.820890
1.820376
1.820640
1.821243
1.821149
1.820968
1.820699
1.820588
1.821426
1.819064
1.817862
1.817640
1.818434
1.818581
1.817858
1.819814
1.819346
1.820505
1.819698
1.820244
1.819152
1.819525
1.819212
1.819472
1.819052
1.819813
1.820327
1.820543
1.820025
1.820174
1.819919
1.820564
1.820297
1.820278
1.820058
1.821241
1.820559
1.820530
1.820287
1.820321
1.821567
1.820157
1.820521
1.820303
1.820681
1.820958
1.821206
1.820267
1.818748
1.819358
1.819606
1.819973
1.820672
1.820328
1.820652
1.820424
1.820221
1.820023
1.820655
1.820230
1.820021
1.820310
1.820165
1.820372
1.819689
1.820456
1.820179
1.821161
1.820415
1.820508
1.820456
1.820554
1.820911
1.820697
1.820585
1.820861
1.820884
1.820421
1.820223
1.820056
1.819916
1.820763
1.820356
1.820093
1.819981
1.820547
1.820214
1.820338
1.820461
1.819963
1.820359
1.820023
1.820034
1.819035
1.820536
1.819538
1.820143
1.819406
1.820250
1.820678
1.820470
1.820295
1.820300
1.821169
1.821099
1.820816
1.820135
1.820360
1.820815
1.820743
1.820510
1.820601
1.820353
1.819786
1.819866
1.819766
1.819611
1.820616
1.819888
1.820006
1.819298
1.818751
1.818143
1.819165
1.819112
1.819512
1.820059
1.819071
1.818773
1.818717
1.819060
1.819325
1.818714
1.818219
1.818242
1.818748
1.818051
1.818138
1.817847
1.817813
1.818511
1.818056
1.818084
1.817524
1.818121
1.818339
1.818016
1.817951
1.817672
1.819063
1.818430
1.817788
1.818327
1.818630
1.818761
1.817082
1.816591
1.816984
1.816956
1.817347
1.816495
1.817974
1.818691
1.819010
1.818269
1.818278
1.818171
1.819025
1.818490
1.819018
1.818732
1.818549
1.818897
1.818763
1.818643
1.818888
1.819314
1.818982
1.818825
1.818726
1.819278
1.820033
1.819435
1.819178
1.818948
1.820747
1.820716
1.820253
1.820113
1.819850
1.820866
1.820789
1.820457
1.820788
1.820790
1.821003
1.821088
1.820937
1.820747
1.821578
1.820174
1.821398
1.821373
1.820909
1.821250
1.820657
1.820576
1.820440
1.821438
1.820876
1.820961
1.820626
1.820762
1.821101
1.820565
1.820691
1.820817
1.821727
1.821059
1.821318
1.821268
1.820947
1.820651
1.819511
1.819897
1.819821
1.819896
1.819501
1.821189
1.821443
1.821514
1.822225
1.822167
1.822286
1.821806
1.822186
1.822579
1.822318
1.822129
1.821980
1.823345
1.822772
1.823063
1.822810
1.823208
1.823543
1.823347
1.823368
1.823153
1.823909
1.823928
1.823431
1.823590
1.823645
1.824477
1.824019
1.824431
1.824366
1.825439
1.824310
1.824699
1.825018
1.825218
1.825883
1.825656
1.825536
1.825281
1.826168
1.826183
1.825696
1.825041
1.825764
1.826635
1.826255
1.826034
1.825576
1.825713
1.825902
1.826074
1.826398
1.826006
1.826743
1.825919
1.825632
1.825245
1.824408
1.824713
1.825558
1.826710
1.825943
1.825495
1.825424
1.824241
1.825070
1.825154
1.825579
1.825818
1.825582
1.826231
1.827447
1.827173
1.826572
1.827072
1.826680
1.827742
1.827148
1.827122
1.826950
1.827868
1.826979
1.827157
1.827367
1.827080
1.827775
1.826972
1.826864
1.826431
1.827583
1.827719
1.827174
1.826612
1.826283
1.826811
1.826740
1.827073
1.826298
1.826792
1.827101
1.826940
1.827243
1.827134
1.826957
1.826125
1.826433
1.827570
1.827816
1.827865
1.826644
1.826175
1.826931
1.828176
1.827441
1.827035
1.826344
1.826644
1.828080
1.827316
1.827086
1.826244
1.826630
1.826550
1.826941
1.827266
1.826508
1.826180
1.826178
1.826333
1.824800
1.825042
1.824316
1.823182
1.824148
1.823693
1.824840
1.823854
1.823269
1.824566
1.825236
1.825727
1.824936
1.824291
1.824493
1.825245
1.824806
1.824927
1.825092
1.824000
1.824670
1.824591
1.824505
1.824040
1.825072
1.824540
1.824507
1.824584
1.824701
1.824565
1.824098
1.823981
1.824182
1.824911
1.824563
1.824329
1.824137
1.823751
1.824393
1.823679
1.823843
1.823822
1.824694
1.824510
1.823209
1.823807
1.823868
1.824759
1.824391
1.824567
1.824630
1.825094
1.825199
1.825033
1.825328
1.825104
1.825476
1.825618
1.825799
1.825553
1.826146
1.826287
1.825882
1.825839
1.825870
1.827400
1.826798
1.826445
1.824632
1.825672
1.824974
1.825173
1.825283
1.825389
1.826183
1.826378
1.826399
1.826448
1.826519
1.826882
1.827134
1.826785
1.826258
1.827328
1.826740
1.826488
1.827118
1.826555
1.827520
1.827322
1.826953
1.826859
1.827580
1.827521
1.826069
1.827149
1.826841
1.827845
1.827165
1.827733
1.827129
1.827459
1.827137
1.827151
1.827587
1.827358
1.828290
1.827185
1.826800
1.827305
1.827726
1.828238
1.827875
1.827132
1.826511
1.827838
1.827346
1.827081
1.827207
1.826917
1.827615
1.827802
1.827494
1.827239
1.827931
1.827453
1.827818
1.827977
1.827559
1.828392
1.827902
1.827459
1.827178
1.828354
1.827185
1.826299
1.826779
1.826600
1.827057
1.825638
1.825982
1.825352
1.827768
1.828039
1.827317
1.826924
1.826563
1.827947
1.826880
1.826757
1.826808
1.826788
1.826760
1.826687
1.826439
1.826231
1.826682
1.826084
1.826230
1.826425
1.826705
1.826685
1.825697
1.825594
1.825425
1.826968
1.826789
1.826232
1.825915
1.825472
1.826271
1.826131
1.825420
1.825414
1.826320
1.826167
1.824512
1.825294
1.824805
1.825709
1.824819
1.825691
1.825169
1.825408
1.825018
1.824572
1.824791
1.823990
1.825221
1.824795
1.824208
1.824195
1.824711
1.824406
1.823560
1.823949
1.824026
1.824821
1.824199
1.823924
1.824261
1.823938
1.823980
1.824338
1.824633
1.822397
1.823295
1.822382
1.822041
1.821835
1.822279
1.823505
1.823038
1.823248
1.823631
1.824220
1.823590
1.823006
1.823066
1.822702
1.823896
1.823370
1.823237
1.822742
1.823241
1.822891
1.822619
1.823105
1.822675
1.823112
1.822558
1.822458
1.822299
1.822576
1.822481
1.822473
1.822529
1.822339
1.823186
1.822296
1.822879
1.822621
1.822656
1.823172
1.822701
1.822578
1.822034
1.822682
1.822395
1.822441
1.822174
1.822523
1.822675
1.822255
1.822128
1.821841
1.822144
1.821473
1.821786
1.822074
1.821975
1.822432
1.821372
1.821418
1.821618
1.822175
1.821942
1.821615
1.821290
1.821095
1.822184
1.822080
1.820240
1.819983
1.819949
1.820580
1.820317
1.820692
1.820325
1.820806
1.821659
1.821673
1.822340
1.822504
1.821597
1.821074
1.821405
1.821611
1.822686
1.821594
1.821281
1.821265
1.821738
1.822175
1.821426
1.821580
1.821057
1.822172
1.821917
1.822230
1.821455
1.820700
1.821107
1.820805
1.821535
1.821778
1.822083
1.821045
1.820515
1.821147
1.821537
1.822580
1.821777
1.821139
1.820528
1.822391
1.822731
1.822103
1.821346
1.821095
1.822250
1.822246
1.822395
1.822120
1.822006
1.821369
1.821056
1.822273
1.822278
1.822853
1.821378
1.820927
1.821432
1.821723
1.821626
1.821487
1.820821
1.820315
1.821855
1.820262
1.819453
1.818925
1.818663
1.819772
1.819893
1.820322
1.819353
1.820080
1.819309
1.818292
1.819016
1.819808
1.820030
1.819478
1.819335
1.819445
1.820082
1.819073
1.818854
1.818986
1.818623
1.820138
1.819764
1.819311
1.818769
1.818297
1.818922
1.819819
1.819180
1.818699
1.819269
1.818534
1.818669
1.817928
1.817964
1.818573
1.817395
1.817530
1.817876
1.818210
1.816978
1.816761
1.816405
1.817157
1.817791
1.817042
1.817608
1.816549
1.816842
1.817037
1.817604
1.817390
1.817029
1.817276
1.816933
1.816747
1.815950
1.817160
1.817160
1.816750
1.817207
1.816423
1.816922
1.815953
1.814949
1.815529
1.817101
1.816711
1.816003
1.815343
1.815165
1.815968
1.814204
1.814746
1.815349
1.814908
1.814907
1.814355
1.814021
1.814063
1.813313
1.813644
1.814789
1.814162
1.813706
1.814464
1.813471
1.813426
1.813875
1.815031
1.814502
1.813724
1.813208
1.813883
1.814202
1.813453
1.813694
1.813557
1.814827
1.814219
1.813493
1.813546
1.813347
1.813208
1.813174
1.813192
1.813390
1.813313
1.813038
1.813272
1.812720
1.811898
1.812913
1.812507
1.812999
1.812598
1.812888
1.813416
1.812598
1.812276
1.812387
1.813701
1.813369
1.812525
1.813121
1.812935
1.812722
1.811976
1.812889
1.812751
1.811751
1.810217
1.810060
1.810186
1.809118
1.810451
1.811969
1.811799
1.811309
1.812056
1.811422
1.810564
1.810763
1.810028
1.811656
1.811403
1.811360
1.811191
1.812230
1.811712
1.810563
1.810833
1.811777
1.811898
1.809971
1.809678
1.809857
1.810756
1.809746
1.808866
1.809468
1.808218
1.807529
1.807528
1.807289
1.807232
1.806383
1.805953
1.806940
1.805487
1.803048
1.805118
1.804515
1.804581
1.803212
1.802638
1.803471
1.802133
1.800584
1.801142
1.802826
1.801830
1.801081
1.801053
1.800711
1.800351
1.798669
1.800498
1.800098
1.800374
1.799470
1.799719
1.799028
1.798338
1.797787
1.799095
1.798760
1.797702
1.798290
1.798344
1.797522
1.795973
1.795744
1.797783
1.795434
1.794812
1.794477
1.795211
1.792533
1.791323
1.790335
1.790295
1.788390
1.787978
1.788270
1.787071
1.785292
1.786416
1.786232
1.786246
1.783549
1.784812
1.784324
1.782818
1.780454
1.779662
1.779836
1.778881
1.777026
1.775851
1.777685
1.775622
1.772941
1.772163
1.771627
1.771902
1.770515
1.769755
1.770037
1.769526
1.767753
1.767321
1.768368
1.769145
1.770728
1.771038
1.772417
1.772349
1.772014
1.771992
1.772707
1.773585
1.774809
1.775365
1.775640
1.775508
1.773937
1.773231
1.774726
1.774849
1.775662
1.775049
1.776486
1.775484
1.774170
1.772923
1.774091
1.775478
1.776473
1.777316
1.777300
1.777998
1.775817
1.774677
1.776791
1.777617
1.779836
1.779035
1.777818
1.777325
1.776192
1.773300
1.774502
1.775628
1.777000
1.779960
1.778636
1.777517
1.775069
1.774392
1.775604
1.776814
1.778254
1.778448
1.778651
1.776662
1.774923
1.773482
1.773103
1.773468
1.772633
1.770046
1.769846
1.769109
1.765326
1.763486
1.761971
1.761799
1.761685
1.758964
1.756538
1.753427
1.750823
1.748979
1.747497
1.746615
1.745682
1.744747
1.741017
1.738256
1.735565
1.734651
1.733081
1.731919
1.731830
1.730338
1.727492
1.725324
1.723077
1.721197
1.722256
1.721421
1.720852
1.719852
1.717008
1.715892
1.714468
1.712360
1.712818
1.712611
1.712697
1.712613
1.710738
1.707238
1.707047
1.704609
1.705124
1.705056
1.706475
1.707354
1.706964
1.705288
1.704630
1.705094
1.703579
1.705455
1.706076
1.706675
1.706489
1.705130
1.704788
1.704745
1.705958
1.706652
1.708490
1.707820
1.707245
1.706758
1.706310
1.708112
1.708451
1.711109
1.711723
1.710788
1.708975
1.708583
1.709147
1.711413
1.712966
1.715537
1.718009
1.716804
1.714740
1.715979
1.716040
1.720265
1.722650
1.725428
1.726646
1.725295
1.723194
1.723782
1.723443
1.726372
1.730514
1.732560
1.732389
1.730890
1.728184
1.729572
1.727824
1.729599
1.733975
1.736572
1.736076
1.734029
1.731720
1.731229
1.731113
1.730409
1.734986
1.735067
1.735823
1.732927
1.732159
1.730868
1.729030
1.730721
1.735438
1.737747
1.737908
1.735912
1.735845
1.735043
1.734475
1.734637
1.739125
1.740389
1.740230
1.737565
1.739191
1.738260
1.737260
1.738002
1.741499
1.742994
1.742244
1.741035
1.742105
1.741017
1.740401
1.742802
1.745778
1.745728
1.745844
1.746296
1.746169
1.745765
1.746339
1.751256
1.750412
1.754010
1.755162
1.760304
1.759894
1.759910
1.763331
1.764887
1.765631
1.771429
1.771972
1.774154
1.774073
1.774121
1.776794
1.772076
1.777540
1.783674
1.784914
1.785839
1.783482
1.783572
1.783970
1.773318
1.788052
1.791161
1.793658
1.792639
1.787052
1.786171
1.780417
1.780248
1.794410
1.794824
1.796039
1.793678
1.788388
1.788166
1.777460
1.789548
1.798161
1.797768
1.797496
1.794018
1.789943
1.787280
1.781919
1.797879
1.798234
1.799757
1.798902
1.794255
1.790551
1.785799
1.788174
1.798596
1.798703
1.798105
1.797426
1.794684
1.792316
1.785723
1.794976
1.797827
1.798895
1.798579
1.796809
1.793883
1.790258
1.786673
1.796591
1.797804
1.797903
1.796780
1.794732
1.791989
1.788688
1.788563
1.796135
1.796325
1.797200
1.797501
1.795104
1.793187
1.788856
1.794491
1.798247
1.798550
1.799219
1.798893
1.797443
1.794816
1.791101
1.798046
1.800481
1.800745
1.800960
1.800219
1.798235
1.797009
1.794080
1.800414
1.801565
1.802558
1.802258
1.801236
1.798922
1.796677
1.797616
1.801807
1.802542
1.802441
1.803169
1.801970
1.799474
1.797983
1.798720
1.803442
1.803631
1.803479
1.803604
1.802259
1.801080
1.799722
1.802108
1.803768
1.805199
1.804857
1.804978
1.802692
1.802217
1.801615
1.803895
1.805512
1.805963
1.806760
1.806272
1.804426
1.803842
1.803495
1.806295
1.806376
1.806694
1.807086
1.807263
1.805001
1.804884
1.804414
1.806223
1.807317
1.807206
1.807103
1.806589
1.805704
1.805392
1.805431
1.806334
1.806924
1.808193
1.807774
1.807156
1.806278
1.806836
1.806980
1.808114
1.807882
1.808141
1.809186
1.808586
1.807441
1.807538
1.807649
1.808740
1.808761
1.808882
1.808777
1.809361
1.807959
1.808158
1.808002
1.808394
1.809236
1.808604
1.808681
1.807891
1.808434
1.808028
1.807847
1.808091
1.808266
1.808942
1.808608
1.807890
1.807665
1.808139
1.808007
1.808171
1.808611
1.808324
1.809231
1.808289
1.808248
1.807335
1.808230
1.808096
1.806774
1.806180
1.805713
1.806122
1.805366
1.805163
1.806492
1.807312
1.808434
1.807590
1.806254
1.805844
1.807370
1.806605
1.805632
1.805857
1.805564
1.806375
1.806394
1.806296
1.805621
1.806435
1.806374
1.806742
1.805684
1.806636
1.806741
1.806028
1.806086
1.805326
1.806450
1.806723
1.806225
1.806746
1.806188
1.806782
1.805234
1.805676
1.805810
1.806017
1.806203
1.806175
1.805444
1.804782
1.805619
1.804562
1.805547
1.804712
1.804415
1.804429
1.803349
1.803542
1.803206
1.803554
1.803412
1.803400
1.803511
1.803359
1.802819
1.802509
1.801996
1.801836
1.802905
1.802093
1.802551
1.801661
1.801067
1.801833
1.801320
1.800635
1.801125
1.801720
1.801727
1.800315
1.799357
1.799204
1.799355
1.799125
1.799297
1.798981
1.799086
1.797146
1.797358
1.797411
1.796601
1.797671
1.796852
1.798124
1.795639
1.793974
1.794433
1.793540
1.793595
1.793880
1.794081
1.793694
1.789784
1.789168
1.791515
1.790980
1.790358
1.789571
1.789007
1.789443
1.783372
1.784268
1.786431
1.785346
1.785451
1.784690
1.783973
1.781040
1.775479
1.778915
1.779975
1.778796
1.777807
1.778159
1.776655
1.770508
1.766903
1.771933
1.772180
1.770515
1.769503
1.768566
1.768180
1.757730
1.757489
1.761754
1.761897
1.761710
1.760362
1.758763
1.754162
1.741532
1.742788
1.748821
1.749877
1.750391
1.749237
1.747478
1.736093
1.718934
1.725211
1.736365
1.737074
1.737241
1.735452
1.733181
1.712573
1.702062
1.713506
1.723272
1.722580
1.722695
1.723698
1.720532
1.702685
1.692848
1.699832
1.713578
1.714353
1.711978
1.713147
1.710681
1.689502
1.682276
1.691544
1.708081
1.710008
1.713302
1.713758
1.704004
1.681221
1.685833
1.696321
1.710973
1.714303
1.716719
1.714823
1.700372
1.695216
1.706372
1.710898
1.720396
1.719148
1.722372
1.722473
1.717694
1.720446
1.722530
1.718758
1.717322
1.723126
1.732900
1.732548
1.729701
1.732047
1.730269
1.726051
1.717628
1.734989
1.740416
1.737357
1.735239
1.737357
1.730680
1.723861
1.723811
1.741704
1.740521
1.737385
1.738091
1.741660
1.732388
1.727743
1.743882
1.748809
1.746909
1.743590
1.747121
1.748360
1.737929
1.740068
1.752368
1.753522
1.749757
1.747782
1.751241
1.750205
1.742800
1.751017
1.756278
1.756044
1.752521
1.751084
1.754161
1.752798
1.747989
1.756672
1.757253
1.757412
1.752301
1.753159
1.756197
1.750930
1.749743
1.757447
1.758010
1.758298
1.754328
1.754699
1.756258
1.751249
1.750100
1.756659
1.758216
1.758826
1.753389
1.754938
1.754841
1.748871
1.747671
1.753855
1.756223
1.754479
1.749817
1.753504
1.751354
1.741764
1.741250
1.750782
1.751263
1.745766
1.742510
1.749332
1.743480
1.733691
1.734984
1.748613
1.744801
1.737083
1.740420
1.743906
1.735838
1.725259
1.728297
1.746750
1.739741
1.734920
1.744772
1.742350
1.730580
1.716988
1.726447
1.749170
1.741883
1.741344
1.754255
1.743100
1.731290
1.711214
1.735919
1.750712
1.747917
1.754488
1.765410
1.749555
1.731631
1.715442
1.750886
1.759419
1.762441
1.770721
1.773210
1.757095
1.738447
1.737021
1.773777
1.774482
1.784102
1.791446
1.787790
1.765565
1.745948
1.767997
1.785306
1.791583
1.798283
1.797931
1.794214
1.766337
1.761255
1.789765
1.792712
1.802750
1.803103
1.803402
1.798163
1.769227
1.781374
1.796944
1.802205
1.806064
1.804572
1.805036
1.799148
1.777003
1.796765
1.800954
1.806978
1.808131
1.807987
1.809286
1.799124
1.788956
1.803560
1.806285
1.810141
1.810071
1.809310
1.810050
1.800864
1.801081
1.808293
1.809136
1.810951
1.809758
1.809500
1.810093
1.804113
1.808321
1.808792
1.807643
1.809471
1.808743
1.807390
1.807691
1.805688
1.806693
1.807098
1.808423
1.809126
1.807956
1.808484
1.808511
1.807626
1.807989
1.807671
1.808705
1.808041
1.807600
1.807212
1.807614
1.806689
1.806601
1.807531
1.807383
1.807883
1.806795
1.807072
1.806314
1.806533
1.807388
1.806946
1.807258
1.807023
1.808014
1.807845
1.807006
1.806891
1.808195
1.808664
1.808877
1.809307
1.808679
1.809724
1.809171
1.810016
1.810366
1.810784
1.812063
1.811503
1.812105
1.811984
1.812493
1.812564
1.812885
1.813516
1.814073
1.814643
1.814168
1.814174
1.814330
1.815738
1.815815
1.816236
1.816394
1.816763
1.817473
1.817210
1.817823
1.817297
1.817061
1.817899
1.818306
1.817747
1.818997
1.818229
1.820006
1.821377
1.822328
1.823407
1.823890
1.823833
1.824120
1.824170
1.825804
1.825629
1.826211
1.826616
1.827220
1.827822
1.827120
1.826820
1.826591
1.827434
1.827644
1.827995
1.827603
1.827387
1.827970
1.827699
1.827864
1.827477
1.828424
1.828400
1.828232
1.828126
1.827916
1.828987
1.828269
1.828613
1.828794
1.829246
1.828635
1.828789
1.828920
1.828639
1.829592
1.829088
1.829155
1.829064
1.829612
1.829914
1.829258
1.828987
1.828887
1.829765
1.829194
1.829235
1.828777
1.828943
1.829426
1.829084
1.829115
1.829106
1.829181
1.827147
1.827595
1.827512
1.827477
1.828814
1.827291
1.827803
1.829316
1.830210
1.829643
1.829780
1.829981
1.829990
1.830434
1.830279
1.828660
1.829547
1.830541
1.830399
1.829915
1.829928
1.829908
1.830900
1.830568
1.829862
1.829723
1.830299
1.830162
1.830635
1.830359
1.829611
1.830280
1.830042
1.830003
1.830171
1.829172
1.830133
1.830161
1.830127
1.829768
1.830770
1.830385
1.829991
1.830183
1.830560
1.829756
1.829471
1.830208
1.830111
1.830865
1.830094
1.830137
1.829429
1.830027
1.830547
1.829993
1.829907
1.829785
1.830848
1.830146
1.829892
1.829844
1.829702
1.830143
1.829071
1.828511
1.828177
1.827863
1.828253
1.827490
1.827358
1.827976
1.827586
1.828878
1.828663
1.828827
1.829756
1.828839
1.828932
1.829485
1.829179
1.829776
1.828213
1.829154
1.829633
1.829013
1.829585
1.829784
1.829876
1.829686
1.828006
1.830335
1.829585
1.829172
1.829242
1.830341
1.829671
1.828826
1.829183
1.830781
1.829407
1.828836
1.829100
1.829183
1.830525
1.828985
1.829224
1.829346
1.828903
1.829047
1.828781
1.828946
1.828845
1.829489
1.829551
1.829308
1.828177
1.828594
1.828897
1.829392
1.828457
1.828171
1.829876
1.828735
1.828667
1.828281
1.827437
1.828392
1.828756
1.829008
1.829278
1.830000
1.829000
1.829364
1.829051
1.829587
1.830451
1.828198
1.827806
1.827399
1.827942
1.827726
1.827143
1.827614
1.827278
1.829594
1.829312
1.828620
1.828706
1.829602
1.829345
1.828984
1.828111
1.827965
1.828128
1.828966
1.829351
1.829183
1.829570
1.829128
1.828999
1.829875
1.829512
1.830050
1.830621
1.828471
1.829466
1.829246
1.830055
1.830268
1.829991
1.829712
1.830827
1.830072
1.829852
1.828848
1.829870
1.830811
1.829946
1.830339
1.830068
1.830755
1.829535
1.828949
1.829740
1.829876
1.830218
1.830492
1.830536
1.829908
1.829696
1.829430
1.830632
1.830508
1.830410
1.831634
1.831329
1.830800
1.829817
1.830432
1.831618
1.831062
1.831933
1.831837
1.831760
1.829225
1.827897
1.828719
1.829682
1.830271
1.831391
1.830829
1.830167
1.831256
1.829738
1.830254
1.832337
1.832367
1.832851
1.832390
1.831543
1.830347
1.830540
1.831190
1.832085
1.832732
1.832405
1.832775
1.831666
1.831150
1.830282
1.832107
1.832841
1.832729
1.832917
1.832398
1.832291
1.830813
1.831524
1.832139
1.832646
1.832040
1.831118
1.831509
1.831036
1.831036
1.831237
1.832311
1.832743
1.832975
1.832811
1.831914
1.830632
1.830114
1.831897
1.832985
1.832322
1.832207
1.832206
1.831074
1.829543
1.829029
1.831384
1.832941
1.832294
1.832453
1.831642
1.829801
1.830170
1.830291
1.831840
1.830690
1.830381
1.831252
1.829835
1.828501
1.828560
1.830662
1.831544
1.831189
1.831209
1.831753
1.829696
1.828833
1.829158
1.829962
1.831481
1.830713
1.830688
1.830382
1.828459
1.828709
1.828808
1.830229
1.830170
1.830900
1.830095
1.829682
1.827890
1.828451
1.829153
1.829884
1.830036
1.829548
1.830602
1.829400
1.828037
1.828799
1.829425
1.830636
1.830279
1.830223
1.829700
1.829373
1.828834
1.828610
1.829624
1.830106
1.830366
1.830316
1.829926
1.828318
1.829154
1.829271
1.829470
1.829360
1.829253
1.830117
1.829100
1.828049
1.827988
1.828743
1.829010
1.828688
1.828696
1.828415
1.828240
1.827887
1.827938
1.828622
1.829332
1.829261
1.828892
1.828303
1.827574
1.828649
1.828528
1.829154
1.829145
1.829261
1.829824
1.828782
1.828790
1.828139
1.829516
1.829844
1.829571
1.829670
1.829627
1.829529
1.829028
1.829066
1.829082
1.830351
1.829940
1.829815
1.829533
1.828695
1.829658
1.829373
1.829420
1.829688
1.830123
1.829958
1.829594
1.829209
1.829091
1.830032
1.830090
1.829993
1.829705
1.830243
1.829749
1.829122
1.829749
1.830181
1.831278
1.830553
1.830608
1.830351
1.829262
1.830060
1.830460
1.830810
1.830547
1.831288
1.830908
1.830222
1.830351
1.829712
1.830439
1.831787
1.828571
1.828036
1.828199
1.827125
1.826414
1.827171
1.829399
1.830381
1.829386
1.830096
1.829752
1.829621
1.829193
1.829416
1.830022
1.829930
1.831461
1.830862
1.829455
1.829497
1.829911
1.831163
1.831294
1.831385
1.831602
1.831845
1.830042
1.830306
1.830466
1.832111
1.831675
1.831757
1.831992
1.830216
1.830404
1.830308
1.831152
1.832055
1.831008
1.832282
1.831425
1.829300
1.829601
1.830193
1.831242
1.831366
1.831601
1.831794
1.830820
1.828543
1.828631
1.829072
1.831068
1.830851
1.830381
1.830233
1.829489
1.829455
1.829150
1.829843
1.830999
1.831930
1.832688
1.831811
1.830612
1.830317
1.831911
1.832786
1.832699
1.832573
1.832878
1.832351
1.830271
1.830495
1.830655
1.832263
1.832062
1.831918
1.831753
1.830464
1.830570
1.829567
1.831602
1.832023
1.833964
1.834249
1.833622
1.832502
1.831326
1.833076
1.833786
1.833859
1.833822
1.834751
1.834005
1.832320
1.832871
1.833377
1.834962
1.834852
1.834411
1.834224
1.834213
1.832669
1.833661
1.834393
1.834441
1.835253
1.834629
1.834665
1.833410
1.833487
1.833482
1.834264
1.834596
1.834389
1.834959
1.834535
1.832731
1.832944
1.833390
1.834350
1.834645
1.834183
1.833626
1.834648
1.833096
1.833082
1.833434
1.834399
1.834949
1.834674
1.834528
1.833896
1.833584
1.833926
1.834362
1.834218
1.834091
1.834910
1.834635
1.834164
1.833040
1.834028
1.834196
1.834762
1.833858
1.832442
1.832763
1.831884
1.831465
1.832082
1.833259
1.832494
1.833662
1.833917
1.833179
1.833799
1.832972
1.833038
1.833552
1.834144
1.834233
1.833500
1.833524
1.832680
1.833705
1.833758
1.833687
1.834081
1.834167
1.834449
1.834103
1.833695
1.833490
1.834530
1.833877
1.834452
1.834478
1.834194
1.834607
1.833848
1.833705
1.833650
1.834567
1.834415
1.834204
1.833988
1.833873
1.834568
1.833609
1.833630
1.833577
1.833904
1.833831
1.833698
1.833851
1.832941
1.833497
1.833858
1.833730
1.833534
1.834139
1.833920
1.833397
1.833339
1.833318
1.834222
1.833882
1.834143
1.833887
1.834158
1.833960
1.833652
1.833138
1.831862
1.832963
1.832246
1.832046
1.831903
1.831422
1.833215
1.833258
1.833614
1.833668
1.834332
1.834046
1.833488
1.833282
1.832842
1.833379
1.832960
1.833428
1.832769
1.833439
1.833168
1.833152
1.832819
1.832703
1.833434
1.833154
1.833194
1.833098
1.833758
1.833316
1.833034
1.833227
1.833300
1.834074
1.833835
1.833450
1.833911
1.833472
1.833501
1.833751
1.833861
1.833176
1.834266
1.833862
1.833482
1.833051
1.832997
1.833529
1.833305
1.833713
1.832769
1.833925
1.832992
1.832502
1.832685
1.832581
1.833292
1.832745
1.832775
1.832652
1.833243
1.832855
1.832631
1.832618
1.832938
1.833324
1.833015
1.832080
1.831361
1.830969
1.831036
1.831464
1.831685
1.830620
1.832460
1.832507
1.832281
1.832080
1.832212
1.832502
1.832407
1.831980
1.831819
1.832668
1.831509
1.831087
1.831304
1.831600
1.832014
1.831363
1.831513
1.830581
1.831281
1.830866
1.830775
1.830963
1.830979
1.831209
1.831278
1.830906
1.830201
1.830820
1.830660
1.830906
1.830756
1.830688
1.831709
1.830928
1.830353
1.830447
1.831088
1.830887
1.831487
1.830981
1.830993
1.831459
1.830502
1.831017
1.830024
1.830941
1.830984
1.831149
1.831220
1.829713
1.830557
1.830263
1.829957
1.830192
1.830189
1.830448
1.830024
1.830130
1.829240
1.830356
1.828334
1.828590
1.829149
1.828486
1.828823
1.828669
1.828603
1.828557
1.829237
1.830063
1.830375
1.830132
1.830125
1.831264
1.828810
1.829249
1.829329
1.830369
1.830350
1.829996
1.829921
1.829494
1.830258
1.828914
1.829353
1.829526
1.830025
1.830376
1.830345
1.829509
1.828675
1.829386
1.829320
1.829469
1.829865
1.829070
1.829661
1.829087
1.828772
1.828558
1.829498
1.829148
1.829439
1.829370
1.829393
1.829954
1.829401
1.828735
1.828400
1.829827
1.829866
1.829802
1.829593
1.829627
1.829861
1.829394
1.829397
1.829208
1.829944
1.829732
1.829549
1.829213
1.828969
1.829695
1.829029
1.828998
1.829174
1.829653
1.827428
1.827794
1.826417
1.827354
1.827300
1.827921
1.827534
1.828578
1.828656
1.829153
1.828732
1.828430
1.828431
1.829703
1.828967
1.829255
1.829035
1.828598
1.829212
1.829000
1.829405
1.828087
1.829941
1.829359
1.829343
1.828861
1.828693
1.829331
1.829342
1.829119
1.828755
1.829314
1.828647
1.828570
1.828694
1.828536
1.829250
1.828507
1.828620
1.828275
1.828870
1.828532
1.828486
1.828566
1.828411
1.829097
1.828284
1.828433
1.828297
1.828511
1.828611
1.828930
1.828669
1.828758
1.829656
1.828592
1.828442
1.828782
1.829127
1.829208
1.828692
1.828675
1.828634
1.829199
1.828408
1.829082
1.828423
1.826843
1.827647
1.827362
1.826922
1.826802
1.828525
1.827500
1.828061
1.828479
1.828511
1.829112
1.828681
1.828496
1.828378
1.829211
1.829314
1.828650
1.829069
1.829002
1.829717
1.829537
1.829364
1.829370
1.830137
1.829776
1.829494
1.829782
1.829671
1.830370
1.830028
1.829802
1.829759
1.830482
1.830760
1.830145
1.830410
1.830136
1.830954
1.830574
1.830462
1.830912
1.830712
1.831129
1.830710
1.831133
1.830484
1.831439
1.831250
1.830757
1.830808
1.831269
1.831524
1.831241
1.831554
1.831427
1.832421
1.832042
1.831871
1.831916
1.831737
1.832624
1.832087
1.832597
1.832603
1.833399
1.833404
1.832238
1.831363
1.831819
1.831931
1.831746
1.832246
1.831792
1.832815
1.831456
1.832949
1.832562
1.833696
1.834520
1.833712
1.834242
1.833656
1.833333
1.833530
1.833063
1.833988
1.833777
1.834527
1.833987
1.834031
1.833335
1.832867
1.834584
1.834386
1.834553
1.834295
1.835240
1.834773
1.833978
1.833956
1.834471
1.835647
1.835564
1.835812
1.834576
1.835357
1.834453
1.834634
1.835446
1.835505
1.836081
1.835725
1.835292
1.835093
1.834836
1.834878
1.835514
1.835825
1.835100
1.835710
1.834984
1.834472
1.834220
1.835201
1.835263
1.835374
1.835328
1.834973
1.835805
1.835036
1.834406
1.835074
1.835772
1.835853
1.833894
1.834850
1.833522
1.833846
1.834026
1.835068
1.834483
1.835194
1.836799
1.836214
1.835893
1.835109
1.836067
1.836002
1.835958
1.835662
1.835583
1.836118
1.835461
1.835356
1.835472
1.835886
1.835821
1.835794
1.835783
1.835352
1.835757
1.835310
1.835243
1.835120
1.835670
1.835674
1.835216
1.835625
1.835132
1.835939
1.835487
1.835551
1.835614
1.835819
1.836224
1.836026
1.835807
1.835225
1.836243
1.835852
1.835713
1.835596
1.835669
1.836383
1.835527
1.835297
1.835190
1.836027
1.835382
1.835745
1.835603
1.835080
1.835871
1.834855
1.835144
1.834956
1.835389
1.835253
1.834755
1.835340
1.834287
1.834415
1.833732
1.834359
1.833297
1.834818
1.834512
1.834227
1.834425
1.834122
1.835391
1.834497
1.834345
1.834514
1.834534
1.834944
1.834986
1.834469
1.834553
1.835542
1.834762
1.834630
1.834999
1.834493
1.834876
1.834396
1.834548
1.834142
1.835276
1.834670
1.834210
1.834137
1.833785
1.834263
1.834220
1.833994
1.834010
1.834792
1.834343
1.834355
1.833807
1.833224
1.834434
1.834075
1.834181
1.833849
1.834761
1.834555
1.834008
1.833810
1.834203
1.834683
1.834397
1.834590
1.834373
1.834453
1.834356
1.833962
1.834522
1.834005
1.834734
1.834235
1.834276
1.833682
1.833106
1.834280
1.834140
1.834279
1.833775
1.834372
1.833883
1.833193
1.832796
1.833402
1.834002
1.833611
1.832678
1.833417
1.834067
1.832826
1.832490
1.833709
1.833458
1.833972
1.833630
1.834124
1.833760
1.833288
1.833656
1.833529
1.833768
1.833348
1.834480
1.834398
1.833942
1.833212
1.834278
1.834251
1.833759
1.833895
1.833799
1.834245
1.833410
1.832857
1.833553
1.833673
1.833645
1.833362
1.833158
1.832813
1.833198
1.833029
1.833122
1.833150
1.833037
1.833699
1.832967
1.832422
1.831889
1.833429
1.833156
1.833344
1.833277
1.833295
1.834065
1.832781
1.832510
1.832842
1.833712
1.833430
1.833249
1.830927
1.830271
1.830717
1.829693
1.829978
1.831635
1.832505
1.832342
1.832598
1.831988
1.831025
1.831460
1.831634
1.832129
1.831090
1.832528
1.833234
1.832797
1.832850
1.832303
1.833642
1.832930
1.833603
1.832074
1.832694
1.833314
1.832967
1.832832
1.833239
1.833757
1.833392
1.833186
1.832893
1.833073
1.833597
1.832901
1.832858
1.833051
1.833567
1.833012
1.832606
1.832833
1.832628
1.833077
1.832787
1.832586
1.832318
1.833256
1.831845
1.832431
1.832394
1.831797
1.832594
1.832181
1.831877
1.831512
1.831937
1.832190
1.831740
1.831684
1.830856
1.832363
1.831805
1.831500
1.831724
1.831874
1.832198
1.832190
1.831984
1.831458
1.832451
1.831651
1.832587
1.831241
1.831614
1.832873
1.831015
1.829745
1.829434
1.830655
1.829482
1.829756
1.829568
1.831133
1.832150
1.830953
1.831160
1.830598
1.831815
1.831520
1.831280
1.831089
1.831026
1.831235
1.830842
1.830662
1.830751
1.831449
1.831470
1.831475
1.831298
1.830589
1.831508
1.831406
1.831675
1.831368
1.831753
1.831371
1.830162
1.829370
1.830084
1.831385
1.831389
1.831588
1.831589
1.831352
1.831664
1.830646
1.830935
1.830385
1.832045
1.831584
1.831056
1.831452
1.831020
1.831220
1.830626
1.830226
1.830594
1.831272
1.831127
1.830823
1.830304
1.830190
1.830876
1.830404
1.830761
1.830507
1.831078
1.830902
1.830535
1.830698
1.831075
1.830004
1.829173
1.829429
1.828898
1.829501
1.829761
1.829493
1.829746
1.830351
1.831865
1.830886
1.830493
1.830772
1.830735
1.831244
1.830452
1.830745
1.830833
1.831252
1.830763
1.830618
1.830351
1.830705
1.830813
1.830571
1.830418
1.830558
1.831053
1.831060
1.831230
1.830527
1.830391
1.831803
1.831146
1.831093
1.831319
1.832191
1.832022
1.831928
1.831232
1.831585
1.832883
1.831551
1.832493
1.832571
1.832604
1.832644
1.832032
1.832275
1.831517
1.833006
1.832557
1.832507
1.832474
1.832675
1.832572
1.832526
1.832036
1.832374
1.833316
1.833148
1.832999
1.832569
1.832563
1.833021
1.832156
1.833318
1.833400
1.833062
1.831752
1.831302
1.831740
1.830653
1.831552
1.832842
1.833972
1.833615
1.834547
1.833503
1.833874
1.832372
1.833795
1.835055
1.834341
1.834671
1.834444
1.833788
1.834249
1.832781
1.834166
1.834220
1.835538
1.834642
1.834493
1.833275
1.833529
1.832849
1.833998
1.834412
1.834385
1.834949
1.834794
1.833417
1.833518
1.832618
1.834546
1.834652
1.834700
1.834310
1.835171
1.833875
1.834219
1.833200
1.834577
1.835921
1.835172
1.835103
1.834455
1.835115
1.834768
1.833692
1.834596
1.835382
1.835957
1.835164
1.834611
1.834139
1.834514
1.833397
1.834711
1.835150
1.834828
1.835629
1.834309
1.834014
1.834126
1.832172
1.832802
1.833107
1.833631
1.832644
1.833286
1.833064
1.832499
1.833527
1.834011
1.835521
1.835049
1.834970
1.834693
1.834937
1.834305
1.834363
1.834376
1.834901
1.835570
1.835078
1.834676
1.834202
1.834595
1.834216
1.834125
1.835000
1.834670
1.835263
1.834114
1.834347
1.833674
1.834592
1.834307
1.834278
1.833919
1.833933
1.834625
1.833574
1.833518
1.833917
1.834326
1.834006
1.834301
1.833532
1.832507
1.833514
1.833029
1.833303
1.832914
1.833903
1.834226
1.833247
1.833171
1.832702
1.833013
1.832468
1.833329
1.833163
1.833364
1.833725
1.833428
1.832926
1.833329
1.833799
1.833820
1.833900
1.833561
1.833363
1.833284
1.832613
1.832631
1.832503
1.833227
1.833395
1.833067
1.832913
1.832727
1.833237
1.832724
1.832984
1.832948
1.833541
1.833351
1.833076
1.832859
1.832438
1.832802
1.833931
1.834375
1.833310
1.834463
1.833977
1.833627
1.832967
1.832621
1.834361
1.834069
1.833863
1.833526
1.833255
1.834758
1.833490
1.834292
1.834202
1.834420
1.834196
1.834382
1.834396
1.833614
1.833650
1.832566
1.834575
1.833881
1.835051
1.834513
1.833764
1.832281
1.831962
1.832787
1.833356
1.833400
1.833797
1.834669
1.833814
1.831943
1.832252
1.832967
1.834527
1.834328
1.834052
1.833891
1.833088
1.831657
1.832347
1.833242
1.833494
1.834691
1.834099
1.833637
1.832333
1.830708
1.832010
1.832966
1.832979
1.832817
1.833714
1.832923
1.830955
1.829981
1.831194
1.832749
1.832739
1.832753
1.832706
1.833532
1.829951
1.830322
1.831341
1.832196
1.833484
1.833161
1.833162
1.832662
1.830810
1.830676
1.831482
1.832231
1.832925
1.833316
1.833006
1.832234
1.830206
1.830785
1.831326
1.831706
1.832303
1.832365
1.832750
1.832209
1.829848
1.830239
1.830648
1.831691
1.831588
1.831527
1.831399
1.831245
1.829452
1.829861
1.830204
1.830925
1.831733
1.831206
1.831174
1.830189
1.829663
1.829707
1.829996
1.830590
1.830830
1.831456
1.830498
1.829563
1.828763
1.830193
1.829888
1.830465
1.830464
1.830192
1.830849
1.829087
1.828526
1.829160
1.829428
1.829599
1.829593
1.829416
1.829195
1.829093
1.828608
1.828378
1.828386
1.829065
1.829149
1.828849
1.828895
1.827946
1.828788
1.828594
1.828580
1.828917
1.829027
1.829695
1.828893
1.828691
1.828496
1.830013
1.829560
1.829804
1.829676
1.829589
1.830264
1.829820
1.828716
1.829745
1.830357
1.828879
1.828090
1.827961
1.827695
1.827687
1.828520
1.829488
1.829474
1.830352
1.830001
1.830533
1.828879
1.828065
1.828901
1.829209
1.828954
1.829296
1.829522
1.829859
1.829469
1.829680
1.829957
1.830237
1.830639
1.830631
1.830295
1.830629
1.831021
1.830553
1.830604
1.830606
1.831592
1.831550
1.831270
1.831541
1.831459
1.831626
1.831500
1.831876
1.831812
1.832545
1.832087
1.832046
1.831682
1.831648
1.832058
1.832338
1.831692
1.831033
1.831755
1.831090
1.831698
1.831607
1.831526
1.832728
1.832405
1.832354
1.831933
1.832474
1.832114
1.831830
1.832271
1.832047
1.833192
1.832606
1.832183
1.832092
1.832086
1.832500
1.832232
1.832714
1.832224
1.832825
1.832097
1.831673
1.832322
1.831390
1.832238
1.831725
1.831682
1.831489
1.831742
1.831561
1.831042
1.831194
1.830738
1.831836
1.830667
1.830549
1.830149
1.830677
1.830617
1.830408
1.830299
1.829948
1.830880
1.830466
1.829781
1.829745
1.830832
1.829811
1.829383
1.829395
1.829751
1.829994
1.829893
1.829627
1.829292
1.830840
1.830856
1.830891
1.830684
1.830391
1.830943
1.830135
1.830277
1.830365
1.830111
1.830530
1.830114
1.830065
1.829333
1.830058
1.829847
1.829854
1.829630
1.829599
1.830313
1.829532
1.829269
1.828726
1.829982
1.829823
1.829812
1.829707
1.829886
1.830488
1.829619
1.829340
1.829620
1.830644
1.830343
1.830044
1.830828
1.830222
1.830456
1.829671
1.829973
1.830354
1.831034
1.830910
1.830706
1.830712
1.829903
1.829981
1.830621
1.830576
1.829944
1.831415
1.830068
1.827953
1.827057
1.825969
1.827339
1.827834
1.829593
1.829985
1.830087
1.830891
1.829519
1.829259
1.829557
1.830338
1.830130
1.830522
1.831278
1.832337
1.832185
1.831321
1.832318
1.832134
1.833421
1.832946
1.833068
1.832674
1.831939
1.832111
1.832857
1.832335
1.832249
1.833456
1.833426
1.832829
1.831436
1.831113
1.833354
1.833454
1.832734
1.833073
1.833172
1.832846
1.830952
1.831586
1.832374
1.833827
1.833044
1.833147
1.833182
1.832719
1.831161
1.831238
1.832664
1.832830
1.834215
1.833351
1.833197
1.832749
1.830989
1.832663
1.833001
1.833676
1.833545
1.833695
1.833962
1.832956
1.831686
1.832488
1.833601
1.833236
1.833446
1.833054
1.833351
1.832292
1.831749
1.832400
1.832044
1.833239
1.833210
1.833181
1.831923
1.830369
1.830490
1.830258
1.830887
1.830479
1.832018
1.832858
1.831911
1.831964
1.832210
1.832798
1.832634
1.832597
1.832898
1.833462
1.832686
1.832677
1.832070
1.832623
1.833282
1.833172
1.833017
1.832716
1.833258
1.833135
1.832777
1.832860
1.832638
1.833521
1.833102
1.832795
1.832514
1.832856
1.832677
1.832458
1.832579
1.832667
1.833492
1.832906
1.832861
1.832224
1.832982
1.833096
1.832725
1.832885
1.832922
1.833751
1.832693
1.832759
1.833025
1.833625
1.833327
1.833128
1.833500
1.833089
1.833639
1.832899
1.833217
1.833193
1.833469
1.833913
1.833430
1.833333
1.833000
1.833464
1.833373
1.833416
1.831662
1.832187
1.831990
1.831799
1.830992
1.830930
1.831413
1.832445
1.831334
1.832483
1.832914
1.833591
1.832652
1.832861
1.833407
1.832732
1.832781
1.832980
1.833245
1.833104
1.833712
1.833620
1.833529
1.833193
1.833153
1.833640
1.833720
1.833528
1.833398
1.834416
1.833748
1.833294
1.833206
1.833285
1.833740
1.833742
1.833401
1.833381
1.834226
1.833253
1.832740
1.833158
1.833450
1.833905
1.833296
1.833399
1.832997
1.833652
1.832972
1.832981
1.833441
1.833628
1.834135
1.833715
1.833466
1.833043
1.834339
1.833962
1.833937
1.834020
1.834002
1.834452
1.833968
1.833988
1.833982
1.834415
1.834677
1.832982
1.833481
1.831820
1.833619
1.832426
1.833267
1.833071
1.833047
1.834384
1.834404
1.834303
1.834147
1.835089
1.834366
1.833685
1.833733
1.833962
1.834821
1.834300
1.834527
1.834437
1.834979
1.834287
1.833980
1.834300
1.834483
1.835065
1.834674
1.835066
1.834821
1.835245
1.834934
1.834891
1.834881
1.834948
1.836334
1.835856
1.835270
1.834878
1.835699
1.835739
1.835226
1.835012
1.834928
1.836104
1.835001
1.835105
1.835019
1.835482
1.835204
1.834835
1.834839
1.834617
1.835086
1.835043
1.834691
1.834493
1.834704
1.835075
1.834725
1.834456
1.833832
1.835094
1.834605
1.834490
1.834892
1.833884
1.832967
1.833332
1.832239
1.832699
1.832943
1.833538
1.832756
1.832982
1.833985
1.834662
1.833947
1.833710
1.833397
1.833373
1.832774
1.831890
1.833152
1.832986
1.833851
1.832840
1.832801
1.832986
1.833242
1.833107
1.832895
1.832930
1.832340
1.832996
1.832823
1.832638
1.832645
1.832149
1.833002
1.832653
1.832728
1.831969
1.833177
1.832667
1.832162
1.832347
1.832567
1.832988
1.832532
1.832727
1.832358
1.833044
1.832816
1.832229
1.832483
1.832514
1.833056
1.832079
1.832700
1.831921
1.832787
1.832703
1.832157
1.831940
1.831660
1.832607
1.832556
1.830945
1.830301
1.831692
1.831817
1.832237
1.831319
1.830369
1.830784
1.830042
1.830352
1.830827
1.831586
1.831105
1.831950
1.832155
1.832106
1.832733
1.832008
1.832076
1.832781
1.831014
1.832317
1.832327
1.832283
1.831937
1.832790
1.832162
1.832203
1.832122
1.831763
1.832431
1.832135
1.831884
1.831743
1.832474
1.831875
1.831378
1.831299
1.831629
1.832342
1.831716
1.831826
1.831258
1.832386
1.831731
1.831310
1.831722
1.831497
1.832442
1.831802
1.832044
1.831957
1.832342
1.832270
1.832487
1.832326
1.831784
1.832564
1.832672
1.832404
1.832296
1.832269
1.832867
1.830652
1.831614
1.831696
1.832915
1.832004
1.832070
1.832036
1.831789
1.832570
1.830206
1.830593
1.830348
1.830488
1.830787
1.830379
1.830876
1.830974
1.832064
1.831792
1.831691
1.831452
1.832532
1.831825
1.831470
1.831332
1.830065
1.832052
1.832650
1.832494
1.832478
1.832890
1.832846
1.831538
1.832487
1.832186
1.833034
1.832576
1.832376
1.832395
1.832325
1.832331
1.832235
1.832360
1.832213
1.832737
1.832206
1.832315
1.832243
1.832389
1.832832
1.832532
1.832636
1.832364
1.833053
1.832826
1.832725
1.832626
1.831943
1.833457
1.832821
1.832835
1.832650
1.833988
1.833215
1.833077
1.833130
1.833062
1.834192
1.833747
1.833659
1.833382
1.834023
1.833772
1.833919
1.833877
1.833598
1.834188
1.834084
1.834378
1.833240
1.832536
1.832877
1.832321
1.831994
1.831356
1.832491
1.832082
1.833091
1.833485
1.834098
1.834383
1.833785
1.833873
1.833950
1.834490
1.834352
1.834570
1.834435
1.834294
1.834773
1.834940
1.834797
1.834379
1.835129
1.834854
1.834958
1.834614
1.834660
1.835465
1.835048
1.834753
1.834461
1.835474
1.835173
1.834785
1.834925
1.835184
1.835383
1.835061
1.835002
1.834500
1.834584
1.834990
1.834793
1.834834
1.834514
1.835206
1.834903
1.834876
1.834850
1.834816
1.835587
1.834996
1.834768
1.834552
1.835757
1.835174
1.834980
1.835068
1.835110
1.835843
1.835359
1.835482
1.835341
1.836396
1.835510
1.833991
1.833951
1.833611
1.835010
1.833543
1.833575
1.833673
1.834319
1.835099
1.835502
1.835148
1.834760
1.835966
1.835099
1.835150
1.835079
1.835454
1.835226
1.835282
1.834813
1.834065
1.834594
1.834962
1.834702
1.835012
1.835340
1.835578
1.835327
1.835464
1.835139
1.835982
1.835493
1.835513
1.835502
1.835833
1.836547
1.835297
1.835649
1.835482
1.836358
1.835716
1.835585
1.835979
1.835801
1.835819
1.835673
1.836075
1.835297
1.835794
1.835423
1.835514
1.834982
1.835023
1.836124
1.835632
1.835392
1.835089
1.836193
1.835631
1.835402
1.835924
1.834595
1.835993
1.835612
1.835561
1.836079
1.835854
1.835151
1.834726
1.834753
1.834874
1.835964
1.835590
1.835835
1.835624
1.835352
1.835862
1.835289
1.835627
1.835127
1.835930
1.835665
1.835186
1.834961
1.835094
1.835780
1.834865
1.834875
1.834808
1.835599
1.834883
1.834731
1.835065
1.834860
1.835539
1.835365
1.835127
1.834895
1.835194
1.835445
1.835291
1.835232
1.835113
1.835938
1.835349
1.835167
1.835208
1.835523
1.835764
1.835347
1.835613
1.834234
1.835899
1.835470
1.835259
1.835473
1.835368
1.835768
1.835418
1.835147
1.834530
1.835561
1.835335
1.834699
1.834710
1.834738
1.835246
1.834693
1.834416
1.834452
1.835128
1.834887
1.834539
1.834438
1.834714
1.835046
1.834553
1.834838
1.834669
1.835478
1.835107
1.834899
1.834770
1.834586
1.835509
1.835106
1.834962
1.834855
1.835378
1.835134
1.835162
1.834896
1.834727
1.835445
1.834913
1.835064
1.834552
1.834897
1.835219
1.834933
1.834811
1.834480
1.835273
1.834464
1.834472
1.834540
1.834618
1.834765
1.834385
1.834767
1.834295
1.834986
1.834581
1.834663
1.833630
1.833522
1.834962
1.834471
1.834546
1.833995
1.834975
1.834487
1.834638
1.834456
1.834304
1.835042
1.834059
1.834215
1.833909
1.834572
1.834291
1.834160
1.834235
1.833918
1.834154
1.833926
1.831552
1.830764
1.831735
1.831071
1.830370
1.829996
1.831720
1.832851
1.832190
1.833186
1.832278
1.831962
1.832387
1.832175
1.831878
1.831558
1.832940
1.832721
1.832839
1.832947
1.832780
1.833642
1.832550
1.832630
1.832551
1.833450
1.833098
1.832752
1.833020
1.832796
1.832658
1.832158
1.832575
1.832462
1.832790
1.832255
1.832459
1.832707
1.831882
1.831030
1.830695
1.831028
1.832125
1.832616
1.832214
1.832082
1.832362
1.831931
1.833076
1.832405
1.832232
1.832485
1.832259
1.832729
1.832127
1.832676
1.832535
1.833275
1.833001
1.832937
1.833008
1.833277
1.833869
1.833385
1.833904
1.833063
1.834336
1.833499
1.833531
1.833652
1.833550
1.834234
1.833704
1.833658
1.833349
1.834300
1.834477
1.832607
1.833460
1.833342
1.833916
1.833524
1.833696
1.833201
1.833986
1.833807
1.833699
1.833740
1.833494
1.834052
1.833128
1.832814
1.833160
1.833320
1.833567
1.833394
1.833515
1.832600
1.834405
1.833158
1.834498
1.835417
1.835269
1.835817
1.835472
1.835316
1.834976
1.835957
1.835458
1.835223
1.835255
1.835107
1.835741
1.835184
1.835316
1.833870
1.835052
1.834964
1.835184
1.834863
1.834717
1.835288
1.834867
1.834723
1.834533
1.835378
1.835387
1.834541
1.835199
1.835073
1.835433
1.834846
1.834723
1.834859
1.835445
1.835379
1.835051
1.834739
1.834564
1.836023
1.834161
1.834804
1.835160
1.834868
1.833905
1.833114
1.832801
1.832728
1.833162
1.832846
1.833622
1.834506
1.833991
1.834674
1.834213
1.834104
1.834139
1.834819
1.834180
1.833780
1.833893
1.833582
1.834354
1.833982
1.833692
1.833754
1.834150
1.833856
1.833837
1.834121
1.833574
1.834291
1.833807
1.833909
1.833735
1.834449
1.834351
1.833892
1.833833
1.833718
1.834393
1.833768
1.833614
1.833531
1.833791
1.833820
1.833495
1.833463
1.833183
1.834192
1.833298
1.833245
1.832873
1.833256
1.833233
1.833156
1.833153
1.833103
1.833594
1.833607
1.833013
1.833037
1.833017
1.833754
1.833300
1.833386
1.833332
1.834119
1.833733
1.833564
1.833799
1.832514
1.832520
1.831974
1.832153
1.831654
1.832327
1.833591
1.833633
1.833899
1.833567
1.834425
1.833792
1.833446
1.833665
1.834153
1.833971
1.833209
1.833199
1.833227
1.834269
1.833462
1.833506
1.833755
1.834160
1.834165
1.834127
1.834062
1.833737
1.834667
1.834453
1.834211
1.834394
1.834736
1.835110
1.834915
1.834974
1.834480
1.836046
1.835496
1.835413
1.835659
1.835185
1.836217
1.835535
1.835515
1.834939
1.835867
1.835591
1.835537
1.835601
1.835321
1.836162
1.835653
1.835722
1.835309
1.835759
1.835677
1.835436
1.835386
1.835262
1.836301
1.835677
1.835406
1.835548
1.836096
1.835864
1.835998
1.835546
1.834016
1.835317
1.834538
1.834396
1.834599
1.834928
1.834806
1.835566
1.836209
1.836433
1.836874
1.836624
1.836512
1.836302
1.836077
1.836846
1.836289
1.836283
1.835841
1.836940
1.836377
1.836243
1.836131
1.835677
1.836382
1.835907
1.835965
1.835679
1.836113
1.836139
1.835891
1.835691
1.836020
1.836849
1.836157
1.835882
1.835747
1.836280
1.836171
1.836258
1.836322
1.836473
1.836721
1.836346
1.836293
1.836139
1.836046
1.836863
1.836528
1.836531
1.836108
1.837131
1.836357
1.836361
1.835936
1.836161
1.836969
1.836333
1.836131
1.835731
1.836536
1.835833
1.835547
1.835628
1.836082
1.836821
1.836053
1.834725
1.833495
1.834556
1.834107
1.834145
1.833880
1.833440
1.835762
1.835852
1.835972
1.835651
1.836460
1.836628
1.836489
1.836262
1.835721
1.836544
1.836427
1.835989
1.835586
1.836776
1.836989
1.836559
1.836125
1.835842
1.836610
1.835952
1.836025
1.836244
1.836192
1.836789
1.835954
1.835962
1.835344
1.836043
1.836023
1.836256
1.836337
1.836073
1.836169
1.835988
1.835711
1.835181
1.836706
1.835969
1.835476
1.836053
1.836080
1.836448
1.836108
1.835924
1.835718
1.836976
1.836694
1.836271
1.836423
1.836073
1.837203
1.836333
1.836175
1.836466
1.836711
1.836643
1.835926
1.836812
1.834989
1.836084
1.836584
1.835272
1.834133
1.834109
1.834718
1.834347
1.833576
1.834304
1.836275
1.836128
1.835709
1.835849
1.835663
1.836881
1.835095
1.834936
1.835811
1.836752
1.836288
1.836084
1.835892
1.835875
1.836568
1.836108
1.836087
1.836058
1.836957
1.835831
1.836147
1.836033
1.835636
1.836255
1.836116
1.835859
1.835521
1.835985
1.835865
1.835724
1.835423
1.835117
1.835713
1.835786
1.835496
1.835375
1.835639
1.835827
1.835356
1.835388
1.835041
1.836100
1.835588
1.835643
1.834564
1.835179
1.835923
1.835551
1.835578
1.835420
1.836200
1.835769
1.835368
1.835593
1.835214
1.836476
1.836126
1.835448
1.835566
1.836199
1.836166
1.834396
1.833800
1.833659
1.834261
1.834434
1.833155
1.834860
1.836209
1.834804
1.834854
1.835395
1.835009
1.835793
1.835253
1.835088
1.834862
1.835123
1.835392
1.835170
1.835161
1.834900
1.835842
1.835316
1.835393
1.835500
1.835501
1.835964
1.835677
1.835535
1.835521
1.836303
1.835763
1.835535
1.835297
1.835756
1.836263
1.835536
1.835515
1.835319
1.835666
1.835580
1.835624
1.835470
1.835597
1.835802
1.835292
1.835159
1.834732
1.835449
1.835560
1.835465
1.834748
1.835157
1.835673
1.834896
1.835153
1.834962
1.835641
1.835705
1.835349
1.835298
1.835126
1.835905
1.835496
1.835373
1.835582
1.836150
1.834927
1.834333
1.833978
1.833785
1.834618
1.834474
1.834902
1.834302
1.835388
1.836016
1.835464
1.835634
1.835116
1.836085
1.835825
1.835481
1.835278
1.835378
1.835620
1.835186
1.835409
1.835138
1.835818
1.835694
1.835658
1.835510
1.835100
1.835979
1.835711
1.835852
1.835834
1.836358
1.836368
1.836064
1.835984
1.836006
1.836891
1.836452
1.836607
1.836433
1.836618
1.836674
1.836396
1.836648
1.836434
1.837233
1.836590
1.836491
1.836569
1.836362
1.837022
1.836787
1.836704
1.836161
1.836837
1.836663
1.836464
1.836112
1.836137
1.837208
1.836694
1.836454
1.836372
1.836976
1.836635
1.836883
1.837048
1.836267
1.835767
1.835156
1.835105
1.835448
1.835360
1.835718
1.836951
1.837269
1.836900
1.838164
1.837372
1.837385
1.837184
1.837693
1.837860
1.837350
1.837406
1.837072
1.837676
1.837294
1.836913
1.837005
1.837658
1.836959
1.836972
1.837149
1.836787
1.837799
1.837323
1.837340
1.837415
1.836878
1.837805
1.837228
1.837237
1.836752
1.837544
1.837870
1.837508
1.837624
1.837428
1.838261
1.837754
1.837797
1.837751
1.838644
1.838125
1.837629
1.837589
1.837842
1.838293
1.837622
1.837904
1.837715
1.837996
1.837924
1.837723
1.837723
1.837484
1.838089
1.837537
1.837282
1.837190
1.837094
1.837822
1.837328
1.837486
1.837335
1.837328
1.836335
1.835885
1.835878
1.836902
1.836463
1.836909
1.836801
1.836609
1.837201
1.836269
1.836454
1.836756
1.836507
1.837247
1.837215
1.837013
1.836533
1.837269
1.837292
1.836880
1.836562
1.836206
1.837296
1.836504
1.836322
1.836270
1.836999
1.836675
1.835977
1.835812
1.836019
1.836808
1.836053
1.835566
1.836344
1.836038
1.836193
1.835744
1.836119
1.835835
1.836384
1.835799
1.836382
1.836186
1.835827
1.836489
1.836763
1.836194
1.836048
1.837099
1.836683
1.836328
1.836109
1.836137
1.836979
1.836634
1.836007
1.835940
1.837144
1.836238
1.835672
1.835579
1.836113
1.836451
1.835523
1.835445
1.835685
1.835974
1.835429
1.835233
1.835546
1.835219
1.835783
1.835440
1.835660
1.834938
1.835167
1.835640
1.835699
1.834937
1.834749
1.836035
1.835704
1.835363
1.835331
1.836110
1.836100
1.835442
1.835810
1.835623
1.836448
1.835814
1.835677
1.835982
1.835701
1.836330
1.835430
1.835470
1.835312
1.835631
1.835524
1.836121
1.834484
1.835307
1.835744
1.835273
1.834947
1.834660
1.835692
1.835243
1.835327
1.834887
1.834826
1.835361
1.834691
1.835074
1.835002
1.835367
1.835535
1.835409
1.835032
1.834567
1.835988
1.835254
1.835640
1.835381
1.834838
1.835701
1.833228
1.833050
1.831568
1.832331
1.832349
1.831594
1.833429
1.834112
1.833933
1.834244
1.834431
1.833717
1.833807
1.832847
1.832899
1.833560
1.832631
1.834745
1.834767
1.834591
1.834711
1.835244
1.834751
1.834491
1.834322
1.834866
1.834208
1.834265
1.834311
1.834759
1.834980
1.834815
1.834283
1.834554
1.834336
1.835329
1.834946
1.834894
1.834162
1.834878
1.834710
1.834475
1.834740
1.834266
1.835185
1.834639
1.834430
1.834179
1.834014
1.834779
1.833647
1.832834
1.831582
1.833457
1.834313
1.833540
1.833623
1.833754
1.834494
1.834063
1.833901
1.833391
1.834617
1.833712
1.834452
1.834506
1.834318
1.834919
1.834615
1.834379
1.833951
1.834751
1.834476
1.834550
1.834603
1.834665
1.834329
1.834647
1.833282
1.832657
1.833099
1.832641
1.832493
1.832728
1.833841
1.834775
1.834373
1.834165
1.833789
1.834184
1.834497
1.834158
1.834156
1.833674
1.834519
1.834182
1.834092
1.834096
1.834225
1.834521
1.834785
1.832685
1.833715
1.834999
1.834599
1.834667
1.834349
1.833978
1.834888
1.833948
1.834373
1.834362
1.835193
1.834692
1.834249
1.834208
1.834089
1.834422
1.834620
1.834719
1.834342
1.834289
1.834398
1.833948
1.833786
1.833255
1.834324
1.834222
1.834530
1.833678
1.833764
1.834180
1.833527
1.833463
1.833966
1.834546
1.834102
1.833672
1.833338
1.833603
1.834024
1.834411
1.834280
1.832318
1.834046
1.832145
1.831885
1.832123
1.832572
1.832831
1.834036
1.834385
1.832852
1.834359
1.833483
1.833636
1.833543
1.833554
1.834336
1.834115
1.833836
1.832866
1.833705
1.833354
1.833003
1.833477
1.833048
1.834039
1.833318
1.832502
1.832637
1.833277
1.833499
1.833303
1.833100
1.832804
1.833762
1.832715
1.832775
1.832695
1.833274
1.833532
1.833041
1.833195
1.832648
1.833230
1.832795
1.833196
1.832941
1.833121
1.833718
1.832712
1.832557
1.831722
1.832622
1.832207
1.832678
1.832433
1.832151
1.833224
1.832107
1.831169
1.831455
1.832288
1.832094
1.831678
1.831816
1.831869
1.831915
1.831443
1.831811
1.831722
1.832435
1.831190
1.830025
1.830283
1.829789
1.830575
1.830668
1.831071
1.831352
1.830841
1.832575
1.832268
1.832153
1.832127
1.832255
1.832436
1.832163
1.831909
1.831867
1.832430
1.831748
1.831585
1.831943
1.832480
1.831821
1.831563
1.831413
1.831124
1.831697
1.831384
1.831457
1.831361
1.831803
1.831274
1.831330
1.831136
1.830971
1.831878
1.831359
1.831659
1.831262
1.831563
1.831548
1.831526
1.831204
1.831143
1.831968
1.831182
1.831139
1.831304
1.831653
1.832225
1.831471
1.831386
1.831139
1.831840
1.831144
1.831318
1.831350
1.831293
1.831802
1.831365
1.831166
1.830890
1.831799
1.831489
1.829557
1.829583
1.829814
1.829631
1.830031
1.829222
1.829740
1.829681
1.830720
1.831247
1.831146
1.831153
1.831875
1.831353
1.831332
1.831775
1.832640
1.832386
1.832169
1.832656
1.831384
1.832395
1.832471
1.832343
1.832765
1.832846
1.833227
1.833465
1.832621
1.831324
1.832697
1.833484
1.833099
1.833711
1.834354
1.833882
1.832727
1.832505
1.832801
1.834582
1.835057
1.834829
1.834567
1.835104
1.833652
1.832879
1.834099
1.835052
1.835448
1.835962
1.835170
1.835345
1.833449
1.834399
1.834741
1.836258
1.835006
1.835704
1.835653
1.835167
1.832604
1.832799
1.834987
1.835245
1.834802
1.834778
1.834897
1.833376
1.830730
1.831234
1.832228
1.835070
1.834518
1.834064
1.834102
1.832842
1.831147
1.831065
1.832041
1.834127
1.834656
1.834667
1.834106
1.832283
1.830696
1.831786
1.831519
1.834025
1.834419
1.835509
1.834620
1.832623
1.831532
1.832086
1.832972
1.833615
1.835072
1.835096
1.834694
1.833640
1.832228
1.832322
1.832828
1.834859
1.834252
1.833872
1.832786
1.833536
1.832745
1.833797
1.833588
1.833302
1.834608
1.834287
1.833875
1.834319
1.833741
1.833788
1.834301
1.834465
1.834484
1.834463
1.833865
1.833174
1.833735
1.833574
1.834650
1.834865
1.833975
1.834379
1.835700
1.834970
1.835622
1.835480
1.835223
1.836091
1.834689
1.836019
1.835595
1.836813
1.836588
1.836276
1.835428
1.835514
1.836600
1.836594
1.836743
1.836849
1.836617
1.836281
1.835859
1.836388
1.836562
1.837443
1.836916
1.837077
1.837234
1.836537
1.836643
1.837324
1.836579
1.837051
1.838431
1.838141
1.837835
1.837097
1.837969
1.838464
1.838260
1.837980
1.838138
1.839355
1.838648
1.837839
1.838570
1.838591
1.839210
1.838919
1.839124
1.838621
1.839375
1.838949
1.838968
1.838747
1.838737
1.839164
1.838830
1.839013
1.838468
1.839175
1.839001
1.838953
1.838855
1.838722
1.839383
1.839396
1.838914
1.838792
1.839525
1.839586
1.839305
1.839312
1.839287
1.839991
1.839138
1.839498
1.839497
1.839759
1.839697
1.839662
1.839659
1.839586
1.840094
1.839241
1.839283
1.839046
1.839215
1.839533
1.839741
1.839309
1.838962
1.839666
1.838933
1.838194
1.838740
1.838748
1.839380
1.839016
1.838878
1.838324
1.838942
1.838816
1.838575
1.838796
1.838802
1.839297
1.838753
1.838655
1.838718
1.839482
1.839381
1.839182
1.839646
1.838951
1.839536
1.839057
1.839092
1.839385
1.839350
1.839746
1.839379
1.838808
1.838706
1.839086
1.836953
1.836390
1.835914
1.836609
1.836597
1.836308
1.837273
1.836622
1.838289
1.838565
1.837198
1.836809
1.836998
1.838207
1.836730
1.836382
1.836590
1.837437
1.837764
1.837522
1.837880
1.837505
1.838369
1.837950
1.837904
1.837491
1.838291
1.838316
1.838366
1.838093
1.838030
1.838665
1.838247
1.838276
1.837552
1.838366
1.838050
1.837735
1.837342
1.837173
1.838318
1.837551
1.837302
1.837150
1.836619
1.836249
1.836529
1.836601
1.836908
1.837323
1.837221
1.836991
1.836753
1.836817
1.837310
1.836931
1.836808
1.836596
1.837604
1.837440
1.837217
1.836838
1.836954
1.837196
1.837215
1.837119
1.836687
1.837474
1.837312
1.836284
1.836592
1.836508
1.836959
1.836190
1.837183
1.835784
1.836462
1.836165
1.835946
1.835901
1.835784
1.836454
1.835645
1.835842
1.835609
1.836421
1.835882
1.835542
1.835915
1.835794
1.836661
1.836171
1.835874
1.836138
1.835985
1.836653
1.836513
1.836839
1.835980
1.836457
1.835799
1.835615
1.835629
1.835261
1.837182
1.836699
1.836088
1.836225
1.837311
1.836688
1.836645
1.836874
1.836528
1.837257
1.836445
1.836239
1.836495
1.836882
1.836322
1.835949
1.836210
1.835930
1.836727
1.836359
1.835924
1.835826
1.836728
1.836516
1.836392
1.836265
1.835942
1.837028
1.836388
1.836515
1.836556
1.836962
1.837293
1.836609
1.837006
1.836745
1.837192
1.837060
1.837012
1.836844
1.836285
1.837245
1.836719
1.836693
1.836293
1.837161
1.836700
1.835777
1.836316
1.836219
1.836703
1.835567
1.835571
1.835288
1.833969
1.832842
1.832578
1.832685
1.832198
1.833763
1.834412
1.834321
1.834561
1.834494
1.834817
1.834210
1.833914
1.834150
1.833522
1.834687
1.835679
1.835438
1.835960
1.836035
1.836004
1.836087
1.835682
1.836075
1.835894
1.835958
1.836287
1.836310
1.836741
1.836765
1.836438
1.836044
1.837267
1.836948
1.836820
1.837392
1.835607
1.837372
1.835991
1.836613
1.836514
1.837807
1.837783
1.837551
1.837608
1.837267
1.837783
1.837382
1.837501
1.837321
1.838274
1.838517
1.838356
1.837845
1.837881
1.838685
1.838165
1.838174
1.838223
1.838469
1.838602
1.837839
1.838027
1.837705
1.838676
1.838380
1.838092
1.838079
1.838186
1.838045
1.837734
1.837665
1.837662
1.838068
1.837376
1.838031
1.836065
1.835625
1.836090
1.835595
1.835958
1.835469
1.836945
1.837137
1.837057
1.838069
1.836166
1.838046
1.837754
1.837806
1.837573
1.838279
1.837759
1.837483
1.837245
1.837857
1.839041
1.837996
1.837607
1.837521
1.838132
1.838023
1.837744
1.837838
1.837479
1.838024
1.838073
1.837687
1.837869
1.837741
1.837838
1.837198
1.837422
1.837010
1.838074
1.837376
1.837189
1.837502
1.837372
1.838043
1.837521
1.837128
1.837030
1.837785
1.836894
1.837363
1.837481
1.837639
1.838053
1.837347
1.837532
1.837045
1.837797
1.837748
1.837384
1.837622
1.835911
1.838228
1.836394
1.836646
1.836628
1.837346
1.837719
1.836118
1.835096
1.835135
1.835033
1.834146
1.834959
1.833809
1.835682
1.836544
1.835946
1.835523
1.835159
1.835945
1.835586
1.835467
1.835245
1.835432
1.835886
1.834971
1.835232
1.834842
1.835701
1.835459
1.835604
1.835629
1.835133
1.835791
1.835635
1.835147
1.835197
1.836367
1.835631
1.835944
1.834949
1.835201
1.836360
1.835014
1.835562
1.835575
1.836209
1.835768
1.835425
1.835470
1.835033
1.836298
1.835717
1.835694
1.835579
1.836054
1.836028
1.835476
1.835486
1.835456
1.836628
1.835930
1.835644
1.835799
1.836118
1.836045
1.835588
1.835344
1.835682
1.836407
1.836205
1.835845
1.835824
1.835901
1.835895
1.834216
1.834348
1.833745
1.834325
1.833792
1.833565
1.834944
1.835164
1.836181
1.835502
1.835417
1.834826
1.835127
1.834493
1.834537
1.834539
1.834535
1.835421
1.834455
1.834580
1.833503
1.834090
1.832935
1.833662
1.834960
1.834102
1.835222
1.834552
1.834874
1.834519
1.834790
1.835373
1.835051
1.834731
1.834700
1.835551
1.835086
1.835117
1.835433
1.835565
1.835623
1.834801
1.834716
1.834477
1.835712
1.834742
1.834710
1.834672
1.834581
1.835049
1.834609
1.834154
1.834021
1.835017
1.835362
1.835075
1.834936
1.834621
1.835612
1.835102
1.835057
1.835177
1.836145
1.835746
1.836023
1.835498
1.835583
1.836177
1.834502
1.834399
1.834472
1.834555
1.834179
1.833749
1.835833
1.834635
1.836426
1.836028
1.836085
1.835902
1.835364
1.835712
1.835276
1.835106
1.834821
1.836123
1.835067
1.834611
1.833693
1.834326
1.834623
1.834521
1.834638
1.834374
1.835307
1.834303
1.833487
1.834099
1.834415
1.834829
1.834909
1.835547
1.835193
1.834633
1.834621
1.834525
1.835340
1.835375
1.836557
1.836065
1.835709
1.834584
1.835438
1.834649
1.835567
1.836056
1.835898
1.836401
1.835511
1.834470
1.834692
1.834847
1.835915
1.835484
1.835406
1.835307
1.835158
1.834006
1.834186
1.834628
1.835204
1.835827
1.835466
1.835063
1.834840
1.834550
1.832369
1.833717
1.833779
1.834353
1.834273
1.834742
1.832880
1.833712
1.835052
1.835530
1.835756
1.835870
1.836156
1.836501
1.833703
1.834677
1.834045
1.835735
1.836157
1.835941
1.835420
1.834123
1.835120
1.833817
1.834285
1.835363
1.835220
1.835204
1.833834
1.833023
1.834432
1.834291
1.835008
1.835489
1.835769
1.835504
1.835142
1.834163
1.834815
1.833525
1.835815
1.835870
1.835539
1.835091
1.834036
1.835161
1.834345
1.834404
1.835147
1.836208
1.835885
1.834948
1.834270
1.834469
1.834793
1.834780
1.835396
1.835517
1.835946
1.834561
1.833943
1.834453
1.833716
1.835317
1.835057
1.835241
1.834945
1.832391
1.832113
1.832662
1.832297
1.832937
1.833574
1.833779
1.834577
1.833260
1.833950
1.835054
1.834406
1.835502
1.835579
1.836566
1.834704
1.834144
1.834890
1.835278
1.835290
1.835938
1.836246
1.835425
1.835588
1.834443
1.835370
1.835600
1.834705
1.836265
1.836361
1.835989
1.835096
1.835518
1.835238
1.834996
1.834736
1.835259
1.836253
1.835529
1.835081
1.834764
1.835651
1.835308
1.835115
1.835189
1.835513
1.836598
1.835024
1.835166
1.835313
1.835835
1.835923
1.835541
1.835777
1.835829
1.836305
1.835773
1.835976
1.835732
1.835666
1.836138
1.835822
1.835608
1.835269
1.836137
1.835929
1.835401
1.835144
1.833715
1.834348
1.833802
1.833345
1.832340
1.833752
1.834309
1.834546
1.835036
1.834953
1.835655
1.834940
1.834705
1.834965
1.835093
1.834959
1.834558
1.835405
1.835265
1.835639
1.835191
1.835075
1.835086
1.835139
1.835538
1.835804
1.835233
1.835011
1.836097
1.834959
1.834907
1.835000
1.835200
1.835604
1.834792
1.835283
1.834956
1.835239
1.834611
1.834881
1.834878
1.834509
1.835180
1.834521
1.834669
1.834019
1.834882
1.834761
1.834689
1.834574
1.834300
1.835098
1.834613
1.834916
1.833832
1.833987
1.834821
1.834837
1.834668
1.834680
1.835397
1.834849
1.835064
1.835473
1.835575
1.835657
1.835249
1.833633
1.832999
1.833611
1.833361
1.833839
1.832705
1.834238
1.835530
1.834766
1.834552
1.834276
1.835451
1.834335
1.834787
1.834567
1.834756
1.835133
1.834467
1.834661
1.834667
1.835488
1.834621
1.834511
1.834466
1.834229
1.834992
1.835107
1.834919
1.834770
1.835266
1.835278
1.834826
1.834461
1.834356
1.835442
1.835306
1.834847
1.834657
1.835439
1.834546
1.834205
1.834453
1.834767
1.835269
1.834695
1.834899
1.834396
1.834068
1.834095
1.834266
1.834146
1.833954
1.834457
1.834068
1.833977
1.833796
1.833957
1.834552
1.833939
1.834439
1.833912
1.835067
1.833939
1.833879
1.834126
1.834861
1.834790
1.834472
1.833699
1.833013
1.833602
1.833481
1.833499
1.833901
1.833795
1.834899
1.834202
1.833718
1.833120
1.833748
1.834254
1.833865
1.833562
1.833040
1.834313
1.833464
1.832823
1.832666
1.833437
1.833765
1.833780
1.833232
1.833086
1.833843
1.833113
1.833172
1.833661
1.833833
1.833806
1.833869
1.833779
1.833331
1.834088
1.833829
1.834328
1.834477
1.834000
1.834506
1.833995
1.834051
1.833597
1.834955
1.833995
1.833956
1.833915
1.834238
1.834736
1.834444
1.833786
1.833808
1.835102
1.834576
1.834466
1.834443
1.833745
1.834723
1.834108
1.834406
1.834361
1.835018
1.834892
1.834814
1.834568
1.834138
1.835147
1.835332
1.835153
1.835551
1.835698
1.835815
1.835440
1.835392
1.835806
1.836594
1.835754
1.836057
1.836637
1.836199
1.836572
1.836167
1.836652
1.836464
1.837376
1.836377
1.836670
1.836319
1.836150
1.837272
1.836753
1.836480
1.836026
1.837125
1.836460
1.835976
1.835890
1.836432
1.837165
1.836728
1.836634
1.836406
1.836924
1.836823
1.836383
1.836788
1.836848
1.837806
1.837193
1.837536
1.836743
1.837444
1.837534
1.837484
1.837378
1.837105
1.838334
1.837825
1.837615
1.836440
1.837280
1.837677
1.837311
1.837301
1.837096
1.838184
1.837432
1.837100
1.837155
1.837556
1.836976
1.835424
1.834598
1.833448
1.833932
1.833847
1.835052
1.836137
1.835883
1.837442
1.837112
1.836252
1.835853
1.836774
1.836280
1.837017
1.837661
1.837511
1.837506
1.837184
1.837307
1.837270
1.838070
1.837713
1.837597
1.838084
1.837744
1.837908
1.837035
1.837338
1.837322
1.837415
1.837520
1.837332
1.836875
1.836610
1.837630
1.837075
1.837016
1.835734
1.836957
1.836224
1.834815
1.834896
1.835626
1.836028
1.835519
1.835654
1.835173
1.835178
1.835792
1.835396
1.835563
1.835492
1.836247
1.835588
1.836031
1.835815
1.835727
1.837047
1.837050
1.837127
1.837023
1.837645
1.836717
1.836792
1.836773
1.836631
1.837457
1.836379
1.836015
1.835912
1.836271
1.835978
1.835185
1.836759
1.836805
1.838123
1.838221
1.836654
1.835709
1.835673
1.836225
1.835999
1.836383
1.836537
1.838433
1.837684
1.838503
1.836531
1.837055
1.838459
1.838040
1.838201
1.837688
1.838439
1.838276
1.837947
1.838154
1.838366
1.839043
1.838068
1.837782
1.838363
1.838511
1.838035
1.837910
1.838033
1.837749
1.838697
1.837701
1.837659
1.837125
1.838061
1.837245
1.837576
1.837502
1.837208
1.838251
1.837837
1.837277
1.837437
1.837599
1.837967
1.837609
1.837764
1.837302
1.838623
1.837772
1.837574
1.838042
1.837465
1.838346
1.837602
1.837960
1.837907
1.838310
1.838268
1.838522
1.836776
1.837747
1.838419
1.837502
1.837373
1.837547
1.838565
1.837022
1.836162
1.836561
1.835638
1.837555
1.836858
1.837126
1.837213
1.837627
1.837664
1.837012
1.837081
1.836801
1.837602
1.837314
1.837364
1.837088
1.837754
1.837022
1.837214
1.837611
1.836926
1.838036
1.837898
1.837525
1.837277
1.837526
1.837941
1.837829
1.837568
1.837229
1.838122
1.837801
1.837274
1.837790
1.837113
1.837702
1.837481
1.837454
1.837102
1.837853
1.837212
1.837242
1.836105
1.836699
1.837800
1.837415
1.837158
1.836736
1.837472
1.837193
1.836867
1.836866
1.837024
1.837990
1.836956
1.837206
1.837308
1.837254
1.837440
1.837419
1.837378
1.837184
1.837665
1.837660
1.837262
1.837149
1.837568
1.838189
1.836632
1.835539
1.835139
1.835554
1.835235
1.835316
1.835402
1.835678
1.836744
1.836926
1.836793
1.836687
1.837321
1.836690
1.836566
1.837022
1.836624
1.836911
1.836537
1.836819
1.836146
1.837154
1.837274
1.836827
1.836678
1.836454
1.837901
1.836876
1.836477
1.836826
1.837474
1.837170
1.836663
1.837155
1.836980
1.837764
1.837065
1.837421
1.837171
1.836912
1.836761
1.836995
1.836857
1.836130
1.837316
1.836850
1.836426
1.835887
1.836304
1.836771
1.836223
1.836051
1.835878
1.836811
1.836605
1.836055
1.836209
1.836278
1.836222
1.835835
1.836045
1.835790
1.836985
1.836379
1.836473
1.836509
1.835957
1.836739
1.835892
1.834776
1.834307
1.834137
1.834778
1.835435
1.833865
1.835359
1.836539
1.835855
1.835963
1.835462
1.835991
1.836225
1.835736
1.835298
1.835718
1.836272
1.835173
1.835061
1.835589
1.835536
1.835556
1.835305
1.835688
1.835034
1.835867
1.835566
1.835629
1.835607
1.835548
1.836123
1.836017
1.835880
1.835287
1.836379
1.836022
1.835707
1.835544
1.835885
1.836535
1.835998
1.835649
1.835475
1.836457
1.836103
1.835443
1.835447
1.835611
1.835998
1.835222
1.835415
1.835300
1.835027
1.835384
1.835214
1.835233
1.835096
1.835636
1.835291
1.835310
1.834933
1.834645
1.835506
1.835111
1.834825
1.834744
1.836337
1.834127
1.833369
1.833559
1.832947
1.834124
1.833392
1.833692
1.835102
1.836094
1.835052
1.834472
1.835140
1.835539
1.834933
1.835077
1.835084
1.834882
1.834977
1.834545
1.834706
1.834752
1.834412
1.835227
1.834655
1.834393
1.833416
1.833944
1.834700
1.834360
1.834502
1.834505
1.835274
1.834286
1.833926
1.834269
1.834686
1.834864
1.834541
1.834165
1.834642
1.835107
1.833640
1.834268
1.834860
1.835012
1.835222
1.834931
1.834759
1.834178
1.834480
1.835192
1.834862
1.834672
1.834581
1.834930
1.834273
1.833459
1.833379
1.834804
1.834230
1.834030
1.833754
1.833512
1.833590
1.832243
1.831305
1.832294
1.832466
1.831312
1.832451
1.832659
1.832274
1.832588
1.833049
1.833081
1.832383
1.832997
1.833073
1.832188
1.831909
1.832048
1.833645
1.831803
1.832204
1.832250
1.832204
1.831928
1.831713
1.830744
1.831947
1.832522
1.831782
1.831667
1.830995
1.830481
1.831055
1.830833
1.830916
1.830549
1.830880
1.830351
1.830086
1.829873
1.829693
1.830469
1.830311
1.830112
1.829637
1.830271
1.829733
1.829616
1.829813
1.830296
1.830142
1.829888
1.829998
1.829700
1.830220
1.829701
1.829672
1.829993
1.829953
1.830836
1.829836
1.829774
1.829311
1.829063
1.830176
1.829878
1.829471
1.829215
1.830114
1.829647
1.829154
1.827275
1.828334
1.827378
1.827555
1.826828
1.827399
1.827826
1.827434
1.828309
1.829026
1.828724
1.829377
1.828955
1.828928
1.828501
1.829038
1.828750
1.829453
1.829663
1.829219
1.829987
1.829429
1.829216
1.828868
1.829601
1.829498
1.829886
1.829683
1.829746
1.829958
1.828644
1.828545
1.829574
1.829706
1.830336
1.830062
1.830002
1.829619
1.829268
1.829135
1.829224
1.829945
1.830174
1.830588
1.830213
1.829951
1.828730
1.830277
1.830009
1.830569
1.830667
1.830569
1.831640
1.830655
1.829233
1.830320
1.831418
1.831627
1.831243
1.831372
1.831148
1.830971
1.830192
1.831605
1.831095
1.832724
1.831189
1.829961
1.830660
1.828019
1.830648
1.830066
1.830320
1.830525
1.830963
1.832009
1.831810
1.830242
1.831492
1.832772
1.832137
1.831733
1.831436
1.831875
1.831617
1.830896
1.832374
1.832442
1.832750
1.832111
1.831881
1.832476
1.831476
1.832864
1.833138
1.833705
1.832560
1.833156
1.832782
1.832911
1.831452
1.833197
1.834317
1.833794
1.833063
1.832896
1.833569
1.833240
1.832196
1.833717
1.833574
1.834430
1.833246
1.832952
1.832883
1.833333
1.832581
1.833088
1.833611
1.832838
1.834095
1.833349
1.833425
1.833165
1.833034
1.834123
1.833774
1.833805
1.833267
1.834129
1.834191
1.833574
1.833520
1.833173
1.832914
1.832091
1.832294
1.832370
1.833833
1.832744
1.833176
1.834421
1.834660
1.834760
1.834121
1.833956
1.833785
1.833917
1.833863
1.834313
1.833819
1.833225
1.833931
1.833948
1.833336
1.832930
1.834003
1.834070
1.833418
1.833271
1.833494
1.834089
1.833414
1.833072
1.833621
1.834125
1.833883
1.833732
1.833469
1.833889
1.833974
1.833627
1.833811
1.833930
1.833886
1.834252
1.833941
1.833730
1.833550
1.833715
1.833732
1.833895
1.833743
1.833276
1.834016
1.833680
1.833357
1.833290
1.834189
1.833550
1.833102
1.832939
1.833484
1.833649
1.833178
1.833363
1.833260
1.833645
1.833577
1.833277
1.833216
1.833223
1.833791
1.833891
1.832122
1.832727
1.832826
1.832637
1.833002
1.832841
1.833066
1.833825
1.833676
1.833060
1.832845
1.833204
1.833659
1.833253
1.832915
1.833029
1.833972
1.833329
1.833191
1.833342
1.833019
1.833357
1.833159
1.833113
1.832880
1.833467
1.832780
1.832991
1.833135
1.832811
1.833520
1.833508
1.833277
1.833132
1.833405
1.833697
1.833428
1.833392
1.833448
1.834367
1.833749
1.833379
1.833199
1.834289
1.833999
1.833725
1.833959
1.834147
1.834590
1.834115
1.833526
1.833725
1.834291
1.834313
1.833754
1.834199
1.833737
1.834502
1.833835
1.833634
1.833465
1.833481
1.834047
1.833985
1.834242
1.833329
1.834047
1.834359
1.833695
1.833879
1.833864
1.834537
1.833867
1.834037
1.833904
1.834806
1.834332
1.834234
1.834437
1.834821
1.834367
1.834070
1.834744
1.834355
1.835136
1.835100
1.835091
1.835108
1.834409
1.835177
1.834750
1.834539
1.834453
1.835114
1.835040
1.834799
1.834263
1.833883
1.835161
1.834426
1.833939
1.833940
1.834450
1.834538
1.834034
1.834327
1.834177
1.834652
1.834228
1.834582
1.834471
1.834472
1.834925
1.834980
1.834630
1.834233
1.835082
1.835244
1.834932
1.834825
1.834411
1.834779
1.834853
1.834561
1.835123
1.834939
1.835073
1.834458
1.834669
1.835198
1.833562
1.832315
1.832308
1.832114
1.831850
1.832033
1.833540
1.833606
1.832979
1.834719
1.833994
1.834325
1.834314
1.834174
1.835633
1.835319
1.835288
1.835088
1.836554
1.836290
1.834727
1.835418
1.835833
1.836122
1.835856
1.835954
1.835678
1.836646
1.835939
1.836112
1.836594
1.835943
1.836120
1.835940
1.836300
1.835012
1.836129
1.836327
1.835889
1.835879
1.835936
1.836355
1.836049
1.835634
1.835887
1.835083
1.835494
1.835283
1.835955
1.835268
1.836422
1.835408
1.835322
1.835657
1.835709
1.835816
1.835661
1.835704
1.835949
1.836281
1.836030
1.836012
1.835607
1.835776
1.836540
1.836190
1.835973
1.835509
1.836697
1.836427
1.835141
1.835659
1.835623
1.836278
1.835781
1.835515
1.835414
1.836436
1.835942
1.834229
1.834050
1.833706
1.833704
1.834209
1.834075
1.834009
1.835724
1.835977
1.835708
1.835572
1.835504
1.836178
1.835759
1.835642
1.835872
1.834909
1.836015
1.835643
1.835527
1.835706
1.836140
1.835927
1.835920
1.835737
1.836163
1.836459
1.835940
1.835812
1.835250
1.836179
1.835991
1.835930
1.835572
1.835330
1.836185
1.835887
1.835544
1.834968
1.835962
1.836074
1.834370
1.835106
1.835395
1.835849
1.835473
1.835249
1.835544
1.835865
1.835398
1.835176
1.835368
1.835521
1.836026
1.835537
1.835928
1.835611
1.835825
1.835926
1.836033
1.835854
1.835585
1.836681
1.835898
1.835793
1.836034
1.835391
1.834229
1.833771
1.833951
1.833252
1.834777
1.834003
1.835266
1.835330
1.835243
1.835672
1.835108
1.834912
1.834785
1.835743
1.835350
1.835032
1.835370
1.835182
1.835622
1.835512
1.835260
1.834792
1.836270
1.835856
1.835187
1.835406
1.835629
1.836388
1.835619
1.835437
1.835838
1.836100
1.836009
1.835896
1.835917
1.835694
1.836167
1.836163
1.836044
1.835253
1.835734
1.835797
1.835805
1.835331
1.835039
1.835993
1.835297
1.835084
1.834884
1.835221
1.835406
1.835047
1.834777
1.834986
1.835507
1.835082
1.835022
1.835221
1.834834
1.835284
1.835391
1.835260
1.834983
1.835886
1.835532
1.835197
1.835479
1.835510
1.835175
1.833763
1.833156
1.833706
1.834143
1.833069
1.834103
1.835019
1.835127
1.835548
1.835071
1.835113
1.834779
1.835337
1.835057
1.834536
1.834946
1.834620
1.835135
1.834779
1.834568
1.834654
1.834357
1.835117
1.834509
1.834418
1.834304
1.835430
1.834868
1.834640
1.834646
1.834846
1.835451
1.835127
1.835314
1.834798
1.835660
1.835073
1.834943
1.835614
1.835142
1.835886
1.835645
1.835233
1.834248
1.835237
1.834818
1.834950
1.834723
1.834707
1.835604
1.835017
1.834525
1.833943
1.834734
1.834940
1.834251
1.834361
1.834241
1.835011
1.834341
1.834310
1.834403
1.834576
1.834651
1.834615
1.835108
1.833853
1.833029
1.833860
1.833837
1.833130
1.834807
1.835012
1.834890
1.834644
1.834323
1.835139
1.834981
1.834396
1.834844
1.833962
1.835187
1.834936
1.834399
1.834338
1.835240
1.834965
1.834396
1.834396
1.834251
1.834534
1.834047
1.833977
1.834034
1.834791
1.834530
1.834207
1.834472
1.833716
1.834797
1.834481
1.834531
1.834381
1.834587
1.835330
1.834362
1.834324
1.834734
1.835479
1.834899
1.834656
1.834613
1.835293
1.835231
1.834665
1.835067
1.835089
1.835451
1.834093
1.833788
1.834103
1.833865
1.834026
1.834288
1.834008
1.833404
1.833710
1.833204
1.832858
1.832182
1.831503
1.833399
1.832368
1.832194
1.832075
1.832715
1.832508
1.832187
1.832187
1.831794
1.832463
1.832746
1.832845
1.832699
1.833028
1.832671
1.833138
1.832902
1.832263
1.833671
1.833202
1.832562
1.833022
1.832717
1.833189
1.832507
1.833120
1.832154
1.834809
1.833160
1.832966
1.832948
1.832739
1.833449
1.832436
1.832098
1.832474
1.832724
1.832252
1.832147
1.831815
1.833665
1.833546
1.833698
1.834022
1.832469
1.833883
1.834059
1.834369
1.834566
1.832564
1.833522
1.834511
1.833988
1.834010
1.834462
1.833870
1.833630
1.833224
1.833241
1.834112
1.833960
1.833575
1.833593
1.834256
1.833809
1.833346
1.833572
1.833431
1.834182
1.833634
1.833460
1.833599
1.833424
1.833647
1.832660
1.832862
1.832875
1.833992
1.833239
1.833586
1.833411
1.833095
1.833735
1.833494
1.833432
1.833522
1.833471
1.833929
1.833671
1.833375
1.833512
1.833825
1.833627
1.833809
1.833366
1.834340
1.833713
1.833470
1.833282
1.833151
1.834052
1.833762
1.833568
1.833137
1.833910
1.833497
1.833430
1.833070
1.832915
1.833945
1.833321
1.833164
1.832871
1.833089
1.833904
1.833383
1.833194
1.832930
1.833858
1.833476
1.833111
1.833102
1.833284
1.834348
1.833417
1.833721
1.833273
1.833701
1.833391
1.833456
1.833614
1.833384
1.834140
1.833848
1.834264
1.833696
1.834031
1.833646
1.833616
1.833465
1.833642
1.834006
1.833603
1.833267
1.833056
1.833650
1.833133
1.833161
1.833426
1.832776
1.833782
1.832856
1.832553
1.832739
1.833459
1.833141
1.833228
1.833243
1.832905
1.833732
1.833166
1.833276
1.832803
1.833330
1.833636
1.833615
1.833404
1.833317
1.833892
1.833662
1.833686
1.833398
1.833679
1.834276
1.833604
1.833137
1.832857
1.833994
1.833534
1.833324
1.833344
1.833099
1.833594
1.832612
1.832629
1.832144
1.831570
1.830124
1.829836
1.829745
1.828972
1.830933
1.831807
1.832430
1.832126
1.832411
1.833259
1.831594
1.831433
1.831341
1.832819
1.831800
1.831406
1.831366
1.831933
1.832331
1.832585
1.832532
1.832365
1.833404
1.833078
1.832297
1.832418
1.832305
1.832506
1.832436
1.832069
1.831990
1.832682
1.832404
1.832007
1.831384
1.831434
1.832262
1.831439
1.831618
1.831551
1.832518
1.832602
1.831424
1.831378
1.831208
1.832638
1.831754
1.831866
1.832015
1.831678
1.831084
1.831737
1.831774
1.832175
1.832570
1.831977
1.832083
1.832072
1.832119
1.832222
1.832192
1.832122
1.831641
1.832143
1.832024
1.831747
1.831705
1.831531
1.832414
1.831736
1.831789
1.831291
1.831984
1.831609
1.831043
1.831216
1.830618
1.831779
1.831493
1.831162
1.830875
1.831573
1.831619
1.831285
1.831385
1.831580
1.832290
1.831155
1.831561
1.831048
1.831605
1.831499
1.831409
1.831327
1.831572
1.832252
1.831518
1.831646
1.831464
1.831772
1.831623
1.831735
1.831169
1.830764
1.831719
1.831052
1.830447
1.831510
1.831810
1.832284
1.831680
1.832112
1.830501
1.831747
1.831539
1.831561
1.831698
1.831361
1.832111
1.831558
1.831458
1.831289
1.832049
1.831595
1.831722
1.832104
1.831480
1.832205
1.831802
1.831684
1.831136
1.832185
1.832109
1.831727
1.831529
1.831514
1.832378
1.831558
1.831201
1.830960
1.832008
1.831900
1.831468
1.831242
1.831446
1.831828
1.831128
1.831073
1.831208
1.831326
1.831452
1.831312
1.831345
1.830683
1.830983
1.831411
1.829548
1.828222
1.828532
1.828935
1.828516
1.828697
1.829473
1.830572
1.830291
1.830564
1.830367
1.831374
1.830976
1.830103
1.831826
1.831880
1.832867
1.832365
1.831782
1.831971
1.831771
1.832522
1.831563
1.831883
1.831711
1.832060
1.831706
1.831591
1.831352
1.831104
1.832196
1.830605
1.830807
1.831328
1.831465
1.831568
1.831331
1.831115
1.830863
1.831563
1.831166
1.831464
1.831422
1.831008
1.831465
1.831453
1.831216
1.831428
1.832012
1.831756
1.831611
1.831778
1.831722
1.832017
1.831527
1.832136
1.830093
1.832139
1.831717
1.830429
1.830875
1.831390
1.831912
1.831219
1.831501
1.830943
1.831634
1.831304
1.830782
1.831043
1.830792
1.831576
1.831476
1.831165
1.831220
1.831709
1.831213
1.831316
1.831387
1.829678
1.830980
1.830505
1.830525
1.830636
1.831831
1.831849
1.831358
1.831463
1.831484
1.832657
1.832321
1.832070
1.831933
1.831447
1.831754
1.831729
1.831911
1.831442
1.832423
1.831810
1.831846
1.831201
1.831009
1.831850
1.831531
1.831868
1.830767
1.831638
1.831473
1.831030
1.831315
1.831304
1.832368
1.831312
1.831464
1.831801
1.831926
1.831600
1.831517
1.832316
1.831720
1.832218
1.831974
1.831857
1.831451
1.831955
1.832110
1.832048
1.832085
1.831586
1.832588
1.831722
1.831611
1.831372
1.831504
1.832109
1.831722
1.831868
1.831591
1.832225
1.831511
1.831226
1.831205
1.831145
1.831935
1.831274
1.831456
1.831618
1.830747
1.830175
1.830326
1.830332
1.829972
1.832198
1.831845
1.832210
1.831122
1.831807
1.831476
1.831349
1.832187
1.831899
1.832381
1.831834
1.831752
1.831256
1.831954
1.832322
1.831961
1.831594
1.831623
1.832051
1.831113
1.830828
1.831244
1.831537
1.831744
1.831166
1.830934
1.830946
1.831268
1.830040
1.830581
1.830866
1.831087
1.831400
1.830812
1.830729
1.829892
1.830363
1.830506
1.831079
1.831111
1.830989
1.831456
1.830850
1.830288
1.829528
1.831515
1.831383
1.831057
1.830958
1.830738
1.831769
1.829586
1.829636
1.830507
1.831158
1.831498
1.831133
1.830792
1.830332
1.829956
1.829663
1.828954
1.829579
1.829562
1.829127
1.830151
1.830004
1.828616
1.830087
1.830203
1.830564
1.829892
1.830212
1.830626
1.829721
1.828980
1.829652
1.830897
1.830207
1.829519
1.829714
1.830181
1.830364
1.828783
1.829309
1.829585
1.830321
1.829670
1.829457
1.829799
1.828749
1.829324
1.829076
1.828917
1.828513
1.828668
1.828826
1.828685
1.827838
1.827371
1.828016
1.827859
1.827708
1.827465
1.827623
1.827561
1.826996
1.826963
1.826693
1.827760
1.827383
1.827052
1.827218
1.827241
1.827397
1.827083
1.826525
1.826915
1.828132
1.827527
1.827434
1.827263
1.827216
1.827890
1.827629
1.827807
1.827472
1.828362
1.828519
1.827236
1.825841
1.826327
1.827011
1.826699
1.828182
1.827962
1.828461
1.827998
1.827499
1.827271
1.827340
1.828675
1.828069
1.828084
1.828209
1.828302
1.827906
1.827869
1.828079
1.828423
1.829320
1.828832
1.828870
1.828557
1.828443
1.829087
1.828761
1.828873
1.829177
1.829920
1.829362
1.828719
1.829078
1.829211
1.829473
1.829388
1.829324
1.829505
1.830183
1.829289
1.829104
1.829036
1.829278
1.830074
1.829053
1.828983
1.829069
1.829686
1.829056
1.829106
1.829497
1.829267
1.830081
1.829095
1.829491
1.829534
1.830166
1.830124
1.829930
1.830269
1.829770
1.829925
1.830136
1.830678
1.830897
1.829107
1.829782
1.830065
1.829432
1.828932
1.831084
1.830947
1.830994
1.830487
1.830969
1.830990
1.830931
1.830757
1.830230
1.831704
1.831263
1.830928
1.830779
1.830900
1.831628
1.831119
1.831645
1.831166
1.831987
1.831790
1.831436
1.831703
1.831898
1.832759
1.832256
1.832264
1.832348
1.832732
1.832364
1.832516
1.833376
1.833453
1.833920
1.833234
1.833204
1.831608
1.832791
1.834000
1.834297
1.834497
1.833976
1.834121
1.833429
1.832586
1.832676
1.833857
1.834860
1.834489
1.834102
1.833633
1.833603
1.832808
1.833173
1.833120
1.834050
1.834589
1.833860
1.833475
1.832757
1.833285
1.833299
1.832973
1.834065
1.834263
1.833159
1.832184
1.831701
1.831594
1.832638
1.833432
1.833891
1.834078
1.833926
1.834000
1.833098
1.833124
1.833158
1.833779
1.833618
1.833874
1.833821
1.833485
1.832444
1.832458
1.833050
1.832733
1.833325
1.833556
1.832923
1.832590
1.832013
1.832802
1.832718
1.832400
1.833014
1.833291
1.833727
1.833172
1.832341
1.832404
1.833394
1.833312
1.833618
1.833102
1.833330
1.833863
1.833044
1.832901
1.832898
1.833894
1.833754
1.833791
1.833824
1.833695
1.833948
1.833078
1.833504
1.832954
1.833637
1.833940
1.833524
1.833373
1.832703
1.833496
1.833001
1.832777
1.833113
1.834026
1.832864
1.832365
1.830790
1.831300
1.832736
1.831428
1.833079
1.833434
1.833692
1.833677
1.832787
1.833212
1.832986
1.834010
1.834024
1.833834
1.833856
1.833456
1.833540
1.833546
1.833438
1.833630
1.834606
1.834251
1.834021
1.832782
1.832874
1.833771
1.833209
1.833880
1.833765
1.834488
1.833965
1.833019
1.832726
1.832937
1.833797
1.833741
1.834009
1.833640
1.833637
1.833521
1.833877
1.833298
1.833221
1.834773
1.834126
1.833958
1.833879
1.833516
1.833771
1.833731
1.833973
1.833810
1.834835
1.833867
1.833583
1.833910
1.833603
1.834496
1.834420
1.834216
1.833614
1.834385
1.833577
1.833499
1.833265
1.833493
1.834569
1.834125
1.833596
1.830983
1.832449
1.832755
1.832331
1.833397
1.834242
1.834407
1.833886
1.833903
1.833507
1.833900
1.834311
1.834316
1.834399
1.834170
1.834739
1.834156
1.834466
1.834229
1.834908
1.835374
1.834854
1.835095
1.834580
1.835251
1.834543
1.834267
1.834844
1.835226
1.835524
1.834703
1.834596
1.834251
1.835046
1.834854
1.834618
1.835040
1.834679
1.835105
1.834725
1.834087
1.833990
1.834800
1.834955
1.834815
1.834743
1.834791
1.834973
1.834435
1.834455
1.834514
1.835373
1.835230
1.834883
1.834800
1.834632
1.835372
1.834939
1.835253
1.835156
1.835566
1.835527
1.835183
1.834701
1.835101
1.836294
1.835361
1.835780
1.835024
1.834106
1.834245
1.834161
1.834157
1.834301
1.834890
1.834386
1.834632
1.834528
1.834087
1.834198
1.833960
1.834486
1.834374
1.835009
1.834364
1.834162
1.834233
1.834169
1.834946
1.834685
1.834480
1.834692
1.835350
1.834573
1.834741
1.834721
1.834740
1.835694
1.835311
1.835366
1.834959
1.834998
1.834997
1.835117
1.835014
1.834701
1.835299
1.835080
1.834852
1.834748
1.834999
1.835070
1.834792
1.834731
1.834568
1.834887
1.834516
1.834307
1.834618
1.834736
1.835396
1.834374
1.835042
1.834386
1.835069
1.834586
1.834690
1.834882
1.834939
1.835465
1.834987
1.834608
1.834618
1.835401
1.835143
1.835272
1.835323
1.834785
1.835504
1.834983
1.834888
1.834555
1.835012
1.835511
1.834937
1.834905
1.834714
1.834960
1.834589
1.834513
1.834452
1.834877
1.834908
1.834770
1.834276
1.834201
1.834886
1.834924
1.834828
1.835041
1.834909
1.834947
1.834734
1.834900
1.834806
1.835800
1.835660
1.835414
1.835259
1.835172
1.835685
1.835254
1.835250
1.835152
1.836178
1.836010
1.835520
1.835301
1.834964
1.835785
1.835239
1.835204
1.835287
1.835872
1.835303
1.835213
1.834932
1.834468
1.835317
1.834840
1.834992
1.835004
1.835102
1.834546
1.834456
1.834300
1.834690
1.834555
1.832203
1.831734
1.831416
1.831622
1.832079
1.833281
1.833711
1.833310
1.833844
1.834217
1.833839
1.833474
1.833538
1.834060
1.833735
1.833804
1.834225
1.834902
1.834366
1.834214
1.834500
1.834342
1.834936
1.834781
1.834459
1.833891
1.834119
1.834161
1.833606
1.833684
1.833958
1.833513
1.833482
1.833333
1.833002
1.833861
1.833882
1.834040
1.833208
1.833257
1.834344
1.831530
1.831499
1.833362
1.833062
1.833264
1.833195
1.833012
1.832550
1.833251
1.832939
1.832832
1.833120
1.833189
1.833616
1.833418
1.833295
1.831986
1.833042
1.832755
1.832903
1.833037
1.831729
1.831998
1.831773
1.831802
1.831283
1.832651
1.832732
1.832962
1.831402
1.831445
1.831630
1.831779
1.831064
1.832686
1.832616
1.832572
1.832154
1.832045
1.831763
1.832088
1.832197
1.833037
1.832628
1.833212
1.833043
1.833177
1.833497
1.833190
1.834895
1.834459
1.833847
1.832846
1.832677
1.833929
1.832939
1.833264
1.833794
1.834159
1.833128
1.832192
1.832281
1.832805
1.833067
1.833548
1.832417
1.832454
1.832723
1.832207
1.832749
1.832345
1.832747
1.833974
1.833445
1.832572
1.832021
1.833416
1.832943
1.833263
1.834111
1.833464
1.833582
1.832918
1.833088
1.833217
1.833450
1.833833
1.833885
1.833556
1.832891
1.833198
1.833278
1.833051
1.833141
1.833606
1.834087
1.833143
1.832351
1.832718
1.833475
1.832419
1.832872
1.833059
1.832379
1.833003
1.831675
1.831044
1.830941
1.831746
1.832942
1.832854
1.832532
1.831952
1.832985
1.832815
1.832075
1.832973
1.833666
1.832545
1.832176
1.832395
1.832443
1.832919
1.833045
1.833038
1.832708
1.832840
1.831791
1.832281
1.832170
1.831888
1.833081
1.832396
1.831571
1.831477
1.831689
1.831862
1.831194
1.831949
1.831921
1.832157
1.831229
1.830979
1.831608
1.831329
1.832214
1.832274
1.831664
1.830780
1.831978
1.831897
1.831617
1.831695
1.832145
1.832741
1.831740
1.831405
1.831279
1.832372
1.832114
1.832602
1.832449
1.831778
1.832305
1.831766
1.831905
1.831800
1.831704
1.832219
1.831977
1.831590
1.831204
1.832088
1.831706
1.830556
1.830601
1.830627
1.830037
1.829613
1.829671
1.829600
1.831767
1.831776
1.832343
1.831766
1.831533
1.831806
1.831697
1.831816
1.832212
1.832040
1.832592
1.832463
1.831660
1.831635
1.832680
1.832294
1.832288
1.832736
1.833482
1.831915
1.832126
1.832375
1.831863
1.831964
1.832030
1.832439
1.832025
1.831666
1.831391
1.831607
1.831435
1.831298
1.832188
1.831786
1.831196
1.830546
1.831266
1.831467
1.831031
1.831060
1.830922
1.831628
1.830693
1.829959
1.829062
1.827242
1.825850
1.826490
1.827714
1.826980
1.826834
1.825648
1.825320
1.825713
1.825164
1.825426
1.824505
1.824334
1.824363
1.825926
1.826064
1.825861
1.826137
1.826130
1.827083
1.826110
1.826729
1.827083
1.829592
1.829432
1.829330
1.829137
1.828542
1.828927
1.828748
1.828789
1.829243
1.830273
1.829687
1.829448
1.828800
1.827919
1.828942
1.828474
1.829140
1.829937
1.829514
1.829163
1.828681
1.828374
1.827848
1.829417
1.828325
1.828864
1.828743
1.828655
1.828717
1.827845
1.827472
1.827301
1.828141
1.827279
1.827265
1.827469
1.827094
1.827551
1.826578
1.825927
1.825831
1.826908
1.826454
1.826518
1.826100
1.826101
1.826517
1.825924
1.825530
1.825148
1.826320
1.826464
1.826056
1.825891
1.825497
1.826203
1.825486
1.825483
1.825512
1.826065
1.825038
1.823987
1.823785
1.823034
1.823605
1.823841
1.824084
1.825120
1.825595
1.825558
1.825128
1.825271
1.824715
1.825387
1.824396
1.824799
1.825139
1.825178
1.825114
1.824492
1.824622
1.824381
1.825175
1.824741
1.824309
1.824344
1.824251
1.824771
1.824214
1.823230
1.822867
1.822306
1.823142
1.823655
1.823421
1.822944
1.823513
1.823439
1.823412
1.822414
1.823352
1.822616
1.822153
1.822059
1.820980
1.822411
1.821559
1.820325
1.819257
1.819301
1.818840
1.818365
1.818231
1.818043
1.817689
1.817319
1.814946
1.814708
1.813937
1.813107
1.811944
1.811031
1.810256
1.809739
1.808048
1.807295
1.806793
1.804077
1.803793
1.803248
1.803079
1.802357
1.804026
1.803080
1.802133
1.800876
1.800699
1.801094
1.800126
1.799662
1.799737
1.799818
1.800464
1.800147
1.800150
1.800203
1.801412
1.801020
1.801032
1.799696
1.800914
1.801482
1.801830
1.802447
1.803073
1.804484
1.803544
1.804596
1.804751
1.804193
1.804137
1.803861
1.804110
1.803900
1.804315
1.803995
1.803553
1.803655
1.803972
1.804745
1.804241
1.804005
1.804168
1.805281
1.803263
1.802493
1.802995
1.803100
1.802692
1.800660
1.800495
1.800662
1.801914
1.801531
1.800968
1.801206
1.800953
1.801597
1.801340
1.801319
1.801478
1.801322
1.802368
1.801082
1.800793
1.800881
1.801396
1.801831
1.801827
1.803045
1.803827
1.806163
1.806909
1.807488
1.808238
1.809746
1.810001
1.810610
1.811463
1.811516
1.812783
1.812888
1.813315
1.813784
1.814700
1.815018
1.814104
1.815119
1.815427
1.816238
1.816040
1.816376
1.816708
1.817346
1.817254
1.817014
1.817299
1.817753
1.818695
1.818092
1.818196
1.818629
1.819332
1.819021
1.819004
1.818948
1.819023
1.819842
1.819852
1.819562
1.819556
1.819041
1.819555
1.819035
1.819004
1.819093
1.819283
1.818663
1.818314
1.818635
1.819158
1.819630
1.818535
1.816685
1.816664
1.819472
1.818394
1.814649
1.809722
1.809137
1.819530
1.815275
1.801474
1.798514
1.799504
1.817611
1.813276
1.788347
1.793953
1.798413
1.817708
1.814201
1.782659
1.792814
1.796691
1.816745
1.814641
1.781389
1.791466
1.793256
1.814788
1.814166
1.783428
1.792170
1.789042
1.811322
1.814078
1.787096
1.795192
1.786773
1.805400
1.812609
1.793830
1.798390
1.793080
1.796203
1.807767
1.798880
1.797707
1.797682
1.790025
1.800342
1.797028
1.794832
1.795673
1.791958
1.795799
1.794963
1.793950
1.794723
1.794172
1.794631
1.794888
1.793491
1.794487
1.793162
1.792144
1.791545
1.790544
1.790769
1.789607
1.788455
1.787493
1.787465
1.786544
1.785958
1.785981
1.785834
1.786800
1.786857
1.788126
1.787280
1.788618
1.788229
1.789454
1.788388
1.789422
1.791469
1.792687
1.796245
1.800548
1.803076
1.806903
1.809081
1.810616
1.811196
1.813010
1.813036
1.812960
1.813027
1.812919
1.813379
1.812636
1.812490
1.812198
1.812628
1.812505
1.812162
1.811970
1.811567
1.812392
1.811712
1.811707
1.811857
1.812707
1.812440
1.812513
1.813373
1.814145
1.815910
1.816713
1.817111
1.817874
1.818876
1.819593
1.819556
1.819889
1.820141
1.821292
1.820995
1.820700
1.820669
1.820559
1.820741
1.819768
1.819255
1.818394
1.818501
1.817549
1.817722
1.817682
1.816741
1.817279
1.816714
1.817020
1.815989
1.816996
1.815630
1.815156
1.814806
1.813964
1.814490
1.812903
1.811309
1.810284
1.810175
1.808506
1.807050
1.805932
1.805023
1.805325
1.804113
1.804174
1.804302
1.805301
1.805670
1.804672
1.805149
1.805544
1.806784
1.806785
1.807100
1.807564
1.808353
1.809111
1.810002
1.810910
1.811591
1.813372
1.814896
1.816394
1.817072
1.817838
1.818814
1.819521
1.819546
1.820019
1.820813
1.819943
1.820349
1.820566
1.820608
1.822650
1.822969
1.823952
1.824857
1.826355
1.826555
1.826620
1.826924
1.826947
1.827518
1.827680
1.826812
1.826723
1.827394
1.827185
1.827282
1.827411
1.827115
1.827801
1.827186
1.827458
1.827369
1.827900
1.828235
1.827927
1.827649
1.827642
1.828142
1.827520
1.828045
1.828073
1.828212
1.828563
1.828141
1.827553
1.827609
1.828609
1.828247
1.828079
1.827843
1.827856
1.828551
1.827621
1.827186
1.827263
1.828519
1.827953
1.827496
1.827397
1.826829
1.827853
1.827490
1.827372
1.827437
1.827953
1.827836
1.827300
1.827344
1.827329
1.828401
1.828002
1.827711
1.827613
1.827933
1.827605
1.827333
1.827496
1.827928
1.828547
1.827666
1.827646
1.827357
1.827462
1.828082
1.827236
1.827677
1.827328
1.827950
1.827605
1.827052
1.827027
1.827402
1.827459
1.826470
1.826591
1.824712
1.825290
1.824336
1.824031
1.823671
1.824936
1.826764
1.826296
1.826007
1.826616
1.827531
1.827651
1.826957
1.828741
1.827065
1.828773
1.828408
1.828609
1.828282
1.829159
1.828883
1.828437
1.828383
1.828434
1.828911
1.828662
1.828322
1.828067
1.828444
1.828600
1.827742
1.828113
1.828015
1.828655
1.827815
1.827866
1.827496
1.827585
1.828551
1.826862
1.827419
1.827583
1.828414
1.827480
1.827099
1.827698
1.827434
1.828408
1.828097
1.827699
1.827444
1.828187
1.827762
1.828096
1.828094
1.828223
1.829061
1.828123
1.828114
1.827843
1.828426
1.828302
1.828584
1.827996
1.827570
1.828530
1.827915
1.827987
1.827874
1.828296
1.828389
1.827468
1.827495
1.827524
1.828355
1.826773
1.825941
1.826289
1.826308
1.826311
1.825752
1.826125
1.827119
1.828326
1.827579
1.827848
1.827363
1.827589
1.828585
1.827140
1.827815
1.827915
1.828911
1.828380
1.828387
1.828066
1.827803
1.829039
1.828647
1.828613
1.828039
1.828728
1.828365
1.828056
1.828207
1.828192
1.828744
1.827830
1.828166
1.828093
1.827792
1.828244
1.827982
1.827836
1.827736
1.829011
1.828153
1.827629
1.827969
1.828217
1.828609
1.828441
1.828413
1.828281
1.829091
1.828703
1.828721
1.828502
1.828966
1.829501
1.828414
1.828364
1.828879
1.829376
1.829013
1.829108
1.828991
1.828625
1.829279
1.828518
1.828365
1.828508
1.828920
1.827252
1.826169
1.826358
1.826288
1.826518
1.826624
1.826025
1.826674
1.828118
1.827610
1.828092
1.828001
1.827946
1.828772
1.828393
1.828262
1.828078
1.828828
1.829286
1.828975
1.829158
1.828903
1.829975
1.829345
1.828671
1.828864
1.827579
1.828123
1.829520
1.829736
1.829491
1.830487
1.830268
1.829593
1.829853
1.829893
1.830281
1.829547
1.829672
1.829613
1.829935
1.829324
1.829562
1.829428
1.829357
1.829780
1.829945
1.829501
1.829390
1.830192
1.829892
1.829387
1.829569
1.829786
1.830784
1.830102
1.830124
1.830115
1.830497
1.830397
1.830369
1.830350
1.830335
1.830832
1.830518
1.830756
1.830482
1.829218
1.829327
1.829019
1.828746
1.828389
1.829838
1.829708
1.830673
1.830856
1.830692
1.830669
1.830239
1.830596
1.830225
1.831017
1.830989
1.830116
1.830060
1.830418
1.831121
1.830471
1.831146
1.830863
1.831384
1.831018
1.830828
1.830890
1.831332
1.831992
1.830852
1.831497
1.831219
1.831761
1.831630
1.831583
1.831539
1.831194
1.832533
1.831595
1.831487
1.831386
1.831785
1.831958
1.831713
1.831352
1.831061
1.831500
1.831423
1.831043
1.831086
1.831059
1.831357
1.831260
1.831358
1.830570
1.831535
1.831044
1.830919
1.830899
1.831326
1.831521
1.831112
1.830707
1.830832
1.831718
1.831684
1.830667
1.829462
1.830117
1.830466
1.829125
1.830443
1.830441
1.831076
1.831096
1.830592
1.830519
1.830367
1.831449
1.829892
1.830453
1.830304
1.830837
1.830763
1.830252
1.830155
1.830334
1.830567
1.830251
1.830090
1.830224
1.829770
1.831084
1.830531
1.830246
1.829792
1.831087
1.830619
1.830192
1.830336
1.830656
1.831023
1.830717
1.830939
1.830468
1.831154
1.830587
1.831113
1.830685
1.830232
1.831094
1.830882
1.830623
1.830797
1.831568
1.830088
1.830313
1.830322
1.830615
1.830830
1.830368
1.830182
1.829097
1.829239
1.829318
1.829069
1.828690
1.828320
1.829510
1.829159
1.828622
1.828176
1.828696
1.828370
1.828004
1.828726
1.827947
1.828505
1.827831
1.828279
1.828259
1.827983
1.828448
1.828197
1.828701
1.827829
1.828560
1.828703
1.828367
1.828414
1.828806
1.828712
1.828426
1.828266
1.828235
1.829320
1.828437
1.828253
1.828292
1.827880
1.828803
1.828101
1.827471
1.827412
1.827958
1.827589
1.827602
1.828219
1.827803
1.828831
1.828384
1.827928
1.827645
1.827472
1.828588
1.828285
1.828504
1.828072
1.828766
1.828493
1.828706
1.829311
1.829510
1.829231
1.829116
1.829444
1.829280
1.830466
1.829280
1.828925
1.829917
1.829290
1.830252
1.829742
1.828662
1.828327
1.829730
1.827968
1.828274
1.828566
1.828620
1.829319
1.828524
1.828845
1.828498
1.829010
1.828951
1.828769
1.828510
1.828463
1.829119
1.828905
1.828960
1.829100
1.829188
1.829706
1.828063
1.828801
1.829174
1.830043
1.829318
1.828965
1.828858
1.829084
1.829588
1.829370
1.829161
1.828637
1.829358
1.828930
1.828806
1.829029
1.829143
1.829596
1.829453
1.828665
1.828170
1.828885
1.828492
1.828780
1.829074
1.828963
1.829550
1.828298
1.828619
1.828444
1.829274
1.829135
1.829154
1.829040
1.828838
1.829609
1.829142
1.829274
1.828732
1.829402
1.829506
1.828767
1.828864
1.828626
1.829581
1.829430
1.829503
1.829317
1.829281
1.829357
1.829138
1.828944
1.828653
1.829525
1.829475
1.828927
1.828642
1.828679
1.828490
1.828242
1.828600
1.828645
1.829428
1.828512
1.828644
1.828524
1.828032
1.829482
1.828824
1.829018
1.828520
1.829103
1.829306
1.828670
1.828646
1.828797
1.829910
1.829456
1.829126
1.828879
1.829661
1.829515
1.829200
1.829783
1.829067
1.829631
1.829127
1.828970
1.828809
1.829284
1.829271
1.829252
1.829296
1.828580
1.829168
1.828735
1.828615
1.828728
1.828918
1.829291
1.828676
1.828446
1.828114
1.829364
1.828993
1.829079
1.828739
1.828741
1.829249
1.827626
1.826545
1.826190
1.826655
1.827579
1.826699
1.827232
1.828118
1.828781
1.829414
1.828167
1.827452
1.828095
1.828531
1.828171
1.828298
1.828139
1.828740
1.829385
1.829242
1.829400
1.829627
1.829433
1.828663
1.828743
1.828520
1.830097
1.829259
1.829413
1.828331
1.828885
1.828839
1.829010
1.828971
1.828966
1.830130
1.829482
1.828761
1.829234
1.828713
1.829993
1.828873
1.829439
1.829353
1.829828
1.829770
1.829689
1.829559
1.829636
1.830829
1.830163
1.830053
1.829705
1.830533
1.829755
1.830083
1.829839
1.829637
1.830736
1.829634
1.829278
1.829611
1.830140
1.830211
1.829584
1.829514
1.829111
1.830162
1.829948
1.829985
1.830071
1.830176
1.830332
1.829824
1.830018
1.830149
1.831252
1.830777
1.830883
1.830128
1.830680
1.830665
1.830556
1.830873
1.830474
1.831211
1.830847
1.830896
1.830612
1.830270
1.831228
1.831560
1.829904
1.829624
1.830216
1.829729
1.829446
1.829699
1.829665
1.830238
1.829666
1.829461
1.829101
1.829946
1.829295
1.829787
1.829458
1.829465
1.830286
1.829538
1.829363
1.829244
1.830343
1.830466
1.830442
1.830395
1.829534
1.830205
1.830457
1.829537
1.830011
1.830509
1.830859
1.830286
1.830322
1.829727
1.830686
1.830707
1.830355
1.830350
1.829416
1.829858
1.829658
1.830275
1.830118
1.830601
1.830120
1.829943
1.829925
1.829398
1.830999
1.830136
1.830612
1.830146
1.830525
1.830181
1.829488
1.829683
1.830063
1.831499
1.831397
1.831606
1.831334
1.831273
1.830847
1.831314
1.831356
1.831223
1.832017
1.831663
1.831104
1.831234
1.831658
1.831968
1.831434
1.831551
1.831433
1.831616
1.831263
1.831712
1.831544
1.831374
1.831661
1.831052
1.830666
1.830471
1.831750
1.831274
1.831235
1.831374
1.831211
1.831251
1.830872
1.830866
1.830706
1.832138
1.829858
1.828928
1.828412
1.828822
1.829084
1.830339
1.829579
1.830300
1.831368
1.830804
1.830758
1.830855
1.831324
1.831448
1.831623
1.832449
1.832048
1.832498
1.831394
1.832260
1.832245
1.831928
1.832891
1.832078
1.831662
1.831692
1.831987
1.832191
1.831831
1.831953
1.831563
1.831178
1.831535
1.831614
1.832166
1.831626
1.832665
1.832175
1.831716
1.831646
1.832897
1.832265
1.832495
1.831633
1.831692
1.832539
1.832160
1.832561
1.832249
1.832576
1.832772
1.832643
1.832377
1.832250
1.833046
1.832278
1.832228
1.832668
1.832643
1.832413
1.832295
1.832204
1.832083
1.832716
1.832049
1.832193
1.831989
1.832492
1.832249
1.832041
1.832013
1.832129
1.833314
1.832527
1.832423
1.832526
1.832657
1.833063
1.833121
1.832271
1.830606
1.831784
1.831923
1.831600
1.832493
1.832950
1.833458
1.833040
1.832715
1.832540
1.833254
1.832899
1.833192
1.831946
1.832224
1.833085
1.832984
1.832806
1.832568
1.832855
1.832534
1.832201
1.832445
1.832141
1.833002
1.832222
1.832596
1.832306
1.832873
1.833000
1.832753
1.832672
1.832798
1.833313
1.833051
1.832843
1.833080
1.833188
1.832901
1.832929
1.832690
1.832687
1.833514
1.832929
1.832988
1.832781
1.832576
1.833261
1.832604
1.832700
1.831995
1.832892
1.832802
1.832507
1.832298
1.831826
1.832534
1.832086
1.831867
1.831567
1.832200
1.832194
1.832508
1.831761
1.832205
1.830739
1.830876
1.831153
1.830669
1.831907
1.832035
1.832202
1.831923
1.832001
1.832500
1.831875
1.832097
1.831847
1.831995
1.832358
1.831920
1.831706
1.831936
1.832874
1.831988
1.831334
1.831738
1.831657
1.831673
1.831360
1.831357
1.831591
1.831816
1.831348
1.830802
1.831015
1.830558
1.831475
1.830882
1.830974
1.830476
1.831103
1.831265
1.830799
1.830633
1.830828
1.831474
1.831061
1.830726
1.830697
1.830808
1.830863
1.830798
1.831130
1.830525
1.831136
1.830817
1.830686
1.830906
1.830804
1.830903
1.830444
1.830696
1.830238
1.831452
1.830198
1.830613
1.830674
1.830592
1.830802
1.829880
1.829748
1.829535
1.830426
1.828859
1.828188
1.828903
1.828164
1.829110
1.829304
1.829350
1.829656
1.830210
1.829753
1.829172
1.829054
1.829403
1.830059
1.829863
1.829308
1.828868
1.829793
1.829571
1.829264
1.828974
1.828561
1.829311
1.829178
1.829266
1.828685
1.828587
1.828488
1.828384
1.828578
1.828366
1.828850
1.828145
1.827835
1.827577
1.827950
1.827863
1.827580
1.827334
1.827602
1.828140
1.827511
1.827154
1.827068
1.827369
1.828000
1.827868
1.827173
1.827053
1.827620
1.827357
1.827569
1.827685
1.827550
1.827750
1.827651
1.827577
1.826904
1.827898
1.827638
1.827776
1.827570
1.827670
1.828169
1.828243
1.827317
1.825436
1.826879
1.827172
1.826268
1.827127
1.826880
1.827458
1.826604
1.826618
1.826524
1.826161
1.826204
1.826016
1.824722
1.825337
1.825772
1.824825
1.824791
1.824604
1.824535
1.825020
1.823761
1.823674
1.823535
1.824049
1.823460
1.822835
1.822720
1.822180
1.822997
1.822433
1.821556
1.821125
1.821639
1.820482
1.818938
1.816410
1.813896
1.808564
1.808944
1.809531
1.806324
1.803017
1.788030
1.784257
1.784828
1.778594
1.772433
1.760346
1.748657
1.748953
1.748490
1.739119
1.726145
1.710761
1.708216
1.707264
1.700874
1.690225
1.678306
1.670025
1.669541
1.667279
1.656621
1.652235
1.641137
1.642705
1.642559
1.625614
1.633237
1.637443
1.635805
1.640430
1.623379
1.617994
1.625016
1.638225
1.635203
1.631855
1.605666
1.624583
1.650435
1.658954
1.662687
1.638503
1.637921
1.670507
1.691376
1.694364
1.688613
1.672273
1.691818
1.704280
1.706995
1.708596
1.707112
1.711386
1.719692
1.721793
1.726294
1.727908
1.732244
1.736557
1.737294
1.740817
1.743982
1.747352
1.750867
1.752425
1.754365
1.758963
1.760289
1.764661
1.765692
1.766311
1.769512
1.769590
1.770918
1.772553
1.772649
1.776026
1.778916
1.779299
1.782211
1.785211
1.787304
1.790746
1.790934
1.792055
1.795167
1.795442
1.797650
1.798813
1.799139
1.799983
1.800046
1.800314
1.801637
1.801422
1.801978
1.803464
1.804013
1.805252
1.806825
1.806697
1.806981
1.807496
1.809444
1.809492
1.809675
1.809673
1.809953
1.811361
1.811112
1.811464
1.811466
1.812069
1.811678
1.811531
1.812697
1.813082
1.814007
1.814654
1.812736
1.813769
1.815270
1.815586
1.816117
1.816716
1.816763
1.818455
1.817797
1.818019
1.819280
1.820277
1.820140
1.820154
1.820192
1.820143
1.821527
1.820984
1.821145
1.821103
1.821399
1.821589
1.820893
1.821316
1.821938
1.821696
1.821658
1.821861
1.821299
1.821207
1.821957
1.822029
1.821622
1.821585
1.822206
1.821926
1.821615
1.822000
1.821801
1.822854
1.822369
1.820496
1.820797
1.821909
1.820865
1.822578
1.823019
1.822855
1.823317
1.822691
1.822574
1.822754
1.823775
1.823536
1.823552
1.823031
1.823105
1.823671
1.823488
1.823576
1.823399
1.823968
1.823897
1.823118
1.823385
1.822859
1.823548
1.823533
1.823173
1.823185
1.823100
1.822992
1.823226
1.823462
1.823377
1.823844
1.823669
1.823268
1.823323
1.823136
1.823894
1.823634
1.824191
1.823763
1.824607
1.823997
1.823640
1.823990
1.824303
1.824964
1.824633
1.824406
1.823856
1.824871
1.824785
1.824552
1.824802
1.824485
1.825020
1.824518
1.824117
1.824369
1.824948
1.824905
1.824703
1.824426
1.824200
1.824798
1.824566
1.824219
1.823048
1.823587
1.824322
1.823090
1.824102
1.824460
1.825150
1.824754
1.824901
1.825005
1.824938
1.825591
1.824791
1.824570
1.824883
1.825284
1.825324
1.825471
1.825384
1.825100
1.825643
1.825128
1.825620
1.825376
1.826052
1.825735
1.825607
1.825212
1.825315
1.826097
1.825662
1.825765
1.825737
1.825800
1.825351
1.825020
1.825164
1.825410
1.826086
1.825269
1.825247
1.825470
1.825581
1.825778
1.825656
1.825759
1.825674
1.826730
1.826271
1.826125
1.825807
1.826132
1.826748
1.826277
1.826544
1.826097
1.826952
1.826438
1.826258
1.826559
1.826488
1.826845
1.826864
1.826634
1.826615
1.825758
1.825187
1.825364
1.825267
1.825643
1.826179
1.824936
1.825615
1.825293
1.825907
1.826025
1.825431
1.825476
1.824887
1.825892
1.825261
1.825376
1.825298
1.826265
1.826004
1.826035
1.825399
1.825370
1.825957
1.826474
1.826067
1.826091
1.826251
1.826342
1.826128
1.826202
1.826130
1.826622
1.826167
1.826431
1.826406
1.825890
1.826193
1.826083
1.826318
1.826152
1.826856
1.826057
1.826101
1.825738
1.826010
1.826764
1.826027
1.825981
1.826200
1.826519
1.826201
1.826102
1.826549
1.826307
1.827042
1.826845
1.826612
1.826435
1.827417
1.826977
1.826891
1.826684
1.825972
1.827320
1.826668
1.827220
1.826668
1.827401
1.827235
1.826875
1.827144
1.826633
1.827471
1.826894
1.826484
1.826531
1.826751
1.826888
1.826414
1.826126
1.825958
1.826810
1.826337
1.826165
1.826252
1.826372
1.826667
1.826027
1.825914
1.825579
1.826531
1.826217
1.825858
1.825895
1.825812
1.826474
1.826212
1.825811
1.825899
1.825937
1.825998
1.826110
1.825791
1.825532
1.826469
1.826053
1.825815
1.825083
1.825693
1.825882
1.825742
1.825265
1.824852
1.825702
1.825218
1.824850
1.824797
1.824870
1.824697
1.824259
1.824523
1.823989
1.824545
1.824370
1.823643
1.823798
1.823325
1.823987
1.822848
1.821010
1.820672
1.821253
1.821289
1.820121
1.821731
1.822132
1.822987
1.821585
1.822191
1.822189
1.822608
1.822156
1.821594
1.821147
1.821750
1.822895
1.821994
1.821756
1.821716
1.821571
1.822037
1.821516
1.821343
1.821165
1.821756
1.821116
1.821016
1.820425
1.821008
1.821048
1.820262
1.820834
1.819825
1.821002
1.820927
1.821078
1.820323
1.821833
1.821350
1.821378
1.821676
1.820561
1.821675
1.821201
1.820782
1.820247
1.820335
1.820980
1.820363
1.820593
1.820192
1.821227
1.821020
1.820640
1.821013
1.821352
1.822369
1.821364
1.822169
1.821824
1.822577
1.822402
1.822288
1.822695
1.821929
1.822932
1.821925
1.822095
1.821921
1.821157
1.822261
1.822240
1.821635
1.821747
1.822456
1.822643
1.823899
1.823681
1.823075
1.823105
1.822719
1.821940
1.822725
1.825086
1.824547
1.824540
1.824338
1.824531
1.825098
1.824571
1.824126
1.824032
1.824793
1.824872
1.823187
1.823794
1.823797
1.824561
1.823956
1.823955
1.823652
1.824096
1.823617
1.823731
1.823680
1.823379
1.824174
1.823682
1.823589
1.823485
1.824187
1.823879
1.823930
1.823841
1.823739
1.824632
1.824126
1.824023
1.823636
1.823933
1.824369
1.823910
1.824048
1.823567
1.824409
1.823920
1.823676
1.824319
1.823790
1.824229
1.823784
1.823719
1.823305
1.823903
1.823323
1.822696
1.822647
1.823123
1.823151
1.821809
1.822070
1.821064
1.823096
1.823764
1.820293
1.819390
1.819365
1.820324
1.821408
1.821862
1.819317
1.820222
1.819588
1.821513
1.822017
1.818624
1.816683
1.817809
1.818876
1.821588
1.819232
1.813760
1.814686
1.815702
1.818839
1.819519
1.812274
1.810215
1.812932
1.814849
1.817928
1.811202
1.804849
1.809535
1.810532
1.814163
1.810340
1.801240
1.805615
1.808400
1.812027
1.810958
1.800573
1.801789
1.806093
1.807385
1.810533
1.800648
1.797142
1.803547
1.804003
1.808920
1.801303
1.792464
1.800362
1.801746
1.806471
1.801641
1.788948
1.796070
1.799085
1.803375
1.801325
1.787782
1.791716
1.795979
1.799186
1.799070
1.785111
1.784058
1.787001
1.787801
1.789409
1.775638
1.770560
1.779394
1.779932
1.787096
1.776143
1.768302
1.777964
1.779810
1.786246
1.778337
1.768799
1.777055
1.779249
1.782376
1.778601
1.768497
1.775047
1.776908
1.777141
1.777472
1.769295
1.772361
1.774696
1.771248
1.776549
1.769586
1.769442
1.773831
1.766004
1.773476
1.767309
1.765694
1.773315
1.764842
1.768389
1.764604
1.762458
1.770517
1.764700
1.761699
1.764622
1.760491
1.765880
1.765026
1.757277
1.764254
1.759929
1.762022
1.766049
1.757448
1.762732
1.760160
1.760553
1.765523
1.759480
1.760812
1.762905
1.760388
1.765024
1.761393
1.758133
1.764066
1.760654
1.763132
1.762350
1.755759
1.761957
1.758263
1.763085
1.766646
1.758237
1.761686
1.760392
1.764537
1.769054
1.762677
1.760442
1.762686
1.765497
1.771329
1.766260
1.760456
1.766024
1.767043
1.773076
1.772861
1.764233
1.768101
1.768380
1.775245
1.777813
1.770216
1.771266
1.771690
1.777694
1.782016
1.776766
1.774885
1.777096
1.780451
1.786220
1.785180
1.779115
1.782899
1.783528
1.790313
1.791904
1.786212
1.788613
1.787421
1.794479
1.796064
1.793039
1.792105
1.791909
1.796271
1.798586
1.797808
1.796517
1.798934
1.799244
1.801060
1.801172
1.799816
1.801320
1.800717
1.802116
1.802013
1.802042
1.802797
1.801789
1.802012
1.802668
1.803201
1.802074
1.802741
1.802503
1.803529
1.803227
1.804968
1.806176
1.806381
1.807961
1.807190
1.807910
1.808434
1.808361
1.809670
1.809392
1.809815
1.810271
1.811552
1.811714
1.811527
1.811659
1.811913
1.813536
1.813374
1.813502
1.813455
1.814309
1.814176
1.814117
1.815130
1.815123
1.815929
1.815978
1.815925
1.815640
1.816303
1.816359
1.817046
1.817008
1.816554
1.818328
1.816950
1.816986
1.817279
1.817226
1.818073
1.817228
1.818054
1.817337
1.817679
1.817219
1.817222
1.817570
1.817609
1.818122
1.817020
1.816908
1.816724
1.817639
1.817249
1.817482
1.817071
1.817147
1.818188
1.815048
1.815093
1.815695
1.816242
1.816510
1.816995
1.817359
1.815383
1.816763
1.816671
1.816918
1.816684
1.817076
1.816784
1.816576
1.816624
1.816380
1.817049
1.816449
1.816738
1.816679
1.816806
1.816407
1.815346
1.815913
1.816260
1.817273
1.816674
1.815687
1.815898
1.816452
1.816686
1.816081
1.816504
1.816391
1.818094
1.816445
1.815627
1.815752
1.816047
1.818263
1.817365
1.816056
1.816430
1.816487
1.817048
1.816984
1.816702
1.816553
1.817118
1.817760
1.817958
1.816620
1.816736
1.816481
1.817667
1.818462
1.816759
1.817523
1.816518
1.816611
1.817058
1.817174
1.816880
1.816721
1.816283
1.815940
1.816851
1.816544
1.815405
1.814132
1.814376
1.814585
1.814814
1.813478
1.813799
1.815610
1.816859
1.816304
1.816269
1.816069
1.817078
1.815566
1.817034
1.816794
1.817971
1.817579
1.818073
1.817862
1.817924
1.818344
1.818410
1.818678
1.819038
1.819284
1.818661
1.818580
1.818479
1.818844
1.819836
1.819094
1.819395
1.819174
1.819222
1.819251
1.819360
1.820075
1.819403
1.820800
1.820021
1.819763
1.820366
1.820164
1.820627
1.820906
1.821132
1.820627
1.821216
1.820714
1.820467
1.820753
1.821291
1.821825
1.821170
1.820931
1.820717
1.821277
1.821532
1.821041
1.821187
1.821038
1.821849
1.821197
1.820781
1.820766
1.821521
1.821808
1.820191
1.819466
1.818842
1.819004
1.819796
1.818994
1.821086
1.821613
1.821517
1.821518
1.821370
1.821095
1.822270
1.822029
1.821815
1.822682
1.822558
1.822581
1.822023
1.822350
1.822526
1.823679
1.823276
1.822836
1.822816
1.822641
1.823105
1.823090
1.823186
1.822738
1.823750
1.823345
1.822663
1.822900
1.823155
1.823443
1.822893
1.822883
1.822187
1.822749
1.822361
1.822419
1.822672
1.821975
1.822708
1.821653
1.821921
1.821591
1.822176
1.822140
1.821795
1.822022
1.821692
1.822051
1.821580
1.821517
1.822032
1.822311
1.822192
1.822079
1.822023
1.821716
1.823087
1.822698
1.822342
1.822405
1.822717
1.821402
1.820291
1.820909
1.820400
1.821072
1.820883
1.822122
1.822122
1.821850
1.822567
1.822429
1.822463
1.822044
1.822734
1.822455
1.821784
1.821468
1.822186
1.822724
1.822640
1.822405
1.822286
1.822988
1.822627
1.822739
1.822891
1.822775
1.823726
1.823210
1.823230
1.822970
1.824040
1.823952
1.823391
1.823633
1.823274
1.824258
1.823868
1.824131
1.824161
1.824164
1.824486
1.823977
1.823484
1.823094
1.824604
1.823983
1.823750
1.823549
1.823322
1.824027
1.823710
1.824211
1.823529
1.824177
1.824116
1.823828
1.823872
1.823551
1.824333
1.824237
1.824585
1.824427
1.824703
1.824384
1.824188
1.824363
1.824795
1.825072
1.823320
1.823357
1.823341
1.823811
1.824439
1.824000
1.823868
1.824055
1.824606
1.823391
1.823895
1.823943
1.824432
1.824372
1.824130
1.823735
1.823527
1.824484
1.824188
1.824145
1.823726
1.824093
1.824355
1.824247
1.823961
1.823890
1.824851
1.824543
1.824201
1.824085
1.824502
1.825026
1.824358
1.824567
1.824039
1.825038
1.824732
1.824520
1.824610
1.824657
1.825349
1.824685
1.824756
1.824337
1.824771
1.824772
1.824831
1.824870
1.824108
1.825116
1.824389
1.824062
1.824129
1.824473
1.824549
1.824207
1.824266
1.824080
1.825106
1.824453
1.824288
1.824207
1.824435
1.824878
1.824353
1.824540
1.824131
1.825250
1.825072
1.824864
1.824604
1.824378
1.824870
1.824799
1.824893
1.824720
1.825328
1.824656
1.824590
1.824568
1.824517
1.825023
1.824391
1.824533
1.823961
1.825085
1.824508
1.824510
1.824225
1.824080
1.824934
1.824205
1.823695
1.823393
1.824164
1.824226
1.824148
1.823815
1.823632
1.824485
1.824127
1.824012
1.824374
1.824354
1.824195
1.824197
1.824265
1.824245
1.825082
1.824215
1.824428
1.824474
1.824412
1.825242
1.824434
1.824277
1.824535
1.824918
1.824750
1.824613
1.824533
1.824158
1.824497
1.824420
1.824189
1.823956
1.824745
1.823802
1.823827
1.823592
1.821469
1.821690
1.821318
1.821011
1.821717
1.821977
1.822739
1.822894
1.822695
1.823465
1.823543
1.824015
1.823518
1.824309
1.824968
1.824989
1.824805
1.824486
1.824633
1.825415
1.824942
1.824543
1.824510
1.824976
1.825067
1.824793
1.824177
1.823919
1.825096
1.823677
1.824299
1.824181
1.824018
1.824533
1.823727
1.823749
1.823314
1.824320
1.823686
1.823885
1.824086
1.823413
1.823555
1.823325
1.823673
1.823536
1.823897
1.824275
1.823759
1.823927
1.823506
1.824135
1.823442
1.824046
1.823249
1.824117
1.823937
1.823415
1.823398
1.823456
1.824251
1.823645
1.823176
1.823360
1.823336
1.823556
1.823347
1.822680
1.822473
1.823313
1.822937
1.822571
1.822481
1.822448
1.823099
1.822305
1.822059
1.822514
1.822228
1.820379
1.820510
1.820030
1.819977
1.820953
1.820291
1.821965
1.821878
1.822574
1.821963
1.821477
1.821871
1.821162
1.821825
1.821504
1.821380
1.821101
1.822110
1.821750
1.821254
1.820930
1.821038
1.821487
1.820604
1.820679
1.819873
1.820410
1.820522
1.819955
1.819857
1.818987
1.820126
1.819615
1.819474
1.819023
1.819198
1.819257
1.818869
1.818753
1.818546
1.819153
1.818427
1.818239
1.818502
1.818213
1.818657
1.818222
1.817484
1.817533
1.818036
1.817729
1.817185
1.817520
1.816854
1.817589
1.816803
1.816133
1.815969
1.816830
1.816384
1.815503
1.815850
1.815372
1.815918
1.815373
1.815416
1.813995
1.813020
1.812958
1.812370
1.811580
1.811781
1.812326
1.813235
1.813411
1.812792
1.812767
1.813058
1.812530
1.812514
1.811947
1.812652
1.811736
1.811762
1.811579
1.810927
1.811006
1.810713
1.810462
1.810075
1.810585
1.809568
1.809320
1.808260
1.808070
1.808503
1.807170
1.806769
1.805947
1.805695
1.804672
1.803568
1.803330
1.802528
1.802883
1.801479
1.800504
1.799583
1.799658
1.799254
1.798373
1.796603
1.794443
1.793587
1.791359
1.790367
1.788881
1.787325
1.786265
1.784109
1.782835
1.780468
1.779057
1.776456
1.775280
1.773261
1.772646
1.770872
1.768191
1.766295
1.764035
1.764591
1.762894
1.760112
1.757479
1.754879
1.754029
1.752262
1.751792
1.749758
1.748418
1.747057
1.746827
1.746928
1.745922
1.744973
1.742623
1.739579
1.740363
1.741114
1.737386
1.735122
1.731708
1.728263
1.730768
1.728010
1.728668
1.727009
1.724505
1.727075
1.727139
1.728799
1.726550
1.726725
1.723683
1.728115
1.729620
1.727260
1.722358
1.726999
1.727028
1.726876
1.728820
1.727132
1.709329
1.701179
1.711038
1.723250
1.722310
1.722869
1.719749
1.718056
1.719118
1.722451
1.722916
1.720528
1.716443
1.711782
1.713527
1.719971
1.726419
1.730508
1.730505
1.733993
1.738945
1.745729
1.748235
1.746960
1.749174
1.749649
1.750894
1.754062
1.756077
1.750842
1.753622
1.751118
1.753569
1.756849
1.755456
1.757355
1.751167
1.752455
1.754313
1.757044
1.753587
1.750132
1.746328
1.750017
1.754195
1.745818
1.749757
1.739408
1.742371
1.746812
1.738324
1.742734
1.732292
1.734011
1.738961
1.737905
1.733332
1.729788
1.726306
1.731873
1.736214
1.729420
1.728129
1.722968
1.728129
1.731099
1.729671
1.726478
1.721746
1.726252
1.727546
1.728274
1.725912
1.723083
1.726038
1.727680
1.727293
1.727912
1.725977
1.726761
1.729250
1.729058
1.729211
1.729030
1.728495
1.730577
1.730891
1.731489
1.730642
1.731473
1.731922
1.730815
1.731917
1.732220
1.732953
1.733794
1.734219
1.734686
1.736328
1.736484
1.737843
1.737511
1.738787
1.741111
1.740077
1.742856
1.743597
1.744670
1.745470
1.745639
1.747128
1.748609
1.750350
1.750644
1.751838
1.753402
1.753861
1.755399
1.755807
1.757495
1.759455
1.761928
1.762969
1.763835
1.765975
1.767762
1.768489
1.770186
1.771236
1.772598
1.774894
1.776394
1.777286
1.778516
1.779824
1.782027
1.782781
1.784211
1.784387
1.787136
1.787943
1.789090
1.790254
1.791600
1.792660
1.793631
1.795004
1.795791
1.797639
1.798601
1.799346
1.799837
1.800906
1.802944
1.803353
1.803362
1.804478
1.805926
1.806111
1.806652
1.807277
1.807759
1.809161
1.809554
1.810163
1.810299
1.810868
1.811758
1.811959
1.812301
1.812801
1.813613
1.813469
1.813446
1.814197
1.814485
1.814889
1.814873
1.814889
1.814662
1.815721
1.815953
1.815887
1.815633
1.815508
1.816785
1.816694
1.816245
1.816267
1.816893
1.816706
1.816702
1.816485
1.816058
1.816640
1.816293
1.816782
1.816670
1.817422
1.816849
1.816957
1.816742
1.816655
1.818008
1.817123
1.816874
1.817262
1.817811
1.817818
1.817557
1.817614
1.817271
1.818520
1.817844
1.817721
1.817852
1.817941
1.818268
1.818449
1.817996
1.817334
1.818328
1.817984
1.817812
1.817741
1.817647
1.818094
1.817746
1.817880
1.817185
1.817796
1.817362
1.817111
1.817334
1.816779
1.817368
1.817037
1.816812
1.816864
1.817247
1.817102
1.816739
1.816991
1.816912
1.817248
1.817126
1.816941
1.815475
1.814860
1.815175
1.814480
1.815798
1.814374
1.816255
1.816725
1.817329
1.817330
1.817972
1.817221
1.816939
1.816866
1.817787
1.817850
1.817697
1.817205
1.817338
1.817586
1.818841
1.817921
1.818235
1.818356
1.818968
1.818210
1.817943
1.817809
1.817913
1.818155
1.818069
1.817763
1.817333
1.818113
1.817830
1.817746
1.817603
1.817448
1.818121
1.817695
1.817844
1.817511
1.817301
1.817225
1.817456
1.817657
1.817961
1.818684
1.816924
1.816820
1.816590
1.816829
1.817170
1.816520
1.816139
1.816424
1.817009
1.816160
1.815947
1.816056
1.815998
1.816548
1.815282
1.815624
1.815273
1.816195
1.815968
1.815596
1.815614
1.815168
1.816000
1.815295
1.815555
1.815232
1.816561
1.816127
1.815741
1.815490
1.816051
1.815835
1.815873
1.815378
1.816553
1.817288
1.817066
1.816743
1.816442
1.816402
1.817763
1.816718
1.816555
1.816748
1.816721
1.816879
1.816280
1.816332
1.815862
1.816948
1.816117
1.816124
1.815863
1.815990
1.816562
1.816664
1.815431
1.815419
1.816641
1.816292
1.816055
1.816372
1.816240
1.817213
1.816242
1.816350
1.816061
1.816834
1.816542
1.816162
1.816413
1.816140
1.817105
1.816607
1.816310
1.816122
1.817015
1.816573
1.816355
1.816410
1.816317
1.816320
1.816027
1.816037
1.816342
1.816132
1.816201
1.815804
1.816341
1.815599
1.816170
1.815866
1.816407
1.816017
1.816143
1.816421
1.816132
1.815744
1.815985
1.817024
1.816481
1.816273
1.816458
1.816247
1.817053
1.816663
1.816106
1.816453
1.817364
1.817135
1.817019
1.816638
1.816491
1.817248
1.816894
1.816866
1.816673
1.817241
1.816617
1.816894
1.817142
1.816167
1.817318
1.816581
1.816880
1.816383
1.816819
1.816983
1.816808
1.816667
1.817012
1.816857
1.816468
1.816781
1.814545
1.814540
1.815103
1.814411
1.814105
1.815471
1.816652
1.816332
1.816759
1.817117
1.816272
1.817470
1.816907
1.817194
1.817861
1.818789
1.818340
1.818018
1.817854
1.817793
1.818812
1.818760
1.817258
1.817869
1.818753
1.818169
1.817842
1.817767
1.817562
1.818026
1.817599
1.817805
1.817803
1.818418
1.818056
1.817643
1.817605
1.817949
1.818591
1.818157
1.818215
1.818091
1.818718
1.818560
1.818112
1.818523
1.818216
1.817638
1.818088
1.818309
1.818735
1.818643
1.818701
1.818561
1.818533
1.818474
1.819368
1.818795
1.818432
1.818168
1.818350
1.819021
1.818416
1.818042
1.817902
1.819066
1.818203
1.817984
1.818242
1.818046
1.818891
1.818886
1.817642
1.817926
1.818904
1.818558
1.818513
1.819078
1.817287
1.817870
1.817846
1.817121
1.818359
1.819301
1.818739
1.818796
1.818758
1.819059
1.819293
1.818619
1.819038
1.818898
1.819011
1.819052
1.818555
1.818854
1.818511
1.818741
1.818567
1.818316
1.818522
1.818157
1.818788
1.818556
1.817999
1.818082
1.819043
1.818311
1.818287
1.818556
1.818434
1.818945
1.818585
1.818738
1.818150
1.819208
1.818794
1.819034
1.818792
1.818513
1.819048
1.819081
1.818781
1.818776
1.819426
1.818702
1.818985
1.818860
1.818563
1.819584
1.818693
1.818489
1.818733
1.818964
1.818773
1.818773
1.818498
1.818157
1.818579
1.818293
1.818151
1.817954
1.818448
1.818715
1.818310
1.818032
1.818662
1.818340
1.816853
1.817243
1.817592
1.817085
1.818728
1.819086
1.818511
1.818498
1.819131
1.818877
1.818842
1.818801
1.818206
1.819394
1.819201
1.818786
1.818615
1.819400
1.819276
1.818921
1.818860
1.818628
1.819316
1.818656
1.818429
1.818724
1.818920
1.818163
1.817376
1.818135
1.817782
1.818650
1.818267
1.818151
1.818010
1.818450
1.818625
1.817943
1.818367
1.818009
1.819180
1.818550
1.818305
1.818467
1.818417
1.818826
1.818127
1.818714
1.818640
1.818916
1.818410
1.818540
1.818196
1.818121
1.819383
1.818496
1.818655
1.818319
1.819018
1.818449
1.818203
1.818029
1.818493
1.819301
1.818048
1.815912
1.816065
1.816881
1.816486
1.817111
1.817876
1.817605
1.818103
1.817957
1.816729
1.816909
1.817641
1.818012
1.817917
1.817413
1.817421
1.818502
1.817395
1.817299
1.817608
1.817725
1.817856
1.817191
1.817808
1.817476
1.817647
1.817755
1.817277
1.817845
1.817053
1.817679
1.817608
1.817034
1.816610
1.817346
1.817179
1.816790
1.816380
1.816447
1.817452
1.816195
1.816127
1.816080
1.816777
1.816497
1.816164
1.816625
1.815602
1.816584
1.816185
1.816567
1.816155
1.816499
1.816835
1.816471
1.816245
1.815631
1.816623
1.816648
1.815773
1.816347
1.816844
1.816645
1.816012
1.815603
1.816310
1.816432
1.815610
1.816182
1.814806
1.814144
1.815072
1.814589
1.814927
1.814596
1.815610
1.816360
1.815073
1.814803
1.814445
1.815215
1.815093
1.814684
1.814749
1.815572
1.814556
1.814437
1.814982
1.814945
1.815341
1.814825
1.815690
1.815377
1.815090
1.815079
1.815138
1.815151
1.814493
1.816050
1.815535
1.814950
1.814556
1.814891
1.816094
1.815168
1.814885
1.814839
1.815308
1.814652
1.814175
1.814354
1.814512
1.815115
1.814660
1.814889
1.813672
1.814070
1.813608
1.814393
1.814186
1.814123
1.814350
1.814271
1.813423
1.812807
1.814656
1.814541
1.814329
1.814495
1.814256
1.814366
1.813163
1.813391
1.814579
1.814231
1.812810
1.813272
1.813097
1.811614
1.813622
1.813984
1.814167
1.813679
1.814383
1.814606
1.813596
1.813073
1.813174
1.814501
1.813263
1.813561
1.813688
1.813355
1.812807
1.812688
1.813278
1.813041
1.814491
1.813909
1.813298
1.812712
1.812459
1.813807
1.813669
1.813591
1.813506
1.814371
1.813307
1.812882
1.813053
1.813472
1.813177
1.812950
1.813729
1.813053
1.813146
1.813083
1.813156
1.813453
1.812971
1.813363
1.812936
1.812270
1.812112
1.812974
1.812857
1.812502
1.812532
1.812034
1.812373
1.811285
1.811185
1.811861
1.812294
1.811981
1.811654
1.811169
1.810754
1.811925
1.811934
1.811429
1.811219
1.811879
1.812065
1.809406
1.809981
1.809995
1.810354
1.811593
1.812117
1.810781
1.811190
1.811256
1.811000
1.811678
1.811426
1.812032
1.811309
1.810174
1.810578
1.810940
1.812268
1.810917
1.811017
1.810895
1.811666
1.811197
1.810606
1.810815
1.810876
1.811588
1.811786
1.810579
1.810632
1.810835
1.811330
1.811590
1.811771
1.811367
1.812068
1.811662
1.811543
1.811529
1.811905
1.812356
1.811908
1.811756
1.812440
1.812859
1.811979
1.811840
1.812064
1.812661
1.813291
1.812623
1.812336
1.811554
1.812399
1.812988
1.811668
1.811959
1.811916
1.812719
1.812284
1.812192
1.812170
1.812596
1.812240
1.812806
1.811956
1.811261
1.811935
1.811109
1.811201
1.812694
1.813272
1.813928
1.813262
1.813159
1.812904
1.813965
1.813447
1.813408
1.813678
1.813372
1.814331
1.813655
1.813539
1.813555
1.814483
1.814435
1.814413
1.813846
1.813639
1.814309
1.814203
1.814232
1.813719
1.814771
1.814075
1.814095
1.813921
1.813821
1.814300
1.814064
1.814283
1.814259
1.814975
1.814378
1.813623
1.814032
1.814056
1.815250
1.814744
1.814721
1.814458
1.814895
1.814895
1.814994
1.815044
1.814650
1.815844
1.815289
1.815143
1.814979
1.815231
1.815358
1.815407
1.815675
1.815528
1.815667
1.815104
1.815260
1.815971
1.815687
1.816151
1.815816
1.816000
1.814472
1.814097
1.814190
1.814628
1.814582
1.815823
1.816433
1.815863
1.815336
1.815394
1.816489
1.816607
1.816248
1.816645
1.816315
1.817095
1.816635
1.816713
1.816615
1.817553
1.817160
1.817091
1.816856
1.816338
1.817259
1.817299
1.817325
1.816868
1.817498
1.816850
1.816922
1.816967
1.817065
1.817651
1.817416
1.817087
1.816542
1.816659
1.817217
1.816837
1.816962
1.816707
1.817767
1.816804
1.816704
1.816646
1.816790
1.817861
1.817755
1.817307
1.816844
1.818052
1.818253
1.817924
1.817971
1.818023
1.818674
1.818262
1.817851
1.817821
1.818985
1.818817
1.818656
1.818958
1.818792
1.818743
1.818613
1.818882
1.818845
1.818711
1.818265
1.817299
1.817185
1.817131
1.818513
1.817741
1.817867
1.817868
1.817811
1.817910
1.817687
1.817989
1.817926
1.818624
1.817966
1.818104
1.817863
1.817623
1.818654
1.818435
1.818683
1.818259
1.818784
1.818427
1.818286
1.818445
1.818389
1.819780
1.818853
1.818624
1.818269
1.819073
1.818758
1.818777
1.818822
1.818858
1.819480
1.818483
1.819129
1.818283
1.818883
1.818741
1.818781
1.818396
1.817944
1.819018
1.818771
1.818641
1.818678
1.818990
1.818898
1.818531
1.818540
1.818635
1.819442
1.818845
1.818832
1.819306
1.818888
1.819134
1.819294
1.819047
1.818455
1.819324
1.819468
1.819130
1.818843
1.818849
1.819965
1.819134
1.819031
1.818769
1.818988
1.818741
1.818836
1.818985
1.818036
1.818742
1.818204
1.817859
1.817665
1.818684
1.818947
1.818029
1.817806
1.817950
1.818768
1.817592
1.818106
1.818568
1.818385
1.818213
1.818337
1.818041
1.817762
1.819050
1.818792
1.818382
1.818048
1.818197
1.818998
1.817532
1.818006
1.818773
1.819478
1.818436
1.818347
1.818604
1.818106
1.818695
1.818681
1.818810
1.818030
1.819143
1.818116
1.816717
1.816750
1.816958
1.818309
1.817356
1.817122
1.817399
1.817796
1.817430
1.817828
1.817770
1.816585
1.817603
1.817349
1.816927
1.817470
1.816558
1.816015
1.815366
1.814981
1.815127
1.816183
1.815514
1.815870
1.816373
1.817560
1.817754
1.817089
1.816646
1.816279
1.817273
1.817834
1.817403
1.817120
1.817580
1.818255
1.816818
1.817367
1.816918
1.817936
1.817257
1.817074
1.817272
1.816906
1.817512
1.817359
1.817366
1.816907
1.817809
1.817243
1.817118
1.816484
1.817166
1.818581
1.816864
1.817413
1.817505
1.816082
1.815528
1.817822
1.817057
1.816681
1.817552
1.816840
1.816925
1.816724
1.817178
1.817393
1.817449
1.816837
1.816675
1.817924
1.817185
1.817593
1.817479
1.817718
1.816768
1.816313
1.816822
1.815618
1.816589
1.816934
1.816771
1.816581
1.816798
1.817139
1.816704
1.817026
1.816776
1.817815
1.817128
1.816947
1.817486
1.816912
1.817691
1.816641
1.818080
1.817014
1.816878
1.818571
1.818936
1.818215
1.818342
1.819503
1.818780
1.818188
1.818479
1.818820
1.818294
1.817744
1.818860
1.817107
1.818048
1.817410
1.817778
1.817032
1.817488
1.817964
1.817642
1.816320
1.816654
1.817764
1.816905
1.816527
1.816715
1.816890
1.817264
1.816800
1.817014
1.816325
1.817182
1.817074
1.817243
1.816611
1.816643
1.817691
1.816533
1.817041
1.816766
1.817605
1.817079
1.816519
1.816851
1.816410
1.816840
1.816751
1.816874
1.816176
1.816777
1.816610
1.816059
1.815402
1.815552
1.816572
1.816180
1.815518
1.815291
1.815847
1.815669
1.813985
1.814023
1.814524
1.814628
1.814182
1.815380
1.815160
1.815205
1.816003
1.815400
1.815218
1.815014
1.815438
1.814666
1.814530
1.815277
1.815096
1.815218
1.814567
1.814529
1.813692
1.814978
1.814910
1.814356
1.813917
1.813409
1.814305
1.813541
1.813316
1.813250
1.813737
1.813188
1.812590
1.812806
1.812243
1.813293
1.812997
1.812653
1.812010
1.812252
1.812710
1.812037
1.811774
1.811805
1.813352
1.812574
1.812027
1.812075
1.812028
1.811877
1.812242
1.812297
1.811605
1.812072
1.811757
1.811858
1.811602
1.811503
1.812158
1.811538
1.811078
1.811103
1.810838
1.809490
1.809860
1.810502
1.810802
1.810924
1.810398
1.809173
1.808589
1.808319
1.808419
1.808667
1.808146
1.807616
1.810077
1.809028
1.809247
1.809583
1.810398
1.809745
1.809199
1.809694
1.809027
1.809834
1.809671
1.809767
1.809347
1.808841
1.809014
1.809028
1.809109
1.808567
1.810107
1.808909
1.808385
1.808358
1.808351
1.808787
1.808322
1.808448
1.807635
1.808278
1.807470
1.807252
1.807470
1.807132
1.808015
1.807574
1.807095
1.806636
1.807261
1.806905
1.806740
1.806856
1.806860
1.807675
1.806738
1.806738
1.806337
1.806969
1.806718
1.806927
1.806710
1.805940
1.807299
1.806179
1.806529
1.806365
1.807055
1.806614
1.806227
1.806092
1.805500
1.805988
1.806086
1.805588
1.804445
1.803815
1.804227
1.804234
1.802926
1.803029
1.805182
1.805384
1.805133
1.804653
1.804928
1.805103
1.804488
1.804768
1.804271
1.805295
1.804956
1.804867
1.805175
1.804142
1.805301
1.805060
1.804947
1.804664
1.805558
1.805260
1.804360
1.803973
1.804212
1.805372
1.804853
1.804897
1.804637
1.804958
1.804254
1.804343
1.804517
1.804302
1.805237
1.803725
1.803826
1.803306
1.803390
1.803712
1.803733
1.803653
1.803656
1.804190
1.803249
1.802714
1.803192
1.803074
1.804287
1.803383
1.803332
1.803106
1.803409
1.803287
1.803666
1.803656
1.803409
1.803759
1.803528
1.803122
1.802951
1.804096
1.803434
1.802002
1.801612
1.801624
1.802086
1.801410
1.801189
1.802504
1.803778
1.803776
1.803130
1.802812
1.802517
1.803337
1.802082
1.802653
1.802873
1.803076
1.803098
1.802686
1.802468
1.802166
1.803068
1.803195
1.802930
1.802921
1.803087
1.803319
1.802671
1.802513
1.802419
1.803732
1.803635
1.803423
1.803297
1.802961
1.802964
1.802713
1.802669
1.802804
1.803923
1.803205
1.802963
1.803112
1.802266
1.802641
1.802455
1.803141
1.802473
1.803352
1.803079
1.802664
1.802329
1.801554
1.802199
1.802412
1.802490
1.802590
1.802904
1.803243
1.802462
1.801775
1.801532
1.802891
1.802641
1.802980
1.803436
1.803086
1.801545
1.801553
1.801208
1.800398
1.802995
1.801682
1.802933
1.803278
1.803227
1.803638
1.803009
1.803137
1.802815
1.803877
1.803487
1.803247
1.803348
1.803071
1.803509
1.803661
1.802933
1.802641
1.803952
1.803366
1.803519
1.803601
1.803256
1.804132
1.803954
1.803859
1.803038
1.804031
1.803399
1.803818
1.803576
1.803770
1.804445
1.804017
1.803665
1.803829
1.804135
1.804258
1.803645
1.804124
1.803607
1.804619
1.803983
1.804150
1.804047
1.803533
1.804075
1.803556
1.803570
1.803367
1.804485
1.803278
1.803467
1.803267
1.803197
1.803654
1.803083
1.803195
1.803068
1.803525
1.803748
1.802858
1.801668
1.801143
1.801820
1.801026
1.801977
1.802183
1.802303
1.803504
1.803236
1.803290
1.803160
1.803997
1.803148
1.803608
1.802871
1.803535
1.803718
1.803496
1.803250
1.802847
1.803623
1.803227
1.802894
1.803362
1.803178
1.803713
1.803335
1.803319
1.803095
1.803758
1.802979
1.802931
1.802742
1.802770
1.803318
1.802609
1.802727
1.802729
1.803675
1.803000
1.803128
1.803074
1.803094
1.804071
1.803632
1.803645
1.803356
1.804075
1.803724
1.803602
1.803519
1.803210
1.804125
1.804149
1.803819
1.803451
1.803913
1.803787
1.803569
1.803926
1.803365
1.803981
1.803748
1.803622
1.803367
1.803697
1.803668
1.803065
1.803876
1.802573
1.802120
1.801987
1.801544
1.801578
1.802236
1.802709
1.802073
1.803312
1.803532
1.804442
1.804009
1.803937
1.804111
1.804005
1.804788
1.804160
1.804319
1.804173
1.804866
1.804503
1.804543
1.804626
1.804751
1.805286
1.804876
1.804848
1.804610
1.804835
1.804983
1.804721
1.805090
1.804134
1.805229
1.804843
1.804289
1.804303
1.804550
1.804749
1.804452
1.804619
1.804255
1.804872
1.804799
1.804429
1.804159
1.804682
1.805134
1.804593
1.804484
1.804628
1.805401
1.804955
1.805026
1.804774
1.804727
1.805567
1.805047
1.804442
1.804681
1.805508
1.805133
1.804932
1.804566
1.804669
1.805314
1.804948
1.804419
1.803192
1.803541
1.803300
1.802350
1.802917
1.803177
1.803251
1.803662
1.804245
1.804196
1.804471
1.804318
1.804262
1.804104
1.803754
1.804749
1.804325
1.804310
1.804138
1.804377
1.804450
1.804481
1.804467
1.803832
1.805075
1.804548
1.804695
1.804050
1.804928
1.804996
1.804422
1.804368
1.804386
1.805369
1.804632
1.804578
1.804225
1.804143
1.804953
1.804054
1.804361
1.803980
1.804586
1.804370
1.803915
1.803916
1.803508
1.804336
1.803829
1.804004
1.803793
1.804163
1.804129
1.803995
1.803796
1.803755
1.804419
1.804259
1.803827
1.803869
1.804395
1.804596
1.804065
1.804127
1.803741
1.804376
1.804776
1.803635
1.802984
1.802940
1.803454
1.803022
1.803177
1.802979
1.803981
1.803506
1.803432
1.802798
1.802654
1.803543
1.802932
1.802742
1.802647
1.803304
1.803194
1.802881
1.802933
1.802520
1.803467
1.802655
1.802981
1.802942
1.803378
1.803187
1.803120
1.802981
1.802894
1.803582
1.803263
1.803057
1.802883
1.803358
1.803368
1.802823
1.803101
1.802797
1.803844
1.803508
1.802847
1.803067
1.802981
1.803444
1.803181
1.803056
1.802696
1.803274
1.802816
1.802511
1.802394
1.802053
1.802998
1.802531
1.802419
1.802350
1.803151
1.802459
1.802832
1.802433
1.802415
1.803255
1.802868
1.802772
1.802812
1.803223
1.803058
1.802713
1.802746
1.802625
1.803423
1.802714
1.802938
1.802769
1.803216
1.803094
1.802748
1.802697
1.802499
1.803262
1.802790
1.802859
1.802762
1.802734
1.802772
1.802265
1.802104
1.801924
1.802953
1.802360
1.802070
1.802343
1.802334
1.802773
1.802143
1.802459
1.802261
1.802253
1.801572
1.802143
1.802454
1.802132
1.803021
1.802292
1.802347
1.802304
1.802848
1.802508
1.802533
1.802012
1.802445
1.802467
1.802348
1.802296
1.802275
1.802397
1.802381
1.802171
1.802121
1.802067
1.802665
1.802263
1.801636
1.801598
1.801734
1.801644
1.801424
1.801348
1.801537
1.800659
1.799159
1.798710
1.798844
1.798030
1.799302
1.800203
1.801021
1.800255
1.802244
1.800865
1.801177
1.800843
1.801909
1.802777
1.802168
1.802404
1.801380
1.802649
1.802808
1.802075
1.801866
1.801919
1.802723
1.802084
1.801916
1.801522
1.801969
1.802212
1.801791
1.800430
1.800690
1.801834
1.801450
1.801114
1.801337
1.801416
1.801258
1.801052
1.801142
1.801016
1.801970
1.800898
1.800902
1.801476
1.801445
1.802076
1.801679
1.801445
1.801090
1.801901
1.801507
1.801671
1.801440
1.801976
1.801361
1.801392
1.801220
1.801094
1.801966
1.801467
1.801611
1.801269
1.801129
1.801738
1.801295
1.801358
1.800953
1.801518
1.801119
1.800923
1.800726
1.800510
1.801444
1.800635
1.799209
1.799125
1.799503
1.798832
1.799045
1.798806
1.800162
1.801569
1.800988
1.800621
1.801156
1.801042
1.801106
1.801055
1.801453
1.800576
1.801662
1.801254
1.801369
1.801201
1.801153
1.801810
1.801317
1.801252
1.800874
1.801435
1.801040
1.801077
1.801012
1.800889
1.801527
1.800860
1.800523
1.800604
1.801309
1.800662
1.800597
1.800560
1.800734
1.801314
1.800868
1.800814
1.800253
1.801181
1.800793
1.800984
1.800845
1.800690
1.801805
1.801088
1.800917
1.801102
1.801301
1.801655
1.801259
1.801252
1.800975
1.802087
1.801536
1.801267
1.801111
1.801127
1.801605
1.801191
1.801187
1.801003
1.802426
1.800051
1.799671
1.799187
1.799302
1.799694
1.798297
1.800542
1.800401
1.801440
1.800948
1.800687
1.800674
1.801037
1.800914
1.800825
1.800858
1.800892
1.801722
1.801262
1.801214
1.801211
1.800916
1.802117
1.801407
1.801366
1.801164
1.801824
1.801916
1.801536
1.801272
1.801262
1.801646
1.801392
1.800987
1.801493
1.801342
1.801490
1.801498
1.801385
1.800694
1.801565
1.801131
1.800754
1.800675
1.801019
1.801672
1.800903
1.801242
1.800640
1.801453
1.801381
1.800561
1.801042
1.800773
1.801587
1.801482
1.801370
1.800972
1.801445
1.801295
1.801240
1.801239
1.801450
1.801406
1.801296
1.801092
1.801386
1.801001
1.799643
1.799194
1.798689
1.799831
1.800655
1.799189
1.800787
1.800860
1.801350
1.801201
1.800628
1.800600
1.800334
1.801361
1.800712
1.800966
1.800360
1.800550
1.800975
1.801170
1.800512
1.799991
1.801477
1.800833
1.800907
1.800821
1.800670
1.801234
1.800790
1.800810
1.800745
1.801324
1.800944
1.800842
1.800872
1.800842
1.801184
1.800952
1.800611
1.800494
1.801250
1.800641
1.800566
1.800661
1.800470
1.800631
1.800225
1.800265
1.800028
1.800267
1.800413
1.800208
1.800011
1.799661
1.800243
1.800038
1.800092
1.799669
1.800364
1.800213
1.799913
1.800102
1.799765
1.800635
1.800166
1.799913
1.800272
1.799388
1.798586
1.799266
1.798276
1.799067
1.800653
1.800259
1.800303
1.799828
1.799577
1.800457
1.799895
1.799853
1.799856
1.799981
1.799898
1.799176
1.799189
1.798895
1.799535
1.798827
1.799246
1.798812
1.799307
1.799316
1.799005
1.798895
1.799144
1.798737
1.797947
1.798105
1.797829
1.798146
1.797931
1.797972
1.798005
1.797338
1.798271
1.797404
1.796908
1.796902
1.796700
1.797650
1.797583
1.796970
1.796888
1.796993
1.796869
1.796765
1.796541
1.795939
1.796947
1.796150
1.795699
1.795971
1.795607
1.794654
1.794860
1.795352
1.794459
1.795192
1.794465
1.794614
1.794093
1.795990
1.795262
1.794089
1.794666
1.794267
1.794665
1.793799
1.793911
1.793511
1.793795
1.794437
1.793160
1.793744
1.793811
1.794428
1.794057
1.795769
1.794392
1.795001
1.796729
1.795486
1.796080
1.796166
1.796012
1.796612
1.796525
1.796009
1.795923
1.796100
1.795716
1.795475
1.794858
1.796054
1.796220
1.796107
1.796075
1.796135
1.796618
1.796331
1.795682
1.795564
1.796499
1.796439
1.796157
1.796303
1.796242
1.796964
1.796770
1.796514
1.796696
1.797038
1.796277
1.796734
1.796709
1.796424
1.797315
1.796788
1.796318
1.796677
1.796306
1.796908
1.796336
1.796328
1.795887
1.796383
1.796040
1.795995
1.796236
1.795877
1.796162
1.796088
1.796033
1.795759
1.796541
1.795885
1.795879
1.795806
1.795814
1.796603
1.796187
1.796129
1.796284
1.796539
1.796200
1.796241
1.796327
1.796284
1.796948
1.796615
1.796739
1.796333
1.796919
1.796827
1.796606
1.796617
1.796416
1.797125
1.796489
1.796690
1.796425
1.796779
1.796933
1.795675
1.796435
1.795825
1.796597
1.796265
1.795908
1.796016
1.796280
1.796615
1.796166
1.796354
1.796299
1.796758
1.796629
1.796514
1.796290
1.796892
1.797447
1.796794
1.796683
1.796811
1.797651
1.796986
1.796818
1.796945
1.796799
1.797646
1.797049
1.796896
1.796503
1.797069
1.796867
1.797056
1.796863
1.796355
1.797289
1.796741
1.796430
1.796196
1.796498
1.796780
1.796456
1.796429
1.796173
1.796903
1.796404
1.796459
1.796255
1.796464
1.797001
1.796014
1.796328
1.796280
1.797294
1.796684
1.796622
1.797152
1.795266
1.794968
1.794327
1.794005
1.793724
1.795582
1.794234
1.795667
1.796180
1.795970
1.797426
1.795262
1.794956
1.794583
1.796429
1.796040
1.796325
1.796136
1.795366
1.796831
1.796614
1.796367
1.796154
1.796728
1.796516
1.796265
1.796561
1.796188
1.796883
1.796288
1.796047
1.796363
1.796743
1.797190
1.796250
1.796495
1.796073
1.797372
1.796564
1.796237
1.796466
1.796812
1.796263
1.795971
1.795957
1.796234
1.796950
1.796570
1.796159
1.795952
1.796318
1.796786
1.796160
1.796277
1.796077
1.796166
1.796166
1.796021
1.795610
1.795632
1.796247
1.795800
1.795909
1.795694
1.796118
1.796231
1.795903
1.795898
1.794787
1.796334
1.795903
1.795836
1.796061
1.796241
1.796796
1.795577
1.795857
1.795982
1.796995
1.796234
1.796480
1.796572
1.796544
1.796623
1.796132
1.796119
1.795900
1.796892
1.796277
1.796179
1.796360
1.796312
1.797248
1.795173
1.794198
1.794381
1.795333
1.795081
1.795505
1.795266
1.794695
1.795706
1.795432
1.795131
1.795125
1.795931
1.795377
1.795659
1.795852
1.795862
1.796476
1.796143
1.796165
1.796368
1.796919
1.796797
1.796800
1.796772
1.796531
1.797460
1.796999
1.796934
1.797081
1.797433
1.797403
1.797300
1.797204
1.796954
1.798251
1.797164
1.797144
1.796888
1.796659
1.797457
1.796837
1.796962
1.796593
1.797490
1.796965
1.797091
1.796987
1.797400
1.798045
1.797355
1.797023
1.797013
1.797413
1.797278
1.797234
1.797526
1.797232
1.798223
1.798446
1.798297
1.798349
1.798403
1.798460
1.798561
1.798706
1.798382
1.799000
1.798675
1.798608
1.798155
1.798598
1.799228
1.798599
1.798459
1.798451
1.799037
1.798064
1.798387
1.798242
1.797777
1.798657
1.798302
1.798304
1.798170
1.799121
1.798352
1.797624
1.797377
1.797341
1.799004
1.799125
1.799275
1.798984
1.798913
1.799408
1.798302
1.796732
1.796368
1.797311
1.796944
1.795586
1.797392
1.798737
1.798258
1.798771
1.798205
1.798825
1.799655
1.798576
1.799604
1.800266
1.798962
1.800103
1.799517
1.799638
1.799601
1.800122
1.799675
1.799715
1.799453
1.799477
1.799914
1.799817
1.799502
1.799216
1.800458
1.800047
1.799895
1.800424
1.800135
1.800514
1.799812
1.800231
1.799779
1.800817
1.800478
1.799886
1.799945
1.799993
1.801025
1.799328
1.799785
1.799634
1.800678
1.800089
1.799788
1.800036
1.799976
1.800420
1.799686
1.799866
1.799210
1.800014
1.799632
1.799420
1.799476
1.799181
1.799830
1.799166
1.799133
1.799351
1.798708
1.799418
1.799300
1.799362
1.799301
1.800157
1.799492
1.799578
1.799774
1.797865
1.798381
1.798680
1.798135
1.798330
1.800017
1.799589
1.799092
1.798990
1.799152
1.799710
1.799474
1.799126
1.799068
1.799455
1.799515
1.798193
1.798065
1.798457
1.799035
1.798385
1.798677
1.798182
1.799024
1.798788
1.798355
1.798372
1.798267
1.798778
1.798112
1.798400
1.798398
1.798545
1.799195
1.798571
1.798341
1.797947
1.798813
1.798432
1.798211
1.798077
1.798143
1.798674
1.798235
1.797858
1.797754
1.798491
1.798018
1.797808
1.797739
1.798014
1.798670
1.797935
1.797588
1.797180
1.797847
1.797540
1.797484
1.797357
1.797177
1.797830
1.797614
1.797393
1.797066
1.797907
1.797664
1.797341
1.797834
1.797906
1.797187
1.796371
1.796829
1.796615
1.797041
1.798124
1.797882
1.798097
1.797583
1.798239
1.798201
1.798298
1.798102
1.797888
1.798253
1.798301
1.798164
1.797820
1.798501
1.798068
1.798058
1.798382
1.797731
1.798020
1.798049
1.798002
1.797389
1.798499
1.798021
1.798072
1.797969
1.797894
1.798665
1.797904
1.798537
1.797938
1.798429
1.798450
1.798820
1.798673
1.798515
1.799154
1.798958
1.798698
1.798647
1.799227
1.798897
1.799022
1.799071
1.798639
1.799513
1.799138
1.798749
1.798837
1.799143
1.799185
1.799247
1.799185
1.798921
1.799321
1.799104
1.799032
1.798790
1.798741
1.799293
1.799009
1.798704
1.798387
1.799737
1.798544
1.796796
1.797879
1.797683
1.798180
1.799147
1.799268
1.798858
1.799802
1.799855
1.799293
1.799338
1.799484
1.800133
1.799724
1.799601
1.799360
1.800172
1.799880
1.799548
1.799469
1.799001
1.800163
1.799424
1.799341
1.799542
1.799689
1.799479
1.799285
1.799221
1.798952
1.799661
1.799012
1.798931
1.798877
1.798863
1.799082
1.798859
1.798764
1.798646
1.799420
1.798872
1.799110
1.799294
1.799135
1.799942
1.799431
1.799086
1.799497
1.800025
1.799599
1.799557
1.799892
1.799034
1.800414
1.799944
1.799909
1.799242
1.800126
1.799715
1.799319
1.800122
1.799593
1.800478
1.799619
1.799516
1.797957
1.798375
1.798311
1.797678
1.798943
1.799290
1.800007
1.799357
1.799369
1.799194
1.799755
1.800115
1.799163
1.799476
1.799017
1.800202
1.799927
1.799554
1.799506
1.799588
1.800175
1.799655
1.799726
1.799161
1.800408
1.799470
1.799849
1.799780
1.799543
1.800128
1.799611
1.799481
1.799473
1.799991
1.799508
1.799920
1.799448
1.799038
1.799930
1.799390
1.799034
1.799070
1.799528
1.799465
1.799161
1.799133
1.798892
1.799589
1.799195
1.798857
1.799433
1.799260
1.799084
1.798643
1.798974
1.798207
1.798908
1.798308
1.798100
1.798093
1.798238
1.798651
1.798394
1.798010
1.797698
1.798571
1.798160
1.798079
1.798543
1.796533
1.797363
1.797845
1.797222
1.798115
1.799207
1.798586
1.798497
1.798612
1.798443
1.799521
1.798810
1.798941
1.798891
1.799521
1.799497
1.799506
1.799420
1.799284
1.800125
1.799889
1.799746
1.800091
1.800029
1.800073
1.800092
1.800515
1.799982
1.800868
1.800427
1.800661
1.799995
1.800256
1.800474
1.800385
1.800532
1.799896
1.800686
1.800514
1.800552
1.800463
1.800185
1.800676
1.800355
1.800214
1.799741
1.800528
1.799887
1.800050
1.800060
1.800004
1.800711
1.799771
1.799837
1.799712
1.800534
1.800401
1.800006
1.800271
1.800149
1.800807
1.800565
1.800016
1.799865
1.800999
1.799743
1.798313
1.799697
1.798652
1.799306
1.800174
1.800385
1.800200
1.800189
1.799414
1.799998
1.799962
1.799672
1.800627
1.800082
1.799781
1.799389
1.799740
1.799815
1.799498
1.799663
1.799053
1.799963
1.799914
1.799582
1.799642
1.799393
1.800098
1.799376
1.799382
1.799588
1.800382
1.799892
1.800079
1.799782
1.799709
1.800514
1.799806
1.799777
1.800395
1.800035
1.800315
1.800373
1.799917
1.799850
1.800489
1.800084
1.799827
1.799569
1.800303
1.800423
1.799971
1.800135
1.798950
1.800389
1.799987
1.799964
1.799914
1.799912
1.800142
1.800206
1.799911
1.799810
1.800700
1.799952
1.799996
1.800091
1.800210
1.801066
1.800107
1.798822
1.799185
1.799735
1.799145
1.799832
1.800609
1.800487
1.801297
1.800414
1.800285
1.800324
1.801084
1.801217
1.800655
1.800559
1.800355
1.801087
1.800619
1.800358
1.800125
1.800285
1.800300
1.800324
1.800110
1.799793
1.800562
1.799951
1.800170
1.800047
1.800496
1.800500
1.800182
1.800320
1.799802
1.801142
1.800597
1.800274
1.800249
1.800267
1.800630
1.800262
1.800389
1.800392
1.801088
1.800409
1.800186
1.800262
1.800267
1.800711
1.800256
1.800478
1.799995
1.800586
1.800281
1.800174
1.800036
1.800021
1.800559
1.799760
1.799816
1.799656
1.800308
1.799978
1.799712
1.800036
1.798491
1.798590
1.798770
1.798512
1.799427
1.800010
1.800173
1.800181
1.800156
1.799846
1.801005
1.800697
1.800132
1.800218
1.800328
1.800608
1.800387
1.800196
1.799994
1.800714
1.800614
1.800356
1.800063
1.800014
1.800600
1.800138
1.800275
1.800095
1.800690
1.800635
1.799653
1.800200
1.800264
1.800391
1.799879
1.800051
1.799743
1.800609
1.799659
1.799743
1.799791
1.799707
1.800619
1.800116
1.799818
1.799815
1.800473
1.800422
1.800087
1.800035
1.799935
1.800768
1.800180
1.800531
1.800212
1.800607
1.800537
1.800322
1.800407
1.800168
1.800925
1.800473
1.800066
1.800146
1.800060
1.800653
1.800157
1.800151
1.800029
1.799888
1.798793
1.798550
1.798123
1.798725
1.799671
1.799029
1.799283
1.798946
1.799193
1.799533
1.799085
1.798737
1.798776
1.799480
1.799406
1.799312
1.799095
1.799737
1.799567
1.799526
1.799453
1.798890
1.800091
1.799792
1.799573
1.799641
1.799635
1.799617
1.799623
1.799456
1.799281
1.799967
1.799586
1.799435
1.799504
1.799172
1.799820
1.799120
1.799202
1.798840
1.799790
1.799511
1.799209
1.798762
1.799043
1.799837
1.799008
1.799484
1.798527
1.799678
1.799816
1.799408
1.799430
1.799406
1.799765
1.799714
1.799631
1.799302
1.799994
1.799659
1.799483
1.799645
1.799225
1.800103
1.799645
1.799198
1.799564
1.799676
1.799675
1.799619
1.799330
1.798846
1.799918
1.798921
1.799046
1.798741
1.798633
1.799153
1.798913
1.798946
1.798559
1.799405
1.798710
1.798717
1.798639
1.798495
1.798679
1.798511
1.798767
1.798483
1.799346
1.797931
1.798265
1.798369
1.798691
1.798878
1.798451
1.798403
1.798021
1.798653
1.798395
1.798092
1.798089
1.797390
1.798486
1.797993
1.797637
1.797290
1.797727
1.797993
1.797432
1.797183
1.797118
1.797490
1.796890
1.796855
1.796786
1.796226
1.797096
1.796406
1.796941
1.796462
1.797700
1.796806
1.795917
1.796869
1.796757
1.796941
1.796452
1.796327
1.794330
1.794916
1.794684
1.794840
1.794254
1.796527
1.796189
1.796375
1.797271
1.796376
1.796958
1.796750
1.796451
1.796237
1.797168
1.797739
1.797343
1.797652
1.797319
1.798072
1.797897
1.797670
1.798085
1.797611
1.798860
1.798134
1.798202
1.797554
1.798009
1.798751
1.798299
1.797805
1.798443
1.799265
1.799152
1.799163
1.798255
1.797902
1.799157
1.798338
1.798310
1.798783
1.799050
1.798769
1.798917
1.798893
1.798691
1.799260
1.798909
1.799327
1.798453
1.798825
1.798893
1.798856
1.799722
1.799461
1.798967
1.798705
1.798664
1.798401
1.799015
1.799001
1.798574
1.798766
1.798703
1.799315
1.798856
1.799927
1.798853
1.799058
1.799272
1.798750
1.799057
1.798341
1.799414
1.799546
1.798861
1.798634
1.800100
1.801707
1.800786
1.801100
1.801291
1.801512
1.801333
1.801213
1.800861
1.801048
1.801562
1.801262
1.801078
1.800810
1.801747
1.800202
1.800441
1.800681
1.800656
1.801100
1.801186
1.800997
1.800596
1.801248
1.801249
1.801132
1.800974
1.800697
1.801684
1.801164
1.801362
1.801354
1.801866
1.801744
1.801513
1.801515
1.801410
1.802167
1.801876
1.802058
1.801422
1.801721
1.802053
1.801679
1.801733
1.801314
1.802122
1.801795
1.801671
1.801756
1.801851
1.802418
1.801664
1.801270
1.801518
1.801906
1.801525
1.801525
1.801347
1.801380
1.801894
1.801749
1.801445
1.801154
1.802761
1.800642
1.800378
1.800941
1.800570
1.801121
1.801551
1.801972
1.801817
1.802035
1.802129
1.801761
1.801827
1.801815
1.802601
1.802024
1.801975
1.802014
1.802182
1.802322
1.802182
1.801674
1.801486
1.802493
1.802021
1.801992
1.801389
1.801578
1.801904
1.801832
1.801822
1.801515
1.802326
1.801764
1.801729
1.801735
1.801645
1.802161
1.802156
1.801884
1.801708
1.802723
1.801909
1.802040
1.802174
1.801838
1.802591
1.802175
1.802287
1.802280
1.802664
1.802549
1.802289
1.802074
1.802174
1.802776
1.802256
1.801853
1.801837
1.802420
1.802406
1.801869
1.802511
1.801451
1.802741
1.801966
1.801897
1.800502
1.799999
1.799809
1.800539
1.799974
1.800401
1.800837
1.801308
1.802115
1.801152
1.801329
1.802250
1.802139
1.802087
1.801731
1.802549
1.802043
1.802049
1.802102
1.801897
1.802471
1.801836
1.802074
1.802103
1.802804
1.801865
1.801792
1.802076
1.801773
1.802683
1.801962
1.801944
1.801916
1.802457
1.801348
1.801509
1.801555
1.801153
1.802200
1.801749
1.801770
1.801529
1.801986
1.802058
1.801765
1.801786
1.801815
1.802135
1.801850
1.802023
1.801962
1.801877
1.802590
1.802111
1.802459
1.801897
1.802894
1.802114
1.802220
1.802412
1.802471
1.802855
1.802538
1.802258
1.802056
1.803088
1.802812
1.801398
1.800467
1.800440
1.801282
1.800009
1.800844
1.800161
1.801920
1.801727
1.801763
1.801782
1.801643
1.802457
1.801814
1.801952
1.801982
1.802472
1.802388
1.802268
1.802641
1.802401
1.803268
1.802992
1.802402
1.802809
1.802731
1.803288
1.803084
1.802750
1.802492
1.803663
1.802949
1.803083
1.802998
1.802745
1.803575
1.803120
1.803083
1.802941
1.803798
1.803287
1.803192
1.802504
1.802885
1.803738
1.802973
1.803084
1.802824
1.803581
1.803177
1.803119
1.803116
1.802985
1.803836
1.803149
1.803503
1.803288
1.803554
1.803806
1.803463
1.803769
1.803446
1.804427
1.804007
1.803510
1.804070
1.803953
1.804256
1.803570
1.802204
1.802216
1.801975
1.802661
1.801473
1.802159
1.801814
1.804056
1.803747
1.804038
1.803263
1.803808
1.803668
1.803315
1.803083
1.803136
1.803483
1.802968
1.803361
1.803116
1.803908
1.803157
1.803560
1.802957
1.803259
1.803914
1.803467
1.803691
1.803309
1.803629
1.803774
1.803338
1.803342
1.803274
1.803969
1.803213
1.803178
1.803266
1.803365
1.803605
1.802790
1.802757
1.802371
1.802959
1.802607
1.802318
1.802304
1.802406
1.802649
1.802465
1.802162
1.801711
1.802945
1.801922
1.801906
1.801971
1.802141
1.802331
1.801904
1.802058
1.801686
1.802555
1.802135
1.802140
1.802264
1.802197
1.803183
1.801342
1.800794
1.801033
1.801447
1.801673
1.802605
1.801823
1.802298
1.802727
1.802351
1.802621
1.801935
1.802677
1.802423
1.802590
1.801707
1.801934
1.802899
1.802217
1.801803
1.802141
1.801976
1.802295
1.801906
1.802059
1.801693
1.802986
1.802229
1.802006
1.802196
1.801938
1.802653
1.802449
1.802383
1.802133
1.802915
1.802683
1.802635
1.802609
1.802623
1.803166
1.802861
1.803094
1.802112
1.803262
1.803290
1.802658
1.802680
1.802508
1.803026
1.803104
1.802562
1.802760
1.803069
1.802612
1.802540
1.802276
1.802037
1.803231
1.802589
1.802338
1.802517
1.802863
1.803115
1.802513
1.802811
1.802362
1.803256
1.803193
1.802706
1.801382
1.801337
1.801966
1.801751
1.801556
1.801105
1.803587
1.803221
1.803505
1.803661
1.803818
1.803501
1.803859
1.803567
1.803296
1.804047
1.803423
1.803421
1.803417
1.803370
1.804150
1.803552
1.803755
1.802971
1.803682
1.803645
1.803013
1.803014
1.803117
1.803685
1.803132
1.803109
1.802918
1.803272
1.803473
1.803200
1.803222
1.803114
1.803725
1.803135
1.803405
1.803177
1.803405
1.803746
1.803048
1.803279
1.803309
1.803679
1.803067
1.803601
1.803161
1.803017
1.803643
1.802998
1.802905
1.802877
1.803652
1.803017
1.802880
1.802724
1.802334
1.802850
1.802554
1.802137
1.802180
1.803167
1.802151
1.800624
1.800961
1.799808
1.801537
1.800866
1.801372
1.801326
1.801270
1.802696
1.802651
1.802727
1.802629
1.802912
1.802686
1.802796
1.802766
1.802898
1.803070
1.802397
1.802821
1.802769
1.803723
1.803055
1.802008
1.802782
1.802984
1.803189
1.802914
1.802493
1.802151
1.803753
1.802157
1.803224
1.802272
1.801862
1.803128
1.802552
1.802807
1.802403
1.802458
1.802720
1.802955
1.802726
1.802844
1.803214
1.802884
1.803294
1.802967
1.804063
1.803503
1.803049
1.803559
1.803527
1.804696
1.803833
1.803698
1.804027
1.804373
1.804798
1.804295
1.803815
1.803947
1.804938
1.804349
1.804689
1.804547
1.803251
1.803391
1.802884
1.802353
1.802769
1.803985
1.803144
1.802987
1.804478
1.804450
1.804702
1.804428
1.804245
1.804519
1.805441
1.804684
1.804358
1.805005
1.804931
1.805911
1.805200
1.804802
1.805108
1.805728
1.805461
1.805395
1.805291
1.805312
1.805809
1.805885
1.805634
1.805339
1.805898
1.806076
1.805666
1.805682
1.805170
1.806046
1.805762
1.805617
1.804988
1.805372
1.805629
1.805558
1.805583
1.805311
1.805892
1.805454
1.805279
1.805400
1.805182
1.806120
1.805692
1.805414
1.805254
1.806300
1.805962
1.805885
1.805808
1.805745
1.806450
1.805994
1.805985
1.805562
1.806652
1.806505
1.806008
1.804983
1.804990
1.805534
1.805076
1.805404
1.805243
1.805723
1.805491
1.805235
1.805243
1.804925
1.805307
1.805176
1.805149
1.804852
1.805319
1.805365
1.804687
1.805111
1.805105
1.805364
1.805087
1.805115
1.805276
1.805222
1.805667
1.805480
1.805518
1.805020
1.805984
1.805679
1.805680
1.805422
1.805392
1.806213
1.805550
1.805516
1.805488
1.806349
1.805857
1.805775
1.805367
1.805554
1.806282
1.805508
1.805505
1.805598
1.805782
1.805406
1.805381
1.805450
1.804923
1.805819
1.805338
1.805295
1.805893
1.804826
1.805646
1.805564
1.805403
1.805550
1.806076
1.805942
1.805731
1.805915
1.806045
1.806182
1.806189
1.806148
1.805977
1.806856
1.806605
1.806372
1.806391
1.806492
1.807103
1.807160
1.806908
1.806814
1.807904
1.807560
1.807554
1.807970
1.807648
1.808522
1.807639
1.807548
1.808032
1.808743
1.808902
1.808800
1.808925
1.808846
1.809537
1.809164
1.809194
1.809149
1.809947
1.810226
1.809601
1.809887
1.809798
1.810625
1.810308
1.810322
1.810261
1.810747
1.810713
1.810681
1.810467
1.810195
1.810926
1.810346
1.810609
1.810444
1.810193
1.810758
1.810295
1.810097
1.810129
1.810918
1.810868
1.809832
1.810144
1.810081
1.811278
1.810167
1.810018
1.810634
1.808000
1.808042
1.808010
1.808071
1.807382
1.809795
1.809988
1.810005
1.810260
1.811444
1.811104
1.811227
1.810999
1.811733
1.812968
1.812349
1.812659
1.812651
1.813126
1.812788
1.813154
1.813079
1.812474
1.813431
1.813043
1.813037
1.812935
1.813031
1.813731
1.813162
1.812886
1.813080
1.812912
1.812848
1.812910
1.812977
1.812975
1.813695
1.813428
1.813223
1.812943
1.814066
1.813616
1.813588
1.813532
1.812903
1.814038
1.813980
1.813917
1.813991
1.814287
1.814283
1.813758
1.814225
1.813958
1.814873
1.814316
1.813523
1.813813
1.814528
1.814148
1.814456
1.814001
1.814072
1.814989
1.814245
1.814317
1.814197
1.814287
1.814694
1.813760
1.814200
1.813899
1.814637
1.814134
1.814407
1.814305
1.814867
1.814395
1.812671
1.812235
1.812773
1.813371
1.813248
1.813862
1.814720
1.814565
1.815295
1.815167
1.814988
1.814892
1.815333
1.815333
1.815175
1.814912
1.814947
1.815739
1.815114
1.815313
1.814615
1.815769
1.815330
1.815183
1.814983
1.815082
1.815563
1.815051
1.814855
1.815076
1.815240
1.815176
1.815475
1.813851
1.814125
1.815482
1.815261
1.815290
1.815284
1.815228
1.816001
1.815309
1.815500
1.815186
1.816221
1.815849
1.815748
1.815593
1.815668
1.816405
1.815919
1.816211
1.815786
1.815887
1.815819
1.815740
1.815814
1.815760
1.816723
1.815921
1.815627
1.815400
1.816154
1.816210
1.816134
1.815845
1.814643
1.815088
1.813940
1.812906
1.814129
1.814677
1.814505
1.815283
1.815461
1.814992
1.815872
1.815888
1.814910
1.814750
1.815765
1.816185
1.815925
1.815826
1.815598
1.816652
1.816043
1.815567
1.815760
1.815510
1.816010
1.815814
1.815358
1.815372
1.815962
1.815549
1.815390
1.815038
1.815109
1.815903
1.815012
1.814938
1.814582
1.815174
1.814703
1.814643
1.814489
1.814264
1.814951
1.814467
1.814556
1.814208
1.814698
1.814561
1.814258
1.814204
1.814341
1.814799
1.814506
1.814535
1.814263
1.814529
1.815099
1.814701
1.814423
1.814640
1.815466
1.814951
1.814587
1.814774
1.814744
1.815391
1.814502
1.813340
1.813428
1.813809
1.813259
1.813657
1.814126
1.813272
1.814885
1.814383
1.814587
1.814421
1.815123
1.814654
1.814629
1.814442
1.814531
1.815250
1.814899
1.814756
1.815099
1.815158
1.815113
1.814995
1.815138
1.814938
1.815459
1.815035
1.815072
1.815351
1.815622
1.815419
1.815238
1.815345
1.815102
1.815713
1.815279
1.815321
1.815063
1.815221
1.815713
1.815072
1.815167
1.814793
1.815576
1.815113
1.814535
1.814582
1.814989
1.815339
1.814797
1.814873
1.814557
1.815336
1.815113
1.815096
1.814692
1.815047
1.815487
1.815345
1.815509
1.815045
1.815562
1.815420
1.815409
1.815259
1.815503
1.816025
1.815498
1.815310
1.815723
1.814612
1.814379
1.814393
1.814481
1.813946
1.815878
1.815442
1.815479
1.815310
1.815419
1.815826
1.815801
1.815462
1.814793
1.815844
1.815155
1.815407
1.814983
1.815159
1.815693
1.815168
1.815251
1.815243
1.816156
1.815769
1.814969
1.815488
1.815749
1.815915
1.814680
1.814672
1.814290
1.814295
1.814917
1.814575
1.814815
1.814938
1.815155
1.814349
1.814218
1.814395
1.815096
1.814466
1.814156
1.813825
1.813624
1.814681
1.814219
1.813684
1.814111
1.814356
1.814491
1.814013
1.814016
1.813701
1.814939
1.813446
1.814116
1.813918
1.813788
1.814815
1.814147
1.813706
1.814174
1.814798
1.814245
1.814104
1.813750
1.813887
1.814560
1.814388
1.813996
1.814010
1.814602
1.815069
1.814108
1.814576
1.814169
1.814395
1.814587
1.814402
1.814597
1.814958
1.814379
1.814196
1.814641
1.814255
1.814440
1.813934
1.813965
1.813893
1.813675
1.815058
1.814932
1.813696
1.814895
1.815888
1.815294
1.815954
1.815234
1.814404
1.815845
1.815577
1.814880
1.815206
1.815524
1.814726
1.814628
1.813850
1.814919
1.815437
1.815764
1.814845
1.815016
1.815804
1.815012
1.813895
1.814698
1.815110
1.815937
1.815155
1.815150
1.815161
1.815287
1.815222
1.814427
1.814780
1.814959
1.815556
1.815219
1.814977
1.814737
1.815367
1.815183
1.815049
1.815000
1.814814
1.815856
1.815143
1.815112
1.815333
1.815660
1.816086
1.815478
1.815843
1.815360
1.816096
1.815752
1.815978
1.816005
1.815254
1.815867
1.815632
1.815695
1.814603
1.816413
1.815534
1.815518
1.815627
1.815303
1.816243
1.815351
1.814905
1.814811
1.815943
1.815271
1.815124
1.815068
1.814964
1.815984
1.815247
1.815108
1.815082
1.815875
1.815758
1.815432
1.815351
1.815592
1.816289
1.815793
1.815821
1.815966
1.815902
1.815947
1.815935
1.815670
1.815615
1.816496
1.815923
1.815805
1.815607
1.815608
1.816078
1.815939
1.815674
1.815389
1.816583
1.815518
1.815467
1.815759
1.815371
1.815738
1.815429
1.815606
1.815416
1.815835
1.815653
1.815668
1.815494
1.815628
1.816308
1.815672
1.815695
1.815555
1.816044
1.816145
1.816085
1.816070
1.815920
1.816832
1.816231
1.816239
1.816210
1.816597
1.816441
1.816104
1.816369
1.815923
1.816893
1.816470
1.816379
1.816180
1.816042
1.816921
1.816232
1.816034
1.815353
1.815974
1.813723
1.813416
1.812748
1.813250
1.813228
1.814927
1.815882
1.815436
1.816098
1.816398
1.815129
1.814394
1.815111
1.816238
1.815752
1.815282
1.814745
1.816028
1.815929
1.815976
1.816512
1.816176
1.816681
1.816705
1.816546
1.815769
1.816700
1.816638
1.816225
1.816201
1.816029
1.817082
1.816624
1.816337
1.815955
1.816043
1.816428
1.815786
1.815529
1.815783
1.816271
1.816267
1.816042
1.815327
1.815607
1.816341
1.815953
1.816042
1.815400
1.816343
1.815992
1.815990
1.816212
1.815913
1.816162
1.815499
1.815617
1.815785
1.816332
1.816115
1.816098
1.816027
1.815975
1.816398
1.815987
1.815327
1.815702
1.816095
1.816217
1.815729
1.815827
1.815758
1.816474
1.815806
1.815521
1.815147
1.816239
1.816538
1.815977
1.815714
1.815456
1.815924
1.815519
1.815769
1.816413
1.816813
1.817653
1.816010
1.816345
1.816608
1.817270
1.816910
1.816903
1.816817
1.816745
1.817271
1.816694
1.816930
1.816747
1.817312
1.816732
1.816757
1.816765
1.816537
1.816899
1.816763
1.816594
1.816472
1.816988
1.816506
1.816155
1.816264
1.815678
1.816844
1.816440
1.816190
1.815833
1.816507
1.816346
1.816000
1.816316
1.815979
1.816626
1.816455
1.816243
1.815551
1.816145
1.816365
1.815060
1.816372
1.816128
1.816729
1.816577
1.816669
1.816338
1.816412
1.817201
1.816230
1.816503
1.816440
1.817120
1.816285
1.816154
1.816519
1.816182
1.816961
1.816422
1.816250
1.816272
1.816862
1.815977
1.816158
1.816238
1.815860
1.816632
1.816100
1.815923
1.816065
1.816247
1.816168
1.816123
1.816067
1.816346
1.816844
1.816506
1.816361
1.816267
1.816526
1.816882
1.816811
1.816862
1.816269
1.817140
1.816531
1.816599
1.816232
1.816275
1.817064
1.815335
1.813659
1.813380
1.814101
1.814085
1.813321
1.814381
1.815334
1.815640
1.815235
1.815507
1.815427
1.816404
1.815273
1.816331
1.816605
1.816495
1.817078
1.816657
1.816659
1.816637
1.817161
1.816375
1.816959
1.817304
1.816916
1.817452
1.817209
1.816952
1.817261
1.817384
1.817378
1.817316
1.817361
1.816463
1.817673
1.817381
1.817178
1.817088
1.817026
1.817130
1.817169
1.817176
1.816679
1.817288
1.816751
1.816858
1.816451
1.815313
1.816763
1.816550
1.816475
1.816305
1.817094
1.816555
1.816806
1.816447
1.816263
1.817226
1.816468
1.816710
1.816730
1.817253
1.817192
1.816803
1.816713
1.816739
1.817567
1.816955
1.816823
1.816870
1.816832
1.817167
1.816972
1.816785
1.816606
1.817228
1.816937
1.816655
1.815257
1.815761
1.815870
1.814694
1.816082
1.815296
1.816601
1.816243
1.816087
1.815953
1.816325
1.816454
1.816466
1.816132
1.815759
1.816803
1.816435
1.816458
1.815855
1.816078
1.816995
1.816729
1.816561
1.816044
1.816890
1.816907
1.816877
1.816716
1.815614
1.816413
1.816469
1.816447
1.816270
1.816946
1.816883
1.816577
1.816576
1.816301
1.817105
1.816607
1.816210
1.816184
1.816446
1.816142
1.816155
1.816058
1.815810
1.816840
1.816064
1.816094
1.815972
1.816129
1.816383
1.816128
1.816491
1.815556
1.816968
1.816978
1.816134
1.816223
1.816232
1.816970
1.816408
1.816465
1.816500
1.816633
1.814865
1.815087
1.815672
1.814824
1.816891
1.816538
1.816716
1.816232
1.816966
1.816596
1.816223
1.816357
1.815831
1.816655
1.816050
1.816031
1.816165
1.816410
1.816486
1.815988
1.816030
1.815863
1.816801
1.816146
1.816279
1.816109
1.816199
1.816590
1.816481
1.816388
1.815851
1.817217
1.816559
1.816444
1.816537
1.816756
1.817044
1.816586
1.816649
1.816567
1.817377
1.816636
1.816670
1.816595
1.816452
1.817247
1.816714
1.816702
1.816344
1.817114
1.816581
1.816146
1.816709
1.816529
1.816815
1.816410
1.816428
1.816112
1.816877
1.816489
1.816055
1.816435
1.816017
1.816894
1.816584
1.816396
1.816314
1.817321
1.816686
1.814783
1.815417
1.815490
1.816459
1.816679
1.816902
1.817053
1.817036
1.816325
1.816452
1.817014
1.816254
1.817160
1.816554
1.816545
1.816415
1.816408
1.817034
1.816106
1.816190
1.815653
1.816618
1.816336
1.816083
1.816118
1.816145
1.816717
1.816052
1.815908
1.816149
1.816668
1.816639
1.816223
1.816379
1.816618
1.817139
1.816626
1.816671
1.816625
1.817006
1.817351
1.816562
1.816368
1.816784
1.817575
1.816421
1.816915
1.816531
1.816494
1.817040
1.816518
1.816450
1.816164
1.817086
1.816434
1.816367
1.815914
1.816255
1.816676
1.816022
1.815947
1.815696
1.816561
1.816066
1.816512
1.814731
1.814328
1.815970
1.814682
1.815986
1.815287
1.816359
1.816722
1.816229
1.816037
1.816251
1.816787
1.816115
1.816259
1.815978
1.816555
1.816803
1.816010
1.815875
1.815870
1.816550
1.816171
1.815870
1.816182
1.816356
1.816374
1.816284
1.815885
1.815504
1.816616
1.815476
1.815270
1.815578
1.815809
1.816085
1.815965
1.814905
1.815318
1.816232
1.815825
1.815895
1.816418
1.815959
1.816895
1.816470
1.816312
1.815864
1.816331
1.816594
1.816379
1.816168
1.815943
1.816727
1.816193
1.816342
1.816119
1.816877
1.816552
1.816214
1.816077
1.816020
1.816873
1.816401
1.816522
1.816133
1.816557
1.816463
1.816143
1.816781
1.815239
1.815038
1.815093
1.814671
1.815400
1.816114
1.816518
1.816000
1.815884
1.815966
1.816908
1.816672
1.816402
1.816472
1.816528
1.817048
1.816611
1.817093
1.816458
1.817350
1.816711
1.816732
1.816931
1.816617
1.817225
1.816679
1.816736
1.816298
1.817130
1.816618
1.816304
1.816545
1.816300
1.816846
1.816328
1.816548
1.815907
1.816773
1.816769
1.816065
1.816155
1.816075
1.816919
1.816406
1.816537
1.816245
1.816407
1.816838
1.816283
1.816722
1.816267
1.817341
1.816542
1.816124
1.816475
1.816689
1.817229
1.816806
1.816715
1.816796
1.817428
1.816750
1.816630
1.816588
1.816844
1.816902
1.814610
1.815293
1.815783
1.815408
1.816258
1.816261
1.816257
1.815957
1.816386
1.816289
1.815494
1.815302
1.816315
1.815944
1.816258
1.815956
1.815649
1.816480
1.815997
1.816349
1.815950
1.816006
1.816611
1.816972
1.816495
1.816174
1.816965
1.816711
1.816503
1.816419
1.816338
1.817331
1.816381
1.816788
1.816392
1.816906
1.816233
1.816261
1.816310
1.816207
1.816650
1.816022
1.816073
1.815808
1.816604
1.816050
1.815944
1.815929
1.815878
1.816503
1.816146
1.816419
1.815755
1.816587
1.816094
1.816278
1.816096
1.816280
1.816807
1.816242
1.816502
1.816325
1.816997
1.816775
1.816557
1.816602
1.816621
1.817374
1.816946
1.815643
1.815428
1.815615
1.815865
1.815770
1.816615
1.816413
1.817323
1.816648
1.817003
1.816467
1.816512
1.816881
1.816646
1.816508
1.816241
1.817221
1.816694
1.816395
1.816670
1.816261
1.816967
1.816635
1.816741
1.816518
1.817425
1.816745
1.817160
1.816695
1.816785
1.817454
1.816797
1.817095
1.816850
1.817476
1.817207
1.816959
1.817246
1.816784
1.817455
1.816993
1.817053
1.816469
1.817018
1.817037
1.816829
1.816760
1.816590
1.817354
1.816636
1.816970
1.816493
1.816602
1.817211
1.816661
1.816554
1.816469
1.817164
1.816611
1.816490
1.816598
1.816813
1.817178
1.816979
1.817339
1.816134
1.815380
1.815984
1.816182
1.815672
1.816667
1.817711
1.817405
1.817123
1.816881
1.817744
1.816722
1.817015
1.817341
1.816974
1.817579
1.817392
1.817091
1.817054
1.817305
1.817678
1.817235
1.817358
1.816461
1.818094
1.817405
1.816888
1.817197
1.817210
1.817553
1.817423
1.817426
1.816953
1.817814
1.817446
1.817508
1.817605
1.817511
1.818330
1.817725
1.817639
1.817695
1.818323
1.818030
1.817821
1.817637
1.817773
1.818395
1.817729
1.817671
1.817603
1.818388
1.817695
1.817637
1.817655
1.817345
1.818181
1.817560
1.817520
1.817409
1.817849
1.817537
1.817409
1.817405
1.816991
1.817879
1.817577
1.817350
1.817721
1.817426
1.816719
1.816257
1.816400
1.816534
1.817498
1.817290
1.817245
1.816877
1.816902
1.817634
1.817073
1.816725
1.816619
1.817684
1.817226
1.817037
1.816886
1.817178
1.817401
1.817155
1.816652
1.816227
1.817152
1.816893
1.816384
1.816276
1.816127
1.816765
1.816047
1.816079
1.815961
1.816224
1.815898
1.815439
1.815503
1.815121
1.815291
1.814573
1.813599
1.812777
1.812733
1.811738
1.811273
1.810960
1.810474
1.811358
1.810820
1.810935
1.811229
1.811140
1.811759
1.811695
1.811019
1.810723
1.811637
1.810933
1.809818
1.810089
1.809728
1.810113
1.809486
1.809631
1.809476
1.809508
1.808933
1.807570
1.807413
1.807626
1.807970
1.807165
1.803997
1.802233
1.804720
1.803663
1.802109
1.796471
1.791391
1.796838
1.796722
1.794952
1.788332
1.780381
1.784105
1.790359
1.789709
1.782833
1.771445
1.776509
1.788272
1.788327
1.786166
1.771048
1.776831
1.788362
1.788079
1.785111
1.769980
1.775863
1.787151
1.786503
1.781871
1.766433
1.771008
1.782203
1.783790
1.779659
1.764166
1.767290
1.776050
1.781968
1.779394
1.765208
1.765689
1.770792
1.780891
1.780447
1.768910
1.764568
1.770352
1.777692
1.780772
1.773610
1.764307
1.770465
1.773610
1.780854
1.776273
1.765542
1.771894
1.772473
1.777667
1.776547
1.763682
1.768548
1.768203
1.777461
1.780521
1.765740
1.768264
1.769944
1.775933
1.781890
1.766937
1.763641
1.769050
1.771927
1.781971
1.768569
1.761791
1.770486
1.768385
1.781202
1.770899
1.760703
1.769115
1.765012
1.775551
1.771731
1.759105
1.764279
1.763518
1.769631
1.773841
1.759946
1.760339
1.764755
1.765333
1.775413
1.761494
1.758589
1.766089
1.762908
1.776100
1.767008
1.757306
1.768160
1.762167
1.775217
1.773493
1.758751
1.766261
1.764777
1.772604
1.778651
1.763244
1.763773
1.772219
1.770626
1.782804
1.771663
1.764591
1.775992
1.770020
1.783314
1.778572
1.767764
1.777968
1.773340
1.783267
1.786348
1.773879
1.778067
1.781147
1.782899
1.791840
1.779968
1.778783
1.787037
1.783633
1.793763
1.787427
1.782430
1.792689
1.789938
1.796840
1.796383
1.788732
1.794437
1.795756
1.797660
1.802132
1.793367
1.795359
1.800780
1.799954
1.806338
1.798144
1.796209
1.802294
1.799655
1.806892
1.802292
1.798820
1.804188
1.800008
1.806252
1.806686
1.801044
1.805275
1.802908
1.805694
1.806682
1.802878
1.804216
1.803268
1.803687
1.803254
1.802372
1.802081
1.801627
1.801085
1.800334
1.799785
1.799895
1.799669
1.799279
1.799474
1.799073
1.799305
1.800309
1.799724
1.799587
1.799909
1.800004
1.800873
1.800600
1.800791
1.800785
1.801741
1.801538
1.801739
1.801347
1.800588
1.801445
1.801860
1.801099
1.802256
1.803623
1.802831
1.802784
1.802868
1.802802
1.803446
1.803039
1.803063
1.803015
1.803512
1.803203
1.803069
1.803024
1.803066
1.803538
1.803067
1.803278
1.802997
1.803573
1.803381
1.802977
1.803295
1.802980
1.804064
1.803726
1.803645
1.803768
1.804339
1.804477
1.803882
1.803930
1.803633
1.804501
1.804225
1.803762
1.803810
1.804064
1.804627
1.804112
1.803820
1.803405
1.804795
1.804235
1.804148
1.804396
1.804435
1.805031
1.804487
1.804410
1.804037
1.804946
1.803773
1.804160
1.804044
1.803645
1.804618
1.803947
1.804075
1.804047
1.804839
1.804843
1.804550
1.804899
1.804873
1.804370
1.804419
1.804420
1.804283
1.804795
1.805381
1.806983
1.807314
1.807066
1.808103
1.807736
1.808419
1.808279
1.808357
1.809182
1.809469
1.810097
1.810012
1.810636
1.810979
1.811051
1.810628
1.810558
1.810771
1.810162
1.811115
1.809856
1.808611
1.808643
1.809090
1.810706
1.809605
1.806350
1.806027
1.807654
1.810279
1.810778
1.808829
1.807391
1.807719
1.810568
1.811321
1.810129
1.808017
1.808342
1.810886
1.811709
1.810942
1.808288
1.808009
1.810932
1.812236
1.811404
1.808182
1.808205
1.810011
1.812177
1.812360
1.809073
1.807467
1.809097
1.812140
1.811997
1.810631
1.808088
1.808599
1.812497
1.810704
1.811135
1.806635
1.807339
1.810920
1.811410
1.812091
1.808308
1.809028
1.812412
1.813349
1.813167
1.810316
1.810061
1.812744
1.813885
1.813359
1.811469
1.810416
1.813499
1.813889
1.813185
1.812168
1.811237
1.813561
1.813444
1.813374
1.813142
1.812055
1.812965
1.813400
1.813407
1.812831
1.812358
1.812771
1.813272
1.813337
1.813487
1.812884
1.813224
1.813599
1.813354
1.814239
1.813491
1.813532
1.813338
1.814082
1.814588
1.813775
1.813673
1.813771
1.814737
1.814134
1.813890
1.813788
1.814087
1.814736
1.814530
1.814076
1.813661
1.814632
1.814371
1.813832
1.814192
1.813633
1.814343
1.814421
1.812391
1.812085
1.812218
1.812253
1.812751
1.812460
1.811808
1.813284
1.813837
1.813747
1.813334
1.813465
1.813648
1.813837
1.813880
1.813892
1.814234
1.813934
1.814081
1.813784
1.813931
1.814656
1.813759
1.814137
1.813885
1.814972
1.814341
1.814024
1.814057
1.813851
1.814481
1.814294
1.814181
1.813849
1.814379
1.814335
1.814059
1.814031
1.813489
1.814471
1.814041
1.813583
1.813716
1.813982
1.813981
1.814042
1.814278
1.813734
1.814920
1.813983
1.814109
1.814010
1.814464
1.814789
1.814238
1.814620
1.814163
1.814631
1.814396
1.814350
1.814446
1.814748
1.814889
1.814280
1.814693
1.814195
1.815413
1.813153
1.812993
1.812949
1.813465
1.813710
1.814176
1.814067
1.813565
1.814654
1.814215
1.813981
1.813791
1.813970
1.814404
1.813893
1.813558
1.813340
1.814519
1.812691
1.813559
1.813775
1.813697
1.814468
1.813998
1.813409
1.813836
1.814272
1.814007
1.814010
1.814279
1.813763
1.814910
1.814321
1.813981
1.814051
1.814443
1.813706
1.813872
1.814027
1.813646
1.814237
1.813766
1.813650
1.813607
1.813543
1.813750
1.813298
1.812793
1.812490
1.813347
1.812769
1.812768
1.812717
1.812610
1.813287
1.812536
1.812695
1.812057
1.812780
1.812613
1.812613
1.812691
1.811758
1.812780
1.812353
1.812599
1.812427
1.812921
1.813285
1.811517
1.811630
1.810988
1.811423
1.811349
1.811179
1.811498
1.811054
1.812698
1.812782
1.812780
1.812897
1.813381
1.812850
1.812840
1.812882
1.812817
1.813119
1.813035
1.812907
1.812477
1.813353
1.813205
1.813315
1.813039
1.813009
1.814048
1.813544
1.813343
1.813480
1.813751
1.813718
1.813720
1.813911
1.813788
1.814262
1.813712
1.813828
1.813774
1.814499
1.814057
1.813892
1.813662
1.813375
1.814441
1.814018
1.814003
1.813641
1.813984
1.813928
1.813946
1.813454
1.813132
1.814194
1.813353
1.813377
1.813105
1.813410
1.813902
1.813665
1.813056
1.812733
1.813949
1.813359
1.813495
1.813276
1.813924
1.813055
1.812332
1.812182
1.811604
1.812432
1.812757
1.812544
1.812502
1.813710
1.814271
1.813829
1.813713
1.813914
1.813387
1.813853
1.813288
1.813371
1.813504
1.814106
1.813526
1.813619
1.813280
1.813478
1.813316
1.813816
1.813299
1.813173
1.813863
1.813257
1.813298
1.813270
1.813250
1.813803
1.813312
1.813299
1.813254
1.814022
1.813573
1.813254
1.813631
1.813416
1.813882
1.813775
1.813686
1.813315
1.814185
1.813824
1.814083
1.813788
1.813700
1.814582
1.813836
1.813740
1.813431
1.813982
1.813830
1.813464
1.813855
1.813393
1.814125
1.813399
1.813390
1.813407
1.813495
1.813573
1.813208
1.813471
1.812453
1.812665
1.811615
1.811403
1.812131
1.812587
1.812865
1.812093
1.813176
1.813046
1.814156
1.813669
1.813417
1.813499
1.813847
1.813978
1.813879
1.813580
1.813404
1.814520
1.813913
1.813216
1.813818
1.813303
1.814094
1.813611
1.813355
1.812876
1.813871
1.813556
1.813602
1.813119
1.813378
1.813982
1.813349
1.813664
1.813278
1.813672
1.813231
1.813374
1.813579
1.813215
1.813776
1.813523
1.813640
1.813418
1.813759
1.813783
1.813661
1.813546
1.813661
1.814013
1.813617
1.813684
1.813701
1.813664
1.813920
1.813788
1.813897
1.813229
1.814401
1.813625
1.813200
1.813225
1.813506
1.813861
1.813769
1.812778
1.811545
1.812620
1.811937
1.812338
1.812271
1.812088
1.812732
1.812377
1.812699
1.811993
1.812541
1.812678
1.812545
1.812456
1.812427
1.813041
1.813036
1.813161
1.812107
1.812716
1.812698
1.812763
1.812718
1.812466
1.813433
1.812447
1.812528
1.812533
1.812685
1.812485
1.812541
1.812539
1.811678
1.812641
1.812393
1.811870
1.811981
1.811751
1.812301
1.811906
1.811789
1.810919
1.812322
1.811835
1.811681
1.811727
1.811328
1.811679
1.811557
1.811646
1.811692
1.811821
1.811835
1.811467
1.811800
1.811422
1.812283
1.812054
1.811837
1.811664
1.812134
1.811981
1.811680
1.812035
1.811571
1.812163
1.811579
1.811579
1.811090
1.811622
1.811444
1.811004
1.811433
1.811050
1.811597
1.811335
1.810837
1.811272
1.811131
1.811395
1.811099
1.810724
1.810697
1.811405
1.811106
1.811039
1.811075
1.811512
1.811695
1.811366
1.811240
1.811256
1.812212
1.811572
1.811443
1.811470
1.811309
1.812180
1.811668
1.811636
1.811562
1.812260
1.812069
1.811525
1.811639
1.811476
1.812126
1.811494
1.811433
1.811495
1.811588
1.811870
1.811351
1.810896
1.811088
1.812260
1.810704
1.811086
1.811132
1.811318
1.811349
1.811248
1.811342
1.810657
1.811063
1.811079
1.811476
1.810933
1.811274
1.810560
1.808881
1.808736
1.808243
1.810265
1.809399
1.809351
1.810588
1.810505
1.811583
1.811040
1.811039
1.810536
1.812695
1.812131
1.812277
1.812076
1.811813
1.812496
1.811965
1.811814
1.811277
1.812020
1.811852
1.811138
1.811148
1.811246
1.812065
1.811709
1.811232
1.811272
1.811761
1.811848
1.811473
1.811336
1.811619
1.812044
1.810858
1.811170
1.811215
1.811488
1.811305
1.810870
1.810837
1.810865
1.811541
1.810932
1.810858
1.810737
1.810151
1.810516
1.810341
1.810268
1.810079
1.810794
1.810346
1.810064
1.810057
1.809922
1.810173
1.809759
1.809677
1.809222
1.809956
1.809418
1.809092
1.809098
1.808870
1.809515
1.809080
1.808924
1.808919
1.809280
1.809490
1.808490
1.809049
1.808562
1.810288
1.808382
1.807118
1.807067
1.806557
1.807937
1.807004
1.807656
1.808065
1.808401
1.807727
1.808243
1.808193
1.807944
1.807984
1.807738
1.807952
1.807207
1.807646
1.806882
1.806650
1.806560
1.806001
1.806813
1.805919
1.805907
1.805308
1.806040
1.805170
1.804788
1.804923
1.804339
1.804895
1.804045
1.804012
1.803879
1.803668
1.803275
1.802672
1.802533
1.802284
1.802915
1.802256
1.801483
1.801165
1.801358
1.801305
1.800138
1.799979
1.799477
1.799866
1.799323
1.798941
1.798401
1.798352
1.798422
1.798084
1.797671
1.797608
1.797470
1.797780
1.797631
1.797145
1.796848
1.796925
1.796935
1.797247
1.797104
1.795931
1.795213
1.795189
1.795198
1.795450
1.795170
1.794807
1.796069
1.796810
1.797591
1.797203
1.796746
1.796440
1.796994
1.797851
1.797401
1.796780
1.796437
1.796982
1.797037
1.797121
1.796442
1.796026
1.797186
1.797138
1.796684
1.796445
1.796106
1.796491
1.796885
1.797019
1.796781
1.797432
1.796814
1.797375
1.797792
1.797747
1.798018
1.797640
1.798334
1.798759
1.799692
1.799054
1.798859
1.799516
1.799910
1.801025
1.800616
1.800069
1.800521
1.801968
1.801800
1.801760
1.801721
1.801774
1.803267
1.802809
1.802812
1.803012
1.803698
1.804305
1.804603
1.804980
1.804421
1.805761
1.805482
1.806282
1.805871
1.805288
1.805836
1.805589
1.806064
1.806391
1.806942
1.808158
1.809065
1.809348
1.809853
1.810813
1.810017
1.810255
1.810474
1.811830
1.811965
1.810758
1.810204
1.810674
1.810928
1.811813
1.811945
1.811786
1.812656
1.811720
1.812161
1.812181
1.811693
1.812437
1.812059
1.812056
1.811528
1.812241
1.811626
1.811784
1.811828
1.811594
1.812031
1.811742
1.811861
1.811773
1.812096
1.812320
1.811760
1.811617
1.812223
1.812758
1.812518
1.812077
1.812423
1.812106
1.813105
1.812614
1.812378
1.810988
1.811640
1.812747
1.812062
1.812742
1.812521
1.813316
1.812407
1.812427
1.812387
1.813321
1.812921
1.813128
1.811469
1.811489
1.812592
1.811463
1.812398
1.812536
1.813230
1.812599
1.812533
1.812755
1.812717
1.813601
1.812941
1.812977
1.813003
1.813573
1.813887
1.813176
1.813115
1.813241
1.814248
1.813931
1.813586
1.813472
1.813892
1.814155
1.814216
1.813859
1.813436
1.814908
1.813250
1.813101
1.813028
1.812823
1.813495
1.812948
1.812685
1.812959
1.813379
1.812667
1.812134
1.811905
1.811780
1.812748
1.811648
1.812809
1.812120
1.812740
1.812198
1.812206
1.812152
1.812007
1.813414
1.812038
1.812218
1.812444
1.812546
1.812776
1.812352
1.812764
1.811903
1.812960
1.812689
1.812585
1.812993
1.812906
1.812985
1.812289
1.812869
1.812369
1.812953
1.812781
1.812576
1.812252
1.812389
1.812744
1.811764
1.812135
1.812411
1.813183
1.812226
1.812841
1.812007
1.812000
1.812944
1.811987
1.812975
1.813288
1.813239
1.813000
1.814162
1.812531
1.813734
1.814719
1.812574
1.813875
1.813697
1.814681
1.814185
1.813439
1.813164
1.813338
1.813529
1.813264
1.813047
1.813478
1.813356
1.813399
1.813154
1.813187
1.813249
1.813673
1.813532
1.813412
1.813105
1.813340
1.813371
1.812819
1.813015
1.812204
1.813383
1.813087
1.813046
1.812870
1.812736
1.813639
1.813066
1.813022
1.812043
1.813478
1.813178
1.812770
1.812936
1.813071
1.813641
1.813299
1.813294
1.813143
1.813804
1.813582
1.813070
1.813253
1.812994
1.814122
1.812969
1.812663
1.812961
1.813224
1.812927
1.812953
1.812772
1.812577
1.813475
1.812634
1.812244
1.812190
1.812242
1.812025
1.812074
1.811748
1.811234
1.812100
1.811946
1.811320
1.811405
1.811265
1.812109
1.811498
1.812159
1.811658
1.812528
1.812040
1.811977
1.811802
1.812074
1.812554
1.812197
1.812420
1.811722
1.812570
1.812297
1.811933
1.812130
1.811813
1.812369
1.811934
1.811813
1.811628
1.812586
1.812142
1.811725
1.811730
1.811573
1.812350
1.811699
1.811569
1.811707
1.811919
1.812013
1.811841
1.811923
1.811417
1.812234
1.811846
1.811853
1.811935
1.811913
1.811920
1.811727
1.811520
1.811649
1.812978
1.812195
1.812286
1.812243
1.811965
1.812633
1.812124
1.811762
1.811130
1.812119
1.811854
1.811717
1.811457
1.811349
1.811990
1.811367
1.811329
1.810882
1.811194
1.811040
1.811322
1.809304
1.808312
1.808547
1.808150
1.808569
1.808984
1.809653
1.810369
1.810192
1.811169
1.809456
1.810145
1.809620
1.810549
1.810680
1.809842
1.810563
1.810234
1.810246
1.810990
1.812044
1.811556
1.811576
1.811306
1.811599
1.811708
1.811702
1.811681
1.811047
1.811988
1.811727
1.811556
1.811509
1.811225
1.811372
1.811414
1.810661
1.810899
1.811260
1.811109
1.811360
1.811432
1.810731
1.811374
1.811011
1.811292
1.811121
1.811449
1.811475
1.811798
1.811196
1.811153
1.811774
1.811637
1.811529
1.811304
1.811995
1.812054
1.811661
1.811506
1.811257
1.812313
1.811920
1.811539
1.811749
1.811041
1.811988
1.811690
1.811395
1.811422
1.811820
1.811165
1.810924
1.811251
1.811243
1.811484
1.811119
1.811316
1.810867
1.811687
1.811379
1.810833
1.810914
1.810969
1.811629
1.811513
1.811081
1.810800
1.811515
1.811522
1.811365
1.811473
1.810904
1.811560
1.811389
1.811245
1.811500
1.811579
1.811324
1.811734
1.810923
1.811304
1.811846
1.811185
1.811105
1.811510
1.811026
1.811458
1.810486
1.811216
1.811249
1.812106
1.811120
1.811208
1.811345
1.811040
1.811312
1.811364
1.811132
1.810724
1.811949
1.811315
1.811224
1.811520
1.811165
1.812092
1.811314
1.811419
1.811233
1.811692
1.811835
1.811669
1.811489
1.811418
1.812152
1.811562
1.811386
1.811425
1.811535
1.811607
1.811596
1.811190
1.811399
1.812305
1.811183
1.810982
1.811109
1.811403
1.812027
1.811577
1.810893
1.810864
1.811708
1.811222
1.811084
1.810835
1.810915
1.811700
1.809074
1.808950
1.808488
1.809844
1.809602
1.808982
1.809773
1.809636
1.811514
1.810759
1.811701
1.811010
1.812331
1.812344
1.812407
1.812209
1.812472
1.811858
1.812036
1.812290
1.811888
1.812388
1.812676
1.811786
1.812246
1.811655
1.812367
1.811617
1.812028
1.810950
1.812010
1.812211
1.811548
1.811627
1.811388
1.812011
1.811976
1.811543
1.811702
1.812109
1.812395
1.811743
1.810946
1.811559
1.812169
1.812361
1.811362
1.811996
1.812053
1.812320
1.812028
1.812100
1.811628
1.812625
1.811889
1.811624
1.812090
1.811783
1.812419
1.812164
1.811942
1.811579
1.812101
1.811991
1.811725
1.811922
1.811606
1.812357
1.811852
1.811960
1.811779
1.811933
1.812044
1.812339
1.811914
1.812055
1.813011
1.811900
1.810436
1.810844
1.811306
1.811600
1.811716
1.812348
1.812298
1.813208
1.812626
1.812966
1.812608
1.812664
1.813397
1.812748
1.812416
1.812630
1.813955
1.813265
1.813507
1.813453
1.813729
1.814048
1.813437
1.813611
1.813623
1.814570
1.813523
1.814057
1.814011
1.814180
1.814972
1.814324
1.814501
1.814411
1.815227
1.815417
1.815156
1.815066
1.815438
1.816037
1.815440
1.815845
1.815445
1.816232
1.816347
1.816217
1.816128
1.816111
1.817049
1.816501
1.816725
1.816439
1.816769
1.817531
1.816792
1.816710
1.816847
1.817670
1.817334
1.816788
1.817070
1.817000
1.817484
1.817228
1.817188
1.817184
1.817783
1.817342
1.817945
1.815926
1.815842
1.817239
1.816712
1.816071
1.817365
1.818463
1.818193
1.818371
1.817849
1.817558
1.818250
1.818295
1.818186
1.818001
1.818350
1.818584
1.818055
1.818149
1.818019
1.818719
1.817920
1.818278
1.818154
1.818485
1.818675
1.818042
1.817649
1.817983
1.818329
1.818139
1.817846
1.817672
1.817419
1.818141
1.818076
1.817989
1.817568
1.818362
1.818316
1.818081
1.818039
1.818099
1.818789
1.818376
1.818314
1.818363
1.818858
1.818686
1.818588
1.818659
1.818630
1.819057
1.818469
1.818506
1.818531
1.819091
1.818836
1.818396
1.818288
1.818262
1.819255
1.818724
1.818272
1.818567
1.818263
1.816795
1.817572
1.817290
1.816285
1.819176
1.818640
1.818015
1.818174
1.818243
1.818580
1.818383
1.818423
1.817691
1.818832
1.818610
1.818649
1.818672
1.818562
1.819091
1.818592
1.818663
1.818153
1.819181
1.818654
1.818410
1.818257
1.818537
1.818892
1.818306
1.817919
1.818025
1.818628
1.818499
1.818491
1.818277
1.817829
1.818694
1.818243
1.818358
1.817724
1.818009
1.818359
1.818150
1.818052
1.817738
1.818803
1.818109
1.818247
1.817945
1.818458
1.818470
1.818190
1.818520
1.818106
1.818973
1.818720
1.818117
1.818369
1.818510
1.819119
1.818485
1.818301
1.818527
1.819133
1.818864
1.818480
1.818734
1.818937
1.819004
1.816838
1.817597
1.817401
1.817282
1.818581
1.818354
1.817932
1.817891
1.818737
1.818233
1.818364
1.818011
1.818337
1.818308
1.818190
1.818233
1.818267
1.818439
1.818338
1.818535
1.818300
1.818683
1.818567
1.818321
1.818572
1.818350
1.819161
1.818529
1.818485
1.818737
1.818612
1.818896
1.818663
1.818672
1.818456
1.819288
1.818678
1.818376
1.818194
1.818530
1.818932
1.818152
1.818298
1.817908
1.818507
1.818223
1.818113
1.817859
1.817464
1.818602
1.818348
1.817975
1.817641
1.818503
1.818115
1.818088
1.818283
1.817724
1.819279
1.818146
1.818546
1.818246
1.818442
1.818846
1.818845
1.817517
1.817008
1.817999
1.817319
1.817707
1.818298
1.818314
1.818379
1.818241
1.818106
1.818311
1.818784
1.818346
1.818320
1.818000
1.817766
1.818354
1.818267
1.817969
1.817774
1.818417
1.818510
1.818087
1.817914
1.817825
1.818438
1.817874
1.817882
1.818147
1.818668
1.818472
1.818959
1.817779
1.818161
1.819102
1.818454
1.818480
1.818302
1.819144
1.818950
1.818780
1.818858
1.818316
1.819126
1.818829
1.818091
1.818392
1.818789
1.818808
1.818608
1.818732
1.818104
1.818807
1.818142
1.818078
1.818250
1.818345
1.818821
1.818419
1.818385
1.818048
1.818997
1.818744
1.818455
1.818369
1.818709
1.819210
1.818664
1.819067
1.818019
1.817360
1.818088
1.818075
1.817265
1.818506
1.819698
1.819382
1.819166
1.819020
1.819807
1.819571
1.819637
1.818998
1.818889
1.819733
1.819279
1.819250
1.819096
1.819196
1.819146
1.818977
1.819034
1.818909
1.819643
1.819237
1.819250
1.819372
1.818874
1.819333
1.819058
1.819047
1.819405
1.819933
1.819573
1.819442
1.819649
1.819867
1.819232
1.819239
1.819225
1.819577
1.820127
1.819777
1.819704
1.819613
1.819554
1.820403
1.819579
1.819977
1.819605
1.818640
1.819512
1.819525
1.819384
1.819423
1.820132
1.819380
1.819138
1.819155
1.819065
1.819692
1.819307
1.818963
1.818437
1.819916
1.818059
1.818032
1.818298
1.818085
1.819001
1.818983
1.819274
1.819345
1.819806
1.819718
1.819009
1.819659
1.819699
1.820102
1.819731
1.819699
1.819450
1.820643
1.819883
1.820061
1.820066
1.819844
1.819840
1.819552
1.819650
1.819344
1.820137
1.820104
1.819498
1.819369
1.819436
1.819836
1.819727
1.819648
1.819503
1.819537
1.819670
1.819709
1.819475
1.819010
1.819844
1.819531
1.819829
1.819533
1.819866
1.820112
1.819894
1.820167
1.820010
1.820259
1.819962
1.819765
1.819943
1.819984
1.820523
1.819921
1.819831
1.819786
1.820772
1.820250
1.819696
1.819578
1.820133
1.820375
1.819870
1.819780
1.819597
1.820073
1.820131
1.818753
1.817495
1.818451
1.819004
1.818787
1.819575
1.819283
1.820379
1.819617
1.819527
1.819617
1.819627
1.820439
1.819715
1.820012
1.820045
1.819762
1.820245
1.820121
1.819919
1.819910
1.820551
1.819957
1.819970
1.820162
1.820048
1.820899
1.820222
1.819799
1.819636
1.820699
1.820407
1.819859
1.820089
1.819855
1.820350
1.819685
1.819798
1.819239
1.820771
1.819655
1.820063
1.819673
1.819296
1.820238
1.819583
1.819970
1.819383
1.820135
1.819903
1.819587
1.819987
1.819848
1.820285
1.820036
1.820130
1.820145
1.820403
1.820400
1.820062
1.820099
1.819978
1.820954
1.820340
1.820167
1.820191
1.820248
1.820612
1.820782
1.819414
1.818695
1.819469
1.818853
1.818781
1.819299
1.818838
1.819420
1.819054
1.818512
1.818728
1.819274
1.819001
1.819196
1.818911
1.818918
1.819359
1.819178
1.818849
1.818634
1.819514
1.819002
1.818311
1.818720
1.818227
1.818818
1.818784
1.818494
1.818264
1.818661
1.818825
1.818982
1.818209
1.817979
1.819271
1.819072
1.818258
1.818349
1.818444
1.818869
1.818804
1.818590
1.817933
1.818762
1.818937
1.818911
1.819160
1.818392
1.819301
1.818810
1.818707
1.818801
1.819850
1.819090
1.819170
1.818982
1.819090
1.819874
1.819714
1.819259
1.818879
1.820179
1.819625
1.819684
1.819443
1.818952
1.819522
1.819278
1.819289
1.818918
1.819503
1.819442
1.818779
1.818938
1.818871
1.819575
1.818843
1.818815
1.818936
1.819123
1.819275
1.818609
1.818918
1.818626
1.819574
1.818876
1.818973
1.819362
1.819065
1.819895
1.819640
1.819308
1.819214
1.820340
1.819793
1.820084
1.820167
1.820240
1.820542
1.820363
1.820385
1.820400
1.821137
1.820500
1.820565
1.820894
1.820661
1.821083
1.820795
1.820415
1.820320
1.821239
1.820989
1.820728
1.820796
1.820648
1.821675
1.820782
1.820524
1.820792
1.821411
1.821566
1.820826
1.820902
1.820637
1.821655
1.821503
1.820797
1.820813
1.821216
1.819918
1.819482
1.819528
1.819450
1.819968
1.820983
1.819897
1.819755
1.819583
1.820488
1.821141
1.821253
1.820554
1.821495
1.820925
1.820379
1.821077
1.821064
1.821666
1.821667
1.820767
1.820544
1.821287
1.820672
1.820530
1.819897
1.819824
1.820002
1.819993
1.819499
1.819426
1.819698
1.819360
1.819048
1.819331
1.818489
1.818913
1.818216
1.818092
1.817121
1.817291
1.817036
1.816279
1.816688
1.816987
1.817104
1.816407
1.816286
1.816319
1.815948
1.816597
1.816117
1.816150
1.815482
1.816329
1.815820
1.815825
1.815487
1.815838
1.815961
1.815755
1.815993
1.815709
1.816468
1.815616
1.816233
1.816207
1.816932
1.817476
1.816028
1.816403
1.816643
1.816998
1.816864
1.816569
1.817074
1.819134
1.819915
1.819323
1.817932
1.817398
1.818433
1.818504
1.818047
1.816664
1.817710
1.819145
1.820256
1.820058
1.819547
1.820384
1.820802
1.819872
1.820525
1.819721
1.820467
1.820749
1.820326
1.819531
1.818767
1.818895
1.818515
1.819862
1.819351
1.819363
1.819501
1.819409
1.819817
1.819390
1.819892
1.819463
1.819313
1.819398
1.820526
1.819961
1.820035
1.819986
1.819453
1.820673
1.820155
1.820064
1.820095
1.820567
1.820766
1.820526
1.820316
1.819848
1.820481
1.820513
1.820062
1.820033
1.820087
1.820109
1.820391
1.820354
1.819752
1.820398
1.819541
1.819761
1.820034
1.819662
1.819786
1.819516
1.819902
1.819547
1.820229
1.819533
1.817884
1.818168
1.818695
1.818747
1.818468
1.819218
1.819596
1.819797
1.819732
1.819620
1.819398
1.819050
1.820233
1.819576
1.819513
1.819150
1.819715
1.819785
1.819242
1.818669
1.818779
1.819646
1.819245
1.818755
1.818312
1.818926
1.818759
1.818286
1.818152
1.817868
1.818506
1.818237
1.818255
1.818264
1.817988
1.818643
1.818369
1.818775
1.816491
1.818281
1.818389
1.818699
1.818649
1.818279
1.818819
1.818191
1.818455
1.818324
1.818791
1.818265
1.818177
1.818494
1.818672
1.819014
1.818449
1.818275
1.818250
1.818776
1.818047
1.817956
1.818321
1.817998
1.818522
1.817848
1.817936
1.816990
1.816218
1.815897
1.815367
1.815758
1.816405
1.817155
1.816543
1.817033
1.817192
1.817721
1.818138
1.817566
1.817502
1.817324
1.818092
1.817755
1.817374
1.817372
1.817265
1.818170
1.817687
1.817556
1.817309
1.818087
1.817567
1.817257
1.817495
1.817564
1.817225
1.816924
1.816823
1.817312
1.818026
1.817345
1.816394
1.816970
1.817341
1.817698
1.816995
1.816634
1.817059
1.817778
1.818016
1.816637
1.816751
1.817632
1.818172
1.817790
1.817088
1.817448
1.817843
1.818388
1.817920
1.817045
1.817170
1.818277
1.817984
1.817520
1.817111
1.817777
1.818240
1.817611
1.817281
1.816757
1.817795
1.817265
1.817651
1.816350
1.814951
1.815588
1.816221
1.815425
1.814786
1.815183
1.815919
1.816792
1.816820
1.816714
1.817279
1.817005
1.816945
1.816704
1.816978
1.816899
1.817197
1.817195
1.816561
1.817399
1.817289
1.817466
1.817512
1.816937
1.817501
1.817428
1.817616
1.817499
1.818357
1.817753
1.818177
1.817735
1.818090
1.818215
1.817884
1.818044
1.817578
1.818460
1.817974
1.817927
1.818007
1.817870
1.818154
1.817527
1.817904
1.817521
1.818129
1.817734
1.817169
1.817533
1.817594
1.817959
1.817937
1.817506
1.817309
1.818177
1.817864
1.817691
1.817392
1.817933
1.817927
1.817169
1.817876
1.817317
1.817601
1.817521
1.818117
1.816386
1.815534
1.816380
1.815887
1.816011
1.816040
1.816354
1.817489
1.817404
1.817428
1.817228
1.817765
1.817068
1.817477
1.817200
1.817344
1.817229
1.816909
1.817788
1.817368
1.818133
1.816719
1.817065
1.818056
1.817898
1.818368
1.817093
1.818044
1.818525
1.819234
1.818466
1.817235
1.817389
1.818615
1.819419
1.818386
1.817532
1.818498
1.819613
1.819469
1.818834
1.817688
1.818567
1.819496
1.818936
1.818577
1.817743
1.819156
1.819245
1.819297
1.818477
1.818112
1.820016
1.819040
1.819211
1.818767
1.818656
1.820229
1.819915
1.819628
1.818850
1.819775
1.820249
1.819982
1.820247
1.820156
1.820284
1.818992
1.819337
1.819196
1.819786
1.819562
1.820638
1.820588
1.820701
1.821443
1.820517
1.820940
1.820891
1.821232
1.820991
1.820284
1.820174
1.820517
1.821288
1.821091
1.820735
1.819913
1.820756
1.820715
1.820799
1.820908
1.819558
1.820864
1.819965
1.820726
1.820640
1.820722
1.820878
1.820778
1.820816
1.820632
1.821759
1.821019
1.821271
1.821416
1.821182
1.821794
1.821275
1.821487
1.821312
1.821169
1.821232
1.821684
1.820749
1.821451
1.822401
1.821612
1.821168
1.820502
1.822020
1.821474
1.821381
1.821504
1.821600
1.821640
1.821226
1.821422
1.820737
1.821339
1.821628
1.821170
1.821118
1.821156
1.821348
1.821689
1.820592
1.820164
1.819187
1.819757
1.820002
1.820256
1.819971
1.821668
1.821194
1.821561
1.821410
1.821615
1.822392
1.821567
1.821516
1.821362
1.822582
1.821841
1.821530
1.821446
1.820963
1.821519
1.821398
1.821034
1.820961
1.821511
1.821659
1.820948
1.821080
1.820897
1.822129
1.821396
1.821359
1.821001
1.821939
1.821566
1.821130
1.821231
1.821207
1.821883
1.821491
1.821300
1.821138
1.821820
1.821790
1.821350
1.821756
1.821070
1.822217
1.821287
1.821182
1.821249
1.821500
1.821784
1.821196
1.821285
1.821109
1.821772
1.821046
1.821031
1.821234
1.821187
1.821507
1.821049
1.821079
1.820767
1.821309
1.819557
1.819861
1.818494
1.819022
1.820248
1.820216
1.819794
1.819586
1.821074
1.821314
1.820822
1.821312
1.821055
1.821690
1.821398
1.820922
1.820647
1.821502
1.821483
1.821182
1.821172
1.820871
1.821761
1.821481
1.821051
1.821153
1.821449
1.821325
1.821074
1.820814
1.820710
1.821384
1.820742
1.820580
1.820326
1.820335
1.820754
1.820362
1.820342
1.820484
1.821058
1.820692
1.820650
1.820661
1.820371
1.820934
1.820918
1.820760
1.820577
1.821294
1.820827
1.821262
1.821109
1.820887
1.821640
1.820444
1.821159
1.821122
1.821775
1.821856
1.820959
1.821207
1.821073
1.821995
1.821281
1.821005
1.820440
1.819518
1.819716
1.819165
1.818883
1.818163
1.819793
1.820438
1.820291
1.819873
1.820194
1.821066
1.820082
1.820207
1.819142
1.820381
1.820539
1.819935
1.819856
1.819212
1.820130
1.820446
1.819940
1.819876
1.819346
1.819635
1.819904
1.819339
1.819062
1.819246
1.819707
1.819656
1.818504
1.819216
1.818720
1.819388
1.819010
1.818057
1.818998
1.818634
1.819289
1.818404
1.818274
1.818227
1.818277
1.818653
1.818079
1.818665
1.817831
1.817713
1.818329
1.818207
1.818316
1.817802
1.817545
1.817607
1.818192
1.817502
1.817617
1.817691
1.817920
1.818419
1.817818
1.817284
1.817842
1.818177
1.818099
1.816893
1.816130
1.816075
1.817139
1.816633
1.816352
1.816562
1.817014
1.816729
1.816871
1.816541
1.816127
1.817206
1.816628
1.816346
1.816453
1.816617
1.816685
1.816733
1.816708
1.816190
1.817207
1.816613
1.816702
1.816723
1.816998
1.817257
1.817197
1.817255
1.817075
1.818229
1.817512
1.817300
1.817599
1.817698
1.817771
1.817588
1.817968
1.817280
1.818202
1.817943
1.817686
1.817316
1.817577
1.818076
1.816959
1.817477
1.816929
1.818159
1.818199
1.817660
1.817400
1.817034
1.817776
1.817791
1.817623
1.817695
1.817908
1.817356
1.818031
1.817605
1.817558
1.817865
1.817530
1.817937
1.817760
1.818035
1.818155
1.818054
1.818361
1.817746
1.818718
1.817482
1.817692
1.818292
1.818247
1.818152
1.817753
1.817921
1.817915
1.818824
1.817592
1.817791
1.817400
1.817733
1.817783
1.817638
1.817757
1.817163
1.817948
1.817015
1.816962
1.817638
1.817198
1.817699
1.817255
1.817582
1.817625
1.818211
1.817614
1.817330
1.817679
1.818088
1.818774
1.818153
1.817807
1.818025
1.818785
1.818539
1.818255
1.818398
1.818141
1.819307
1.818932
1.818900
1.818247
1.818737
1.819450
1.818963
1.819051
1.817590
1.819002
1.819057
1.818668
1.818408
1.817886
1.818687
1.818491
1.818066
1.818089
1.817745
1.815926
1.816341
1.816254
1.815615
1.814774
1.815499
1.817663
1.817254
1.818743
1.817039
1.818076
1.818393
1.817972
1.819479
1.818095
1.818613
1.819316
1.819879
1.818852
1.819049
1.818133
1.818613
1.819599
1.819237
1.818491
1.819384
1.819113
1.819155
1.819225
1.818191
1.818635
1.819543
1.818955
1.818252
1.818190
1.818614
1.818913
1.818127
1.818287
1.817215
1.818637
1.818517
1.818185
1.818172
1.818034
1.819115
1.818447
1.818462
1.818414
1.819000
1.818940
1.818988
1.818070
1.818068
1.819193
1.818617
1.818947
1.818839
1.819475
1.818612
1.819056
1.818730
1.818529
1.819293
1.818402
1.818542
1.818659
1.818855
1.818860
1.818426
1.818404
1.817895
1.819104
1.818426
1.818113
1.818665
1.819003
1.817920
1.816734
1.816425
1.816440
1.817289
1.817143
1.816054
1.817071
1.817793
1.818879
1.818470
1.818886
1.818006
1.819426
1.818831
1.818444
1.818701
1.818416
1.819156
1.818499
1.818436
1.818499
1.818728
1.818531
1.818532
1.817715
1.817774
1.818739
1.818180
1.818178
1.817856
1.818178
1.817864
1.817809
1.818046
1.817687
1.818515
1.817199
1.817612
1.817526
1.817894
1.818185
1.817918
1.817570
1.816716
1.817430
1.816448
1.817867
1.818275
1.818187
1.818135
1.818145
1.818258
1.818055
1.819187
1.818817
1.818675
1.818267
1.818610
1.819019
1.818416
1.818020
1.818069
1.818798
1.818408
1.818430
1.818393
1.817777
1.816871
1.817203
1.816617
1.816514
1.816747
1.817292
1.816765
1.817156
1.818392
1.818729
1.818191
1.818048
1.817970
1.818352
1.818709
1.818547
1.818343
1.817991
1.819208
1.818078
1.818318
1.818599
1.818494
1.818940
1.818542
1.818320
1.818291
1.818904
1.818459
1.818121
1.818137
1.818120
1.818282
1.818028
1.818052
1.818249
1.818426
1.818034
1.817684
1.817755
1.817787
1.818788
1.818138
1.817837
1.817827
1.818793
1.818526
1.817908
1.817935
1.818005
1.819380
1.818655
1.818224
1.817981
1.818983
1.819066
1.818867
1.818007
1.818119
1.819296
1.818883
1.818918
1.818703
1.818557
1.819583
1.819713
1.818987
1.816809
1.817747
1.817394
1.817509
1.817701
1.817700
1.817805
1.817458
1.818765
1.818390
1.818593
1.817722
1.818562
1.819091
1.818805
1.818302
1.817721
1.818236
1.818391
1.819245
1.818277
1.817554
1.818479
1.818823
1.819471
1.818227
1.817834
1.818248
1.819273
1.818887
1.818449
1.817759
1.818561
1.819667
1.819130
1.818361
1.817556
1.818844
1.819628
1.818588
1.818261
1.817383
1.819038
1.818656
1.818601
1.817895
1.817254
1.817998
1.818460
1.817939
1.817428
1.817291
1.818325
1.818385
1.817849
1.816863
1.817458
1.818215
1.818469
1.817884
1.817778
1.817819
1.817606
1.819045
1.818116
1.818454
1.816747
1.816937
1.817521
1.818252
1.816165
1.817456
1.818476
1.818650
1.819055
1.817548
1.817389
1.818072
1.818488
1.818679
1.817278
1.816717
1.817570
1.818612
1.817434
1.816632
1.816270
1.816972
1.817916
1.817155
1.816429
1.816179
1.816975
1.817093
1.816713
1.816315
1.815923
1.816669
1.816948
1.816742
1.815673
1.816155
1.815794
1.816701
1.816018
1.814973
1.815833
1.815355
1.816155
1.815394
1.815909
1.815146
1.814893
1.815363
1.815000
1.814664
1.814163
1.812989
1.813785
1.814167
1.813278
1.813313
1.812160
1.812646
1.813323
1.812683
1.812080
1.810951
1.812686
1.813015
1.812587
1.812369
1.811753
1.812556
1.812841
1.812723
1.812338
1.811382
1.812798
1.812841
1.812388
1.812213
1.812277
1.812940
1.813051
1.812680
1.812567
1.813125
1.812910
1.813029
1.812382
1.812966
1.811501
1.812964
1.814488
1.814992
1.814441
1.813481
1.813434
1.813529
1.813575
1.813113
1.812675
1.812987
1.813698
1.813787
1.813174
1.812525
1.814268
1.815020
1.815140
1.814409
1.813746
1.814074
1.816022
1.814741
1.814643
1.814313
1.814090
1.815707
1.814554
1.815234
1.814584
1.814965
1.814483
1.813247
1.813177
1.813654
1.815002
1.814222
1.813937
1.813676
1.814284
1.814321
1.814389
1.813774
1.813392
1.813970
1.813833
1.813447
1.812970
1.813902
1.813086
1.813491
1.813494
1.812881
1.813669
1.813487
1.813633
1.813169
1.813877
1.813477
1.813585
1.813991
1.813235
1.813533
1.813280
1.813577
1.813682
1.813573
1.813779
1.813781
1.813715
1.813518
1.813924
1.813192
1.813437
1.813312
1.813368
1.813784
1.813486
1.813524
1.813489
1.814064
1.813307
1.813384
1.813255
1.814014
1.814407
1.813912
1.813308
1.813316
1.814931
1.814006
1.813656
1.813862
1.813878
1.814612
1.814182
1.814021
1.813697
1.814515
1.814401
1.814274
1.814297
1.814002
1.814671
1.814332
1.813985
1.813868
1.814557
1.814368
1.814162
1.813680
1.813585
1.813824
1.813852
1.813552
1.813356
1.813629
1.813791
1.813398
1.813262
1.812655
1.813937
1.813363
1.813275
1.813154
1.812819
1.813584
1.813192
1.813168
1.813341
1.813686
1.813328
1.813198
1.813694
1.813666
1.813807
1.813422
1.813654
1.813399
1.813974
1.813419
1.813759
1.813434
1.813466
1.814247
1.813483
1.813136
1.813450
1.813501
1.813344
1.812503
1.813081
1.812812
1.813493
1.813150
1.813074
1.812765
1.812624
1.813198
1.812735
1.813010
1.812660
1.811635
1.810469
1.810078
1.810175
1.809933
1.811893
1.812369
1.812466
1.812719
1.814305
1.813320
1.812495
1.813092
1.812654
1.814311
1.813539
1.813354
1.812924
1.814057
1.815013
1.814927
1.814924
1.814991
1.815828
1.815614
1.814986
1.815066
1.816089
1.816359
1.815901
1.815709
1.815454
1.816423
1.816370
1.815979
1.816081
1.816244
1.816549
1.816198
1.816368
1.816195
1.817075
1.816258
1.816855
1.815580
1.816216
1.816059
1.816109
1.816254
1.815868
1.816658
1.816574
1.816123
1.816475
1.816329
1.817077
1.816459
1.816508
1.816257
1.817067
1.816885
1.816331
1.816416
1.816429
1.816984
1.816612
1.816399
1.815907
1.816530
1.816210
1.816056
1.816210
1.816176
1.816799
1.816397
1.816244
1.816132
1.815729
1.816341
1.816027
1.816235
1.815580
1.817557
1.817018
1.816588
1.816696
1.816946
1.817004
1.816794
1.816642
1.816222
1.817079
1.817042
1.816612
1.816592
1.816482
1.817341
1.816750
1.816403
1.816611
1.816458
1.816506
1.816435
1.815928
1.815826
1.816340
1.815881
1.815732
1.815162
1.815814
1.815026
1.815171
1.814983
1.814770
1.815574
1.814955
1.814907
1.814749
1.815006
1.814866
1.814560
1.814536
1.814567
1.815447
1.814586
1.814768
1.814806
1.814749
1.815695
1.815105
1.814831
1.814842
1.815691
1.815387
1.815292
1.815007
1.815022
1.815869
1.815071
1.815454
1.815348
1.816434
1.815826
1.815947
1.815921
1.815623
1.816454
1.816269
1.816337
1.816456
1.816630
1.816773
1.816615
1.816756
1.816744
1.817490
1.816947
1.816436
1.817011
1.817587
1.817145
1.816819
1.816405
1.817393
1.818004
1.816509
1.817098
1.816653
1.817572
1.817884
1.816751
1.816593
1.816620
1.817729
1.817093
1.816562
1.815982
1.816531
1.817768
1.814836
1.813735
1.813297
1.814560
1.813803
1.814514
1.815044
1.815470
1.816253
1.816521
1.815186
1.815723
1.816721
1.816198
1.816584
1.816598
1.817254
1.818167
1.817766
1.817175
1.817786
1.816987
1.817909
1.817781
1.817624
1.817641
1.818356
1.818016
1.817804
1.817515
1.818007
1.817669
1.817253
1.816944
1.816763
1.817636
1.817529
1.817116
1.816551
1.816443
1.816671
1.816716
1.816283
1.816114
1.817294
1.817145
1.816134
1.816267
1.816235
1.816826
1.816803
1.816810
1.816073
1.817108
1.817042
1.816955
1.816849
1.816901
1.816981
1.817064
1.817467
1.817043
1.817973
1.817610
1.817492
1.817651
1.817999
1.816895
1.817401
1.817824
1.816857
1.817740
1.818223
1.817887
1.818106
1.816242
1.817176
1.817030
1.816217
1.817383
1.817935
1.818506
1.818233
1.817593
1.817505
1.818948
1.818404
1.818466
1.818364
1.818382
1.819351
1.818484
1.818647
1.818561
1.819600
1.819600
1.818927
1.819082
1.819208
1.819797
1.819498
1.819563
1.819453
1.819956
1.819747
1.819447
1.819468
1.819721
1.819716
1.819466
1.819714
1.819403
1.820019
1.819813
1.819298
1.819104
1.819236
1.819783
1.819580
1.819834
1.819355
1.818835
1.819503
1.819208
1.819437
1.819248
1.819620
1.819310
1.819322
1.819636
1.819745
1.819568
1.819298
1.819569
1.819811
1.820169
1.819133
1.819251
1.819676
1.819426
1.820390
1.819387
1.819338
1.819757
1.818767
1.818522
1.817688
1.817946
1.818168
1.819848
1.819174
1.819039
1.818476
1.819196
1.818767
1.818624
1.818401
1.818414
1.819115
1.818979
1.818559
1.818503
1.819183
1.819106
1.819065
1.819177
1.818874
1.820030
1.819499
1.819209
1.819113
1.819382
1.820104
1.819529
1.819444
1.819018
1.820027
1.819792
1.819553
1.819243
1.819219
1.819860
1.819499
1.819102
1.818594
1.819699
1.819260
1.819330
1.818811
1.818464
1.818994
1.819069
1.819009
1.818289
1.819747
1.818806
1.818996
1.819168
1.818711
1.819159
1.818784
1.818715
1.818857
1.819391
1.818834
1.818478
1.818652
1.818882
1.819680
1.818879
1.816804
1.817197
1.818059
1.817387
1.818429
1.818369
1.817769
1.819053
1.818078
1.818298
1.818137
1.817391
1.818259
1.817642
1.818355
1.817785
1.818636
1.817771
1.817295
1.818220
1.818108
1.818886
1.817912
1.817176
1.817886
1.819047
1.818631
1.817781
1.817756
1.818463
1.819658
1.819485
1.818559
1.818268
1.819117
1.819374
1.819398
1.818992
1.818557
1.819345
1.819552
1.819220
1.819082
1.818888
1.818991
1.819124
1.818902
1.818536
1.818587
1.818521
1.818795
1.818420
1.818082
1.817727
1.817154
1.817570
1.816916
1.817510
1.816843
1.816816
1.817042
1.816503
1.817206
1.816243
1.816581
1.816375
1.817525
1.817310
1.816361
1.815045
1.816110
1.817051
1.815609
1.816959
1.817434
1.818283
1.818506
1.818379
1.818188
1.818350
1.819081
1.819107
1.818741
1.818347
1.819515
1.819395
1.819001
1.819242
1.818679
1.819466
1.819308
1.819235
1.818855
1.819118
1.819040
1.818836
1.819000
1.818832
1.819569
1.818611
1.818716
1.818845
1.819426
1.819583
1.819281
1.819229
1.819387
1.820077
1.819780
1.819922
1.818881
1.819808
1.820462
1.820028
1.819826
1.819696
1.820702
1.820317
1.820240
1.820136
1.819946
1.820620
1.820316
1.820300
1.819685
1.820661
1.820256
1.819928
1.819848
1.819800
1.820341
1.819516
1.820142
1.819950
1.820056
1.820254
1.819775
1.820137
1.817788
1.819694
1.819033
1.818343
1.819745
1.820258
1.820785
1.819734
1.820140
1.819997
1.820489
1.820062
1.819884
1.819814
1.819922
1.820848
1.820266
1.819902
1.819867
1.820687
1.820288
1.820186
1.819708
1.819885
1.820639
1.820177
1.819947
1.819667
1.820362
1.819939
1.819972
1.819727
1.819487
1.820496
1.820385
1.819772
1.820052
1.819922
1.820347
1.820251
1.820076
1.819808
1.820623
1.820284
1.820670
1.820376
1.820222
1.820459
1.820171
1.820478
1.820444
1.820790
1.820164
1.820518
1.820560
1.820716
1.820505
1.819980
1.820216
1.820017
1.820832
1.819897
1.820130
1.819982
1.820505
1.819035
1.817959
1.818749
1.818323
1.819223
1.819973
1.819530
1.819673
1.819320
1.820412
1.819286
1.819454
1.819561
1.820236
1.819671
1.819317
1.819881
1.819946
1.820551
1.819623
1.819307
1.819862
1.820185
1.820008
1.819513
1.819745
1.819645
1.820568
1.819853
1.819718
1.818969
1.819364
1.820288
1.818248
1.818779
1.818938
1.820244
1.819621
1.819066
1.818444
1.818658
1.819717
1.819638
1.818570
1.817930
1.819371
1.819298
1.819084
1.818611
1.817957
1.819730
1.819514
1.819178
1.818278
1.818875
1.819755
1.819395
1.818911
1.817988
1.819460
1.819487
1.819640
1.818956
1.818748
1.819420
1.819472
1.819314
1.818267
1.819031
1.817731
1.817206
1.817782
1.817244
1.817071
1.818855
1.818832
1.818087
1.818243
1.818209
1.818460
1.818701
1.818048
1.818606
1.817254
1.818610
1.818449
1.818487
1.817866
1.818064
1.818604
1.818640
1.818360
1.817805
1.818501
1.818760
1.818962
1.818346
1.817960
1.818601
1.818709
1.819060
1.818084
1.818217
1.818681
1.819196
1.818590
1.817662
1.818062
1.817730
1.819246
1.817912
1.817520
1.817816
1.818647
1.818540
1.817552
1.817191
1.817450
1.818716
1.818246
1.817032
1.817201
1.817780
1.818757
1.818151
1.817440
1.817209
1.818939
1.818599
1.818183
1.817530
1.817867
1.818790
1.818595
1.817980
1.815795
1.817482
1.817719
1.817095
1.817786
1.817878
1.819168
1.818546
1.818305
1.817845
1.818851
1.818565
1.818371
1.818141
1.817950
1.818687
1.818101
1.818215
1.817470
1.818337
1.818182
1.818718
1.817861
1.817876
1.818767
1.818118
1.817806
1.818107
1.817786
1.818449
1.817989
1.818293
1.817651
1.818402
1.818553
1.818244
1.818283
1.818026
1.818689
1.818460
1.818611
1.818205
1.818815
1.818106
1.818522
1.818582
1.818209
1.818470
1.818100
1.818478
1.818291
1.818193
1.817793
1.817876
1.818178
1.817908
1.817704
1.817303
1.817551
1.817388
1.818050
1.817235
1.817123
1.817683
1.817633
1.818286
1.817573
1.817655
1.817759
1.817220
1.817079
1.816370
1.816953
1.817072
1.818098
1.817179
1.817101
1.817106
1.817743
1.818194
1.817070
1.817327
1.816868
1.818092
1.817204
1.817142
1.817263
1.816921
1.817811
1.816993
1.816964
1.816550
1.816845
1.817355
1.816838
1.816822
1.816786
1.817038
1.817027
1.817113
1.816627
1.817022
1.816730
1.816593
1.816586
1.816766
1.817523
1.816753
1.816342
1.816577
1.816984
1.817295
1.816358
1.816306
1.816190
1.817390
1.816919
1.816085
1.815990
1.816298
1.816842
1.816560
1.816015
1.815754
1.816620
1.816493
1.816166
1.815615
1.815621
1.816339
1.815824
1.815624
1.815134
1.816121
1.815874
1.815391
1.815554
1.815059
1.815758
1.815762
1.815119
1.814454
1.815715
1.815248
1.815348
1.814758
1.814614
1.814992
1.814769
1.814853
1.813967
1.814390
1.814891
1.814241
1.814390
1.813543
1.814816
1.814361
1.813956
1.814657
1.813618
1.814741
1.814564
1.814579
1.814357
1.815072
1.814713
1.814895
1.814850
1.814895
1.816038
1.815649
1.815530
1.815661
1.816276
1.816255
1.816328
1.816536
1.816121
1.817117
1.817183
1.817072
1.817058
1.817812
1.817759
1.817767
1.817943
1.817399
1.818360
1.817769
1.818244
1.817935
1.818501
1.818426
1.818393
1.818128
1.817693
1.818876
1.816711
1.815896
1.815843
1.815831
1.815603
1.815414
1.817250
1.817111
1.817551
1.817603
1.818013
1.817503
1.817329
1.817899
1.817444
1.818179
1.818224
1.819093
1.818406
1.818717
1.818976
1.819054
1.819357
1.819006
1.819314
1.818306
1.819353
1.819483
1.818473
1.819305
1.819107
1.819758
1.819029
1.818625
1.818880
1.819620
1.819363
1.818712
1.817683
1.818544
1.819561
1.818744
1.817899
1.817850
1.819184
1.818742
1.818962
1.818014
1.817577
1.818793
1.818241
1.817898
1.817649
1.817356
1.818386
1.817995
1.817877
1.817378
1.818523
1.818237
1.818156
1.817796
1.817581
1.818410
1.818502
1.818480
1.817638
1.818032
1.817866
1.818117
1.817748
1.817736
1.818810
1.817868
1.817793
1.817579
1.818194
1.816493
1.816705
1.817146
1.816728
1.817352
1.816791
1.817290
1.816830
1.818243
1.819186
1.818024
1.818401
1.818383
1.819868
1.818237
1.818450
1.818689
1.818936
1.819405
1.818991
1.818279
1.818533
1.819419
1.818402
1.818940
1.818695
1.818598
1.819396
1.818843
1.818992
1.818317
1.819054
1.818804
1.818672
1.818526
1.817778
1.818743
1.818274
1.818365
1.817862
1.818316
1.817664
1.818309
1.817724
1.817618
1.818540
1.817735
1.818227
1.816749
1.818469
1.818091
1.817835
1.817576
1.817656
1.818835
1.818336
1.818103
1.818291
1.818683
1.818680
1.818088
1.818576
1.818262
1.819320
1.818849
1.818504
1.819004
1.817082
1.817541
1.817973
1.816832
1.818222
1.819025
1.818368
1.818540
1.818664
1.818703
1.819018
1.818010
1.818163
1.818109
1.818992
1.818235
1.818333
1.817930
1.817960
1.818894
1.818817
1.817925
1.818167
1.818691
1.818736
1.818663
1.818455
1.818312
1.819073
1.818885
1.818491
1.818247
1.819130
1.818577
1.818718
1.818200
1.818159
1.819644
1.818847
1.818485
1.817907
1.818697
1.819111
1.818439
1.818287
1.817372
1.819162
1.818724
1.818330
1.818151
1.817470
1.819091
1.818642
1.818392
1.818329
1.818334
1.819304
1.818956
1.818653
1.817921
1.818591
1.818948
1.819040
1.818722
1.819350
1.819002
1.819156
1.819210
1.819539
1.818873
1.817407
1.818069
1.817584
1.817705
1.817815
1.817594
1.818361
1.818744
1.819707
1.819143
1.819161
1.819184
1.819604
1.819063
1.818828
1.819023
1.818659
1.819220
1.818444
1.818669
1.818987
1.819266
1.819748
1.818132
1.818862
1.818854
1.819655
1.819020
1.818315
1.818965
1.819302
1.819896
1.819388
1.818786
1.818719
1.820173
1.819443
1.819350
1.818674
1.819323
1.819812
1.819385
1.819497
1.819019
1.819803
1.819495
1.819130
1.819282
1.818507
1.820264
1.819484
1.818886
1.818628
1.818756
1.818783
1.818904
1.818615
1.818570
1.819359
1.818851
1.818944
1.818671
1.818734
1.819249
1.818792
1.819469
1.818727
1.818274
1.817681
1.817402
1.817546
1.816865
1.819385
1.819155
1.819053
1.819146
1.820356
1.819755
1.819813
1.819866
1.819672
1.820157
1.819860
1.819844
1.819577
1.820136
1.819687
1.819735
1.819487
1.819216
1.820036
1.819215
1.819512
1.819059
1.819416
1.819732
1.819599
1.819340
1.818688
1.819690
1.819484
1.819502
1.819237
1.819554
1.819991
1.819649
1.819782
1.819585
1.820156
1.819983
1.819335
1.820164
1.819863
1.820068
1.820188
1.820145
1.819701
1.820306
1.820053
1.819987
1.819735
1.819976
1.820369
1.819617
1.820025
1.819740
1.820652
1.819854
1.819174
1.819603
1.819482
1.820177
1.819714
1.819332
1.817891
1.818125
1.818133
1.817536
1.817502
1.818267
1.819038
1.819560
1.819290
1.819625
1.820152
1.820165
1.819759
1.819912
1.819400
1.820309
1.820115
1.819655
1.819520
1.819722
1.820256
1.820047
1.819936
1.819671
1.820509
1.819816
1.819829
1.819848
1.819410
1.820124
1.819569
1.819617
1.819249
1.819952
1.819166
1.819340
1.819279
1.819048
1.819622
1.819443
1.819546
1.819203
1.820081
1.819445
1.819119
1.819236
1.819543
1.820338
1.819831
1.819577
1.819593
1.820053
1.819819
1.819605
1.819727
1.819517
1.820661
1.820004
1.819875
1.819333
1.819950
1.820023
1.819518
1.819226
1.818840
1.819822
1.819729
1.819112
1.816861
1.818011
1.818730
1.817641
1.818888
1.818919
1.819654
1.819968
1.819462
1.818992
1.819131
1.819780
1.819204
1.819209
1.819094
1.819599
1.819481
1.819507
1.819483
1.819295
1.820168
1.819282
1.818884
1.819013
1.819631
1.819837
1.819500
1.819177
1.818979
1.819674
1.819377
1.818627
1.819448
1.818957
1.819631
1.818292
1.818810
1.818618
1.819342
1.819265
1.819118
1.818478
1.818845
1.819157
1.819124
1.819059
1.818280
1.819032
1.819335
1.819335
1.819004
1.818734
1.819581
1.819347
1.819408
1.819282
1.819882
1.819282
1.819655
1.818562
1.819091
1.819640
1.819490
1.819795
1.819935
1.818884
1.818123
1.817532
1.817386
1.818209
1.818141
1.818062
1.819303
1.819408
1.819394
1.819434
1.819439
1.819119
1.818556
1.819777
1.819153
1.819443
1.819066
1.819505
1.818758
1.819347
1.819100
1.818891
1.819765
1.819604
1.819515
1.819308
1.819327
1.820039
1.819746
1.819586
1.819525
1.820652
1.819853
1.819707
1.819812
1.819717
1.820147
1.819650
1.819686
1.819562
1.820249
1.819701
1.819284
1.819341
1.819329
1.820022
1.819271
1.818738
1.818898
1.819594
1.819242
1.819017
1.818806
1.818722
1.819623
1.818998
1.818995
1.819031
1.818926
1.819319
1.819155
1.819293
1.818901
1.819624
1.819264
1.819706
1.818436
1.817378
1.818119
1.817251
1.817875
1.817535
1.818658
1.817110
1.819100
1.819337
1.819228
1.819683
1.819149
1.819481
1.818591
1.819661
1.819521
1.819140
1.818788
1.818634
1.819600
1.818854
1.818839
1.818632
1.819273
1.819354
1.818812
1.818991
1.819235
1.819826
1.819300
1.819088
1.819012
1.819518
1.819764
1.819302
1.819093
1.818897
1.819832
1.819218
1.819267
1.819018
1.819311
1.819637
1.819358
1.818969
1.818886
1.819775
1.818963
1.819006
1.819071
1.818850
1.819198
1.819174
1.818979
1.818505
1.819034
1.818815
1.818697
1.818553
1.818451
1.819161
1.818691
1.818770
1.818606
1.819159
1.818824
1.818178
1.817133
1.816966
1.817183
1.817771
1.816863
1.817067
1.818763
1.818987
1.818609
1.818566
1.818621
1.819568
1.819007
1.819275
1.818608
1.818618
1.819402
1.819031
1.818914
1.818386
1.819290
1.818434
1.818780
1.818829
1.818540
1.818909
1.818513
1.818216
1.818242
1.818907
1.818317
1.818281
1.818507
1.818354
1.818986
1.818562
1.818169
1.818202
1.819149
1.818463
1.818532
1.818423
1.818461
1.819115
1.818833
1.818520
1.818485
1.819201
1.818748
1.818823
1.818884
1.818472
1.819122
1.818691
1.818545
1.818664
1.818445
1.818886
1.818816
1.818390
1.818053
1.818932
1.818025
1.818247
1.818185
1.818086
1.818527
1.817985
1.817805
1.816683
1.817542
1.816768
1.816766
1.816952
1.817105
1.817687
1.817168
1.817198
1.816953
1.817866
1.817220
1.816998
1.817359
1.816958
1.818106
1.817473
1.817472
1.817393
1.817780
1.817887
1.817826
1.817655
1.817524
1.818236
1.817937
1.817589
1.817657
1.817816
1.818034
1.818139
1.817644
1.817477
1.818106
1.817709
1.817597
1.817551
1.817496
1.818057
1.817810
1.817734
1.817343
1.818183
1.818082
1.817631
1.817735
1.817956
1.818712
1.817979
1.818148
1.817979
1.818770
1.818452
1.818384
1.818334
1.818219
1.819228
1.818024
1.818753
1.818187
1.818992
1.818862
1.818359
1.818677
1.818038
1.818797
1.818463
1.818261
1.818114
1.818414
1.818283
1.818357
1.818348
1.817783
1.818736
1.818240
1.818098
1.818159
1.818419
1.819087
1.818250
1.818570
1.818208
1.819242
1.819223
1.818678
1.818792
1.818486
1.819633
1.818767
1.818901
1.818861
1.819485
1.819292
1.819457
1.819254
1.819211
1.820078
1.818924
1.818943
1.819109
1.819817
1.819295
1.819280
1.819305
1.818895
1.819869
1.819367
1.819067
1.818813
1.819686
1.819344
1.818999
1.819136
1.819093
1.820121
1.819116
1.818782
1.819252
1.819498
1.819800
1.819375
1.819434
1.819258
1.820055
1.819720
1.819056
1.819360
1.819554
1.818197
1.817175
1.816880
1.816934
1.817303
1.818111
1.819188
1.818762
1.818653
1.819994
1.818889
1.819489
1.819348
1.819683
1.820121
1.820329
1.820214
1.820267
1.821115
1.820503
1.820026
1.820045
1.820897
1.820071
1.820091
1.820557
1.820552
1.821216
1.820176
1.820933
1.820798
1.821169
1.821226
1.821037
1.820891
1.821089
1.821023
1.820972
1.821053
1.821114
1.821195
1.821551
1.821229
1.820958
1.820666
1.821789
1.821424
1.821279
1.820577
1.820831
1.821592
1.821047
1.820910
1.820610
1.821418
1.821156
1.821051
1.820793
1.820881
1.821666
1.821051
1.820672
1.820902
1.821411
1.821099
1.821022
1.821154
1.821095
1.821654
1.821259
1.821206
1.821256
1.821699
1.821489
1.821380
1.821427
1.821190
1.822512
1.820419
1.819789
1.819935
1.819843
1.819715
1.819748
1.819555
1.820694
1.821523
1.821406
1.821459
1.821225
1.821148
1.821550
1.821120
1.821416
1.821010
1.821641
1.821257
1.820963
1.821299
1.820773
1.821672
1.821924
1.821446
1.821201
1.822346
1.822138
1.821688
1.821542
1.821502
1.822472
1.821973
1.821862
1.821598
1.822128
1.822050
1.822132
1.821854
1.821930
1.822559
1.822147
1.822077
1.821824
1.822413
1.821966
1.822059
1.821899
1.821658
1.822111
1.822017
1.821528
1.821272
1.821637
1.822115
1.821651
1.822357
1.821213
1.822350
1.822305
1.821839
1.821812
1.821765
1.822575
1.821528
1.820699
1.819958
1.820840
1.820428
1.820915
1.820674
1.820549
1.822811
1.822326
1.822087
1.822295
1.822698
1.822640
1.822312
1.822447
1.822017
1.822750
1.822729
1.821762
1.822079
1.822571
1.822590
1.822287
1.822131
1.821859
1.822541
1.821975
1.821924
1.821977
1.822339
1.822563
1.822007
1.821848
1.821638
1.822870
1.822450
1.822091
1.822280
1.822245
1.822891
1.822409
1.822138
1.822563
1.822851
1.822451
1.822746
1.822523
1.822337
1.823035
1.822451
1.822564
1.822016
1.822771
1.822467
1.822582
1.821889
1.822638
1.822816
1.822274
1.822074
1.822151
1.822221
1.822202
1.821852
1.821839
1.821762
1.822715
1.821024
1.820493
1.819857
1.820285
1.820832
1.820982
1.820436
1.821608
1.822519
1.822164
1.822108
1.822180
1.822208
1.822364
1.821581
1.822291
1.822158
1.822897
1.822461
1.822346
1.822224
1.822200
1.822807
1.822079
1.822312
1.822008
1.822717
1.822329
1.821897
1.821929
1.821582
1.822053
1.821580
1.821627
1.821594
1.822040
1.821917
1.821817
1.821575
1.821443
1.822428
1.821838
1.821762
1.821995
1.822090
1.822073
1.821901
1.821767
1.821636
1.822888
1.821522
1.822056
1.822258
1.822062
1.822550
1.822442
1.822357
1.821877
1.822852
1.822445
1.821802
1.821889
1.821896
1.822523
1.821984
1.821733
1.822033
1.821795
1.819994
1.820557
1.820565
1.819916
1.822016
1.821944
1.821797
1.821690
1.822065
1.821547
1.821819
1.821622
1.821586
1.822673
1.822062
1.822203
1.821686
1.822497
1.822280
1.821975
1.821967
1.822026
1.822704
1.822194
1.821903
1.821753
1.821605
1.822470
1.822463
1.821802
1.821461
1.822599
1.822098
1.822112
1.821782
1.821465
1.822210
1.821321
1.821570
1.821471
1.821822
1.820468
1.820800
1.820617
1.820579
1.820745
1.821100
1.820750
1.820429
1.821015
1.820436
1.820118
1.819820
1.820273
1.821029
1.820445
1.820833
1.819991
1.820677
1.821131
1.820166
1.820814
1.820508
1.821194
1.821004
1.820422
1.820608
1.820784
1.820709
1.820174
1.819804
1.819763
1.820707
1.819589
1.819571
1.819327
1.819720
1.820295
1.820694
1.820553
1.820039
1.820534
1.820486
1.819275
1.821244
1.820788
1.820560
1.820605
1.820478
1.820287
1.821104
1.820301
1.820710
1.820501
1.820382
1.821158
1.819765
1.821179
1.821102
1.822309
1.822035
1.821365
1.820903
1.821374
1.821784
1.821837
1.821687
1.820604
1.821564
1.821262
1.821411
1.821299
1.819670
1.821193
1.820232
1.820498
1.820409
1.820139
1.821166
1.820784
1.820269
1.820324
1.821242
1.820753
1.820829
1.820911
1.820840
1.821617
1.821169
1.821144
1.820537
1.821404
1.821176
1.820987
1.821077
1.820974
1.821805
1.821264
1.821159
1.821132
1.821658
1.821378
1.821370
1.821169
1.821006
1.821421
1.820985
1.821176
1.820652
1.821170
1.821066
1.821069
1.820752
1.820385
1.821461
1.820995
1.820935
1.820998
1.820596
1.820868
1.820899
1.820723
1.820738
1.821631
1.821005
1.820855
1.821347
1.821430
1.821873
1.821507
1.820639
1.821293
1.821875
1.821486
1.821401
1.820986
1.821268
1.821877
1.821366
1.821378
1.820747
1.821600
1.821259
1.821057
1.820879
1.820871
1.821369
1.820843
1.821102
1.820585
1.821262
1.821213
1.820601
1.820914
1.820894
1.821505
1.820857
1.820845
1.820864
1.821657
1.821378
1.821038
1.820835
1.821051
1.821798
1.821138
1.821073
1.821380
1.821109
1.822027
1.821266
1.821409
1.820940
1.822151
1.821411
1.821327
1.821098
1.821181
1.821778
1.821391
1.821052
1.820999
1.821558
1.821079
1.821175
1.821025
1.820599
1.821380
1.821111
1.820874
1.820877
1.821475
1.821169
1.821327
1.821263
1.821049
1.821967
1.821133
1.821114
1.821281
1.822010
1.821378
1.821188
1.820861
1.820483
1.820505
1.818724
1.818131
1.818138
1.818101
1.820121
1.820201
1.820695
1.820261
1.822132
1.820152
1.820362
1.819267
1.820114
1.821065
1.821203
1.821532
1.820684
1.821395
1.820958
1.821285
1.820698
1.820979
1.821413
1.820977
1.820953
1.820933
1.821666
1.821535
1.821192
1.821554
1.821467
1.822143
1.821399
1.821147
1.821127
1.821749
1.821681
1.821100
1.821448
1.821218
1.822337
1.821778
1.821477
1.821301
1.821848
1.821809
1.821311
1.821457
1.820974
1.821982
1.820379
1.820449
1.820260
1.819651
1.820268
1.819293
1.819850
1.819831
1.821237
1.820858
1.821139
1.821559
1.820568
1.821563
1.821088
1.820893
1.820821
1.821997
1.821222
1.821520
1.821009
1.820754
1.822138
1.821030
1.820887
1.820459
1.821586
1.821681
1.821418
1.820282
1.820194
1.821039
1.820968
1.821114
1.821015
1.821136
1.821267
1.820705
1.821284
1.821052
1.821519
1.820653
1.820476
1.820831
1.820906
1.821275
1.820639
1.820474
1.820475
1.821208
1.820518
1.820372
1.820701
1.820550
1.821377
1.821138
1.820809
1.820599
1.821238
1.820862
1.821039
1.820852
1.820382
1.821212
1.821146
1.820930
1.820828
1.821355
1.820752
1.820847
1.820823
1.820453
1.821202
1.820468
1.820556
1.819002
1.819474
1.819793
1.819595
1.819524
1.819326
1.819775
1.819639
1.819463
1.819438
1.819771
1.820093
1.819484
1.819265
1.819167
1.820101
1.819955
1.818823
1.819630
1.819651
1.819904
1.820058
1.819816
1.819438
1.820161
1.819604
1.819651
1.819246
1.819628
1.820432
1.819079
1.819278
1.819209
1.819870
1.819507
1.819358
1.819414
1.818983
1.819455
1.819555
1.818565
1.818465
1.819131
1.819054
1.818803
1.818641
1.818685
1.819188
1.819061
1.818690
1.819019
1.818885
1.819061
1.818416
1.818449
1.818591
1.818555
1.816425
1.816680
1.816422
1.816322
1.817861
1.817657
1.817863
1.818477
1.819859
1.818885
1.819491
1.819621
1.818773
1.820648
1.819972
1.820277
1.820055
1.820620
1.819853
1.820091
1.820043
1.819808
1.820460
1.819770
1.819670
1.819618
1.820579
1.820390
1.820197
1.820142
1.819695
1.820772
1.820017
1.820126
1.819586
1.820346
1.820383
1.820459
1.820273
1.819783
1.820726
1.820395
1.820090
1.820143
1.820306
1.820410
1.820177
1.820269
1.819826
1.820399
1.820030
1.819882
1.819917
1.820390
1.820086
1.819921
1.819804
1.819852
1.820503
1.819952
1.818361
1.819373
1.819571
1.820171
1.819370
1.819295
1.819264
1.819953
1.819478
1.819670
1.819602
1.819422
1.820326
1.820310
1.818193
1.818286
1.819108
1.818520
1.819381
1.819676
1.819129
1.820043
1.819972
1.819807
1.819533
1.819742
1.820003
1.819559
1.819670
1.819690
1.820101
1.819482
1.819564
1.819096
1.819241
1.819599
1.819002
1.818851
1.819075
1.819625
1.818722
1.818963
1.819168
1.818920
1.820067
1.818663
1.818976
1.818854
1.819208
1.819150
1.819071
1.818988
1.819057
1.819891
1.819103
1.818954
1.819136
1.819202
1.819327
1.819324
1.819293
1.819052
1.819713
1.819307
1.818954
1.818680
1.819301
1.818992
1.818669
1.819015
1.818460
1.819171
1.818597
1.818427
1.818363
1.818508
1.818874
1.818401
1.818489
1.818190
1.819023
1.818485
1.818560
1.816606
1.816798
1.817946
1.817271
1.818002
1.818430
1.817944
1.818755
1.818635
1.818522
1.818603
1.819254
1.817906
1.818572
1.818225
1.818945
1.818947
1.818568
1.818293
1.818415
1.818846
1.818340
1.818399
1.818432
1.818546
1.818510
1.818547
1.817979
1.818075
1.818429
1.817932
1.817656
1.817821
1.818212
1.818212
1.818398
1.817797
1.817090
1.819106
1.817864
1.817868
1.818146
1.817501
1.818697
1.818060
1.817843
1.817644
1.818436
1.818207
1.818175
1.818318
1.817835
1.818466
1.818172
1.818354
1.817885
1.818289
1.817752
1.817560
1.818097
1.817518
1.818156
1.817403
1.817484
1.817989
1.817600
1.815436
1.815885
1.816189
1.815974
1.817805
1.817095
1.816477
1.816501
1.817648
1.817769
1.816827
1.816363
1.816353
1.817951
1.817918
1.817226
1.816322
1.816437
1.817614
1.817704
1.817220
1.815880
1.817048
1.817227
1.817515
1.817303
1.816189
1.816793
1.816552
1.817364
1.816697
1.816281
1.816555
1.816257
1.817247
1.816843
1.816279
1.815830
1.815567
1.816055
1.816880
1.816193
1.815816
1.815835
1.816286
1.817238
1.816084
1.815858
1.815695
1.816409
1.816620
1.816396
1.815866
1.815535
1.816988
1.816633
1.816413
1.816052
1.816453
1.816416
1.816549
1.816609
1.816130
1.816730
1.816024
1.816294
1.816147
1.816328
1.816512
1.814007
1.815287
1.814843
1.815048
1.815388
1.815362
1.815529
1.815715
1.816309
1.815670
1.815649
1.815575
1.816128
1.815605
1.815216
1.815228
1.815807
1.816450
1.815821
1.815470
1.815537
1.816249
1.816269
1.815715
1.815590
1.815761
1.816070
1.816061
1.816027
1.815915
1.816058
1.816237
1.816089
1.816003
1.815300
1.816075
1.815696
1.815867
1.815568
1.815560
1.815784
1.815373
1.815353
1.815175
1.815579
1.814993
1.814888
1.815406
1.815372
1.815522
1.814740
1.814808
1.815160
1.816105
1.815107
1.814739
1.814681
1.815498
1.815875
1.815149
1.814337
1.814375
1.815910
1.815650
1.814904
1.814203
1.814625
1.815948
1.815614
1.813374
1.811779
1.812320
1.813051
1.812307
1.812128
1.811423
1.813172
1.812157
1.812832
1.811944
1.810647
1.811246
1.811436
1.811193
1.810251
1.809512
1.808764
1.809309
1.809203
1.808481
1.807981
1.807242
1.807375
1.807277
1.808090
1.806208
1.806003
1.806730
1.806495
1.806744
1.805605
1.805399
1.805853
1.806431
1.806070
1.805701
1.805399
1.803900
1.805589
1.804677
1.803730
1.802964
1.802822
1.801535
1.799757
1.798487
1.796858
1.796507
1.795231
1.794618
1.793789
1.793675
1.793708
1.793196
1.793042
1.791054
1.792147
1.791558
1.791610
1.790692
1.789095
1.787649
1.788157
1.787677
1.785887
1.782665
1.779757
1.776578
1.772847
1.771128
1.770771
1.770305
1.770228
1.769446
1.768581
1.765268
1.761770
1.757647
1.752596
1.747417
1.741710
1.736871
1.730551
1.727293
1.722107
1.716784
1.712554
1.706854
1.703140
1.699141
1.694009
1.690403
1.682324
1.679023
1.676142
1.671708
1.673405
1.667570
1.666390
1.670474
1.672737
1.678079
1.675329
1.669760
1.677646
1.682228
1.691464
1.688767
1.682162
1.693638
1.701460
1.713380
1.714589
1.703950
1.715758
1.725994
1.737881
1.741357
1.726744
1.736735
1.747310
1.758830
1.762903
1.749414
1.755705
1.765416
1.776786
1.780056
1.770049
1.770167
1.778921
1.788070
1.789880
1.787013
1.779394
1.787954
1.793653
1.794426
1.794920
1.791812
1.796578
1.799352
1.800650
1.801196
1.800492
1.802096
1.803352
1.804651
1.804499
1.804361
1.804682
1.805488
1.806635
1.806734
1.806877
1.806850
1.808817
1.808739
1.809058
1.809591
1.810023
1.810960
1.811466
1.811938
1.811879
1.813135
1.813058
1.813644
1.813842
1.814100
1.815129
1.814561
1.814777
1.814860
1.815526
1.815543
1.815352
1.815441
1.815237
1.816111
1.815467
1.815659
1.815786
1.816116
1.816108
1.815922
1.815682
1.815606
1.816453
1.816244
1.815852
1.815822
1.815767
1.816211
1.815829
1.816203
1.815292
1.816042
1.816144
1.815005
1.813884
1.814195
1.815169
1.815168
1.815814
1.815705
1.816042
1.815731
1.815869
1.815697
1.815706
1.816318
1.815782
1.815568
1.815256
1.816257
1.815700
1.815546
1.815593
1.815561
1.816370
1.815856
1.815393
1.815470
1.815705
1.816128
1.815357
1.815034
1.815192
1.815494
1.814842
1.815166
1.814889
1.814634
1.815147
1.814826
1.814493
1.814037
1.815066
1.814655
1.814749
1.814648
1.814405
1.815096
1.814566
1.814478
1.814151
1.814935
1.814519
1.814663
1.814759
1.814438
1.815330
1.814425
1.814622
1.814339
1.815406
1.814449
1.814640
1.814562
1.814360
1.815396
1.814507
1.814460
1.814433
1.815108
1.814815
1.814411
1.813642
1.813178
1.813766
1.812977
1.812750
1.813025
1.813081
1.813362
1.812988
1.812791
1.812708
1.813619
1.813116
1.813040
1.813058
1.812819
1.813049
1.812430
1.812996
1.812546
1.813479
1.812991
1.812427
1.812836
1.812848
1.813213
1.812803
1.812596
1.812226
1.813220
1.812520
1.812546
1.812285
1.812152
1.812894
1.812332
1.812441
1.811846
1.812530
1.811556
1.812093
1.811575
1.811330
1.812134
1.811776
1.811729
1.811787
1.811849
1.811867
1.811776
1.811637
1.811533
1.812021
1.811644
1.811618
1.811775
1.811711
1.812186
1.811976
1.811836
1.811559
1.812222
1.812062
1.811677
1.812019
1.812197
1.812207
1.812181
1.812271
1.811553
1.812288
1.811674
1.811765
1.811669
1.811576
1.812158
1.811460
1.811678
1.811306
1.812281
1.811504
1.811228
1.811585
1.811057
1.812057
1.811613
1.811865
1.811181
1.811671
1.811929
1.811635
1.811449
1.810906
1.812460
1.811541
1.811739
1.811373
1.811724
1.811953
1.812140
1.811930
1.811683
1.812513
1.812028
1.811970
1.812255
1.811934
1.812182
1.811415
1.811758
1.811587
1.812331
1.812210
1.811727
1.811485
1.811683
1.812137
1.811554
1.811662
1.811136
1.811876
1.811707
1.811455
1.811566
1.811712
1.812435
1.811686
1.811256
1.811469
1.811358
1.809641
1.809037
1.809420
1.809214
1.809480
1.810354
1.811168
1.811026
1.811882
1.812012
1.812147
1.811016
1.811200
1.812061
1.811517
1.811902
1.811996
1.812209
1.812670
1.811984
1.812059
1.811578
1.812522
1.811771
1.811877
1.812035
1.811498
1.811823
1.811478
1.811495
1.811221
1.812499
1.811513
1.812237
1.810896
1.811094
1.812396
1.810912
1.811725
1.811669
1.812009
1.812043
1.811076
1.810655
1.811537
1.810967
1.811088
1.811028
1.811126
1.811470
1.811446
1.810999
1.810867
1.811024
1.811493
1.811075
1.810965
1.811575
1.811448
1.811522
1.811410
1.810943
1.810692
1.811841
1.811082
1.811092
1.811064
1.810754
1.810969
1.811308
1.811035
1.810557
1.811550
1.811738
1.810985
1.811509
1.811352
1.811997
1.811830
1.811519
1.810959
1.810992
1.810970
1.811050
1.810580
1.810619
1.811721
1.810732
1.810813
1.811937
1.811803
1.811680
1.812567
1.813079
1.812655
1.813277
1.812592
1.812192
1.812528
1.812371
1.812957
1.812398
1.812101
1.812060
1.813035
1.812453
1.812614
1.812408
1.812465
1.812803
1.812578
1.812478
1.812081
1.813033
1.812733
1.812442
1.812140
1.812751
1.812983
1.812711
1.812811
1.812267
1.813636
1.813005
1.812908
1.812489
1.812441
1.813405
1.812696
1.813033
1.812425
1.812801
1.812924
1.812817
1.811504
1.812195
1.812759
1.812094
1.812317
1.812268
1.812313
1.812331
1.811866
1.812538
1.812179
1.811311
1.810719
1.810984
1.811083
1.811666
1.812917
1.812701
1.812481
1.812394
1.813560
1.812655
1.812520
1.812418
1.812772
1.812305
1.812581
1.812540
1.812034
1.812865
1.812540
1.812173
1.812117
1.811618
1.812586
1.812394
1.812139
1.811478
1.812370
1.812105
1.811663
1.811659
1.811337
1.812391
1.810390
1.811264
1.811411
1.811738
1.812196
1.811489
1.812188
1.811573
1.812125
1.811333
1.811682
1.811613
1.812041
1.811999
1.811728
1.811720
1.811692
1.812341
1.811678
1.811507
1.812087
1.812252
1.812236
1.811465
1.811684
1.811431
1.812084
1.811635
1.811846
1.811391
1.811417
1.812228
1.810708
1.809199
1.809288
1.809841
1.809310
1.809508
1.809391
1.810728
1.811872
1.811091
1.810968
1.810654
1.811467
1.811793
1.811311
1.811282
1.811132
1.811908
1.811587
1.811282
1.811599
1.811473
1.811708
1.811707
1.811333
1.811523
1.811977
1.810344
1.811302
1.811517
1.811315
1.811901
1.811686
1.811512
1.811282
1.811994
1.811278
1.811492
1.811101
1.811095
1.811630
1.810840
1.811146
1.810718
1.811180
1.811025
1.810904
1.810911
1.811155
1.811549
1.811053
1.810699
1.811006
1.811192
1.811154
1.811182
1.810430
1.810688
1.811410
1.811059
1.810833
1.810670
1.810988
1.811392
1.810629
1.810521
1.810348
1.811641
1.810531
1.808977
1.808512
1.808193
1.808559
1.808966
1.808100
1.809492
1.810371
1.809657
1.809483
1.809726
1.809679
1.809672
1.809739
1.809229
1.809052
1.809979
1.809185
1.809042
1.809507
1.809085
1.810094
1.809618
1.809572
1.809158
1.809708
1.809799
1.808946
1.809362
1.809479
1.810012
1.809661
1.809946
1.809458
1.809809
1.809388
1.809573
1.809559
1.809011
1.809520
1.808739
1.809209
1.809299
1.809297
1.808748
1.807777
1.808773
1.808673
1.809170
1.808049
1.807635
1.808232
1.808771
1.809063
1.807861
1.807245
1.807883
1.809000
1.808305
1.807691
1.806926
1.807578
1.808734
1.808133
1.807028
1.806296
1.808028
1.808336
1.806758
1.805455
1.803611
1.806504
1.805701
1.806572
1.804855
1.805678
1.806897
1.807005
1.806929
1.806018
1.805926
1.806266
1.806352
1.806163
1.806113
1.805435
1.805690
1.806481
1.806207
1.806374
1.805348
1.805993
1.806246
1.806604
1.806221
1.805392
1.805925
1.806276
1.807077
1.806293
1.805624
1.806176
1.806371
1.807044
1.806340
1.805776
1.806015
1.807510
1.806740
1.806160
1.805890
1.806365
1.807067
1.806248
1.806260
1.805599
1.806993
1.806605
1.806265
1.806297
1.805855
1.806424
1.806383
1.805895
1.805899
1.806151
1.806558
1.806394
1.806540
1.806311
1.806802
1.806805
1.806877
1.806709
1.807315
1.806290
1.805066
1.805816
1.805670
1.806415
1.806766
1.807232
1.807405
1.806992
1.807836
1.807197
1.807116
1.807184
1.807813
1.807795
1.807457
1.806823
1.806898
1.807777
1.806973
1.806933
1.806117
1.807054
1.806212
1.806037
1.805938
1.805251
1.806070
1.806006
1.804808
1.804466
1.805936
1.805673
1.806221
1.806388
1.806981
1.808116
1.808026
1.808178
1.808441
1.808996
1.809000
1.808922
1.809020
1.808835
1.809621
1.809257
1.809371
1.809502
1.809729
1.810111
1.809396
1.809545
1.809251
1.810244
1.809732
1.809538
1.809238
1.809429
1.810210
1.809289
1.809359
1.809215
1.810110
1.809883
1.809943
1.808195
1.808147
1.808319
1.808000
1.808279
1.808906
1.808665
1.809604
1.809984
1.810476
1.810102
1.810906
1.810154
1.810187
1.810136
1.810779
1.810585
1.811076
1.810386
1.810181
1.811147
1.810757
1.810383
1.810434
1.810349
1.810620
1.810430
1.810449
1.809992
1.810683
1.810067
1.810029
1.810017
1.809998
1.810936
1.809928
1.810053
1.809866
1.810923
1.809459
1.809121
1.808143
1.809006
1.810696
1.810406
1.810474
1.810129
1.810811
1.810533
1.810597
1.810510
1.810313
1.811149
1.810912
1.809809
1.810218
1.810969
1.810812
1.810559
1.810234
1.810297
1.811064
1.810308
1.810018
1.810201
1.810141
1.810610
1.808256
1.808346
1.807461
1.808094
1.807472
1.806833
1.807928
1.807851
1.809345
1.809329
1.809989
1.808810
1.810002
1.809227
1.808835
1.808796
1.808881
1.809553
1.808965
1.808567
1.808599
1.808992
1.808480
1.808257
1.807847
1.808305
1.808646
1.807398
1.806646
1.806135
1.807626
1.807727
1.807187
1.807037
1.807041
1.808025
1.807324
1.805996
1.806448
1.806728
1.806965
1.806424
1.806480
1.806375
1.807236
1.806682
1.806635
1.807064
1.807144
1.807775
1.807614
1.808045
1.808626
1.809871
1.809770
1.809907
1.810100
1.810037
1.810750
1.810596
1.810466
1.810068
1.811388
1.811094
1.810661
1.810889
1.810197
1.811197
1.810965
1.809785
1.808378
1.808931
1.808510
1.808659
1.808645
1.809107
1.810324
1.809815
1.810209
1.809888
1.810180
1.810082
1.810060
1.810416
1.809606
1.810826
1.810191
1.809891
1.810402
1.810476
1.810170
1.810374
1.810620
1.810353
1.811088
1.810244
1.810081
1.810527
1.810501
1.810880
1.809860
1.810081
1.810170
1.810896
1.810356
1.809586
1.809407
1.809512
1.810281
1.809659
1.809497
1.809074
1.810202
1.809818
1.809487
1.809149
1.808475
1.809479
1.809213
1.809040
1.808847
1.808766
1.809096
1.808965
1.808515
1.808944
1.808615
1.808425
1.808742
1.808872
1.809155
1.808177
1.808006
1.808668
1.808283
1.809548
1.806889
1.806587
1.807150
1.807334
1.807516
1.806575
1.806299
1.806905
1.807799
1.807419
1.805995
1.805499
1.806868
1.807393
1.806876
1.805468
1.804901
1.806717
1.806490
1.806411
1.805304
1.804613
1.806592
1.806500
1.806569
1.805087
1.805087
1.805969
1.806100
1.806329
1.804960
1.805360
1.805711
1.806318
1.805897
1.805468
1.805320
1.805884
1.805847
1.805677
1.805850
1.804960
1.805339
1.805753
1.805540
1.805408
1.804372
1.805080
1.804781
1.805903
1.805070
1.804523
1.803443
1.804543
1.805431
1.804594
1.804734
1.804947
1.805471
1.805018
1.804928
1.804814
1.804766
1.806157
1.805422
1.804929
1.804799
1.805961
1.805522
1.805384
1.805173
1.805208
1.806203
1.805614
1.805608
1.805590
1.805522
1.806075
1.806299
1.805788
1.805664
1.806226
1.805435
1.805636
1.805557
1.805653
1.805481
1.805061
1.805727
1.805226
1.805489
1.804662
1.804620
1.804830
1.804687
1.804848
1.804429
1.804250
1.804617
1.805475
1.804574
1.804067
1.804388
1.804386
1.804529
1.804177
1.803870
1.803700
1.804489
1.803645
1.804081
1.803715
1.802744
1.803643
1.802426
1.803410
1.803011
1.803044
1.802717
1.801755
1.802254
1.802104
1.802336
1.801692
1.801239
1.801412
1.802350
1.801612
1.800473
1.800178
1.800461
1.799604
1.798293
1.797805
1.797297
1.797644
1.800340
1.799766
1.799404
1.798646
1.801071
1.800860
1.800861
1.800092
1.800665
1.801905
1.802155
1.801836
1.801292
1.801615
1.802073
1.801276
1.802240
1.801651
1.802204
1.802107
1.802526
1.802461
1.802446
1.801357
1.801896
1.803021
1.802533
1.802157
1.801308
1.801842
1.802768
1.802986
1.802169
1.801217
1.801832
1.802903
1.803514
1.802113
1.800987
1.802759
1.802621
1.803209
1.802001
1.800828
1.801961
1.804118
1.803213
1.802617
1.800650
1.802296
1.804185
1.803395
1.802722
1.800879
1.803037
1.803826
1.803991
1.803190
1.801177
1.803109
1.804127
1.803722
1.803383
1.802782
1.802845
1.803632
1.803467
1.803283
1.803341
1.801959
1.802055
1.801808
1.801984
1.801751
1.801386
1.803417
1.803746
1.804067
1.803650
1.803859
1.804145
1.804737
1.804903
1.804295
1.804077
1.804602
1.805632
1.804745
1.804541
1.804361
1.804836
1.805332
1.804940
1.804267
1.804378
1.805243
1.804966
1.804597
1.804314
1.804220
1.805487
1.805171
1.804702
1.804547
1.805577
1.805574
1.805314
1.805421
1.805027
1.806161
1.806043
1.806262
1.806076
1.806844
1.805893
1.806698
1.806782
1.806627
1.807215
1.807367
1.807379
1.807387
1.807505
1.807612
1.808043
1.807877
1.807661
1.808578
1.807984
1.808140
1.808270
1.808735
1.809055
1.808633
1.808813
1.808619
1.809288
1.808862
1.809315
1.808715
1.807051
1.808008
1.807120
1.807153
1.806821
1.808024
1.809177
1.809136
1.809506
1.809046
1.810224
1.809610
1.809378
1.809237
1.810377
1.810092
1.810218
1.810073
1.810059
1.810728
1.810157
1.810319
1.810267
1.810688
1.810544
1.810606
1.810433
1.810420
1.811436
1.810665
1.810498
1.810708
1.810856
1.811007
1.810688
1.810672
1.810666
1.811547
1.810904
1.810425
1.810514
1.810680
1.811348
1.810607
1.810637
1.810670
1.811790
1.811082
1.810985
1.811275
1.811088
1.811947
1.811287
1.811396
1.811258
1.812110
1.812152
1.811647
1.811932
1.811730
1.812389
1.812158
1.811935
1.812409
1.811702
1.810510
1.810103
1.811071
1.809618
1.810904
1.810503
1.811423
1.812046
1.812723
1.812841
1.811725
1.812071
1.812159
1.812615
1.812001
1.812243
1.812184
1.812299
1.812856
1.812243
1.812260
1.811951
1.813062
1.812643
1.812681
1.812590
1.812522
1.813494
1.813046
1.812902
1.812537
1.813395
1.813119
1.813659
1.812940
1.813021
1.813918
1.813438
1.813446
1.813154
1.813771
1.813412
1.813374
1.813216
1.812997
1.814011
1.813162
1.813004
1.813017
1.813393
1.813360
1.812906
1.813115
1.812668
1.814017
1.813284
1.813122
1.813148
1.813791
1.813909
1.813343
1.813536
1.813136
1.813939
1.813484
1.813861
1.812249
1.811369
1.813363
1.812206
1.813364
1.813472
1.814246
1.813723
1.813793
1.813490
1.813338
1.814228
1.813753
1.813462
1.813402
1.813570
1.813748
1.813564
1.813331
1.813269
1.813768
1.812953
1.812791
1.812829
1.813532
1.813225
1.813223
1.813071
1.812751
1.813618
1.812941
1.813250
1.813365
1.813698
1.812696
1.812524
1.812416
1.812303
1.813142
1.812174
1.812449
1.812471
1.812210
1.813003
1.811928
1.811239
1.811299
1.812462
1.812395
1.811792
1.811787
1.811203
1.812451
1.811895
1.811547
1.811706
1.811760
1.812122
1.811168
1.811579
1.811647
1.811548
1.810641
1.811821
1.811343
1.811976
1.812781
1.811492
1.811991
1.811429
1.811641
1.811426
1.811404
1.812013
1.811970
1.811336
1.811455
1.812379
1.812380
1.812808
1.812459
1.812193
1.811294
1.811823
1.812599
1.811534
1.811689
1.811185
1.813142
1.812894
1.812742
1.813124
1.812692
1.812394
1.813036
1.812569
1.812429
1.813387
1.811622
1.812157
1.812816
1.812758
1.813539
1.812239
1.811569
1.811670
1.812000
1.811480
1.811958
1.812508
1.812292
1.813205
1.812855
1.812551
1.812131
1.812962
1.812692
1.812475
1.813249
1.811671
1.813084
1.812893
1.812886
1.812723
1.812547
1.812894
1.812871
1.812729
1.812655
1.812931
1.812533
1.812015
1.812286
1.812277
1.812826
1.812266
1.812300
1.812129
1.812814
1.812444
1.812420
1.812627
1.812413
1.813318
1.811991
1.812738
1.812590
1.813221
1.812916
1.812912
1.812691
1.812521
1.813326
1.812853
1.812739
1.813049
1.812396
1.813174
1.813093
1.812888
1.812405
1.813059
1.813005
1.812538
1.812583
1.812994
1.813164
1.812487
1.812640
1.811802
1.812723
1.812201
1.812397
1.812125
1.812164
1.812843
1.812257
1.812333
1.811990
1.812890
1.812408
1.812440
1.812201
1.812316
1.813241
1.812689
1.812643
1.812569
1.813391
1.812723
1.812677
1.812962
1.812661
1.813722
1.812569
1.812645
1.812713
1.813231
1.813017
1.812630
1.812358
1.812806
1.813325
1.812750
1.812664
1.812331
1.812370
1.812698
1.812184
1.812015
1.811865
1.812865
1.812329
1.812329
1.812313
1.812025
1.812469
1.812598
1.812335
1.812388
1.812927
1.812320
1.812527
1.812429
1.812613
1.812812
1.812365
1.812564
1.812475
1.812981
1.812580
1.812003
1.811695
1.812374
1.812867
1.810340
1.809497
1.809558
1.810094
1.809710
1.810774
1.811178
1.811264
1.812440
1.811191
1.811433
1.809864
1.810876
1.810648
1.810800
1.810329
1.810073
1.810881
1.810849
1.811518
1.811593
1.811556
1.811961
1.811908
1.811748
1.811679
1.812392
1.811965
1.811871
1.812173
1.811828
1.811993
1.811910
1.812077
1.811634
1.812761
1.812155
1.811790
1.812031
1.811752
1.811995
1.811783
1.811929
1.811297
1.811999
1.812126
1.810971
1.811339
1.810854
1.811519
1.811112
1.811035
1.811621
1.812213
1.811390
1.811036
1.810852
1.810973
1.811597
1.811388
1.810846
1.810798
1.811489
1.811168
1.811443
1.811157
1.810928
1.811868
1.811454
1.811361
1.811153
1.811364
1.811988
1.811530
1.811430
1.811219
1.811785
1.811547
1.811488
1.811574
1.811669
1.811584
1.811868
1.811445
1.810403
1.811660
1.811669
1.812109
1.811793
1.812100
1.812485
1.811854
1.812271
1.811581
1.812593
1.812067
1.811826
1.811997
1.811938
1.812732
1.812330
1.812092
1.812283
1.812493
1.812611
1.812445
1.812242
1.812342
1.812779
1.812816
1.812326
1.812435
1.812449
1.812670
1.812245
1.812306
1.811717
1.812577
1.812297
1.812094
1.811951
1.811638
1.811900
1.811602
1.811701
1.811348
1.812119
1.811883
1.811670
1.811471
1.811813
1.812523
1.811844
1.811834
1.811334
1.812127
1.811820
1.811644
1.811841
1.811975
1.812231
1.812026
1.811929
1.811751
1.812360
1.811988
1.811845
1.811733
1.811394
1.812399
1.811799
1.811668
1.811501
1.811528
1.811944
1.811379
1.811255
1.811336
1.812104
1.811163
1.811015
1.811038
1.811310
1.811699
1.811253
1.811051
1.810933
1.811746
1.811330
1.811140
1.811284
1.810994
1.811958
1.811194
1.811365
1.810836
1.811716
1.811050
1.808849
1.808437
1.808521
1.809078
1.808144
1.810049
1.810114
1.810539
1.810893
1.810473
1.810960
1.810709
1.811131
1.811337
1.811764
1.811579
1.812096
1.812032
1.811303
1.811293
1.810958
1.812415
1.811709
1.811138
1.811303
1.811318
1.811610
1.811252
1.811228
1.811002
1.811900
1.810970
1.811166
1.810513
1.810976
1.811193
1.811275
1.810788
1.810744
1.811475
1.811311
1.811135
1.810284
1.809947
1.810821
1.810403
1.810691
1.810448
1.811105
1.810423
1.809620
1.808777
1.807933
1.810061
1.810746
1.810249
1.809633
1.809552
1.803282
1.803567
1.808265
1.810179
1.810557
1.810026
1.809704
1.806977
1.806045
1.808544
1.809961
1.810246
1.808820
1.810946
1.809010
1.807694
1.808617
1.809954
1.810570
1.810389
1.808905
1.808265
1.807874
1.806676
1.809497
1.810554
1.810386
1.810921
1.810045
1.808859
1.808612
1.810316
1.810568
1.810144
1.810545
1.809775
1.809176
1.809107
1.809595
1.809794
1.810657
1.810424
1.809852
1.809752
1.809024
1.810286
1.810294
1.810141
1.810324
1.810370
1.810167
1.809698
1.810067
1.810182
1.811056
1.810421
1.809997
1.809803
1.810426
1.810505
1.809843
1.810030
1.810036
1.810727
1.809950
1.809749
1.809903
1.809760
1.811001
1.810226
1.809778
1.809131
1.810235
1.809911
1.809652
1.809849
1.809301
1.809912
1.809493
1.809348
1.809481
1.810231
1.809793
1.810185
1.809929
1.808537
1.808044
1.808491
1.809402
1.809086
1.810526
1.809805
1.809571
1.809960
1.810011
1.811062
1.810329
1.810687
1.809457
1.809840
1.810635
1.810127
1.810082
1.810651
1.810948
1.810184
1.809944
1.809707
1.810455
1.810621
1.809886
1.809418
1.809070
1.810442
1.809635
1.809441
1.809481
1.809461
1.810656
1.809881
1.809356
1.809290
1.809922
1.810315
1.810312
1.809521
1.809381
1.809783
1.809242
1.809499
1.809488
1.810079
1.809675
1.809693
1.809974
1.809278
1.810099
1.809449
1.809105
1.809383
1.809323
1.809605
1.808892
1.808609
1.808752
1.809921
1.809316
1.808854
1.808444
1.808486
1.808874
1.808585
1.808519
1.808246
1.808689
1.806611
1.807168
1.807411
1.806526
1.808459
1.808521
1.808632
1.808261
1.808739
1.808015
1.808123
1.808906
1.808177
1.808528
1.807642
1.807942
1.807846
1.808930
1.808507
1.807811
1.808086
1.808168
1.809137
1.808336
1.807742
1.807814
1.808373
1.808528
1.807923
1.807619
1.807022
1.808426
1.808054
1.807513
1.807346
1.807005
1.807871
1.807319
1.806915
1.806900
1.807255
1.806849
1.806792
1.806585
1.805977
1.806048
1.806468
1.806151
1.805713
1.806264
1.805730
1.805679
1.805920
1.805637
1.805946
1.805273
1.805111
1.804847
1.805614
1.805333
1.804405
1.804618
1.804796
1.805412
1.805530
1.802465
1.802620
1.803961
1.803231
1.804171
1.804195
1.803844
1.804867
1.804305
1.804603
1.803693
1.803738
1.804752
1.804669
1.804536
1.803411
1.803285
1.804332
1.804675
1.804867
1.804243
1.803469
1.804511
1.804985
1.804689
1.805016
1.803238
1.804309
1.804971
1.804935
1.804855
1.802106
1.803276
1.804215
1.805075
1.804081
1.800817
1.802195
1.803505
1.804041
1.802790
1.800091
1.801068
1.803251
1.802852
1.802197
1.799825
1.799823
1.802709
1.802165
1.802015
1.799628
1.799431
1.800665
1.800504
1.799302
1.796451
1.795843
1.795360
1.794236
1.793161
1.790959
1.790576
1.790462
1.790497
1.789856
1.789348
1.788148
1.788722
1.787527
1.787221
1.786870
1.785016
1.786938
1.786985
1.787451
1.786376
1.785309
1.785150
1.786145
1.787154
1.787364
1.787587
1.788362
1.790787
1.791357
1.792154
1.792905
1.793754
1.795892
1.796437
1.797616
1.797662
1.798319
1.799186
1.799286
1.799061
1.798769
1.799474
1.799341
1.799313
1.799594
1.799827
1.799295
1.799307
1.799373
1.799395
1.799851
1.799564
1.799553
1.799279
1.799419
1.799937
1.799487
1.799511
1.799198
1.800389
1.799356
1.799110
1.799453
1.799620
1.800401
1.799995
1.800253
1.800268
1.801161
1.801054
1.800701
1.800578
1.800628
1.801765
1.801340
1.800548
1.800416
1.800229
1.798186
1.798236
1.798100
1.797785
1.798178
1.797320
1.796513
1.795707
1.795377
1.795179
1.795079
1.794389
1.793674
1.794317
1.793191
1.793588
1.793737
1.792396
1.792822
1.791821
1.791835
1.791628
1.792182
1.791959
1.791080
1.790971
1.791294
1.791334
1.790726
1.790578
1.790116
1.791182
1.790804
1.789191
1.788834
1.788833
1.790066
1.789192
1.788730
1.787837
1.787631
1.787368
1.787724
1.785868
1.785343
1.785895
1.784778
1.784935
1.784185
1.783573
1.783493
1.782997
1.782964
1.782310
1.782262
1.781254
1.781212
1.781645
1.781088
1.780388
1.780303
1.780360
1.780072
1.780353
1.779574
1.778977
1.779069
1.779376
1.778749
1.776502
1.776801
1.776879
1.776465
1.777188
1.776350
1.776295
1.776052
1.776292
1.775158
1.773946
1.772934
1.773787
1.772371
1.771379
1.770433
1.769105
1.770065
1.769154
1.767508
1.766400
1.766062
1.765463
1.763428
1.759788
1.757938
1.757120
1.755481
1.753628
1.751589
1.748811
1.747202
1.746740
1.745729
1.744385
1.743617
1.741107
1.742234
1.742441
1.742301
1.740991
1.738409
1.737851
1.737169
1.737583
1.735156
1.732918
1.731699
1.731385
1.732229
1.730741
1.728942
1.727312
1.728379
1.729096
1.728699
1.727328
1.726132
1.727465
1.727149
1.727970
1.727003
1.725814
1.726422
1.726797
1.725893
1.725416
1.725293
1.724967
1.725953
1.727086
1.727763
1.727441
1.725891
1.726020
1.727660
1.727785
1.727138
1.726584
1.726467
1.727476
1.727701
1.727506
1.726070
1.726214
1.727581
1.727173
1.726897
1.726851
1.726615
1.726969
1.727239
1.726347
1.726499
1.726801
1.725886
1.726207
1.725308
1.725338
1.725633
1.724668
1.725219
1.724184
1.724736
1.723911
1.723472
1.723880
1.722759
1.723669
1.723327
1.723203
1.722931
1.722958
1.722525
1.722402
1.722434
1.721766
1.722467
1.720816
1.721257
1.721389
1.721038
1.722050
1.720774
1.720828
1.721327
1.722097
1.722065
1.721039
1.721224
1.721783
1.722500
1.722711
1.722463
1.721056
1.722218
1.722206
1.722430
1.722429
1.721925
1.723738
1.723948
1.723696
1.723607
1.723778
1.724497
1.725429
1.725541
1.725910
1.726320
1.726906
1.727746
1.727877
1.729077
1.728902
1.729950
1.731476
1.732097
1.734387
1.734058
1.735379
1.737173
1.738363
1.740206
1.741061
1.741574
1.743243
1.745049
1.745675
1.746854
1.747231
1.748681
1.750075
1.750364
1.750738
1.750908
1.753186
1.753846
1.754053
1.755401
1.755753
1.757418
1.757357
1.757505
1.758466
1.759765
1.760171
1.760310
1.760670
1.762206
1.763116
1.763865
1.764452
1.764870
1.766735
1.767337
1.768311
1.769159
1.768959
1.771340
1.771106
1.771689
1.771933
1.772228
1.772991
1.772816
1.773553
1.773384
1.774096
1.774228
1.774127
1.774217
1.774613
1.774873
1.774665
1.774879
1.775090
1.776382
1.775527
1.775993
1.776332
1.776670
1.777490
1.777719
1.777921
1.777968
1.779628
1.779912
1.780277
1.780891
1.781749
1.782994
1.783263
1.784436
1.784747
1.785771
1.786292
1.786675
1.787067
1.787850
1.788746
1.788844
1.789106
1.789823
1.791170
1.791410
1.790813
1.790813
1.791940
1.792365
1.792378
1.792824
1.792202
1.792767
1.793613
1.792944
1.792668
1.792169
1.793407
1.793216
1.793106
1.792710
1.793199
1.792791
1.791120
1.791659
1.791145
1.792345
1.791322
1.792679
1.794536
1.794235
1.795395
1.795172
1.794328
1.795042
1.795997
1.796030
1.796547
1.796870
1.797466
1.798681
1.798480
1.798624
1.798431
1.799682
1.799914
1.799839
1.800685
1.800151
1.802048
1.801311
1.802413
1.802499
1.803449
1.803623
1.804171
1.804892
1.805186
1.804903
1.805159
1.805806
1.806298
1.806700
1.807488
1.805978
1.806918
1.806805
1.808064
1.807839
1.806607
1.806635
1.806864
1.807861
1.806932
1.807042
1.806515
1.807455
1.807852
1.807436
1.806957
1.807132
1.808398
1.807807
1.807827
1.807706
1.808010
1.807693
1.807634
1.808153
1.807680
1.808084
1.807758
1.807631
1.807777
1.808013
1.807401
1.807591
1.807731
1.807904
1.808910
1.807616
1.807470
1.807742
1.808233
1.808589
1.808140
1.807534
1.806954
1.807892
1.808183
1.808284
1.808066
1.807934
1.807830
1.808265
1.808801
1.809825
1.811141
1.810519
1.810285
1.810601
1.810694
1.811303
1.811068
1.810773
1.811312
1.812402
1.811767
1.811758
1.811758
1.811841
1.813104
1.812891
1.812147
1.812875
1.812684
1.813321
1.813238
1.813121
1.812617
1.813304
1.813277
1.813689
1.813395
1.813832
1.813969
1.813354
1.813972
1.813849
1.814943
1.814073
1.813500
1.814458
1.814561
1.814770
1.814575
1.813887
1.814056
1.814443
1.814266
1.814408
1.814317
1.814309
1.815033
1.815168
1.815250
1.814808
1.815804
1.814115
1.814114
1.814260
1.814696
1.814594
1.815751
1.815903
1.816042
1.816814
1.816298
1.815710
1.815610
1.814433
1.817223
1.816843
1.816242
1.816752
1.817184
1.817138
1.816778
1.817020
1.816782
1.817823
1.817021
1.817015
1.817172
1.817089
1.816921
1.816810
1.817138
1.816606
1.817406
1.817070
1.817279
1.817170
1.817096
1.817573
1.817492
1.817937
1.817080
1.817479
1.817748
1.817505
1.817793
1.817647
1.818626
1.818066
1.817201
1.816194
1.817775
1.818146
1.817843
1.817890
1.818233
1.818711
1.818211
1.817928
1.818123
1.818413
1.818350
1.818021
1.818023
1.817586
1.818541
1.818027
1.816905
1.815496
1.815810
1.815994
1.815546
1.815582
1.815462
1.816974
1.817026
1.816934
1.817214
1.817150
1.817459
1.817473
1.817540
1.817207
1.818430
1.818175
1.817859
1.817940
1.818231
1.818790
1.818957
1.818830
1.818784
1.819498
1.819361
1.819845
1.819749
1.819717
1.820414
1.819906
1.820458
1.820441
1.820833
1.820634
1.820198
1.820735
1.820719
1.820872
1.820714
1.820510
1.820663
1.821265
1.821179
1.820700
1.820987
1.820830
1.821639
1.821039
1.820998
1.821350
1.821089
1.821845
1.820993
1.820976
1.821253
1.821966
1.821074
1.821403
1.820934
1.821312
1.821698
1.820687
1.820539
1.820128
1.821043
1.821190
1.820536
1.820918
1.820531
1.819531
1.820604
1.818647
1.818238
1.818289
1.819113
1.819180
1.819184
1.819661
1.820400
1.819878
1.819726
1.820058
1.820238
1.820126
1.820053
1.819690
1.820078
1.820846
1.820077
1.820354
1.819779
1.819597
1.820332
1.819209
1.819404
1.819269
1.820235
1.818963
1.818961
1.819001
1.818380
1.818619
1.817803
1.817592
1.816877
1.817974
1.817654
1.817201
1.816905
1.816810
1.817501
1.816971
1.816694
1.816478
1.816897
1.816518
1.816353
1.816164
1.815536
1.816875
1.816060
1.816114
1.815892
1.816286
1.816595
1.816118
1.816393
1.816443
1.817073
1.817134
1.817239
1.817410
1.818292
1.818298
1.818279
1.817436
1.816410
1.817722
1.816466
1.815507
1.816988
1.816905
1.818283
1.818250
1.818085
1.817694
1.818858
1.818458
1.817364
1.817472
1.817471
1.818503
1.818498
1.818095
1.817665
1.818398
1.818218
1.818079
1.817917
1.818287
1.818526
1.818017
1.817953
1.817787
1.818222
1.818001
1.817390
1.817490
1.817431
1.818545
1.817691
1.817700
1.818073
1.818405
1.818851
1.817843
1.818051
1.818652
1.819655
1.818945
1.818253
1.817927
1.818904
1.819899
1.819670
1.818581
1.818182
1.819624
1.819422
1.819537
1.819349
1.819011
1.820077
1.820090
1.820338
1.820084
1.820508
1.820307
1.820266
1.820326
1.820308
1.821290
1.819729
1.818886
1.819583
1.820961
1.819853
1.821074
1.821238
1.821482
1.821815
1.821603
1.821312
1.821268
1.822186
1.821753
1.821668
1.821764
1.821321
1.822355
1.821870
1.822114
1.821141
1.822045
1.822165
1.821474
1.821448
1.821227
1.822190
1.821793
1.821477
1.821597
1.821681
1.822254
1.822164
1.821780
1.821629
1.822485
1.822118
1.822236
1.822433
1.822096
1.822076
1.822551
1.822335
1.822454
1.823292
1.823059
1.822270
1.823006
1.822655
1.823466
1.822849
1.822472
1.822432
1.823049
1.822764
1.822622
1.822485
1.822423
1.822826
1.822376
1.822472
1.822529
1.822837
1.822945
1.822549
1.822666
1.822503
1.823571
1.822994
1.822573
1.821355
1.820690
1.821882
1.820956
1.821576
1.821093
1.823414
1.823288
1.823139
1.823088
1.822973
1.823452
1.823283
1.822876
1.823046
1.823640
1.823198
1.823108
1.823109
1.822910
1.823409
1.822866
1.823011
1.822669
1.823070
1.822956
1.821895
1.822407
1.822508
1.823037
1.822726
1.822435
1.822381
1.822774
1.822579
1.822259
1.822510
1.821964
1.822692
1.822347
1.822208
1.822271
1.822594
1.822484
1.822425
1.822379
1.822139
1.822813
1.822578
1.822457
1.822957
1.821944
1.822612
1.822219
1.822084
1.822128
1.823123
1.822181
1.821874
1.822063
1.822042
1.822453
1.821656
1.821533
1.821204
1.822138
1.821525
1.819933
1.819773
1.819540
1.820145
1.820198
1.820186
1.819352
1.821417
1.821340
1.821517
1.821674
1.820933
1.821573
1.821266
1.820741
1.820731
1.820818
1.820835
1.820896
1.820571
1.820376
1.820748
1.820578
1.820495
1.820629
1.820088
1.820369
1.820346
1.820299
1.819849
1.820422
1.819580
1.819644
1.819872
1.819749
1.819989
1.819320
1.819207
1.819505
1.820073
1.819707
1.819021
1.818978
1.819405
1.820187
1.819665
1.819259
1.818482
1.819375
1.819720
1.819313
1.818767
1.818338
1.818980
1.818964
1.818663
1.818479
1.817951
1.818221
1.818186
1.817678
1.817368
1.817513
1.816906
1.817086
1.817269
1.815231
1.815804
1.814527
1.814822
1.814312
1.815250
1.815365
1.815891
1.816353
1.816157
1.816950
1.816751
1.816313
1.816162
1.817632
1.817151
1.817114
1.817664
1.816014
1.817953
1.817997
1.817641
1.817675
1.818262
1.818284
1.818314
1.818022
1.818212
1.818874
1.818181
1.818237
1.818060
1.818689
1.818367
1.817673
1.817691
1.817536
1.818348
1.817686
1.817273
1.817154
1.817573
1.816925
1.816829
1.816875
1.816132
1.816896
1.816587
1.816061
1.815878
1.815527
1.815508
1.815711
1.815240
1.814836
1.815178
1.814536
1.814420
1.814378
1.814485
1.814946
1.813619
1.814045
1.814365
1.814657
1.814492
1.814474
1.813108
1.813656
1.814549
1.813862
1.814254
1.813868
1.814322
1.814977
1.814857
1.814756
1.814098
1.814444
1.814005
1.814116
1.814200
1.813899
1.813708
1.813480
1.813388
1.812906
1.813408
1.812130
1.811941
1.812055
1.811951
1.812141
1.810868
1.811536
1.811721
1.812804
1.812412
1.812344
1.812452
1.812850
1.813944
1.813638
1.813853
1.814224
1.815145
1.814474
1.814977
1.814765
1.814633
1.815373
1.815200
1.815118
1.814465
1.815621
1.815021
1.814353
1.814262
1.813738
1.814849
1.814111
1.814294
1.814274
1.814198
1.814522
1.814445
1.814235
1.813893
1.814626
1.814320
1.814480
1.814429
1.814777
1.815233
1.815067
1.814789
1.814444
1.815688
1.815185
1.815234
1.815147
1.815286
1.815782
1.815654
1.815591
1.815497
1.816377
1.815517
1.815464
1.815388
1.815414
1.816237
1.815512
1.815823
1.815384
1.815711
1.815513
1.815385
1.815217
1.815504
1.816104
1.815729
1.815530
1.815273
1.815730
1.816063
1.815802
1.815838
1.815373
1.816580
1.815875
1.815866
1.815877
1.816044
1.816289
1.816420
1.815974
1.815742
1.816829
1.816264
1.816115
1.816092
1.816248
1.816462
1.816435
1.816185
1.815574
1.816568
1.816154
1.816155
1.816034
1.816116
1.816099
1.815389
1.815898
1.815216
1.813844
1.813481
1.813163
1.813377
1.812795
1.815194
1.815450
1.815069
1.815909
1.816034
1.816206
1.816805
1.816081
1.817075
1.817940
1.817628
1.818428
1.816495
1.817729
1.817924
1.818090
1.818288
1.816472
1.818480
1.817962
1.817838
1.818083
1.817972
1.818442
1.818080
1.817718
1.817877
1.818619
1.818094
1.817654
1.817638
1.817744
1.818412
1.817775
1.817986
1.817907
1.818578
1.818532
1.818258
1.818207
1.818004
1.819201
1.817580
1.818494
1.818196
1.819085
1.818749
1.818475
1.819105
1.818594
1.819532
1.818815
1.818765
1.818926
1.818674
1.819498
1.818711
1.818638
1.818665
1.819497
1.818832
1.818620
1.818928
1.818798
1.819041
1.818659
1.818663
1.817788
1.818941
1.818441
1.818666
1.818541
1.818157
1.817092
1.817045
1.816761
1.816241
1.817335
1.818691
1.818506
1.818352
1.818808
1.819190
1.819059
1.818978
1.818497
1.819720
1.818253
1.818831
1.819291
1.819247
1.820148
1.818219
1.819056
1.819453
1.819485
1.819097
1.819308
1.819224
1.818611
1.819898
1.819021
1.819058
1.818866
1.818848
1.819062
1.818941
1.818466
1.818490
1.819718
1.818961
1.818917
1.818581
1.818776
1.819331
1.819240
1.819636
1.818147
1.819908
1.819339
1.819116
1.819339
1.818939
1.819870
1.819133
1.819351
1.819203
1.819668
1.819361
1.819078
1.819106
1.819191
1.819804
1.819682
1.819267
1.819043
1.819773
1.819562
1.819334
1.819246
1.819125
1.818344
1.817412
1.817070
1.816946
1.817588
1.817961
1.817883
1.818052
1.817558
1.819607
1.819015
1.818910
1.819115
1.818879
1.819450
1.819378
1.819246
1.818863
1.819984
1.819276
1.819346
1.819564
1.819317
1.819977
1.819372
1.819312
1.819243
1.820168
1.819516
1.819429
1.819349
1.819163
1.819689
1.819435
1.819254
1.818951
1.819534
1.819201
1.819168
1.818826
1.818509
1.819404
1.818875
1.818630
1.818469
1.818896
1.818667
1.818475
1.819181
1.818513
1.819544
1.819189
1.818572
1.818723
1.819425
1.819014
1.818839
1.818810
1.818619
1.819429
1.818764
1.818916
1.818568
1.818703
1.819229
1.818452
1.819053
1.817236
1.817486
1.816545
1.816944
1.817141
1.817225
1.817915
1.816651
1.817287
1.817589
1.818371
1.818137
1.817799
1.817813
1.817443
1.818332
1.817930
1.817900
1.817462
1.818349
1.818218
1.817799
1.817940
1.817991
1.818666
1.818094
1.818077
1.817551
1.818412
1.818463
1.817896
1.818099
1.818396
1.818413
1.818248
1.818205
1.817927
1.817939
1.818295
1.817880
1.818327
1.817679
1.818702
1.817687
1.817553
1.817588
1.817445
1.817942
1.817434
1.817561
1.817162
1.818261
1.817760
1.817278
1.817227
1.817702
1.818132
1.817963
1.817735
1.817185
1.818274
1.818089
1.817877
1.817866
1.817533
1.818296
1.818672
1.817245
1.816182
1.816868
1.816816
1.817278
1.817868
1.818207
1.818355
1.817731
1.817735
1.817656
1.818200
1.818271
1.817570
1.817671
1.817666
1.817797
1.817415
1.817476
1.817688
1.817471
1.818042
1.817585
1.817400
1.817393
1.818395
1.817948
1.817534
1.817842
1.817884
1.818640
1.817966
1.818004
1.817651
1.818606
1.818293
1.818422
1.818217
1.818314
1.818384
1.817576
1.817656
1.816887
1.817819
1.817635
1.817136
1.817309
1.817186
1.817372
1.816800
1.816846
1.816395
1.816853
1.816732
1.816646
1.816375
1.816034
1.817281
1.816872
1.816593
1.816591
1.816574
1.817230
1.817358
1.816576
1.817096
1.817591
1.817285
1.817273
1.817063
1.817028
1.817190
1.817437
1.816815
1.817176
1.818144
1.818216
1.817777
1.817559
1.817675
1.818280
1.817486
1.817202
1.817386
1.817756
1.818141
1.817409
1.818394
1.817934
1.818157
1.817434
1.817376
1.818308
1.817703
1.817741
1.817220
1.816845
1.817237
1.818957
1.818830
1.818965
1.818027
1.819012
1.819187
1.818723
1.819128
1.817964
1.820078
1.818926
1.819198
1.819140
1.818611
1.819328
1.817473
1.817940
1.818222
1.819758
1.818625
1.818872
1.818865
1.818829
1.819140
1.819120
1.818910
1.818819
1.819601
1.819127
1.818866
1.818811
1.818549
1.819354
1.818703
1.818801
1.818804
1.819302
1.819273
1.818770
1.818923
1.818938
1.819961
1.819521
1.819284
1.818903
1.819549
1.819810
1.819537
1.819154
1.819212
1.820367
1.819824
1.819355
1.819328
1.819131
1.820487
1.818777
1.819363
1.819125
1.819795
1.819546
1.819481
1.819321
1.819246
1.819903
1.819201
1.819335
1.818861
1.819868
1.818683
1.819115
1.819146
1.818807
1.819618
1.818864
1.819181
1.818703
1.819106
1.819278
1.818823
1.819066
1.819182
1.819824
1.819272
1.819226
1.819187
1.819605
1.819623
1.819422
1.819385
1.819194
1.820227
1.819947
1.819533
1.818696
1.819561
1.819916
1.819494
1.819294
1.819144
1.820266
1.819482
1.819544
1.819059
1.818724
1.819636
1.818842
1.818693
1.818435
1.819166
1.818691
1.819007
1.818773
1.818908
1.819360
1.819109
1.819324
1.818932
1.819245
1.819221
1.819378
1.819101
1.819117
1.819569
1.819062
1.819350
1.818953
1.819420
1.819466
1.818905
1.818948
1.818447
1.819583
1.819258
1.818799
1.818965
1.818945
1.819216
1.818694
1.818753
1.818792
1.818951
1.818743
1.817529
1.816275
1.815411
1.815720
1.815091
1.816086
1.816558
1.817822
1.817714
1.817450
1.817372
1.817915
1.817385
1.816443
1.817339
1.818017
1.818119
1.817315
1.816989
1.816668
1.817288
1.818442
1.817995
1.818197
1.818044
1.818697
1.817697
1.817608
1.817751
1.817569
1.818373
1.817765
1.817705
1.818029
1.817928
1.817701
1.817234
1.817546
1.817123
1.817404
1.817688
1.816934
1.817313
1.817629
1.817727
1.816908
1.817425
1.816483
1.817029
1.816552
1.817335
1.817582
1.817065
1.818073
1.817737
1.817335
1.817433
1.818226
1.817921
1.817679
1.817671
1.817591
1.818066
1.818202
1.817579
1.817401
1.818418
1.818019
1.817735
1.817608
1.817667
1.818191
1.817575
1.817448
1.817400
1.817575
1.817395
1.816952
1.817078
1.817021
1.817763
1.817167
1.817184
1.817320
1.817630
1.817752
1.817665
1.817300
1.816819
1.818013
1.817816
1.817301
1.817470
1.817176
1.817954
1.818072
1.817507
1.817386
1.818346
1.817797
1.818026
1.817914
1.817198
1.817172
1.817583
1.818068
1.817773
1.818307
1.818335
1.818395
1.818679
1.818571
1.818784
1.818044
1.817752
1.817877
1.818641
1.818605
1.818341
1.818277
1.818321
1.818997
1.818661
1.818603
1.818691
1.818966
1.818455
1.819006
1.818845
1.818444
1.819203
1.818645
1.818758
1.818743
1.818744
1.818992
1.819043
1.818699
1.818587
1.819584
1.818567
1.818466
1.818724
1.818827
1.819348
1.818739
1.818798
1.818744
1.819612
1.819129
1.818699
1.818299
1.818530
1.819375
1.819128
1.818780
1.818844
1.819333
1.818839
1.819471
1.817404
1.816307
1.817216
1.817418
1.816857
1.815895
1.817732
1.819240
1.818842
1.819677
1.818370
1.819739
1.819744
1.819461
1.820384
1.820751
1.820009
1.820399
1.820945
1.820810
1.821414
1.820320
1.820202
1.820675
1.820699
1.820987
1.820260
1.819798
1.819499
1.820604
1.820245
1.819880
1.819716
1.819850
1.820770
1.820403
1.819973
1.819589
1.820796
1.820348
1.820790
1.819745
1.820221
1.820295
1.820363
1.820260
1.820242
1.820573
1.820182
1.819801
1.820319
1.820197
1.821133
1.819796
1.819408
1.819422
1.820332
1.820300
1.820011
1.819332
1.818742
1.819986
1.819822
1.819777
1.819778
1.818450
1.817840
1.819456
1.819229
1.818904
1.819387
1.818281
1.818041
1.819208
1.819171
1.819801
1.818404
1.818060
1.818040
1.818074
1.818478
1.817762
1.816957
1.817135
1.819610
1.819085
1.819093
1.817844
1.818812
1.817160
1.819619
1.818010
1.818081
1.818757
1.817436
1.818383
1.818744
1.818462
1.817732
1.817484
1.816975
1.818030
1.818365
1.816414
1.817290
1.816545
1.817331
1.818063
1.816964
1.816676
1.816221
1.817534
1.817539
1.817088
1.816644
1.817346
1.816843
1.817346
1.817083
1.815802
1.817617
1.817062
1.817225
1.817017
1.816148
1.817250
1.817030
1.816679
1.816493
1.816567
1.816324
1.816649
1.816649
1.816096
1.816095
1.815551
1.816281
1.816239
1.816407
1.815504
1.815250
1.814696
1.815202
1.815960
1.815193
1.814253
1.814967
1.815717
1.814790
1.814213
1.813747
1.812955
1.815853
1.815161
1.815270
1.815149
1.814735
1.815732
1.815520
1.815541
1.814748
1.815519
1.814967
1.815450
1.815857
1.816099
1.814486
1.815066
1.815040
1.815514
1.816280
1.815543
1.815320
1.815295
1.815701
1.816292
1.815699
1.815631
1.814901
1.815773
1.815991
1.815538
1.815497
1.815014
1.816159
1.816269
1.815931
1.815794
1.816007
1.816707
1.816000
1.816191
1.816630
1.817166
1.816359
1.816655
1.816513
1.816708
1.817488
1.816586
1.816609
1.816709
1.817728
1.816726
1.816962
1.817065
1.816912
1.817572
1.817015
1.817222
1.817175
1.818026
1.817408
1.816494
1.815051
1.815574
1.816414
1.816254
1.816861
1.817231
1.817644
1.817401
1.817309
1.817726
1.817217
1.817955
1.817662
1.817797
1.817344
1.818195
1.818323
1.818081
1.818006
1.817614
1.818798
1.818116
1.818186
1.818376
1.818472
1.818668
1.818637
1.818475
1.818257
1.819193
1.818411
1.818163
1.818488
1.818426
1.819042
1.818309
1.818228
1.817918
1.818956
1.817994
1.818348
1.818145
1.817747
1.819080
1.818376
1.817965
1.818033
1.818401
1.818636
1.818452
1.818450
1.817971
1.819081
1.818661
1.818603
1.818092
1.818473
1.818644
1.818541
1.818599
1.818249
1.818975
1.818411
1.818767
1.818398
1.818652
1.818648
1.818393
1.817901
1.816162
1.817909
1.817172
1.816828
1.818124
1.818191
1.818347
1.817874
1.817617
1.817356
1.818351
1.818038
1.817767
1.817269
1.817315
1.818223
1.817807
1.817712
1.817483
1.818174
1.817992
1.818242
1.817929
1.817520
1.818378
1.818008
1.818308
1.818004
1.817762
1.818540
1.817407
1.818370
1.817519
1.818624
1.818053
1.817980
1.817906
1.818150
1.817695
1.817493
1.817713
1.817451
1.818468
1.817433
1.816922
1.816950
1.817433
1.817855
1.817115
1.817256
1.817032
1.817929
1.817408
1.817182
1.816956
1.817201
1.817968
1.817396
1.817745
1.817336
1.817685
1.817580
1.817551
1.817576
1.817954
1.816431
1.815888
1.816876
1.816068
1.817856
1.817335
1.817229
1.817338
1.817454
1.818005
1.817363
1.816843
1.817191
1.817710
1.817511
1.816804
1.816669
1.816937
1.816857
1.817089
1.816711
1.816261
1.816546
1.817520
1.816719
1.816570
1.815931
1.816870
1.816640
1.816952
1.816828
1.816481
1.816789
1.816397
1.816965
1.816505
1.816760
1.816050
1.816249
1.817413
1.816754
1.816948
1.815796
1.816291
1.816419
1.817262
1.816551
1.814999
1.815648
1.815942
1.817248
1.816192
1.814968
1.814805
1.815517
1.815830
1.815632
1.814401
1.814299
1.815656
1.815161
1.814983
1.814575
1.814306
1.814894
1.814799
1.814849
1.814667
1.815532
1.813593
1.813391
1.813325
1.813261
1.814093
1.814231
1.814414
1.814212
1.815222
1.814439
1.814090
1.814209
1.813925
1.814910
1.814075
1.813682
1.813706
1.814457
1.814020
1.814050
1.813521
1.813347
1.814479
1.813046
1.813174
1.813256
1.813693
1.813666
1.813686
1.813254
1.813117
1.813977
1.813493
1.813704
1.813374
1.813658
1.813958
1.813625
1.814288
1.813513
1.814536
1.814297
1.813785
1.814417
1.814678
1.814501
1.814737
1.815173
1.814017
1.814674
1.814700
1.815012
1.815269
1.814833
1.815753
1.815342
1.814966
1.815389
1.815729
1.815712
1.815847
1.815180
1.815186
1.815693
1.815797
1.815970
1.813595
1.814986
1.814985
1.815134
1.816673
1.816337
1.816602
1.816943
1.814831
1.816903
1.817485
1.816158
1.816728
1.816725
1.817199
1.818531
1.816669
1.816564
1.816542
1.817520
1.818393
1.817224
1.816233
1.816651
1.817880
1.817871
1.817296
1.816434
1.816640
1.817384
1.817605
1.817367
1.816187
1.816862
1.816760
1.817262
1.817410
1.816785
1.817061
1.816761
1.817198
1.817020
1.817776
1.816916
1.817001
1.817636
1.817306
1.818384
1.817393
1.817243
1.817803
1.818381
1.818336
1.817630
1.817870
1.817789
1.818701
1.818366
1.817793
1.817373
1.818184
1.818030
1.817661
1.817948
1.816925
1.817972
1.817387
1.817799
1.817012
1.815049
1.816291
1.815898
1.814832
1.816651
1.817312
1.816537
1.816773
1.816806
1.816771
1.817224
1.816604
1.817036
1.816269
1.817669
1.817206
1.816792
1.816379
1.816403
1.816997
1.816654
1.816155
1.815865
1.816545
1.816514
1.815963
1.815996
1.815472
1.816462
1.816019
1.815949
1.815531
1.816027
1.815818
1.815230
1.815104
1.814973
1.815345
1.815227
1.814375
1.814488
1.814834
1.815219
1.814806
1.814858
1.814650
1.815286
1.814476
1.814498
1.814780
1.814882
1.815150
1.815035
1.814952
1.814421
1.815692
1.815128
1.814701
1.814523
1.814708
1.815109
1.814777
1.815170
1.814286
1.815170
1.814945
1.814499
1.814947
1.814146
1.814001
1.813651
1.813614
1.813540
1.814184
1.813926
1.814002
1.813767
1.813374
1.814274
1.813651
1.813670
1.813650
1.813878
1.813834
1.813975
1.813768
1.813774
1.814517
1.814237
1.814122
1.814250
1.814166
1.814710
1.814220
1.814044
1.813855
1.814946
1.814365
1.814345
1.814296
1.814154
1.814713
1.814558
1.813949
1.813860
1.814814
1.814191
1.813942
1.813887
1.813826
1.814442
1.813857
1.814061
1.813903
1.813528
1.813888
1.813368
1.813771
1.813401
1.814348
1.813698
1.813298
1.813412
1.813920
1.813808
1.813617
1.813520
1.813444
1.813952
1.813710
1.813590
1.813724
1.813568
1.814013
1.813945
1.813880
1.813405
1.814063
1.813585
1.814198
1.813661
1.813381
1.813942
1.813437
1.813330
1.813109
1.813985
1.813393
1.813310
1.813072
1.812881
1.813249
1.812630
1.812719
1.812706
1.813573
1.812782
1.812965
1.812574
1.812730
1.813650
1.812994
1.813108
1.813077
1.813415
1.813824
1.813450
1.812846
1.812844
1.813543
1.813350
1.813467
1.813297
1.813129
1.813684
1.813453
1.813118
1.812955
1.813732
1.813314
1.813377
1.813083
1.813086
1.813822
1.813162
1.813154
1.813178
1.813527
1.813154
1.812537
1.812685
1.812721
1.813678
1.813241
1.813217
1.813108
1.813395
1.813353
1.812055
1.810662
1.810657
1.811875
1.811539
1.810443
1.811774
1.813294
1.813337
1.813970
1.813754
1.813262
1.813883
1.813288
1.813468
1.814210
1.814461
1.814747
1.814395
1.814107
1.813983
1.815092
1.814460
1.814218
1.814162
1.814252
1.814765
1.814048
1.813409
1.813342
1.814312
1.814046
1.814291
1.813899
1.814061
1.814348
1.814190
1.814662
1.814230
1.813134
1.812695
1.813447
1.814751
1.814377
1.814504
1.813827
1.813915
1.813661
1.814420
1.814166
1.813893
1.813888
1.813859
1.815059
1.814014
1.814376
1.813887
1.813915
1.814514
1.813996
1.813778
1.813738
1.814422
1.813814
1.813725
1.814453
1.814024
1.814484
1.814046
1.814141
1.813675
1.814406
1.813863
1.813440
1.814635
1.813878
1.815985
1.815646
1.815370
1.814303
1.814935
1.814624
1.814017
1.813708
1.813568
1.816437
1.816098
1.816118
1.815678
1.815705
1.816615
1.814643
1.815419
1.815858
1.815738
1.815391
1.816087
1.815917
1.816069
1.815347
1.814730
1.815162
1.815222
1.815649
1.815009
1.814699
1.814724
1.815273
1.815838
1.815257
1.814671
1.814476
1.815856
1.815448
1.815660
1.814951
1.814128
1.815920
1.815209
1.815406
1.815022
1.815043
1.815282
1.815010
1.815386
1.814950
1.814798
1.814401
1.814749
1.815182
1.815410
1.814120
1.813382
1.814613
1.814389
1.815045
1.814091
1.812895
1.813409
1.814403
1.814764
1.812751
1.812428
1.812741
1.814026
1.813876
1.814077
1.812446
1.810563
1.812664
1.812319
1.813136
1.812729
1.813053
1.813158
1.813542
1.813380
1.812851
1.812969
1.812430
1.813285
1.813191
1.813495
1.812905
1.812286
1.812971
1.813033
1.813455
1.812549
1.812354
1.812012
1.813093
1.812739
1.811958
1.812192
1.811906
1.812764
1.812147
1.811475
1.811664
1.812280
1.812040
1.811596
1.811691
1.811569
1.812497
1.811912
1.811737
1.811281
1.812258
1.812468
1.812189
1.812216
1.811376
1.812169
1.812102
1.812426
1.812075
1.811904
1.812090
1.811764
1.812130
1.811996
1.812560
1.811672
1.811388
1.812114
1.812167
1.812602
1.812076
1.811427
1.811475
1.812755
1.810699
1.809585
1.809485
1.809503
1.810827
1.810076
1.810488
1.811193
1.811780
1.812038
1.812021
1.811876
1.811860
1.812258
1.812160
1.812140
1.812564
1.812862
1.812368
1.811833
1.811749
1.811348
1.812406
1.811576
1.811486
1.811673
1.812416
1.812612
1.811157
1.811746
1.811903
1.812876
1.812460
1.811785
1.813101
1.813105
1.813492
1.812989
1.812646
1.812224
1.813417
1.813519
1.813098
1.812615
1.812641
1.813534
1.813202
1.813025
1.812778
1.813573
1.813546
1.813527
1.813875
1.812675
1.812728
1.812798
1.813658
1.813526
1.814005
1.813642
1.813888
1.813605
1.813632
1.814472
1.813706
1.813088
1.813742
1.812569
1.812000
1.811616
1.812251
1.810927
1.812238
1.812702
1.813031
1.813063
1.813382
1.814142
1.811857
1.812581
1.812615
1.813520
1.813390
1.813227
1.813132
1.812772
1.813791
1.813160
1.813318
1.813027
1.813403
1.813428
1.813537
1.813246
1.813239
1.813788
1.813371
1.813389
1.813171
1.813864
1.813500
1.813933
1.813781
1.812540
1.814116
1.813455
1.813278
1.813282
1.813711
1.813786
1.813331
1.813145
1.813046
1.813685
1.812935
1.812599
1.812958
1.813172
1.813357
1.813057
1.813215
1.813052
1.813868
1.813142
1.813117
1.813371
1.813622
1.814101
1.813864
1.813686
1.813424
1.814295
1.813757
1.814247
1.812563
1.811942
1.812332
1.812426
1.811336
1.811354
1.813710
1.813654
1.813260
1.813267
1.813552
1.813810
1.813530
1.813422
1.813536
1.813762
1.813074
1.813300
1.813523
1.812059
1.813148
1.813058
1.813408
1.813308
1.813609
1.813810
1.813467
1.813312
1.813447
1.814207
1.813794
1.813867
1.814460
1.814083
1.814433
1.814278
1.814096
1.813887
1.815065
1.814254
1.814597
1.814438
1.814441
1.815597
1.814279
1.814542
1.814407
1.815025
1.814731
1.815009
1.815172
1.814656
1.815263
1.814681
1.814908
1.814418
1.815154
1.814797
1.814766
1.814805
1.814793
1.815663
1.815164
1.815072
1.815138
1.815552
1.815823
1.815646
1.815621
1.815540
1.816663
1.814030
1.814357
1.814535
1.814516
1.815891
1.815974
1.815911
1.815819
1.816538
1.816023
1.815764
1.815396
1.815888
1.816428
1.816174
1.816145
1.816077
1.816698
1.815724
1.815708
1.815591
1.815674
1.815978
1.815674
1.815659
1.815481
1.815827
1.815514
1.815455
1.815493
1.815346
1.815817
1.815597
1.815873
1.815792
1.816013
1.816194
1.815916
1.815763
1.815677
1.816709
1.815715
1.815557
1.815795
1.816096
1.816421
1.816001
1.815963
1.815338
1.816176
1.814961
1.815642
1.815521
1.815024
1.815872
1.815801
1.814762
1.814565
1.814862
1.814852
1.814723
1.814762
1.814424
1.814408
1.814743
1.813672
1.812866
1.813027
1.812021
1.811779
1.812428
1.812966
1.814098
1.812931
1.813692
1.813525
1.814443
1.814306
1.813404
1.813195
1.813471
1.813940
1.813619
1.813166
1.812618
1.813290
1.813178
1.812900
1.812712
1.812092
1.813182
1.811637
1.811882
1.812515
1.811765
1.812231
1.811850
1.811838
1.810631
1.811993
1.811735
1.811511
1.811506
1.811706
1.812312
1.811844
1.811537
1.811134
1.812679
1.811981
1.811796
1.812434
1.812189
1.812685
1.812294
1.812447
1.812333
1.813249
1.812699
1.813323
1.813373
1.813020
1.814413
1.813579
1.813498
1.813726
1.813949
1.813996
1.814088
1.814061
1.813757
1.814168
1.814133
1.814520
1.812758
1.812433
1.812765
1.811846
1.813293
1.811932
1.813059
1.814437
1.814743
1.814526
1.814643
1.815078
1.815239
1.814410
1.815199
1.816202
1.814808
1.815077
1.815044
1.815103
1.815867
1.815058
1.815159
1.815116
1.815905
1.815786
1.815438
1.815491
1.815172
1.815859
1.815490
1.815633
1.815067
1.815639
1.816229
1.815273
1.815269
1.815357
1.815959
1.815313
1.815363
1.815659
1.816193
1.815774
1.815743
1.815538
1.815900
1.816622
1.816024
1.815906
1.816174
1.816470
1.816875
1.816367
1.815771
1.816320
1.817172
1.816539
1.816639
1.816762
1.816628
1.817380
1.817021
1.816842
1.816348
1.817210
1.816983
1.816697
1.815439
1.814612
1.814802
1.814831
1.814581
1.815146
1.815140
1.815971
1.815687
1.816085
1.815826
1.816672
1.815886
1.815935
1.815376
1.816533
1.816297
1.816058
1.815674
1.815963
1.816649
1.816518
1.816404
1.816033
1.815959
1.816550
1.816090
1.816298
1.815833
1.816555
1.816055
1.816232
1.816217
1.816142
1.816319
1.815351
1.816144
1.815743
1.816578
1.815413
1.815723
1.815593
1.815401
1.815984
1.815179
1.815269
1.815171
1.815866
1.815504
1.815016
1.814824
1.815207
1.815711
1.815253
1.814908
1.814877
1.815922
1.815410
1.815165
1.814971
1.814979
1.816232
1.815273
1.815422
1.815032
1.815162
1.816243
1.814501
1.814101
1.813976
1.814209
1.814532
1.814726
1.814494
1.813783
1.814334
1.814446
1.814118
1.813833
1.814291
1.813411
1.813787
1.813773
1.813501
1.813906
1.813447
1.813901
1.813543
1.814029
1.813754
1.813356
1.813660
1.813664
1.814409
1.813609
1.813513
1.813567
1.814793
1.814197
1.813743
1.813325
1.813517
1.814518
1.813951
1.813359
1.813222
1.813832
1.814134
1.813838
1.812913
1.812692
1.813725
1.813385
1.813132
1.813291
1.812734
1.813161
1.812856
1.812719
1.812461
1.812772
1.812131
1.812165
1.811948
1.812421
1.812341
1.811963
1.812161
1.811839
1.812717
1.812097
1.811710
1.811718
1.811766
1.813183
1.811825
1.811407
1.811582
1.812212
1.812028
1.811864
1.811696
1.811743
1.812455
1.811881
1.812174
1.811305
1.811742
1.811953
1.811567
1.811498
1.811280
1.812258
1.811610
1.811103
1.811068
1.811215
1.811677
1.811143
1.811181
1.811053
1.811994
1.811438
1.811715
1.811517
1.811416
1.811925
1.811891
1.811930
1.811522
1.812688
1.811876
1.812482
1.812453
1.812146
1.812745
1.812490
1.812659
1.812507
1.813103
1.812665
1.812587
1.812500
1.812457
1.813055
1.812537
1.812552
1.812357
1.812775
1.813146
1.812488
1.812320
1.812592
1.812730
1.812177
1.812853
1.810430
1.809861
1.809711
1.809458
1.809083
1.810485
1.812122
1.812499
1.811059
1.812215
1.812185
1.812783
1.812553
1.812972
1.813430
1.814618
1.813816
1.813567
1.813889
1.813879
1.814474
1.814110
1.813992
1.813871
1.814697
1.813101
1.813269
1.813287
1.812553
1.814202
1.813091
1.813409
1.813054
1.813725
1.813315
1.812692
1.813042
1.812531
1.813337
1.813042
1.813020
1.812730
1.813232
1.813396
1.812899
1.813062
1.812589
1.813588
1.812979
1.813809
1.812053
1.813242
1.813497
1.813214
1.813198
1.812938
1.813692
1.813363
1.812984
1.812887
1.813227
1.813482
1.813070
1.813272
1.812467
1.813167
1.812832
1.812798
1.812637
1.812266
1.812814
1.812707
1.812146
1.811792
1.813014
1.811509
1.811879
1.812321
1.811572
1.810939
1.810663
1.810457
1.809641
1.811137
1.810039
1.811607
1.811892
1.811298
1.812177
1.812254
1.812139
1.811854
1.812434
1.812605
1.811989
1.812115
1.811534
1.812588
1.812303
1.812132
1.811345
1.811645
1.812094
1.811816
1.811826
1.811575
1.812390
1.811585
1.811605
1.811260
1.811025
1.811516
1.810642
1.811006
1.810851
1.811225
1.810866
1.810920
1.810988
1.810733
1.811216
1.811020
1.810884
1.811031
1.811299
1.811681
1.811045
1.810724
1.810606
1.811426
1.810973
1.811156
1.810597
1.810927
1.810862
1.810446
1.810721
1.810098
1.810550
1.810192
1.810239
1.810092
1.810431
1.810570
1.809931
1.809898
1.808176
1.808671
1.807986
1.807575
1.807179
1.807553
1.809695
1.809714
1.808977
1.808657
1.809559
1.809267
1.809143
1.808997
1.808572
1.809856
1.809789
1.807948
1.808460
1.809230
1.809036
1.808816
1.809064
1.808583
1.809126
1.808391
1.808691
1.808473
1.809000
1.807922
1.807896
1.808098
1.808049
1.808577
1.807513
1.807134
1.807594
1.807835
1.807643
1.806989
1.806474
1.806516
1.807964
1.807362
1.806648
1.806375
1.806369
1.807060
1.806570
1.806908
1.806173
1.806913
1.806965
1.807432
1.806259
1.806263
1.807190
1.806520
1.806538
1.806296
1.807345
1.806334
1.806084
1.806409
1.806230
1.806808
1.807027
1.805468
1.804175
1.804589
1.804699
1.804252
1.804415
1.804514
1.806163
1.805799
1.806064
1.805547
1.806298
1.805493
1.805755
1.806088
1.805526
1.806577
1.806172
1.806322
1.806051
1.806224
1.806867
1.806305
1.806447
1.806385
1.807401
1.806822
1.806981
1.806705
1.806892
1.807662
1.807169
1.807367
1.807237
1.808176
1.807815
1.807395
1.807719
1.807737
1.808093
1.807603
1.807600
1.807823
1.808359
1.807696
1.807706
1.807879
1.807724
1.808478
1.807570
1.808116
1.807772
1.808237
1.808367
1.808175
1.808108
1.808311
1.809295
1.808667
1.808796
1.808621
1.809347
1.809713
1.809050
1.808991
1.808653
1.810467
1.809041
1.807327
1.808173
1.808277
1.808987
1.809809
1.809489
1.809145
1.810020
1.809543
1.809517
1.809519
1.809077
1.810302
1.809654
1.809843
1.809427
1.809629
1.809536
1.809459
1.809126
1.809241
1.809678
1.808715
1.809428
1.809236
1.810085
1.809833
1.809361
1.809574
1.809546
1.810573
1.810073
1.810086
1.809542
1.809847
1.810505
1.809987
1.809812
1.809573
1.810560
1.810118
1.809901
1.810198
1.809999
1.809773
1.808773
1.808884
1.808794
1.809609
1.808660
1.808783
1.809048
1.808556
1.808713
1.807958
1.807675
1.807057
1.808007
1.807809
1.807922
1.807423
1.807808
1.807895
1.808019
1.808023
1.808015
1.808509
1.807956
1.808002
1.808183
1.807895
1.808400
1.807234
1.807584
1.807534
1.808084
1.808344
1.807872
1.808011
1.808011
1.809168
1.807569
1.807817
1.809198
1.808398
1.809157
1.808564
1.807743
1.808143
1.808208
1.807931
1.807942
1.807655
1.807875
1.808291
1.807894
1.809302
1.808304
1.809503
1.809561
1.808307
1.808677
1.809373
1.809874
1.809454
1.809391
1.808706
1.810189
1.809241
1.809428
1.809503
1.808924
1.809562
1.808720
1.807944
1.808358
1.809449
1.809390
1.809375
1.808764
1.808633
1.809916
1.809365
1.808432
1.808656
1.808981
1.809323
1.808532
1.808824
1.808283
1.809197
1.808878
1.808624
1.808711
1.808584
1.809275
1.808419
1.808572
1.808288
1.809211
1.809016
1.809093
1.809110
1.809353
1.809150
1.809090
1.808903
1.808805
1.809620
1.809338
1.809026
1.809105
1.809013
1.809441
1.809413
1.808994
1.808293
1.809819
1.809179
1.808753
1.808910
1.808723
1.809338
1.808923
1.808577
1.808379
1.808586
1.808774
1.808467
1.808118
1.808528
1.809019
1.808562
1.808595
1.808575
1.808523
1.808943
1.808739
1.808717
1.808534
1.809416
1.808700
1.808660
1.808955
1.808770
1.809364
1.808788
1.808760
1.808671
1.809414
1.809080
1.808924
1.808800
1.808524
1.808812
1.808608
1.808468
1.808200
1.808992
1.808609
1.808574
1.808323
1.807816
1.808453
1.807871
1.807857
1.807581
1.807793
1.807867
1.807667
1.807640
1.807277
1.808594
1.807957
1.807978
1.807809
1.808413
1.808522
1.808516
1.808116
1.807733
1.808527
1.808411
1.808444
1.808117
1.808243
1.809012
1.808181
1.808230
1.808034
1.808918
1.808657
1.808261
1.808170
1.808072
1.808547
1.808100
1.808186
1.807986
1.808208
1.807792
1.807900
1.805541
1.804852
1.805881
1.805028
1.804392
1.804808
1.806853
1.807190
1.806615
1.807333
1.807042
1.806790
1.806446
1.807418
1.807103
1.807829
1.808247
1.807352
1.807674
1.807420
1.808181
1.807900
1.807486
1.807191
1.807632
1.808372
1.807702
1.806532
1.806841
1.808245
1.807635
1.807465
1.807302
1.807269
1.808047
1.807520
1.807119
1.806782
1.807424
1.807275
1.807560
1.807222
1.807062
1.807642
1.807170
1.807343
1.807334
1.807871
1.807822
1.807477
1.806602
1.807007
1.806582
1.806597
1.805707
1.806761
1.807123
1.806779
1.806200
1.805903
1.806577
1.807545
1.806791
1.806764
1.806783
1.806819
1.807081
1.806595
1.806273
1.806118
1.806867
1.806312
1.806168
1.806040
1.806147
1.806095
1.806052
1.805207
1.805556
1.806484
1.805505
1.805645
1.805468
1.805602
1.805906
1.805590
1.805423
1.805088
1.805578
1.805471
1.805245
1.805452
1.804563
1.805303
1.805222
1.804110
1.803412
1.803848
1.803691
1.803146
1.803223
1.802741
1.803528
1.802335
1.801950
1.801971
1.802010
1.801830
1.801458
1.801720
1.801218
1.801749
1.800574
1.800444
1.800367
1.799780
1.800149
1.799651
1.799979
1.799793
1.799948
1.800083
1.798584
1.798573
1.800244
1.800823
1.800392
1.799506
1.800193
1.801928
1.802214
1.801466
1.800182
1.800602
1.802901
1.802742
1.802593
1.800863
1.801234
1.802600
1.803057
1.803113
1.801858
1.801435
1.802347
1.803314
1.803031
1.802520
1.801270
1.801809
1.802251
1.802278
1.802022
1.800488
1.800785
1.800803
1.800189
1.800337
1.798216
1.799259
1.799337
1.799868
1.798690
1.797916
1.797282
1.797148
1.796582
1.793180
1.792540
1.791737
1.791975
1.790645
1.791867
1.791635
1.790845
1.791254
1.790776
1.789525
1.789780
1.789380
1.790057
1.790332
1.789963
1.789691
1.789930
1.789204
1.789204
1.788937
1.789196
1.788780
1.788465
1.788785
1.788754
1.789996
1.789379
1.788996
1.788353
1.789275
1.790460
1.789981
1.790504
1.789918
1.789661
1.790419
1.789947
1.790006
1.790090
1.789839
1.790060
1.790020
1.789371
1.789237
1.786581
1.788415
1.789008
1.788650
1.788688
1.790310
1.790303
1.789412
1.788829
1.786692
1.785260
1.786847
1.787664
1.788282
1.788599
1.790063
1.790572
1.790472
1.788546
1.786646
1.786466
1.787843
1.788719
1.787063
1.789792
1.791268
1.791946
1.792354
1.790072
1.788256
1.788045
1.790121
1.789990
1.789328
1.790262
1.791819
1.793000
1.792911
1.792532
1.791093
1.791933
1.792142
1.793586
1.795230
1.795427
1.796240
1.795441
1.796263
1.795059
1.795055
1.794565
1.795333
1.797257
1.797643
1.799058
1.798429
1.798809
1.797855
1.797544
1.797431
1.798233
1.800193
1.801350
1.802095
1.802242
1.801791
1.800444
1.799817
1.800416
1.801815
1.802602
1.802728
1.803153
1.803280
1.803411
1.802183
1.801769
1.802674
1.804001
1.804256
1.804440
1.805429
1.804796
1.804180
1.803558
1.803299
1.804041
1.804506
1.804681
1.805164
1.804428
1.804933
1.805102
1.804105
1.803854
1.805605
1.805276
1.805911
1.805117
1.804328
1.804952
1.804967
1.804395
1.804619
1.806319
1.806296
1.806504
1.806453
1.807016
1.807350
1.806341
1.806451
1.806791
1.807532
1.807601
1.806473
1.806796
1.807026
1.807311
1.807079
1.806642
1.806368
1.807528
1.807047
1.806794
1.806426
1.806244
1.806678
1.805863
1.805962
1.805560
1.806257
1.806480
1.806107
1.806175
1.805970
1.806914
1.806453
1.806687
1.805815
1.807124
1.806455
1.806598
1.806234
1.806545
1.807237
1.806585
1.806700
1.806859
1.807812
1.807548
1.807018
1.807093
1.807050
1.807839
1.807689
1.807130
1.807367
1.807956
1.808255
1.807771
1.807384
1.806781
1.808372
1.808595
1.807129
1.807781
1.808023
1.806870
1.807553
1.807515
1.806671
1.808221
1.808240
1.808583
1.808795
1.808336
1.808573
1.807445
1.807420
1.807373
1.808027
1.807672
1.807582
1.807956
1.808202
1.809055
1.808265
1.808389
1.808110
1.808299
1.808960
1.808691
1.808895
1.808459
1.809567
1.809121
1.809112
1.809049
1.809738
1.809848
1.809856
1.810220
1.810215
1.810650
1.810327
1.810644
1.810733
1.810884
1.811527
1.810868
1.811211
1.810976
1.812134
1.811909
1.811494
1.811604
1.811846
1.812149
1.811258
1.810772
1.808960
1.804888
1.803697
1.806774
1.807700
1.807833
1.807107
1.805007
1.803566
1.802432
1.802988
1.803132
1.802189
1.802071
1.802960
1.804200
1.804211
1.805632
1.805684
1.806462
1.807230
1.806843
1.807259
1.807532
1.808368
1.807895
1.807785
1.807761
1.808023
1.808615
1.808771
1.808872
1.808768
1.809277
1.808562
1.807868
1.807520
1.806925
1.808243
1.807635
1.808041
1.807879
1.809167
1.808217
1.807925
1.808816
1.809220
1.809462
1.809655
1.808911
1.808349
1.808878
1.808091
1.806808
1.807678
1.808727
1.809838
1.809270
1.808907
1.808231
1.809391
1.809111
1.809042
1.809309
1.809328
1.809805
1.809191
1.808506
1.808835
1.809117
1.809413
1.809564
1.809267
1.809034
1.809641
1.808590
1.809170
1.809262
1.808708
1.809351
1.809471
1.808258
1.806397
1.807554
1.807155
1.806673
1.807669
1.808429
1.808654
1.807613
1.807256
1.806446
1.806670
1.806573
1.805370
1.806195
1.806622
1.806499
1.806021
1.805262
1.803630
1.805341
1.804816
1.805164
1.805413
1.804857
1.805532
1.804936
1.803493
1.803664
1.803533
1.804285
1.804454
1.804399
1.803744
1.804476
1.803170
1.802483
1.802497
1.802824
1.803291
1.803128
1.802515
1.802048
1.803656
1.802337
1.802035
1.802484
1.802318
1.802961
1.802186
1.801710
1.801603
1.802275
1.801517
1.801464
1.800889
1.800570
1.800848
1.800034
1.800058
1.800030
1.800343
1.799595
1.799095
1.799328
1.798862
1.797227
1.797104
1.797323
1.796582
1.797569
1.797168
1.796229
1.795267
1.793946
1.793153
1.791816
1.792077
1.791655
1.791372
1.791179
1.789234
1.786765
1.783895
1.782324
1.780148
1.779680
1.778471
1.777579
1.778570
1.778346
1.779247
1.779199
1.779395
1.777648
1.776348
1.775938
1.776804
1.777635
1.777672
1.777771
1.777958
1.779507
1.779671
1.779815
1.780285
1.778544
1.776661
1.772637
1.768901
1.765930
1.763708
1.761150
1.759604
1.758125
1.757548
1.758592
1.759139
1.760606
1.764263
1.766888
1.772482
1.777170
1.781521
1.784996
1.789726
1.792406
1.795796
1.798605
1.799687
1.800043
1.799167
1.798776
1.798123
1.798444
1.795992
1.796198
1.796822
1.796300
1.797273
1.797953
1.798170
1.798196
1.800806
1.802423
1.803815
1.804272
1.804154
1.805171
1.805033
1.804486
1.803758
1.806148
1.806505
1.806327
1.806064
1.805768
1.805950
1.805580
1.804989
1.805424
1.806360
1.806577
1.804743
1.805477
1.805289
1.805523
1.804846
1.804905
1.805195
1.805068
1.804988
1.804365
1.803958
1.803555
1.803932
1.802855
1.803250
1.802682
1.802043
1.802043
1.801388
1.801663
1.800764
1.801766
1.801384
1.800857
1.800733
1.799522
1.799341
1.798704
1.797894
1.797432
1.797928
1.795970
1.794674
1.791834
1.787736
1.789657
1.790016
1.788633
1.786878
1.787406
1.785850
1.779453
1.765553
1.771817
1.774936
1.771512
1.766039
1.758174
1.750302
1.731617
1.695988
1.702775
1.707957
1.707309
1.701634
1.696715
1.692874
1.681265
1.652787
1.664985
1.677673
1.691186
1.698002
1.700987
1.706516
1.706618
1.692140
1.705513
1.714051
1.732014
1.742723
1.746966
1.750357
1.749373
1.728572
1.733460
1.746099
1.751267
1.758413
1.758658
1.760423
1.755707
1.716270
1.699662
1.748412
1.754587
1.756086
1.756911
1.755515
1.743407
1.725907
1.694012
1.711056
1.745325
1.743346
1.741832
1.732875
1.723039
1.730751
1.719844
1.699485
1.712490
1.706811
1.699780
1.685982
1.705551
1.724849
1.723021
1.720909
1.703773
1.695163
1.661457
1.655995
1.704121
1.719237
1.717784
1.717691
1.717843
1.711601
1.691272
1.684830
1.713771
1.720071
1.720264
1.721601
1.723013
1.724889
1.718854
1.723334
1.732075
1.736303
1.738589
1.741652
1.744965
1.747802
1.744818
1.747226
1.757466
1.760889
1.764232
1.766587
1.768794
1.771287
1.771020
1.767525
1.777365
1.781241
1.783822
1.785448
1.788113
1.788685
1.790182
1.785979
1.792710
1.796154
1.798397
1.798931
1.799757
1.801040
1.801252
1.800472
1.800516
1.804036
1.804302
1.804430
1.804156
1.804401
1.804987
1.804604
1.804188
1.804484
1.805376
1.805641
1.805364
1.805033
1.804872
1.805465
1.805101
1.804900
1.805101
1.805633
1.806045
1.805348
1.805170
1.804658
1.805311
1.805450
1.804911
1.805931
1.806148
1.805916
1.805642
1.805655
1.805525
1.806740
1.806059
1.806402
1.807474
1.806300
1.807487
1.806927
1.806700
1.806759
1.807765
1.807399
1.807905
1.807641
1.807677
1.808029
1.807740
1.807331
1.807402
1.808063
1.808532
1.808579
1.807930
1.807547
1.808439
1.807697
1.807765
1.807578
1.808325
1.808662
1.807998
1.808628
1.807498
1.808214
1.808134
1.808010
1.808605
1.809102
1.808932
1.809172
1.808569
1.807806
1.808995
1.806995
1.806970
1.806636
1.806169
1.805867
1.807401
1.808234
1.808171
1.809039
1.809657
1.809219
1.809156
1.808534
1.809211
1.808405
1.808436
1.808988
1.809732
1.809633
1.809862
1.810015
1.809500
1.809765
1.808677
1.808910
1.809339
1.810142
1.809980
1.809501
1.809788
1.809362
1.810187
1.809458
1.809336
1.810212
1.810929
1.811106
1.811301
1.809994
1.809354
1.810496
1.809855
1.809884
1.809906
1.811241
1.811417
1.810824
1.811033
1.810361
1.811271
1.811125
1.810775
1.810916
1.810967
1.811421
1.811386
1.810033
1.810613
1.811066
1.810710
1.811098
1.810963
1.811012
1.811474
1.810304
1.810507
1.810470
1.811820
1.810684
1.811042
1.810949
1.810576
1.811612
1.811391
1.811336
1.811189
1.811340
1.811575
1.812041
1.811255
1.810871
1.810924
1.811388
1.811479
1.811491
1.812084
1.811323
1.810970
1.811666
1.810973
1.811929
1.810392
1.810494
1.811320
1.811390
1.811740
1.810742
1.809964
1.809426
1.811193
1.810409
1.810590
1.810605
1.811956
1.812779
1.812229
1.812005
1.811756
1.812804
1.812528
1.812899
1.813035
1.812559
1.813803
1.812432
1.812762
1.813064
1.813260
1.813214
1.813566
1.813415
1.812635
1.813322
1.812812
1.812670
1.813297
1.812535
1.813459
1.812956
1.812853
1.812868
1.813372
1.812540
1.812217
1.812462
1.812311
1.812979
1.812788
1.812491
1.811308
1.812665
1.812286
1.812331
1.812852
1.811872
1.811789
1.811311
1.811360
1.810494
1.812428
1.812587
1.812524
1.811841
1.812552
1.813153
1.812491
1.812617
1.812298
1.812610
1.812862
1.811805
1.812111
1.811916
1.813417
1.811749
1.811574
1.811745
1.812513
1.812757
1.812292
1.811734
1.811488
1.812518
1.811960
1.811813
1.811287
1.811166
1.812330
1.812199
1.811984
1.811480
1.811900
1.811743
1.811816
1.811923
1.811748
1.811899
1.811898
1.812477
1.811824
1.812683
1.811002
1.811370
1.811993
1.812381
1.812648
1.811135
1.811197
1.811759
1.812227
1.811673
1.810974
1.811023
1.811216
1.812176
1.811292
1.811099
1.810426
1.811095
1.811328
1.809655
1.809329
1.807522
1.809179
1.808233
1.808878
1.809066
1.808373
1.809126
1.810339
1.810039
1.809459
1.810348
1.809781
1.809672
1.810011
1.809738
1.809970
1.809343
1.809940
1.809735
1.810296
1.809613
1.809112
1.809425
1.809792
1.810221
1.809216
1.809002
1.808636
1.809722
1.808851
1.808589
1.808776
1.808286
1.808969
1.808308
1.807871
1.807167
1.808125
1.807931
1.808095
1.807889
1.806940
1.807986
1.807562
1.807463
1.807325
1.807308
1.807243
1.807541
1.807316
1.806911
1.808110
1.806964
1.806743
1.806642
1.806464
1.806774
1.806219
1.806538
1.806082
1.806549
1.805674
1.805155
1.805371
1.805190
1.805711
1.804568
1.804314
1.803486
1.802443
1.801149
1.800986
1.800466
1.801096
1.801143
1.799684
1.801223
1.798943
1.799981
1.799725
1.799480
1.799518
1.798719
1.799340
1.799058
1.798946
1.798606
1.798896
1.798857
1.798699
1.798469
1.798124
1.798964
1.798392
1.797945
1.797618
1.797464
1.797912
1.797002
1.796532
1.796661
1.796845
1.796195
1.796119
1.795662
1.796038
1.796479
1.795555
1.795766
1.795862
1.796632
1.796172
1.796545
1.796868
1.797303
1.797414
1.796911
1.797745
1.798081
1.798903
1.799042
1.799103
1.799752
1.798913
1.799260
1.800090
1.801171
1.800762
1.801598
1.801732
1.802027
1.801488
1.799098
1.801120
1.803370
1.802093
1.801280
1.801640
1.802747
1.801664
1.799237
1.798772
1.802722
1.802451
1.802578
1.801712
1.803691
1.804463
1.801595
1.798691
1.802577
1.806307
1.803500
1.804660
1.804957
1.805519
1.804879
1.800467
1.802109
1.805897
1.807002
1.806978
1.806883
1.807122
1.807602
1.804830
1.803009
1.807609
1.808102
1.808662
1.808590
1.808605
1.808966
1.807581
1.804616
1.807297
1.809032
1.808643
1.809195
1.809356
1.808471
1.809512
1.807054
1.808104
1.809324
1.809258
1.808941
1.809067
1.810045
1.809597
1.809001
1.807619
1.809866
1.810313
1.810072
1.809612
1.810026
1.810682
1.810604
1.810346
1.810259
1.810633
1.809096
1.809875
1.810195
1.810054
1.810663
1.810060
1.809537
1.810436
1.811802
1.811233
1.811084
1.811323
1.810818
1.811560
1.810725
1.810328
1.810940
1.811436
1.810735
1.809884
1.809720
1.808749
1.809211
1.808431
1.807129
1.806569
1.806526
1.805795
1.803981
1.803189
1.802298
1.803773
1.803310
1.803001
1.803015
1.803293
1.802441
1.802586
1.803080
1.803069
1.803740
1.803520
1.803963
1.804537
1.804278
1.804160
1.803550
1.803588
1.803869
1.805138
1.802840
1.803898
1.804267
1.804980
1.805530
1.804894
1.804617
1.804314
1.805061
1.805032
1.802934
1.803190
1.802390
1.803465
1.801252
1.802050
1.802077
1.802759
1.803852
1.803115
1.803020
1.803731
1.805118
1.806107
1.806638
1.806974
1.809230
1.810613
1.810750
1.810503
1.810745
1.812226
1.812022
1.812426
1.812676
1.812530
1.813377
1.813238
1.813319
1.813347
1.814089
1.814306
1.814851
1.814653
1.814328
1.814889
1.814478
1.814377
1.814633
1.815626
1.814147
1.814451
1.815055
1.815076
1.815882
1.815252
1.815028
1.814960
1.815754
1.815840
1.815454
1.815801
1.815449
1.816323
1.815668
1.815944
1.815678
1.816167
1.816652
1.816311
1.816494
1.815852
1.816566
1.816734
1.816484
1.816287
1.816368
1.817051
1.816704
1.816821
1.816425
1.817000
1.816427
1.816419
1.817045
1.816328
1.815770
1.814759
1.814240
1.815077
1.815957
1.815975
1.815951
1.816910
1.817207
1.817935
1.817598
1.817249
1.817507
1.817880
1.818268
1.818291
1.817713
1.817811
1.818772
1.818171
1.818203
1.818004
1.818221
1.818522
1.818153
1.818461
1.818292
1.818957
1.818475
1.818226
1.818228
1.818468
1.819010
1.818158
1.818644
1.818022
1.818972
1.818294
1.818056
1.817561
1.817951
1.818749
1.818675
1.818327
1.817961
1.818827
1.818451
1.818646
1.818445
1.818230
1.819546
1.819032
1.818889
1.818501
1.819133
1.818793
1.818859
1.819165
1.818922
1.819586
1.819130
1.819043
1.819009
1.819076
1.818990
1.818922
1.818822
1.817253
1.818047
1.817026
1.816537
1.816813
1.817421
1.817728
1.818344
1.818236
1.818298
1.819678
1.818325
1.818351
1.818272
1.818269
1.818940
1.818637
1.818615
1.818388
1.819320
1.819091
1.819177
1.818561
1.818268
1.819199
1.818846
1.818907
1.818942
1.819349
1.818836
1.818608
1.818619
1.818657
1.819118
1.818680
1.818618
1.818717
1.819226
1.818621
1.818253
1.818489
1.817819
1.819123
1.818075
1.817818
1.818150
1.818455
1.818424
1.817933
1.817597
1.817390
1.818638
1.818320
1.817986
1.817852
1.817749
1.818085
1.818243
1.817869
1.817208
1.818200
1.817924
1.818063
1.818124
1.817461
1.818442
1.818103
1.818003
1.818763
1.817404
1.816874
1.817202
1.816931
1.817358
1.817699
1.816887
1.816720
1.816702
1.817588
1.816667
1.816056
1.815433
1.815597
1.816019
1.814993
1.814608
1.814930
1.815063
1.814926
1.814502
1.814136
1.814064
1.815020
1.814572
1.814509
1.814255
1.814794
1.815127
1.814661
1.814418
1.814207
1.814602
1.814539
1.814479
1.814111
1.814460
1.814879
1.814407
1.814579
1.813885
1.814497
1.814603
1.814419
1.814712
1.814661
1.815516
1.814909
1.815158
1.815045
1.815522
1.815831
1.815886
1.816020
1.816244
1.817024
1.816631
1.816849
1.816390
1.817011
1.817306
1.817309
1.817520
1.817411
1.818331
1.817601
1.817802
1.817771
1.818219
1.818373
1.817576
1.818091
1.818001
1.818615
1.817930
1.817545
1.817522
1.817842
1.818064
1.817780
1.817683
1.817648
1.818192
1.817684
1.817638
1.817176
1.816897
1.817594
1.817898
1.817687
1.817307
1.818165
1.817515
1.817572
1.817627
1.817616
1.818172
1.817870
1.818103
1.818001
1.818794
1.818764
1.818087
1.817850
1.818073
1.818867
1.818365
1.818352
1.817985
1.818643
1.818773
1.818278
1.817768
1.817893
1.819024
1.818767
1.818109
1.818270
1.817983
1.818983
1.818315
1.818532
1.818230
1.818833
1.818709
1.818488
1.818395
1.818433
1.818734
1.816003
1.815593
1.815165
1.816608
1.815838
1.816003
1.817570
1.817694
1.818087
1.818645
1.817574
1.817511
1.818720
1.818947
1.819409
1.819043
1.818762
1.819484
1.818946
1.818783
1.818688
1.819001
1.818928
1.819221
1.817155
1.817516
1.818519
1.818264
1.818065
1.818001
1.817791
1.818373
1.817623
1.817447
1.817461
1.817113
1.816704
1.817096
1.817628
1.817428
1.817875
1.817542
1.817288
1.816905
1.817781
1.817491
1.817402
1.817802
1.817818
1.817294
1.817628
1.817353
1.816957
1.817617
1.817619
1.817275
1.817392
1.817603
1.818258
1.817353
1.817107
1.816769
1.817495
1.817027
1.817101
1.817175
1.817057
1.817388
1.816464
1.816049
1.816186
1.816424
1.816431
1.816334
1.816292
1.814861
1.815047
1.814383
1.813982
1.814378
1.814483
1.816249
1.816282
1.816354
1.815919
1.816841
1.816000
1.815767
1.815743
1.816619
1.816950
1.816549
1.816652
1.816479
1.816964
1.816818
1.816632
1.816569
1.817120
1.815705
1.816791
1.816893
1.816544
1.817096
1.816537
1.816706
1.816686
1.816521
1.817173
1.816617
1.817062
1.816409
1.816503
1.816476
1.816473
1.816477
1.816183
1.816940
1.816522
1.815910
1.815748
1.816131
1.816934
1.815491
1.816167
1.815982
1.816700
1.816530
1.815596
1.815810
1.815530
1.816200
1.815813
1.815807
1.815209
1.816575
1.816100
1.815324
1.815437
1.815109
1.815642
1.815421
1.814008
1.812938
1.813530
1.812953
1.813453
1.812770
1.813824
1.814678
1.814638
1.814515
1.814432
1.815022
1.814961
1.814622
1.814469
1.814628
1.815436
1.815106
1.815225
1.815115
1.815556
1.815752
1.815464
1.815355
1.815006
1.816105
1.815696
1.815888
1.815676
1.815735
1.815796
1.815808
1.815405
1.814723
1.815596
1.815275
1.815142
1.815381
1.814966
1.815060
1.814501
1.814350
1.814286
1.814898
1.814616
1.814747
1.814567
1.814222
1.814837
1.814051
1.813713
1.813909
1.814224
1.814339
1.814278
1.814271
1.813683
1.813808
1.813675
1.813127
1.813126
1.813700
1.813610
1.813497
1.813301
1.812702
1.813982
1.811984
1.810727
1.810386
1.810504
1.811384
1.810871
1.811421
1.811595
1.812572
1.811026
1.811132
1.811249
1.811222
1.811675
1.811671
1.809694
1.810523
1.811125
1.810767
1.810825
1.810643
1.810378
1.811184
1.810356
1.809909
1.810042
1.810058
1.809548
1.810036
1.809365
1.809165
1.809816
1.809142
1.808887
1.808062
1.808570
1.808960
1.808994
1.809240
1.808196
1.809621
1.808871
1.809028
1.809143
1.808933
1.809235
1.808639
1.809393
1.808704
1.809191
1.808658
1.809087
1.809132
1.809078
1.809230
1.808438
1.808734
1.807997
1.808380
1.807913
1.807503
1.807438
1.807332
1.807510
1.806405
1.805683
1.805391
1.805596
1.804293
1.802185
1.802110
1.801127
1.800618
1.800936
1.800228
1.799151
1.798819
1.798595
1.797818
1.796920
1.795471
1.795944
1.794114
1.792955
1.792565
1.792468
1.792416
1.791394
1.791248
1.789681
1.790060
1.788992
1.788193
1.788310
1.788920
1.788282
1.788072
1.787347
1.786860
1.787260
1.786520
1.786343
1.787025
1.787593
1.787820
1.787527
1.786438
1.786417
1.786805
1.786469
1.787163
1.787955
1.787634
1.788361
1.787065
1.786596
1.786577
1.786825
1.786856
1.787199
1.788077
1.787813
1.789035
1.786029
1.786485
1.786346
1.787258
1.787106
1.788349
1.789423
1.789981
1.789297
1.787931
1.787596
1.787392
1.788692
1.789486
1.791568
1.791846
1.791552
1.789536
1.789178
1.787794
1.788314
1.789831
1.792686
1.793997
1.795028
1.793616
1.791990
1.789045
1.790368
1.792015
1.792970
1.797289
1.798112
1.797553
1.794717
1.791872
1.790567
1.793934
1.793547
1.797240
1.801015
1.799985
1.799231
1.795976
1.791039
1.794168
1.794600
1.797454
1.801608
1.803959
1.801814
1.798607
1.794141
1.792150
1.795084
1.795781
1.802508
1.805393
1.805371
1.802505
1.798401
1.794648
1.795820
1.797107
1.801738
1.804588
1.805663
1.804498
1.801288
1.796968
1.795040
1.795228
1.797965
1.803620
1.803911
1.803266
1.802119
1.798332
1.794139
1.794456
1.793947
1.801544
1.803358
1.802605
1.801797
1.799134
1.793905
1.792154
1.792114
1.796290
1.801060
1.799998
1.797997
1.796847
1.793390
1.788577
1.788264
1.789655
1.794165
1.794909
1.793306
1.792308
1.789213
1.783817
1.781956
1.781788
1.785495
1.786380
1.785969
1.784243
1.782985
1.778813
1.774538
1.775296
1.775871
1.778070
1.777870
1.776509
1.774780
1.773564
1.769525
1.768865
1.769649
1.771747
1.771768
1.770695
1.770509
1.770270
1.767935
1.765190
1.765587
1.767585
1.768625
1.769044
1.768056
1.768659
1.769094
1.767762
1.767826
1.768804
1.771557
1.771731
1.771514
1.772075
1.773733
1.775045
1.774591
1.775941
1.776596
1.778598
1.779152
1.779367
1.780843
1.782308
1.783844
1.784170
1.785338
1.786302
1.787939
1.788911
1.788959
1.790544
1.792060
1.793618
1.793851
1.794751
1.795210
1.795973
1.795735
1.795265
1.797684
1.798318
1.799516
1.799290
1.799611
1.799116
1.799450
1.798132
1.798102
1.800061
1.800444
1.801047
1.800215
1.799954
1.798898
1.799049
1.797082
1.797809
1.800069
1.799648
1.799918
1.799875
1.798636
1.797994
1.798044
1.797289
1.797841
1.800039
1.799183
1.799940
1.799227
1.797445
1.798093
1.797275
1.796042
1.796044
1.797023
1.795996
1.797069
1.796730
1.796747
1.799769
1.799335
1.799564
1.797731
1.798694
1.797271
1.797674
1.796548
1.799561
1.800826
1.800286
1.800907
1.800078
1.799783
1.798437
1.797908
1.798723
1.801434
1.801593
1.801013
1.801941
1.801096
1.799275
1.798084
1.799170
1.802673
1.803114
1.802896
1.803303
1.803439
1.802009
1.799547
1.799001
1.801441
1.803346
1.802655
1.803428
1.803329
1.804480
1.802183
1.800829
1.802498
1.803555
1.804979
1.803467
1.803636
1.803807
1.804127
1.802660
1.802833
1.803158
1.803432
1.804935
1.804253
1.804079
1.804029
1.803651
1.803397
1.803527
1.803973
1.804192
1.804860
1.804816
1.804652
1.804429
1.803874
1.804107
1.804395
1.804046
1.804591
1.805327
1.804707
1.804897
1.804459
1.803789
1.804445
1.804374
1.804996
1.804624
1.805089
1.804959
1.804729
1.804298
1.803691
1.804172
1.803908
1.804495
1.803855
1.804428
1.804230
1.803327
1.803259
1.803091
1.804288
1.803491
1.804207
1.803741
1.804468
1.804020
1.803101
1.803541
1.803325
1.804497
1.803945
1.804969
1.805042
1.805053
1.805844
1.805055
1.804655
1.804582
1.805927
1.805651
1.805841
1.805829
1.805505
1.806456
1.805385
1.805483
1.805612
1.806526
1.806236
1.806221
1.806126
1.805860
1.806101
1.805564
1.805532
1.805601
1.806411
1.806171
1.805186
1.805867
1.805899
1.806105
1.805226
1.805316
1.805273
1.806517
1.806104
1.805572
1.805888
1.805493
1.805785
1.805473
1.805102
1.805432
1.805779
1.805960
1.805766
1.805381
1.805139
1.805970
1.805307
1.805065
1.805658
1.805217
1.804410
1.804702
1.805635
1.805039
1.805779
1.805308
1.805319
1.805189
1.805013
1.805883
1.805291
1.805208
1.804578
1.805490
1.805205
1.805618
1.805242
1.804904
1.806279
1.803445
1.802837
1.802816
1.803315
1.802654
1.804730
1.805152
1.805130
1.805553
1.805894
1.805741
1.805963
1.806330
1.806052
1.807096
1.807302
1.806921
1.807886
1.806770
1.806721
1.806883
1.807023
1.807544
1.807320
1.807098
1.806787
1.807664
1.807178
1.807074
1.807178
1.806484
1.807789
1.807864
1.807808
1.807401
1.808274
1.807515
1.807657
1.807877
1.807594
1.808504
1.808140
1.807707
1.807218
1.808097
1.806924
1.806475
1.806864
1.806793
1.807441
1.807221
1.806623
1.806448
1.806980
1.807100
1.805891
1.806247
1.806033
1.806712
1.805091
1.803997
1.802967
1.802725
1.802836
1.802840
1.803555
1.804354
1.806974
1.807472
1.806248
1.807150
1.807125
1.807647
1.807185
1.807116
1.806954
1.808094
1.808460
1.807027
1.805723
1.805530
1.806294
1.805965
1.807094
1.806993
1.807760
1.807265
1.807160
1.806958
1.806934
1.807396
1.807213
1.806605
1.806853
1.807327
1.807727
1.807123
1.807370
1.806846
1.807604
1.807338
1.807528
1.807284
1.808172
1.807826
1.807113
1.807456
1.807033
1.807878
1.807460
1.807557
1.807745
1.807899
1.807959
1.807339
1.807359
1.807089
1.807474
1.806938
1.807522
1.807758
1.807687
1.808144
1.807566
1.807248
1.806968
1.807637
1.807497
1.807253
1.807418
1.806928
1.807845
1.806849
1.806588
1.806189
1.806680
1.806474
1.806717
1.806519
1.806123
1.806636
1.805977
1.805395
1.805308
1.804357
1.804765
1.804618
1.804566
1.804889
1.805781
1.805390
1.805099
1.805263
1.805653
1.806058
1.804612
1.805719
1.804891
1.805496
1.804578
1.804179
1.804281
1.804861
1.804945
1.804504
1.803768
1.803547
1.804111
1.803105
1.802815
1.803358
1.803774
1.803982
1.803229
1.802397
1.802673
1.803115
1.802751
1.802487
1.802489
1.802683
1.803378
1.802678
1.802081
1.801956
1.802536
1.802663
1.802814
1.802425
1.801806
1.802997
1.802474
1.802001
1.801587
1.801805
1.802344
1.802692
1.802217
1.801308
1.802027
1.801792
1.801559
1.801448
1.801549
1.801666
1.801357
1.801265
1.801306
1.801503
1.800974
1.800708
1.801208
1.801211
1.800537
1.798998
1.799212
1.798871
1.800533
1.800341
1.800001
1.799688
1.800067
1.800135
1.799191
1.798953
1.798747
1.799376
1.798933
1.798304
1.798680
1.797706
1.799093
1.797953
1.797420
1.797138
1.797653
1.797187
1.797138
1.796765
1.796190
1.796646
1.795866
1.796217
1.794688
1.795127
1.795306
1.794842
1.794129
1.793668
1.793876
1.792853
1.792455
1.792244
1.791493
1.791540
1.790591
1.790031
1.789374
1.789434
1.788089
1.787854
1.787617
1.787111
1.787241
1.786107
1.786823
1.786605
1.787533
1.786951
1.786415
1.787502
1.788493
1.789215
1.788628
1.788304
1.788880
1.790468
1.791016
1.790329
1.788762
1.789750
1.792036
1.791202
1.792369
1.792184
1.792383
1.793208
1.792788
1.792667
1.792138
1.792198
1.792406
1.791838
1.791545
1.790875
1.791084
1.791334
1.791405
1.790796
1.791338
1.790271
1.790559
1.789569
1.788754
1.788953
1.787457
1.787375
1.787479
1.788585
1.787075
1.786103
1.785409
1.785003
1.785516
1.784440
1.783657
1.782626
1.782609
1.781620
1.780273
1.779459
1.778862
1.779675
1.779469
1.778952
1.778933
1.777989
1.776876
1.775481
1.774700
1.773798
1.774367
1.774163
1.774239
1.774619
1.775167
1.774168
1.774060
1.775703
1.776777
1.778826
1.779439
1.779905
1.781695
1.782740
1.784792
1.786082
1.787123
1.786373
1.789384
1.789994
1.790084
1.791582
1.792974
1.793643
1.793519
1.794361
1.795396
1.796132
1.796263
1.796005
1.795511
1.795696
1.796487
1.796489
1.797547
1.797949
1.797721
1.798108
1.797931
1.798300
1.797801
1.798682
1.799145
1.799603
1.799607
1.800235
1.800357
1.800684
1.800392
1.799843
1.801118
1.800871
1.801552
1.801636
1.801630
1.802645
1.801779
1.801916
1.801537
1.802440
1.801985
1.802822
1.802711
1.802719
1.803683
1.802901
1.802621
1.802174
1.802934
1.802930
1.803508
1.803969
1.804017
1.804463
1.804356
1.804404
1.803839
1.804206
1.804610
1.805441
1.805862
1.805604
1.805828
1.804357
1.804757
1.804622
1.805651
1.806863
1.807275
1.807718
1.808277
1.808595
1.808085
1.808350
1.807797
1.808183
1.809052
1.809079
1.810073
1.809000
1.809029
1.808817
1.809278
1.809502
1.809453
1.810302
1.810137
1.810327
1.810203
1.811045
1.810369
1.809979
1.809273
1.809673
1.810254
1.810003
1.810734
1.810644
1.811434
1.811460
1.810713
1.810310
1.810220
1.812160
1.810758
1.811455
1.811464
1.811798
1.811653
1.811354
1.810682
1.810625
1.811286
1.810940
1.811056
1.810899
1.811008
1.811531
1.810760
1.810825
1.810109
1.810039
1.809749
1.809412
1.809329
1.809552
1.810247
1.810107
1.809804
1.809854
1.811515
1.810899
1.809683
1.809868
1.810287
1.810768
1.811246
1.811018
1.811007
1.812252
1.812364
1.811913
1.810454
1.811858
1.812707
1.812319
1.812081
1.812142
1.812857
1.812828
1.812290
1.812446
1.812422
1.813387
1.812292
1.812392
1.812429
1.813110
1.813325
1.812701
1.812481
1.812135
1.813285
1.812389
1.812358
1.812667
1.812493
1.812680
1.812626
1.812486
1.812468
1.813081
1.812370
1.812411
1.812596
1.812937
1.813810
1.813093
1.813343
1.811615
1.812881
1.812528
1.812522
1.812919
1.813008
1.813528
1.813474
1.813095
1.812864
1.813338
1.813168
1.812769
1.813065
1.813533
1.814380
1.813244
1.814044
1.812008
1.811811
1.812601
1.812332
1.813434
1.813784
1.814792
1.814474
1.814415
1.814418
1.814441
1.814595
1.814755
1.815154
1.815271
1.816399
1.815647
1.816083
1.815385
1.815379
1.816189
1.815921
1.816084
1.816044
1.817035
1.816439
1.816413
1.815978
1.816012
1.816857
1.816443
1.816522
1.815937
1.817017
1.816735
1.816514
1.816225
1.815683
1.816787
1.816154
1.816074
1.816370
1.816602
1.816434
1.816083
1.816468
1.815872
1.816394
1.816463
1.816635
1.816640
1.816942
1.817226
1.816844
1.816565
1.816568
1.817714
1.817357
1.817388
1.817577
1.817365
1.817830
1.817341
1.817462
1.816735
1.817792
1.817653
1.817824
1.817957
1.816660
1.816590
1.816384
1.815996
1.816260
1.817194
1.816656
1.816611
1.816857
1.816580
1.817177
1.816429
1.816371
1.816356
1.817130
1.817114
1.817200
1.817009
1.817049
1.817723
1.817425
1.816856
1.816978
1.817728
1.817812
1.817584
1.817689
1.817593
1.818350
1.818146
1.817622
1.817743
1.818236
1.818531
1.818224
1.818334
1.818172
1.818528
1.817589
1.817665
1.817777
1.817989
1.818538
1.817908
1.817975
1.817775
1.818421
1.817603
1.817708
1.817495
1.817088
1.818510
1.817759
1.817801
1.817634
1.818190
1.817880
1.817614
1.817619
1.817864
1.818455
1.818156
1.818112
1.817869
1.818151
1.817774
1.817321
1.817577
1.817192
1.818383
1.817792
1.817856
1.817617
1.817365
1.817507
1.816871
1.816844
1.816508
1.817563
1.816820
1.816791
1.816376
1.816097
1.816932
1.815954
1.815721
1.815609
1.816821
1.816000
1.815955
1.816053
1.815426
1.815857
1.815507
1.815287
1.815313
1.816370
1.816181
1.815750
1.815727
1.815516
1.816210
1.815335
1.815223
1.815252
1.815928
1.815771
1.815573
1.815673
1.815351
1.815471
1.814796
1.815065
1.814714
1.815386
1.815610
1.815282
1.815078
1.814709
1.815358
1.814887
1.814301
1.814717
1.814753
1.815311
1.814584
1.815071
1.814423
1.815006
1.815094
1.813160
1.812222
1.812763
1.813392
1.813110
1.813617
1.814901
1.815701
1.815523
1.815916
1.815950
1.815678
1.816442
1.815938
1.815681
1.816236
1.816856
1.816714
1.817001
1.816556
1.817221
1.817483
1.816976
1.816893
1.816800
1.816911
1.816867
1.816823
1.816162
1.816417
1.817391
1.816886
1.816661
1.816034
1.816282
1.816832
1.816417
1.816990
1.816089
1.816092
1.815717
1.816239
1.815665
1.815544
1.815422
1.815693
1.815429
1.815619
1.816257
1.814941
1.815470
1.815544
1.815280
1.815582
1.814035
1.814960
1.815051
1.815459
1.814550
1.813243
1.813782
1.814251
1.814726
1.813798
1.812724
1.813126
1.814517
1.814123
1.813539
1.812291
1.812714
1.813939
1.813831
1.812648
1.811938
1.812519
1.812935
1.813228
1.812828
1.811481
1.813366
1.813204
1.814377
1.813501
1.813571
1.814507
1.813863
1.813914
1.813712
1.814128
1.813744
1.813354
1.813347
1.813173
1.813393
1.813199
1.813173
1.812456
1.813172
1.812513
1.812103
1.811930
1.811728
1.812094
1.811115
1.810994
1.810828
1.811798
1.810896
1.810222
1.810725
1.810368
1.810872
1.810871
1.810399
1.810943
1.811635
1.811559
1.811538
1.811541
1.810859
1.811575
1.811600
1.811554
1.811771
1.812077
1.812615
1.811709
1.811378
1.810533
1.810978
1.811266
1.811849
1.811621
1.812053
1.812775
1.812440
1.811988
1.811398
1.812425
1.811854
1.811989
1.812028
1.810370
1.811317
1.810844
1.810501
1.810589
1.812055
1.811989
1.811672
1.812065
1.812013
1.812239
1.812208
1.811838
1.811795
1.811903
1.812081
1.811813
1.812249
1.811572
1.812181
1.811942
1.811650
1.811007
1.811239
1.811222
1.810952
1.811292
1.810704
1.811299
1.810383
1.810312
1.810555
1.809945
1.810050
1.809263
1.809900
1.809611
1.810264
1.809546
1.808265
1.808507
1.809305
1.809744
1.809004
1.808831
1.808177
1.809651
1.809106
1.808415
1.808789
1.808124
1.809362
1.809241
1.808570
1.808271
1.808560
1.808572
1.808012
1.808218
1.807960
1.809040
1.808802
1.808649
1.808075
1.808265
1.807594
1.807265
1.807474
1.807780
1.807364
1.806444
1.805357
1.805890
1.805095
1.804859
1.803941
1.805970
1.806566
1.807576
1.806800
1.807050
1.806636
1.806504
1.806200
1.805860
1.806321
1.806322
1.807233
1.807032
1.807010
1.806908
1.806265
1.805719
1.805367
1.806000
1.805723
1.806479
1.806570
1.806290
1.805801
1.804951
1.804718
1.804525
1.804350
1.804920
1.805342
1.805462
1.805007
1.804786
1.803760
1.803579
1.803557
1.803820
1.803831
1.804509
1.804065
1.804384
1.804435
1.803158
1.803288
1.803039
1.803386
1.804019
1.803663
1.804558
1.804035
1.803973
1.802623
1.802729
1.803001
1.803029
1.802850
1.802539
1.804140
1.803406
1.803588
1.800942
1.800125
1.800127
1.800565
1.800236
1.800084
1.801289
1.801072
1.801262
1.800531
1.800329
1.800917
1.800615
1.800469
1.800255
1.801505
1.801178
1.800622
1.800087
1.799939
1.800485
1.800536
1.800647
1.800005
1.801578
1.801032
1.800754
1.800346
1.800337
1.800606
1.800326
1.800443
1.799809
1.801081
1.800771
1.800258
1.799706
1.799513
1.800539
1.799760
1.799969
1.799083
1.800200
1.800160
1.799482
1.799046
1.799231
1.799902
1.799417
1.798694
1.798723
1.799227
1.799257
1.799209
1.798541
1.798933
1.799658
1.800094
1.799907
1.798841
1.799969
1.799193
1.799932
1.800120
1.799617
1.800824
1.801094
1.799697
1.798214
1.798178
1.798880
1.798781
1.798981
1.799791
1.801286
1.800220
1.800506
1.799939
1.800361
1.801052
1.800488
1.800656
1.800460
1.800923
1.800104
1.799899
1.799411
1.799780
1.800775
1.800461
1.800126
1.800022
1.800289
1.800492
1.799689
1.799250
1.799731
1.800675
1.800473
1.800228
1.800258
1.800857
1.800539
1.799971
1.799864
1.800058
1.801040
1.800297
1.800125
1.800140
1.800625
1.800739
1.800475
1.799837
1.800433
1.801683
1.800689
1.800144
1.800519
1.800602
1.801205
1.800294
1.800248
1.800784
1.801721
1.800950
1.800250
1.800985
1.800991
1.801429
1.800900
1.800981
1.801428
1.802328
1.800500
1.800203
1.800625
1.800359
1.802315
1.801652
1.801730
1.802197
1.802881
1.802592
1.802201
1.802562
1.802528
1.803350
1.802519
1.802854
1.803063
1.803352
1.803325
1.802446
1.802657
1.803040
1.803786
1.802580
1.802738
1.803466
1.803378
1.803674
1.802803
1.802742
1.803373
1.803721
1.803241
1.803229
1.803849
1.803701
1.804129
1.803992
1.803032
1.803647
1.804543
1.804416
1.805035
1.805398
1.805685
1.805166
1.805126
1.805512
1.805376
1.805879
1.805913
1.806283
1.806329
1.806110
1.806043
1.805509
1.806306
1.805992
1.806296
1.806507
1.806732
1.806577
1.806508
1.806639
1.806374
1.806771
1.806541
1.806694
1.807737
1.806532
1.805601
1.805087
1.806039
1.805900
1.805729
1.805058
1.807267
1.808884
1.808504
1.808213
1.807483
1.808753
1.808823
1.808348
1.808445
1.808501
1.809803
1.809422
1.808792
1.808438
1.809729
1.809239
1.809129
1.809105
