10.006000
0.931232
0.931575
0.932027
0.931218
0.931827
0.931373
0.931768
0.931706
0.931343
0.932170
0.931084
0.931796
0.932045
0.931718
0.931659
0.931417
0.932605
0.931825
0.932574
0.932367
0.932260
0.932954
0.931680
0.932119
0.932146
0.932033
0.931387
0.931392
0.930796
0.931816
0.931506
0.931766
0.931717
0.931612
0.932366
0.931935
0.931953
0.931924
0.932702
0.932257
0.931517
0.932174
0.931060
0.932593
0.932294
0.932271
0.932090
0.932595
0.932239
0.932087
0.932251
0.931911
0.932949
0.931711
0.932164
0.932058
0.932272
0.932498
0.932196
0.931942
0.931684
0.932520
0.932074
0.931814
0.931790
0.931647
0.932090
0.931812
0.932025
0.931960
0.932841
0.932457
0.932122
0.932201
0.932279
0.932912
0.932538
0.932724
0.931588
0.932750
0.932260
0.932586
0.932540
0.932386
0.933261
0.932727
0.932716
0.932315
0.933025
0.932558
0.932441
0.932208
0.932347
0.933080
0.932724
0.932511
0.932360
0.932481
0.932495
0.932345
0.932400
0.932032
0.933049
0.931646
0.932031
0.932224
0.932322
0.932913
0.932367
0.932512
0.932257
0.932936
0.932562
0.932431
0.932765
0.932496
0.933161
0.932631
0.932719
0.932320
0.933102
0.932911
0.932603
0.932750
0.932717
0.933208
0.932783
0.932779
0.932176
0.933102
0.932798
0.932711
0.932789
0.932447
0.933000
0.932256
0.932146
0.932108
0.932622
0.932632
0.932286
0.932530
0.932102
0.933030
0.932609
0.932420
0.932540
0.932842
0.933002
0.932817
0.932676
0.932436
0.933331
0.932746
0.932302
0.932535
0.932795
0.930969
0.929844
0.930098
0.930050
0.930580
0.931000
0.932090
0.932168
0.932173
0.932831
0.931942
0.932029
0.930630
0.931615
0.931374
0.931472
0.931658
0.931330
0.931889
0.931371
0.931397
0.931098
0.932484
0.932339
0.932161
0.931964
0.931880
0.932529
0.932177
0.932216
0.932243
0.932546
0.932753
0.932274
0.931853
0.932221
0.933111
0.932610
0.932105
0.931944
0.932507
0.932655
0.932275
0.932282
0.932481
0.932477
0.931969
0.932101
0.932019
0.932177
0.932509
0.931821
0.932105
0.931313
0.931219
0.931475
0.930779
0.931060
0.930966
0.931596
0.931379
0.931115
0.931279
0.931371
0.932178
0.931709
0.931538
0.931758
0.931927
0.931771
0.931578
0.931739
0.932217
0.933105
0.932954
0.932661
0.932546
0.932280
0.932698
0.932312
0.932408
0.931757
0.931094
0.931465
0.931906
0.931792
0.930695
0.931682
0.931736
0.932857
0.931702
0.932570
0.932807
0.932772
0.933459
0.933113
0.933100
0.932989
0.933526
0.933215
0.933098
0.933120
0.932791
0.934110
0.932987
0.933542
0.933483
0.933794
0.933670
0.933437
0.933462
0.933450
0.934114
0.933537
0.933565
0.933304
0.933500
0.933543
0.933424
0.933470
0.932988
0.933266
0.932411
0.931342
0.932668
0.932978
0.933414
0.933040
0.933048
0.932782
0.933684
0.933223
0.933217
0.933107
0.933135
0.933972
0.933425
0.933301
0.933154
0.933808
0.933201
0.933207
0.933319
0.933344
0.933915
0.933560
0.933393
0.933130
0.933670
0.933495
0.933359
0.933446
0.933093
0.934073
0.933299
0.933215
0.933115
0.933376
0.933587
0.932757
0.932938
0.932873
0.933216
0.932636
0.932366
0.931890
0.930519
0.930721
0.930029
0.929933
0.929452
0.931974
0.932302
0.932140
0.932840
0.933263
0.933054
0.931897
0.932622
0.932313
0.933706
0.933604
0.934161
0.934401
0.934208
0.934687
0.934242
0.934176
0.933873
0.934918
0.933279
0.934051
0.933989
0.934131
0.934813
0.934197
0.933838
0.933680
0.934203
0.934236
0.933841
0.933842
0.933169
0.934264
0.933789
0.933867
0.934042
0.934439
0.934544
0.934125
0.934151
0.933907
0.934652
0.934255
0.934731
0.933699
0.934309
0.934736
0.934440
0.934278
0.934114
0.934943
0.934663
0.934684
0.934489
0.934405
0.934914
0.934219
0.934544
0.933810
0.935296
0.934942
0.934349
0.934291
0.934048
0.934530
0.933849
0.933995
0.933999
0.934570
0.934244
0.934126
0.933354
0.932016
0.932596
0.931992
0.931303
0.932143
0.933590
0.933575
0.933812
0.933399
0.934565
0.934305
0.933669
0.933655
0.934333
0.934482
0.934191
0.933851
0.933880
0.934713
0.934503
0.934469
0.933068
0.933524
0.934217
0.933826
0.933946
0.933695
0.934581
0.933627
0.933291
0.933256
0.933024
0.933726
0.933267
0.933241
0.933208
0.933812
0.933540
0.933312
0.933092
0.933164
0.934060
0.933846
0.932826
0.932344
0.932560
0.932729
0.932970
0.933438
0.933616
0.934231
0.933673
0.933396
0.933331
0.933436
0.933549
0.933138
0.933114
0.932713
0.933581
0.933123
0.932940
0.932812
0.932849
0.933410
0.931434
0.930795
0.930271
0.931968
0.930919
0.931787
0.931873
0.932444
0.933166
0.932464
0.932547
0.932232
0.933021
0.932490
0.932339
0.932531
0.932496
0.933055
0.932499
0.932505
0.932212
0.932794
0.932612
0.932528
0.932541
0.932180
0.932945
0.932186
0.932006
0.931844
0.931748
0.932272
0.932094
0.931780
0.931504
0.932015
0.931434
0.930853
0.930721
0.931103
0.931559
0.931223
0.930864
0.930382
0.931512
0.929949
0.930342
0.931014
0.930974
0.931762
0.931012
0.930783
0.930292
0.930289
0.930319
0.930955
0.930960
0.931159
0.931548
0.930704
0.930068
0.928976
0.930350
0.931053
0.930929
0.931066
0.930829
0.929967
0.927136
0.926453
0.927293
0.928056
0.929592
0.930310
0.929842
0.928856
0.928035
0.926735
0.928060
0.928715
0.929232
0.929612
0.928840
0.927747
0.925803
0.926425
0.927353
0.927786
0.928413
0.928576
0.928600
0.926635
0.924805
0.924411
0.926930
0.927042
0.927752
0.927612
0.926766
0.925469
0.922028
0.922171
0.924786
0.925873
0.926858
0.926575
0.925144
0.922055
0.916843
0.918130
0.923787
0.923908
0.925579
0.925188
0.923821
0.918739
0.907092
0.914140
0.922781
0.922853
0.923814
0.924026
0.923219
0.916680
0.900777
0.912870
0.923279
0.922492
0.923303
0.923244
0.922462
0.915010
0.896925
0.915132
0.921330
0.920206
0.920694
0.920214
0.918977
0.912589
0.894827
0.911999
0.918745
0.919282
0.920940
0.920826
0.918712
0.907244
0.888005
0.905584
0.912344
0.917262
0.918061
0.919021
0.914296
0.898859
0.878147
0.894239
0.903424
0.915798
0.917276
0.917197
0.910833
0.892351
0.870956
0.883968
0.890706
0.913623
0.916992
0.916711
0.910149
0.887773
0.868198
0.876176
0.879498
0.902447
0.916755
0.915180
0.911112
0.884566
0.866908
0.870823
0.873228
0.886139
0.914500
0.914638
0.911455
0.881515
0.867903
0.868850
0.869831
0.872947
0.911362
0.913039
0.911348
0.879585
0.873608
0.877606
0.873817
0.872537
0.909172
0.913440
0.910995
0.884864
0.885301
0.889958
0.885694
0.883564
0.910488
0.912648
0.911528
0.897118
0.899873
0.903115
0.899892
0.899189
0.910448
0.912123
0.910373
0.904616
0.906466
0.906625
0.905296
0.904462
0.909396
0.908976
0.908614
0.906098
0.905865
0.905266
0.903764
0.904426
0.906711
0.905905
0.905158
0.904005
0.903396
0.902473
0.901532
0.902551
0.904758
0.903758
0.902920
0.901462
0.902253
0.901019
0.900738
0.901914
0.902410
0.902727
0.901456
0.900689
0.900971
0.900671
0.900652
0.901154
0.901237
0.900638
0.900925
0.900273
0.900568
0.900006
0.900298
0.901514
0.901095
0.900992
0.900472
0.901698
0.901713
0.901680
0.900961
0.900865
0.901443
0.900547
0.900949
0.901299
0.903752
0.903996
0.904571
0.905200
0.905473
0.905229
0.905622
0.906658
0.906681
0.907795
0.908328
0.908729
0.909089
0.909326
0.910563
0.910977
0.911168
0.911330
0.913046
0.912939
0.913507
0.913925
0.914075
0.915588
0.915191
0.915748
0.916317
0.916908
0.917811
0.917479
0.918257
0.918629
0.919823
0.919862
0.920342
0.920880
0.920159
0.921596
0.921638
0.922272
0.921735
0.923208
0.923250
0.922833
0.924059
0.923369
0.925102
0.923915
0.925126
0.925307
0.926451
0.926200
0.926041
0.926247
0.926834
0.926692
0.927138
0.927190
0.927581
0.928112
0.928143
0.927618
0.926363
0.926310
0.926754
0.927213
0.927424
0.928245
0.929025
0.929617
0.929430
0.929765
0.928984
0.930584
0.930073
0.930314
0.930157
0.930248
0.930979
0.930972
0.930317
0.930751
0.931852
0.931641
0.931320
0.931292
0.931489
0.932302
0.931881
0.931882
0.931808
0.932567
0.931916
0.931740
0.932028
0.932174
0.933040
0.932409
0.932437
0.932189
0.932501
0.932624
0.932395
0.932699
0.932437
0.933027
0.932791
0.932761
0.932773
0.933033
0.933403
0.933198
0.933293
0.933284
0.934206
0.933672
0.933698
0.933605
0.933810
0.934455
0.934126
0.934198
0.934048
0.934740
0.934358
0.934349
0.934280
0.934392
0.935073
0.934456
0.932959
0.932332
0.933234
0.932430
0.933457
0.933054
0.933579
0.934768
0.934648
0.934559
0.934387
0.935022
0.934579
0.934959
0.934614
0.935081
0.935802
0.935157
0.934972
0.935091
0.935593
0.935703
0.935426
0.935532
0.935481
0.935853
0.935660
0.935598
0.935696
0.935894
0.936283
0.936135
0.936043
0.935744
0.936586
0.936177
0.936031
0.935966
0.936018
0.936633
0.936334
0.936151
0.935863
0.936700
0.936260
0.936073
0.936033
0.936161
0.936656
0.936108
0.935966
0.935963
0.936849
0.936384
0.936366
0.936511
0.936331
0.936882
0.936469
0.936545
0.936579
0.937095
0.937026
0.936955
0.936996
0.936739
0.937597
0.937278
0.936413
0.935623
0.936033
0.936157
0.936168
0.936106
0.936084
0.936454
0.936128
0.936300
0.936480
0.936301
0.936586
0.935887
0.935950
0.935768
0.936527
0.936098
0.935988
0.936037
0.935911
0.936506
0.936047
0.936151
0.936020
0.936797
0.936601
0.936545
0.936674
0.936387
0.936982
0.936667
0.936581
0.936425
0.937299
0.937014
0.936891
0.936899
0.936793
0.937732
0.937049
0.936878
0.936942
0.937368
0.937285
0.936745
0.937003
0.936860
0.937689
0.937167
0.937058
0.936835
0.936947
0.937167
0.936801
0.936915
0.936817
0.937491
0.937197
0.937229
0.937119
0.937034
0.937537
0.937313
0.937285
0.937194
0.937984
0.937821
0.937657
0.937664
0.937765
0.938119
0.937788
0.937856
0.937719
0.938540
0.938230
0.938032
0.937946
0.937861
0.938621
0.938255
0.937436
0.937907
0.938371
0.938260
0.937990
0.937966
0.937653
0.938311
0.937923
0.937918
0.937859
0.938094
0.938025
0.937994
0.937870
0.937968
0.938753
0.938461
0.938214
0.938318
0.938423
0.939073
0.938348
0.938383
0.938109
0.939000
0.938706
0.938424
0.938528
0.938669
0.939290
0.938607
0.938784
0.938534
0.939174
0.938984
0.938730
0.938623
0.938306
0.939115
0.938844
0.938686
0.938526
0.938809
0.938652
0.938094
0.937954
0.938255
0.936944
0.935324
0.936226
0.935150
0.935399
0.935178
0.937071
0.937645
0.937426
0.939113
0.938634
0.937855
0.937347
0.938148
0.938609
0.939167
0.939767
0.939630
0.940571
0.939932
0.939474
0.939720
0.939898
0.940371
0.940056
0.939964
0.940248
0.939392
0.939724
0.939994
0.940046
0.939927
0.940418
0.939962
0.939684
0.939541
0.940090
0.939765
0.939590
0.939292
0.939292
0.940306
0.939914
0.939924
0.939825
0.940290
0.940402
0.939956
0.940029
0.939949
0.940962
0.940688
0.939378
0.939946
0.940229
0.940667
0.940326
0.940421
0.940339
0.941187
0.940554
0.940352
0.940330
0.940371
0.940500
0.940809
0.940140
0.940431
0.941253
0.940484
0.940138
0.940172
0.940130
0.940681
0.940205
0.940208
0.940126
0.940349
0.940238
0.940083
0.940455
0.938910
0.939316
0.938706
0.939221
0.938783
0.939142
0.939227
0.938991
0.939587
0.939282
0.940355
0.939863
0.939609
0.939937
0.939546
0.940182
0.940005
0.939909
0.939627
0.940502
0.940075
0.939217
0.939683
0.939615
0.940062
0.939896
0.939740
0.939323
0.939870
0.939654
0.937845
0.938762
0.937505
0.939282
0.939394
0.939564
0.939874
0.939759
0.939833
0.939967
0.940468
0.940012
0.939937
0.939877
0.939841
0.940110
0.939983
0.940378
0.940191
0.940752
0.940354
0.940284
0.940289
0.940699
0.940604
0.940546
0.940260
0.939704
0.940750
0.940498
0.940306
0.940188
0.939245
0.939754
0.939217
0.939249
0.939034
0.939912
0.939317
0.939254
0.939204
0.939203
0.939593
0.939799
0.939624
0.939168
0.940033
0.938715
0.938721
0.938873
0.939768
0.940259
0.939115
0.939621
0.939786
0.940984
0.940640
0.941014
0.941455
0.941568
0.942340
0.942070
0.940974
0.941604
0.941314
0.942209
0.941752
0.941668
0.941685
0.942205
0.941761
0.941443
0.941482
0.941686
0.941907
0.941494
0.941351
0.941253
0.941746
0.941921
0.941923
0.941920
0.941678
0.941671
0.940276
0.940413
0.941377
0.942469
0.942396
0.941163
0.941808
0.941790
0.942431
0.942104
0.941955
0.942016
0.942646
0.942353
0.942177
0.942045
0.941934
0.942422
0.941932
0.941543
0.940079
0.940982
0.940377
0.939710
0.941026
0.941484
0.942420
0.941890
0.941743
0.942010
0.941734
0.942037
0.941837
0.941848
0.941724
0.942610
0.942061
0.941985
0.942007
0.941998
0.942539
0.942317
0.942162
0.941987
0.943003
0.942442
0.942328
0.942178
0.942270
0.942857
0.942509
0.942352
0.942203
0.942800
0.942489
0.942208
0.942350
0.941983
0.943270
0.942470
0.942327
0.941894
0.942470
0.942165
0.942085
0.942037
0.941777
0.942758
0.942214
0.942168
0.941959
0.942365
0.942730
0.942328
0.942588
0.942459
0.943286
0.942624
0.942423
0.942540
0.942469
0.942953
0.943086
0.942370
0.940909
0.941533
0.940900
0.940514
0.940869
0.942789
0.943385
0.943020
0.942814
0.942577
0.943342
0.942925
0.942849
0.942778
0.942546
0.943019
0.942519
0.942404
0.942235
0.942887
0.942726
0.942560
0.942614
0.942516
0.943226
0.942711
0.942670
0.942540
0.942971
0.943183
0.942975
0.943081
0.942805
0.943509
0.943410
0.942835
0.943165
0.943577
0.943488
0.943312
0.943195
0.942911
0.943726
0.943263
0.943131
0.943241
0.942975
0.943553
0.943089
0.943179
0.942833
0.943717
0.943048
0.942961
0.942906
0.942937
0.943460
0.942860
0.942779
0.942802
0.943592
0.943129
0.943178
0.943212
0.943119
0.943803
0.943682
0.943215
0.941021
0.942716
0.941938
0.941176
0.941679
0.941625
0.943257
0.943550
0.943746
0.943690
0.943892
0.944145
0.943692
0.943667
0.943451
0.944061
0.943309
0.943626
0.943809
0.943952
0.944160
0.943565
0.943370
0.943162
0.944074
0.943534
0.943370
0.943736
0.942904
0.943267
0.942065
0.941764
0.943068
0.944167
0.943748
0.943606
0.943674
0.943611
0.944503
0.943953
0.943823
0.943657
0.944371
0.944042
0.943987
0.943936
0.943945
0.944699
0.944109
0.944063
0.943940
0.944343
0.944191
0.943913
0.943992
0.943734
0.944644
0.944048
0.943748
0.943756
0.943799
0.943957
0.943704
0.943720
0.943577
0.944268
0.943854
0.943699
0.944048
0.942217
0.942719
0.942845
0.942576
0.941530
0.943239
0.942240
0.943592
0.944383
0.942971
0.944527
0.944133
0.944165
0.943844
0.944711
0.944265
0.944254
0.944376
0.944175
0.944636
0.944150
0.943832
0.943821
0.944020
0.944622
0.944347
0.943947
0.943667
0.944284
0.943727
0.943509
0.943564
0.943946
0.944136
0.943448
0.943680
0.943463
0.944286
0.943696
0.943666
0.943769
0.943905
0.944572
0.943939
0.944036
0.943762
0.944574
0.943799
0.943983
0.944228
0.943730
0.944477
0.944271
0.943660
0.943220
0.944475
0.944349
0.943912
0.944308
0.943090
0.944353
0.943856
0.943928
0.943714
0.944396
0.943923
0.943627
0.943835
0.942641
0.942478
0.942031
0.941725
0.941808
0.941400
0.943657
0.943698
0.943713
0.943437
0.944252
0.943859
0.943970
0.943733
0.943871
0.944522
0.942573
0.943329
0.943499
0.944540
0.943876
0.943640
0.943584
0.943437
0.944065
0.943406
0.943454
0.943140
0.943776
0.942938
0.943098
0.943226
0.943257
0.943744
0.943093
0.943131
0.942715
0.943483
0.943005
0.942897
0.942997
0.942368
0.943213
0.942921
0.942845
0.942653
0.943001
0.943198
0.942822
0.942914
0.942584
0.943051
0.941345
0.941660
0.942777
0.943354
0.943540
0.943018
0.943304
0.943169
0.943950
0.943448
0.943241
0.943251
0.943288
0.944194
0.942649
0.942346
0.941467
0.942227
0.941409
0.941386
0.941199
0.941850
0.943465
0.943018
0.943066
0.942720
0.943372
0.943430
0.942804
0.943244
0.943316
0.943949
0.943282
0.943248
0.943148
0.943860
0.943476
0.943391
0.943341
0.943235
0.944026
0.943483
0.943367
0.943398
0.943651
0.943850
0.943847
0.943788
0.943516
0.944074
0.943624
0.943577
0.943353
0.943586
0.944000
0.943743
0.943537
0.943164
0.943924
0.943400
0.943104
0.943007
0.943297
0.943790
0.943246
0.943171
0.943024
0.943970
0.943445
0.943425
0.943469
0.943480
0.944039
0.943509
0.943695
0.943628
0.944204
0.943835
0.944031
0.943938
0.943807
0.944481
0.944353
0.943332
0.942779
0.943044
0.942936
0.943071
0.943353
0.942566
0.943686
0.942827
0.943159
0.942957
0.943418
0.942740
0.942761
0.942720
0.942645
0.943390
0.942992
0.942957
0.942994
0.942972
0.943512
0.942999
0.943160
0.942988
0.943798
0.943395
0.943457
0.943425
0.943354
0.943800
0.943390
0.943442
0.943406
0.944092
0.944011
0.943747
0.943764
0.943482
0.944257
0.943602
0.943530
0.943509
0.943882
0.943724
0.943614
0.943673
0.943229
0.943766
0.943412
0.943247
0.943186
0.943522
0.943537
0.943282
0.943125
0.942750
0.943872
0.943304
0.943168
0.943248
0.943460
0.943878
0.943316
0.943335
0.943455
0.943766
0.943007
0.943434
0.943725
0.943388
0.944220
0.943584
0.943511
0.943407
0.944045
0.943596
0.943455
0.943545
0.943320
0.943936
0.943023
0.943137
0.942993
0.943633
0.943491
0.943213
0.943080
0.942687
0.943449
0.942960
0.942925
0.942706
0.943024
0.943067
0.942892
0.942714
0.942779
0.943753
0.943168
0.943010
0.943127
0.943355
0.943569
0.943240
0.943100
0.942876
0.943760
0.943142
0.943213
0.943254
0.943436
0.943809
0.943048
0.943353
0.942922
0.943773
0.943142
0.942937
0.943093
0.943062
0.943558
0.943280
0.942941
0.942563
0.943318
0.943051
0.942859
0.942203
0.942381
0.938829
0.940484
0.941847
0.942726
0.941567
0.941738
0.943108
0.942984
0.943915
0.943721
0.943931
0.943569
0.944349
0.943804
0.943809
0.943807
0.943872
0.944214
0.943827
0.944013
0.942591
0.943748
0.943793
0.943884
0.943618
0.943550
0.943841
0.943322
0.943066
0.942916
0.943589
0.943424
0.943062
0.943159
0.943106
0.943851
0.943207
0.943360
0.943167
0.943770
0.943743
0.943519
0.943516
0.943370
0.944189
0.942869
0.943455
0.943419
0.943803
0.943934
0.943534
0.943612
0.943307
0.944005
0.943609
0.943645
0.943351
0.943536
0.944205
0.943167
0.943400
0.943219
0.943922
0.943430
0.943273
0.943353
0.943072
0.943616
0.943320
0.942113
0.940889
0.941872
0.941144
0.941247
0.942938
0.943016
0.943664
0.943426
0.943307
0.943404
0.944083
0.943729
0.943111
0.942984
0.943053
0.944048
0.943491
0.943333
0.943497
0.944062
0.944015
0.942487
0.943133
0.942982
0.944042
0.942886
0.943331
0.943296
0.943494
0.943682
0.943193
0.942853
0.942166
0.943285
0.943143
0.942962
0.942951
0.942667
0.943336
0.942389
0.942110
0.942211
0.943432
0.943027
0.942648
0.942803
0.942674
0.942964
0.942138
0.942581
0.941608
0.942895
0.942519
0.942577
0.942054
0.941797
0.942273
0.941850
0.941811
0.941708
0.941862
0.941726
0.941153
0.940818
0.940691
0.941772
0.941510
0.939882
0.938774
0.938908
0.938246
0.939557
0.940070
0.940210
0.941831
0.940013
0.939999
0.940780
0.940515
0.940884
0.940680
0.940921
0.940945
0.941678
0.940844
0.941437
0.940914
0.940771
0.941693
0.941674
0.941895
0.941395
0.942284
0.942420
0.941550
0.941756
0.941888
0.942966
0.942401
0.942158
0.941747
0.942993
0.942365
0.942128
0.942472
0.942352
0.942876
0.942193
0.942249
0.942346
0.942383
0.942340
0.942331
0.942639
0.941935
0.943014
0.942759
0.942656
0.942379
0.942311
0.943005
0.942728
0.942783
0.942337
0.943118
0.942803
0.942491
0.941921
0.942324
0.942894
0.942817
0.942653
0.942257
0.943169
0.942827
0.940677
0.939857
0.939847
0.940449
0.940998
0.940242
0.940851
0.941914
0.940790
0.940780
0.941048
0.941021
0.941802
0.940130
0.940378
0.939151
0.939192
0.939462
0.939214
0.939631
0.939484
0.939673
0.938888
0.938765
0.937531
0.937746
0.938387
0.938659
0.938099
0.938029
0.938981
0.938289
0.937462
0.937369
0.937847
0.938547
0.937626
0.937827
0.937091
0.938212
0.936987
0.937031
0.937284
0.937776
0.937715
0.936849
0.936397
0.936444
0.938637
0.937487
0.937211
0.937570
0.936584
0.937420
0.936881
0.936971
0.936567
0.937349
0.937135
0.937495
0.937142
0.936642
0.937128
0.937960
0.938237
0.937392
0.938548
0.937694
0.938085
0.938636
0.938333
0.939602
0.938517
0.937972
0.938965
0.938031
0.939402
0.938384
0.937771
0.937712
0.938413
0.937499
0.937598
0.937738
0.937777
0.938452
0.937943
0.938066
0.937743
0.938870
0.937921
0.938114
0.938247
0.938271
0.938771
0.938504
0.938326
0.938355
0.939119
0.938880
0.938849
0.938937
0.938593
0.939627
0.938620
0.939049
0.939186
0.939412
0.939403
0.939237
0.939117
0.938929
0.939849
0.939302
0.939455
0.938662
0.939106
0.939379
0.939151
0.939066
0.938882
0.939586
0.939138
0.938696
0.938751
0.938720
0.939239
0.938586
0.938669
0.938693
0.939480
0.938985
0.939024
0.939113
0.939023
0.939687
0.939273
0.939187
0.938959
0.939600
0.939345
0.939058
0.939254
0.939085
0.939702
0.939421
0.939179
0.939087
0.939679
0.939263
0.939127
0.939099
0.938877
0.939720
0.939143
0.939047
0.939189
0.938577
0.938946
0.938721
0.938734
0.938450
0.939123
0.938783
0.938808
0.938051
0.938480
0.939277
0.938742
0.938656
0.938359
0.939275
0.938806
0.938711
0.938705
0.938796
0.939444
0.938794
0.938783
0.938703
0.939508
0.939074
0.938971
0.938914
0.938750
0.939488
0.938914
0.938792
0.938649
0.939130
0.938849
0.938714
0.938526
0.938531
0.939173
0.938614
0.938206
0.938069
0.938450
0.938448
0.938011
0.937909
0.938010
0.938209
0.938057
0.938036
0.938212
0.937997
0.938475
0.902088
0.935820
0.935451
0.937033
0.936490
0.937130
0.937723
0.937244
0.936704
0.936455
0.936802
0.937955
0.937060
0.937586
0.937213
0.938324
0.937953
0.937520
0.937422
0.937295
0.937837
0.937383
0.937331
0.937363
0.937788
0.937312
0.937428
0.937583
0.937094
0.937962
0.937566
0.937577
0.937551
0.937887
0.938345
0.938011
0.937836
0.937051
0.938436
0.938374
0.938040
0.938762
0.938146
0.938621
0.938509
0.938405
0.938008
0.938359
0.937502
0.938171
0.937974
0.937977
0.937613
0.937876
0.938287
0.937531
0.937872
0.937805
0.939376
0.939303
0.939043
0.939127
0.940134
0.939291
0.939505
0.939764
0.939889
0.940174
0.939663
0.939419
0.938724
0.939036
0.939097
0.938643
0.939152
0.939434
0.939618
0.939763
0.940564
0.940236
0.940586
0.941091
0.940921
0.940734
0.939924
0.941536
0.940577
0.940223
0.940397
0.940548
0.941190
0.940460
0.940164
0.940668
0.940902
0.940288
0.940507
0.939655
0.940254
0.940884
0.940446
0.941051
0.940234
0.940688
0.940749
0.940654
0.940862
0.940518
0.941402
0.941159
0.940572
0.940539
0.941135
0.940959
0.940685
0.939735
0.939577
0.941854
0.940729
0.940648
0.940762
0.941190
0.940735
0.940503
0.941138
0.941123
0.941310
0.940611
0.940498
0.940500
0.940601
0.940891
0.940853
0.940999
0.939791
0.941018
0.940490
0.940812
0.940949
0.940558
0.941700
0.941466
0.940695
0.940789
0.941511
0.941394
0.941268
0.940788
0.941332
0.942124
0.941185
0.941202
0.941261
0.941877
0.941910
0.941343
0.941776
0.941773
0.941795
0.941247
0.941272
0.941577
0.941898
0.941886
0.941355
0.941445
0.940630
0.939196
0.938520
0.938556
0.938573
0.938144
0.940645
0.940722
0.940174
0.940323
0.941868
0.941010
0.940441
0.940164
0.940871
0.942771
0.941169
0.942021
0.941649
0.943040
0.942600
0.942478
0.943068
0.942584
0.942879
0.942441
0.942457
0.942475
0.942906
0.942853
0.943426
0.942262
0.941966
0.943190
0.942947
0.942611
0.942276
0.942682
0.943024
0.942607
0.942173
0.941956
0.942838
0.942272
0.941789
0.942554
0.943062
0.943278
0.942718
0.942516
0.942448
0.943443
0.942894
0.943033
0.943381
0.943367
0.942717
0.942718
0.942869
0.942842
0.943498
0.943394
0.943612
0.943505
0.942881
0.943353
0.942872
0.942907
0.942326
0.943429
0.943574
0.943425
0.942608
0.942482
0.943070
0.942557
0.942224
0.942439
0.943421
0.943315
0.942528
0.942174
0.940630
0.941164
0.940135
0.940929
0.941574
0.942577
0.942794
0.942552
0.942620
0.942577
0.943188
0.942430
0.943505
0.943049
0.942898
0.943322
0.942814
0.942921
0.942408
0.943325
0.943484
0.943200
0.942276
0.942681
0.942625
0.942583
0.942442
0.942373
0.943663
0.943208
0.942121
0.942120
0.942018
0.942943
0.942203
0.942182
0.942572
0.942850
0.942270
0.942123
0.942248
0.942339
0.942734
0.942643
0.943102
0.942646
0.942475
0.942575
0.942301
0.942481
0.941827
0.943244
0.943204
0.942552
0.942199
0.942284
0.942774
0.942514
0.941913
0.942518
0.943518
0.942107
0.942045
0.942042
0.942242
0.942621
0.942133
0.941885
0.940420
0.940141
0.939364
0.939930
0.940300
0.940822
0.941331
0.942261
0.942445
0.941539
0.942163
0.941908
0.941883
0.941679
0.941362
0.942902
0.942335
0.941553
0.941448
0.942163
0.942321
0.941766
0.941494
0.942291
0.942621
0.941780
0.941834
0.941787
0.942107
0.941952
0.941502
0.942264
0.941259
0.942086
0.941748
0.941529
0.941416
0.940933
0.941844
0.941862
0.941020
0.940689
0.941672
0.941309
0.941243
0.940734
0.941376
0.942059
0.941152
0.941195
0.941021
0.942054
0.941674
0.941043
0.941279
0.941104
0.941581
0.941692
0.940564
0.941341
0.941471
0.941430
0.942283
0.940720
0.939447
0.940117
0.939401
0.939721
0.939944
0.941095
0.941624
0.941324
0.941278
0.940866
0.941638
0.940962
0.940427
0.941222
0.940936
0.941167
0.940802
0.940740
0.940769
0.941237
0.940748
0.941308
0.940796
0.940898
0.941409
0.941226
0.941322
0.940664
0.941612
0.941644
0.940698
0.941030
0.941164
0.941997
0.941647
0.940568
0.941308
0.942045
0.941525
0.941418
0.940922
0.941337
0.941839
0.940951
0.941623
0.941356
0.941521
0.941397
0.941035
0.941181
0.940830
0.941307
0.941644
0.939968
0.940445
0.940763
0.941496
0.941409
0.941077
0.940958
0.942218
0.941433
0.941362
0.941365
0.941494
0.942234
0.941587
0.940135
0.939932
0.940330
0.939905
0.940036
0.940262
0.940699
0.941900
0.941887
0.941930
0.941504
0.942107
0.941548
0.941650
0.941653
0.941154
0.942358
0.941696
0.941562
0.941292
0.941654
0.941849
0.941493
0.941032
0.941641
0.941405
0.941249
0.941392
0.941440
0.941899
0.941890
0.941387
0.942004
0.941606
0.942425
0.941888
0.941732
0.941719
0.941761
0.942096
0.942125
0.941992
0.941789
0.942518
0.942112
0.942079
0.941843
0.941596
0.942565
0.941955
0.941824
0.941477
0.942377
0.942199
0.941579
0.941352
0.941423
0.942063
0.941479
0.941205
0.941125
0.941926
0.941407
0.941375
0.941231
0.941182
0.941955
0.941546
0.940302
0.939322
0.939462
0.939547
0.939546
0.939923
0.939206
0.940528
0.941212
0.941197
0.940913
0.940879
0.941544
0.940940
0.940841
0.940317
0.941074
0.940546
0.940083
0.939998
0.940209
0.940200
0.939246
0.937937
0.937140
0.939288
0.938783
0.938321
0.938675
0.938321
0.938742
0.938378
0.936957
0.937372
0.937862
0.937525
0.937650
0.937518
0.937091
0.937697
0.937257
0.937156
0.937017
0.937316
0.937489
0.937449
0.937219
0.936956
0.937741
0.937257
0.937048
0.937102
0.937412
0.937756
0.937287
0.937168
0.937037
0.937572
0.937445
0.937059
0.937735
0.937400
0.937731
0.937183
0.937001
0.936738
0.937532
0.937256
0.936554
0.935403
0.935219
0.935638
0.935002
0.935294
0.935961
0.937310
0.937453
0.937384
0.937307
0.936991
0.937697
0.937328
0.936463
0.936641
0.937312
0.937545
0.937119
0.936987
0.936865
0.937565
0.936985
0.936772
0.936583
0.937167
0.937211
0.936663
0.936465
0.936422
0.937207
0.936436
0.936153
0.936363
0.936208
0.936690
0.936096
0.936095
0.936118
0.935799
0.935781
0.936282
0.936269
0.936069
0.936772
0.936365
0.936293
0.936034
0.936814
0.936689
0.936419
0.936376
0.936651
0.936751
0.936823
0.936635
0.936245
0.936905
0.936739
0.936538
0.936452
0.936279
0.936988
0.936555
0.936289
0.936304
0.936854
0.936998
0.936203
0.934666
0.934052
0.934703
0.934798
0.934546
0.935906
0.935944
0.936384
0.936185
0.936300
0.936080
0.936909
0.936652
0.936633
0.936652
0.936733
0.937385
0.936809
0.936680
0.936422
0.937220
0.937075
0.937015
0.936868
0.936899
0.937505
0.937073
0.936987
0.936839
0.937698
0.937212
0.937137
0.936910
0.936970
0.937648
0.937176
0.937089
0.936851
0.937268
0.936966
0.937015
0.936849
0.936661
0.937339
0.936951
0.936738
0.937026
0.936966
0.937862
0.937156
0.937276
0.936862
0.937716
0.937475
0.937468
0.937526
0.937390
0.938026
0.937755
0.937604
0.937247
0.938172
0.937977
0.937852
0.937852
0.937858
0.938838
0.937860
0.936023
0.935667
0.936478
0.936319
0.936160
0.937055
0.937767
0.938636
0.937657
0.937563
0.937667
0.938246
0.937996
0.937886
0.937502
0.937519
0.938208
0.937691
0.937940
0.938069
0.938473
0.938554
0.938351
0.938480
0.937571
0.938435
0.938243
0.938081
0.938283
0.938278
0.938902
0.938585
0.938015
0.937778
0.938957
0.938687
0.938599
0.938322
0.938286
0.938910
0.938328
0.937538
0.938323
0.939512
0.938638
0.938258
0.938309
0.938166
0.938254
0.937733
0.938165
0.938404
0.938742
0.938461
0.938176
0.938460
0.937644
0.938672
0.938767
0.939001
0.938526
0.938874
0.938883
0.938767
0.938088
0.938649
0.940216
0.939616
0.937750
0.937659
0.937468
0.937877
0.937583
0.938444
0.938970
0.939460
0.938520
0.937476
0.937448
0.937813
0.938070
0.938474
0.939074
0.938502
0.938490
0.937428
0.937046
0.937243
0.937238
0.938504
0.938504
0.939031
0.938081
0.938080
0.937389
0.937439
0.937535
0.938666
0.940081
0.939471
0.938861
0.937830
0.936993
0.937593
0.937686
0.939178
0.939378
0.940161
0.939295
0.938017
0.937224
0.937604
0.938017
0.939091
0.939212
0.938797
0.939562
0.938318
0.937042
0.937132
0.937361
0.938965
0.938922
0.938929
0.938486
0.938435
0.937091
0.936317
0.937059
0.938420
0.939227
0.938806
0.938643
0.937874
0.937511
0.937114
0.937425
0.938523
0.938752
0.939354
0.938379
0.938256
0.937128
0.937352
0.937765
0.938702
0.938703
0.938492
0.939143
0.938430
0.937079
0.936940
0.937165
0.938465
0.938459
0.938229
0.937926
0.938490
0.936685
0.936304
0.936826
0.937735
0.938163
0.937704
0.937476
0.937304
0.937091
0.936419
0.936884
0.937511
0.937561
0.938096
0.937807
0.937726
0.936708
0.936848
0.937231
0.936701
0.937161
0.937253
0.937974
0.937458
0.937155
0.936452
0.937348
0.937526
0.937100
0.937058
0.936818
0.937287
0.936684
0.936109
0.936298
0.937003
0.936819
0.935698
0.935988
0.935761
0.933903
0.932947
0.932778
0.932717
0.933290
0.933983
0.934891
0.934948
0.934574
0.935917
0.934772
0.934463
0.934472
0.934369
0.935833
0.935991
0.935885
0.935168
0.936535
0.936050
0.935895
0.935370
0.935810
0.936440
0.935768
0.935600
0.935323
0.935966
0.935843
0.934199
0.935038
0.935310
0.936202
0.935239
0.934915
0.934655
0.935211
0.934157
0.934245
0.934458
0.934328
0.935032
0.934136
0.934258
0.934347
0.934078
0.934384
0.934495
0.934643
0.934488
0.935403
0.934751
0.934540
0.934145
0.933729
0.934821
0.934662
0.934615
0.934455
0.935212
0.934876
0.934164
0.934176
0.934489
0.935098
0.934618
0.934523
0.934294
0.935110
0.934207
0.933931
0.934144
0.934214
0.934841
0.934144
0.934340
0.933925
0.932554
0.932381
0.932344
0.932272
0.932525
0.933180
0.933351
0.933265
0.932924
0.933111
0.933610
0.933620
0.933686
0.933384
0.934169
0.933845
0.933232
0.932934
0.933714
0.933943
0.933403
0.933494
0.933312
0.934049
0.933421
0.932652
0.933136
0.933053
0.934051
0.932441
0.932477
0.931618
0.932446
0.931788
0.931542
0.932273
0.932630
0.933339
0.932898
0.932817
0.932162
0.932525
0.932456
0.932558
0.933115
0.931885
0.933337
0.932967
0.932821
0.932119
0.932590
0.932753
0.932459
0.932781
0.932527
0.933481
0.933084
0.931432
0.931107
0.931882
0.932326
0.931818
0.931756
0.931463
0.932338
0.931302
0.931178
0.931436
0.931835
0.931898
0.931447
0.931233
0.930925
0.931259
0.930801
0.930277
0.930725
0.930170
0.931529
0.931416
0.932968
0.932249
0.933005
0.932903
0.933040
0.933108
0.933107
0.933676
0.933134
0.932876
0.932482
0.933317
0.933433
0.933185
0.933157
0.933068
0.933770
0.933214
0.932958
0.932720
0.933313
0.933565
0.932725
0.933011
0.932686
0.933682
0.933017
0.932410
0.932654
0.932748
0.933074
0.931786
0.931570
0.930493
0.932220
0.932320
0.932660
0.932687
0.932711
0.933200
0.932833
0.932668
0.932537
0.933310
0.933008
0.932907
0.933031
0.932210
0.933274
0.932699
0.932911
0.932579
0.933369
0.933120
0.933294
0.932301
0.930614
0.931004
0.930914
0.930653
0.931018
0.930362
0.932097
0.932230
0.932284
0.932016
0.932714
0.932478
0.932301
0.932274
0.932438
0.933153
0.930876
0.931665
0.931797
0.932951
0.932365
0.932441
0.932372
0.932352
0.932626
0.932294
0.932230
0.932233
0.932997
0.932007
0.930972
0.930764
0.932083
0.932731
0.932289
0.932391
0.932047
0.933016
0.932673
0.932404
0.932622
0.931166
0.932416
0.932280
0.932451
0.932339
0.932642
0.932424
0.931907
0.931694
0.931675
0.931692
0.931579
0.931857
0.932328
0.931277
0.931971
0.931777
0.931920
0.931710
0.932691
0.932596
0.932596
0.932508
0.932316
0.932822
0.931297
0.932203
0.930932
0.931721
0.931032
0.930795
0.929946
0.931966
0.932724
0.932308
0.932192
0.932215
0.932974
0.932744
0.932600
0.932388
0.931998
0.932639
0.932043
0.932128
0.932260
0.932928
0.932770
0.932244
0.932113
0.931463
0.932425
0.932211
0.932650
0.932465
0.932868
0.932829
0.932187
0.932245
0.932004
0.932808
0.932909
0.932750
0.932515
0.932880
0.932965
0.932545
0.932536
0.932239
0.933359
0.933084
0.932904
0.932937
0.932633
0.933044
0.932131
0.932438
0.932423
0.933465
0.932962
0.932688
0.932559
0.931931
0.932716
0.932060
0.932043
0.932378
0.932935
0.932951
0.932421
0.932354
0.932297
0.933020
0.932576
0.933101
0.931792
0.931802
0.931464
0.930766
0.931342
0.930433
0.932747
0.932958
0.933122
0.933132
0.933287
0.933552
0.933062
0.932872
0.932714
0.933496
0.933241
0.933022
0.933025
0.933053
0.933440
0.932788
0.932996
0.931872
0.933345
0.933126
0.932577
0.932219
0.932205
0.933094
0.932803
0.932835
0.932552
0.933660
0.933142
0.933077
0.932963
0.932866
0.933498
0.933080
0.933005
0.933073
0.933700
0.933557
0.933430
0.933310
0.933076
0.933695
0.933307
0.933273
0.933476
0.933628
0.933595
0.933312
0.933312
0.932603
0.933667
0.933009
0.933628
0.933256
0.933095
0.933439
0.933003
0.932991
0.931825
0.933174
0.933160
0.933257
0.931937
0.931503
0.931518
0.931525
0.931091
0.930666
0.933484
0.933884
0.933815
0.933689
0.933589
0.934070
0.932875
0.932678
0.932977
0.934165
0.934171
0.933869
0.933956
0.933899
0.934045
0.932727
0.932912
0.933545
0.934253
0.934350
0.934150
0.934163
0.933568
0.933042
0.932333
0.932889
0.933676
0.934013
0.934191
0.933942
0.933655
0.932353
0.932217
0.932386
0.933456
0.933921
0.933996
0.934541
0.934001
0.933318
0.931640
0.932685
0.933286
0.934064
0.934572
0.933896
0.934969
0.934058
0.932477
0.931457
0.933166
0.934008
0.934376
0.934291
0.934141
0.934414
0.932950
0.931305
0.931520
0.933555
0.934168
0.933602
0.932190
0.931547
0.930774
0.930142
0.929409
0.931156
0.932474
0.933903
0.933825
0.933564
0.932509
0.932565
0.930992
0.931610
0.932909
0.933692
0.934250
0.933827
0.932976
0.932055
0.931714
0.931138
0.932255
0.932683
0.933604
0.934099
0.933437
0.931607
0.930169
0.929307
0.931633
0.931811
0.932682
0.932926
0.933707
0.931906
0.931436
0.930642
0.931361
0.931779
0.932017
0.932251
0.932174
0.932183
0.930933
0.930551
0.930560
0.931876
0.931665
0.932110
0.932186
0.931635
0.931561
0.930971
0.930805
0.931110
0.931460
0.932382
0.932174
0.932023
0.930790
0.931543
0.930917
0.931005
0.931193
0.931545
0.932617
0.931149
0.929528
0.928559
0.929409
0.928337
0.929608
0.930566
0.931090
0.931717
0.930938
0.930198
0.930056
0.930681
0.930703
0.930196
0.930529
0.930684
0.931420
0.930374
0.930415
0.930410
0.930966
0.931068
0.931027
0.930992
0.930859
0.931448
0.930620
0.930710
0.930776
0.931073
0.931346
0.931207
0.931147
0.930843
0.931413
0.930977
0.930842
0.930865
0.930859
0.931648
0.930670
0.931036
0.930742
0.931442
0.930673
0.930579
0.930635
0.930552
0.931222
0.930603
0.930709
0.930361
0.931103
0.930713
0.930638
0.930839
0.930640
0.931450
0.931002
0.931153
0.930988
0.931484
0.931413
0.931420
0.931245
0.929309
0.930265
0.929921
0.929626
0.929569
0.930945
0.931206
0.931663
0.931619
0.931504
0.932634
0.931363
0.931671
0.931731
0.931928
0.932452
0.931868
0.931612
0.931384
0.932354
0.931832
0.931767
0.931848
0.931836
0.932580
0.932321
0.931442
0.931433
0.932972
0.932572
0.932502
0.932757
0.932792
0.933394
0.932847
0.933039
0.931983
0.933346
0.933183
0.933287
0.933141
0.933099
0.933759
0.933210
0.933242
0.933151
0.933591
0.933336
0.933036
0.933171
0.933005
0.933806
0.933226
0.933127
0.932845
0.932946
0.933238
0.932986
0.932942
0.932732
0.933682
0.932945
0.932977
0.932885
0.933089
0.933602
0.933101
0.933436
0.932288
0.932577
0.932286
0.931966
0.932251
0.932438
0.933090
0.932697
0.932709
0.932490
0.933221
0.932844
0.932534
0.932566
0.932518
0.933154
0.932569
0.932654
0.931997
0.932801
0.932766
0.932372
0.932255
0.932111
0.932610
0.932252
0.932103
0.932003
0.932121
0.932380
0.931937
0.932029
0.931862
0.932776
0.932440
0.932224
0.932333
0.932343
0.932870
0.932524
0.932415
0.932172
0.933198
0.931994
0.932134
0.932357
0.932495
0.932966
0.932592
0.932555
0.932372
0.933007
0.932662
0.932397
0.932356
0.932143
0.932959
0.932649
0.932475
0.932194
0.932557
0.932238
0.932022
0.931948
0.931862
0.932620
0.931955
0.931986
0.931835
0.932302
0.932343
0.931922
0.931994
0.931940
0.932769
0.932348
0.932320
0.932220
0.932346
0.932748
0.932283
0.932294
0.932286
0.933230
0.932611
0.932423
0.932396
0.932305
0.932831
0.932432
0.932379
0.932236
0.933108
0.931915
0.932077
0.932317
0.932224
0.932556
0.931923
0.931901
0.931684
0.932438
0.932027
0.931932
0.931775
0.931525
0.932341
0.931921
0.931896
0.931788
0.932319
0.932321
0.932137
0.932110
0.932022
0.932845
0.932328
0.932037
0.932070
0.932337
0.932519
0.932239
0.932160
0.931950
0.932935
0.932342
0.932297
0.931622
0.931998
0.931138
0.929655
0.929142
0.928773
0.929441
0.928475
0.929615
0.930464
0.930561
0.930921
0.931476
0.930628
0.930361
0.930683
0.930145
0.930129
0.930169
0.931155
0.931937
0.932099
0.932125
0.932052
0.932593
0.932426
0.932190
0.932304
0.931807
0.932815
0.932156
0.932493
0.932362
0.932311
0.932348
0.932227
0.932134
0.931829
0.932688
0.932057
0.932214
0.930880
0.931466
0.932248
0.931879
0.931798
0.931488
0.932164
0.931673
0.931354
0.931485
0.931439
0.931935
0.931224
0.930651
0.929407
0.930340
0.931300
0.931392
0.931489
0.931420
0.932147
0.931748
0.931483
0.931329
0.932196
0.930836
0.931022
0.931379
0.931405
0.932132
0.931638
0.931564
0.931169
0.931680
0.931618
0.931461
0.930821
0.929222
0.929863
0.929387
0.928793
0.930284
0.931070
0.930645
0.930566
0.930645
0.930456
0.931119
0.930724
0.930579
0.930319
0.930434
0.931132
0.930618
0.930443
0.930268
0.931316
0.930712
0.930681
0.930686
0.930352
0.931025
0.930567
0.930489
0.930379
0.931084
0.930688
0.930391
0.930409
0.930291
0.930877
0.930398
0.930339
0.930136
0.930446
0.930136
0.929933
0.929921
0.929621
0.930303
0.929626
0.929586
0.929401
0.929669
0.929591
0.929304
0.929170
0.929045
0.929767
0.929615
0.929400
0.929263
0.929379
0.929671
0.929197
0.929084
0.929052
0.930030
0.929342
0.929037
0.928986
0.928801
0.929448
0.928996
0.929186
0.927626
0.927713
0.927261
0.926538
0.926421
0.927893
0.928979
0.928355
0.928891
0.928170
0.929107
0.928717
0.928080
0.927845
0.927749
0.928285
0.927922
0.927804
0.927426
0.927951
0.927625
0.927401
0.927305
0.927117
0.927910
0.927699
0.927477
0.927292
0.927376
0.927653
0.927035
0.926983
0.926569
0.927687
0.926931
0.926707
0.926662
0.926491
0.926829
0.926324
0.926412
0.925193
0.926464
0.925885
0.925719
0.925489
0.925208
0.925823
0.925139
0.925074
0.924784
0.925060
0.924588
0.924280
0.924102
0.923808
0.924562
0.923901
0.924106
0.923616
0.924039
0.923808
0.922659
0.923458
0.923316
0.924174
0.923973
0.923985
0.922848
0.921714
0.921835
0.921307
0.921206
0.921195
0.923824
0.922985
0.923243
0.923305
0.923339
0.923239
0.922825
0.922695
0.922423
0.923645
0.923212
0.923009
0.922759
0.922250
0.922644
0.922333
0.922070
0.922393
0.922770
0.922517
0.922226
0.921421
0.921333
0.922350
0.921733
0.922199
0.921946
0.922487
0.922434
0.921715
0.921208
0.921401
0.922337
0.922083
0.921891
0.921988
0.922714
0.922007
0.921216
0.921302
0.921465
0.922437
0.922330
0.922015
0.922308
0.922266
0.920366
0.920714
0.921465
0.921330
0.922729
0.921907
0.921909
0.921847
0.920377
0.920606
0.920951
0.921224
0.921566
0.922804
0.920854
0.920433
0.919437
0.917886
0.920027
0.921127
0.922218
0.922226
0.922653
0.921872
0.922464
0.920013
0.920503
0.922297
0.922216
0.922339
0.921872
0.922443
0.922651
0.921233
0.920420
0.921147
0.922335
0.921764
0.921167
0.921220
0.921674
0.921575
0.919844
0.920237
0.920408
0.921253
0.920678
0.920170
0.920278
0.920784
0.919747
0.918565
0.919055
0.918732
0.920141
0.918713
0.918971
0.919390
0.918843
0.918663
0.918485
0.917989
0.918092
0.918704
0.918927
0.918816
0.918803
0.918445
0.919117
0.918668
0.918490
0.919133
0.919812
0.919369
0.919519
0.918374
0.918114
0.920143
0.919023
0.920221
0.919399
0.919945
0.919697
0.918715
0.917853
0.918092
0.919012
0.920108
0.920337
0.920306
0.919086
0.920206
0.918997
0.919450
0.919449
0.921616
0.922340
0.922374
0.921713
0.921074
0.920229
0.921047
0.921509
0.922773
0.924761
0.923390
0.924375
0.924285
0.923275
0.922489
0.921655
0.922841
0.924702
0.925066
0.925406
0.924940
0.923589
0.921519
0.922128
0.921580
0.923496
0.924283
0.924653
0.924664
0.924093
0.922395
0.921471
0.923125
0.923447
0.924344
0.924047
0.924071
0.924296
0.923273
0.921704
0.921940
0.923347
0.923892
0.923930
0.923196
0.923512
0.923792
0.921986
0.921513
0.921656
0.923135
0.922911
0.922573
0.922486
0.922337
0.922191
0.921146
0.921902
0.922498
0.923976
0.923581
0.923716
0.923638
0.923289
0.923780
0.923249
0.923693
0.923953
0.924800
0.924806
0.924661
0.924435
0.924265
0.924759
0.924734
0.925080
0.925443
0.925575
0.925657
0.925499
0.925274
0.924851
0.925750
0.925771
0.926095
0.926206
0.926233
0.926787
0.926243
0.925948
0.925584
0.926521
0.926366
0.926358
0.926516
0.926510
0.926926
0.926268
0.925790
0.925725
0.926545
0.926484
0.926149
0.926306
0.926101
0.926518
0.926074
0.926033
0.926099
0.926762
0.926802
0.926612
0.926709
0.926662
0.927300
0.926796
0.926585
0.926702
0.927579
0.927019
0.927125
0.927120
0.927287
0.927374
0.927347
0.927486
0.927870
0.928033
0.928319
0.928089
0.927523
0.927559
0.928639
0.928212
0.928083
0.928285
0.928209
0.928900
0.928354
0.928261
0.928005
0.928675
0.928515
0.928857
0.928680
0.928798
0.929455
0.929114
0.929257
0.928570
0.929336
0.929322
0.927967
0.927032
0.926206
0.928238
0.926693
0.926288
0.927474
0.928500
0.929183
0.929083
0.930402
0.928402
0.928743
0.928330
0.929009
0.928817
0.928625
0.928847
0.928366
0.929378
0.929228
0.930005
0.929421
0.929263
0.929344
0.929636
0.930135
0.929737
0.929055
0.929205
0.930079
0.929654
0.929636
0.929753
0.929345
0.930247
0.930021
0.929800
0.929697
0.930243
0.929818
0.929518
0.929711
0.929862
0.930996
0.929699
0.929866
0.929773
0.930109
0.930251
0.929728
0.930047
0.929857
0.929972
0.929711
0.929854
0.929589
0.929688
0.929992
0.929556
0.929403
0.929583
0.929677
0.929406
0.929502
0.929418
0.929769
0.930163
0.929800
0.929758
0.929951
0.930359
0.929617
0.929894
0.930012
0.930157
0.931175
0.930529
0.929875
0.930172
0.930692
0.930357
0.930587
0.930435
0.930554
0.931695
0.931662
0.931593
0.931326
0.931810
0.931314
0.931112
0.931543
0.931728
0.932205
0.931512
0.931408
0.931194
0.931422
0.931749
0.931588
0.931440
0.931532
0.931789
0.931507
0.931596
0.931569
0.931607
0.932109
0.931808
0.931966
0.931792
0.932594
0.932079
0.931996
0.931784
0.931881
0.932661
0.932363
0.932344
0.931995
0.932835
0.932252
0.932199
0.932097
0.932150
0.932708
0.932618
0.931368
0.931666
0.932557
0.932216
0.932080
0.931985
0.931799
0.932573
0.932146
0.931878
0.931581
0.931993
0.932018
0.932045
0.931851
0.932120
0.933005
0.932205
0.932218
0.932167
0.932468
0.932928
0.932468
0.932521
0.931816
0.932091
0.931979
0.931658
0.931366
0.931578
0.933078
0.932848
0.932468
0.932538
0.933430
0.932950
0.932535
0.932397
0.932217
0.933203
0.933009
0.932642
0.932491
0.933030
0.932579
0.932419
0.932515
0.931882
0.932786
0.931876
0.930648
0.929186
0.929520
0.929354
0.928858
0.930439
0.931615
0.932649
0.932235
0.932994
0.931555
0.931982
0.932027
0.932233
0.932561
0.931215
0.933976
0.933227
0.933838
0.933784
0.933847
0.934286
0.933873
0.933739
0.933282
0.933419
0.933861
0.934103
0.934302
0.933798
0.934170
0.933664
0.933682
0.933325
0.934200
0.933556
0.933554
0.933356
0.933503
0.934240
0.933842
0.933890
0.933861
0.934561
0.934317
0.934232
0.934253
0.934024
0.935025
0.933673
0.932882
0.932065
0.933684
0.934591
0.934527
0.934482
0.934185
0.935100
0.934639
0.934334
0.934232
0.934401
0.934569
0.934360
0.934340
0.934119
0.934982
0.934294
0.934183
0.933995
0.934150
0.934476
0.934148
0.934209
0.934091
0.934587
0.934297
0.934142
0.932639
0.932484
0.932809
0.932171
0.932196
0.934046
0.935085
0.934839
0.934610
0.934342
0.934653
0.935085
0.935094
0.934898
0.934528
0.934933
0.934895
0.934421
0.934515
0.934271
0.935156
0.934550
0.934452
0.934280
0.934684
0.934767
0.934279
0.934237
0.934018
0.934803
0.934345
0.934304
0.934058
0.934155
0.934426
0.933951
0.934176
0.934023
0.935044
0.934633
0.934460
0.934582
0.934559
0.935148
0.934627
0.934497
0.934468
0.935116
0.934845
0.934718
0.934789
0.934796
0.935478
0.934970
0.934775
0.934806
0.935332
0.934995
0.934734
0.934732
0.934691
0.935435
0.934910
0.934787
0.934545
0.934701
0.934872
0.934837
0.933124
0.933239
0.933368
0.932739
0.932640
0.932960
0.934565
0.935399
0.934688
0.934632
0.934345
0.935305
0.934855
0.934848
0.934935
0.934878
0.935166
0.934870
0.934744
0.934713
0.935550
0.935301
0.935065
0.934896
0.934768
0.935596
0.934879
0.934819
0.934719
0.935180
0.934985
0.934821
0.934740
0.934495
0.935134
0.934485
0.934548
0.934367
0.934901
0.934705
0.934464
0.934415
0.934234
0.935177
0.934539
0.934549
0.934691
0.934935
0.935144
0.934895
0.934923
0.934611
0.935242
0.934957
0.934868
0.934873
0.934948
0.935482
0.935005
0.935110
0.934846
0.935949
0.934447
0.934949
0.935031
0.934895
0.935970
0.934676
0.933074
0.933855
0.934010
0.932851
0.932756
0.933065
0.933981
0.935129
0.934770
0.934646
0.934914
0.934692
0.934889
0.934597
0.934800
0.934604
0.935559
0.934926
0.935102
0.935155
0.935395
0.935615
0.935171
0.935148
0.935044
0.935910
0.935534
0.935305
0.935327
0.935491
0.935855
0.935329
0.935796
0.934476
0.935972
0.935649
0.935413
0.935438
0.935680
0.935873
0.935379
0.935230
0.934898
0.935674
0.935194
0.935041
0.935266
0.934972
0.935615
0.935333
0.935261
0.935194
0.935783
0.935721
0.935607
0.935869
0.934873
0.935631
0.935479
0.935467
0.935660
0.935148
0.935720
0.935487
0.935833
0.935547
0.936674
0.934471
0.934715
0.934156
0.933855
0.934225
0.934606
0.935260
0.935372
0.936325
0.935886
0.935699
0.935515
0.935565
0.936072
0.935584
0.935404
0.935307
0.936081
0.936047
0.934825
0.935336
0.935584
0.936328
0.935764
0.935674
0.935555
0.936410
0.936261
0.936030
0.935758
0.935892
0.936466
0.935900
0.936021
0.935954
0.936525
0.936372
0.936096
0.936094
0.935861
0.936683
0.936068
0.936232
0.935642
0.934802
0.936175
0.935926
0.935846
0.935722
0.936325
0.935828
0.935597
0.935565
0.935503
0.936001
0.935585
0.935507
0.935603
0.935873
0.935997
0.935903
0.935765
0.935698
0.936379
0.935982
0.936137
0.936083
0.936105
0.934309
0.934711
0.933909
0.933991
0.935169
0.934718
0.935820
0.936103
0.936657
0.936437
0.935982
0.936036
0.935918
0.936384
0.935986
0.935969
0.935883
0.936223
0.936090
0.935763
0.935717
0.935557
0.936241
0.935759
0.935507
0.935622
0.935650
0.936204
0.935728
0.935847
0.935498
0.936514
0.935927
0.935894
0.935955
0.935965
0.936466
0.936040
0.936060
0.935985
0.936748
0.936314
0.936139
0.936299
0.936061
0.936761
0.936124
0.936015
0.935782
0.936385
0.936060
0.935879
0.936056
0.935708
0.936648
0.935956
0.935687
0.935486
0.935950
0.935921
0.935555
0.935487
0.935308
0.936109
0.935699
0.935519
0.935669
0.934334
0.934861
0.933951
0.933931
0.934129
0.934990
0.935386
0.935560
0.936142
0.934845
0.935937
0.935757
0.936005
0.935839
0.936475
0.936205
0.936023
0.935892
0.935813
0.936227
0.935870
0.935646
0.935568
0.936313
0.936131
0.935575
0.935677
0.935455
0.935924
0.935613
0.935417
0.935329
0.935821
0.935754
0.935317
0.935467
0.935418
0.936130
0.935686
0.935490
0.935494
0.935861
0.935972
0.935769
0.935789
0.935470
0.936396
0.936108
0.935490
0.935771
0.936072
0.936207
0.935802
0.935759
0.935499
0.936328
0.935816
0.935603
0.935597
0.935590
0.936084
0.935719
0.935628
0.935131
0.935841
0.935532
0.935484
0.934646
0.933303
0.934504
0.933182
0.933089
0.933638
0.934960
0.935129
0.934566
0.934928
0.935288
0.936145
0.935795
0.935643
0.935343
0.935669
0.936041
0.934793
0.935198
0.935364
0.936134
0.935606
0.935574
0.935540
0.935465
0.935924
0.935534
0.935386
0.935275
0.935799
0.935295
0.935431
0.935262
0.935174
0.935545
0.935061
0.934966
0.934716
0.935538
0.934996
0.934910
0.934934
0.934746
0.935493
0.935218
0.935298
0.934833
0.935487
0.935308
0.935062
0.935073
0.935090
0.935748
0.935187
0.935037
0.934924
0.935611
0.935432
0.935427
0.934488
0.934893
0.935867
0.935284
0.935181
0.935207
0.935383
0.935730
0.934599
0.933570
0.933777
0.933710
0.933198
0.932368
0.933576
0.934579
0.934966
0.934498
0.934478
0.934249
0.934984
0.934274
0.934429
0.934519
0.934591
0.935352
0.934823
0.934725
0.934531
0.935332
0.934875
0.934640
0.934839
0.934399
0.935231
0.934775
0.934645
0.934572
0.935022
0.934935
0.934603
0.934712
0.934467
0.935157
0.934619
0.934402
0.934761
0.934495
0.935139
0.934544
0.934288
0.934000
0.934780
0.934151
0.934130
0.933998
0.934216
0.934573
0.934256
0.934141
0.933896
0.934843
0.934265
0.934277
0.934173
0.934350
0.934884
0.934615
0.934420
0.934250
0.935087
0.934633
0.934590
0.934510
0.934525
0.935463
0.933353
0.933280
0.933246
0.933957
0.933751
0.933464
0.933790
0.933338
0.934331
0.933732
0.933587
0.933366
0.933685
0.933523
0.933292
0.933229
0.933115
0.933880
0.933376
0.933030
0.933039
0.933363
0.933552
0.933617
0.933437
0.933338
0.934225
0.933779
0.933724
0.932945
0.933304
0.934232
0.932959
0.933070
0.933471
0.934649
0.934111
0.933828
0.933785
0.933820
0.934450
0.933945
0.933700
0.933490
0.934152
0.933782
0.933874
0.933717
0.933680
0.934137
0.933681
0.933495
0.933461
0.933950
0.933845
0.933632
0.933715
0.933118
0.934114
0.933591
0.933580
0.933624
0.933793
0.934151
0.933881
0.933816
0.933722
0.934384
0.933976
0.934017
0.933481
0.933995
0.934513
0.934290
0.934148
0.933998
0.934683
0.934214
0.934061
0.933962
0.933916
0.934902
0.933360
0.933928
0.933813
0.934529
0.934050
0.933778
0.933789
0.933741
0.934369
0.933588
0.933437
0.933488
0.933960
0.933865
0.932891
0.933719
0.933913
0.934607
0.934023
0.933910
0.934005
0.934464
0.934312
0.933980
0.934008
0.933718
0.934482
0.934015
0.933984
0.934137
0.934246
0.934557
0.934278
0.934052
0.933851
0.934787
0.934290
0.933945
0.933805
0.934023
0.934645
0.934107
0.933926
0.933366
0.934326
0.933936
0.933342
0.933658
0.932791
0.931079
0.931762
0.930936
0.930588
0.930801
0.932083
0.932887
0.933018
0.933102
0.934205
0.933579
0.932997
0.932814
0.933717
0.933440
0.933942
0.934166
0.933827
0.934601
0.933974
0.934041
0.933844
0.934030
0.934219
0.933793
0.934141
0.933009
0.934386
0.933437
0.933223
0.933160
0.933436
0.933834
0.933195
0.933053
0.932941
0.933757
0.933549
0.932024
0.932678
0.932626
0.933604
0.933446
0.933129
0.933651
0.933202
0.933703
0.933650
0.932356
0.931785
0.932220
0.932427
0.931829
0.931793
0.932387
0.932135
0.932276
0.932164
0.931975
0.933277
0.932518
0.933170
0.933363
0.933821
0.933317
0.933386
0.933488
0.933314
0.933912
0.933335
0.932946
0.933123
0.932672
0.932425
0.932969
0.932128
0.931669
0.932911
0.932540
0.931602
0.931357
0.932258
0.933089
0.933865
0.933640
0.933813
0.934819
0.934411
0.933938
0.934286
0.933927
0.935130
0.934586
0.934338
0.933979
0.934756
0.934337
0.934173
0.934001
0.933781
0.934911
0.933044
0.933648
0.933829
0.933976
0.934151
0.933454
0.932837
0.931478
0.932270
0.933473
0.933676
0.933530
0.933305
0.933800
0.933508
0.933681
0.933352
0.934240
0.933690
0.933629
0.933725
0.933704
0.934126
0.933574
0.933724
0.933463
0.934398
0.933892
0.933753
0.933765
0.933696
0.934202
0.933791
0.933738
0.933677
0.934248
0.934014
0.933703
0.933736
0.933918
0.933645
0.931687
0.931976
0.931112
0.931635
0.932778
0.933298
0.933491
0.933479
0.934333
0.932876
0.933349
0.933605
0.934097
0.933916
0.933524
0.933885
0.932878
0.933434
0.932354
0.933410
0.933736
0.933798
0.933728
0.933638
0.933819
0.933678
0.934853
0.934142
0.934038
0.933957
0.933962
0.934445
0.933961
0.933928
0.933114
0.934314
0.934231
0.933940
0.933728
0.933555
0.934042
0.933565
0.933525
0.933326
0.933968
0.933738
0.933558
0.933568
0.933552
0.934243
0.933761
0.933743
0.933739
0.934098
0.934355
0.934058
0.933968
0.933651
0.934675
0.933781
0.933769
0.934091
0.934151
0.934895
0.933287
0.933036
0.932165
0.932796
0.932369
0.932156
0.931264
0.932978
0.934594
0.933791
0.934207
0.933725
0.934217
0.933680
0.933443
0.933515
0.933399
0.934085
0.933510
0.933574
0.933130
0.933966
0.933660
0.933434
0.933400
0.933390
0.934147
0.933748
0.933592
0.933563
0.934048
0.933889
0.933686
0.933570
0.933459
0.934371
0.933818
0.933653
0.933539
0.933847
0.934063
0.933878
0.933837
0.932644
0.933805
0.933427
0.933462
0.933402
0.933360
0.933785
0.933297
0.933226
0.932811
0.933646
0.933123
0.933071
0.933000
0.932854
0.933537
0.933064
0.933155
0.932986
0.933800
0.933374
0.933337
0.933468
0.933311
0.933899
0.933360
0.932608
0.932710
0.932167
0.932090
0.931541
0.931872
0.931679
0.933832
0.933524
0.933475
0.933163
0.933613
0.933631
0.932919
0.932962
0.932966
0.933798
0.933211
0.933022
0.932845
0.933017
0.933274
0.932898
0.932723
0.932655
0.933723
0.932550
0.932735
0.932835
0.932745
0.933306
0.932790
0.932993
0.932859
0.933586
0.933121
0.932959
0.933031
0.932882
0.933671
0.932811
0.933087
0.932777
0.933596
0.933354
0.933166
0.932915
0.932803
0.933439
0.932907
0.933022
0.932369
0.933031
0.933076
0.932900
0.932108
0.931364
0.931508
0.930737
0.932295
0.932360
0.932440
0.932617
0.932135
0.932523
0.931716
0.933067
0.932703
0.932807
0.931482
0.930650
0.931544
0.930309
0.930520
0.930346
0.933139
0.932201
0.932578
0.932305
0.932466
0.933125
0.932722
0.932649
0.932354
0.933051
0.932758
0.932567
0.932347
0.932184
0.932794
0.932420
0.932264
0.932002
0.932322
0.932181
0.931803
0.931918
0.931719
0.932344
0.931659
0.931773
0.931661
0.932068
0.932035
0.931653
0.931735
0.931641
0.932372
0.931877
0.931634
0.931787
0.931931
0.932370
0.931852
0.931920
0.931594
0.932503
0.931825
0.931737
0.931733
0.931752
0.932276
0.931624
0.931554
0.931276
0.932300
0.931443
0.931400
0.931425
0.931698
0.932036
0.931291
0.931114
0.931036
0.931506
0.931281
0.931405
0.930324
0.929033
0.929765
0.929044
0.929001
0.930300
0.931432
0.931657
0.931497
0.931414
0.931318
0.931959
0.931440
0.931354
0.931278
0.931480
0.931896
0.931638
0.931574
0.931342
0.932257
0.931777
0.931609
0.931730
0.931262
0.931969
0.931388
0.931442
0.931329
0.931973
0.931458
0.931234
0.931047
0.931147
0.931618
0.931171
0.931170
0.930917
0.931776
0.930990
0.931128
0.931054
0.930921
0.931835
0.931458
0.931388
0.931187
0.931769
0.931849
0.931498
0.931515
0.931115
0.932316
0.931402
0.931816
0.931721
0.931759
0.932029
0.931721
0.931558
0.931287
0.932194
0.931593
0.931485
0.931422
0.931295
0.931986
0.931659
0.930094
0.928711
0.929658
0.929700
0.929359
0.929459
0.930114
0.931466
0.930963
0.931131
0.931100
0.931863
0.931578
0.931410
0.931547
0.931545
0.932288
0.931769
0.931489
0.931366
0.931979
0.931749
0.931456
0.931524
0.931422
0.932189
0.931625
0.931546
0.931365
0.931730
0.931723
0.931448
0.931375
0.931125
0.932047
0.931574
0.931457
0.931175
0.931118
0.931205
0.931086
0.931209
0.930035
0.931243
0.931212
0.931089
0.930969
0.930929
0.931673
0.931537
0.931153
0.930886
0.931774
0.931353
0.931324
0.931222
0.931137
0.931770
0.931304
0.931188
0.931016
0.931587
0.931329
0.931154
0.931023
0.930917
0.931590
0.931318
0.930444
0.928774
0.929455
0.928575
0.929613
0.929285
0.929750
0.930953
0.930250
0.930181
0.930091
0.930322
0.930448
0.930004
0.930051
0.929757
0.930119
0.929886
0.929916
0.929956
0.929953
0.930685
0.929946
0.929993
0.929834
0.930445
0.930056
0.929832
0.929747
0.929840
0.930352
0.929873
0.929901
0.929648
0.930495
0.929891
0.929952
0.929694
0.929488
0.930174
0.929741
0.929732
0.929253
0.930115
0.930041
0.929227
0.929226
0.928976
0.929667
0.929269
0.929081
0.928990
0.929382
0.929496
0.929186
0.929102
0.928854
0.929686
0.929376
0.929369
0.929327
0.929448
0.930077
0.929682
0.929590
0.929375
0.930285
0.930224
0.929201
0.928268
0.928062
0.928757
0.928296
0.929106
0.929776
0.930728
0.930113
0.930079
0.929967
0.930300
0.931036
0.930432
0.930250
0.930035
0.930761
0.930513
0.930355
0.930208
0.930167
0.931041
0.930746
0.930638
0.930478
0.930969
0.930994
0.931084
0.930996
0.931005
0.931706
0.931348
0.931340
0.931330
0.931913
0.930512
0.930933
0.931796
0.931882
0.932410
0.931880
0.931945
0.931992
0.931867
0.932344
0.931931
0.931820
0.931453
0.932178
0.932144
0.932010
0.931849
0.931731
0.932240
0.931702
0.931719
0.931498
0.932254
0.931994
0.931930
0.931433
0.931512
0.932348
0.931697
0.931795
0.931664
0.932274
0.932422
0.931396
0.931052
0.930732
0.931557
0.931289
0.931004
0.931463
0.931710
0.932053
0.931706
0.931495
0.931348
0.932003
0.931489
0.931480
0.931416
0.931883
0.931270
0.931572
0.931469
0.931163
0.931973
0.931446
0.931289
0.931364
0.931308
0.931927
0.931518
0.931315
0.931194
0.931591
0.931667
0.931805
0.931835
0.931648
0.932409
0.931960
0.931826
0.931839
0.932105
0.931981
0.932152
0.931553
0.931709
0.932512
0.932079
0.931995
0.931944
0.932412
0.932423
0.932108
0.932220
0.931926
0.932683
0.931978
0.931927
0.932141
0.932234
0.932549
0.931898
0.931783
0.931689
0.932429
0.931990
0.931813
0.931760
0.932062
0.932457
0.932048
0.931985
0.931788
0.932558
0.932096
0.931983
0.932212
0.932007
0.932773
0.932276
0.932270
0.931887
0.932472
0.932481
0.932440
0.932249
0.932109
0.932618
0.932349
0.932119
0.932032
0.932344
0.932286
0.932245
0.931585
0.931687
0.932721
0.932052
0.931686
0.931482
0.931643
0.931863
0.931300
0.931394
0.931190
0.931935
0.931267
0.931258
0.931128
0.931183
0.931772
0.931487
0.931589
0.931328
0.932130
0.931801
0.931513
0.931410
0.931618
0.931576
0.931315
0.931581
0.931377
0.932128
0.931635
0.931555
0.931426
0.931504
0.931750
0.931069
0.931425
0.929495
0.929201
0.928430
0.928066
0.927748
0.927725
0.930180
0.930073
0.929495
0.930530
0.930223
0.930312
0.929844
0.929692
0.929704
0.932085
0.931817
0.931715
0.931718
0.931914
0.932312
0.931835
0.931931
0.931658
0.932578
0.931816
0.931695
0.931496
0.932253
0.932688
0.931980
0.931743
0.931531
0.932441
0.931920
0.931724
0.931632
0.931936
0.931625
0.931627
0.931668
0.931468
0.931926
0.931759
0.931398
0.931426
0.930980
0.931766
0.931414
0.931367
0.930863
0.931142
0.931284
0.931429
0.931398
0.931278
0.932080
0.931623
0.931808
0.931740
0.931507
0.931769
0.931498
0.931578
0.931351
0.932097
0.931684
0.931551
0.931447
0.931320
0.931894
0.931261
0.931520
0.930473
0.931721
0.931556
0.930480
0.929485
0.929517
0.929742
0.929068
0.930007
0.929880
0.931399
0.930992
0.930549
0.930603
0.930727
0.930745
0.930663
0.930758
0.930828
0.930955
0.931080
0.930734
0.930604
0.930620
0.931436
0.931029
0.930837
0.930570
0.931028
0.931029
0.931040
0.930924
0.930668
0.931559
0.930914
0.931112
0.930451
0.930408
0.931228
0.930620
0.930498
0.930679
0.931211
0.930723
0.930318
0.930179
0.930299
0.930621
0.930049
0.929917
0.929511
0.930729
0.930011
0.929969
0.929843
0.929611
0.930625
0.930100
0.929808
0.929955
0.930271
0.930356
0.930073
0.929659
0.929683
0.930222
0.929765
0.930014
0.929563
0.930029
0.930207
0.928196
0.928304
0.927512
0.928020
0.928741
0.929065
0.929052
0.929590
0.929386
0.929930
0.929341
0.928842
0.929712
0.928837
0.929001
0.928773
0.928559
0.929433
0.928763
0.928811
0.928642
0.929092
0.928991
0.928718
0.928530
0.928845
0.929213
0.929180
0.928978
0.928503
0.929443
0.928891
0.928760
0.928793
0.928473
0.929691
0.928884
0.928717
0.928832
0.928805
0.929112
0.928625
0.928648
0.927914
0.928934
0.928720
0.928786
0.928314
0.928688
0.928693
0.928123
0.928419
0.927926
0.928985
0.928520
0.928169
0.928463
0.928110
0.928843
0.928400
0.928311
0.928621
0.929217
0.928728
0.928847
0.928531
0.928831
0.927971
0.926626
0.926927
0.926713
0.927423
0.927096
0.927933
0.928872
0.928544
0.929202
0.928612
0.928423
0.928642
0.929103
0.928509
0.928330
0.928262
0.928335
0.928915
0.928253
0.928236
0.928206
0.928245
0.928563
0.927922
0.927879
0.927852
0.928022
0.928010
0.927942
0.928000
0.927815
0.928262
0.927929
0.927774
0.927601
0.928192
0.927774
0.927970
0.927834
0.927552
0.928161
0.927278
0.927458
0.926943
0.927355
0.927089
0.926633
0.926500
0.926313
0.926539
0.925924
0.924697
0.925123
0.926106
0.925867
0.925467
0.925292
0.925233
0.925441
0.924723
0.924653
0.924430
0.925289
0.925636
0.925481
0.925372
0.925039
0.923801
0.923378
0.922670
0.923815
0.924204
0.923096
0.924482
0.925284
0.924726
0.924799
0.924664
0.924637
0.924585
0.924895
0.925577
0.925029
0.924755
0.924220
0.924656
0.924358
0.923420
0.922894
0.922446
0.922673
0.923546
0.923403
0.922636
0.923126
0.922834
0.922089
0.921890
0.921795
0.922533
0.921950
0.921021
0.920879
0.921123
0.920906
0.919864
0.919266
0.918673
0.918902
0.917106
0.916293
0.916014
0.916100
0.915264
0.914909
0.914489
0.914065
0.914245
0.913337
0.913104
0.913261
0.913467
0.914711
0.915281
0.915654
0.916571
0.917643
0.917809
0.918165
0.918012
0.918091
0.918694
0.917833
0.918372
0.918687
0.919838
0.919595
0.919513
0.919744
0.919669
0.920483
0.920032
0.920880
0.920609
0.921404
0.920645
0.922119
0.922344
0.922207
0.923725
0.922667
0.921987
0.922237
0.922625
0.923058
0.922287
0.922747
0.922592
0.923394
0.923014
0.922472
0.922361
0.924018
0.923862
0.924109
0.924574
0.923077
0.924168
0.923914
0.924137
0.924413
0.923887
0.923507
0.924204
0.924297
0.924288
0.924774
0.923796
0.923852
0.923751
0.922666
0.923767
0.923992
0.924081
0.924093
0.924574
0.924506
0.924370
0.923861
0.923761
0.924247
0.924637
0.924527
0.924029
0.924262
0.924531
0.924367
0.924021
0.923823
0.924696
0.924543
0.923912
0.923778
0.923714
0.924271
0.923628
0.923731
0.923522
0.924419
0.923795
0.923530
0.923544
0.923778
0.924214
0.923678
0.923815
0.923820
0.924801
0.924246
0.924064
0.924305
0.924610
0.924860
0.924230
0.924054
0.924382
0.924690
0.924515
0.924432
0.924507
0.924217
0.924965
0.924403
0.924090
0.924081
0.924382
0.924268
0.924066
0.923914
0.923405
0.924444
0.923743
0.923594
0.923369
0.923422
0.923440
0.923336
0.923077
0.922911
0.923556
0.923136
0.922878
0.922954
0.923190
0.923595
0.923339
0.923192
0.922829
0.923705
0.923218
0.923135
0.922939
0.922930
0.923567
0.922872
0.922732
0.922816
0.923375
0.923210
0.922849
0.922954
0.922766
0.923574
0.922675
0.922646
0.922408
0.922545
0.922841
0.922393
0.922203
0.922179
0.922642
0.922025
0.921876
0.921842
0.922230
0.922024
0.921949
0.921832
0.921903
0.922605
0.921917
0.922012
0.922210
0.922313
0.922573
0.922242
0.922265
0.922062
0.922787
0.922676
0.921856
0.922288
0.922413
0.922894
0.922287
0.922210
0.921993
0.922154
0.920330
0.919634
0.919686
0.919537
0.920373
0.920227
0.921196
0.921351
0.922606
0.921668
0.920330
0.920272
0.920313
0.921538
0.920334
0.920513
0.920376
0.920892
0.921679
0.921760
0.921730
0.921518
0.922324
0.922170
0.922019
0.922170
0.922415
0.922590
0.922308
0.922252
0.921515
0.922755
0.922403
0.922356
0.922362
0.922356
0.922943
0.922413
0.922433
0.921988
0.922812
0.922581
0.922359
0.921350
0.921902
0.922610
0.921395
0.921959
0.921606
0.922670
0.921879
0.922084
0.922373
0.922185
0.922679
0.922123
0.922282
0.922231
0.922676
0.923182
0.922446
0.922756
0.922631
0.923572
0.922877
0.922911
0.922866
0.922993
0.923292
0.923091
0.923597
0.922831
0.923511
0.922724
0.922501
0.922387
0.922372
0.922879
0.922601
0.922377
0.922380
0.923268
0.922509
0.922557
0.922661
0.922722
0.923337
0.922656
0.922664
0.922517
0.922946
0.923249
0.923218
0.922945
0.923769
0.924447
0.923864
0.923979
0.923741
0.924707
0.924501
0.924127
0.923996
0.924010
0.924852
0.923685
0.923963
0.924030
0.924640
0.924421
0.924182
0.924053
0.923985
0.924803
0.924084
0.924063
0.924508
0.923617
0.924524
0.924103
0.924186
0.923983
0.924658
0.924198
0.924077
0.924172
0.924171
0.924798
0.924209
0.924118
0.924115
0.924765
0.924502
0.924501
0.924510
0.924331
0.925127
0.924586
0.924535
0.924311
0.925016
0.925064
0.924229
0.924374
0.924427
0.925233
0.924681
0.924815
0.924705
0.924988
0.924902
0.924524
0.924588
0.924370
0.924727
0.924423
0.924687
0.924595
0.924430
0.924083
0.924233
0.922604
0.921233
0.921866
0.921401
0.920890
0.921530
0.922621
0.923542
0.922906
0.924063
0.922985
0.923669
0.922869
0.922436
0.924290
0.924609
0.925316
0.924781
0.924543
0.924063
0.925122
0.924911
0.924810
0.924838
0.924622
0.925067
0.924763
0.924661
0.924541
0.924963
0.925143
0.924006
0.924545
0.924504
0.925502
0.924518
0.924127
0.924177
0.924689
0.924888
0.924538
0.924417
0.924123
0.925187
0.924219
0.924561
0.924783
0.924764
0.925537
0.924990
0.925063
0.924965
0.925761
0.925047
0.925031
0.925524
0.924619
0.925536
0.925000
0.925124
0.924993
0.925804
0.925393
0.925345
0.925190
0.925019
0.925631
0.924948
0.924662
0.924490
0.925217
0.925213
0.925017
0.925004
0.924621
0.925057
0.924282
0.922869
0.922779
0.922847
0.923055
0.922949
0.924320
0.924602
0.925108
0.924408
0.924560
0.924493
0.925574
0.926231
0.925901
0.925633
0.925015
0.925368
0.924903
0.924888
0.926009
0.926732
0.926964
0.926618
0.926016
0.925117
0.925491
0.925160
0.925736
0.927148
0.925571
0.926657
0.926175
0.925242
0.924324
0.924814
0.925441
0.925866
0.925819
0.925584
0.926183
0.925096
0.924186
0.923908
0.925388
0.925764
0.925660
0.925733
0.925694
0.926374
0.925440
0.925198
0.925453
0.925889
0.926365
0.926109
0.926015
0.925673
0.926129
0.925235
0.925357
0.925555
0.925485
0.925905
0.925304
0.925177
0.924583
0.924988
0.924208
0.923190
0.922686
0.922089
0.923176
0.922607
0.922843
0.923162
0.923656
0.923533
0.923410
0.923919
0.922856
0.923932
0.923406
0.923733
0.923264
0.924165
0.924041
0.924137
0.924434
0.924238
0.924931
0.924557
0.924680
0.924749
0.925410
0.925719
0.925852
0.926014
0.925805
0.926542
0.926454
0.926410
0.926535
0.926806
0.927356
0.926957
0.926899
0.926481
0.927551
0.927121
0.926791
0.926858
0.927050
0.927594
0.927225
0.927218
0.925856
0.927615
0.926827
0.927199
0.927389
0.927408
0.928206
0.927815
0.927748
0.927628
0.928182
0.927708
0.927665
0.928260
0.927237
0.928349
0.927987
0.927694
0.927726
0.928420
0.927472
0.925939
0.925980
0.924929
0.927343
0.927676
0.926959
0.927258
0.927105
0.927978
0.927477
0.927146
0.926713
0.927545
0.927315
0.927143
0.927139
0.927297
0.928001
0.927168
0.927572
0.927323
0.928229
0.927650
0.927671
0.927973
0.927940
0.928701
0.928269
0.928077
0.927899
0.928504
0.928134
0.928273
0.928444
0.928265
0.929131
0.928473
0.928501
0.928416
0.929008
0.928832
0.928559
0.928667
0.929006
0.928869
0.928690
0.928981
0.928530
0.929084
0.929177
0.928874
0.929059
0.928819
0.929727
0.929187
0.929165
0.929006
0.929463
0.929700
0.929687
0.929700
0.929620
0.930696
0.930260
0.930257
0.930114
0.930056
0.929604
0.928514
0.929115
0.928308
0.929670
0.928975
0.930352
0.930607
0.930398
0.931171
0.930831
0.930651
0.930621
0.931014
0.930539
0.930491
0.930620
0.930220
0.931253
0.929410
0.930231
0.930570
0.930877
0.930828
0.930591
0.930824
0.929242
0.930934
0.930862
0.930969
0.930131
0.930737
0.931259
0.931212
0.931185
0.930911
0.931636
0.931386
0.931030
0.931054
0.931242
0.931703
0.931392
0.931380
0.931190
0.931976
0.931547
0.931371
0.931448
0.931379
0.932294
0.930956
0.931289
0.931330
0.932022
0.931496
0.931301
0.931122
0.931114
0.931885
0.931368
0.931184
0.931106
0.931620
0.931458
0.931096
0.931855
0.931088
0.930272
0.930055
0.930327
0.929988
0.930250
0.931381
0.931593
0.932170
0.930737
0.932050
0.931914
0.932122
0.932015
0.932075
0.932235
0.931849
0.931859
0.931682
0.932484
0.931955
0.931527
0.931505
0.931710
0.932166
0.931735
0.931362
0.931298
0.932033
0.931739
0.931453
0.931373
0.931168
0.932032
0.931523
0.931450
0.931367
0.932104
0.931818
0.931603
0.931513
0.931370
0.932240
0.931920
0.931936
0.931822
0.932261
0.932311
0.932000
0.932046
0.931810
0.932613
0.932086
0.932099
0.932168
0.932239
0.932536
0.931929
0.932256
0.931925
0.932949
0.931979
0.932235
0.931949
0.931823
0.932480
0.931794
0.932075
0.930650
0.930582
0.930073
0.929933
0.930191
0.930133
0.932370
0.932162
0.932197
0.931795
0.932632
0.932072
0.932245
0.932250
0.931980
0.933019
0.931648
0.932162
0.932205
0.932675
0.932322
0.932354
0.932323
0.932156
0.932987
0.932272
0.932117
0.932091
0.932384
0.932533
0.932088
0.931893
0.932021
0.932616
0.931883
0.931859
0.931574
0.931841
0.932192
0.931705
0.931872
0.931410
0.932333
0.932091
0.931709
0.931737
0.931687
0.932294
0.932165
0.932173
0.931821
0.932559
0.932073
0.932527
0.930951
0.931466
0.933093
0.932641
0.932501
0.932412
0.932831
0.932699
0.932264
0.932366
0.932267
0.933095
0.932068
0.932738
0.931520
0.930799
0.930690
0.929760
0.930138
0.931315
0.932756
0.932360
0.932136
0.932164
0.932092
0.932172
0.932246
0.932247
0.932162
0.933267
0.932541
0.932690
0.932689
0.932680
0.933006
0.932349
0.932640
0.932564
0.933394
0.932853
0.932758
0.932755
0.932869
0.933299
0.932811
0.932782
0.932480
0.933211
0.932913
0.932578
0.932621
0.932461
0.933264
0.932646
0.932414
0.932246
0.932443
0.932516
0.932304
0.932282
0.932025
0.932857
0.932091
0.932306
0.932049
0.932519
0.932707
0.932147
0.932187
0.932277
0.932921
0.932422
0.932180
0.932164
0.932220
0.932645
0.932252
0.932593
0.931246
0.930901
0.930683
0.930258
0.929801
0.930320
0.931056
0.931299
0.931291
0.930660
0.931664
0.930848
0.930496
0.930345
0.929834
0.930173
0.930519
0.930192
0.929713
0.930863
0.930499
0.930438
0.930710
0.930645
0.931740
0.930585
0.930499
0.930118
0.930901
0.931225
0.931183
0.930924
0.930867
0.931827
0.930510
0.930906
0.930811
0.930805
0.931304
0.930876
0.931644
0.931230
0.932134
0.931554
0.931585
0.931516
0.931467
0.931236
0.931175
0.931661
0.931345
0.931613
0.931269
0.931010
0.931042
0.931143
0.931873
0.931429
0.931644
0.930563
0.931661
0.931609
0.931636
0.931715
0.931531
0.932617
0.932130
0.932132
0.931833
0.931306
0.931280
0.931050
0.930843
0.931289
0.932205
0.931727
0.931509
0.931462
0.931773
0.932022
0.931570
0.931503
0.931339
0.932590
0.931125
0.931267
0.931542
0.931399
0.931757
0.931304
0.931050
0.930947
0.931533
0.931104
0.931023
0.931070
0.930779
0.931832
0.930911
0.931097
0.930929
0.931830
0.931699
0.931430
0.931534
0.931501
0.931912
0.931521
0.931870
0.930719
0.931928
0.931890
0.931921
0.931917
0.931701
0.932344
0.931918
0.931666
0.931748
0.931920
0.932159
0.931864
0.931621
0.931832
0.932444
0.931740
0.931409
0.931527
0.931613
0.931444
0.931568
0.931589
0.931315
0.932463
0.931103
0.931377
0.931551
0.931476
0.932260
0.931817
0.931818
0.931750
0.932488
0.932145
0.931919
0.932180
0.932069
0.932846
0.932326
0.932392
0.932226
0.932657
0.932584
0.932371
0.932442
0.932095
0.933027
0.932413
0.932378
0.931962
0.932533
0.932757
0.932387
0.932183
0.931786
0.932749
0.932040
0.931982
0.932041
0.932139
0.932606
0.932342
0.931838
0.931908
0.932937
0.932574
0.932609
0.932534
0.932677
0.933245
0.932929
0.932701
0.932477
0.933470
0.932636
0.932888
0.933040
0.932962
0.933712
0.933020
0.933071
0.932942
0.933554
0.933343
0.933123
0.933308
0.932752
0.933448
0.933405
0.931027
0.930219
0.930510
0.930510
0.930452
0.930414
0.931835
0.932797
0.932357
0.932884
0.932177
0.932469
0.932910
0.932338
0.932274
0.932684
0.933582
0.933347
0.933164
0.933281
0.933203
0.933692
0.933477
0.932865
0.932739
0.933729
0.933275
0.933393
0.932971
0.932706
0.933419
0.932788
0.932729
0.933002
0.933473
0.932317
0.932423
0.933036
0.931963
0.933207
0.931736
0.931965
0.931619
0.932259
0.933168
0.931171
0.931931
0.931630
0.931307
0.931551
0.931215
0.930800
0.931388
0.931494
0.931740
0.931813
0.931184
0.931712
0.931371
0.932392
0.932084
0.931217
0.931631
0.931674
0.931237
0.931801
0.932130
0.931431
0.931608
0.931213
0.931602
0.932168
0.931677
0.931792
0.931285
0.931191
0.931645
0.931148
0.930626
0.930394
0.931721
0.930755
0.931169
0.930861
0.933423
0.931776
0.933105
0.933240
0.932747
0.933707
0.932981
0.933281
0.933377
0.933440
0.933766
0.933377
0.933525
0.933330
0.933831
0.933336
0.933920
0.933611
0.933367
0.932642
0.931512
0.933462
0.933288
0.934414
0.934011
0.934030
0.933111
0.933484
0.934079
0.933815
0.933489
0.933206
0.934184
0.933477
0.933707
0.933574
0.933500
0.934144
0.933488
0.933635
0.933536
0.934277
0.934135
0.933972
0.933969
0.934020
0.934834
0.934424
0.934209
0.933948
0.934857
0.934314
0.934566
0.934566
0.934367
0.935099
0.934790
0.934426
0.933648
0.932647
0.933624
0.934704
0.933002
0.932398
0.934153
0.933257
0.932525
0.932679
0.933449
0.934585
0.934221
0.934205
0.933937
0.934887
0.934526
0.934617
0.933806
0.934209
0.935034
0.934958
0.934629
0.934317
0.935091
0.934854
0.934891
0.934756
0.934603
0.935311
0.934883
0.934777
0.934603
0.935283
0.935051
0.934989
0.935004
0.934802
0.935419
0.934992
0.934828
0.934658
0.935142
0.934865
0.934784
0.934771
0.934445
0.935146
0.934651
0.934510
0.934496
0.934548
0.935047
0.934503
0.934629
0.934356
0.935318
0.934840
0.934584
0.934783
0.934784
0.935441
0.934954
0.935015
0.935041
0.935439
0.935140
0.934993
0.935460
0.933739
0.933974
0.933666
0.933253
0.932211
0.935009
0.935443
0.935212
0.935084
0.934951
0.935581
0.934860
0.935183
0.934744
0.935531
0.935249
0.934864
0.934657
0.934523
0.935305
0.934827
0.934737
0.934880
0.935205
0.934768
0.934686
0.934879
0.934542
0.935418
0.935006
0.934991
0.935097
0.935112
0.935700
0.935239
0.935118
0.934908
0.935689
0.935253
0.935425
0.935317
0.935169
0.935842
0.935435
0.935479
0.934970
0.935703
0.935376
0.935460
0.934818
0.935218
0.935341
0.935037
0.935073
0.934907
0.935408
0.935245
0.934900
0.935060
0.934921
0.935591
0.934995
0.935054
0.934841
0.935326
0.935557
0.935668
0.934169
0.934044
0.934309
0.933952
0.933634
0.934386
0.935639
0.935335
0.935444
0.935754
0.935927
0.936349
0.935905
0.935814
0.935771
0.935668
0.936263
0.935730
0.935705
0.935419
0.936109
0.935802
0.935667
0.935494
0.935392
0.936087
0.935603
0.935795
0.934482
0.935932
0.935879
0.935954
0.935050
0.935317
0.936325
0.935933
0.936135
0.935898
0.936345
0.936498
0.936422
0.936301
0.936036
0.936992
0.936374
0.935948
0.936482
0.936576
0.937015
0.936577
0.936484
0.936217
0.937132
0.936345
0.936276
0.936225
0.936416
0.936360
0.935892
0.936128
0.935610
0.936334
0.935848
0.935755
0.935456
0.935386
0.936112
0.934216
0.934511
0.933647
0.934006
0.934063
0.934198
0.935742
0.935667
0.936314
0.935802
0.935795
0.935716
0.935982
0.935940
0.936142
0.935021
0.935315
0.936494
0.935942
0.935925
0.935921
0.936170
0.936306
0.935877
0.935891
0.935526
0.936336
0.935966
0.935823
0.935644
0.935584
0.935805
0.935467
0.935241
0.935017
0.935743
0.935294
0.935210
0.934967
0.935237
0.935583
0.935139
0.935259
0.935048
0.935830
0.935423
0.935241
0.935215
0.935166
0.935993
0.935410
0.935280
0.935107
0.935770
0.935524
0.935440
0.935414
0.935088
0.936036
0.935491
0.935338
0.935315
0.935481
0.935574
0.935244
0.935095
0.935019
0.936069
0.935283
0.934893
0.934779
0.933293
0.934211
0.932944
0.932843
0.932770
0.934463
0.934778
0.934843
0.934635
0.934809
0.935451
0.935048
0.935242
0.934972
0.935797
0.935451
0.935257
0.935059
0.935175
0.935665
0.935496
0.935320
0.935220
0.935812
0.935534
0.935299
0.935349
0.935186
0.935808
0.935143
0.935199
0.935162
0.935490
0.935494
0.935050
0.935088
0.934670
0.935506
0.934857
0.934713
0.934733
0.935049
0.935183
0.934785
0.934684
0.934601
0.935484
0.935037
0.934790
0.934857
0.934919
0.935563
0.935240
0.935097
0.934783
0.935527
0.935002
0.935286
0.934920
0.935085
0.935849
0.935077
0.935096
0.934976
0.935909
0.934602
0.935014
0.933313
0.933628
0.933549
0.932693
0.933323
0.933119
0.934793
0.934957
0.934652
0.934678
0.934541
0.935290
0.934845
0.934652
0.934350
0.934535
0.935056
0.934767
0.934843
0.934575
0.935402
0.935170
0.935095
0.935155
0.934882
0.935138
0.935083
0.934684
0.934767
0.935634
0.935085
0.934754
0.934983
0.934982
0.935463
0.934872
0.934222
0.934255
0.935524
0.934156
0.934415
0.934092
0.934229
0.935067
0.934552
0.934365
0.933498
0.934061
0.934380
0.934384
0.934325
0.933725
0.934020
0.934044
0.934529
0.934822
0.934445
0.933927
0.933993
0.934489
0.934573
0.935051
0.933890
0.934065
0.934298
0.935220
0.934442
0.932211
0.932972
0.931903
0.933984
0.933142
0.933944
0.934171
0.934241
0.934905
0.934681
0.933980
0.933793
0.934794
0.934241
0.934289
0.933900
0.933565
0.934401
0.933771
0.934046
0.933642
0.934131
0.933989
0.933833
0.933884
0.934061
0.934408
0.934209
0.934171
0.934187
0.934728
0.934637
0.934216
0.934289
0.934209
0.934987
0.934432
0.934470
0.934535
0.934721
0.935184
0.934616
0.934505
0.934362
0.935134
0.934625
0.934653
0.934363
0.934718
0.934663
0.934542
0.934664
0.934012
0.934734
0.934244
0.934148
0.934029
0.933986
0.934563
0.934082
0.933962
0.933865
0.934495
0.934142
0.933875
0.934258
0.933397
0.932998
0.932772
0.931702
0.931853
0.933222
0.933761
0.933681
0.933603
0.933462
0.934415
0.933838
0.933639
0.933364
0.933526
0.933693
0.933390
0.933247
0.933016
0.933189
0.933220
0.932580
0.932478
0.932693
0.932636
0.932471
0.932427
0.932102
0.932799
0.932207
0.932056
0.932156
0.932007
0.932554
0.932109
0.931965
0.932118
0.932887
0.932382
0.932209
0.932060
0.932159
0.932875
0.932388
0.932056
0.932065
0.932933
0.933142
0.932489
0.932465
0.932207
0.933366
0.933021
0.932701
0.932492
0.932927
0.933096
0.933307
0.932849
0.932603
0.933471
0.932776
0.933167
0.933157
0.933132
0.933407
0.933023
0.931990
0.932018
0.932325
0.932097
0.932459
0.932807
0.933051
0.933405
0.933096
0.933098
0.932989
0.934026
0.933430
0.933320
0.933180
0.933060
0.934233
0.933811
0.933608
0.933432
0.934181
0.934117
0.934196
0.933836
0.933827
0.934397
0.934406
0.934023
0.934228
0.934504
0.934370
0.934157
0.934342
0.934198
0.934712
0.934295
0.934066
0.934498
0.934629
0.934887
0.933952
0.934166
0.934553
0.935791
0.934958
0.934877
0.934942
0.935144
0.935883
0.935355
0.935010
0.935132
0.935371
0.935767
0.935916
0.935470
0.935467
0.935929
0.935895
0.935934
0.935420
0.936000
0.935861
0.935574
0.935980
0.935687
0.936109
0.935679
0.935369
0.935655
0.936226
0.935615
0.935574
0.935397
0.935770
0.936506
0.935975
0.935339
0.935576
0.936291
0.936662
0.936107
0.936221
0.936168
0.936823
0.936703
0.936580
0.936309
0.936775
0.936872
0.936848
0.936788
0.936537
0.937467
0.936851
0.936956
0.937096
0.936969
0.937453
0.937018
0.936986
0.936869
0.937606
0.937166
0.937126
0.937191
0.936792
0.937403
0.936769
0.936856
0.936633
0.937415
0.937229
0.936906
0.937094
0.936417
0.937412
0.937289
0.937191
0.937203
0.937685
0.937855
0.937501
0.937596
0.937240
0.938069
0.937924
0.936766
0.937166
0.938061
0.935029
0.934907
0.934823
0.934754
0.935023
0.935915
0.936776
0.936770
0.937212
0.937395
0.936732
0.936278
0.936356
0.936972
0.937157
0.937861
0.937936
0.937976
0.938624
0.937483
0.937536
0.937776
0.937821
0.938175
0.938026
0.938161
0.938165
0.938827
0.938429
0.938436
0.938298
0.938675
0.938643
0.938387
0.938246
0.938250
0.938849
0.938736
0.938771
0.938343
0.938804
0.938867
0.938477
0.938416
0.938280
0.938890
0.938780
0.937864
0.938448
0.938371
0.938690
0.938162
0.938080
0.937966
0.938819
0.938351
0.938213
0.938193
0.937936
0.938703
0.937980
0.938084
0.938016
0.938988
0.938691
0.938822
0.938691
0.938736
0.939346
0.938645
0.938621
0.938693
0.939069
0.938981
0.938901
0.939044
0.938134
0.937206
0.936913
0.936754
0.936363
0.937229
0.939012
0.938329
0.938447
0.938466
0.939216
0.938790
0.938172
0.938219
0.938386
0.938531
0.938343
0.938171
0.937871
0.938798
0.938311
0.938123
0.938181
0.937943
0.938925
0.938208
0.938202
0.938050
0.938615
0.938343
0.938051
0.938145
0.938136
0.938559
0.937432
0.937930
0.937870
0.938478
0.938121
0.937662
0.937884
0.937647
0.938243
0.937766
0.937282
0.937406
0.937811
0.937598
0.937506
0.937073
0.936773
0.937700
0.937024
0.937120
0.936895
0.936792
0.937274
0.936886
0.936840
0.936633
0.937211
0.936957
0.936899
0.936822
0.936911
0.937359
0.936894
0.937175
0.936621
0.935656
0.935332
0.934829
0.935047
0.934881
0.936886
0.936844
0.936596
0.936638
0.937409
0.936750
0.936587
0.936476
0.936309
0.937144
0.936736
0.936127
0.936349
0.936671
0.936403
0.935922
0.936040
0.935739
0.936270
0.936021
0.936080
0.935764
0.936046
0.935923
0.935714
0.935841
0.935644
0.936447
0.935841
0.935761
0.935882
0.935949
0.936233
0.935633
0.935516
0.935408
0.936225
0.935729
0.935583
0.935442
0.935242
0.935826
0.935377
0.935317
0.934981
0.935574
0.935408
0.934884
0.935125
0.935232
0.934529
0.934661
0.934761
0.934439
0.935228
0.934804
0.934786
0.934829
0.934546
0.935335
0.934908
0.935141
0.934668
0.933613
0.933744
0.933527
0.933329
0.933067
0.934368
0.934453
0.935303
0.935661
0.935150
0.935956
0.936033
0.936325
0.935830
0.936752
0.936415
0.936254
0.936300
0.936298
0.936704
0.936498
0.936436
0.935681
0.935506
0.935107
0.936429
0.936821
0.936705
0.937327
0.936979
0.937049
0.937080
0.938222
0.936700
0.936764
0.937482
0.937693
0.938652
0.938186
0.938131
0.938089
0.938814
0.939015
0.938844
0.938587
0.938554
0.939509
0.938164
0.938947
0.938948
0.939292
0.939387
0.939272
0.939443
0.939084
0.939900
0.939429
0.939350
0.939743
0.938903
0.939129
0.939304
0.939202
0.939074
0.939956
0.939294
0.939460
0.938796
0.937461
0.938051
0.936852
0.937366
0.938840
0.939754
0.939913
0.939669
0.939580
0.939655
0.940304
0.939981
0.939966
0.939503
0.939980
0.940223
0.939063
0.939664
0.939705
0.940332
0.939809
0.939731
0.939713
0.940090
0.939865
0.939533
0.939500
0.939327
0.940179
0.938677
0.939096
0.939218
0.939183
0.939670
0.938971
0.938810
0.938555
0.939461
0.939003
0.938842
0.938787
0.938798
0.939358
0.938833
0.939064
0.938557
0.939451
0.938926
0.938972
0.939165
0.938751
0.939430
0.938972
0.939044
0.939164
0.939909
0.938227
0.938211
0.938052
0.938394
0.938774
0.938148
0.938046
0.937988
0.938274
0.938006
0.937415
0.937022
0.936935
0.937892
0.937188
0.936800
0.936556
0.936899
0.936955
0.936977
0.937183
0.936512
0.937570
0.936747
0.937496
0.937420
0.937073
0.938140
0.937576
0.937604
0.937684
0.937948
0.937783
0.937308
0.937377
0.937583
0.937561
0.937348
0.938885
0.938700
0.938297
0.938486
0.937967
0.937651
0.937482
0.937989
0.937856
0.937926
0.937822
0.938113
0.937248
0.938023
0.938403
0.938808
0.939407
0.938069
0.938286
0.939047
0.938796
0.939593
0.938585
0.937895
0.939105
0.939233
0.939358
0.938990
0.938259
0.938742
0.938976
0.937588
0.937814
0.938024
0.939230
0.938904
0.938262
0.938789
0.938678
0.939098
0.938718
0.938618
0.938357
0.939115
0.938461
0.938609
0.938558
0.938016
0.938809
0.938160
0.938209
0.937740
0.938451
0.938205
0.937961
0.937883
0.937803
0.938427
0.937920
0.937638
0.937627
0.938189
0.938122
0.937998
0.938039
0.937745
0.938756
0.938197
0.938009
0.937808
0.937981
0.938522
0.937715
0.937883
0.937801
0.938542
0.938040
0.938145
0.937806
0.937923
0.938379
0.937623
0.937953
0.937595
0.938317
0.937659
0.937509
0.937542
0.937415
0.937712
0.937365
0.937260
0.936713
0.937833
0.937327
0.937135
0.937248
0.936924
0.937768
0.937207
0.937316
0.937076
0.937676
0.937619
0.937349
0.937545
0.937279
0.937936
0.937505
0.937276
0.937225
0.937606
0.937737
0.937408
0.937440
0.937312
0.938134
0.937427
0.937313
0.937371
0.937359
0.937722
0.937017
0.937235
0.936924
0.937759
0.936993
0.936854
0.936811
0.936803
0.937407
0.936870
0.936757
0.936620
0.937343
0.937003
0.936937
0.936816
0.936785
0.937443
0.937213
0.937105
0.936970
0.937628
0.937244
0.937057
0.937188
0.936593
0.937638
0.937376
0.937160
0.937082
0.937422
0.937407
0.937201
0.937257
0.936723
0.937260
0.936751
0.936601
0.934678
0.934404
0.934602
0.934002
0.933837
0.933856
0.936173
0.936053
0.936373
0.936067
0.934793
0.935436
0.935409
0.935686
0.934780
0.935884
0.935394
0.935766
0.936596
0.936571
0.937196
0.936806
0.936819
0.936560
0.937421
0.936568
0.936832
0.936882
0.936697
0.937364
0.936837
0.936944
0.936792
0.937222
0.936775
0.936669
0.936528
0.936677
0.937250
0.936797
0.936725
0.936679
0.936362
0.936338
0.936728
0.935977
0.936128
0.936953
0.936400
0.936639
0.936142
0.936481
0.937239
0.936614
0.937037
0.936415
0.937777
0.937538
0.937427
0.936777
0.937222
0.937833
0.937189
0.937390
0.937315
0.938233
0.937764
0.937748
0.937516
0.937462
0.938265
0.937774
0.937731
0.937678
0.938401
0.937927
0.938323
0.937237
0.936890
0.937346
0.937043
0.936911
0.936942
0.937369
0.937456
0.937063
0.937197
0.937345
0.938456
0.938627
0.937999
0.938373
0.937865
0.938639
0.938522
0.938258
0.938038
0.939388
0.939699
0.939460
0.939626
0.939869
0.940624
0.940086
0.940157
0.939934
0.940507
0.940353
0.940115
0.940256
0.940207
0.941002
0.939949
0.940223
0.940130
0.940849
0.940362
0.940208
0.940223
0.940138
0.940781
0.940174
0.940246
0.940300
0.940642
0.940391
0.940188
0.940626
0.940708
0.941284
0.940690
0.940729
0.940807
0.941091
0.941135
0.940729
0.940968
0.940100
0.941403
0.940968
0.940903
0.941001
0.940943
0.941330
0.941055
0.940823
0.940722
0.941496
0.941013
0.940908
0.940517
0.940594
0.941353
0.940855
0.940595
0.939928
0.941024
0.939985
0.938072
0.937588
0.937648
0.937803
0.938349
0.938624
0.939512
0.940054
0.940947
0.939620
0.939968
0.939505
0.939770
0.940998
0.941406
0.941657
0.941628
0.941430
0.941563
0.941678
0.941485
0.942262
0.941702
0.941746
0.941393
0.941300
0.941704
0.941162
0.941665
0.940321
0.941730
0.941223
0.941168
0.940796
0.940602
0.940895
0.940517
0.940448
0.940156
0.940913
0.940425
0.940171
0.939817
0.939962
0.940893
0.940326
0.940268
0.940300
0.940971
0.940793
0.940452
0.940294
0.940172
0.941267
0.939614
0.940225
0.940181
0.940482
0.940574
0.940252
0.940160
0.939992
0.940595
0.940151
0.940024
0.939999
0.939951
0.940219
0.939953
0.939766
0.939435
0.940222
0.939609
0.939386
0.939559
0.939333
0.939988
0.939538
0.939838
0.938842
0.938267
0.938304
0.937632
0.938599
0.938175
0.939705
0.939848
0.940014
0.939760
0.940576
0.940210
0.939698
0.940012
0.939754
0.940920
0.940728
0.940228
0.940131
0.940624
0.940573
0.940340
0.940247
0.940073
0.941156
0.939950
0.940075
0.940331
0.940339
0.940542
0.940095
0.940213
0.940099
0.940765
0.940316
0.940223
0.940043
0.940278
0.940582
0.940254
0.940235
0.940158
0.941259
0.940775
0.940652
0.940763
0.940691
0.941219
0.940920
0.940815
0.940198
0.941327
0.941120
0.941161
0.940937
0.940900
0.941461
0.941030
0.941142
0.940939
0.941387
0.941427
0.940980
0.941230
0.941051
0.941554
0.941337
0.940452
0.938854
0.939671
0.939016
0.939735
0.939766
0.939543
0.941800
0.940712
0.940955
0.941250
0.941637
0.941640
0.941449
0.941277
0.941237
0.942046
0.941578
0.941519
0.941370
0.941415
0.942028
0.941650
0.941880
0.941351
0.942264
0.941951
0.941588
0.941828
0.941687
0.942144
0.941921
0.941659
0.941307
0.942295
0.941690
0.941662
0.941335
0.941139
0.942073
0.941309
0.941418
0.941426
0.941545
0.941743
0.941282
0.941266
0.941269
0.942011
0.941610
0.941672
0.941660
0.941970
0.942076
0.941805
0.941858
0.941491
0.942619
0.942140
0.942022
0.942131
0.941955
0.942404
0.942251
0.942048
0.941716
0.942729
0.942038
0.940700
0.940433
0.939808
0.940896
0.939449
0.940402
0.941851
0.942250
0.941818
0.941593
0.941687
0.941619
0.942258
0.941592
0.942128
0.940815
0.942037
0.941907
0.941601
0.941780
0.941543
0.942492
0.942098
0.941927
0.941863
0.942181
0.942240
0.941965
0.941850
0.941683
0.942741
0.941977
0.941914
0.941883
0.941860
0.942302
0.941791
0.941609
0.941383
0.942358
0.941707
0.941632
0.941607
0.941688
0.941087
0.941012
0.941193
0.940992
0.941749
0.941370
0.941229
0.941179
0.941061
0.941799
0.941282
0.941248
0.941052
0.941891
0.941702
0.941681
0.941832
0.941441
0.941941
0.941511
0.941508
0.941553
0.942360
0.940742
0.939947
0.939747
0.939373
0.940378
0.941354
0.941537
0.941519
0.941207
0.941898
0.941527
0.941655
0.940666
0.942078
0.941394
0.941370
0.941193
0.941250
0.941778
0.941343
0.941412
0.940973
0.942110
0.940861
0.941149
0.941402
0.941347
0.941931
0.941544
0.941563
0.941413
0.942338
0.942089
0.940381
0.941284
0.941306
0.942322
0.941839
0.941767
0.941575
0.942106
0.941995
0.941745
0.941559
0.941454
0.942140
0.941590
0.941698
0.941329
0.941573
0.941868
0.941246
0.941184
0.940947
0.941657
0.941279
0.941203
0.941001
0.941178
0.941537
0.941082
0.941229
0.940588
0.941894
0.941796
0.941473
0.941672
0.941540
0.940654
0.940360
0.939960
0.941075
0.942444
0.941026
0.941608
0.941618
0.941408
0.942305
0.941625
0.941418
0.941648
0.941909
0.941752
0.941526
0.941076
0.941173
0.942214
0.941160
0.941300
0.940651
0.941275
0.941522
0.940971
0.941172
0.940675
0.941185
0.941076
0.941117
0.940855
0.941077
0.940872
0.941131
0.941480
0.940891
0.941952
0.940874
0.941089
0.941347
0.941213
0.941764
0.940994
0.940356
0.941135
0.942114
0.941477
0.941403
0.940859
0.941160
0.942213
0.941226
0.941207
0.940610
0.941493
0.941501
0.941347
0.941206
0.940788
0.941164
0.941145
0.941041
0.940710
0.940973
0.940934
0.940744
0.939248
0.939065
0.940762
0.940292
0.941046
0.941329
0.941286
0.941462
0.941002
0.941477
0.941544
0.942059
0.941056
0.940961
0.941049
0.941762
0.942194
0.941173
0.941003
0.941023
0.942339
0.942007
0.940981
0.940824
0.940897
0.942230
0.941969
0.941197
0.940575
0.941373
0.941381
0.941508
0.941254
0.940458
0.941109
0.941168
0.941486
0.941188
0.941033
0.940794
0.941092
0.941553
0.941355
0.941401
0.940926
0.941128
0.941784
0.941938
0.941566
0.941138
0.941030
0.941446
0.942658
0.941536
0.941156
0.941399
0.941665
0.942476
0.941802
0.941155
0.940894
0.942081
0.941935
0.941804
0.940938
0.941057
0.941716
0.941900
0.941116
0.938796
0.940164
0.940683
0.941401
0.941548
0.941060
0.941508
0.940801
0.941062
0.941322
0.941782
0.941272
0.941224
0.941541
0.941623
0.942372
0.941439
0.941082
0.941125
0.942023
0.942141
0.941548
0.941480
0.941289
0.942346
0.941864
0.941586
0.941132
0.941361
0.941685
0.941750
0.941499
0.940899
0.941878
0.941265
0.941376
0.941128
0.940714
0.941195
0.940897
0.941070
0.940847
0.941442
0.940791
0.940911
0.940481
0.940876
0.941855
0.940997
0.940952
0.940744
0.941775
0.941546
0.941078
0.941069
0.940986
0.941883
0.941456
0.941280
0.940853
0.941426
0.941528
0.941333
0.941452
0.941143
0.939991
0.940039
0.940224
0.941026
0.941461
0.941207
0.941218
0.941111
0.940894
0.941491
0.940849
0.940716
0.940765
0.940878
0.941332
0.940828
0.940725
0.940681
0.941455
0.941140
0.941091
0.940942
0.941009
0.941693
0.941367
0.941420
0.941074
0.941808
0.941550
0.941243
0.941315
0.941234
0.941921
0.941461
0.941340
0.941213
0.941837
0.941421
0.941293
0.941086
0.941212
0.941786
0.941148
0.941402
0.940799
0.941051
0.941510
0.940884
0.940810
0.940586
0.941257
0.940915
0.940688
0.940809
0.940799
0.940969
0.940887
0.940766
0.940403
0.941335
0.940897
0.941155
0.941104
0.941041
0.941504
0.941029
0.941094
0.940967
0.941880
0.939971
0.940002
0.939995
0.940049
0.940890
0.940480
0.940332
0.940011
0.940768
0.940470
0.940481
0.939785
0.939329
0.940464
0.940182
0.939731
0.939691
0.940027
0.940064
0.939832
0.939773
0.939814
0.940529
0.939918
0.939990
0.940173
0.940201
0.940380
0.940074
0.940341
0.940352
0.941068
0.940405
0.940222
0.940348
0.940536
0.940840
0.940619
0.940314
0.940521
0.941214
0.940661
0.940591
0.940438
0.940238
0.940980
0.940467
0.940375
0.940133
0.940254
0.940288
0.940045
0.939717
0.939693
0.940368
0.939972
0.939907
0.939735
0.940265
0.940046
0.939951
0.939811
0.939520
0.940486
0.940077
0.939928
0.940025
0.940326
0.940531
0.940294
0.939958
0.939959
0.940484
0.939475
0.940063
0.940111
0.940251
0.940725
0.940276
0.940279
0.939846
0.940518
0.940302
0.940197
0.940152
0.940271
0.940303
0.939807
0.939848
0.939568
0.940348
0.939555
0.939613
0.939740
0.939535
0.940359
0.939500
0.939553
0.939437
0.940021
0.939783
0.939755
0.939798
0.939831
0.940446
0.939924
0.940016
0.939826
0.940068
0.940056
0.940068
0.939551
0.939578
0.940365
0.939934
0.939799
0.939800
0.939890
0.940064
0.939828
0.939663
0.939565
0.940217
0.939462
0.939156
0.939403
0.939387
0.939306
0.938808
0.938740
0.936352
0.936577
0.936288
0.936300
0.935641
0.937370
0.938354
0.937873
0.938368
0.938116
0.938352
0.938157
0.937876
0.937760
0.938308
0.939221
0.938807
0.938729
0.938472
0.938958
0.939000
0.938753
0.938698
0.938623
0.939353
0.938793
0.938682
0.937868
0.938529
0.938229
0.938069
0.937614
0.937767
0.938867
0.938320
0.937988
0.937856
0.937536
0.937772
0.938157
0.936253
0.935674
0.937380
0.936809
0.936708
0.936878
0.936783
0.937412
0.937121
0.937024
0.937074
0.937927
0.937437
0.937067
0.937625
0.937867
0.937942
0.937881
0.938072
0.937802
0.938448
0.938235
0.937998
0.937914
0.937644
0.938475
0.937645
0.937443
0.937570
0.937476
0.937807
0.937495
0.937541
0.936436
0.937855
0.937175
0.937222
0.937368
0.936913
0.936997
0.936261
0.936393
0.936210
0.937085
0.936819
0.936584
0.937133
0.937268
0.938857
0.938224
0.938343
0.938221
0.939122
0.938507
0.938567
0.938516
0.938736
0.939276
0.938612
0.938594
0.938486
0.938992
0.938669
0.938417
0.938496
0.938518
0.938259
0.938240
0.938231
0.938106
0.938171
0.938355
0.938075
0.938087
0.937930
0.938611
0.938263
0.938188
0.938030
0.938286
0.938490
0.938287
0.938343
0.938270
0.939160
0.938701
0.938641
0.938540
0.938296
0.938911
0.938599
0.938497
0.938251
0.939028
0.938749
0.938593
0.938416
0.938416
0.938908
0.938591
0.938413
0.938141
0.938761
0.938359
0.937107
0.936615
0.936065
0.936450
0.936131
0.937495
0.937681
0.938272
0.938134
0.937825
0.937658
0.937529
0.938289
0.937704
0.937719
0.937955
0.938101
0.938218
0.937933
0.937709
0.937560
0.938205
0.937877
0.937781
0.937602
0.937732
0.937929
0.937722
0.937561
0.937527
0.938177
0.937686
0.937518
0.937552
0.937345
0.937754
0.937418
0.937266
0.937095
0.937707
0.937039
0.936767
0.936624
0.936617
0.937398
0.936795
0.936508
0.936513
0.937012
0.936735
0.936665
0.936631
0.936449
0.937245
0.936927
0.936900
0.936710
0.937063
0.937132
0.936806
0.936768
0.936691
0.937136
0.936775
0.936722
0.936803
0.936762
0.937445
0.935113
0.935401
0.934801
0.936859
0.936486
0.936541
0.936103
0.936317
0.936731
0.935606
0.935055
0.933433
0.935557
0.935925
0.935860
0.935830
0.935728
0.936123
0.935832
0.935339
0.935470
0.936326
0.935988
0.935720
0.935652
0.935761
0.936573
0.936335
0.936107
0.936027
0.936427
0.936328
0.936165
0.936074
0.936005
0.936798
0.936241
0.936159
0.936140
0.936283
0.936490
0.936082
0.936081
0.936111
0.936772
0.936251
0.936041
0.936068
0.936388
0.936010
0.935803
0.935881
0.935900
0.936782
0.936361
0.936248
0.936176
0.936289
0.937045
0.936816
0.936887
0.936849
0.937622
0.937457
0.937852
0.937042
0.935560
0.936928
0.936440
0.935924
0.935612
0.937353
0.938208
0.938271
0.938138
0.938083
0.938825
0.938268
0.938391
0.938447
0.938804
0.939052
0.938637
0.938636
0.938299
0.939009
0.938625
0.938647
0.938637
0.938768
0.939300
0.938926
0.938983
0.938842
0.939623
0.939063
0.939179
0.939218
0.939202
0.939794
0.939452
0.939596
0.939409
0.940158
0.939559
0.939578
0.939680
0.938494
0.939974
0.939394
0.939668
0.939706
0.940248
0.939864
0.939813
0.939736
0.939698
0.940305
0.939957
0.939354
0.939417
0.940080
0.939924
0.939535
0.939516
0.939285
0.940171
0.939654
0.939485
0.939603
0.939806
0.939866
0.939587
0.939811
0.938532
0.938795
0.938238
0.938316
0.938199
0.939761
0.940477
0.940040
0.940018
0.940344
0.940091
0.940182
0.940164
0.940194
0.940073
0.940560
0.940272
0.940328
0.939927
0.940594
0.940361
0.940188
0.940073
0.939255
0.940607
0.940115
0.939951
0.939666
0.940164
0.939952
0.939659
0.939953
0.939489
0.940235
0.939914
0.939327
0.939577
0.939959
0.940080
0.939850
0.939922
0.939615
0.940520
0.940082
0.939762
0.939792
0.940031
0.940357
0.940006
0.939934
0.939701
0.940529
0.940009
0.939944
0.940017
0.939917
0.940424
0.939887
0.940075
0.939763
0.940135
0.940130
0.939824
0.940011
0.939537
0.940140
0.939920
0.939043
0.937561
0.938267
0.937834
0.937389
0.939244
0.939370
0.940263
0.939727
0.939756
0.939845
0.940326
0.940341
0.940271
0.940191
0.939670
0.940494
0.940214
0.940108
0.940072
0.940218
0.940490
0.940102
0.939857
0.939886
0.940716
0.940102
0.939777
0.939741
0.939885
0.940300
0.939730
0.939735
0.939305
0.940073
0.939446
0.939278
0.939290
0.938942
0.939571
0.939324
0.939137
0.938908
0.939412
0.939211
0.939197
0.939012
0.939141
0.939833
0.939168
0.939160
0.939199
0.939469
0.939206
0.939087
0.939092
0.938566
0.939243
0.939199
0.939028
0.938832
0.938895
0.939128
0.938731
0.938520
0.938194
0.939360
0.938458
0.936700
0.936866
0.936475
0.938043
0.938047
0.937777
0.937322
0.938385
0.937451
0.937598
0.937356
0.937087
0.937731
0.937222
0.937173
0.936934
0.937623
0.937430
0.937212
0.937473
0.937272
0.937760
0.937143
0.936823
0.936735
0.937564
0.937372
0.936995
0.936861
0.936701
0.937414
0.936754
0.936697
0.936565
0.936683
0.936961
0.936627
0.936407
0.936099
0.936728
0.936208
0.936130
0.935888
0.935996
0.936223
0.935783
0.935726
0.935375
0.936186
0.935658
0.935050
0.935311
0.935175
0.936291
0.935404
0.935370
0.935519
0.936231
0.935995
0.935633
0.935622
0.935492
0.935991
0.935761
0.935560
0.935381
0.935993
0.935975
0.935845
0.934176
0.933552
0.933664
0.933569
0.934020
0.934774
0.934997
0.934902
0.934610
0.934351
0.933535
0.933244
0.932381
0.932118
0.932150
0.932329
0.933111
0.933245
0.933385
0.933415
0.934443
0.933843
0.933691
0.933844
0.934135
0.934576
0.934032
0.933886
0.933424
0.934537
0.933822
0.933681
0.933765
0.933617
0.934138
0.933564
0.933302
0.932757
0.933351
0.932934
0.932748
0.932622
0.932273
0.932837
0.932601
0.932108
0.931963
0.932556
0.932199
0.931761
0.931729
0.931318
0.931870
0.931327
0.931112
0.931355
0.931479
0.931541
0.931149
0.931231
0.931338
0.932232
0.931903
0.932044
0.931861
0.931922
0.932642
0.931008
0.930034
0.929605
0.930094
0.930346
0.930964
0.931345
0.931306
0.931891
0.931368
0.931309
0.930765
0.931379
0.931068
0.930088
0.930665
0.930606
0.931003
0.930288
0.930056
0.929838
0.930393
0.930137
0.930142
0.929960
0.929936
0.930615
0.929881
0.929743
0.929704
0.930158
0.930515
0.929872
0.929967
0.929818
0.930601
0.929931
0.929839
0.929943
0.929562
0.930247
0.930227
0.930481
0.929884
0.930577
0.930167
0.930063
0.930074
0.929877
0.930701
0.930088
0.930160
0.929465
0.930634
0.930258
0.929852
0.930186
0.930218
0.930773
0.930180
0.930198
0.929969
0.930784
0.930584
0.930162
0.930225
0.930056
0.930368
0.929099
0.928675
0.927792
0.927297
0.926645
0.925921
0.925878
0.926311
0.927439
0.927312
0.927652
0.927477
0.928558
0.929229
0.929051
0.929363
0.929355
0.930396
0.929703
0.929655
0.929685
0.929339
0.930200
0.929625
0.929540
0.929322
0.930283
0.929849
0.929653
0.929776
0.929844
0.930882
0.930758
0.930567
0.930494
0.931224
0.931370
0.931360
0.931455
0.931596
0.932266
0.932000
0.932097
0.931769
0.932561
0.932734
0.932107
0.932315
0.932478
0.933447
0.933020
0.932893
0.933070
0.933747
0.933978
0.933454
0.933512
0.933458
0.934184
0.933698
0.934075
0.934226
0.933984
0.934491
0.934243
0.934379
0.934139
0.935261
0.935100
0.934976
0.935349
0.934852
0.935779
0.935734
0.935994
0.936071
0.937196
0.936725
0.936529
0.936720
0.936771
0.937740
0.937647
0.937850
0.937210
0.938365
0.938181
0.938150
0.938049
0.938364
0.939318
0.938924
0.938685
0.938691
0.939120
0.939350
0.938838
0.939135
0.939227
0.939949
0.939252
0.939023
0.939268
0.939342
0.939880
0.939649
0.939807
0.939543
0.940334
0.939863
0.939801
0.940066
0.940092
0.941359
0.940833
0.940702
0.940583
0.941408
0.941121
0.940960
0.941251
0.940922
0.941780
0.941547
0.941532
0.941414
0.942149
0.941246
0.941830
0.940928
0.938956
0.939471
0.939013
0.939569
0.938651
0.940517
0.941425
0.940807
0.941538
0.940871
0.941554
0.940292
0.940833
0.941715
0.942962
0.943331
0.942230
0.942680
0.942703
0.943407
0.943086
0.943344
0.943295
0.943272
0.943718
0.943168
0.942990
0.942750
0.943798
0.943535
0.943104
0.943406
0.943476
0.943800
0.943300
0.943150
0.943051
0.943884
0.943249
0.943037
0.943333
0.942317
0.942965
0.942963
0.942938
0.942741
0.943163
0.943015
0.942874
0.942662
0.942432
0.943425
0.943016
0.942813
0.942514
0.943158
0.943130
0.942640
0.942906
0.943047
0.943731
0.943230
0.943078
0.943010
0.942787
0.943087
0.942551
0.942723
0.942534
0.943273
0.943120
0.942888
0.942156
0.941805
0.942803
0.942765
0.940513
0.940253
0.941074
0.941621
0.941045
0.941005
0.941140
0.941839
0.940979
0.940823
0.940719
0.941250
0.940558
0.940633
0.941266
0.940449
0.941296
0.941015
0.941585
0.940799
0.941129
0.941206
0.941504
0.941531
0.941046
0.941783
0.941319
0.940979
0.940644
0.940761
0.941476
0.941191
0.940994
0.940548
0.941162
0.940058
0.939040
0.938647
0.939299
0.939650
0.938652
0.938041
0.937226
0.937286
0.935364
0.935335
0.936001
0.936020
0.936389
0.935244
0.935467
0.935070
0.934457
0.934970
0.935925
0.936193
0.937313
0.938034
0.938395
0.938317
0.937922
0.939735
0.940647
0.940472
0.940164
0.939088
0.938883
0.938708
0.938200
0.938634
0.939803
0.939210
0.938933
0.939865
0.939681
0.940155
0.939984
0.940180
0.940164
0.939378
0.938667
0.938311
0.937350
0.938403
0.939572
0.939147
0.938817
0.938712
0.938365
0.939336
0.937932
0.938103
0.938486
0.939370
0.939289
0.939092
0.938941
0.938892
0.939575
0.938866
0.938657
0.937291
0.939803
0.938709
0.939602
0.939822
0.939857
0.940811
0.940432
0.940674
0.940583
0.940853
0.940741
0.940570
0.940624
0.940059
0.941453
0.940660
0.940356
0.940121
0.940477
0.940179
0.939959
0.940087
0.939662
0.940762
0.940224
0.939758
0.938780
0.939631
0.940399
0.939744
0.940343
0.938478
0.938995
0.938976
0.938518
0.939631
0.940502
0.940796
0.940240
0.941068
0.941495
0.942766
0.941985
0.941507
0.941637
0.941643
0.942373
0.942085
0.942129
0.942038
0.942478
0.942492
0.942196
0.942031
0.941709
0.942733
0.942124
0.942124
0.941805
0.942000
0.941908
0.941436
0.941706
0.941218
0.942137
0.941451
0.941133
0.941065
0.941070
0.941178
0.941219
0.940862
0.940185
0.941077
0.940475
0.940460
0.940546
0.940279
0.940970
0.939270
0.939595
0.940061
0.940802
0.939770
0.939139
0.939255
0.939255
0.940379
0.938882
0.938373
0.938259
0.938470
0.938325
0.938398
0.937930
0.937017
0.938015
0.938056
0.936942
0.935975
0.935136
0.936213
0.935807
0.936080
0.936953
0.938236
0.937425
0.937153
0.937326
0.937786
0.938053
0.937338
0.937341
0.936356
0.937691
0.937315
0.937396
0.937530
0.937386
0.937834
0.937216
0.937088
0.936608
0.937207
0.936980
0.937210
0.936697
0.935945
0.936360
0.935715
0.935285
0.934986
0.936449
0.936360
0.935541
0.934818
0.934954
0.935745
0.934342
0.934494
0.935748
0.936347
0.935792
0.934995
0.935360
0.934665
0.934136
0.934451
0.935580
0.935293
0.934494
0.934938
0.934460
0.933693
0.932116
0.933749
0.933908
0.933300
0.932672
0.932970
0.932103
0.930244
0.930426
0.931196
0.932372
0.930908
0.931177
0.931104
0.930637
0.930843
0.931631
0.932421
0.931140
0.930977
0.931652
0.931806
0.931544
0.932606
0.934634
0.933235
0.932958
0.932176
0.933406
0.933023
0.932806
0.934304
0.934239
0.933886
0.932902
0.932691
0.933016
0.933998
0.933698
0.934321
0.933788
0.932757
0.933678
0.933509
0.934020
0.933465
0.933762
0.934229
0.933729
0.932708
0.932285
0.932646
0.932192
0.932450
0.932792
0.932455
0.932267
0.932215
0.934316
0.933418
0.935122
0.935240
0.933884
0.934591
0.935267
0.936936
0.935925
0.935552
0.935401
0.936576
0.935802
0.935966
0.937226
0.935379
0.935682
0.936558
0.935879
0.935357
0.936846
0.937836
0.936240
0.936130
0.938138
0.938784
0.937129
0.938033
0.938588
0.938867
0.938861
0.939648
0.938897
0.938231
0.940309
0.940273
0.940257
0.939431
0.939280
0.939825
0.940192
0.940288
0.940369
0.941073
0.940402
0.941048
0.941203
0.941204
0.941501
0.940657
0.940917
0.941170
0.941864
0.941910
0.941190
0.940772
0.941225
0.942003
0.941457
0.941285
0.940965
0.941369
0.941628
0.941594
0.940174
0.940749
0.941131
0.941206
0.941368
0.941015
0.940949
0.940679
0.940709
0.940880
0.940744
0.941730
0.940554
0.940596
0.939981
0.940922
0.941277
0.940837
0.940678
0.940673
0.941542
0.940952
0.940816
0.940747
0.940558
0.941474
0.941119
0.941008
0.940645
0.941260
0.941288
0.941038
0.941027
0.940627
0.941400
0.940856
0.940934
0.940165
0.941086
0.940764
0.940445
0.940617
0.940217
0.940930
0.940335
0.940159
0.940250
0.940603
0.940533
0.940352
0.940182
0.939937
0.940760
0.940416
0.940672
0.940325
0.940585
0.941058
0.940397
0.940176
0.939922
0.940785
0.940239
0.940191
0.940531
0.940254
0.940502
0.940011
0.939842
0.939757
0.940222
0.939723
0.939610
0.939755
0.939429
0.939732
0.939256
0.939164
0.939049
0.939361
0.938746
0.938841
0.938542
0.936965
0.936650
0.936013
0.935476
0.936748
0.936123
0.937328
0.937835
0.937877
0.938177
0.937657
0.937357
0.936240
0.937116
0.937889
0.937683
0.937306
0.937194
0.937011
0.938610
0.938009
0.938081
0.938070
0.937790
0.938191
0.937814
0.937576
0.937419
0.938215
0.937845
0.937206
0.937172
0.937042
0.937656
0.937297
0.936547
0.936252
0.937406
0.937417
0.937281
0.936655
0.937119
0.937474
0.936078
0.936698
0.936871
0.937300
0.937504
0.937155
0.937123
0.936793
0.937630
0.937302
0.937017
0.937165
0.937209
0.937462
0.937310
0.937061
0.936543
0.937547
0.937085
0.936912
0.936505
0.936457
0.937364
0.937025
0.936471
0.936481
0.936846
0.936516
0.936289
0.936601
0.936245
0.937050
0.936225
0.936888
0.936547
0.937206
0.936662
0.936549
0.936049
0.937132
0.938151
0.937658
0.937469
0.937307
0.938045
0.937696
0.937504
0.937635
0.937416
0.937914
0.937540
0.937389
0.937613
0.937589
0.937267
0.937606
0.937601
0.937403
0.937864
0.937467
0.937657
0.937174
0.937260
0.937524
0.937183
0.936936
0.936435
0.937597
0.936966
0.936679
0.936722
0.936666
0.937087
0.936202
0.936199
0.936042
0.936927
0.936382
0.936527
0.935974
0.935748
0.936562
0.936091
0.935918
0.935263
0.936009
0.934507
0.933774
0.933101
0.931961
0.931292
0.929067
0.928046
0.928124
0.928944
0.929687
0.930512
0.931453
0.932158
0.933729
0.934049
0.934005
0.934080
0.934278
0.934594
0.934356
0.934399
0.934584
0.935484
0.934808
0.934985
0.934095
0.934559
0.935138
0.934867
0.934863
0.934355
0.934911
0.934229
0.934245
0.934259
0.934041
0.934417
0.933765
0.933537
0.933355
0.933664
0.932913
0.932457
0.932375
0.931683
0.932143
0.931354
0.929288
0.928679
0.928649
0.929062
0.926267
0.923333
0.922421
0.919907
0.916473
0.913379
0.912991
0.918056
0.927997
0.931656
0.931842
0.931407
0.932525
0.932373
0.932462
0.932418
0.932474
0.932944
0.932397
0.932584
0.932328
0.932829
0.932262
0.932343
0.931251
0.931498
0.932072
0.931616
0.931897
0.931141
0.931573
0.930759
0.930631
0.930415
0.930240
0.931174
0.931305
0.929874
0.930607
0.931083
0.930867
0.929822
0.928296
0.927051
0.928817
0.929805
0.930442
0.930481
0.931137
0.929483
0.928226
0.929813
0.930969
0.931702
0.931308
0.931504
0.930591
0.930713
0.930116
0.929763
0.931506
0.931495
0.932598
0.931481
0.930901
0.926794
0.925805
0.930684
0.931382
0.931699
0.931710
0.931600
0.928743
0.928727
0.922774
0.929250
0.930215
0.930936
0.931020
0.930930
0.928571
0.932167
0.928237
0.928845
0.931088
0.931361
0.930952
0.930070
0.931032
0.932893
0.929191
0.930950
0.932051
0.930962
0.932460
0.930330
0.933049
0.932829
0.928810
0.932752
0.931848
0.931737
0.929872
0.933495
0.933707
0.933160
0.928545
0.933196
0.932570
0.932381
0.929044
0.933136
0.934176
0.933389
0.928122
0.932621
0.931671
0.931737
0.928994
0.933000
0.932628
0.932909
0.927983
0.932573
0.931577
0.929937
0.930650
0.933122
0.932644
0.931811
0.928894
0.932570
0.931733
0.930682
0.930483
0.933628
0.932847
0.929971
0.929740
0.932433
0.931354
0.931437
0.931302
0.931375
0.931948
0.927950
0.930970
0.931093
0.930286
0.931231
0.931003
0.932038
0.931194
0.929331
0.931208
0.929796
0.928756
0.929655
0.931025
0.931073
0.930551
0.928715
0.930785
0.928519
0.927880
0.928827
0.930309
0.931086
0.929831
0.929168
0.928901
0.927760
0.927539
0.928059
0.929293
0.929026
0.928600
0.928375
0.927317
0.925983
0.926957
0.927152
0.927670
0.927135
0.925612
0.927248
0.925596
0.924857
0.925059
0.925511
0.926390
0.923862
0.922050
0.924381
0.923960
0.923316
0.923517
0.923277
0.923582
0.918258
0.919780
0.923282
0.921288
0.922264
0.922394
0.922817
0.919836
0.910986
0.918596
0.920219
0.919744
0.920548
0.921221
0.920725
0.916150
0.909618
0.920039
0.921286
0.918864
0.919622
0.919543
0.920472
0.917538
0.912925
0.918297
0.918888
0.919378
0.919207
0.917778
0.917481
0.916452
0.915537
0.918080
0.917658
0.916241
0.918036
0.917276
0.917730
0.915948
0.915138
0.917391
0.917171
0.917433
0.917468
0.916784
0.916240
0.915664
0.916123
0.917522
0.916970
0.916229
0.916884
0.916382
0.917408
0.915999
0.915164
0.916576
0.916277
0.917260
0.916928
0.915427
0.915194
0.915560
0.915663
0.916811
0.915933
0.915059
0.916468
0.915411
0.915662
0.914987
0.914574
0.916295
0.916060
0.916058
0.915971
0.916013
0.914600
0.913029
0.913695
0.916044
0.916910
0.915741
0.916008
0.915256
0.916031
0.915453
0.914247
0.916375
0.916688
0.917071
0.916680
0.915786
0.913443
0.915602
0.915030
0.916786
0.916811
0.915975
0.916505
0.915887
0.915227
0.915093
0.914581
0.916346
0.916944
0.916876
0.916677
0.916610
0.914832
0.915238
0.914566
0.917402
0.917747
0.917130
0.917476
0.917156
0.917202
0.916486
0.915281
0.917139
0.918628
0.919095
0.918772
0.917789
0.916338
0.917282
0.916596
0.918587
0.919709
0.919061
0.919402
0.919135
0.918412
0.917645
0.917633
0.918779
0.919857
0.919887
0.919629
0.919843
0.917891
0.917655
0.915990
0.918441
0.918473
0.918261
0.918580
0.918893
0.918420
0.917573
0.917621
0.918681
0.920097
0.919942
0.920077
0.919876
0.918376
0.919235
0.919858
0.921191
0.921303
0.920783
0.921741
0.921669
0.921211
0.921290
0.922818
0.923083
0.923162
0.923285
0.924296
0.924191
0.923079
0.923630
0.924537
0.925920
0.925508
0.923934
0.925353
0.924873
0.924873
0.925239
0.925196
0.925633
0.925944
0.926485
0.926695
0.925335
0.925378
0.927058
0.927321
0.927300
0.926869
0.927750
0.927320
0.926290
0.927340
0.927565
0.928695
0.927682
0.927644
0.928184
0.927813
0.927600
0.928005
0.928608
0.929009
0.929117
0.928754
0.928098
0.927839
0.927122
0.927743
0.928518
0.928848
0.928725
0.929677
0.928529
0.927825
0.928977
0.929874
0.931284
0.930188
0.930161
0.929724
0.929334
0.930222
0.930635
0.931882
0.932168
0.932070
0.931711
0.930787
0.930713
0.932479
0.932748
0.933844
0.932926
0.932952
0.933574
0.931600
0.932533
0.933197
0.934545
0.934526
0.933937
0.933676
0.932927
0.933468
0.933735
0.934314
0.934667
0.934738
0.934781
0.934389
0.933362
0.933781
0.935218
0.935339
0.935633
0.935269
0.935259
0.935181
0.934651
0.935373
0.935884
0.936933
0.936776
0.936614
0.936470
0.935701
0.936394
0.936577
0.936891
0.937042
0.937943
0.937601
0.936992
0.936594
0.937082
0.936742
0.935819
0.936333
0.937207
0.938269
0.937531
0.937285
0.937323
0.937416
0.938336
0.937811
0.937964
0.937882
0.937936
0.937704
0.937648
0.937858
0.938084
0.938932
0.938479
0.938412
0.938293
0.938225
0.938753
0.938581
0.938796
0.938665
0.939396
0.938841
0.938302
0.938292
0.938305
0.938921
0.938252
0.937534
0.936376
0.936599
0.936022
0.936024
0.936466
0.937468
0.938711
0.938597
0.938542
0.938146
0.938655
0.938379
0.938560
0.938537
0.938451
0.939328
0.938911
0.938665
0.938486
0.939216
0.939319
0.939188
0.939485
0.939474
0.940371
0.939999
0.940038
0.940060
0.940782
0.941107
0.940395
0.939032
0.939631
0.940337
0.941041
0.941446
0.941429
0.941722
0.942129
0.941901
0.941815
0.941550
0.942323
0.942104
0.941938
0.942221
0.942070
0.942631
0.942079
0.942196
0.941775
0.942562
0.942221
0.942351
0.942389
0.942235
0.942691
0.942096
0.942101
0.942203
0.943089
0.942857
0.942693
0.942332
0.942563
0.943449
0.942909
0.942716
0.942264
0.942807
0.943144
0.943034
0.942944
0.942227
0.942799
0.942886
0.942884
0.942885
0.942559
0.942408
0.941907
0.942266
0.942282
0.943059
0.941758
0.941418
0.941784
0.941830
0.942630
0.941374
0.941091
0.940500
0.941784
0.941777
0.941716
0.940778
0.940877
0.941728
0.941555
0.941547
0.940176
0.940658
0.940577
0.940562
0.940638
0.940635
0.941047
0.940949
0.940634
0.940664
0.941637
0.941624
0.941158
0.940996
0.940949
0.941958
0.941570
0.941479
0.941467
0.941678
0.941997
0.941833
0.941836
0.941674
0.942508
0.942183
0.942181
0.942402
0.942290
0.942912
0.942590
0.942813
0.942810
0.943362
0.943167
0.943504
0.943207
0.943241
0.944162
0.943893
0.943978
0.943665
0.944384
0.944105
0.943878
0.944091
0.943513
0.944781
0.944270
0.944285
0.944256
0.944791
0.944693
0.943823
0.943587
0.944099
0.944943
0.944573
0.944051
0.944354
0.944552
0.944394
0.943907
0.944125
0.943990
0.944804
0.944221
0.944198
0.944059
0.944035
0.944445
0.944165
0.944247
0.944299
0.945262
0.944731
0.944766
0.944769
0.944498
0.945287
0.944202
0.943573
0.943744
0.944368
0.944139
0.943756
0.944622
0.944701
0.945408
0.944566
0.944838
0.944817
0.945407
0.945104
0.944545
0.944890
0.943378
0.944974
0.944421
0.944413
0.944073
0.944366
0.944318
0.943871
0.943889
0.943941
0.944772
0.944554
0.943950
0.944012
0.944310
0.944353
0.943989
0.944107
0.944202
0.945091
0.944459
0.944403
0.944366
0.944066
0.944302
0.943939
0.944128
0.944146
0.944815
0.944366
0.943959
0.943665
0.943099
0.943878
0.943142
0.941752
0.940548
0.942297
0.940725
0.939600
0.940154
0.941478
0.942704
0.942442
0.943183
0.942479
0.942504
0.942050
0.941631
0.941727
0.941593
0.943477
0.943081
0.943133
0.943082
0.943134
0.943139
0.943024
0.942779
0.942737
0.943797
0.942711
0.942411
0.942504
0.942233
0.943120
0.942633
0.942734
0.942158
0.943120
0.942506
0.942141
0.942218
0.941082
0.941719
0.941355
0.941552
0.940891
0.941492
0.941090
0.940599
0.940621
0.940469
0.941142
0.941011
0.940919
0.940644
0.941278
0.940551
0.940510
0.940626
0.940732
0.942274
0.942096
0.941905
0.941518
0.941582
0.941737
0.941637
0.942005
0.940630
0.942520
0.942149
0.941848
0.941136
0.941201
0.941853
0.941320
0.941398
0.941336
0.942181
0.940549
0.940321
0.939579
0.940058
0.940303
0.939692
0.940483
0.939427
0.941626
0.941299
0.941265
0.940966
0.941049
0.941700
0.941732
0.941743
0.941181
0.941524
0.941346
0.941316
0.941381
0.941611
0.942557
0.941648
0.940914
0.940607
0.941157
0.941083
0.940956
0.941437
0.941298
0.941561
0.940517
0.940178
0.940377
0.940164
0.940809
0.940893
0.940724
0.939531
0.940170
0.939952
0.939421
0.939040
0.939631
0.940447
0.939893
0.938843
0.938703
0.940006
0.938951
0.938466
0.938882
0.939134
0.939828
0.938365
0.938761
0.939136
0.938984
0.937942
0.937548
0.937783
0.937632
0.938228
0.938385
0.938618
0.937430
0.937292
0.937092
0.935896
0.934093
0.934922
0.936185
0.935175
0.935650
0.935079
0.934315
0.934511
0.933602
0.934580
0.935109
0.935348
0.933598
0.931557
0.932339
0.931937
0.931516
0.931959
0.932345
0.931198
0.930493
0.929380
0.930150
0.929040
0.928454
0.929506
0.929670
0.929182
0.928189
0.929475
0.930004
0.928986
0.929257
0.929421
0.930921
0.929770
0.929320
0.929052
0.929674
0.928264
0.927721
0.927382
0.927466
0.927405
0.926408
0.925337
0.925412
0.924410
0.924615
0.924451
0.924502
0.923795
0.923591
0.922714
0.923201
0.924181
0.924348
0.925467
0.925801
0.925549
0.924752
0.925891
0.925727
0.926458
0.926607
0.926671
0.927359
0.925718
0.923658
0.923972
0.924330
0.924539
0.924273
0.924425
0.924401
0.924953
0.924219
0.924424
0.924447
0.925336
0.925670
0.924981
0.925397
0.925364
0.925997
0.925502
0.925536
0.925179
0.925889
0.925871
0.926179
0.926431
0.926203
0.926886
0.926811
0.926987
0.927619
0.927865
0.928802
0.928878
0.929167
0.929074
0.929997
0.929803
0.929852
0.930427
0.930899
0.931780
0.931254
0.931140
0.930530
0.931464
0.931112
0.930743
0.930970
0.931109
0.931910
0.931072
0.930480
0.930102
0.930619
0.929806
0.929896
0.930313
0.930326
0.930780
0.929921
0.929807
0.929499
0.929448
0.929848
0.929943
0.930621
0.928589
0.928353
0.927081
0.926598
0.927469
0.928934
0.929769
0.929645
0.929049
0.928082
0.927794
0.926638
0.926566
0.926446
0.927486
0.928560
0.927429
0.926154
0.925347
0.926807
0.924451
0.924273
0.924883
0.925364
0.925896
0.923775
0.924426
0.924786
0.924802
0.923851
0.923717
0.924667
0.924932
0.925328
0.924638
0.925269
0.924497
0.924553
0.925010
0.925881
0.925868
0.925159
0.925623
0.926052
0.925490
0.924567
0.924743
0.925990
0.925834
0.925339
0.924436
0.926136
0.925488
0.924873
0.924143
0.924658
0.925602
0.925118
0.924544
0.924477
0.926259
0.924675
0.924751
0.923858
0.924343
0.925736
0.925205
0.924227
0.924177
0.924357
0.923701
0.922603
0.924091
0.924484
0.925696
0.924925
0.926425
0.926054
0.926853
0.925970
0.924722
0.925978
0.925732
0.926213
0.926483
0.927781
0.926589
0.927137
0.925608
0.925999
0.926304
0.925922
0.927153
0.927537
0.927587
0.927090
0.926881
0.926868
0.926946
0.926736
0.926849
0.928789
0.928574
0.928056
0.927721
0.927304
0.928074
0.927679
0.927043
0.927501
0.929472
0.928888
0.928313
0.928066
0.928215
0.928801
0.928069
0.927337
0.928417
0.929645
0.928796
0.928051
0.927801
0.927348
0.927948
0.926200
0.926716
0.927207
0.927228
0.926752
0.925996
0.925658
0.925213
0.925004
0.924692
0.924972
0.923253
0.923261
0.922648
0.921826
0.922956
0.923544
0.924123
0.923907
0.923973
0.923847
0.923846
0.924035
0.923212
0.923204
0.922631
0.923949
0.923659
0.923499
0.923241
0.923188
0.923429
0.922956
0.922449
0.922491
0.923460
0.922837
0.922741
0.922366
0.922373
0.922598
0.921919
0.922437
0.922240
0.922650
0.922294
0.921723
0.921711
0.920901
0.921135
0.920990
0.920779
0.920527
0.921067
0.920824
0.920709
0.920377
0.919947
0.920914
0.920714
0.920591
0.920758
0.921296
0.921687
0.921322
0.920959
0.920985
0.922323
0.921818
0.921812
0.921607
0.921106
0.921601
0.920706
0.920812
0.920752
0.921350
0.920604
0.921180
0.919130
0.919077
0.918921
0.919567
0.920114
0.919949
0.920638
0.920188
0.919695
0.918885
0.918111
0.918801
0.918404
0.917675
0.917959
0.918755
0.918509
0.917050
0.916217
0.915726
0.917231
0.917384
0.917904
0.917777
0.917653
0.917414
0.915846
0.915941
0.916701
0.917860
0.917017
0.917150
0.916206
0.916537
0.916659
0.915980
0.916767
0.916840
0.917683
0.916946
0.916981
0.917266
0.917116
0.917695
0.917616
0.917968
0.917822
0.918317
0.918097
0.918533
0.918329
0.918028
0.919153
0.919266
0.918862
0.918552
0.919370
0.919566
0.919274
0.918831
0.919237
0.920944
0.920451
0.920120
0.920139
0.920173
0.918314
0.917594
0.918400
0.918792
0.921177
0.920768
0.920362
0.919800
0.919994
0.920097
0.920568
0.921495
0.921240
0.921631
0.920714
0.921424
0.920522
0.920134
0.921640
0.921915
0.921662
0.920968
0.921832
0.922114
0.921042
0.920646
0.921070
0.923538
0.922129
0.921346
0.920885
0.922768
0.921737
0.920979
0.921479
0.922708
0.922983
0.921392
0.921245
0.922276
0.921884
0.919928
0.921183
0.922855
0.921984
0.921884
0.921111
0.922606
0.921677
0.920642
0.921525
0.922619
0.922114
0.921171
0.922598
0.923175
0.921679
0.920318
0.921212
0.923042
0.922009
0.922079
0.921510
0.923849
0.922455
0.921359
0.921600
0.922734
0.921808
0.921031
0.921302
0.920887
0.923028
0.921917
0.921963
0.922329
0.922190
0.923100
0.922258
0.922876
0.922531
0.923097
0.921696
0.920722
0.921072
0.921519
0.922149
0.921462
0.920929
0.920750
0.920754
0.919654
0.919952
0.919961
0.919964
0.920444
0.920202
0.920243
0.920048
0.919061
0.919519
0.919979
0.920190
0.919516
0.920308
0.920106
0.920181
0.919648
0.919280
0.920624
0.920398
0.920174
0.919831
0.920953
0.920542
0.920070
0.919870
0.920487
0.921407
0.920524
0.920445
0.920701
0.921268
0.920366
0.920238
0.920994
0.920104
0.920628
0.920231
0.920488
0.920228
0.920039
0.920207
0.920300
0.920522
0.920239
0.920467
0.919412
0.919187
0.918385
0.919202
0.919831
0.919541
0.919871
0.920066
0.920848
0.920083
0.919368
0.919765
0.920387
0.920660
0.920290
0.920412
0.919805
0.920817
0.919778
0.920028
0.920547
0.920182
0.921332
0.921052
0.920698
0.919791
0.920409
0.920974
0.921360
0.920196
0.920552
0.921487
0.921072
0.920572
0.920300
0.921323
0.921463
0.921087
0.921365
0.921213
0.921768
0.920317
0.920778
0.921409
0.921913
0.921617
0.921484
0.921646
0.921271
0.921516
0.921361
0.921458
0.921425
0.921366
0.922075
0.922132
0.921411
0.920520
0.921661
0.921681
0.921641
0.921298
0.921293
0.921926
0.921129
0.920777
0.920274
0.921227
0.920997
0.920978
0.921294
0.921396
0.921249
0.920072
0.920054
0.920357
0.921033
0.920656
0.920624
0.920544
0.920361
0.920697
0.920282
0.920370
0.920219
0.920900
0.921261
0.921294
0.920542
0.919759
0.920565
0.920144
0.920320
0.920143
0.920553
0.921138
0.920441
0.919932
0.919434
0.920368
0.919809
0.919566
0.919930
0.920408
0.920066
0.919168
0.919138
0.919318
0.920092
0.919195
0.919623
0.919804
0.919644
0.919726
0.919460
0.919529
0.919133
0.919787
0.920126
0.920279
0.920167
0.919873
0.920377
0.920449
0.920277
0.920022
0.920512
0.920669
0.921034
0.918392
0.917404
0.918038
0.917932
0.917061
0.918273
0.920165
0.920267
0.919887
0.919444
0.919180
0.920051
0.919268
0.918825
0.920774
0.920591
0.921279
0.920601
0.920266
0.920422
0.921239
0.920544
0.920868
0.921164
0.920764
0.920773
0.920254
0.920640
0.920282
0.921108
0.920725
0.921282
0.920942
0.920761
0.921022
0.920426
0.920650
0.919809
0.920641
0.920565
0.920495
0.920229
0.920184
0.920635
0.919944
0.920072
0.919853
0.919997
0.920087
0.919862
0.919614
0.919461
0.920496
0.920224
0.919933
0.919718
0.919731
0.920333
0.920277
0.920171
0.919752
0.921144
0.920379
0.920382
0.920160
0.920817
0.921337
0.921175
0.921194
0.921177
0.921828
0.921328
0.921094
0.921489
0.921605
0.922788
0.920880
0.920281
0.920654
0.922176
0.922266
0.922330
0.922555
0.922394
0.923243
0.922719
0.922947
0.922411
0.922644
0.922816
0.922715
0.922667
0.922787
0.922804
0.921908
0.921645
0.921346
0.922609
0.923249
0.922741
0.922483
0.922757
0.923723
0.923029
0.922958
0.923099
0.923194
0.923726
0.923214
0.923032
0.922753
0.923743
0.923072
0.923104
0.923232
0.923159
0.924016
0.923579
0.923480
0.923263
0.923966
0.923843
0.923724
0.923932
0.923872
0.924523
0.923704
0.923790
0.923870
0.924171
0.923994
0.923986
0.923924
0.923696
0.924249
0.923995
0.923975
0.923999
0.924500
0.924620
0.924448
0.924669
0.923074
0.922996
0.924755
0.923964
0.922540
0.922656
0.923117
0.922407
0.923116
0.923227
0.924736
0.924506
0.924144
0.924317
0.924330
0.924835
0.922439
0.923049
0.923589
0.925224
0.923822
0.924113
0.924394
0.924138
0.923599
0.923301
0.923737
0.924191
0.924495
0.924398
0.924238
0.924060
0.923144
0.923542
0.923776
0.924312
0.923894
0.924809
0.925129
0.924705
0.923671
0.923544
0.924380
0.924611
0.924470
0.924284
0.924745
0.924633
0.923898
0.923570
0.923294
0.924915
0.924301
0.924335
0.924190
0.923993
0.923940
0.923151
0.922990
0.923252
0.924175
0.923764
0.923466
0.923377
0.922645
0.922652
0.922127
0.922479
0.922981
0.923941
0.922575
0.921191
0.920699
0.919535
0.921099
0.919829
0.922153
0.922696
0.922998
0.922588
0.921761
0.921100
0.919771
0.920781
0.921630
0.922240
0.922018
0.922017
0.921713
0.920634
0.920206
0.919647
0.921146
0.921830
0.921806
0.920322
0.920192
0.920000
0.919549
0.919374
0.919129
0.920781
0.920689
0.920537
0.919628
0.919089
0.919679
0.919229
0.918148
0.918430
0.920565
0.920318
0.919455
0.919225
0.919330
0.919778
0.918897
0.918283
0.919299
0.920161
0.918907
0.918981
0.918947
0.918927
0.919402
0.918249
0.918903
0.918579
0.918900
0.918903
0.918349
0.918249
0.917845
0.918354
0.917855
0.917552
0.917539
0.917922
0.917168
0.916340
0.915997
0.915331
0.916585
0.916269
0.917512
0.917081
0.917433
0.918015
0.917839
0.917687
0.917639
0.917767
0.917755
0.917724
0.917965
0.917833
0.918506
0.918103
0.917609
0.917817
0.918679
0.918499
0.918423
0.918588
0.918471
0.919282
0.918588
0.918773
0.918585
0.919220
0.919355
0.918492
0.918495
0.918328
0.918742
0.918346
0.918088
0.918037
0.918590
0.918906
0.918614
0.918413
0.917877
0.918318
0.918305
0.918120
0.918388
0.919235
0.920380
0.920086
0.919725
0.919836
0.920979
0.919535
0.920318
0.920157
0.921434
0.921555
0.920562
0.920372
0.919940
0.921059
0.920861
0.921662
0.921992
0.920737
0.920767
0.920489
0.920410
0.920078
0.922308
0.922672
0.921614
0.921649
0.920314
0.921535
0.920835
0.920774
0.921955
0.924004
0.922142
0.921262
0.921279
0.921218
0.922889
0.922385
0.924121
0.925049
0.922619
0.923399
0.922945
0.923297
0.922334
0.922496
0.923414
0.925853
0.924416
0.923289
0.923350
0.922685
0.922185
0.921413
0.922800
0.924364
0.924348
0.922897
0.922275
0.923419
0.922156
0.921760
0.922796
0.924971
0.924810
0.923324
0.922580
0.922877
0.923075
0.922090
0.922701
0.924143
0.925096
0.924181
0.923069
0.923210
0.923106
0.922875
0.923390
0.924123
0.924557
0.924113
0.923340
0.922992
0.923083
0.921992
0.923272
0.923648
0.923756
0.923018
0.922293
0.922618
0.922117
0.921540
0.921654
0.922529
0.922405
0.921623
0.921013
0.920432
0.920951
0.920172
0.920029
0.920143
0.920803
0.920324
0.919836
0.919039
0.918567
0.918414
0.918950
0.918736
0.918533
0.919223
0.918697
0.917664
0.917530
0.917395
0.918148
0.917363
0.917256
0.917364
0.917523
0.917240
0.916493
0.916463
0.916383
0.916714
0.915957
0.915953
0.915533
0.915641
0.915177
0.914689
0.914567
0.913570
0.913982
0.913982
0.913711
0.913276
0.912815
0.913545
0.913355
0.912353
0.912051
0.912722
0.912043
0.912283
0.912283
0.912353
0.912760
0.911584
0.911552
0.911515
0.911980
0.911759
0.911437
0.910979
0.910834
0.911280
0.910951
0.910737
0.910000
0.910835
0.910751
0.909998
0.909440
0.908414
0.909724
0.909610
0.909388
0.909454
0.908924
0.908619
0.907413
0.907960
0.907861
0.908326
0.907861
0.908079
0.907794
0.906405
0.905204
0.903662
0.904198
0.904727
0.905449
0.905957
0.903612
0.901757
0.902043
0.902299
0.903630
0.902247
0.902295
0.902643
0.901297
0.900131
0.900109
0.899525
0.899799
0.900105
0.900389
0.899700
0.898654
0.897558
0.897942
0.896365
0.895281
0.896910
0.895739
0.896721
0.895533
0.896091
0.897256
0.897101
0.897086
0.898204
0.900952
0.900988
0.899977
0.901539
0.902581
0.903246
0.903174
0.904762
0.905843
0.905127
0.905401
0.905402
0.906122
0.907317
0.908418
0.908298
0.908808
0.907738
0.909613
0.909346
0.909488
0.910791
0.910724
0.911993
0.911039
0.910003
0.910553
0.910661
0.910831
0.911412
0.911165
0.911292
0.911131
0.911016
0.910565
0.910175
0.911641
0.911658
0.911228
0.911753
0.910870
0.912456
0.910964
0.910069
0.911245
0.910861
0.913278
0.912224
0.911618
0.911500
0.912338
0.911072
0.911805
0.912552
0.912967
0.913141
0.912990
0.913173
0.912105
0.913496
0.912983
0.913845
0.914718
0.914879
0.915149
0.913956
0.911981
0.912156
0.913184
0.915394
0.915189
0.914727
0.914569
0.915881
0.914204
0.913696
0.914131
0.913250
0.912876
0.912591
0.911952
0.911766
0.912597
0.910861
0.911255
0.911096
0.910714
0.910291
0.909886
0.908533
0.909050
0.909697
0.908559
0.908372
0.908027
0.907863
0.908524
0.907223
0.907277
0.906901
0.908168
0.907699
0.906688
0.906120
0.906043
0.906267
0.905141
0.905442
0.905497
0.905762
0.905173
0.905553
0.905868
0.906845
0.906124
0.908337
0.909372
0.910112
0.911142
0.912251
0.912941
0.913483
0.914149
0.916172
0.914624
0.914683
0.915107
0.916155
0.915653
0.917091
0.918124
0.918512
0.919353
0.919421
0.918401
0.918717
0.919155
0.920527
0.920268
0.919501
0.919856
0.920291
0.920319
0.919777
0.919809
0.920233
0.920771
0.920208
0.920630
0.920094
0.920479
0.920562
0.919560
0.920590
0.920727
0.921099
0.921035
0.920739
0.920507
0.921077
0.920871
0.920815
0.920854
0.920518
0.920383
0.919877
0.919786
0.919760
0.920219
0.920047
0.919878
0.919536
0.919113
0.919190
0.918143
0.918086
0.918029
0.917187
0.917305
0.915843
0.915321
0.914081
0.914658
0.913969
0.914009
0.913811
0.913677
0.913851
0.913225
0.911316
0.909989
0.909651
0.907833
0.905856
0.903671
0.903107
0.903351
0.901814
0.900719
0.900407
0.900528
0.899659
0.896793
0.895881
0.899111
0.903440
0.910293
0.913341
0.913566
0.914056
0.913185
0.912643
0.913340
0.913270
0.912871
0.912263
0.912378
0.912430
0.912041
0.912118
0.911909
0.911917
0.911723
0.912284
0.912101
0.911880
0.911473
0.911858
0.912407
0.913002
0.913044
0.912267
0.913997
0.913492
0.913369
0.913999
0.912748
0.913569
0.912570
0.911555
0.912516
0.913582
0.913069
0.913302
0.911778
0.913120
0.915495
0.914720
0.911645
0.915141
0.916912
0.914505
0.908368
0.908585
0.911174
0.911391
0.908438
0.916317
0.914529
0.913220
0.910664
0.914426
0.915557
0.912295
0.916958
0.919503
0.919634
0.916612
0.915357
0.919330
0.920021
0.919862
0.917788
0.920929
0.920793
0.921758
0.921903
0.922205
0.923485
0.922945
0.922959
0.924084
0.924868
0.924572
0.924290
0.924473
0.924505
0.925086
0.925058
0.925568
0.925563
0.926080
0.925656
0.925446
0.925297
0.925373
0.926469
0.926580
0.926625
0.926316
0.926960
0.927071
0.926536
0.926536
0.926770
0.928329
0.928106
0.927979
0.927905
0.928018
0.927802
0.927624
0.928236
0.928674
0.929586
0.929236
0.929365
0.928924
0.928391
0.929038
0.929353
0.929697
0.929518
0.930269
0.930061
0.929190
0.928644
0.928898
0.929834
0.930054
0.930224
0.929730
0.930646
0.929244
0.929099
0.929149
0.930108
0.930061
0.929201
0.928701
0.929925
0.929443
0.929953
0.929624
0.930960
0.930802
0.931686
0.931066
0.931345
0.929735
0.930555
0.930501
0.931259
0.931558
0.931260
0.931980
0.931284
0.929955
0.930219
0.930723
0.931692
0.931212
0.930954
0.931211
0.931830
0.930329
0.930153
0.930410
0.930650
0.931605
0.931156
0.930774
0.930495
0.930967
0.931296
0.930671
0.931052
0.930883
0.931833
0.931848
0.931988
0.931744
0.932373
0.932313
0.932592
0.932698
0.932433
0.933304
0.932814
0.933033
0.933456
0.933815
0.934466
0.932455
0.933077
0.933606
0.934504
0.933865
0.933421
0.933560
0.934023
0.934144
0.933502
0.933416
0.933101
0.934329
0.932972
0.931848
0.932294
0.932559
0.933538
0.933791
0.933737
0.933367
0.933645
0.933658
0.933744
0.933605
0.933303
0.933856
0.933726
0.933720
0.933532
0.934181
0.933734
0.933264
0.933214
0.933256
0.934228
0.933542
0.933136
0.933062
0.933594
0.933331
0.932835
0.932566
0.932730
0.933468
0.933042
0.932679
0.932593
0.932447
0.932837
0.930896
0.932174
0.931937
0.932843
0.932373
0.932284
0.932233
0.932035
0.932785
0.931699
0.932235
0.932449
0.933368
0.932833
0.932542
0.932623
0.932575
0.933384
0.932835
0.932720
0.932938
0.933361
0.933132
0.932965
0.932814
0.933112
0.934010
0.933629
0.933285
0.931530
0.932868
0.932505
0.933468
0.933276
0.932873
0.933965
0.933699
0.933764
0.933649
0.933849
0.933840
0.933911
0.934165
0.933856
0.934577
0.934128
0.933767
0.934248
0.934380
0.934893
0.934565
0.934905
0.934779
0.935694
0.935221
0.934787
0.935106
0.935315
0.935923
0.935457
0.935397
0.935276
0.936314
0.935983
0.935777
0.935650
0.935545
0.936623
0.936053
0.936056
0.936105
0.936203
0.936197
0.935957
0.936322
0.935846
0.936332
0.935857
0.936015
0.935940
0.936303
0.936175
0.935843
0.936123
0.935946
0.936800
0.936375
0.936263
0.936612
0.936673
0.937251
0.936759
0.936526
0.936557
0.937380
0.937098
0.936686
0.936870
0.934986
0.936260
0.935495
0.936658
0.936651
0.937324
0.936967
0.936592
0.936661
0.936677
0.936881
0.936416
0.936488
0.936251
0.936731
0.936163
0.936148
0.936068
0.935884
0.936689
0.936151
0.935956
0.935990
0.936506
0.936391
0.936207
0.935900
0.936021
0.936911
0.936556
0.936157
0.935951
0.936174
0.936669
0.936249
0.936205
0.936055
0.936595
0.936163
0.936455
0.936092
0.936182
0.936373
0.936063
0.936238
0.935782
0.936630
0.936196
0.935670
0.935920
0.935646
0.936188
0.935907
0.935572
0.935538
0.936340
0.936050
0.935917
0.935549
0.935659
0.936598
0.935771
0.936083
0.935778
0.936577
0.936624
0.936203
0.936391
0.936672
0.935156
0.935093
0.934753
0.936174
0.936564
0.936530
0.936432
0.936587
0.936152
0.936896
0.936383
0.936328
0.936249
0.936065
0.936674
0.936393
0.936105
0.935789
0.936716
0.936263
0.935833
0.935704
0.935900
0.936597
0.936021
0.935906
0.935810
0.936617
0.936311
0.935967
0.936180
0.936036
0.937043
0.936368
0.936400
0.936305
0.936772
0.936369
0.936409
0.936593
0.936397
0.936980
0.936460
0.936637
0.936373
0.936862
0.936939
0.936584
0.936637
0.936316
0.937212
0.936704
0.936577
0.936534
0.936654
0.936978
0.936467
0.936208
0.936129
0.936986
0.936542
0.936412
0.936427
0.936487
0.937173
0.935619
0.935125
0.934249
0.935851
0.936486
0.936763
0.936999
0.936911
0.937376
0.936754
0.937023
0.936723
0.937265
0.937262
0.936605
0.936881
0.936792
0.937356
0.937195
0.936928
0.936635
0.937304
0.937230
0.936788
0.936820
0.936598
0.937421
0.936955
0.936458
0.936451
0.936900
0.936794
0.936486
0.936524
0.936397
0.936970
0.936340
0.936474
0.936549
0.936299
0.936839
0.936372
0.936585
0.936403
0.937051
0.936870
0.936537
0.936505
0.936537
0.937117
0.936880
0.937105
0.935346
0.937117
0.936893
0.936637
0.936562
0.936373
0.937196
0.936444
0.936264
0.936141
0.936543
0.936573
0.936015
0.935890
0.935817
0.936319
0.936124
0.935246
0.934619
0.934647
0.934658
0.934756
0.935113
0.934823
0.935246
0.934746
0.934826
0.934901
0.935120
0.935624
0.935501
0.935141
0.934908
0.935994
0.935301
0.935015
0.934985
0.934799
0.935841
0.935090
0.935197
0.934898
0.935493
0.934930
0.934784
0.934717
0.934777
0.935228
0.934976
0.934585
0.934384
0.934670
0.934303
0.934257
0.934501
0.934259
0.934619
0.934287
0.934328
0.933944
0.934517
0.934455
0.934163
0.934387
0.934120
0.934928
0.934472
0.934183
0.934224
0.934669
0.934894
0.934365
0.934049
0.934015
0.935321
0.933679
0.934075
0.934252
0.934502
0.934919
0.934426
0.934313
0.934050
0.934528
0.934201
0.934065
0.934404
0.934065
0.934353
0.933893
0.933910
0.933757
0.933740
0.933300
0.933511
0.933854
0.933618
0.934313
0.933899
0.933844
0.932592
0.934027
0.934273
0.934187
0.933971
0.934012
0.934860
0.934130
0.934097
0.933811
0.934352
0.934452
0.933924
0.933993
0.933948
0.934618
0.934212
0.934205
0.934312
0.934226
0.934535
0.934191
0.934213
0.933940
0.934612
0.933947
0.933886
0.933888
0.933732
0.934389
0.933812
0.933699
0.933532
0.934317
0.934065
0.933788
0.933964
0.933595
0.934490
0.933842
0.933920
0.933889
0.934873
0.934396
0.934058
0.933853
0.934225
0.933639
0.931745
0.931703
0.931869
0.931616
0.931072
0.933054
0.933362
0.933544
0.933403
0.934072
0.933974
0.933334
0.933255
0.933858
0.933033
0.933689
0.933635
0.934808
0.934241
0.933697
0.933772
0.934083
0.934297
0.934043
0.933926
0.933880
0.934866
0.933205
0.933860
0.934091
0.933889
0.934790
0.934597
0.934220
0.934449
0.934814
0.934706
0.934318
0.933890
0.933618
0.934972
0.933923
0.934448
0.934091
0.934691
0.934744
0.933909
0.934457
0.933598
0.934113
0.933688
0.933695
0.933136
0.933442
0.933315
0.933092
0.933154
0.933260
0.933598
0.933384
0.934226
0.933456
0.933818
0.934297
0.933813
0.934064
0.933858
0.934724
0.934528
0.934317
0.934230
0.933990
0.934714
0.934250
0.934137
0.934175
0.935335
0.933803
0.934469
0.934672
0.934593
0.935256
0.934640
0.934360
0.933812
0.934270
0.933957
0.933825
0.934556
0.933775
0.933859
0.933528
0.934838
0.934729
0.935513
0.935517
0.935435
0.935477
0.935069
0.936092
0.935428
0.935233
0.935072
0.935509
0.935881
0.935619
0.935844
0.935649
0.936409
0.935934
0.936060
0.935981
0.935817
0.936339
0.935786
0.935961
0.935740
0.936416
0.936165
0.935878
0.935987
0.935588
0.936292
0.936000
0.935770
0.935498
0.936401
0.935422
0.935593
0.935504
0.935364
0.936289
0.935490
0.935425
0.935396
0.935996
0.935859
0.935389
0.935574
0.935277
0.936171
0.935699
0.936139
0.936199
0.935646
0.934552
0.934213
0.933397
0.934284
0.934225
0.935559
0.935928
0.935888
0.935708
0.936358
0.935689
0.935628
0.935797
0.936137
0.936165
0.935295
0.935673
0.935742
0.936312
0.935239
0.935321
0.935269
0.936114
0.935648
0.935282
0.935488
0.935361
0.935920
0.935411
0.935349
0.935431
0.935805
0.935521
0.935526
0.935523
0.935319
0.936559
0.934934
0.935432
0.935715
0.936053
0.936242
0.935765
0.935711
0.935320
0.936350
0.936304
0.935978
0.935664
0.935768
0.936173
0.935230
0.935571
0.935279
0.936304
0.935736
0.935526
0.935532
0.935175
0.935990
0.935094
0.935277
0.935149
0.935900
0.935289
0.935202
0.935257
0.934888
0.935774
0.935165
0.933968
0.934038
0.934344
0.935296
0.935601
0.935447
0.935330
0.936013
0.935807
0.935633
0.935346
0.935813
0.935469
0.935349
0.935465
0.935294
0.936295
0.935673
0.935531
0.935408
0.935669
0.935820
0.935460
0.935431
0.935217
0.935952
0.935457
0.935323
0.935062
0.935106
0.935662
0.935396
0.935355
0.935126
0.935935
0.935497
0.935037
0.935225
0.935274
0.936034
0.935718
0.935940
0.935751
0.936406
0.935880
0.935679
0.935599
0.935731
0.936524
0.935930
0.936105
0.935672
0.936384
0.935988
0.935729
0.935820
0.935653
0.936471
0.935895
0.935806
0.935715
0.935811
0.936025
0.935608
0.936093
0.934569
0.934947
0.933766
0.933250
0.934488
0.933442
0.935727
0.935773
0.935819
0.935152
0.936151
0.935804
0.935526
0.935594
0.935776
0.936442
0.935986
0.936095
0.935782
0.936389
0.936037
0.935937
0.935875
0.936129
0.936711
0.936327
0.936195
0.935856
0.936280
0.936129
0.935951
0.936028
0.936089
0.936716
0.935965
0.935827
0.935656
0.935913
0.935768
0.935695
0.936188
0.934278
0.936034
0.935642
0.935583
0.935482
0.935950
0.935630
0.935653
0.936089
0.936072
0.936723
0.936255
0.936069
0.936074
0.936270
0.936742
0.936322
0.936359
0.935808
0.936571
0.936171
0.936140
0.936268
0.936230
0.937054
0.936171
0.934606
0.934695
0.934444
0.934780
0.934758
0.934486
0.935427
0.936479
0.935898
0.935763
0.935527
0.936003
0.935978
0.935894
0.935818
0.935616
0.936554
0.935509
0.935297
0.935705
0.936123
0.936453
0.936342
0.936157
0.935808
0.936590
0.936211
0.935964
0.936152
0.936165
0.936508
0.936308
0.936127
0.935854
0.936607
0.936258
0.936096
0.936093
0.936197
0.936608
0.936179
0.936000
0.935732
0.936393
0.935889
0.936279
0.935867
0.935733
0.936462
0.935891
0.935733
0.935640
0.936225
0.936188
0.935962
0.936004
0.935751
0.936512
0.936133
0.936310
0.936177
0.936610
0.936759
0.936449
0.936354
0.936173
0.936954
0.936340
0.936435
0.936707
0.935609
0.935746
0.934368
0.934622
0.933848
0.936460
0.936426
0.936295
0.936399
0.936283
0.936447
0.936019
0.935995
0.935705
0.936504
0.936149
0.936026
0.936053
0.935813
0.936526
0.936075
0.935966
0.935848
0.936666
0.936531
0.936313
0.936226
0.936062
0.936996
0.936446
0.936340
0.936354
0.936757
0.936883
0.936412
0.936390
0.936148
0.937426
0.936954
0.936722
0.936626
0.936622
0.936799
0.936456
0.936456
0.936267
0.937121
0.936641
0.936425
0.936246
0.936265
0.936651
0.936325
0.936230
0.936145
0.936967
0.936678
0.936439
0.936444
0.936162
0.936699
0.936580
0.936679
0.936594
0.937583
0.937304
0.936781
0.935084
0.935644
0.935957
0.936795
0.937150
0.936825
0.937473
0.937347
0.936875
0.936983
0.936745
0.937549
0.936931
0.936980
0.936847
0.937002
0.937203
0.936821
0.936769
0.936491
0.937342
0.936737
0.936616
0.936438
0.936486
0.936899
0.936655
0.936668
0.936375
0.937428
0.936787
0.936894
0.936506
0.936970
0.937523
0.937169
0.937164
0.936893
0.937496
0.937175
0.936964
0.936813
0.936918
0.937712
0.937136
0.937161
0.936862
0.937547
0.937257
0.937095
0.937130
0.937031
0.937690
0.937303
0.937052
0.936702
0.937120
0.937059
0.936790
0.936800
0.936679
0.937365
0.936783
0.936788
0.937139
0.935498
0.936112
0.935112
0.935268
0.935169
0.935190
0.936265
0.937246
0.937554
0.937483
0.937898
0.937529
0.937324
0.937042
0.937880
0.937527
0.937518
0.937521
0.937394
0.938016
0.937546
0.937240
0.937237
0.937744
0.937624
0.937452
0.937464
0.937109
0.937771
0.936989
0.937276
0.937270
0.937640
0.937471
0.937132
0.937116
0.936861
0.937725
0.937254
0.937238
0.937038
0.937511
0.937656
0.937446
0.937250
0.937188
0.938312
0.937666
0.937603
0.937660
0.937585
0.938009
0.937611
0.937701
0.937405
0.938387
0.937766
0.937696
0.937688
0.937473
0.938135
0.937729
0.937670
0.937423
0.938356
0.937595
0.937464
0.937254
0.937256
0.938044
0.937047
0.935557
0.935743
0.935243
0.935828
0.935832
0.936648
0.936987
0.937480
0.937490
0.937237
0.937303
0.937873
0.937982
0.937620
0.937567
0.937447
0.938370
0.937518
0.937505
0.937578
0.937911
0.938087
0.938039
0.937824
0.937415
0.938036
0.937638
0.937411
0.937524
0.937350
0.938002
0.937544
0.937135
0.936751
0.937563
0.937239
0.937158
0.937121
0.937086
0.937676
0.937231
0.937058
0.936838
0.937577
0.937194
0.937132
0.937139
0.937252
0.937763
0.937324
0.937415
0.937270
0.937756
0.937733
0.937231
0.937385
0.937251
0.937988
0.937611
0.937494
0.937452
0.937474
0.937766
0.937310
0.937167
0.937184
0.937262
0.936216
0.936354
0.935978
0.935867
0.936637
0.936221
0.936155
0.936030
0.936829
0.936521
0.936007
0.935395
0.935849
0.936642
0.936188
0.936036
0.935964
0.936903
0.936546
0.936468
0.936465
0.936331
0.936974
0.936686
0.936591
0.936339
0.937170
0.936603
0.936263
0.936323
0.936376
0.937148
0.936677
0.936485
0.936415
0.936606
0.936772
0.936239
0.936328
0.936298
0.936589
0.936320
0.936255
0.936008
0.936034
0.936376
0.936045
0.936087
0.935824
0.936719
0.936271
0.936205
0.935789
0.935940
0.936586
0.936430
0.936362
0.936365
0.936931
0.936484
0.936213
0.936327
0.936165
0.936972
0.936782
0.935808
0.936373
0.936959
0.936643
0.936379
0.936266
0.936233
0.936934
0.936556
0.936474
0.936295
0.936730
0.936365
0.936095
0.936053
0.936036
0.936742
0.936187
0.936030
0.935892
0.935943
0.936258
0.936167
0.936066
0.935898
0.936770
0.936217
0.936126
0.936325
0.936412
0.937071
0.936645
0.936664
0.936676
0.937355
0.936750
0.936577
0.936494
0.936585
0.937403
0.936890
0.936695
0.936604
0.936967
0.936767
0.936503
0.936738
0.936366
0.937479
0.936932
0.936093
0.936078
0.936432
0.936501
0.936436
0.936252
0.936174
0.936948
0.936351
0.936090
0.936242
0.936112
0.936317
0.936565
0.935135
0.933833
0.934291
0.933711
0.933574
0.933714
0.935476
0.936455
0.935712
0.936651
0.935548
0.935882
0.936095
0.935668
0.937364
0.937309
0.938002
0.937504
0.937320
0.937024
0.937872
0.937526
0.937619
0.936986
0.937080
0.937685
0.937217
0.936943
0.936874
0.937688
0.937610
0.937316
0.937375
0.937020
0.937753
0.937600
0.936397
0.935895
0.937517
0.938079
0.937747
0.937608
0.937284
0.938088
0.937861
0.937665
0.937762
0.937974
0.937806
0.937701
0.937604
0.937344
0.938196
0.937896
0.937757
0.937684
0.937565
0.938107
0.937386
0.937499
0.937219
0.937612
0.937393
0.937386
0.937131
0.937271
0.937690
0.936887
0.937000
0.936954
0.937687
0.937476
0.937231
0.936855
0.936819
0.937986
0.937089
0.935417
0.935910
0.936953
0.937490
0.937264
0.936938
0.936759
0.937701
0.937333
0.937288
0.937169
0.937266
0.937461
0.936985
0.936848
0.936710
0.937639
0.937316
0.937051
0.936955
0.937146
0.937051
0.936567
0.936564
0.936609
0.937344
0.936714
0.936596
0.936598
0.936341
0.936918
0.936496
0.936641
0.936587
0.937039
0.936859
0.936670
0.936734
0.936689
0.937502
0.936986
0.937015
0.936834
0.937361
0.937298
0.936917
0.936736
0.936735
0.937912
0.937225
0.937100
0.936968
0.937228
0.937202
0.936959
0.936770
0.936865
0.937672
0.936866
0.936723
0.936648
0.936564
0.937078
0.936611
0.937039
0.935152
0.935280
0.934560
0.935405
0.934995
0.936456
0.936714
0.936380
0.936733
0.936561
0.937393
0.937115
0.936866
0.936794
0.936871
0.937707
0.937103
0.937002
0.936861
0.937385
0.937191
0.937012
0.937043
0.937014
0.937819
0.937146
0.937013
0.937003
0.937210
0.937350
0.937088
0.937060
0.936663
0.937388
0.936880
0.936701
0.936748
0.936717
0.937039
0.936860
0.936765
0.936453
0.937170
0.936869
0.936660
0.935805
0.936073
0.936317
0.935973
0.935794
0.935503
0.936285
0.935867
0.936242
0.936322
0.936226
0.936713
0.936374
0.936376
0.936375
0.936935
0.936416
0.936143
0.936122
0.936062
0.936798
0.936188
0.936015
0.936025
0.936441
0.936316
0.935385
0.935144
0.934418
0.936002
0.935119
0.936463
0.936105
0.936600
0.936745
0.936750
0.936280
0.936462
0.937468
0.936955
0.936928
0.936695
0.936794
0.937316
0.937018
0.937065
0.936626
0.937597
0.937361
0.936099
0.936812
0.936747
0.937693
0.937079
0.937039
0.936753
0.937435
0.936977
0.936780
0.936784
0.936899
0.937160
0.936649
0.936681
0.936569
0.937140
0.936609
0.936539
0.936531
0.936425
0.937454
0.935615
0.936568
0.936167
0.936623
0.937061
0.936967
0.936244
0.936688
0.937566
0.937077
0.936877
0.936849
0.936889
0.937342
0.937121
0.936770
0.936236
0.937334
0.937182
0.935774
0.934984
0.935175
0.935553
0.935293
0.936065
0.936131
0.937201
0.936707
0.936219
0.936371
0.936368
0.936972
0.936326
0.936273
0.936247
0.936920
0.936489
0.936334
0.936439
0.936382
0.936609
0.935990
0.936590
0.935996
0.936846
0.937010
0.936772
0.936692
0.936373
0.937127
0.936657
0.936669
0.936613
0.936410
0.937064
0.936928
0.936548
0.936031
0.937109
0.936434
0.936507
0.936444
0.936339
0.937009
0.936469
0.935944
0.935869
0.936784
0.936764
0.935609
0.935055
0.935137
0.935640
0.935309
0.934646
0.935068
0.935773
0.935090
0.934876
0.934702
0.934340
0.934746
0.934353
0.934787
0.934731
0.935199
0.935403
0.934960
0.935133
0.934852
0.934948
0.934853
0.934738
0.934982
0.935376
0.935316
0.934756
0.935020
0.934163
0.935473
0.935098
0.934914
0.934745
0.934001
0.935413
0.934697
0.933609
0.935215
0.936972
0.934827
0.935345
0.934749
0.934747
0.935352
0.934564
0.934428
0.934256
0.935780
0.934590
0.934366
0.935074
0.934955
0.936514
0.936096
0.935773
0.934538
0.936682
0.936136
0.936292
0.936229
0.935105
0.936412
0.936273
0.936069
0.936275
0.935965
0.935792
0.935112
0.935240
0.934920
0.935122
0.935423
0.935440
0.935193
0.935268
0.935777
0.935465
0.935291
0.935097
0.935962
0.935617
0.935512
0.935489
0.935282
0.936060
0.935759
0.935513
0.935777
0.936434
0.936244
0.935907
0.936002
0.935919
0.936465
0.935879
0.935987
0.935888
0.936576
0.936287
0.936018
0.936110
0.935914
0.936342
0.936005
0.935933
0.935971
0.936300
0.935985
0.935696
0.935729
0.935364
0.936064
0.935715
0.935656
0.935552
0.935805
0.935985
0.935720
0.935615
0.935372
0.936039
0.936202
0.935297
0.935848
0.935864
0.936505
0.935959
0.935841
0.935656
0.936567
0.936142
0.935941
0.936031
0.936088
0.936632
0.936098
0.935993
0.936031
0.936595
0.936236
0.936074
0.936067
0.935936
0.936626
0.936054
0.935899
0.935745
0.936230
0.936068
0.935891
0.935890
0.935556
0.936323
0.935824
0.935937
0.935606
0.936131
0.936357
0.935646
0.935977
0.935736
0.936753
0.936412
0.936518
0.936315
0.936435
0.936923
0.936416
0.936220
0.936106
0.937051
0.936576
0.936428
0.936484
0.936332
0.936660
0.936194
0.936142
0.936087
0.936844
0.936412
0.936250
0.936169
0.935650
0.936296
0.935918
0.936079
0.935723
0.936447
0.936187
0.935875
0.935910
0.935797
0.936378
0.936077
0.935465
0.935716
0.935885
0.935110
0.933624
0.933467
0.933064
0.933762
0.934181
0.934374
0.935161
0.935257
0.936736
0.934864
0.934387
0.934220
0.935471
0.935507
0.935501
0.935242
0.935094
0.935416
0.935691
0.935872
0.935640
0.936300
0.935870
0.935650
0.935720
0.935547
0.936226
0.935773
0.935572
0.935489
0.936175
0.935822
0.935479
0.935781
0.934890
0.935620
0.935534
0.935641
0.935444
0.936084
0.936040
0.935255
0.935562
0.936084
0.934803
0.933971
0.934535
0.936064
0.935875
0.936522
0.936139
0.935950
0.935647
0.936459
0.936136
0.935948
0.935786
0.935823
0.936011
0.935692
0.935553
0.935200
0.936106
0.935684
0.935474
0.935248
0.935178
0.935849
0.935413
0.935377
0.935183
0.935862
0.935184
0.935426
0.935382
0.935554
0.936203
0.935623
0.935585
0.935506
0.936096
0.935647
0.935398
0.935690
0.934562
0.935091
0.934796
0.934471
0.934297
0.934510
0.934380
0.933893
0.934126
0.933942
0.934702
0.934173
0.934445
0.934042
0.933449
0.933868
0.933480
0.933471
0.933442
0.934271
0.933887
0.933675
0.933539
0.933670
0.933629
0.933334
0.933433
0.933560
0.934866
0.934463
0.933950
0.933971
0.933290
0.933644
0.934496
0.934618
0.934775
0.935069
0.934891
0.934724
0.934485
0.934625
0.935079
0.934454
0.934506
0.934559
0.934870
0.934641
0.934135
0.934309
0.933372
0.934190
0.933105
0.932961
0.932962
0.933719
0.933916
0.933691
0.933727
0.933132
0.933927
0.933781
0.933315
0.933501
0.933581
0.933926
0.933802
0.933503
0.932857
0.933822
0.933716
0.933403
0.933185
0.932869
0.933874
0.932845
0.932719
0.932547
0.933496
0.933194
0.932742
0.932510
0.932444
0.932974
0.932114
0.931901
0.932176
0.932556
0.932139
0.931765
0.931767
0.931692
0.931841
0.930868
0.931035
0.931466
0.931548
0.931553
0.931012
0.931132
0.930629
0.930952
0.930529
0.930967
0.931307
0.930967
0.931139
0.930925
0.930943
0.929921
0.930324
0.930638
0.929986
0.930060
0.930299
0.928567
0.927575
0.926797
0.925778
0.926439
0.928057
0.928780
0.928562
0.928285
0.929629
0.927976
0.927176
0.926596
0.928450
0.929313
0.929036
0.928894
0.928948
0.929441
0.928155
0.927256
0.928000
0.928462
0.928789
0.928382
0.928361
0.928518
0.928581
0.926859
0.927162
0.927528
0.928176
0.928271
0.927823
0.927937
0.927038
0.926786
0.926262
0.927022
0.927168
0.926936
0.927588
0.927281
0.926998
0.925707
0.925393
0.925687
0.925654
0.925851
0.925956
0.926688
0.926270
0.925356
0.923805
0.924360
0.924973
0.925165
0.925270
0.925281
0.926132
0.925036
0.923859
0.922591
0.924144
0.924957
0.924761
0.925029
0.925102
0.925997
0.924459
0.922445
0.922621
0.923554
0.924395
0.924122
0.924519
0.924407
0.925067
0.921470
0.919319
0.920871
0.922755
0.923433
0.923579
0.923487
0.923064
0.922697
0.920023
0.920321
0.921599
0.921685
0.922784
0.922461
0.922666
0.921674
0.920519
0.918709
0.920231
0.921120
0.920708
0.922443
0.921866
0.921401
0.919848
0.917979
0.918311
0.919562
0.919406
0.919597
0.920557
0.919883
0.918712
0.916323
0.915241
0.917082
0.917519
0.916710
0.917131
0.917701
0.916789
0.914629
0.912347
0.912561
0.914329
0.913482
0.913252
0.913293
0.913805
0.911985
0.909830
0.908802
0.910573
0.911939
0.910829
0.911700
0.911781
0.912669
0.910615
0.909380
0.910283
0.911717
0.912515
0.911631
0.912226
0.910717
0.910832
0.910261
0.909956
0.911559
0.912332
0.912248
0.912443
0.912609
0.912579
0.911940
0.911382
0.911530
0.913103
0.913622
0.914253
0.914075
0.914217
0.913938
0.913704
0.913026
0.913640
0.914520
0.914101
0.915086
0.914397
0.914193
0.913102
0.912252
0.912593
0.913929
0.914930
0.915061
0.916098
0.915733
0.915177
0.914310
0.912942
0.914664
0.914958
0.915492
0.915384
0.915765
0.915101
0.913658
0.913057
0.913153
0.914702
0.914941
0.915383
0.914768
0.915452
0.914373
0.912957
0.912604
0.913169
0.914122
0.913525
0.913432
0.914125
0.914394
0.913379
0.912881
0.913357
0.913510
0.914564
0.913593
0.914643
0.914850
0.912660
0.913204
0.913404
0.914451
0.914546
0.915874
0.915333
0.915450
0.915094
0.914241
0.914635
0.914670
0.915077
0.915146
0.916114
0.915614
0.915310
0.914845
0.914156
0.914773
0.914793
0.914961
0.915172
0.915827
0.915528
0.915138
0.914822
0.914229
0.915588
0.915572
0.915917
0.916034
0.916339
0.916445
0.915772
0.915356
0.915895
0.917100
0.917298
0.917363
0.917455
0.917454
0.917768
0.916824
0.916741
0.917199
0.918521
0.918481
0.918497
0.918525
0.918291
0.918663
0.917397
0.918041
0.918199
0.919350
0.919021
0.918913
0.918739
0.918477
0.918542
0.918150
0.917314
0.918176
0.919320
0.919119
0.918902
0.918999
0.918430
0.916505
0.916954
0.918661
0.919166
0.918522
0.919561
0.919651
0.919497
0.918589
0.919363
0.919451
0.919548
0.919311
0.919735
0.919979
0.919121
0.919151
0.918463
0.919890
0.919449
0.919397
0.919313
0.919479
0.919670
0.919014
0.918593
0.918683
0.919657
0.918893
0.918753
0.918771
0.918600
0.918975
0.918046
0.917965
0.918220
0.918935
0.918537
0.918239
0.918398
0.917854
0.918528
0.917879
0.918389
0.918263
0.918682
0.918496
0.918083
0.918070
0.917584
0.918193
0.918048
0.918356
0.917384
0.918112
0.918223
0.918019
0.917584
0.917156
0.918086
0.918009
0.917808
0.917692
0.917550
0.918317
0.915697
0.915774
0.915151
0.918041
0.917504
0.917137
0.916963
0.916927
0.917326
0.916808
0.916709
0.916959
0.918143
0.916469
0.916914
0.916992
0.916854
0.917685
0.916995
0.917103
0.917230
0.917909
0.917367
0.917041
0.917237
0.916385
0.917246
0.916992
0.917560
0.917314
0.917556
0.917414
0.917146
0.917231
0.916755
0.917623
0.917752
0.917659
0.917379
0.917399
0.917528
0.917160
0.916926
0.916678
0.917982
0.917734
0.917642
0.917429
0.917299
0.917917
0.917426
0.917273
0.917494
0.918784
0.918483
0.918047
0.917962
0.918042
0.918421
0.917705
0.917982
0.918408
0.919250
0.918729
0.918397
0.918469
0.918658
0.918659
0.918676
0.918259
0.917354
0.917805
0.918424
0.918895
0.918966
0.918168
0.918625
0.918748
0.919132
0.919040
0.918559
0.918950
0.919254
0.918849
0.918062
0.919425
0.919733
0.919765
0.919091
0.919066
0.920162
0.919912
0.918981
0.918860
0.920649
0.920719
0.920349
0.919706
0.920110
0.921245
0.919772
0.919272
0.919885
0.921481
0.920992
0.920217
0.920364
0.920553
0.920887
0.918928
0.919380
0.920960
0.920486
0.920568
0.920734
0.920877
0.920725
0.920213
0.919307
0.920123
0.920841
0.921270
0.921423
0.921446
0.921273
0.920438
0.920215
0.920008
0.921612
0.921671
0.921883
0.922441
0.921946
0.922170
0.920135
0.918918
0.919815
0.921384
0.921730
0.922421
0.923064
0.922329
0.921829
0.920424
0.921417
0.922326
0.922310
0.923168
0.922458
0.923169
0.922081
0.921388
0.920402
0.922258
0.922444
0.922969
0.923035
0.922876
0.923407
0.922288
0.921345
0.921209
0.923018
0.923548
0.923597
0.923533
0.923116
0.924034
0.922832
0.921746
0.922973
0.923983
0.924309
0.924103
0.923858
0.923419
0.923798
0.922449
0.922468
0.923531
0.924267
0.924477
0.924093
0.923839
0.923104
0.923488
0.922240
0.923248
0.924094
0.923759
0.924846
0.923806
0.923539
0.922682
0.922821
0.922981
0.924067
0.924233
0.924115
0.924743
0.923960
0.923448
0.922941
0.923356
0.922635
0.923688
0.923903
0.924377
0.925103
0.924190
0.923706
0.922900
0.924646
0.925091
0.924857
0.925022
0.924634
0.925264
0.924028
0.923522
0.924003
0.925295
0.925438
0.925100
0.924880
0.924381
0.924473
0.923616
0.923547
0.924687
0.924937
0.925434
0.924829
0.924559
0.924003
0.924282
0.923645
0.924702
0.925220
0.924828
0.925800
0.925113
0.924961
0.924135
0.924508
0.925025
0.925686
0.925353
0.925402
0.926244
0.924672
0.924659
0.924075
0.925444
0.925801
0.925387
0.925484
0.925149
0.926010
0.924847
0.924280
0.924371
0.925334
0.925595
0.925150
0.925078
0.924716
0.925337
0.924258
0.923140
0.923660
0.924099
0.924426
0.924397
0.924231
0.923976
0.924134
0.923361
0.923855
0.924638
0.924395
0.925241
0.924687
0.924633
0.923851
0.923911
0.923804
0.924824
0.924279
0.924625
0.925162
0.924804
0.924333
0.923502
0.923750
0.924467
0.924641
0.924366
0.924454
0.924920
0.924214
0.923337
0.922842
0.923606
0.924513
0.923853
0.924137
0.923591
0.924432
0.923497
0.922739
0.922872
0.923740
0.924137
0.924109
0.923874
0.923237
0.924382
0.923198
0.922834
0.923708
0.924026
0.924347
0.924013
0.924048
0.923286
0.923603
0.922688
0.923069
0.923553
0.923281
0.924214
0.923601
0.923526
0.922704
0.922750
0.922405
0.922877
0.922502
0.922393
0.923269
0.922784
0.922285
0.921459
0.921351
0.922284
0.922159
0.921902
0.921984
0.922704
0.922154
0.921501
0.920719
0.921344
0.922127
0.921487
0.921806
0.921475
0.922444
0.921420
0.920497
0.920066
0.921097
0.921018
0.921153
0.921329
0.921258
0.921530
0.920181
0.919450
0.920259
0.920221
0.920408
0.920805
0.920580
0.919900
0.919858
0.918646
0.918861
0.919111
0.918183
0.919871
0.919387
0.919412
0.918789
0.918081
0.917516
0.918036
0.917736
0.917841
0.919175
0.918639
0.918568
0.917203
0.916415
0.917622
0.916818
0.916392
0.917246
0.915996
0.915533
0.914494
0.912276
0.912120
0.913080
0.913219
0.914689
0.914702
0.916110
0.915048
0.913057
0.912001
0.912837
0.912694
0.912368
0.913678
0.913525
0.914043
0.912375
0.910721
0.911290
0.911428
0.911745
0.912026
0.911867
0.911444
0.911147
0.909804
0.909178
0.910089
0.908703
0.910107
0.909833
0.909388
0.908937
0.907990
0.906473
0.907205
0.906081
0.905788
0.907169
0.906444
0.906243
0.904143
0.902014
0.902355
0.901855
0.901031
0.900786
0.901010
0.900236
0.899014
0.897543
0.896177
0.897560
0.896450
0.896040
0.895254
0.895464
0.895136
0.893996
0.892122
0.892183
0.892594
0.891286
0.890698
0.890061
0.890479
0.889649
0.887837
0.887414
0.887200
0.887013
0.885691
0.885940
0.884722
0.884774
0.885574
0.882443
0.882347
0.881215
0.880939
0.880027
0.880968
0.881118
0.880971
0.879128
0.877739
0.877880
0.876647
0.877374
0.876088
0.875583
0.875768
0.874403
0.872382
0.872790
0.871722
0.871654
0.872234
0.871310
0.872020
0.871304
0.868845
0.868422
0.867838
0.866113
0.866144
0.865480
0.864913
0.864279
0.862069
0.857434
0.858300
0.855786
0.855027
0.854235
0.853882
0.853586
0.851341
0.846828
0.843337
0.843049
0.840341
0.840276
0.838515
0.838524
0.838027
0.834905
0.828031
0.826344
0.824990
0.823667
0.823997
0.822524
0.822859
0.821968
0.815846
0.809134
0.808308
0.805971
0.807533
0.808872
0.809581
0.810960
0.808796
0.799087
0.795481
0.795932
0.795058
0.802621
0.806717
0.809616
0.810270
0.805209
0.795069
0.793797
0.791569
0.795121
0.806435
0.810522
0.814419
0.812540
0.805964
0.795635
0.797517
0.795768
0.801900
0.812107
0.816326
0.820035
0.817220
0.809153
0.800477
0.803765
0.801924
0.808749
0.817466
0.822163
0.824318
0.820723
0.812439
0.806320
0.810711
0.809242
0.815796
0.823796
0.828146
0.829876
0.826318
0.818457
0.814777
0.819691
0.817947
0.823930
0.829956
0.833585
0.834073
0.830560
0.823197
0.822144
0.827180
0.825233
0.830331
0.833591
0.836405
0.835919
0.832796
0.825260
0.828064
0.832252
0.830653
0.833239
0.834166
0.836657
0.836316
0.832824
0.828272
0.833512
0.835918
0.835226
0.836740
0.838473
0.838912
0.837541
0.831568
0.832223
0.838019
0.839387
0.839349
0.838168
0.840321
0.839242
0.836572
0.831625
0.836463
0.841042
0.840326
0.839344
0.838816
0.840310
0.838266
0.833485
0.833982
0.838290
0.841301
0.839666
0.838171
0.838792
0.838320
0.835515
0.831562
0.835739
0.839415
0.839377
0.837373
0.836695
0.836768
0.835763
0.831767
0.831993
0.836182
0.838624
0.837142
0.835156
0.835728
0.835496
0.833515
0.830714
0.833946
0.837791
0.837496
0.836623
0.835730
0.836242
0.835124
0.832160
0.833535
0.835556
0.837650
0.836036
0.835258
0.835891
0.836757
0.835756
0.833774
0.837692
0.840718
0.841085
0.839716
0.840198
0.841814
0.839421
0.839047
0.839163
0.843857
0.846169
0.845317
0.844266
0.845585
0.845979
0.844638
0.844013
0.846518
0.850620
0.851300
0.850402
0.850565
0.851949
0.851904
0.850538
0.851427
0.854795
0.857380
0.856593
0.856622
0.857564
0.858264
0.857370
0.857070
0.860731
0.862381
0.863572
0.862940
0.863851
0.864578
0.863877
0.863911
0.866557
0.868527
0.869504
0.869616
0.869946
0.871221
0.871252
0.869821
0.873041
0.875567
0.875313
0.874925
0.876080
0.876982
0.877348
0.876236
0.877446
0.881455
0.881678
0.880796
0.880033
0.879692
0.880525
0.879043
0.879622
0.883572
0.886373
0.884534
0.883328
0.884067
0.884984
0.885078
0.885483
0.889139
0.889509
0.889893
0.886713
0.886921
0.888444
0.888567
0.889944
0.893143
0.894243
0.893776
0.891493
0.890604
0.891806
0.892170
0.893022
0.897381
0.898014
0.897911
0.895433
0.894032
0.895411
0.896037
0.896412
0.899739
0.901638
0.900966
0.899375
0.896302
0.896567
0.898593
0.898581
0.901765
0.902470
0.903419
0.902188
0.898733
0.898639
0.900341
0.900727
0.902745
0.903684
0.903792
0.904085
0.901397
0.899655
0.901419
0.902122
0.904365
0.904953
0.905217
0.904975
0.905270
0.901014
0.901822
0.903067
0.904103
0.905609
0.905175
0.906818
0.906172
0.905527
0.905572
0.906394
0.906934
0.907272
0.908601
0.908226
0.907839
0.906570
0.907348
0.907918
0.908571
0.908815
0.909245
0.910143
0.909541
0.908416
0.908062
0.908914
0.909903
0.910071
0.910417
0.910617
0.911424
0.910389
0.909007
0.909587
0.910278
0.911408
0.911302
0.912011
0.911944
0.912746
0.910912
0.910901
0.911551
0.912389
0.912951
0.913461
0.913782
0.913343
0.912983
0.911365
0.912310
0.913091
0.913543
0.914323
0.914705
0.914838
0.914693
0.913427
0.913607
0.914296
0.915197
0.915444
0.917097
0.916951
0.917029
0.916736
0.913635
0.914994
0.915359
0.917163
0.917372
0.918979
0.918576
0.918412
0.917118
0.917003
0.918115
0.918617
0.918821
0.918880
0.919925
0.919252
0.919169
0.917950
0.918339
0.919272
0.919179
0.919213
0.919368
0.920035
0.919504
0.919166
0.918617
0.919117
0.920036
0.919514
0.919530
0.919448
0.920169
0.919772
0.919405
0.919435
0.920115
0.920835
0.920345
0.920535
0.920645
0.920838
0.920842
0.920278
0.920631
0.920960
0.921836
0.921541
0.921831
0.921650
0.922341
0.922837
0.922543
0.923165
0.922965
0.923771
0.923201
0.923182
0.922456
0.922931
0.924008
0.923302
0.923790
0.923426
0.924233
0.923881
0.923413
0.922806
0.923838
0.923344
0.922043
0.922216
0.921497
0.922765
0.923644
0.923378
0.923003
0.923473
0.924233
0.923646
0.923449
0.923401
0.923479
0.923641
0.922978
0.922594
0.922773
0.923445
0.922847
0.922658
0.922739
0.922825
0.923023
0.922522
0.922029
0.921812
0.922565
0.922015
0.922047
0.922130
0.922263
0.922784
0.922391
0.922425
0.922025
0.922723
0.922223
0.922260
0.922561
0.922971
0.923751
0.923664
0.923705
0.923082
0.923213
0.923239
0.923193
0.924332
0.924333
0.925497
0.924428
0.924746
0.923855
0.923100
0.923287
0.924708
0.925158
0.925080
0.926140
0.925533
0.925221
0.922938
0.922306
0.924345
0.925391
0.925791
0.924728
0.924385
0.923976
0.923258
0.921601
0.923184
0.925871
0.925893
0.925339
0.925696
0.927249
0.926397
0.926640
0.926623
0.926713
0.927584
0.926870
0.927126
0.927155
0.928526
0.928184
0.927927
0.928042
0.927911
0.928555
0.927621
0.927421
0.927173
0.927961
0.927367
0.927139
0.927128
0.926943
0.927463
0.926859
0.926694
0.926546
0.926952
0.926991
0.926792
0.926890
0.926831
0.927774
0.927541
0.927343
0.927477
0.927616
0.927969
0.927680
0.928199
0.928182
0.929073
0.927739
0.928758
0.928923
0.928838
0.929164
0.929018
0.928674
0.928878
0.930591
0.930255
0.929971
0.929920
0.929418
0.929820
0.929377
0.929364
0.929702
0.930216
0.929762
0.929105
0.929427
0.928290
0.928702
0.928638
0.930098
0.930363
0.931042
0.931051
0.930742
0.930040
0.928428
0.929679
0.930668
0.931678
0.931749
0.932188
0.932413
0.931866
0.930974
0.930464
0.932163
0.932325
0.932555
0.932824
0.931743
0.932754
0.932531
0.932056
0.932034
0.933050
0.932841
0.932594
0.932509
0.932531
0.933118
0.932674
0.932335
0.932168
0.933312
0.933161
0.932709
0.932742
0.932592
0.933150
0.932578
0.932516
0.932443
0.933086
0.933003
0.932842
0.932721
0.932605
0.933363
0.933179
0.933250
0.933436
0.933867
0.933892
0.933741
0.933725
0.933443
0.934185
0.933781
0.933847
0.934009
0.934045
0.934336
0.934014
0.933894
0.933687
0.934517
0.933968
0.933882
0.933904
0.933544
0.934105
0.933635
0.933571
0.933326
0.934118
0.933648
0.933607
0.933536
0.933451
0.934075
0.933532
0.933559
0.933537
0.934319
0.934032
0.933827
0.933855
0.933644
0.934227
0.933704
0.933567
0.933619
0.934141
0.934156
0.933316
0.933692
0.933715
0.934382
0.933656
0.933536
0.933528
0.933913
0.934093
0.933591
0.933400
0.933283
0.933655
0.933414
0.933135
0.933178
0.933254
0.933506
0.933106
0.933030
0.932681
0.933592
0.933086
0.933148
0.932626
0.932602
0.933360
0.931070
0.930251
0.930260
0.930622
0.930421
0.930402
0.932089
0.932144
0.932649
0.932424
0.932011
0.932131
0.932369
0.932655
0.931896
0.932760
0.933016
0.933703
0.933179
0.933072
0.933213
0.933474
0.933561
0.932387
0.932810
0.932618
0.933478
0.932666
0.932608
0.932646
0.932721
0.932973
0.932691
0.932526
0.932276
0.932828
0.932449
0.932480
0.932909
0.932811
0.933352
0.932692
0.932497
0.932168
0.932478
0.931983
0.932427
0.932918
0.931738
0.932873
0.932499
0.932101
0.930668
0.930932
0.931876
0.932195
0.932408
0.931675
0.931301
0.930580
0.928255
0.928422
0.930309
0.931603
0.931349
0.931363
0.931047
0.931548
0.929799
0.928872
0.929150
0.930641
0.931391
0.930504
0.930696
0.929993
0.930976
0.928156
0.927764
0.928098
0.929984
0.930875
0.930332
0.929972
0.929527
0.929177
0.929381
0.929637
0.929860
0.929829
0.930355
0.929450
0.929251
0.928446
0.929234
0.929229
0.928943
0.929312
0.928285
0.928969
0.928795
0.928091
0.927545
0.928257
0.928124
0.928064
0.927931
0.927578
0.928148
0.927007
0.926498
0.926654
0.927095
0.927215
0.927122
0.926732
0.926301
0.926602
0.925878
0.925630
0.925719
0.925649
0.926246
0.925636
0.925395
0.924964
0.925475
0.924774
0.924576
0.924666
0.924676
0.925217
0.924473
0.924163
0.923640
0.923868
0.923408
0.923519
0.923375
0.923331
0.923997
0.923219
0.923364
0.921434
0.921425
0.920736
0.921228
0.921633
0.921742
0.923206
0.923036
0.922704
0.922615
0.923137
0.923352
0.923269
0.923472
0.922993
0.923969
0.923494
0.922893
0.923346
0.922750
0.924373
0.923971
0.923998
0.923711
0.924645
0.923980
0.923485
0.924015
0.924228
0.924777
0.924239
0.924289
0.924031
0.924813
0.923610
0.923303
0.924054
0.924422
0.924826
0.924557
0.924459
0.924239
0.923922
0.922722
0.923465
0.924034
0.924156
0.924825
0.924032
0.923854
0.923184
0.922350
0.921925
0.922533
0.923099
0.922787
0.923590
0.922803
0.922493
0.921147
0.920597
0.921062
0.921252
0.921809
0.921483
0.922672
0.921339
0.918846
0.917758
0.917213
0.918299
0.919290
0.920705
0.920439
0.921401
0.920610
0.919666
0.918946
0.918779
0.920683
0.920306
0.920717
0.920901
0.921819
0.920798
0.920011
0.918906
0.918416
0.921031
0.921015
0.920941
0.920894
0.920871
0.920098
0.919379
0.917715
0.918954
0.920719
0.920354
0.920333
0.919862
0.920023
0.919502
0.918106
0.916692
0.917746
0.919653
0.919115
0.919183
0.918716
0.918648
0.918326
0.916934
0.915996
0.918003
0.919406
0.918726
0.918511
0.918439
0.918161
0.917876
0.916604
0.916356
0.918097
0.918852
0.918399
0.918025
0.918161
0.917410
0.918155
0.915657
0.916593
0.918475
0.918446
0.916871
0.916532
0.916606
0.915130
0.915847
0.915473
0.916826
0.917934
0.917338
0.917758
0.917392
0.917186
0.916145
0.917749
0.916550
0.916800
0.917226
0.917056
0.917521
0.917089
0.915079
0.915508
0.917177
0.915745
0.916297
0.916375
0.916146
0.916661
0.914744
0.914321
0.915459
0.915979
0.914503
0.915017
0.914721
0.914106
0.914044
0.912590
0.913252
0.914786
0.914973
0.914448
0.913568
0.912750
0.912257
0.911533
0.911762
0.913270
0.913688
0.913693
0.913532
0.911059
0.910331
0.909324
0.910488
0.912563
0.912970
0.915031
0.913528
0.912572
0.909660
0.909840
0.909209
0.910486
0.911576
0.913175
0.913494
0.912215
0.910357
0.909289
0.910510
0.909758
0.911919
0.913205
0.912812
0.913818
0.912230
0.911176
0.909925
0.908694
0.908909
0.911515
0.912009
0.912457
0.910686
0.909477
0.908234
0.907483
0.907292
0.907518
0.909739
0.910670
0.910498
0.909778
0.908362
0.908595
0.907792
0.907091
0.906962
0.909491
0.910501
0.908672
0.907702
0.906536
0.907503
0.905874
0.903823
0.905870
0.907165
0.907515
0.905138
0.903425
0.903473
0.904216
0.901339
0.902160
0.904097
0.904921
0.905026
0.902755
0.901157
0.901432
0.901373
0.900308
0.901902
0.902483
0.902929
0.902776
0.900471
0.900259
0.901197
0.900373
0.901279
0.901387
0.902935
0.901863
0.901957
0.899580
0.900637
0.900232
0.899373
0.898938
0.897812
0.897737
0.895547
0.892913
0.890854
0.891290
0.889401
0.888656
0.887487
0.888393
0.888620
0.887677
0.887032
0.889083
0.890302
0.889417
0.888389
0.889300
0.890518
0.890049
0.888861
0.890685
0.892714
0.892201
0.891404
0.890623
0.892754
0.892077
0.891410
0.889626
0.892912
0.893180
0.891520
0.890475
0.890858
0.891668
0.890222
0.888162
0.888022
0.889730
0.887768
0.885375
0.883563
0.883712
0.883054
0.880228
0.878311
0.879557
0.880165
0.879166
0.877413
0.878051
0.877177
0.877005
0.873852
0.875481
0.877001
0.877354
0.877197
0.877428
0.877695
0.877125
0.876566
0.877011
0.879611
0.880178
0.880365
0.880966
0.881351
0.880948
0.879464
0.878781
0.881171
0.881422
0.881271
0.879418
0.880087
0.879539
0.879370
0.878060
0.880558
0.882652
0.883545
0.883463
0.883052
0.883107
0.882786
0.881919
0.882658
0.884562
0.885603
0.885703
0.885119
0.885378
0.886077
0.885473
0.885173
0.887148
0.888597
0.889521
0.888921
0.888602
0.887449
0.887144
0.885277
0.886690
0.888245
0.888579
0.889227
0.887299
0.886748
0.883909
0.883385
0.882859
0.884476
0.885817
0.885144
0.886530
0.884925
0.884812
0.881667
0.882176
0.884349
0.886293
0.886500
0.887905
0.889473
0.888886
0.886766
0.884203
0.886005
0.888853
0.889612
0.890233
0.891995
0.893261
0.891740
0.888896
0.887690
0.890971
0.893440
0.892243
0.894632
0.895815
0.896755
0.893933
0.891056
0.892337
0.895666
0.895981
0.896775
0.898705
0.899549
0.899459
0.893961
0.892540
0.895794
0.898327
0.898880
0.900134
0.901566
0.901294
0.898752
0.895840
0.897832
0.901308
0.900910
0.902264
0.903758
0.905259
0.902374
0.899674
0.899155
0.903111
0.904894
0.903931
0.906633
0.907837
0.907554
0.903308
0.901783
0.904650
0.907999
0.906513
0.906959
0.909610
0.910463
0.907557
0.903966
0.904300
0.908621
0.909007
0.908092
0.910195
0.913133
0.911345
0.907263
0.906017
0.909297
0.911794
0.910722
0.912710
0.913876
0.915096
0.910262
0.908232
0.910204
0.913087
0.912806
0.913215
0.914737
0.915603
0.913931
0.910575
0.910740
0.914127
0.913028
0.914117
0.915630
0.916943
0.915549
0.913003
0.911817
0.914731
0.914785
0.913832
0.916780
0.917628
0.917527
0.913690
0.912663
0.915511
0.915928
0.914534
0.916579
0.918429
0.918094
0.916299
0.913963
0.915314
0.917232
0.914860
0.917200
0.917906
0.919626
0.917802
0.915594
0.915695
0.917529
0.917026
0.918059
0.919165
0.919678
0.919637
0.917377
0.916500
0.918659
0.917940
0.919410
0.919855
0.920903
0.918614
0.916967
0.915290
0.916819
0.915530
0.917820
0.920362
0.920708
0.920632
0.919997
0.918322
0.919785
0.919607
0.920539
0.921607
0.922765
0.922573
0.922011
0.919150
0.920104
0.921131
0.920519
0.921555
0.921938
0.923322
0.922334
0.920901
0.920188
0.921037
0.921288
0.921372
0.922287
0.922556
0.923447
0.922154
0.920581
0.921269
0.921000
0.922254
0.922549
0.922890
0.923133
0.923645
0.920925
0.921008
0.921732
0.921625
0.923143
0.923104
0.923312
0.923086
0.922542
0.921329
0.921992
0.920909
0.921410
0.923234
0.923551
0.922465
0.922511
0.921581
0.921825
0.921702
0.921839
0.922787
0.923988
0.923898
0.923634
0.922700
0.921814
0.923078
0.922407
0.923517
0.923986
0.925288
0.925075
0.924520
0.923247
0.923247
0.922272
0.922200
0.922971
0.924683
0.925907
0.925318
0.924502
0.923433
0.923632
0.923935
0.924261
0.925117
0.925329
0.925911
0.924904
0.923573
0.923501
0.923492
0.924286
0.924687
0.925219
0.925466
0.925614
0.925199
0.923879
0.924140
0.923700
0.925323
0.925381
0.926072
0.926245
0.925805
0.925198
0.924537
0.924711
0.924408
0.926053
0.926092
0.926303
0.926265
0.925705
0.925265
0.925081
0.924839
0.924873
0.926506
0.926382
0.926301
0.926412
0.925310
0.925336
0.925127
0.924735
0.925246
0.926366
0.926412
0.926198
0.925814
0.924870
0.925402
0.925429
0.925067
0.925587
0.926434
0.926868
0.925089
0.924016
0.923374
0.923786
0.925332
0.925937
0.926532
0.926783
0.927311
0.926737
0.926075
0.924678
0.926669
0.925968
0.926224
0.926332
0.926553
0.927191
0.926260
0.925387
0.925140
0.926601
0.925731
0.926443
0.925018
0.925952
0.927111
0.925587
0.924178
0.923609
0.925196
0.925631
0.926007
0.925980
0.926191
0.926609
0.925264
0.924829
0.925677
0.926000
0.926272
0.926191
0.926278
0.926203
0.926770
0.925390
0.925261
0.925978
0.925969
0.926065
0.926307
0.926498
0.926155
0.926408
0.925149
0.925387
0.925794
0.925626
0.926433
0.926089
0.926264
0.925486
0.925580
0.924635
0.925323
0.925376
0.925292
0.926037
0.925822
0.925130
0.923313
0.923901
0.923538
0.924920
0.925100
0.924485
0.925142
0.925466
0.925330
0.924593
0.924436
0.924858
0.924965
0.924765
0.924586
0.925298
0.924839
0.924579
0.923662
0.923984
0.924870
0.923820
0.924175
0.924014
0.925071
0.924428
0.923814
0.922929
0.923545
0.923868
0.923769
0.923927
0.923668
0.924718
0.923857
0.923057
0.922941
0.923797
0.924579
0.924069
0.923977
0.923979
0.924645
0.923887
0.923228
0.923793
0.924153
0.924545
0.924519
0.924479
0.924432
0.924664
0.923790
0.923599
0.924506
0.924442
0.925279
0.924822
0.924758
0.924572
0.924429
0.923908
0.924299
0.924878
0.924978
0.923672
0.923761
0.923201
0.924205
0.923906
0.924384
0.924700
0.924744
0.924790
0.925624
0.925388
0.924926
0.924369
0.924113
0.925446
0.925319
0.925796
0.925769
0.926683
0.926021
0.925464
0.924833
0.925294
0.926456
0.926035
0.926219
0.925966
0.926845
0.926155
0.925378
0.925274
0.925921
0.927114
0.925257
0.926009
0.926355
0.926705
0.926076
0.925215
0.925260
0.926031
0.926831
0.926511
0.926428
0.926291
0.926394
0.925550
0.925756
0.926334
0.926328
0.927401
0.926718
0.926913
0.926756
0.926201
0.926471
0.927017
0.927170
0.926852
0.927851
0.927522
0.927371
0.927002
0.926327
0.927483
0.927538
0.927614
0.927557
0.928604
0.926467
0.926473
0.925435
0.926664
0.928207
0.928122
0.927867
0.927058
0.928266
0.927900
0.927479
0.927026
0.927228
0.928445
0.928001
0.928094
0.928070
0.928605
0.928110
0.927386
0.927490
0.928071
0.929238
0.928839
0.928976
0.929101
0.929171
0.928843
0.928276
0.928767
0.928956
0.929928
0.929323
0.929335
0.929432
0.928932
0.928898
0.928715
0.929084
0.929178
0.930099
0.929633
0.929623
0.929304
0.928528
0.928804
0.929086
0.929149
0.929147
0.929793
0.929720
0.929394
0.928953
0.928307
0.929390
0.929363
0.929521
0.929694
0.930222
0.930387
0.929802
0.929455
0.928962
0.930225
0.929891
0.930142
0.930214
0.930566
0.931208
0.928829
0.927907
0.928173
0.930648
0.930803
0.930661
0.930723
0.930756
0.930911
0.930181
0.929874
0.930040
0.931042
0.930532
0.930528
0.930454
0.930593
0.930842
0.930091
0.930001
0.930283
0.931286
0.930973
0.930936
0.931019
0.930763
0.931332
0.930457
0.930878
0.930935
0.932071
0.931835
0.931675
0.931875
0.931436
0.931662
0.931243
0.931560
0.931587
0.932203
0.932272
0.932021
0.931987
0.931399
0.931739
0.931625
0.931687
0.931886
0.932047
0.932302
0.931838
0.931661
0.931198
0.931741
0.931686
0.931701
0.932001
0.931785
0.932357
0.931967
0.931916
0.931385
0.932351
0.932037
0.932572
0.932100
0.930663
0.931666
0.931975
0.932244
0.931885
0.932800
0.932619
0.932688
0.932810
0.932553
0.933284
0.932726
0.932642
0.932286
0.932932
0.932972
0.932958
0.932879
0.932621
0.933608
0.932881
0.932485
0.932118
0.932810
0.932867
0.932897
0.932850
0.932540
0.933546
0.932852
0.932576
0.932545
0.932760
0.933518
0.933154
0.933268
0.933027
0.933884
0.933363
0.933193
0.933222
0.933278
0.934025
0.933805
0.933719
0.933374
0.934122
0.933586
0.933160
0.933340
0.933250
0.934067
0.933776
0.933440
0.933349
0.933851
0.933421
0.932978
0.933034
0.932835
0.933657
0.933185
0.932925
0.933173
0.933202
0.933110
0.932518
0.933180
0.932348
0.931799
0.931773
0.932619
0.933015
0.933027
0.933279
0.932837
0.933124
0.932884
0.933895
0.933350
0.933258
0.933225
0.933170
0.933609
0.932738
0.933123
0.933018
0.933892
0.933464
0.933183
0.933236
0.932944
0.933437
0.932793
0.933015
0.932837
0.933536
0.933010
0.932824
0.932791
0.932536
0.932940
0.932399
0.932757
0.932519
0.933409
0.932068
0.932446
0.932769
0.932409
0.932974
0.932692
0.932794
0.933024
0.933182
0.933396
0.933183
0.932915
0.932434
0.933078
0.932899
0.932963
0.932951
0.932992
0.933377
0.933180
0.932656
0.931597
0.932913
0.932692
0.932799
0.932708
0.932556
0.932876
0.931592
0.930648
0.930407
0.931391
0.931435
0.931442
0.931293
0.931152
0.931663
0.931060
0.930536
0.930822
0.931368
0.931447
0.931156
0.931045
0.930990
0.931514
0.930678
0.930456
0.930938
0.931258
0.931324
0.930821
0.930806
0.930452
0.930931
0.930472
0.930531
0.930629
0.930637
0.930903
0.930318
0.930237
0.929624
0.930296
0.930187
0.929852
0.929824
0.929247
0.930203
0.929626
0.929240
0.928701
0.929641
0.929555
0.929560
0.929438
0.929188
0.929868
0.929071
0.928653
0.928748
0.929771
0.929953
0.929812
0.929440
0.929229
0.929915
0.928907
0.928838
0.929214
0.929758
0.929722
0.929382
0.929192
0.928829
0.929176
0.928188
0.928697
0.929233
0.928650
0.928710
0.928547
0.928538
0.927896
0.927527
0.927756
0.928222
0.928033
0.928165
0.928544
0.928234
0.927604
0.926898
0.927951
0.927962
0.927987
0.927580
0.927592
0.928616
0.927511
0.927064
0.926936
0.927901
0.928043
0.927819
0.927682
0.927483
0.928054
0.927014
0.926450
0.927075
0.927753
0.927421
0.927296
0.927262
0.926940
0.927191
0.925952
0.926379
0.926713
0.926681
0.926476
0.926173
0.926285
0.925905
0.925835
0.925242
0.925990
0.925938
0.925884
0.926342
0.926052
0.925576
0.924795
0.924814
0.924726
0.925247
0.925267
0.923219
0.923502
0.923035
0.922398
0.920869
0.923463
0.924447
0.924173
0.924206
0.924390
0.924726
0.923396
0.922539
0.921623
0.923695
0.923817
0.923446
0.923390
0.923085
0.923690
0.922599
0.920390
0.921645
0.922387
0.922551
0.922311
0.922021
0.921896
0.921840
0.920140
0.920230
0.920563
0.920908
0.921347
0.920371
0.921083
0.920759
0.920996
0.917856
0.918598
0.920431
0.918894
0.919754
0.920147
0.919577
0.918732
0.917544
0.917615
0.918681
0.918448
0.918400
0.918944
0.918530
0.917849
0.916439
0.916507
0.917484
0.917522
0.917268
0.917315
0.918018
0.917439
0.916326
0.914100
0.914739
0.916201
0.915648
0.916302
0.915109
0.916539
0.915588
0.913233
0.911834
0.913783
0.914721
0.914397
0.914838
0.914671
0.914740
0.912827
0.909446
0.909103
0.911004
0.911301
0.911306
0.911230
0.910425
0.911205
0.908462
0.906417
0.907863
0.909231
0.909162
0.909239
0.909179
0.908546
0.905796
0.902920
0.902469
0.904271
0.904333
0.904409
0.904048
0.903854
0.902374
0.899693
0.897598
0.898338
0.898857
0.898570
0.898703
0.898563
0.897651
0.895256
0.892710
0.892239
0.892665
0.893008
0.892033
0.892128
0.891308
0.889783
0.887333
0.885919
0.886191
0.885732
0.886100
0.884988
0.884694
0.883858
0.882154
0.880294
0.878613
0.878880
0.878243
0.879139
0.878347
0.877691
0.876742
0.875330
0.873800
0.870949
0.872770
0.872889
0.872721
0.870616
0.869968
0.869030
0.868433
0.865944
0.863155
0.866275
0.866915
0.866783
0.866351
0.866033
0.865645
0.863863
0.861359
0.860932
0.863660
0.864494
0.864393
0.864620
0.865523
0.866525
0.865905
0.865580
0.867313
0.871001
0.872794
0.872761
0.872564
0.873044
0.873272
0.871937
0.871049
0.872665
0.875177
0.876369
0.875520
0.874224
0.874066
0.874861
0.873903
0.873060
0.874750
0.876854
0.877550
0.876657
0.875018
0.874426
0.875271
0.874082
0.873234
0.874864
0.876227
0.877113
0.875924
0.874158
0.874035
0.875043
0.874395
0.873892
0.876231
0.877643
0.879057
0.878492
0.876512
0.877246
0.878029
0.877562
0.876027
0.878462
0.879609
0.881912
0.880888
0.879303
0.880905
0.881131
0.880892
0.879961
0.882311
0.884436
0.885586
0.884935
0.884520
0.884966
0.884631
0.884012
0.885718
0.887637
0.888358
0.889186
0.888296
0.889460
0.888666
0.887890
0.887834
0.890447
0.891745
0.891454
0.891807
0.891364
0.891695
0.889383
0.888495
0.890532
0.891656
0.892050
0.890665
0.891003
0.891209
0.889938
0.888501
0.888994
0.891775
0.892108
0.890900
0.890206
0.891364
0.890906
0.888579
0.888456
0.890278
0.891864
0.891119
0.890148
0.889046
0.889555
0.887297
0.885980
0.887320
0.887938
0.888405
0.886614
0.886355
0.885975
0.885190
0.883238
0.884150
0.884848
0.883426
0.883201
0.882449
0.883237
0.881966
0.881087
0.881409
0.882808
0.882748
0.881743
0.882388
0.881628
0.881044
0.879099
0.877303
0.879425
0.879816
0.879561
0.879232
0.880135
0.880190
0.879436
0.878841
0.880204
0.881906
0.881611
0.881807
0.882401
0.883424
0.883088
0.881975
0.882901
0.884281
0.885284
0.884805
0.886001
0.884723
0.886105
0.885125
0.884420
0.886435
0.886527
0.887703
0.887944
0.888199
0.888954
0.889109
0.888965
0.890209
0.890476
0.890806
0.892609
0.892818
0.893545
0.893385
0.893455
0.895429
0.895761
0.896334
0.897081
0.898254
0.898092
0.897731
0.897331
0.898156
0.899851
0.899004
0.898457
0.898251
0.899288
0.898063
0.898910
0.899872
0.901315
0.902015
0.901904
0.901896
0.902303
0.902939
0.902387
0.902073
0.902806
0.902922
0.904145
0.904162
0.904269
0.904260
0.903962
0.903863
0.903912
0.904878
0.905261
0.906373
0.906249
0.906190
0.906035
0.905619
0.906201
0.906601
0.906494
0.906610
0.907950
0.907841
0.907719
0.906760
0.906894
0.908257
0.907980
0.908674
0.908470
0.909961
0.909573
0.908825
0.908099
0.909120
0.910358
0.909958
0.910163
0.910706
0.911679
0.911238
0.910063
0.910394
0.911070
0.912015
0.911869
0.912027
0.912414
0.912974
0.912139
0.911360
0.911915
0.912336
0.913444
0.911608
0.911758
0.911236
0.912639
0.911615
0.911830
0.913221
0.913562
0.914891
0.914245
0.914541
0.914553
0.914249
0.913730
0.913670
0.914016
0.914100
0.915017
0.914955
0.914703
0.914552
0.913868
0.913864
0.913756
0.914195
0.914510
0.915292
0.915515
0.915105
0.914919
0.913962
0.914233
0.914079
0.914996
0.915314
0.916218
0.916353
0.916032
0.915816
0.914900
0.914640
0.915251
0.916258
0.916501
0.917220
0.917237
0.916611
0.916428
0.914788
0.915807
0.915725
0.916957
0.917238
0.917639
0.917529
0.917263
0.916226
0.914826
0.916544
0.916208
0.917362
0.917831
0.917984
0.918041
0.917759
0.916337
0.916589
0.916252
0.915381
0.916537
0.918660
0.918693
0.919013
0.918148
0.917516
0.917931
0.918574
0.917878
0.918853
0.919059
0.918675
0.919424
0.918539
0.918571
0.918638
0.919199
0.918909
0.919658
0.919418
0.919232
0.919811
0.918753
0.919010
0.918811
0.919550
0.919886
0.919643
0.919235
0.918978
0.919514
0.919177
0.919481
0.919311
0.919711
0.920264
0.919716
0.919714
0.919465
0.920097
0.919988
0.919931
0.920194
0.920289
0.920976
0.920203
0.920132
0.919547
0.920396
0.920385
0.920249
0.920510
0.920311
0.920683
0.919870
0.919909
0.919453
0.920504
0.920097
0.920070
0.919907
0.919755
0.920538
0.919581
0.917880
0.918038
0.918216
0.919303
0.918761
0.919842
0.919952
0.921025
0.920388
0.919880
0.920641
0.921016
0.921771
0.921395
0.921294
0.920872
0.921667
0.921140
0.921218
0.921448
0.921448
0.921815
0.921553
0.921183
0.920961
0.921814
0.921497
0.921471
0.921659
0.921850
0.922630
0.922092
0.921841
0.921507
0.922073
0.922084
0.921805
0.922079
0.921946
0.922462
0.921680
0.921417
0.921234
0.922111
0.922109
0.922189
0.922526
0.921333
0.922495
0.922280
0.922366
0.922501
0.923173
0.922948
0.922909
0.922751
0.922462
0.923088
0.922577
0.922221
0.922649
0.922609
0.923504
0.922602
0.922771
0.921857
0.922566
0.920197
0.920411
0.920069
0.919997
0.922002
0.921408
0.921565
0.921078
0.921596
0.921410
0.921557
0.921440
0.921531
0.921548
0.921021
0.921122
0.921291
0.921247
0.920852
0.920616
0.921182
0.921242
0.921813
0.920815
0.920304
0.920519
0.920728
0.920913
0.920492
0.920241
0.919780
0.920621
0.919610
0.918975
0.918292
0.918184
0.918111
0.917506
0.916964
0.916095
0.916460
0.915450
0.915083
0.914677
0.914721
0.914910
0.914823
0.914703
0.914384
0.915365
0.914828
0.914739
0.915077
0.915358
0.916424
0.916176
0.916609
0.916484
0.916891
0.916427
0.916177
0.916474
0.917255
0.918440
0.918685
0.918642
0.918831
0.918699
0.918666
0.919205
0.918639
0.917636
0.918260
0.916997
0.917619
0.917500
0.917374
0.917233
0.916242
0.915802
0.915229
0.916269
0.915563
0.915248
0.915081
0.915193
0.915763
0.915392
0.915382
0.915080
0.916134
0.916123
0.915572
0.915875
0.915811
0.916722
0.916734
0.916613
0.916289
0.917034
0.916786
0.916707
0.916595
0.916378
0.917376
0.916620
0.915987
0.915933
0.916603
0.916355
0.915940
0.915781
0.915549
0.916355
0.915922
0.915619
0.915175
0.914977
0.915085
0.914507
0.914593
0.914190
0.914842
0.914141
0.914214
0.913963
0.913711
0.913712
0.912914
0.913711
0.912943
0.913890
0.913467
0.912831
0.913368
0.913436
0.913724
0.912986
0.913221
0.913090
0.913945
0.913188
0.912515
0.912498
0.912572
0.913298
0.912517
0.912139
0.911934
0.912093
0.912228
0.911786
0.910771
0.910727
0.911755
0.911180
0.911595
0.910619
0.910324
0.910639
0.910263
0.910018
0.910397
0.911879
0.911888
0.911967
0.910684
0.910886
0.911317
0.910343
0.910751
0.911272
0.913004
0.912829
0.912091
0.911234
0.911265
0.911909
0.910997
0.911475
0.911191
0.913337
0.913222
0.912378
0.911552
0.910710
0.911364
0.911194
0.911168
0.911579
0.912917
0.912374
0.911753
0.911207
0.910149
0.911708
0.911351
0.910569
0.910698
0.912369
0.911247
0.909221
0.908062
0.907424
0.908883
0.908318
0.908954
0.910321
0.910727
0.910671
0.911027
0.909414
0.909475
0.910115
0.909593
0.909799
0.911549
0.911152
0.912216
0.911493
0.910755
0.911015
0.912163
0.910915
0.911468
0.911748
0.912077
0.912675
0.911856
0.911379
0.911407
0.912334
0.911933
0.912424
0.912531
0.912712
0.913340
0.912684
0.912536
0.912635
0.913271
0.913538
0.913437
0.914286
0.913586
0.914488
0.913396
0.912867
0.913005
0.913625
0.914156
0.914398
0.914249
0.913220
0.913583
0.912766
0.913435
0.913770
0.913862
0.914215
0.914186
0.913360
0.913330
0.913914
0.913585
0.912935
0.912713
0.912907
0.913960
0.913994
0.913371
0.912191
0.912755
0.912986
0.912516
0.912188
0.912538
0.913801
0.912530
0.912908
0.912343
0.911621
0.911307
0.911080
0.911326
0.913119
0.914595
0.913075
0.912356
0.912255
0.912791
0.912555
0.912030
0.912330
0.913488
0.913385
0.912011
0.911466
0.912292
0.912260
0.912420
0.911329
0.912699
0.912492
0.912124
0.911186
0.911132
0.911343
0.911258
0.911076
0.911790
0.912613
0.911346
0.911674
0.910596
0.910876
0.910360
0.910503
0.911618
0.912553
0.911819
0.910522
0.910828
0.909920
0.910166
0.910387
0.909810
0.911952
0.911407
0.909951
0.909556
0.909792
0.909799
0.909995
0.909785
0.910136
0.911757
0.910479
0.908852
0.909435
0.908942
0.909457
0.909382
0.909126
0.910133
0.911291
0.908747
0.906686
0.906090
0.907348
0.908444
0.908069
0.908242
0.909565
0.909966
0.907820
0.907831
0.907687
0.908434
0.909152
0.909095
0.909906
0.909323
0.909372
0.907425
0.907836
0.907896
0.908035
0.908989
0.909868
0.910001
0.909104
0.908542
0.907065
0.906914
0.907479
0.907026
0.909084
0.909185
0.908524
0.907833
0.906446
0.905749
0.905315
0.905763
0.906152
0.908217
0.907544
0.906903
0.906015
0.903980
0.903910
0.903913
0.903588
0.905457
0.906611
0.905712
0.904918
0.903885
0.902249
0.903044
0.902680
0.903529
0.904518
0.906048
0.903987
0.904282
0.903043
0.902050
0.903482
0.902887
0.904707
0.905556
0.905587
0.904043
0.903285
0.901881
0.901676
0.903789
0.904358
0.906225
0.905235
0.906767
0.906438
0.905626
0.904518
0.905074
0.905991
0.906959
0.908272
0.908160
0.908552
0.908705
0.907277
0.906661
0.907009
0.907882
0.908849
0.909473
0.909368
0.909517
0.909609
0.907931
0.907487
0.906842
0.907836
0.909281
0.909909
0.910214
0.910258
0.909642
0.907431
0.907372
0.906848
0.908789
0.909270
0.910296
0.910534
0.909849
0.909528
0.907311
0.907434
0.907645
0.909545
0.910916
0.911205
0.911035
0.910078
0.909433
0.907985
0.908250
0.908332
0.910856
0.911819
0.911832
0.911669
0.910882
0.909907
0.908270
0.908703
0.908379
0.909645
0.910870
0.910224
0.909148
0.909268
0.908892
0.907794
0.907519
0.909185
0.910701
0.911610
0.910732
0.910288
0.908377
0.907697
0.907214
0.906880
0.909007
0.909916
0.910930
0.910164
0.909529
0.907445
0.907023
0.905268
0.906510
0.908465
0.909239
0.910544
0.908887
0.908021
0.905855
0.905233
0.905483
0.907242
0.907978
0.908089
0.908917
0.908117
0.906488
0.903711
0.904350
0.905656
0.907183
0.907879
0.908083
0.908365
0.906643
0.904947
0.903005
0.904486
0.905976
0.906534
0.906600
0.907459
0.907518
0.905392
0.904073
0.902691
0.904943
0.907818
0.907310
0.908917
0.908353
0.907877
0.905955
0.904137
0.904756
0.905988
0.907228
0.907815
0.908321
0.907262
0.907317
0.906190
0.904634
0.907129
0.908724
0.908167
0.909629
0.910437
0.909155
0.908709
0.906516
0.906556
0.907914
0.908893
0.910695
0.910209
0.909809
0.908632
0.906979
0.906726
0.907810
0.908775
0.909288
0.911856
0.911096
0.910617
0.910160
0.907668
0.908136
0.910113
0.910712
0.911084
0.913450
0.913058
0.910961
0.909606
0.908769
0.910413
0.911025
0.911898
0.912498
0.912412
0.912311
0.910890
0.908596
0.908693
0.909755
0.909838
0.911415
0.911784
0.911872
0.909514
0.907716
0.906850
0.907696
0.909162
0.909442
0.909622
0.909548
0.909329
0.908124
0.905982
0.906082
0.906590
0.908486
0.908894
0.910072
0.909546
0.908099
0.907471
0.906557
0.907729
0.908177
0.909727
0.910855
0.911606
0.910184
0.908794
0.908210
0.908623
0.909583
0.909975
0.912532
0.912926
0.912648
0.911695
0.909864
0.909364
0.909942
0.910234
0.911043
0.913382
0.913010
0.912490
0.910993
0.908905
0.910401
0.910464
0.910879
0.912387
0.913540
0.913110
0.912067
0.910659
0.909834
0.911334
0.911636
0.912357
0.913408
0.913936
0.914262
0.912276
0.910288
0.910231
0.912162
0.911588
0.912712
0.913228
0.912241
0.912220
0.910512
0.909046
0.908628
0.909445
0.909573
0.910450
0.910736
0.910387
0.909610
0.907896
0.907461
0.908064
0.909883
0.911176
0.912392
0.912573
0.912027
0.911669
0.910418
0.911049
0.911720
0.913419
0.915174
0.915688
0.915283
0.914096
0.913851
0.912080
0.912969
0.913822
0.915448
0.916091
0.916504
0.914446
0.912245
0.911900
0.911806
0.912265
0.915219
0.915489
0.915911
0.915746
0.915812
0.913641
0.913443
0.913553
0.913305
0.914609
0.915857
0.916693
0.915766
0.914565
0.913386
0.913976
0.913972
0.914210
0.914804
0.915191
0.916067
0.914852
0.913308
0.912796
0.913712
0.913266
0.913870
0.914188
0.914324
0.915018
0.913203
0.911927
0.912355
0.913379
0.912810
0.912598
0.913050
0.912991
0.913555
0.912233
0.911322
0.911685
0.911499
0.912365
0.911871
0.912191
0.911737
0.911785
0.910648
0.910859
0.911304
0.911007
0.912343
0.911760
0.912059
0.911955
0.911430
0.910931
0.911579
0.911566
0.911203
0.912249
0.911766
0.911831
0.911468
0.910947
0.911444
0.911884
0.911632
0.911264
0.913088
0.911595
0.912362
0.912050
0.912043
0.912671
0.913230
0.912768
0.912201
0.912794
0.912167
0.912368
0.912794
0.912668
0.912773
0.912344
0.912113
0.912515
0.914014
0.913446
0.912319
0.912388
0.912322
0.913073
0.913512
0.913635
0.912965
0.913926
0.913301
0.913192
0.913561
0.913378
0.913714
0.913238
0.913096
0.913118
0.914213
0.913638
0.912919
0.912838
0.912832
0.913890
0.913433
0.913362
0.913157
0.913613
0.913151
0.912833
0.912192
0.912236
0.912674
0.912718
0.912617
0.912762
0.912979
0.912643
0.912098
0.912349
0.912166
0.913104
0.912319
0.912410
0.912840
0.912786
0.912992
0.912375
0.912396
0.912514
0.913149
0.912763
0.912827
0.913094
0.913106
0.912480
0.912309
0.912548
0.912135
0.913236
0.912014
0.910304
0.910192
0.909515
0.910248
0.909147
0.910804
0.910869
0.911145
0.911644
0.911674
0.911766
0.912325
0.912945
0.912587
0.912730
0.912704
0.912968
0.913156
0.913494
0.912419
0.912452
0.913190
0.912785
0.913114
0.913128
0.913193
0.913379
0.913079
0.913207
0.912560
0.912935
0.912136
0.912343
0.912279
0.911887
0.912552
0.912101
0.911907
0.911660
0.911999
0.911812
0.911772
0.911584
0.911809
0.911311
0.911500
0.911349
0.910792
0.911301
0.911386
0.911254
0.910951
0.910693
0.911633
0.911382
0.911039
0.910382
0.910869
0.911196
0.911025
0.910878
0.910736
0.911795
0.911185
0.910892
0.910470
0.910812
0.910243
0.910140
0.909685
0.910001
0.911526
0.911046
0.910176
0.909968
0.909905
0.910987
0.908948
0.908433
0.908403
0.910227
0.909484
0.909320
0.909043
0.909164
0.909663
0.909105
0.909050
0.909203
0.909608
0.908959
0.908625
0.908694
0.908557
0.909146
0.908701
0.908938
0.908872
0.909297
0.908746
0.908626
0.908462
0.908281
0.909021
0.908548
0.908860
0.908493
0.908284
0.908324
0.907824
0.907581
0.907636
0.908278
0.907952
0.908166
0.907661
0.907199
0.907362
0.906520
0.906686
0.906590
0.907408
0.907370
0.907077
0.906571
0.906218
0.906540
0.905900
0.906155
0.905814
0.906988
0.907013
0.906833
0.905967
0.905687
0.905990
0.905907
0.905575
0.905835
0.906862
0.906693
0.906086
0.905672
0.905008
0.905852
0.905700
0.904806
0.904207
0.905252
0.906097
0.905720
0.904856
0.904536
0.905768
0.904819
0.905210
0.905685
0.905837
0.905694
0.904689
0.904110
0.904093
0.904794
0.904095
0.904976
0.905735
0.905291
0.905272
0.904037
0.903732
0.903901
0.904101
0.903974
0.904606
0.904517
0.903731
0.903237
0.902258
0.902706
0.902384
0.902863
0.903269
0.903991
0.904071
0.902911
0.903242
0.902869
0.903578
0.903246
0.904057
0.904766
0.905494
0.904991
0.903932
0.904155
0.904080
0.904120
0.904287
0.903601
0.904921
0.904955
0.904136
0.903381
0.903936
0.904096
0.903698
0.903398
0.902990
0.905460
0.904589
0.904388
0.903118
0.902002
0.902717
0.903029
0.903104
0.903549
0.904805
0.903651
0.902531
0.901693
0.902997
0.902535
0.902148
0.901650
0.902675
0.903128
0.902141
0.900916
0.900538
0.901777
0.901426
0.901427
0.901353
0.901727
0.902239
0.901102
0.899992
0.900411
0.900503
0.900982
0.901201
0.901474
0.901240
0.901806
0.899901
0.899656
0.900487
0.900086
0.900887
0.900872
0.900943
0.900657
0.900297
0.898388
0.898796
0.898209
0.898483
0.899609
0.899970
0.899811
0.898889
0.898055
0.896811
0.897113
0.896312
0.896289
0.897560
0.897419
0.896971
0.895293
0.893931
0.893265
0.893274
0.892717
0.892886
0.894759
0.894466
0.893526
0.892199
0.891181
0.890083
0.890081
0.889605
0.891253
0.893518
0.893182
0.892245
0.890725
0.889868
0.891137
0.889871
0.889796
0.891340
0.892065
0.891402
0.889730
0.887918
0.887621
0.888425
0.886706
0.886233
0.887780
0.888944
0.887293
0.885101
0.883234
0.884284
0.884996
0.883826
0.883347
0.884508
0.886028
0.884495
0.883132
0.881199
0.882087
0.882214
0.881106
0.880796
0.882629
0.883178
0.881602
0.879863
0.878301
0.879542
0.879359
0.877483
0.877347
0.878884
0.879190
0.878583
0.876059
0.876721
0.876831
0.876884
0.875310
0.875762
0.876843
0.876013
0.875890
0.874371
0.875466
0.874418
0.871783
0.871606
0.871977
0.872973
0.872110
0.873545
0.873829
0.875066
0.874199
0.873750
0.873094
0.875289
0.875753
0.875073
0.876675
0.877432
0.878072
0.877532
0.877187
0.877939
0.879778
0.879691
0.879030
0.880865
0.881414
0.881733
0.880950
0.880258
0.880989
0.882018
0.882034
0.881291
0.882893
0.882922
0.883335
0.882664
0.882200
0.882738
0.883079
0.883442
0.883613
0.885041
0.884768
0.884834
0.884377
0.884117
0.885217
0.885941
0.886440
0.886759
0.886949
0.887545
0.887891
0.887774
0.887431
0.888646
0.889307
0.889820
0.890113
0.891079
0.890795
0.890837
0.890580
0.889797
0.891194
0.891794
0.892370
0.892770
0.893305
0.893602
0.893369
0.891851
0.889724
0.891234
0.893025
0.894147
0.894657
0.894863
0.895366
0.894592
0.894135
0.892453
0.894284
0.894780
0.896144
0.896837
0.896958
0.897309
0.896199
0.895526
0.894014
0.896606
0.896464
0.897495
0.898112
0.897961
0.898533
0.897472
0.896315
0.895395
0.897641
0.897640
0.898470
0.899528
0.898734
0.899279
0.898229
0.896528
0.895805
0.897759
0.897794
0.898433
0.898958
0.898313
0.898561
0.897327
0.896469
0.896447
0.897987
0.898409
0.898549
0.899034
0.898736
0.899460
0.898180
0.897362
0.897341
0.898294
0.899364
0.899995
0.900187
0.899499
0.900075
0.898837
0.897900
0.898374
0.898660
0.899643
0.900078
0.900416
0.899051
0.897832
0.897129
0.897108
0.897747
0.898454
0.899041
0.898699
0.898777
0.898135
0.898057
0.897498
0.896800
0.896901
0.897150
0.899013
0.898443
0.898340
0.898167
0.898184
0.897578
0.897037
0.898122
0.898219
0.899403
0.899512
0.899310
0.899016
0.898896
0.898724
0.897952
0.898721
0.899349
0.900242
0.900286
0.899314
0.899278
0.898672
0.898682
0.898803
0.899307
0.899553
0.900568
0.900199
0.899686
0.899512
0.898767
0.898877
0.899190
0.899745
0.899311
0.900355
0.900038
0.899827
0.899276
0.898969
0.899362
0.899851
0.900148
0.900156
0.900795
0.900830
0.900500
0.899700
0.899029
0.900622
0.898724
0.899225
0.900608
0.901037
0.900977
0.900120
0.899873
0.898461
0.901082
0.901141
0.900745
0.900366
0.900641
0.900824
0.899861
0.899606
0.899944
0.900947
0.900483
0.900527
0.900124
0.900587
0.901042
0.899433
0.899326
0.899897
0.900967
0.900755
0.900794
0.900820
0.900166
0.900068
0.899446
0.900284
0.900747
0.901548
0.901385
0.900778
0.901147
0.900582
0.900716
0.900847
0.900729
0.901097
0.901673
0.901235
0.900953
0.900781
0.900401
0.900726
0.900918
0.901198
0.901536
0.901697
0.901752
0.901505
0.900774
0.899706
0.901011
0.901479
0.901510
0.901830
0.901684
0.901976
0.901312
0.900980
0.900553
0.902088
0.902144
0.901120
0.901124
0.901089
0.902010
0.901519
0.900465
0.900780
0.901930
0.901982
0.902169
0.902321
0.901771
0.902506
0.901662
0.900166
0.901527
0.902602
0.902377
0.902392
0.902298
0.901634
0.902269
0.901255
0.901107
0.901636
0.901880
0.902434
0.902105
0.902023
0.902003
0.902187
0.900840
0.901382
0.901988
0.901923
0.902811
0.902520
0.902221
0.901929
0.902101
0.900916
0.901883
0.902312
0.902270
0.903084
0.902570
0.902285
0.901395
0.901321
0.901275
0.901905
0.901884
0.902116
0.902460
0.901939
0.901707
0.900879
0.900383
0.901009
0.901448
0.901147
0.901050
0.901430
0.901147
0.900760
0.899988
0.899698
0.900667
0.900574
0.900555
0.900487
0.901170
0.900886
0.900177
0.899405
0.898631
0.900337
0.900499
0.900981
0.900801
0.901476
0.900994
0.900319
0.899470
0.899897
0.901088
0.900890
0.901028
0.900625
0.901566
0.901102
0.899923
0.899320
0.900168
0.901163
0.900860
0.901029
0.900779
0.901367
0.900807
0.900040
0.899387
0.900087
0.901498
0.901201
0.900816
0.901453
0.901976
0.901631
0.900945
0.900698
0.901542
0.902431
0.901731
0.901954
0.901836
0.901973
0.902086
0.900599
0.900695
0.901175
0.902209
0.901701
0.901811
0.901626
0.901102
0.901294
0.900115
0.899808
0.900382
0.900832
0.898561
0.897912
0.897760
0.897834
0.896801
0.897368
0.898290
0.898255
0.899285
0.899299
0.898597
0.898079
0.897375
0.897485
0.897130
0.897765
0.898256
0.898376
0.898881
0.897216
0.897636
0.897064
0.897044
0.896462
0.897076
0.897307
0.895897
0.896525
0.895301
0.894727
0.894020
0.893630
0.893411
0.893747
0.893699
0.893307
0.893964
0.893010
0.891438
0.890344
0.891538
0.892174
0.891116
0.891373
0.890881
0.891994
0.891468
0.890823
0.890151
0.890464
0.891134
0.891249
0.891578
0.892246
0.893576
0.892138
0.891906
0.891565
0.892112
0.892941
0.892698
0.892799
0.892862
0.893120
0.892414
0.892103
0.891249
0.891379
0.892443
0.891743
0.892217
0.891918
0.892564
0.891622
0.890697
0.890387
0.890726
0.891758
0.890082
0.890194
0.889297
0.890278
0.889658
0.889372
0.889440
0.889165
0.889888
0.888588
0.890114
0.891171
0.892332
0.891539
0.890381
0.890728
0.889791
0.892648
0.892563
0.892824
0.892276
0.892527
0.892022
0.891330
0.891783
0.892192
0.893185
0.892402
0.892407
0.891464
0.890635
0.889271
0.887814
0.888431
0.888219
0.888923
0.888869
0.889143
0.888754
0.888713
0.888654
0.887620
0.889255
0.890214
0.891586
0.891553
0.891494
0.891224
0.890460
0.890453
0.889665
0.890420
0.890664
0.891676
0.892118
0.891320
0.891516
0.890778
0.890868
0.890172
0.891070
0.891446
0.892748
0.893152
0.893574
0.894170
0.893896
0.893525
0.894276
0.894901
0.896212
0.896791
0.898671
0.898702
0.898617
0.897704
0.897693
0.897375
0.897492
0.898049
0.898109
0.898548
0.898271
0.897952
0.897477
0.897658
0.896237
0.896690
0.896460
0.898336
0.899365
0.898658
0.898504
0.897543
0.897672
0.898199
0.897677
0.898439
0.898951
0.899507
0.899019
0.898191
0.897391
0.897976
0.898470
0.898759
0.898957
0.898998
0.898838
0.897591
0.896599
0.895384
0.895531
0.895538
0.894952
0.894762
0.894290
0.894246
0.893498
0.892915
0.891985
0.892711
0.893898
0.894846
0.896559
0.897735
0.899848
0.899253
0.898672
0.898418
0.899897
0.898883
0.901083
0.900283
0.898873
0.899630
0.897290
0.896465
0.896301
0.900064
0.901212
0.899832
0.897965
0.897464
0.896209
0.897335
0.899228
0.898645
0.892088
0.894631
0.896291
0.888225
0.893388
0.891505
0.878875
0.881796
0.888026
0.880642
0.878601
0.873014
0.865037
0.872592
0.882840
0.879523
0.869586
0.861453
0.854389
0.864174
0.878648
0.877127
0.869191
0.863073
0.849193
0.854341
0.871978
0.871345
0.869172
0.861260
0.847657
0.845119
0.862631
0.863486
0.861769
0.855376
0.845757
0.838259
0.851228
0.854019
0.851119
0.846142
0.839663
0.827994
0.834717
0.842380
0.841810
0.837849
0.832053
0.822150
0.819891
0.830456
0.831491
0.829990
0.825220
0.818732
0.811985
0.817798
0.821372
0.821356
0.820544
0.817187
0.810669
0.813131
0.819763
0.820170
0.816843
0.813760
0.810158
0.808920
0.814919
0.819113
0.816836
0.813779
0.812911
0.807797
0.811021
0.817692
0.818518
0.816203
0.816078
0.813178
0.812874
0.818608
0.820705
0.819476
0.818349
0.820045
0.818042
0.820785
0.826941
0.824583
0.822917
0.825075
0.823762
0.823227
0.831723
0.832680
0.829865
0.830859
0.830703
0.828831
0.832474
0.838029
0.835831
0.835592
0.839585
0.835558
0.834137
0.841789
0.841035
0.839405
0.843069
0.841325
0.837979
0.845215
0.846282
0.843572
0.843657
0.845868
0.840164
0.843107
0.849683
0.847686
0.845308
0.847731
0.841542
0.840421
0.854099
0.852624
0.850067
0.852936
0.847380
0.844483
0.856709
0.859499
0.857556
0.858013
0.855162
0.849071
0.862091
0.870247
0.868707
0.863143
0.863019
0.852503
0.863538
0.876341
0.876983
0.872045
0.869358
0.862279
0.866072
0.879228
0.881885
0.880796
0.875713
0.872586
0.871302
0.881303
0.884129
0.883527
0.880768
0.877550
0.875345
0.883448
0.885363
0.886099
0.883707
0.883008
0.880510
0.883904
0.886700
0.886914
0.888494
0.888278
0.886905
0.887411
0.888604
0.888669
0.888230
0.889380
0.889615
0.890307
0.889955
0.890027
0.890200
0.890580
0.888968
0.887828
0.887518
0.886320
0.887647
0.887548
0.888678
0.887822
0.887346
0.886156
0.885261
0.884675
0.884007
0.883883
0.882291
0.881123
0.880498
0.879601
0.879607
0.880144
0.881343
0.881853
0.883776
0.883660
0.883316
0.883656
0.884332
0.886346
0.886658
0.887322
0.887362
0.888519
0.888587
0.888630
0.889017
0.888759
0.889271
0.889458
0.889986
0.890465
0.891669
0.892066
0.891438
0.891011
0.890981
0.891293
0.891123
0.891184
0.892105
0.892874
0.892763
0.892619
0.892589
0.891951
0.892338
0.892451
0.892880
0.893298
0.893636
0.894091
0.893453
0.893131
0.893131
0.893813
0.893005
0.893050
0.893461
0.893523
0.894384
0.894485
0.893985
0.892105
0.893078
0.892117
0.894002
0.894901
0.894834
0.895375
0.894749
0.894467
0.894102
0.894716
0.893830
0.894464
0.894648
0.894711
0.895613
0.895044
0.894881
0.894508
0.894939
0.894468
0.894756
0.895295
0.894958
0.896794
0.895736
0.895820
0.895589
0.895659
0.895690
0.895782
0.896392
0.895711
0.896257
0.894458
0.894840
0.895901
0.895870
0.895662
0.895913
0.896085
0.896093
0.896522
0.896151
0.896139
0.896053
0.895453
0.895951
0.896134
0.896282
0.896305
0.897259
0.896930
0.897110
0.897008
0.896966
0.897477
0.897842
0.898175
0.897778
0.898579
0.898523
0.898644
0.898747
0.898512
0.898258
0.897138
0.897712
0.897045
0.897188
0.897584
0.898415
0.898723
0.898361
0.898957
0.898528
0.898660
0.898585
0.898826
0.899326
0.898922
0.898523
0.897924
0.899335
0.898205
0.898874
0.899051
0.899100
0.899229
0.898668
0.898892
0.897846
0.899855
0.899590
0.899736
0.899677
0.899517
0.900318
0.899566
0.899907
0.899863
0.901160
0.900779
0.900891
0.900779
0.900714
0.901501
0.900624
0.900817
0.900424
0.901694
0.901412
0.901315
0.901269
0.900961
0.901429
0.900658
0.900926
0.901064
0.901500
0.901559
0.901402
0.901267
0.900490
0.900853
0.900239
0.900509
0.901107
0.901139
0.901596
0.901257
0.901558
0.899653
0.899329
0.898842
0.899531
0.900187
0.900733
0.902046
0.901821
0.901939
0.900815
0.900915
0.900812
0.901501
0.901850
0.901373
0.902154
0.902085
0.902424
0.900111
0.899693
0.900139
0.900902
0.902299
0.901131
0.902326
0.901577
0.900931
0.898269
0.898165
0.899728
0.900964
0.901889
0.901448
0.902277
0.901334
0.900693
0.898367
0.898165
0.900448
0.901371
0.902166
0.901566
0.902556
0.901447
0.900385
0.898352
0.898409
0.900946
0.901674
0.902154
0.901626
0.902292
0.901480
0.900112
0.898040
0.898274
0.900666
0.901287
0.901731
0.901512
0.902187
0.901085
0.899035
0.897035
0.898130
0.900513
0.901687
0.899965
0.899791
0.899653
0.899014
0.897269
0.896387
0.898532
0.900507
0.900742
0.900748
0.900212
0.899939
0.899637
0.897688
0.897857
0.899467
0.901265
0.901113
0.900953
0.900583
0.900031
0.899321
0.897428
0.898939
0.899823
0.901183
0.900824
0.901085
0.900425
0.899433
0.898660
0.898312
0.899464
0.900133
0.901393
0.900659
0.900425
0.899672
0.898512
0.898596
0.899204
0.900322
0.900670
0.900931
0.900063
0.899377
0.899436
0.898562
0.899466
0.900182
0.900648
0.900849
0.900850
0.900779
0.900187
0.899730
0.899044
0.900500
0.900550
0.900799
0.900286
0.900726
0.900714
0.899925
0.899406
0.899180
0.900431
0.900464
0.900928
0.900801
0.899991
0.900193
0.899311
0.899014
0.899376
0.901227
0.901313
0.900695
0.900345
0.899848
0.899862
0.899776
0.900191
0.900752
0.901879
0.900820
0.901228
0.900657
0.900337
0.901727
0.901168
0.901297
0.901964
0.902923
0.902623
0.901966
0.901501
0.901242
0.901972
0.901590
0.902377
0.902942
0.903100
0.903547
0.901999
0.901888
0.902106
0.902406
0.902131
0.903428
0.903233
0.903835
0.903260
0.902072
0.902311
0.902402
0.903161
0.903972
0.904758
0.904641
0.904231
0.903181
0.902793
0.903873
0.903932
0.904993
0.905767
0.906228
0.905419
0.904561
0.903218
0.902677
0.902900
0.902259
0.903938
0.904852
0.905098
0.905820
0.904682
0.905094
0.905791
0.905419
0.905387
0.906346
0.908659
0.909167
0.907989
0.906246
0.907903
0.907905
0.907622
0.909100
0.910095
0.910412
0.909970
0.908489
0.907766
0.909293
0.908848
0.909794
0.910503
0.910668
0.911506
0.910645
0.909210
0.909234
0.910833
0.909950
0.911205
0.911469
0.911381
0.911902
0.910649
0.910116
0.910872
0.911064
0.911433
0.912223
0.912381
0.912071
0.913412
0.912195
0.911140
0.911521
0.911489
0.911814
0.912617
0.913180
0.913264
0.913730
0.911931
0.912161
0.912144
0.912444
0.914066
0.914083
0.914178
0.913576
0.914666
0.913412
0.913625
0.913633
0.914524
0.915321
0.915160
0.915098
0.914865
0.915874
0.913872
0.913202
0.913647
0.914683
0.916001
0.916114
0.915605
0.915477
0.915954
0.915771
0.915325
0.915462
0.915432
0.916029
0.915843
0.915730
0.915703
0.916167
0.915735
0.915579
0.915575
0.915700
0.917216
0.916804
0.916650
0.916419
0.916461
0.916629
0.916399
0.916638
0.916912
0.918373
0.917548
0.915779
0.916697
0.916981
0.917695
0.917082
0.917341
0.917355
0.918255
0.917723
0.917656
0.917293
0.917308
0.917824
0.917248
0.917433
0.917785
0.918176
0.917695
0.917478
0.917183
0.916671
0.917430
0.917670
0.917373
0.917558
0.917876
0.917695
0.917407
0.917308
0.917178
0.917786
0.917773
0.917640
0.916332
0.916660
0.916481
0.915647
0.916259
0.916857
0.917816
0.917854
0.918242
0.918488
0.918537
0.917995
0.917215
0.917051
0.917219
0.918397
0.918334
0.918221
0.917611
0.917168
0.917761
0.917501
0.917546
0.917434
0.917987
0.917267
0.917104
0.917428
0.917504
0.918418
0.917417
0.917030
0.916412
0.917689
0.917943
0.917666
0.917903
0.917608
0.917726
0.916990
0.917522
0.917386
0.917972
0.918290
0.917932
0.917497
0.917552
0.917726
0.915812
0.914862
0.912818
0.911278
0.910144
0.908850
0.908285
0.908591
0.911013
0.912480
0.913955
0.916197
0.916988
0.917636
0.917152
0.917194
0.916422
0.917333
0.917051
0.917652
0.916509
0.916530
0.916889
0.916891
0.918118
0.917948
0.919003
0.918992
0.918928
0.919146
0.918977
0.918683
0.916893
0.915214
0.912828
0.911449
0.910134
0.908802
0.908265
0.908968
0.911188
0.912433
0.913833
0.915270
0.916446
0.917967
0.918648
0.919234
0.919142
0.920105
0.919326
0.919007
0.919133
0.918958
0.919692
0.919741
0.920047
0.919973
0.921056
0.920655
0.920691
0.920854
0.920992
0.921875
0.922217
0.922149
0.922042
0.923023
0.922717
0.922416
0.922669
0.922703
0.923367
0.923184
0.923217
0.922978
0.923665
0.923535
0.922973
0.923005
0.923026
0.923867
0.923713
0.923836
0.923513
0.924006
0.923882
0.923526
0.922134
0.921650
0.922407
0.921440
0.922930
0.923730
0.924046
0.924368
0.923646
0.923745
0.923566
0.923656
0.924004
0.923920
0.924265
0.924422
0.924720
0.924308
0.924184
0.924172
0.925252
0.925003
0.924686
0.924705
0.925028
0.924716
0.924467
0.924423
0.924388
0.925160
0.925097
0.924857
0.924731
0.924488
0.925011
0.924273
0.924405
0.924317
0.924802
0.924673
0.924845
0.924753
0.924391
0.924954
0.924464
0.924509
0.924608
0.925051
0.925146
0.925282
0.924019
0.924506
0.925333
0.925021
0.925118
0.925190
0.925362
0.925827
0.924831
0.924472
0.924073
0.924976
0.924129
0.924391
0.924675
0.924642
0.924749
0.924227
0.923936
0.923193
0.923744
0.923689
0.923916
0.923869
0.923542
0.924346
0.923671
0.923806
0.923327
0.924029
0.923862
0.924031
0.923621
0.923343
0.924755
0.924426
0.923620
0.923840
0.923688
0.924864
0.924410
0.924363
0.924234
0.924600
0.923805
0.923797
0.925228
0.923988
0.924876
0.924981
0.923990
0.923827
0.924212
0.923321
0.922709
0.923238
0.922383
0.922987
0.922140
0.923667
0.923464
0.923890
0.923221
0.922878
0.922165
0.923211
0.923619
0.923519
0.923191
0.921976
0.923619
0.922692
0.923113
0.922870
0.922186
0.922961
0.922491
0.922205
0.922385
0.923101
0.923041
0.922968
0.922968
0.922821
0.923800
0.923204
0.923271
0.923058
0.922942
0.923012
0.922830
0.922733
0.922580
0.923464
0.923178
0.922872
0.922735
0.922154
0.922673
0.922244
0.921849
0.921966
0.923116
0.922650
0.922314
0.921958
0.921463
0.922253
0.921918
0.922025
0.921898
0.922844
0.922402
0.922149
0.920864
0.921634
0.922224
0.922037
0.922003
0.922133
0.922625
0.922339
0.921546
0.921485
0.921313
0.922296
0.921920
0.921738
0.921906
0.921971
0.921563
0.921018
0.921198
0.921012
0.921858
0.921311
0.921354
0.921239
0.920957
0.920904
0.920368
0.920622
0.920468
0.921656
0.921163
0.921414
0.921057
0.920312
0.920653
0.920478
0.920717
0.920864
0.921564
0.921406
0.921816
0.921111
0.920329
0.921059
0.920831
0.921018
0.921115
0.921565
0.921557
0.921018
0.920346
0.919878
0.920679
0.920792
0.920730
0.920984
0.920988
0.921227
0.920228
0.919611
0.919725
0.919667
0.920213
0.920615
0.920662
0.920478
0.920752
0.919775
0.919460
0.919550
0.920736
0.920641
0.920891
0.920286
0.920321
0.920943
0.920027
0.919887
0.920091
0.921211
0.921222
0.920857
0.920688
0.920795
0.920883
0.920143
0.920596
0.920680
0.921161
0.920855
0.920440
0.920185
0.918090
0.918227
0.918010
0.918396
0.917907
0.918987
0.920180
0.919967
0.920070
0.920085
0.919952
0.919228
0.919110
0.919434
0.920297
0.920779
0.920689
0.920234
0.920500
0.921277
0.921326
0.921464
0.921714
0.921983
0.922586
0.921993
0.921382
0.921169
0.922322
0.921928
0.922342
0.922403
0.922307
0.922653
0.921944
0.920559
0.921130
0.921999
0.922474
0.922686
0.922465
0.922462
0.922158
0.920792
0.919930
0.920655
0.922260
0.922729
0.922286
0.922706
0.922129
0.922087
0.920000
0.920756
0.921924
0.922866
0.923219
0.922778
0.923108
0.922191
0.921589
0.921296
0.922192
0.923184
0.922813
0.923518
0.922875
0.922435
0.921377
0.921662
0.922336
0.922700
0.922745
0.922608
0.922880
0.922595
0.921443
0.921242
0.922381
0.922126
0.921848
0.921829
0.921641
0.922175
0.921402
0.921196
0.921829
0.921618
0.921730
0.921666
0.921451
0.921127
0.921567
0.921311
0.921018
0.921300
0.921880
0.922201
0.921637
0.921639
0.920678
0.921571
0.921438
0.921851
0.922214
0.922481
0.922347
0.922093
0.921924
0.921790
0.922633
0.922160
0.922087
0.921977
0.922123
0.922402
0.921819
0.921589
0.921462
0.921580
0.921592
0.921516
0.921629
0.921332
0.921814
0.920945
0.921272
0.920994
0.921766
0.921454
0.921448
0.920718
0.920337
0.921466
0.921209
0.921115
0.920772
0.921254
0.920865
0.920772
0.920621
0.920220
0.920700
0.920461
0.919113
0.919496
0.919799
0.919967
0.919341
0.919074
0.918230
0.918966
0.918487
0.918083
0.917935
0.917259
0.917323
0.916461
0.914630
0.913753
0.914329
0.913663
0.913029
0.914035
0.914841
0.915468
0.915616
0.915003
0.915369
0.915616
0.916542
0.916864
0.916935
0.917107
0.918034
0.917413
0.917274
0.917477
0.918211
0.918455
0.918295
0.918148
0.918064
0.919073
0.918747
0.918838
0.919327
0.919783
0.920051
0.919917
0.920109
0.920083
0.921058
0.920655
0.920562
0.920975
0.921192
0.921944
0.921672
0.922001
0.921820
0.922534
0.921881
0.922224
0.922285
0.922343
0.923136
0.922700
0.922987
0.922840
0.923535
0.923181
0.923322
0.923163
0.923181
0.923740
0.923660
0.923563
0.924048
0.923240
0.923486
0.923786
0.923734
0.923605
0.924299
0.923976
0.923951
0.923788
0.923542
0.923517
0.923178
0.923021
0.922960
0.923691
0.923667
0.923083
0.921112
0.921800
0.922328
0.922728
0.922745
0.922486
0.923403
0.923328
0.922598
0.922817
0.922639
0.923449
0.923101
0.923199
0.923256
0.924020
0.923662
0.923607
0.923280
0.923121
0.924320
0.923855
0.923837
0.923715
0.924447
0.924241
0.924489
0.924234
0.923956
0.924792
0.924311
0.924047
0.924298
0.924796
0.924903
0.924698
0.924411
0.923970
0.925326
0.924836
0.924819
0.924911
0.925294
0.925592
0.925249
0.925303
0.925266
0.926390
0.925993
0.925851
0.925580
0.926024
0.926738
0.926399
0.926378
0.925889
0.926713
0.926487
0.926468
0.926342
0.926605
0.927295
0.926535
0.926693
0.926626
0.927461
0.927047
0.927115
0.926357
0.924851
0.926560
0.925449
0.926694
0.926557
0.927359
0.927111
0.927027
0.926721
0.926910
0.927624
0.927185
0.926933
0.926847
0.927286
0.927342
0.927038
0.926958
0.927116
0.928120
0.927529
0.927330
0.927359
0.927596
0.927707
0.927316
0.927451
0.927319
0.928039
0.927789
0.926386
0.926905
0.927112
0.927469
0.926715
0.926884
0.926878
0.927426
0.926751
0.926351
0.926603
0.926679
0.927553
0.926657
0.926682
0.926362
0.927051
0.926667
0.926521
0.926513
0.926390
0.927116
0.926761
0.926978
0.926663
0.927089
0.926668
0.926607
0.926683
0.926550
0.927268
0.926719
0.926657
0.926509
0.926974
0.925288
0.925210
0.924758
0.925817
0.926864
0.926476
0.926155
0.926186
0.925789
0.926078
0.925877
0.925570
0.925285
0.926129
0.925825
0.925537
0.925546
0.925195
0.925782
0.925225
0.925058
0.924841
0.925836
0.925415
0.925046
0.924666
0.924714
0.925370
0.924994
0.925040
0.924799
0.925506
0.925059
0.924904
0.924505
0.924376
0.925003
0.924676
0.924150
0.924669
0.924813
0.924615
0.924026
0.923764
0.923606
0.924388
0.923932
0.923487
0.923688
0.923601
0.923880
0.923326
0.923319
0.923138
0.923958
0.923465
0.923603
0.923738
0.923606
0.923948
0.923356
0.923423
0.923355
0.924346
0.924020
0.924112
0.923787
0.923578
0.924652
0.922678
0.922390
0.922145
0.923806
0.924267
0.923966
0.923961
0.923516
0.924033
0.923499
0.923560
0.923299
0.923792
0.924008
0.923577
0.923278
0.922659
0.923496
0.923167
0.923165
0.923053
0.923465
0.923725
0.923277
0.923079
0.922840
0.923534
0.923249
0.923285
0.923467
0.923727
0.924249
0.923602
0.923628
0.923365
0.924296
0.923960
0.923977
0.924169
0.923893
0.924304
0.923923
0.923660
0.923520
0.924233
0.924022
0.923950
0.924143
0.923989
0.924384
0.923785
0.923660
0.923460
0.924105
0.924084
0.923924
0.923817
0.923598
0.924180
0.923677
0.923576
0.923616
0.924011
0.924235
0.924428
0.923716
0.922039
0.922830
0.923435
0.922808
0.924026
0.924302
0.924917
0.924243
0.924024
0.923586
0.924498
0.924229
0.923913
0.924438
0.923303
0.924687
0.924258
0.924127
0.923404
0.924200
0.923649
0.923676
0.923961
0.923836
0.924181
0.923481
0.922962
0.923202
0.923726
0.923657
0.923270
0.923327
0.923319
0.924051
0.923600
0.923305
0.923011
0.923325
0.923564
0.923480
0.923561
0.923665
0.924159
0.923721
0.923343
0.923750
0.923865
0.924161
0.923918
0.923955
0.923684
0.924363
0.923405
0.923265
0.923457
0.923350
0.923972
0.923998
0.924077
0.923382
0.923970
0.923266
0.922862
0.923233
0.922493
0.923504
0.923213
0.923573
0.922721
0.921847
0.922017
0.921721
0.922700
0.922737
0.923709
0.923453
0.923281
0.922835
0.923362
0.923012
0.922961
0.923184
0.922951
0.923653
0.923309
0.923166
0.922878
0.923240
0.923228
0.922705
0.922728
0.922465
0.923759
0.923090
0.922825
0.922468
0.922542
0.923029
0.922539
0.922663
0.922236
0.922821
0.922313
0.922177
0.921978
0.921914
0.922605
0.921878
0.922042
0.921972
0.922479
0.922306
0.922141
0.921763
0.921721
0.922617
0.922282
0.922326
0.922256
0.922511
0.922453
0.922203
0.922074
0.921927
0.922701
0.922127
0.921881
0.922089
0.922232
0.922201
0.921834
0.921685
0.921212
0.922498
0.920109
0.920356
0.920463
0.921195
0.921714
0.920451
0.921088
0.920756
0.921580
0.921335
0.921243
0.921345
0.921227
0.921496
0.920811
0.920815
0.920506
0.921595
0.921879
0.921125
0.921110
0.920704
0.920995
0.920845
0.921000
0.920895
0.921494
0.921019
0.920575
0.920311
0.920455
0.920977
0.920570
0.920283
0.920193
0.920530
0.920715
0.920507
0.920432
0.919641
0.920243
0.919507
0.919432
0.919704
0.920077
0.919983
0.919529
0.919052
0.918737
0.919690
0.919462
0.919346
0.919306
0.919165
0.919564
0.918822
0.918677
0.918598
0.919254
0.918860
0.918822
0.918594
0.918353
0.918853
0.918267
0.917956
0.917749
0.918434
0.918471
0.916535
0.916755
0.916013
0.917873
0.917277
0.917310
0.917192
0.917850
0.917677
0.917307
0.917606
0.915757
0.917194
0.917313
0.917597
0.917485
0.917857
0.918125
0.917836
0.917561
0.917428
0.918584
0.918077
0.918219
0.918428
0.918682
0.919329
0.918885
0.918864
0.918870
0.919765
0.919462
0.919503
0.919780
0.919902
0.920369
0.919719
0.919432
0.919524
0.920343
0.920261
0.920153
0.920120
0.920143
0.920850
0.920196
0.920146
0.920039
0.920642
0.920581
0.920399
0.920552
0.920374
0.920731
0.920243
0.920197
0.920368
0.920735
0.920659
0.920515
0.920811
0.920433
0.921174
0.920749
0.920506
0.920860
0.921080
0.921345
0.921204
0.919899
0.919347
0.920001
0.919454
0.919727
0.919653
0.919767
0.920294
0.919718
0.919492
0.919204
0.920306
0.919856
0.919705
0.919507
0.919335
0.919514
0.919039
0.919090
0.918757
0.919634
0.919383
0.919310
0.919299
0.918944
0.919441
0.918929
0.919159
0.919063
0.919589
0.919497
0.919403
0.919198
0.918822
0.919319
0.919354
0.919292
0.919186
0.919296
0.919781
0.919232
0.919322
0.918034
0.919315
0.919183
0.919002
0.918755
0.919046
0.919279
0.918534
0.918202
0.918024
0.918953
0.918428
0.917961
0.918134
0.918121
0.918285
0.917708
0.917546
0.917630
0.918480
0.917767
0.917660
0.917912
0.917379
0.917886
0.917262
0.917746
0.917705
0.918143
0.917700
0.917838
0.917296
0.916991
0.917522
0.917359
0.917310
0.916990
0.916932
0.917042
0.916778
0.916433
0.916212
0.917019
0.916905
0.916360
0.916517
0.916044
0.916619
0.915714
0.915622
0.915272
0.916455
0.915661
0.915585
0.915763
0.915480
0.915923
0.915455
0.915477
0.915436
0.915995
0.915357
0.915716
0.915474
0.915592
0.915578
0.914850
0.915480
0.915292
0.915744
0.915688
0.915239
0.915151
0.915154
0.916022
0.914708
0.914911
0.914943
0.915385
0.915147
0.914673
0.914721
0.914533
0.915424
0.914485
0.914024
0.913922
0.914382
0.912022
0.911327
0.911146
0.910655
0.911179
0.910783
0.912739
0.912780
0.912453
0.913565
0.913016
0.912747
0.911924
0.912740
0.912586
0.912983
0.913004
0.913053
0.913858
0.913550
0.913402
0.912780
0.913317
0.913259
0.912582
0.912461
0.912904
0.913002
0.912821
0.912267
0.912151
0.912673
0.912520
0.912034
0.911939
0.912095
0.913363
0.911257
0.911677
0.911444
0.911745
0.912396
0.911565
0.912568
0.911455
0.912749
0.912318
0.911144
0.911004
0.911412
0.912234
0.912278
0.912254
0.911830
0.912637
0.912200
0.911527
0.911934
0.912979
0.913704
0.913485
0.913621
0.912423
0.913675
0.912949
0.913040
0.912943
0.913026
0.913839
0.913932
0.912583
0.912828
0.913085
0.912806
0.912547
0.912883
0.912889
0.913613
0.913332
0.912973
0.912871
0.913390
0.912790
0.912535
0.912290
0.912178
0.912873
0.913184
0.912468
0.912798
0.913785
0.914731
0.914713
0.914528
0.914549
0.915161
0.914378
0.914403
0.914649
0.914387
0.914935
0.914396
0.914539
0.914000
0.914652
0.914307
0.914391
0.914384
0.913950
0.914462
0.914016
0.913739
0.913275
0.914179
0.914032
0.914125
0.913773
0.913553
0.914468
0.913571
0.913580
0.913559
0.914190
0.914334
0.913979
0.914267
0.913650
0.914437
0.913864
0.913786
0.913936
0.914342
0.914611
0.914202
0.914215
0.913464
0.914387
0.914016
0.913849
0.914050
0.913804
0.914568
0.914034
0.913635
0.913368
0.914343
0.914123
0.913069
0.911779
0.911883
0.912117
0.911100
0.912988
0.913138
0.913947
0.913756
0.913500
0.913400
0.913403
0.914006
0.913615
0.913533
0.913299
0.914191
0.913878
0.913756
0.913845
0.913666
0.914523
0.914025
0.913900
0.913896
0.913944
0.913978
0.913759
0.913776
0.913688
0.914440
0.913712
0.913478
0.913476
0.913676
0.913887
0.913203
0.912969
0.912477
0.913309
0.912714
0.913017
0.913134
0.913351
0.913660
0.913239
0.913401
0.913298
0.913673
0.913063
0.913334
0.913219
0.913187
0.913837
0.913530
0.913521
0.912954
0.913462
0.913202
0.913071
0.912921
0.912806
0.913206
0.912984
0.912921
0.912505
0.912828
0.912774
0.911270
0.910975
0.910870
0.912617
0.912895
0.912628
0.912275
0.912063
0.912411
0.912172
0.912194
0.911936
0.912932
0.912309
0.912053
0.911725
0.911707
0.912427
0.911863
0.911981
0.911869
0.912903
0.912160
0.911826
0.911776
0.911468
0.912477
0.912211
0.912301
0.912173
0.912974
0.912243
0.911903
0.911832
0.911687
0.912713
0.911885
0.912250
0.912036
0.912375
0.911925
0.911666
0.911428
0.911314
0.912008
0.911582
0.911744
0.910171
0.910833
0.910842
0.910553
0.910410
0.910522
0.911551
0.911065
0.911019
0.910685
0.910374
0.910812
0.910062
0.910497
0.910691
0.911825
0.911339
0.911319
0.910332
0.908701
0.908653
0.908421
0.908138
0.909888
0.911729
0.910243
0.910484
0.910068
0.909619
0.910280
0.909919
0.910417
0.910742
0.911087
0.910681
0.909925
0.909255
0.908746
0.909588
0.909599
0.910081
0.910445
0.909346
0.909913
0.908952
0.908791
0.908373
0.909665
0.910136
0.910309
0.910206
0.910233
0.910017
0.908738
0.908366
0.908574
0.910545
0.910395
0.910573
0.910041
0.909141
0.908580
0.907761
0.907463
0.908518
0.909995
0.910067
0.909574
0.908852
0.907661
0.907618
0.907017
0.907107
0.908237
0.909479
0.909012
0.908580
0.907655
0.906395
0.907072
0.906444
0.907236
0.908258
0.908865
0.908471
0.907865
0.904869
0.903181
0.904515
0.904804
0.905447
0.904612
0.905216
0.905550
0.904219
0.902822
0.903183
0.903780
0.903594
0.905159
0.904279
0.904742
0.905125
0.904195
0.904559
0.904739
0.905634
0.906536
0.906906
0.906724
0.905795
0.906109
0.904559
0.904866
0.904282
0.906008
0.906776
0.906929
0.906544
0.905830
0.905837
0.905499
0.905228
0.905423
0.907186
0.906812
0.906775
0.906458
0.905383
0.906324
0.906538
0.906258
0.906971
0.907933
0.908509
0.907536
0.906841
0.906205
0.907064
0.906500
0.907260
0.907692
0.908211
0.908567
0.907573
0.906921
0.906263
0.907310
0.906858
0.907848
0.907270
0.908180
0.908740
0.906122
0.905384
0.905123
0.905949
0.905399
0.907194
0.908703
0.908678
0.908641
0.907384
0.906880
0.907082
0.907203
0.907531
0.908114
0.908546
0.907969
0.908232
0.907460
0.907047
0.907099
0.907609
0.908921
0.909191
0.909446
0.908797
0.909147
0.907658
0.907471
0.907435
0.908199
0.909277
0.909135
0.909074
0.908206
0.908538
0.906999
0.907184
0.907263
0.908398
0.909341
0.909133
0.908901
0.908022
0.908011
0.907395
0.907369
0.907785
0.908769
0.909611
0.909564
0.909156
0.908088
0.907980
0.908062
0.907709
0.908386
0.908732
0.910138
0.909870
0.909096
0.908011
0.908335
0.908845
0.908399
0.909187
0.909902
0.910987
0.908726
0.908452
0.907384
0.909231
0.909103
0.909073
0.910104
0.910380
0.911728
0.910854
0.910239
0.909736
0.910311
0.910501
0.910867
0.911803
0.911792
0.913299
0.912053
0.911729
0.911571
0.912025
0.912189
0.912742
0.912929
0.913194
0.914016
0.913351
0.912800
0.912866
0.912859
0.913513
0.913922
0.914078
0.914302
0.914720
0.914295
0.913938
0.914310
0.913921
0.914993
0.914826
0.914983
0.915419
0.915519
0.915366
0.915011
0.915408
0.915267
0.916382
0.916024
0.916450
0.916694
0.917062
0.915927
0.916446
0.916982
0.916958
0.918150
0.917931
0.918201
0.918158
0.917904
0.918524
0.918255
0.918360
0.918221
0.919213
0.919362
0.917713
0.917917
0.917043
0.917436
0.918297
0.918114
0.919049
0.919853
0.919954
0.919840
0.919310
0.919435
0.920253
0.920375
0.920010
0.920008
0.920507
0.921013
0.920545
0.920367
0.920423
0.921601
0.921115
0.921388
0.921217
0.921580
0.922118
0.921463
0.921532
0.921671
0.922867
0.922444
0.922429
0.922312
0.922531
0.922995
0.922449
0.922656
0.922599
0.923506
0.922928
0.922829
0.922847
0.922866
0.923101
0.922683
0.922725
0.922797
0.923642
0.923225
0.923029
0.923229
0.923005
0.923632
0.923226
0.923237
0.923219
0.923911
0.923735
0.923558
0.923815
0.923655
0.924559
0.923991
0.924154
0.924488
0.924429
0.923077
0.923505
0.922550
0.922126
0.923746
0.922899
0.924498
0.924471
0.925032
0.925201
0.924903
0.924877
0.924526
0.925273
0.924736
0.924791
0.924621
0.924794
0.924844
0.924794
0.925069
0.924643
0.925296
0.925133
0.925145
0.925236
0.925158
0.925771
0.925662
0.925557
0.925162
0.925881
0.926002
0.925878
0.925871
0.925757
0.926760
0.926259
0.925894
0.925889
0.926257
0.926665
0.926590
0.926218
0.926106
0.927053
0.926480
0.926128
0.926321
0.926566
0.927037
0.926404
0.926425
0.925903
0.926928
0.926179
0.926154
0.926331
0.926249
0.926896
0.926403
0.926295
0.926197
0.926967
0.926504
0.926530
0.926633
0.925488
0.925890
0.925885
0.925624
0.926252
0.926796
0.926434
0.926132
0.926321
0.926276
0.926759
0.926210
0.926503
0.926173
0.926489
0.926235
0.926168
0.926207
0.926080
0.926676
0.926435
0.926322
0.925863
0.925924
0.925996
0.925882
0.925838
0.925658
0.926448
0.925978
0.925689
0.925610
0.925646
0.926286
0.925977
0.925782
0.925602
0.926542
0.926103
0.925725
0.925986
0.926111
0.926798
0.926370
0.925655
0.925281
0.926875
0.926202
0.926038
0.926098
0.926610
0.926094
0.926279
0.926175
0.926107
0.926552
0.926241
0.926276
0.926319
0.926151
0.926707
0.925950
0.925768
0.925547
0.926010
0.926164
0.926152
0.926300
0.925909
0.926461
0.925865
0.925929
0.925865
0.925934
0.926644
0.926496
0.926105
0.925983
0.926734
0.926192
0.926521
0.926405
0.926337
0.927131
0.926852
0.926642
0.926095
0.926738
0.926530
0.925952
0.926213
0.926054
0.926901
0.926388
0.925984
0.925842
0.926515
0.926421
0.925739
0.925667
0.925826
0.926180
0.925777
0.925545
0.925251
0.926139
0.925812
0.925507
0.925428
0.925520
0.926142
0.925606
0.925296
0.925400
0.925819
0.926083
0.925589
0.925574
0.925550
0.926282
0.925562
0.925332
0.925626
0.925590
0.925872
0.925558
0.925643
0.924973
0.925760
0.925497
0.923803
0.922827
0.922362
0.922726
0.922520
0.922538
0.923656
0.924647
0.923961
0.924518
0.924181
0.923561
0.924040
0.924014
0.925204
0.925263
0.925933
0.925809
0.925931
0.925607
0.925747
0.925540
0.925653
0.925896
0.925927
0.926248
0.926726
0.926346
0.926194
0.926096
0.926798
0.926337
0.926405
0.926173
0.926453
0.926989
0.926269
0.926130
0.925894
0.926771
0.926416
0.926294
0.926359
0.926167
0.926798
0.926332
0.925328
0.925609
0.926655
0.926464
0.926310
0.926347
0.926487
0.926867
0.926343
0.926331
0.926298
0.927143
0.926629
0.926964
0.926878
0.927123
0.927350
0.926895
0.926925
0.926720
0.927336
0.927384
0.927084
0.927143
0.926778
0.927523
0.927038
0.926921
0.926923
0.927389
0.927096
0.925149
0.926121
0.925869
0.927281
0.926735
0.926785
0.926645
0.926666
0.927200
0.927157
0.926906
0.926529
0.927274
0.927029
0.926757
0.926789
0.926769
0.927616
0.927550
0.927034
0.926796
0.927421
0.927414
0.927358
0.927511
0.927302
0.928270
0.927845
0.927373
0.927210
0.927714
0.927644
0.927592
0.927604
0.927320
0.928227
0.927690
0.927238
0.927262
0.927550
0.927826
0.927496
0.927262
0.927095
0.927777
0.927175
0.927315
0.927378
0.927504
0.927952
0.927509
0.927471
0.927529
0.928194
0.927567
0.927584
0.927829
0.927947
0.928596
0.928081
0.927929
0.928104
0.928583
0.928419
0.928618
0.927580
0.926547
0.926904
0.926657
0.926555
0.928130
0.928923
0.928801
0.928534
0.928543
0.928527
0.929406
0.928743
0.928847
0.928503
0.928703
0.928667
0.928596
0.928647
0.928373
0.929101
0.928891
0.929026
0.928750
0.928738
0.929150
0.929062
0.929016
0.928830
0.929608
0.929638
0.929443
0.929056
0.929321
0.929918
0.929707
0.929548
0.929524
0.930133
0.930026
0.929638
0.929604
0.929781
0.930057
0.930135
0.929844
0.929419
0.930392
0.930195
0.929716
0.929645
0.929474
0.930347
0.929903
0.929428
0.928848
0.929936
0.930024
0.929661
0.929798
0.929749
0.930434
0.929875
0.929750
0.929963
0.930315
0.930746
0.929838
0.928425
0.928690
0.928915
0.928552
0.929812
0.930417
0.930462
0.930828
0.930173
0.930428
0.930505
0.930381
0.930299
0.930298
0.930430
0.930154
0.930613
0.930337
0.930388
0.930022
0.930780
0.930156
0.930053
0.930085
0.929849
0.930551
0.930182
0.930163
0.930013
0.930707
0.930541
0.930513
0.930480
0.930210
0.931085
0.930803
0.930664
0.930579
0.930794
0.931288
0.930897
0.930926
0.930702
0.931628
0.931281
0.930958
0.930854
0.930853
0.931254
0.930995
0.930675
0.930656
0.931524
0.931012
0.930809
0.930818
0.930735
0.931413
0.930620
0.930429
0.930271
0.931200
0.930811
0.930661
0.930583
0.930727
0.931672
0.929425
0.928868
0.928543
0.929902
0.929231
0.930572
0.930098
0.930880
0.931556
0.930979
0.931020
0.930946
0.931280
0.931317
0.930115
0.930912
0.930932
0.931478
0.931527
0.929983
0.930900
0.931046
0.931354
0.931019
0.931073
0.930731
0.931433
0.930846
0.930932
0.930508
0.930544
0.930849
0.930844
0.930487
0.930730
0.931264
0.930820
0.930727
0.930733
0.930491
0.931100
0.930805
0.930793
0.930801
0.930720
0.930881
0.930478
0.930731
0.930739
0.931779
0.931329
0.931185
0.931076
0.931658
0.931326
0.931261
0.930996
0.930007
0.930734
0.930355
0.929903
0.929951
0.929931
0.930398
0.930082
0.929269
0.928943
0.929689
0.928834
0.928391
0.928797
0.928799
0.929154
0.928699
0.928306
0.928977
0.929048
0.929380
0.928851
0.929225
0.928532
0.929420
0.928853
0.929440
0.928729
0.929935
0.929101
0.929371
0.929322
0.928630
0.929906
0.929468
0.928988
0.928857
0.928711
0.930156
0.930273
0.929564
0.929596
0.929630
0.928884
0.929167
0.928763
0.929015
0.929154
0.928767
0.928616
0.927834
0.929155
0.929944
0.929759
0.929848
0.929753
0.929304
0.929821
0.929695
0.930100
0.930784
0.929747
0.929414
0.930146
0.930210
0.930956
0.930003
0.929739
0.929015
0.929973
0.929278
0.929387
0.929444
0.929634
0.930153
0.929770
0.929500
0.929272
0.929941
0.929774
0.929472
0.929402
0.929215
0.929939
0.929239
0.929121
0.928931
0.929367
0.929217
0.928932
0.929001
0.928752
0.929714
0.929127
0.929092
0.928962
0.929328
0.929493
0.929193
0.929065
0.929306
0.929456
0.929615
0.929557
0.929313
0.929645
0.929968
0.929551
0.929431
0.929474
0.930199
0.929614
0.929616
0.929511
0.929522
0.930209
0.929317
0.929366
0.929446
0.930114
0.929701
0.929467
0.929395
0.929673
0.929123
0.929156
0.929338
0.929391
0.929816
0.929658
0.929423
0.929739
0.929533
0.930150
0.929534
0.929568
0.929977
0.929757
0.930103
0.929775
0.929869
0.929931
0.930741
0.929953
0.929902
0.930139
0.930122
0.930362
0.929981
0.929966
0.929836
0.930426
0.929989
0.929874
0.929820
0.929867
0.930389
0.929832
0.929812
0.929475
0.929800
0.929354
0.929207
0.929242
0.929449
0.929975
0.929505
0.929490
0.929254
0.929826
0.929882
0.928784
0.929286
0.929125
0.930045
0.929287
0.929579
0.929471
0.929866
0.929928
0.929855
0.929677
0.929402
0.930282
0.929791
0.929626
0.929487
0.929562
0.929757
0.929648
0.929332
0.929149
0.929776
0.929459
0.929400
0.928892
0.928577
0.928892
0.927916
0.926709
0.925652
0.926014
0.925552
0.925377
0.926215
0.927108
0.928203
0.928213
0.928053
0.926564
0.927615
0.927325
0.927909
0.927444
0.926753
0.927457
0.927298
0.927734
0.927988
0.928578
0.928470
0.928242
0.928147
0.927772
0.928435
0.927714
0.927984
0.927917
0.927985
0.928067
0.927468
0.927752
0.927336
0.927686
0.927192
0.926923
0.927062
0.926613
0.926898
0.926706
0.926338
0.926540
0.927218
0.926397
0.926752
0.926421
0.926390
0.927022
0.926513
0.926611
0.925768
0.926958
0.926908
0.926448
0.926415
0.926383
0.927019
0.926471
0.926363
0.926147
0.926777
0.926669
0.926089
0.926173
0.925665
0.926560
0.926142
0.925847
0.925767
0.926135
0.926127
0.925545
0.925592
0.925343
0.925885
0.925633
0.924918
0.925123
0.925302
0.925679
0.925273
0.925237
0.925153
0.925695
0.925221
0.925078
0.925480
0.924664
0.925809
0.925349
0.925493
0.925400
0.925717
0.925227
0.925239
0.925282
0.924947
0.925887
0.925105
0.925459
0.924581
0.925136
0.923892
0.924860
0.923761
0.924702
0.926005
0.925434
0.925604
0.925009
0.925176
0.925229
0.924119
0.924404
0.924375
0.925160
0.924441
0.924364
0.924014
0.924098
0.924295
0.923749
0.923703
0.923712
0.924501
0.924282
0.924218
0.924016
0.923831
0.924433
0.924045
0.923898
0.924042
0.923869
0.923330
0.923403
0.923257
0.922236
0.923898
0.923436
0.923350
0.922804
0.922297
0.922028
0.921558
0.921111
0.921541
0.922527
0.922073
0.921425
0.921027
0.920457
0.920142
0.920323
0.920172
0.919970
0.921825
0.920092
0.918194
0.917698
0.916774
0.917403
0.917087
0.918432
0.918835
0.920218
0.919673
0.919948
0.919119
0.918007
0.920025
0.919625
0.919541
0.919092
0.919889
0.919505
0.919220
0.918559
0.918299
0.919054
0.918237
0.918260
0.917851
0.918931
0.918303
0.917249
0.916871
0.915630
0.916807
0.916189
0.916379
0.916231
0.917227
0.916275
0.914971
0.914370
0.914599
0.914577
0.914147
0.914361
0.914327
0.914568
0.913453
0.912184
0.912106
0.912251
0.912235
0.911743
0.912223
0.912203
0.911694
0.911290
0.909027
0.910204
0.910275
0.910847
0.910232
0.911091
0.911137
0.910292
0.910065
0.909709
0.910661
0.910227
0.910957
0.910940
0.912079
0.912272
0.911585
0.912015
0.912080
0.912783
0.912076
0.912942
0.913384
0.914349
0.912504
0.910746
0.912279
0.912640
0.913348
0.912984
0.913402
0.914340
0.913997
0.913086
0.912754
0.913724
0.913706
0.912898
0.912204
0.913207
0.914148
0.913112
0.912591
0.912442
0.913897
0.913003
0.912223
0.911754
0.912459
0.912740
0.910868
0.911152
0.911313
0.912507
0.911368
0.910819
0.911223
0.911731
0.911787
0.911185
0.910981
0.911460
0.911964
0.911562
0.910893
0.912128
0.911641
0.912291
0.911475
0.911585
0.912356
0.912738
0.912232
0.912463
0.913033
0.912957
0.913666
0.913003
0.913809
0.914370
0.914650
0.914580
0.915458
0.915666
0.915250
0.915718
0.915117
0.916334
0.916563
0.916391
0.914928
0.916209
0.916217
0.916987
0.917415
0.918179
0.918398
0.918058
0.917398
0.918992
0.918576
0.918851
0.918273
0.919405
0.920262
0.919814
0.919197
0.918376
0.920419
0.920442
0.920489
0.919912
0.921720
0.921876
0.920828
0.919881
0.919543
0.920759
0.919692
0.919427
0.919603
0.920699
0.920605
0.919623
0.919023
0.919457
0.920945
0.920151
0.920883
0.921024
0.921657
0.921643
0.920845
0.920391
0.920970
0.921466
0.920374
0.920545
0.920706
0.920927
0.920726
0.919607
0.919760
0.920197
0.920824
0.920468
0.920915
0.921606
0.921866
0.922190
0.921421
0.922027
0.922638
0.923114
0.923309
0.923393
0.924139
0.924083
0.924454
0.921479
0.922692
0.923724
0.924464
0.924985
0.925054
0.925599
0.925056
0.925483
0.924603
0.925323
0.925709
0.925714
0.926033
0.926027
0.926597
0.925276
0.926163
0.925668
0.926231
0.926722
0.926340
0.926888
0.926853
0.927132
0.926356
0.926644
0.926154
0.926659
0.926819
0.926384
0.927582
0.926441
0.926589
0.926159
0.926567
0.926434
0.926708
0.926704
0.926298
0.927224
0.926790
0.927045
0.925458
0.926158
0.926664
0.926872
0.926953
0.926791
0.927508
0.927415
0.927200
0.926831
0.926993
0.927724
0.927759
0.927792
0.927625
0.928425
0.928087
0.927738
0.927554
0.927650
0.928468
0.928375
0.928379
0.927958
0.928963
0.928634
0.926504
0.927088
0.926509
0.928782
0.928500
0.928616
0.928194
0.928973
0.928575
0.928252
0.928083
0.928059
0.929096
0.928807
0.928693
0.928580
0.929312
0.929120
0.928833
0.928577
0.928906
0.929977
0.929368
0.929774
0.929137
0.930039
0.930097
0.929812
0.929630
0.929813
0.930761
0.930282
0.930145
0.930033
0.930070
0.930301
0.929683
0.929940
0.930104
0.930799
0.930462
0.930430
0.929967
0.930124
0.930361
0.929845
0.930170
0.929922
0.930914
0.930451
0.930431
0.929972
0.929967
0.930609
0.930420
0.930656
0.930505
0.931168
0.931045
0.930756
0.930716
0.930580
0.931277
0.930960
0.931723
0.929806
0.930288
0.930048
0.930848
0.931139
0.930272
0.932142
0.930860
0.931551
0.931278
0.931811
0.931780
0.931383
0.931275
0.930985
0.931810
0.931523
0.931414
0.931339
0.931243
0.932010
0.930818
0.931530
0.931109
0.932100
0.931740
0.931481
0.931435
0.931556
0.932174
0.931424
0.931488
0.930948
0.931979
0.931984
0.931753
0.931787
0.931649
0.932205
0.931560
0.931827
0.931253
0.931953
0.931785
0.931199
0.930847
0.930998
0.931565
0.930960
0.930595
0.930504
0.930944
0.930859
0.930023
0.929748
0.929261
0.929765
0.928357
0.928316
0.927947
0.928018
0.928036
0.927502
0.927029
0.926664
0.927302
0.926775
0.926920
0.927489
0.926313
0.926647
0.926875
0.927719
0.928466
0.929448
0.929179
0.929397
0.930004
0.930282
0.931136
0.930819
0.930788
0.930970
0.932008
0.931323
0.931494
0.931329
0.931454
0.932581
0.931665
0.931387
0.931125
0.931083
0.931399
0.931014
0.930256
0.929998
0.930797
0.929944
0.929787
0.929547
0.929236
0.929177
0.928664
0.928423
0.928275
0.929238
0.928711
0.928822
0.928874
0.928804
0.929882
0.929579
0.929833
0.930102
0.931144
0.930701
0.930977
0.931298
0.931408
0.932040
0.931663
0.931743
0.931720
0.932684
0.932236
0.932097
0.932254
0.932043
0.932336
0.932114
0.931646
0.931909
0.932748
0.932123
0.930060
0.930869
0.930724
0.932755
0.932321
0.931959
0.932332
0.932413
0.932902
0.932462
0.932575
0.932226
0.933472
0.932787
0.932823
0.932746
0.932809
0.933274
0.933054
0.932770
0.932464
0.933383
0.933005
0.932874
0.932781
0.932643
0.933349
0.932971
0.932822
0.932580
0.933157
0.932854
0.932600
0.932586
0.932340
0.933101
0.932477
0.932496
0.932254
0.933014
0.932754
0.932564
0.932586
0.932487
0.933306
0.932804
0.932715
0.932580
0.933375
0.933359
0.933086
0.933145
0.932947
0.933827
0.933027
0.932522
0.933137
0.933534
0.933428
0.933270
0.933213
0.933070
0.933740
0.933046
0.933036
0.933081
0.933226
0.933753
0.933068
0.931203
0.931623
0.932041
0.932557
0.932668
0.933064
0.932885
0.933429
0.932955
0.932838
0.932653
0.933349
0.933000
0.932906
0.933110
0.933024
0.933764
0.933110
0.932942
0.932890
0.933567
0.933591
0.933211
0.933203
0.933130
0.934015
0.933416
0.933351
0.932876
0.933416
0.933589
0.933284
0.933295
0.932943
0.933651
0.933089
0.932994
0.932859
0.932937
0.933293
0.932794
0.932792
0.932632
0.933316
0.933021
0.932671
0.932863
0.932794
0.933383
0.932921
0.932872
0.932677
0.933512
0.933124
0.933135
0.933232
0.933128
0.933883
0.933490
0.933393
0.933282
0.933866
0.933373
0.933641
0.933330
0.933304
0.934137
0.933393
0.933408
0.932065
0.932375
0.932468
0.932571
0.932588
0.932249
0.932983
0.932432
0.932751
0.931244
0.931895
0.932559
0.932192
0.932399
0.932200
0.932959
0.932425
0.932361
0.932477
0.932425
0.933056
0.932506
0.932565
0.932361
0.933148
0.932791
0.932815
0.932753
0.932810
0.933334
0.932986
0.932809
0.932592
0.933276
0.932891
0.932691
0.932752
0.932647
0.933316
0.932893
0.932671
0.932471
0.932818
0.932646
0.932550
0.932353
0.932110
0.932845
0.932620
0.932408
0.932369
0.932429
0.932807
0.932698
0.932506
0.932500
0.933356
0.932864
0.932862
0.932599
0.932793
0.933426
0.932521
0.932810
0.932953
0.933521
0.933525
0.932437
0.932941
0.933048
0.933538
0.932989
0.932947
0.932835
0.933805
0.933229
0.933028
0.933067
0.932834
0.933615
0.932997
0.932709
0.932589
0.933487
0.932593
0.932547
0.932716
0.932343
0.933312
0.932811
0.932875
0.932807
0.933197
0.933262
0.932832
0.932941
0.932739
0.933653
0.933132
0.933052
0.933079
0.933392
0.933753
0.932741
0.933177
0.932902
0.933710
0.933395
0.932761
0.932541
0.933068
0.933633
0.933017
0.933179
0.932803
0.933723
0.933199
0.933177
0.932810
0.932837
0.933357
0.932779
0.932434
0.932212
0.933489
0.933152
0.932937
0.932718
0.932533
0.933545
0.931107
0.930257
0.930218
0.931161
0.930099
0.932060
0.932191
0.933146
0.932745
0.933036
0.933159
0.932561
0.932572
0.932114
0.932496
0.932432
0.933469
0.932959
0.932979
0.932915
0.932928
0.933479
0.933039
0.932966
0.932435
0.933158
0.932096
0.932363
0.932148
0.931932
0.932921
0.932228
0.932344
0.932075
0.932733
0.932353
0.932544
0.931545
0.931930
0.933362
0.931326
0.930545
0.931850
0.932197
0.932781
0.932565
0.932472
0.932394
0.933102
0.932513
0.932309
0.932299
0.932874
0.931925
0.932071
0.932258
0.932409
0.932887
0.932221
0.932115
0.931784
0.931934
0.932319
0.931852
0.931895
0.931427
0.932034
0.931704
0.931630
0.931637
0.931596
0.932224
0.931792
0.931681
0.931504
0.933139
0.931110
0.931840
0.931280
0.931445
0.932499
0.932049
0.932453
0.932009
0.932566
0.931901
0.932188
0.931975
0.931537
0.931969
0.931677
0.930860
0.931224
0.932433
0.932149
0.931385
0.931340
0.930025
0.933156
0.933042
0.933039
0.932902
0.933129
0.931861
0.932514
0.932800
0.932811
0.933606
0.933022
0.932320
0.932738
0.932794
0.933332
0.932879
0.932468
0.932145
0.933474
0.932934
0.933208
0.932770
0.932369
0.932963
0.932826
0.932696
0.932408
0.933123
0.932667
0.932840
0.932403
0.932310
0.933099
0.932210
0.932115
0.932037
0.932797
0.932512
0.932220
0.931709
0.931311
0.932295
0.931749
0.931575
0.931494
0.931675
0.931997
0.931685
0.930055
0.930404
0.929901
0.930027
0.929747
0.930490
0.931702
0.931919
0.931972
0.930871
0.930486
0.930641
0.931276
0.930788
0.930921
0.931311
0.932061
0.931630
0.931509
0.931072
0.931266
0.931132
0.931284
0.931329
0.931097
0.931777
0.930514
0.930598
0.930550
0.931263
0.930833
0.930133
0.929725
0.928946
0.929967
0.929284
0.930104
0.929335
0.929947
0.929857
0.930381
0.930213
0.930094
0.930059
0.930056
0.930062
0.930384
0.930385
0.930684
0.929781
0.930478
0.930116
0.931048
0.930462
0.929956
0.930043
0.930383
0.930743
0.930049
0.930024
0.929750
0.930778
0.930333
0.930289
0.930114
0.929967
0.929694
0.928270
0.928838
0.928943
0.930240
0.929908
0.930046
0.930302
0.930073
0.930851
0.930240
0.930244
0.930432
0.931036
0.931271
0.929846
0.930717
0.930630
0.931420
0.931121
0.931298
0.931218
0.931394
0.931539
0.931410
0.931140
0.931002
0.931708
0.931110
0.931413
0.930918
0.931186
0.931568
0.931054
0.930974
0.930496
0.931349
0.930944
0.930717
0.930699
0.930449
0.930485
0.930057
0.930755
0.929633
0.930966
0.930524
0.930178
0.929732
0.930148
0.931082
0.930517
0.930486
0.929794
0.930274
0.930449
0.930619
0.930607
0.930285
0.930704
0.929905
0.930158
0.930578
0.930856
0.930855
0.930707
0.928190
0.928604
0.929348
0.928496
0.928219
0.929555
0.929503
0.930400
0.930312
0.930005
0.929764
0.930747
0.929762
0.929660
0.929772
0.929912
0.930533
0.930207
0.930033
0.929502
0.930381
0.930076
0.930309
0.930393
0.930296
0.930696
0.930194
0.930159
0.930389
0.931221
0.930912
0.930774
0.930429
0.930554
0.931187
0.930756
0.930727
0.930547
0.930491
0.930858
0.930018
0.929732
0.928509
0.930526
0.930197
0.930257
0.930090
0.929948
0.930887
0.930753
0.929446
0.929492
0.930613
0.930094
0.930493
0.930589
0.930120
0.930322
0.930116
0.930356
0.929905
0.930219
0.928308
0.929753
0.930204
0.930398
0.931438
0.931079
0.930712
0.930577
0.929604
0.929599
0.929664
0.929118
0.929508
0.929650
0.929825
0.930646
0.930832
0.931504
0.930904
0.930588
0.930406
0.930408
0.931099
0.930649
0.930207
0.929989
0.930214
0.930513
0.931012
0.930840
0.929981
0.930980
0.930295
0.930524
0.930668
0.930623
0.931119
0.930809
0.930270
0.930468
0.931557
0.930856
0.930730
0.930721
0.930719
0.931525
0.931416
0.930984
0.930746
0.931278
0.930752
0.930800
0.930800
0.930484
0.931265
0.930556
0.930384
0.930598
0.931085
0.930487
0.930108
0.929979
0.930196
0.929962
0.930024
0.929987
0.930012
0.930275
0.930272
0.930187
0.929933
0.929739
0.930452
0.929867
0.930386
0.929181
0.929013
0.928704
0.928267
0.927945
0.928051
0.930246
0.929945
0.930058
0.929794
0.929648
0.930384
0.930251
0.928679
0.929058
0.930235
0.929988
0.929637
0.929580
0.929413
0.930079
0.929145
0.928982
0.928915
0.929427
0.929117
0.928920
0.928792
0.928788
0.929505
0.928974
0.929031
0.928734
0.929152
0.929404
0.929018
0.928906
0.928986
0.929536
0.929113
0.929275
0.929226
0.929542
0.929667
0.929372
0.929403
0.929322
0.930024
0.929383
0.929204
0.929206
0.929344
0.930046
0.929535
0.929422
0.929118
0.929838
0.929447
0.929294
0.929181
0.929139
0.929661
0.929158
0.929121
0.928960
0.929716
0.929480
0.927580
0.928156
0.927659
0.929862
0.929444
0.929496
0.929278
0.929835
0.929345
0.929867
0.929639
0.929921
0.930515
0.929945
0.929937
0.929957
0.930309
0.930485
0.930120
0.930273
0.930150
0.930918
0.930373
0.930348
0.930153
0.930374
0.930976
0.930535
0.930555
0.930151
0.930864
0.930395
0.930374
0.930436
0.930002
0.930696
0.930466
0.930687
0.930324
0.931107
0.930761
0.930572
0.930604
0.930725
0.931399
0.930960
0.931031
0.930730
0.931513
0.931696
0.931423
0.931232
0.931062
0.931832
0.931739
0.931768
0.931387
0.931612
0.931438
0.931323
0.931622
0.931361
0.932068
0.931514
0.931463
0.931382
0.931861
0.931886
0.931794
0.929762
0.930011
0.929983
0.930721
0.930041
0.931454
0.931084
0.932006
0.931807
0.932125
0.931607
0.932317
0.931829
0.931914
0.931990
0.932167
0.932624
0.932240
0.932227
0.932073
0.933360
0.932906
0.932406
0.932655
0.932322
0.933171
0.933489
0.932392
0.932400
0.933053
0.932838
0.932948
0.933053
0.932894
0.933297
0.932704
0.932438
0.932643
0.933304
0.932827
0.932428
0.932472
0.932239
0.933637
0.933215
0.932736
0.932534
0.932490
0.933148
0.933206
0.933366
0.933135
0.932491
0.932795
0.933209
0.933694
0.933792
0.933729
0.933354
0.933259
0.933570
0.934617
0.934252
0.933214
0.933128
0.933569
0.933657
0.932628
0.932353
0.930540
0.932255
0.932285
0.933539
0.934081
0.932673
0.933018
0.933421
0.932093
0.933197
0.934076
0.933688
0.932709
0.932997
0.932742
0.934269
0.934106
0.933573
0.933145
0.933558
0.933810
0.933983
0.934278
0.933645
0.934106
0.933852
0.933561
0.934135
0.934535
0.934761
0.933543
0.933883
0.933517
0.934804
0.934672
0.934338
0.933719
0.933896
0.934275
0.934097
0.934361
0.933970
0.934138
0.934048
0.933812
0.933762
0.934073
0.934694
0.933851
0.933959
0.933734
0.934159
0.934361
0.934294
0.934025
0.933743
0.934722
0.934739
0.933707
0.934100
0.934636
0.935109
0.934767
0.934687
0.933734
0.934321
0.933738
0.933441
0.933908
0.933818
0.934321
0.934014
0.933909
0.933425
0.934286
0.933647
0.933864
0.933944
0.933787
0.933944
0.933535
0.933214
0.933281
0.933902
0.933461
0.933341
0.933356
0.933293
0.933946
0.933605
0.933524
0.933198
0.933836
0.933743
0.933493
0.933662
0.933635
0.934215
0.933699
0.933319
0.933601
0.933987
0.933950
0.933607
0.933349
0.933293
0.934122
0.933812
0.933085
0.933323
0.932462
0.933394
0.933159
0.933288
0.933170
0.933856
0.932997
0.932747
0.932775
0.932704
0.933350
0.932499
0.932584
0.932573
0.933234
0.932847
0.932858
0.932961
0.932671
0.933308
0.932971
0.933166
0.933332
0.932944
0.933209
0.932894
0.933101
0.933217
0.933941
0.933565
0.933678
0.933269
0.933719
0.933518
0.933380
0.933305
0.932944
0.933784
0.933331
0.933250
0.933168
0.933486
0.933798
0.933232
0.932808
0.932658
0.933509
0.933556
0.932087
0.932813
0.932759
0.933422
0.933000
0.932943
0.932713
0.933629
0.933054
0.932979
0.932946
0.932873
0.933508
0.933049
0.933082
0.932904
0.933761
0.933270
0.933095
0.933114
0.933016
0.933655
0.933337
0.932980
0.933308
0.933092
0.933243
0.933049
0.933094
0.932552
0.933492
0.932893
0.933084
0.932379
0.932404
0.932872
0.930609
0.930021
0.929655
0.929920
0.928965
0.930320
0.931128
0.931388
0.932148
0.931553
0.932344
0.931756
0.931953
0.931773
0.931711
0.933447
0.933186
0.933817
0.933597
0.933498
0.933537
0.934125
0.933763
0.933524
0.933163
0.933245
0.933654
0.932948
0.933216
0.933065
0.933916
0.933532
0.933170
0.933074
0.932943
0.933359
0.932961
0.932981
0.932208
0.932584
0.933444
0.932298
0.932159
0.932156
0.933210
0.932416
0.932540
0.932519
0.932686
0.933111
0.932561
0.932325
0.932254
0.932950
0.933008
0.932673
0.932495
0.932419
0.932976
0.932532
0.932357
0.931946
0.932754
0.932577
0.931429
0.931780
0.931711
0.932276
0.931747
0.931520
0.931166
0.931894
0.931416
0.931147
0.931053
0.930696
0.931501
0.929295
0.929259
0.929043
0.929673
0.930730
0.930408
0.930251
0.930027
0.930584
0.930119
0.930064
0.930573
0.929337
0.930475
0.929977
0.930197
0.930079
0.930642
0.930023
0.929937
0.929896
0.929744
0.930175
0.929419
0.929206
0.929033
0.929675
0.929137
0.929058
0.928874
0.928763
0.929497
0.929044
0.928825
0.928643
0.929521
0.929163
0.928931
0.929297
0.928931
0.930050
0.929579
0.929405
0.929322
0.930145
0.930049
0.929939
0.930201
0.930032
0.930821
0.930504
0.930576
0.930378
0.930611
0.930901
0.930610
0.930949
0.930763
0.931624
0.931058
0.930958
0.931151
0.931081
0.931400
0.931296
0.930991
0.929511
0.930217
0.928817
0.929760
0.929807
0.930967
0.931134
0.930621
0.930660
0.930496
0.931630
0.931377
0.931051
0.931098
0.930805
0.931632
0.931568
0.931184
0.931244
0.931711
0.931663
0.931374
0.931376
0.931529
0.932039
0.931944
0.931930
0.931541
0.932312
0.931991
0.931929
0.932094
0.931543
0.932139
0.931908
0.931272
0.932018
0.931949
0.932172
0.931541
0.931394
0.931689
0.932025
0.931785
0.931265
0.931137
0.931158
0.931607
0.931492
0.931591
0.930642
0.931917
0.930946
0.931285
0.931408
0.931339
0.932329
0.931561
0.931205
0.931093
0.932083
0.931957
0.931551
0.931458
0.930867
0.931497
0.931578
0.931416
0.931373
0.931730
0.929751
0.929786
0.928552
0.928953
0.929359
0.929342
0.930427
0.930228
0.930334
0.930513
0.929815
0.929996
0.929531
0.929131
0.929226
0.928963
0.929365
0.929180
0.929405
0.928602
0.928602
0.928452
0.929241
0.928785
0.928609
0.928208
0.928184
0.928735
0.928044
0.928315
0.927736
0.928428
0.927915
0.927852
0.927868
0.927399
0.927923
0.927236
0.926846
0.926678
0.927338
0.927048
0.926728
0.926394
0.926220
0.926609
0.926309
0.925961
0.925581
0.925762
0.925805
0.924240
0.924744
0.924552
0.925466
0.924539
0.924357
0.924227
0.924454
0.924997
0.924400
0.923997
0.923965
0.924612
0.924639
0.924560
0.924360
0.922771
0.923856
0.922303
0.922595
0.922619
0.924730
0.924603
0.924379
0.924871
0.923679
0.925446
0.924874
0.924468
0.923738
0.925018
0.925626
0.925567
0.925609
0.925418
0.925924
0.925962
0.925956
0.926582
0.926934
0.927433
0.927200
0.927083
0.927361
0.928460
0.927896
0.928285
0.927975
0.928465
0.929145
0.928477
0.929008
0.928702
0.929661
0.929322
0.929011
0.929523
0.929382
0.930035
0.929551
0.929126
0.928963
0.929682
0.928928
0.928933
0.929006
0.928914
0.929440
0.929244
0.929641
0.928434
0.928673
0.928050
0.927867
0.928402
0.927036
0.928411
0.928264
0.927798
0.927426
0.927661
0.927019
0.926625
0.926590
0.926344
0.927213
0.927085
0.927117
0.926811
0.927337
0.927279
0.926399
0.926670
0.926352
0.927379
0.926965
0.926615
0.926664
0.926179
0.926219
0.925818
0.926347
0.925887
0.926607
0.925003
0.925231
0.926910
0.926660
0.926473
0.926051
0.926206
0.925165
0.925484
0.925309
0.925710
0.926235
0.925611
0.926048
0.924727
0.924778
0.926008
0.927360
0.927469
0.927131
0.926533
0.926779
0.926899
0.926552
0.927326
0.926774
0.928018
0.928405
0.928406
0.928143
0.926629
0.927315
0.926954
0.926769
0.927007
0.927476
0.928065
0.927422
0.926978
0.927444
0.928057
0.927871
0.927953
0.927629
0.927610
0.927954
0.927014
0.927714
0.927047
0.928467
0.928292
0.927719
0.927660
0.927415
0.928442
0.928545
0.928377
0.928397
0.928496
0.928288
0.927808
0.928470
0.928717
0.929252
0.928478
0.928956
0.928106
0.928920
0.928851
0.928378
0.929347
0.928433
0.929150
0.928239
0.928192
0.929152
0.928868
0.929366
0.928631
0.927638
0.928802
0.929247
0.928847
0.928507
0.927631
0.928436
0.928991
0.928794
0.928851
0.928100
0.929702
0.928374
0.928432
0.928947
0.928425
0.929627
0.929194
0.928344
0.928893
0.929387
0.929618
0.929694
0.929003
0.929099
0.929385
0.929325
0.929729
0.929103
0.929866
0.929058
0.928738
0.929518
0.929098
0.930020
0.929136
0.928603
0.929241
0.929127
0.929371
0.928808
0.928645
0.928215
0.929226
0.929169
0.929077
0.928218
0.929115
0.929344
0.928759
0.928857
0.928004
0.929823
0.929216
0.928824
0.928816
0.928265
0.929676
0.929378
0.928267
0.928202
0.928572
0.929238
0.929236
0.928661
0.928580
0.928222
0.928399
0.928185
0.927992
0.928949
0.928158
0.928490
0.927715
0.927187
0.928369
0.927864
0.928607
0.928228
0.927173
0.927646
0.927135
0.928259
0.927742
0.926087
0.924685
0.925204
0.926511
0.926697
0.927523
0.927439
0.927027
0.928447
0.929754
0.928962
0.927913
0.926670
0.927957
0.930575
0.930714
0.930391
0.929723
0.930459
0.929590
0.929731
0.930483
0.930244
0.931036
0.930567
0.929794
0.929627
0.930948
0.930395
0.930435
0.930430
0.929572
0.930795
0.929542
0.930067
0.930237
0.930693
0.929927
0.929211
0.930184
0.930228
0.930871
0.930517
0.930119
0.929006
0.929573
0.929308
0.929356
0.928858
0.928973
0.929346
0.928925
0.929792
0.930057
0.929890
0.930368
0.929992
0.930099
0.928976
0.929909
0.929654
0.929573
0.929458
0.929506
0.929921
0.929541
0.929283
0.928614
0.929390
0.928563
0.928695
0.928019
0.928274
0.928708
0.928254
0.928331
0.927193
0.928543
0.927770
0.927730
0.927848
0.927724
0.928761
0.927853
0.927972
0.927718
0.928220
0.928262
0.928080
0.927902
0.927711
0.928510
0.928158
0.927845
0.927539
0.927510
0.927247
0.927883
0.927700
0.926844
0.927386
0.926917
0.926160
0.925850
0.925698
0.926708
0.926173
0.926134
0.924771
0.925957
0.925558
0.925330
0.925218
0.924813
0.924858
0.924582
0.924708
0.924593
0.925325
0.925139
0.925197
0.923901
0.922914
0.923523
0.923271
0.923283
0.923116
0.923632
0.923758
0.923771
0.924209
0.923725
0.924926
0.925083
0.925779
0.925459
0.925518
0.926328
0.926248
0.926804
0.926408
0.927327
0.926535
0.926808
0.927089
0.926700
0.927523
0.927390
0.926825
0.927156
0.927756
0.927320
0.927695
0.927629
0.928013
0.928454
0.927711
0.928337
0.927327
0.928159
0.928246
0.928136
0.928100
0.928275
0.928822
0.928218
0.928440
0.928131
0.928695
0.928484
0.927606
0.927922
0.927773
0.928729
0.928173
0.927835
0.927272
0.928025
0.927696
0.927574
0.927684
0.927062
0.927587
0.926586
0.926203
0.926950
0.927327
0.925432
0.923851
0.924270
0.923547
0.923958
0.925604
0.925825
0.925394
0.926000
0.926108
0.926492
0.926714
0.926969
0.927302
0.927412
0.926726
0.927590
0.927662
0.927923
0.926583
0.927355
0.925885
0.927469
0.928130
0.927477
0.926219
0.926702
0.927377
0.927514
0.927428
0.926743
0.926436
0.926788
0.926393
0.926899
0.926867
0.927634
0.926475
0.926712
0.926728
0.927144
0.927719
0.927384
0.927039
0.926896
0.928445
0.926815
0.927670
0.927762
0.927530
0.928041
0.927818
0.927990
0.928010
0.928918
0.928159
0.927790
0.927861
0.927615
0.928342
0.927926
0.927941
0.927796
0.928454
0.928158
0.927914
0.927570
0.927370
0.928059
0.927700
0.927826
0.927048
0.928119
0.927995
0.927829
0.927804
0.927432
0.928984
0.927175
0.926371
0.926636
0.928032
0.928459
0.927839
0.928583
0.927870
0.929147
0.928733
0.928419
0.928521
0.928732
0.929000
0.928662
0.928664
0.928226
0.929804
0.927708
0.928238
0.928504
0.928501
0.929079
0.928468
0.928488
0.928341
0.928757
0.928614
0.928277
0.928245
0.928035
0.928869
0.928415
0.928278
0.927971
0.928761
0.928636
0.928564
0.928469
0.928379
0.929118
0.928692
0.928743
0.928738
0.929007
0.929196
0.928995
0.929211
0.928878
0.929712
0.929307
0.929203
0.929193
0.929245
0.929508
0.929247
0.929338
0.929185
0.929654
0.929199
0.929129
0.929095
0.929235
0.929613
0.929006
0.929053
0.928705
0.929510
0.929522
0.928339
0.927385
0.927721
0.929428
0.929258
0.929176
0.929096
0.929770
0.929500
0.929403
0.929350
0.929128
0.929800
0.929461
0.929548
0.929421
0.930030
0.929828
0.929753
0.929770
0.929489
0.930353
0.929891
0.930194
0.929025
0.929508
0.929873
0.929564
0.929667
0.929543
0.930180
0.929682
0.929573
0.929472
0.929423
0.929587
0.929419
0.929317
0.929023
0.930088
0.929586
0.929385
0.929360
0.929223
0.930012
0.929329
0.929458
0.929447
0.930196
0.929974
0.929756
0.929554
0.929601
0.930300
0.929968
0.929877
0.929680
0.930505
0.930308
0.930003
0.929947
0.929349
0.930680
0.929790
0.930417
0.929742
0.928047
0.929194
0.928762
0.929551
0.929492
0.929982
0.929540
0.929719
0.929065
0.929597
0.929894
0.929552
0.929677
0.928618
0.930145
0.929612
0.929462
0.929527
0.929626
0.930409
0.929757
0.929658
0.929493
0.930192
0.929909
0.929881
0.929883
0.930021
0.930139
0.929978
0.929908
0.929891
0.929906
0.929393
0.929932
0.930059
0.929859
0.930395
0.930061
0.929788
0.929840
0.929709
0.929959
0.929744
0.929627
0.929477
0.930323
0.929681
0.929620
0.929610
0.930057
0.929322
0.929239
0.929784
0.929633
0.930534
0.930241
0.930347
0.929510
0.929936
0.930749
0.930607
0.930383
0.929976
0.930889
0.930499
0.930459
0.930529
0.930057
0.929242
0.929220
0.928656
0.929938
0.930657
0.930280
0.930250
0.930116
0.930098
0.930648
0.929971
0.930094
0.929710
0.930625
0.929506
0.929624
0.929907
0.929715
0.930644
0.930238
0.929846
0.929915
0.930155
0.930192
0.930176
0.929984
0.929881
0.930911
0.930411
0.930427
0.930318
0.930234
0.930669
0.930299
0.930467
0.930257
0.931028
0.930561
0.930359
0.930288
0.930312
0.930863
0.930271
0.930262
0.930324
0.930499
0.929993
0.930005
0.930088
0.929986
0.930546
0.929903
0.929809
0.929579
0.930943
0.930574
0.930380
0.930065
0.929750
0.930767
0.930188
0.930343
0.930416
0.930833
0.930968
0.929751
0.928779
0.928974
0.930650
0.930533
0.930899
0.930864
0.931122
0.931445
0.930753
0.930750
0.930346
0.931225
0.930944
0.930719
0.930775
0.930669
0.931224
0.930957
0.930430
0.930150
0.930972
0.930572
0.930988
0.929788
0.929948
0.931016
0.930595
0.930455
0.930427
0.930831
0.930629
0.930642
0.930517
0.930672
0.931275
0.930564
0.930593
0.930628
0.930976
0.931144
0.930756
0.930795
0.930630
0.931354
0.930961
0.930827
0.930655
0.930912
0.931036
0.931024
0.930761
0.930676
0.931281
0.930806
0.930717
0.930644
0.930349
0.930859
0.930579
0.930310
0.930210
0.930800
0.930355
0.930400
0.930262
0.930293
0.930952
0.930728
0.930205
0.928586
0.929865
0.929983
0.930546
0.930640
0.930573
0.931339
0.930905
0.931020
0.930697
0.931405
0.931249
0.931064
0.930889
0.930660
0.931613
0.931066
0.930902
0.930833
0.930897
0.931048
0.930853
0.930711
0.930612
0.931255
0.930568
0.930554
0.930555
0.930693
0.930187
0.930195
0.930560
0.930409
0.931094
0.930760
0.930563
0.930528
0.930620
0.930949
0.930746
0.930712
0.930353
0.931816
0.930825
0.931190
0.930837
0.930523
0.931209
0.931001
0.931018
0.930709
0.931319
0.930965
0.930966
0.930840
0.930583
0.931222
0.930774
0.930374
0.930526
0.931185
0.931046
0.930558
0.930488
0.930219
0.931005
0.930451
0.930814
0.930362
0.928766
0.929768
0.929504
0.930550
0.930422
0.931377
0.930952
0.930743
0.930794
0.930976
0.931332
0.931044
0.930969
0.930659
0.931658
0.931320
0.931272
0.931417
0.931223
0.931693
0.931002
0.931048
0.930991
0.931593
0.931473
0.931093
0.931099
0.931131
0.931777
0.931063
0.930849
0.930532
0.931134
0.931255
0.930555
0.930634
0.930208
0.931478
0.930848
0.930582
0.930434
0.930770
0.931079
0.930849
0.930972
0.930569
0.931315
0.930924
0.930696
0.930899
0.930920
0.931277
0.930933
0.930966
0.930626
0.931603
0.930747
0.930823
0.930773
0.930850
0.931293
0.930973
0.930615
0.930355
0.931562
0.929452
0.928946
0.929826
0.930269
0.931129
0.930641
0.930502
0.930271
0.930473
0.930554
0.930319
0.930544
0.930388
0.931104
0.930659
0.930691
0.930355
0.930948
0.931084
0.930726
0.930880
0.930786
0.931595
0.931234
0.931219
0.931116
0.931336
0.931709
0.931417
0.931500
0.931282
0.932059
0.931259
0.931576
0.931143
0.931463
0.931932
0.931405
0.931479
0.931290
0.931934
0.931371
0.931111
0.930931
0.930817
0.931545
0.931180
0.931226
0.930950
0.931595
0.931249
0.931098
0.931247
0.931169
0.931791
0.931423
0.931606
0.931646
0.932046
0.931889
0.931474
0.931698
0.931504
0.932308
0.931880
0.931666
0.931923
0.932020
0.932382
0.931149
0.929924
0.929943
0.931091
0.931103
0.931280
0.931033
0.931042
0.931244
0.930821
0.930670
0.930371
0.931081
0.930529
0.930585
0.930785
0.930622
0.931210
0.930604
0.930377
0.930390
0.931232
0.930855
0.930715
0.930721
0.930753
0.931329
0.930857
0.930730
0.930870
0.931500
0.931464
0.931405
0.931268
0.931000
0.931812
0.931099
0.931151
0.930954
0.931222
0.931479
0.931104
0.931190
0.930976
0.931663
0.931149
0.930942
0.930936
0.931033
0.931322
0.931102
0.930464
0.930598
0.931487
0.930982
0.930723
0.930757
0.930890
0.931706
0.931279
0.931069
0.930762
0.931777
0.931292
0.931363
0.931362
0.931090
0.931938
0.931554
0.931532
0.931228
0.931759
0.931455
0.931417
0.931419
0.931311
0.931854
0.931424
0.931256
0.931250
0.931406
0.931418
0.931187
0.931252
0.930475
0.931129
0.931097
0.930892
0.930785
0.930848
0.931195
0.931034
0.931027
0.930898
0.931799
0.931323
0.931262
0.931150
0.931145
0.931835
0.931837
0.930957
0.931068
0.931941
0.931806
0.931683
0.931824
0.931455
0.932266
0.931875
0.931771
0.931462
0.932179
0.931711
0.931761
0.931635
0.931482
0.932091
0.931470
0.931555
0.931517
0.931940
0.931634
0.931291
0.931152
0.931514
0.930903
0.930876
0.930881
0.931446
0.929796
0.929241
0.928621
0.928414
0.927960
0.929895
0.930753
0.930827
0.930703
0.931437
0.931529
0.931045
0.930804
0.930386
0.931098
0.931508
0.931682
0.931590
0.931646
0.932108
0.931969
0.930802
0.931057
0.932049
0.931647
0.931341
0.931663
0.930718
0.931916
0.930943
0.930749
0.930675
0.931167
0.931095
0.930374
0.930837
0.930890
0.931956
0.930228
0.930953
0.930554
0.930949
0.931827
0.929816
0.930225
0.930941
0.930886
0.930070
0.929803
0.929755
0.929975
0.930389
0.930190
0.930064
0.930172
0.930642
0.929999
0.930706
0.930331
0.930918
0.931774
0.931399
0.931236
0.931244
0.931973
0.931436
0.931145
0.931187
0.931294
0.931338
0.930445
0.930206
0.930327
0.930662
0.930755
0.932075
0.932145
0.932049
0.932871
0.932646
0.932069
0.930539
0.930831
0.931248
0.930490
0.932009
0.932626
0.933301
0.932733
0.932539
0.932741
0.932519
0.932330
0.932357
0.932416
0.932346
0.933169
0.932617
0.932552
0.932618
0.932529
0.933036
0.932465
0.932186
0.932004
0.932860
0.932428
0.932176
0.932164
0.931967
0.932517
0.932194
0.932090
0.931923
0.932694
0.932403
0.932325
0.932228
0.932103
0.932869
0.932524
0.932217
0.932233
0.932700
0.932688
0.932541
0.932646
0.932494
0.933166
0.932806
0.932531
0.932437
0.932611
0.932685
0.932435
0.932336
0.932153
0.932855
0.932379
0.932283
0.932073
0.931978
0.932326
0.931944
0.931860
0.931655
0.932531
0.930514
0.929799
0.930095
0.929648
0.931080
0.931535
0.931679
0.930879
0.931945
0.931872
0.931591
0.931519
0.931621
0.932310
0.931932
0.931817
0.931543
0.932271
0.932039
0.931846
0.931884
0.931675
0.932412
0.931739
0.931672
0.931605
0.931925
0.931866
0.931557
0.931546
0.931424
0.932134
0.931476
0.931180
0.930932
0.931206
0.931641
0.931183
0.931271
0.930987
0.931813
0.931501
0.931150
0.931052
0.931190
0.931653
0.931380
0.931473
0.931128
0.931989
0.931453
0.931390
0.931484
0.931493
0.932072
0.931798
0.931761
0.931648
0.932123
0.931711
0.931533
0.931327
0.931634
0.931630
0.931479
0.931618
0.931167
0.932075
0.930845
0.929466
0.929508
0.930496
0.931560
0.931165
0.930766
0.930697
0.931091
0.931300
0.931001
0.931353
0.930426
0.931791
0.931394
0.931378
0.931327
0.931271
0.931680
0.931383
0.931340
0.931292
0.932081
0.931664
0.931401
0.931424
0.931352
0.932057
0.931408
0.931264
0.931301
0.931845
0.931575
0.931310
0.931286
0.930952
0.931789
0.931239
0.931140
0.930836
0.931292
0.931177
0.930970
0.930887
0.930614
0.931376
0.930925
0.930882
0.930796
0.931104
0.931090
0.930949
0.930950
0.930912
0.931753
0.931191
0.931119
0.931259
0.931144
0.931784
0.931371
0.931324
0.931296
0.932140
0.931985
0.931346
0.929859
0.929298
0.930082
0.928944
0.930306
0.930856
0.931746
0.931507
0.931188
0.931219
0.930942
0.931286
0.930954
0.930831
0.931183
0.930626
0.930740
0.930735
0.930854
0.930624
0.931429
0.930857
0.930809
0.930874
0.931193
0.931244
0.930961
0.931028
0.930781
0.931522
0.931134
0.931107
0.930979
0.931254
0.931461
0.930967
0.930732
0.930667
0.931383
0.930931
0.930805
0.930801
0.930897
0.931103
0.930657
0.930703
0.930356
0.931062
0.930429
0.930403
0.929266
0.929918
0.930504
0.929791
0.929812
0.930274
0.930682
0.930395
0.930243
0.930201
0.929890
0.930693
0.930116
0.930169
0.930347
0.930099
0.930418
0.930359
0.928853
0.928805
0.929369
0.928088
0.930419
0.929918
0.930593
0.930606
0.930360
0.930090
0.929559
0.930783
0.930216
0.930074
0.930197
0.930420
0.930853
0.930100
0.929951
0.929630
0.930355
0.930504
0.929010
0.929696
0.929814
0.930278
0.929993
0.929888
0.929514
0.930074
0.929850
0.929654
0.929825
0.929798
0.930530
0.929646
0.929820
0.929718
0.930383
0.930041
0.929944
0.929848
0.929718
0.930508
0.929845
0.929606
0.929669
0.929186
0.929649
0.929344
0.929559
0.929239
0.929978
0.929505
0.929259
0.928919
0.929059
0.929109
0.928822
0.928798
0.928571
0.929376
0.928627
0.928388
0.928420
0.928639
0.929824
0.927589
0.927213
0.926924
0.927868
0.927464
0.927069
0.926729
0.928240
0.929240
0.928838
0.928692
0.928652
0.929390
0.929129
0.928691
0.928473
0.928423
0.928914
0.928285
0.928410
0.928358
0.928714
0.928527
0.928165
0.927972
0.927740
0.928261
0.927684
0.927786
0.927755
0.927683
0.927805
0.927526
0.927286
0.927098
0.928317
0.927013
0.927324
0.927473
0.927382
0.927921
0.927535
0.927469
0.927509
0.927802
0.927746
0.927798
0.927595
0.927459
0.928007
0.927377
0.927454
0.927154
0.927830
0.927415
0.927409
0.927251
0.927285
0.927644
0.927120
0.927238
0.926916
0.927913
0.926811
0.927151
0.926930
0.926815
0.927241
0.925373
0.925614
0.925193
0.926978
0.927313
0.927326
0.927178
0.926920
0.927678
0.927085
0.927173
0.927529
0.927167
0.927819
0.927481
0.927528
0.927343
0.928156
0.927684
0.927626
0.927659
0.927796
0.928345
0.927868
0.927469
0.927114
0.927986
0.927712
0.927463
0.927457
0.927310
0.928061
0.927463
0.927314
0.926967
0.927622
0.927250
0.927024
0.927261
0.927016
0.928056
0.927273
0.927101
0.927096
0.927504
0.927522
0.927228
0.927176
0.927427
0.928150
0.927429
0.927321
0.927253
0.927560
0.927783
0.927561
0.927504
0.927368
0.928227
0.927626
0.927483
0.927368
0.927175
0.927686
0.927587
0.927427
0.927320
0.928172
0.927869
0.926180
0.925531
0.925298
0.925913
0.925165
0.926071
0.927043
0.927820
0.927565
0.927160
0.927072
0.926953
0.927693
0.927196
0.927422
0.927284
0.927930
0.927953
0.927577
0.927384
0.927212
0.928108
0.927932
0.928026
0.927972
0.928239
0.928291
0.927847
0.927717
0.927508
0.928053
0.927795
0.927557
0.928015
0.927893
0.928133
0.927542
0.927259
0.927083
0.927899
0.927277
0.927250
0.927086
0.927168
0.927808
0.927114
0.927039
0.926796
0.927643
0.927293
0.927290
0.927413
0.927453
0.928179
0.927618
0.927601
0.927351
0.928016
0.928150
0.927975
0.928109
0.927984
0.928700
0.927912
0.927876
0.927901
0.928383
0.927298
0.926105
0.926362
0.926692
0.926366
0.927258
0.927247
0.927706
0.927998
0.928257
0.927789
0.927762
0.927399
0.928141
0.927574
0.927408
0.927521
0.927576
0.928329
0.927853
0.927778
0.927553
0.928099
0.927706
0.927859
0.927886
0.927672
0.928667
0.927785
0.928293
0.927995
0.928406
0.928096
0.927963
0.928044
0.927922
0.928609
0.928079
0.927935
0.927622
0.927921
0.927882
0.927669
0.927581
0.927715
0.928468
0.927775
0.927505
0.927461
0.927340
0.927736
0.927221
0.927322
0.927351
0.928213
0.927684
0.927409
0.927203
0.927248
0.927899
0.927529
0.927668
0.927388
0.928380
0.927934
0.927512
0.927970
0.926207
0.926926
0.926768
0.926647
0.926821
0.927596
0.927063
0.926803
0.927082
0.925940
0.927200
0.927004
0.926908
0.926706
0.927051
0.926811
0.926404
0.926185
0.926077
0.927045
0.926147
0.925843
0.925733
0.926209
0.926573
0.926222
0.926114
0.925986
0.927099
0.926542
0.926350
0.926445
0.926579
0.926898
0.926147
0.926131
0.926206
0.927289
0.926963
0.926755
0.926821
0.926702
0.927192
0.926724
0.926490
0.926413
0.927097
0.926507
0.926443
0.926401
0.926243
0.926946
0.926501
0.926424
0.926114
0.926735
0.926377
0.926121
0.926355
0.925088
0.926427
0.926124
0.926095
0.926265
0.926694
0.926382
0.926023
0.926006
0.925911
0.926862
0.926346
0.926446
0.926309
0.926474
0.926951
0.926315
0.926412
0.926138
0.927012
0.926617
0.926616
0.926646
0.926483
0.927050
0.926089
0.926276
0.926048
0.927092
0.926452
0.926504
0.926502
0.926121
0.926590
0.926108
0.925809
0.925699
0.926480
0.926167
0.926178
0.925974
0.925940
0.926471
0.925996
0.926003
0.925828
0.926521
0.926668
0.926309
0.926632
0.925266
0.926518
0.926472
0.926567
0.926456
0.926861
0.927253
0.926820
0.926971
0.926239
0.927063
0.926760
0.926414
0.926523
0.926759
0.927140
0.926702
0.926793
0.926125
0.926653
0.926597
0.924657
0.923756
0.923666
0.924017
0.924503
0.922965
0.924778
0.926089
0.925687
0.926445
0.925794
0.925283
0.926694
0.926591
0.925689
0.927137
0.927911
0.927884
0.927402
0.928121
0.927698
0.928108
0.927179
0.927667
0.927576
0.928090
0.927925
0.927858
0.928218
0.926710
0.928094
0.927569
0.927602
0.927632
0.927821
0.928245
0.927732
0.927597
0.927199
0.927853
0.927365
0.927194
0.926956
0.927209
0.928038
0.927632
0.927526
0.927165
0.927922
0.927751
0.927326
0.927519
0.927592
0.928615
0.927669
0.927617
0.927371
0.928125
0.928094
0.927904
0.927882
0.927908
0.928734
0.928130
0.927674
0.927563
0.928065
0.927672
0.927731
0.927771
0.927761
0.928590
0.927832
0.927600
0.927317
0.927818
0.926856
0.925714
0.926465
0.926211
0.927854
0.927736
0.927574
0.927446
0.927302
0.927646
0.927445
0.927617
0.927536
0.928193
0.927642
0.927394
0.927772
0.927658
0.928726
0.927198
0.926727
0.926955
0.927313
0.928059
0.927977
0.928182
0.927972
0.929111
0.927249
0.928035
0.927847
0.928309
0.927941
0.927948
0.927855
0.927552
0.928211
0.927839
0.927749
0.927507
0.927604
0.927864
0.927629
0.927857
0.927507
0.928247
0.927996
0.927767
0.927836
0.927883
0.928074
0.927958
0.927959
0.927829
0.928582
0.928288
0.928027
0.928261
0.928114
0.928720
0.928417
0.928298
0.928121
0.928815
0.928817
0.928018
0.926191
0.926319
0.926735
0.926817
0.926306
0.926837
0.928130
0.928058
0.927835
0.927666
0.927272
0.928388
0.927246
0.927666
0.927565
0.927976
0.928151
0.927812
0.928037
0.927195
0.928321
0.928056
0.928020
0.928085
0.928191
0.928616
0.928203
0.928214
0.927809
0.928826
0.928316
0.928202
0.928375
0.928376
0.928837
0.928260
0.928188
0.927581
0.928801
0.928262
0.928162
0.927994
0.928270
0.928687
0.928099
0.927781
0.927481
0.928363
0.928086
0.927758
0.927865
0.927592
0.928280
0.927739
0.927562
0.927694
0.928228
0.928144
0.927692
0.928092
0.928007
0.928754
0.928001
0.927894
0.927824
0.928878
0.929076
0.926871
0.927453
0.926273
0.927675
0.927346
0.927042
0.928203
0.928347
0.928710
0.927593
0.928039
0.927910
0.928715
0.928184
0.928056
0.928159
0.927846
0.928398
0.927814
0.928052
0.927680
0.928259
0.927912
0.927707
0.928032
0.927612
0.928417
0.927957
0.928020
0.927833
0.928399
0.928202
0.928158
0.928143
0.928019
0.928903
0.928405
0.928356
0.928161
0.928585
0.928571
0.928264
0.928379
0.928102
0.928785
0.928475
0.928132
0.928009
0.928036
0.928431
0.928299
0.928108
0.927640
0.928397
0.928028
0.927875
0.927818
0.927813
0.927231
0.927448
0.928098
0.927711
0.928369
0.928013
0.927854
0.927801
0.927736
0.928425
0.928141
0.928504
0.926944
0.926847
0.926695
0.926992
0.926001
0.926430
0.928575
0.928474
0.928325
0.928090
0.928498
0.928392
0.928050
0.927071
0.927597
0.928548
0.928040
0.927969
0.928009
0.928062
0.928108
0.927597
0.927453
0.927548
0.927947
0.926133
0.926441
0.926535
0.926957
0.926708
0.926678
0.926610
0.926173
0.926917
0.926455
0.925743
0.925751
0.925841
0.926740
0.926352
0.926060
0.926250
0.926666
0.926417
0.926338
0.926238
0.926421
0.926750
0.926352
0.926270
0.925899
0.926739
0.926630
0.925919
0.926213
0.926398
0.926519
0.926284
0.925741
0.925809
0.926039
0.926955
0.926937
0.926085
0.926383
0.926440
0.926179
0.925565
0.925602
0.925915
0.926191
0.925894
0.926571
0.926527
0.927681
0.926185
0.927155
0.927528
0.927467
0.928460
0.927627
0.926872
0.927733
0.928349
0.927963
0.927739
0.927077
0.927868
0.927833
0.927811
0.927882
0.927058
0.927933
0.926877
0.926772
0.926710
0.926530
0.927635
0.927024
0.927327
0.926324
0.927265
0.927293
0.926908
0.927024
0.926877
0.927586
0.927085
0.927222
0.927205
0.927486
0.927703
0.927425
0.927629
0.926697
0.928165
0.927631
0.927600
0.927547
0.927423
0.927873
0.927514
0.927506
0.927375
0.928177
0.927579
0.927535
0.927482
0.927450
0.927967
0.927505
0.927573
0.927316
0.927867
0.927540
0.927423
0.927222
0.926965
0.927645
0.927281
0.927335
0.927201
0.927538
0.927558
0.927665
0.927590
0.927330
0.927984
0.927606
0.927880
0.927610
0.927758
0.927955
0.927801
0.928011
0.927692
0.928443
0.928064
0.927994
0.927885
0.927871
0.928282
0.927684
0.927694
0.927572
0.928323
0.927790
0.927793
0.927594
0.927538
0.928246
0.927637
0.927537
0.927316
0.928166
0.927501
0.927620
0.927729
0.927678
0.928201
0.927887
0.927866
0.927507
0.928223
0.928129
0.928029
0.928103
0.927846
0.928643
0.928275
0.928308
0.928110
0.928528
0.928411
0.928170
0.928031
0.928028
0.929120
0.928366
0.928343
0.927979
0.928182
0.928681
0.927993
0.928086
0.927791
0.928804
0.928225
0.928012
0.927593
0.927739
0.928204
0.927939
0.927551
0.927554
0.928478
0.928101
0.927800
0.927925
0.927686
0.928513
0.927261
0.927812
0.927693
0.926750
0.926540
0.925237
0.925141
0.924804
0.925739
0.925711
0.927333
0.927418
0.928829
0.927232
0.926471
0.926653
0.927318
0.927328
0.927055
0.926572
0.926259
0.926915
0.927507
0.927615
0.927542
0.927176
0.927776
0.927326
0.927495
0.927036
0.927268
0.927675
0.927125
0.927322
0.926965
0.927973
0.926862
0.927116
0.927464
0.927483
0.928223
0.927817
0.927071
0.927361
0.928053
0.927957
0.926757
0.926952
0.927178
0.927481
0.927582
0.927199
0.927118
0.927941
0.927409
0.926906
0.926960
0.926574
0.927262
0.926791
0.926670
0.926460
0.926479
0.926550
0.926577
0.926614
0.926391
0.926936
0.926780
0.926853
0.926657
0.926856
0.927374
0.926508
0.926684
0.926438
0.927388
0.927526
0.927649
0.926896
0.926844
0.928105
0.927631
0.928291
0.928100
0.928891
0.928589
0.928577
0.928325
0.927978
0.928822
0.928161
0.927784
0.927745
0.928577
0.928516
0.928359
0.928051
0.927984
0.928487
0.928077
0.927944
0.927666
0.928363
0.927618
0.927689
0.927749
0.927694
0.928727
0.928035
0.927804
0.927720
0.927944
0.928568
0.928159
0.928084
0.927917
0.928520
0.927300
0.928147
0.928154
0.928419
0.928846
0.928186
0.928402
0.928119
0.928954
0.928393
0.928308
0.927810
0.928286
0.928240
0.928063
0.928128
0.928277
0.928754
0.928128
0.928029
0.927881
0.927866
0.928522
0.928010
0.928175
0.927460
0.928409
0.928383
0.928110
0.928047
0.928017
0.928721
0.928327
0.928273
0.928347
0.928868
0.928171
0.928270
0.928538
0.928401
0.929049
0.928702
0.928870
0.929028
0.928846
0.929151
0.928664
0.928625
0.928386
0.928963
0.928692
0.928870
0.928174
0.928428
0.929031
0.926250
0.925741
0.925320
0.925922
0.925376
0.927311
0.926956
0.927081
0.928132
0.927816
0.928429
0.927827
0.929501
0.929462
0.929361
0.929389
0.929185
0.930058
0.929732
0.928743
0.929492
0.929988
0.930222
0.929820
0.929891
0.929394
0.930433
0.930122
0.929824
0.929824
0.930428
0.929343
0.929721
0.929895
0.929750
0.930492
0.929996
0.929816
0.929604
0.929689
0.929922
0.929553
0.929515
0.929244
0.929862
0.929696
0.929695
0.929910
0.929766
0.930521
0.930045
0.929692
0.929749
0.930589
0.930279
0.930390
0.929869
0.930122
0.930882
0.930427
0.930328
0.930433
0.931073
0.931025
0.930793
0.930682
0.930461
0.931346
0.930668
0.930198
0.930473
0.931035
0.930453
0.929794
0.929813
0.930234
0.930957
0.930433
0.928850
0.929279
0.929946
0.929548
0.930287
0.930555
0.930330
0.931144
0.930535
0.930503
0.930549
0.930612
0.931199
0.930902
0.930978
0.930396
0.931408
0.931059
0.931375
0.931137
0.930793
0.931475
0.931271
0.931089
0.930926
0.931430
0.931337
0.931603
0.930228
0.930433
0.931585
0.931131
0.931129
0.930989
0.931193
0.931308
0.930825
0.930762
0.930606
0.931485
0.930801
0.930628
0.930731
0.930780
0.931259
0.930901
0.930817
0.930673
0.931674
0.931235
0.930976
0.931036
0.931525
0.931093
0.931046
0.931197
0.931069
0.932084
0.931747
0.931515
0.931347
0.931491
0.931859
0.930544
0.931497
0.930323
0.929956
0.930371
0.930164
0.931106
0.931195
0.931771
0.931035
0.930958
0.930917
0.931291
0.931053
0.931159
0.930145
0.930430
0.931699
0.931403
0.931091
0.931119
0.931308
0.931586
0.931118
0.931226
0.931143
0.932057
0.931502
0.931520
0.931510
0.931512
0.931895
0.931629
0.931700
0.931441
0.932338
0.931762
0.931842
0.931649
0.931402
0.931946
0.931506
0.931683
0.931351
0.931957
0.931610
0.931453
0.931320
0.931012
0.931608
0.931025
0.931334
0.930233
0.931146
0.931298
0.931059
0.930988
0.930737
0.931553
0.931036
0.930936
0.930890
0.931305
0.931543
0.931212
0.930948
0.930889
0.931737
0.931379
0.931327
0.931469
0.931230
0.930097
0.930422
0.930366
0.930793
0.931852
0.931410
0.931402
0.930824
0.931261
0.931630
0.931109
0.931021
0.930582
0.931437
0.930831
0.930628
0.930672
0.930675
0.931200
0.930533
0.930529
0.930415
0.931134
0.930942
0.930716
0.930953
0.929942
0.931402
0.930981
0.930872
0.930783
0.931135
0.931162
0.931090
0.931140
0.930702
0.931436
0.931060
0.931147
0.931014
0.931064
0.931460
0.931085
0.930843
0.930851
0.931504
0.930837
0.930864
0.930801
0.930862
0.931106
0.930638
0.930485
0.930200
0.931008
0.930609
0.930529
0.930393
0.930248
0.930908
0.930396
0.930331
0.930092
0.930740
0.930610
0.930489
0.930424
0.930417
0.930615
0.928313
0.929253
0.929142
0.930563
0.930526
0.930072
0.930124
0.930109
0.930759
0.930108
0.929863
0.929528
0.929840
0.930106
0.929929
0.929744
0.929644
0.930529
0.929989
0.929705
0.929635
0.929741
0.930220
0.929978
0.929949
0.929747
0.930620
0.930045
0.930122
0.929950
0.930113
0.930632
0.930105
0.930172
0.930270
0.930933
0.930495
0.930182
0.930452
0.930400
0.931209
0.930666
0.930684
0.930438
0.931234
0.930639
0.930369
0.930751
0.930608
0.931621
0.931221
0.931270
0.931011
0.931453
0.931516
0.931261
0.931187
0.930780
0.931569
0.930961
0.931099
0.930957
0.931257
0.931056
0.931428
0.929280
0.929386
0.930082
0.930831
0.930920
0.931128
0.931121
0.931762
0.931513
0.930336
0.930726
0.931675
0.931523
0.931323
0.931170
0.931038
0.931836
0.931444
0.931155
0.930684
0.931296
0.930977
0.930914
0.931015
0.930802
0.931433
0.931227
0.931091
0.930918
0.931248
0.931000
0.930718
0.930768
0.931006
0.931023
0.930610
0.930749
0.931054
0.931241
0.931542
0.930991
0.930909
0.930865
0.931829
0.931467
0.931155
0.931121
0.931202
0.931837
0.931639
0.931359
0.931166
0.931836
0.931671
0.931339
0.931393
0.931149
0.931681
0.931464
0.930679
0.930841
0.931746
0.931247
0.931059
0.931171
0.930805
0.931244
0.930666
0.930982
0.929060
0.930063
0.929261
0.930392
0.930764
0.930908
0.931677
0.930969
0.930977
0.930921
0.931451
0.931703
0.931436
0.931466
0.931817
0.931423
0.931524
0.931596
0.931730
0.931783
0.932384
0.932036
0.932149
0.931832
0.932545
0.931931
0.931978
0.931768
0.931544
0.932380
0.931957
0.931926
0.931677
0.932289
0.931790
0.931569
0.931364
0.931358
0.932051
0.931570
0.931593
0.931361
0.932059
0.931753
0.931572
0.931492
0.931354
0.932269
0.931727
0.931645
0.931631
0.931906
0.932012
0.932102
0.931360
0.931886
0.932555
0.932009
0.931827
0.931826
0.931777
0.932107
0.931735
0.931694
0.931848
0.931089
0.929767
0.930256
0.929884
0.931242
0.931884
0.931371
0.931303
0.930840
0.931760
0.931326
0.931130
0.931001
0.930868
0.931768
0.931182
0.930873
0.930830
0.931506
0.931422
0.931171
0.931114
0.930961
0.931794
0.931281
0.931163
0.931090
0.931579
0.931659
0.931658
0.931460
0.931373
0.932085
0.931652
0.931509
0.931439
0.931727
0.931904
0.931398
0.931289
0.931074
0.931962
0.931439
0.931222
0.930918
0.931020
0.931382
0.931015
0.930807
0.930553
0.931358
0.930955
0.931094
0.931208
0.930933
0.931451
0.930910
0.930928
0.930707
0.931768
0.931171
0.931146
0.931123
0.931177
0.931868
0.931439
0.931215
0.930984
0.931687
0.931694
0.929943
0.930386
0.929584
0.931747
0.931252
0.931085
0.931135
0.931300
0.931303
0.931118
0.930977
0.930836
0.931571
0.930797
0.930702
0.930656
0.930719
0.931107
0.930665
0.930774
0.930492
0.931305
0.930774
0.930562
0.930631
0.930659
0.931129
0.930778
0.931060
0.930884
0.931502
0.931044
0.930822
0.930997
0.930910
0.931628
0.931296
0.931282
0.931153
0.931731
0.931286
0.931152
0.930848
0.931089
0.931382
0.931518
0.931264
0.930946
0.931193
0.931153
0.930821
0.930738
0.930335
0.931281
0.930852
0.930684
0.930648
0.930725
0.930982
0.930714
0.930687
0.930508
0.931287
0.930910
0.930464
0.930017
0.929741
0.930310
0.929728
0.930056
0.930014
0.930728
0.930364
0.930349
0.930215
0.930125
0.930717
0.930259
0.930144
0.929917
0.930389
0.930270
0.930075
0.929957
0.929661
0.930548
0.929820
0.929613
0.929335
0.929787
0.929800
0.929456
0.929320
0.929227
0.929860
0.929378
0.929248
0.929119
0.929473
0.929679
0.929376
0.929404
0.929088
0.930061
0.929790
0.928932
0.929249
0.929452
0.930240
0.929610
0.929653
0.929290
0.930176
0.929774
0.929632
0.929348
0.929315
0.929896
0.929378
0.929253
0.928937
0.929767
0.929415
0.928956
0.929017
0.928791
0.929449
0.928984
0.928624
0.928565
0.929063
0.928921
0.928609
0.928612
0.928572
0.929324
0.928694
0.928642
0.928603
0.929047
0.929087
0.928933
0.928780
0.928666
0.929304
0.928974
0.928747
0.928803
0.929070
0.929276
0.928782
0.928836
0.928680
0.929415
0.928814
0.928527
0.928478
0.928514
0.929042
0.928559
0.928701
0.928265
0.928996
0.928296
0.928108
0.928261
0.928112
0.928645
0.927850
0.928293
0.928025
0.928839
0.927721
0.927997
0.928183
0.928028
0.928879
0.928367
0.928360
0.928611
0.928156
0.928440
0.928389
0.928506
0.928374
0.929269
0.928768
0.928771
0.928633
0.928712
0.928903
0.928634
0.927906
0.928255
0.928163
0.926021
0.925756
0.925597
0.925887
0.925529
0.926715
0.927311
0.926900
0.928136
0.927783
0.927148
0.927049
0.926940
0.927631
0.928057
0.928020
0.927643
0.928590
0.928441
0.927656
0.928060
0.927904
0.928806
0.927501
0.927992
0.928012
0.928656
0.928543
0.928271
0.927913
0.928174
0.928272
0.928203
0.927865
0.928069
0.927690
0.928079
0.927726
0.926954
0.926934
0.928027
0.926834
0.927129
0.926741
0.926772
0.927140
0.926703
0.926561
0.926448
0.927371
0.926855
0.926791
0.926794
0.926802
0.927075
0.926969
0.926901
0.926807
0.927590
0.927119
0.926795
0.926988
0.926937
0.927537
0.927071
0.927640
0.927741
0.928867
0.927856
0.927529
0.927064
0.927041
0.927616
0.926491
0.928585
0.928815
0.929165
0.929081
0.928947
0.928254
0.926673
0.927562
0.926358
0.927246
0.927675
0.927086
0.928478
0.927802
0.928034
0.927641
0.928733
0.928237
0.928116
0.928365
0.928116
0.928815
0.928373
0.927927
0.928270
0.928673
0.928886
0.928426
0.928388
0.928247
0.928864
0.928145
0.927978
0.927668
0.928410
0.928386
0.927497
0.927685
0.927568
0.928054
0.927663
0.927545
0.927272
0.927625
0.927282
0.926990
0.926895
0.926701
0.927149
0.926622
0.926380
0.926682
0.926741
0.926800
0.926406
0.926115
0.926078
0.926802
0.926058
0.926152
0.926045
0.925992
0.926487
0.925778
0.925744
0.925479
0.926241
0.925800
0.925506
0.925266
0.925069
0.925689
0.923859
0.922861
0.922189
0.922393
0.922642
0.922721
0.923561
0.922800
0.923278
0.922419
0.922050
0.921724
0.922105
0.922413
0.920319
0.920779
0.921000
0.921786
0.920724
0.920402
0.919903
0.919998
0.920162
0.919619
0.919474
0.918895
0.919324
0.918385
0.917069
0.916930
0.916393
0.916284
0.914915
0.914630
0.914019
0.914962
0.914313
0.913876
0.914098
0.914034
0.915036
0.914690
0.914634
0.914406
0.915037
0.914382
0.913811
0.913557
0.913023
0.914090
0.913402
0.912987
0.912308
0.912234
0.912018
0.912589
0.913869
0.914929
0.916106
0.916092
0.916618
0.916444
0.917237
0.917825
0.917560
0.918162
0.918236
0.916926
0.917584
0.917946
0.919262
0.919862
0.919659
0.919759
0.920476
0.920658
0.921460
0.921054
0.920777
0.921951
0.922350
0.922992
0.922233
0.922099
0.922174
0.923434
0.923162
0.922790
0.922698
0.922047
0.923740
0.923590
0.923500
0.923089
0.923704
0.923811
0.924076
0.924161
0.923581
0.924420
0.924510
0.924777
0.924723
0.925392
0.925061
0.925057
0.925215
0.925159
0.926231
0.925503
0.925414
0.925543
0.926169
0.926332
0.925809
0.925688
0.925645
0.926805
0.926339
0.926179
0.925868
0.925941
0.926528
0.926197
0.925947
0.925765
0.926685
0.926341
0.926261
0.926265
0.926273
0.926757
0.926436
0.926456
0.926396
0.927865
0.925379
0.925561
0.925266
0.924679
0.926492
0.925294
0.926563
0.927171
0.927944
0.927605
0.927411
0.927297
0.927330
0.927992
0.927557
0.927160
0.927230
0.927581
0.927702
0.927272
0.927420
0.927256
0.927905
0.927227
0.927163
0.927389
0.927264
0.927569
0.927124
0.927376
0.927226
0.927985
0.927555
0.927342
0.927497
0.927604
0.928252
0.927791
0.927793
0.927794
0.928453
0.927902
0.927945
0.928046
0.927913
0.928583
0.928008
0.928090
0.927825
0.928473
0.928302
0.928098
0.928280
0.927766
0.928558
0.928007
0.928151
0.928043
0.928448
0.928283
0.927789
0.927978
0.927567
0.928397
0.927849
0.928178
0.927525
0.926390
0.927095
0.926083
0.926212
0.926136
0.927690
0.928303
0.928358
0.928174
0.928277
0.929008
0.927967
0.928160
0.928208
0.928880
0.928881
0.928701
0.928767
0.928622
0.929289
0.928909
0.928580
0.928357
0.928650
0.928442
0.928416
0.928515
0.928343
0.929167
0.928687
0.928404
0.928090
0.928882
0.928495
0.928310
0.928392
0.927663
0.928841
0.928296
0.928324
0.927988
0.928579
0.928720
0.928398
0.928357
0.928223
0.929114
0.928652
0.928584
0.928224
0.928761
0.929112
0.928836
0.928639
0.928377
0.929567
0.928735
0.928599
0.928575
0.928771
0.929333
0.928205
0.928355
0.928520
0.929434
0.928996
0.927963
0.926697
0.926512
0.926556
0.926645
0.928030
0.927936
0.928500
0.928395
0.928209
0.928175
0.928149
0.928422
0.928091
0.928221
0.928230
0.928600
0.928825
0.928449
0.928714
0.928362
0.929035
0.928661
0.928565
0.928785
0.928972
0.929177
0.928892
0.928991
0.928625
0.929214
0.928673
0.928449
0.928513
0.928522
0.928822
0.928510
0.928705
0.928311
0.928772
0.928214
0.928223
0.928162
0.928016
0.928503
0.928037
0.928187
0.927907
0.928473
0.928202
0.928112
0.928135
0.928019
0.928687
0.928265
0.928340
0.928265
0.928814
0.928852
0.927912
0.928432
0.928204
0.929050
0.928720
0.928538
0.928336
0.928891
0.928051
0.926527
0.927244
0.926472
0.928710
0.928449
0.928249
0.928240
0.928066
0.928477
0.927905
0.927861
0.927611
0.928481
0.927958
0.927814
0.927829
0.927684
0.928310
0.927782
0.927783
0.927683
0.928465
0.928183
0.927867
0.927923
0.927945
0.928688
0.927883
0.927876
0.927936
0.928821
0.928560
0.928184
0.928069
0.928040
0.928764
0.928246
0.927957
0.927837
0.928298
0.928227
0.927907
0.927824
0.927461
0.928247
0.927645
0.927684
0.927470
0.927484
0.927784
0.927340
0.927314
0.926992
0.927879
0.927117
0.927522
0.927387
0.927299
0.927694
0.927204
0.927324
0.927214
0.927833
0.927492
0.927263
0.927432
0.927330
0.928245
0.927036
0.925872
0.925585
0.925573
0.925357
0.927271
0.926780
0.927175
0.927835
0.926991
0.927155
0.926969
0.927408
0.927481
0.927159
0.926931
0.926641
0.927165
0.926649
0.926607
0.926358
0.926642
0.926880
0.926719
0.926550
0.926363
0.926915
0.926573
0.926374
0.926341
0.926418
0.927020
0.926600
0.926681
0.926070
0.927111
0.926656
0.926535
0.926620
0.926790
0.927386
0.926714
0.926671
0.926306
0.926997
0.926589
0.926143
0.926351
0.925770
0.927020
0.926368
0.926088
0.925844
0.926247
0.925985
0.925579
0.925533
0.925417
0.926156
0.925569
0.925483
0.925308
0.925572
0.925711
0.925464
0.925657
0.925546
0.924453
0.924611
0.923526
0.924053
0.922949
0.923432
0.923740
0.924939
0.925204
0.925823
0.925316
0.925141
0.925268
0.925146
0.925394
0.924912
0.925153
0.923997
0.925320
0.924820
0.924734
0.924482
0.924267
0.924814
0.924362
0.924015
0.923648
0.924163
0.923854
0.924044
0.923895
0.923365
0.924009
0.923722
0.923623
0.923411
0.923192
0.922194
0.921488
0.923346
0.922546
0.922294
0.921564
0.922981
0.922711
0.923490
0.923676
0.923132
0.923045
0.922751
0.923621
0.923090
0.922627
0.922416
0.922368
0.923096
0.922451
0.922078
0.921703
0.922514
0.922247
0.921801
0.921570
0.921351
0.921897
0.921797
0.920793
0.919716
0.920477
0.919812
0.919500
0.919190
0.918477
0.918954
0.918503
0.918456
0.918589
0.919369
0.919542
0.919249
0.918689
0.919193
0.920090
0.919443
0.918821
0.918417
0.918897
0.919355
0.918632
0.918849
0.918647
0.919427
0.918628
0.918056
0.917742
0.918060
0.918425
0.917901
0.917828
0.917487
0.918220
0.917372
0.916844
0.916250
0.916423
0.917306
0.916189
0.916608
0.916345
0.916779
0.915733
0.914752
0.913120
0.913790
0.914879
0.914122
0.914523
0.913143
0.914061
0.912687
0.910297
0.907965
0.909100
0.909647
0.908829
0.908440
0.908433
0.908534
0.907860
0.905895
0.905409
0.907102
0.908889
0.909525
0.911131
0.912101
0.912914
0.913090
0.911737
0.912000
0.912775
0.913429
0.912492
0.912865
0.912988
0.912907
0.912712
0.911548
0.911785
0.911469
0.912349
0.912692
0.912932
0.913168
0.912548
0.912638
0.912008
0.912438
0.912251
0.912927
0.912905
0.912817
0.913146
0.912645
0.912477
0.911340
0.911719
0.911298
0.912071
0.912510
0.912037
0.912036
0.911371
0.911198
0.910497
0.910319
0.910019
0.910460
0.910999
0.910622
0.910655
0.909721
0.909752
0.908992
0.909145
0.909050
0.908964
0.909715
0.909384
0.909079
0.908066
0.907972
0.904709
0.903751
0.901825
0.900841
0.899737
0.897254
0.897117
0.896814
0.897317
0.897487
0.899386
0.900898
0.901227
0.902591
0.902961
0.902588
0.901632
0.902147
0.902511
0.904196
0.904065
0.903458
0.904390
0.903776
0.903925
0.901850
0.901646
0.901050
0.900102
0.898452
0.896446
0.895842
0.893148
0.891321
0.889177
0.887740
0.886449
0.883997
0.882360
0.879979
0.879484
0.877712
0.875921
0.875342
0.875685
0.875617
0.874628
0.873037
0.871052
0.869660
0.864325
0.859743
0.856194
0.851440
0.846849
0.840830
0.834401
0.828794
0.824230
0.818565
0.813588
0.808699
0.804577
0.801740
0.797819
0.796031
0.794714
0.796719
0.798565
0.801634
0.805825
0.809439
0.816211
0.823066
0.829770
0.834421
0.838386
0.842376
0.850156
0.855400
0.858825
0.860989
0.857762
0.863412
0.868182
0.869851
0.870568
0.862755
0.869356
0.873870
0.874182
0.871506
0.860960
0.862885
0.868492
0.867283
0.864499
0.854066
0.851807
0.860903
0.859036
0.856040
0.848632
0.844162
0.853704
0.855258
0.853562
0.847154
0.843996
0.852314
0.855104
0.853460
0.848011
0.844194
0.852858
0.856739
0.853789
0.849988
0.843145
0.849132
0.854010
0.852490
0.850734
0.843309
0.847475
0.852970
0.853429
0.850056
0.841475
0.843714
0.848753
0.852022
0.849560
0.842854
0.840502
0.846632
0.847947
0.844665
0.839849
0.838311
0.844895
0.847300
0.845676
0.840483
0.835725
0.838708
0.841700
0.842463
0.839409
0.834140
0.834605
0.838996
0.840862
0.839330
0.833515
0.831627
0.836465
0.841720
0.841175
0.836935
0.833207
0.836400
0.839292
0.838615
0.834302
0.831980
0.836805
0.841894
0.841960
0.838855
0.834056
0.834624
0.839698
0.839677
0.839464
0.836264
0.837203
0.843414
0.843270
0.840955
0.837959
0.838072
0.843067
0.845498
0.843066
0.843135
0.842596
0.844830
0.847577
0.844250
0.845883
0.844781
0.846823
0.849622
0.847982
0.848833
0.848736
0.848131
0.851588
0.851687
0.850919
0.852624
0.850540
0.853463
0.856968
0.854751
0.855746
0.851902
0.852450
0.855810
0.854163
0.854486
0.851347
0.849655
0.851259
0.851216
0.848708
0.846499
0.843576
0.845381
0.843661
0.845294
0.846105
0.842301
0.843616
0.845204
0.840296
0.844225
0.841437
0.841572
0.844886
0.843570
0.841932
0.841587
0.841582
0.845416
0.845051
0.846171
0.845253
0.842740
0.848740
0.848884
0.849015
0.851280
0.847445
0.849453
0.851890
0.851190
0.853425
0.851348
0.851364
0.852880
0.851252
0.853459
0.852090
0.851003
0.856150
0.854648
0.858247
0.858525
0.854961
0.859451
0.858099
0.861256
0.860623
0.856798
0.859923
0.860635
0.862227
0.863752
0.858349
0.860602
0.865072
0.864174
0.866940
0.862049
0.861235
0.867831
0.865777
0.868881
0.865113
0.863926
0.868657
0.866876
0.868235
0.865839
0.861992
0.867994
0.871227
0.869412
0.871325
0.864658
0.867625
0.872913
0.870697
0.872004
0.866001
0.865484
0.873204
0.871732
0.872032
0.866751
0.864980
0.871546
0.872597
0.871516
0.868742
0.865607
0.871051
0.874149
0.871130
0.870377
0.865873
0.872244
0.875796
0.872631
0.871822
0.867617
0.872522
0.875558
0.872537
0.870157
0.868184
0.871363
0.875464
0.871253
0.868578
0.867859
0.870445
0.875498
0.871243
0.868439
0.866116
0.868542
0.874570
0.870481
0.866418
0.864139
0.866136
0.872015
0.870423
0.863903
0.860543
0.861745
0.865265
0.867342
0.859736
0.856550
0.857199
0.860588
0.865152
0.858353
0.855896
0.855994
0.859358
0.865222
0.860885
0.856871
0.856390
0.859556
0.866126
0.863995
0.857331
0.858531
0.859056
0.865294
0.868495
0.860171
0.860832
0.860066
0.863113
0.871155
0.864066
0.863474
0.862648
0.862715
0.871004
0.867055
0.862957
0.863052
0.862328
0.870764
0.870071
0.864628
0.863572
0.862886
0.869957
0.873160
0.867338
0.865584
0.863197
0.867783
0.874940
0.869824
0.866791
0.864993
0.865495
0.874206
0.870827
0.868156
0.866572
0.865024
0.871775
0.872219
0.869972
0.867698
0.865799
0.869671
0.875416
0.873038
0.870957
0.867979
0.869377
0.878333
0.874509
0.873060
0.869217
0.870095
0.879943
0.877343
0.876296
0.871670
0.871868
0.878657
0.878667
0.877717
0.875252
0.873629
0.877913
0.882145
0.880067
0.879062
0.873497
0.876361
0.884155
0.882757
0.883366
0.876580
0.877919
0.885270
0.884826
0.884314
0.879579
0.879509
0.886502
0.888646
0.886808
0.884058
0.880681
0.886233
0.888613
0.887613
0.888508
0.883864
0.887825
0.891389
0.889676
0.890396
0.885715
0.886778
0.891952
0.892993
0.892377
0.890505
0.887666
0.891524
0.894192
0.891802
0.892437
0.889661
0.892509
0.895941
0.894632
0.893971
0.891079
0.891429
0.894134
0.896474
0.896298
0.895186
0.892934
0.894863
0.897347
0.896829
0.896102
0.892999
0.895714
0.898472
0.898607
0.898244
0.895815
0.895429
0.897962
0.898780
0.898476
0.898973
0.897064
0.898194
0.899959
0.899870
0.899959
0.898417
0.898258
0.900729
0.902806
0.903111
0.902157
0.901231
0.902744
0.904675
0.905161
0.905004
0.903901
0.905325
0.907151
0.907660
0.907139
0.905912
0.906764
0.907444
0.908127
0.908142
0.907927
0.908007
0.908232
0.908574
0.908563
0.909439
0.908200
0.907861
0.908924
0.909464
0.908228
0.906528
0.905849
0.906059
0.907161
0.907356
0.908334
0.907999
0.908701
0.910376
0.908160
0.907497
0.906987
0.908147
0.908027
0.906994
0.906918
0.907035
0.907689
0.907636
0.907825
0.907987
0.908412
0.908143
0.908769
0.909051
0.908868
0.909509
0.908927
0.908819
0.908884
0.909650
0.909749
0.909535
0.909810
0.909394
0.910289
0.910461
0.910119
0.909838
0.910320
0.910985
0.910887
0.910798
0.909878
0.910051
0.910993
0.910496
0.910149
0.910657
0.911490
0.910995
0.910569
0.910352
0.910869
0.910785
0.911068
0.911431
0.910833
0.911644
0.911743
0.912023
0.911475
0.913190
0.913206
0.912821
0.913191
0.913695
0.913819
0.913881
0.914302
0.913706
0.914562
0.915248
0.914366
0.914090
0.915323
0.915386
0.914931
0.915217
0.915336
0.915584
0.916754
0.916566
0.916170
0.916148
0.916905
0.915885
0.916078
0.916231
0.916314
0.916534
0.916393
0.916130
0.916100
0.917203
0.916715
0.915999
0.916121
0.916330
0.916982
0.916501
0.916725
0.916538
0.917176
0.916627
0.915979
0.916247
0.916309
0.917442
0.916866
0.917114
0.916782
0.916776
0.915518
0.916008
0.916904
0.916573
0.917168
0.916684
0.916685
0.916300
0.915845
0.915958
0.916820
0.916824
0.916392
0.916541
0.916196
0.916338
0.916088
0.915571
0.916240
0.917429
0.916703
0.916191
0.917270
0.917304
0.916926
0.916345
0.915527
0.917049
0.918132
0.917416
0.917562
0.918034
0.916999
0.916921
0.916532
0.916957
0.919381
0.919277
0.918110
0.917264
0.917903
0.917814
0.917264
0.916750
0.917035
0.918927
0.918767
0.918075
0.917679
0.917483
0.917414
0.916480
0.912911
0.913990
0.917236
0.916068
0.914632
0.915280
0.916984
0.917071
0.915784
0.917035
0.918616
0.919166
0.919619
0.919438
0.918635
0.918798
0.919532
0.918365
0.918773
0.920427
0.921320
0.920575
0.920093
0.920072
0.919656
0.919677
0.919298
0.919113
0.920694
0.921486
0.921210
0.920262
0.920199
0.919746
0.919206
0.918737
0.920332
0.920748
0.920938
0.920507
0.919783
0.920507
0.920265
0.919909
0.919465
0.920610
0.921267
0.921564
0.921786
0.921464
0.921681
0.921381
0.919857
0.920004
0.921717
0.922272
0.922343
0.922662
0.922264
0.922427
0.922061
0.921644
0.921083
0.922187
0.922165
0.922127
0.922590
0.922296
0.922090
0.921754
0.921814
0.921515
0.921948
0.922080
0.921914
0.922499
0.922235
0.921634
0.920617
0.920528
0.921348
0.922061
0.922327
0.922046
0.922856
0.922743
0.922527
0.922585
0.922906
0.923309
0.923460
0.922733
0.922686
0.923626
0.922855
0.922800
0.922959
0.923118
0.923694
0.923192
0.923007
0.922700
0.923149
0.922326
0.922236
0.922683
0.923108
0.923800
0.922817
0.922211
0.921481
0.921876
0.921167
0.921699
0.922461
0.922447
0.922866
0.922012
0.921311
0.920714
0.920913
0.920630
0.921368
0.922356
0.922484
0.922344
0.921271
0.920317
0.920632
0.920311
0.920736
0.921503
0.922517
0.922083
0.922141
0.920779
0.920039
0.920198
0.919957
0.920611
0.921407
0.922086
0.921160
0.921156
0.918211
0.919243
0.919176
0.919479
0.920242
0.921012
0.921347
0.920402
0.920595
0.920130
0.920215
0.920400
0.919628
0.920414
0.921402
0.921117
0.920773
0.920929
0.920857
0.920897
0.920723
0.920126
0.921339
0.921893
0.921564
0.921376
0.921391
0.921788
0.921467
0.921320
0.920793
0.922177
0.922298
0.921926
0.921842
0.921693
0.922075
0.921978
0.921437
0.921102
0.922529
0.922039
0.922022
0.921830
0.921649
0.922369
0.921972
0.921379
0.921322
0.922667
0.922366
0.922258
0.922260
0.921854
0.922837
0.922185
0.922099
0.922001
0.923226
0.922886
0.922755
0.922554
0.922708
0.923452
0.922896
0.922959
0.922720
0.923802
0.923337
0.921289
0.921860
0.922077
0.923219
0.923290
0.923054
0.923156
0.923551
0.923739
0.923107
0.922918
0.922616
0.923454
0.922836
0.922801
0.923379
0.923265
0.923576
0.923206
0.923458
0.923502
0.924156
0.923218
0.923393
0.923738
0.924295
0.923656
0.923760
0.924050
0.924008
0.924302
0.923876
0.924000
0.924495
0.924365
0.924774
0.924370
0.924437
0.924247
0.923693
0.923766
0.924006
0.924220
0.924039
0.924621
0.924155
0.923911
0.923322
0.923123
0.923063
0.923590
0.923758
0.923424
0.924044
0.923671
0.923280
0.922632
0.922095
0.922992
0.923490
0.923413
0.923007
0.924089
0.923411
0.922577
0.921736
0.922083
0.924191
0.923487
0.921136
0.921386
0.922627
0.922919
0.922145
0.921390
0.922163
0.923547
0.922444
0.921929
0.921895
0.922597
0.921698
0.921127
0.921356
0.922247
0.922699
0.921617
0.921323
0.921921
0.921641
0.921414
0.921123
0.921729
0.922219
0.922512
0.921600
0.921919
0.922074
0.922111
0.922105
0.922245
0.922377
0.922354
0.922630
0.922325
0.922671
0.922116
0.921926
0.922460
0.922766
0.922807
0.922269
0.922527
0.922721
0.921718
0.921600
0.921974
0.922875
0.922844
0.922444
0.921710
0.922161
0.921969
0.921513
0.921326
0.921634
0.922617
0.922537
0.921496
0.921621
0.922375
0.921994
0.921445
0.921696
0.920250
0.921867
0.920924
0.921729
0.921981
0.920426
0.921486
0.921438
0.921621
0.921874
0.922777
0.922171
0.922164
0.922140
0.922154
0.922028
0.922015
0.921856
0.921502
0.922801
0.922073
0.921946
0.922145
0.921824
0.922129
0.921832
0.922033
0.922003
0.922681
0.922325
0.921452
0.922002
0.921766
0.922620
0.922119
0.922104
0.921982
0.922433
0.922240
0.922306
0.922645
0.922186
0.922849
0.922319
0.922837
0.922704
0.922469
0.922710
0.922800
0.922599
0.922502
0.923243
0.922887
0.922767
0.923105
0.921526
0.922835
0.923061
0.922902
0.922587
0.923227
0.922882
0.922617
0.922431
0.922491
0.923181
0.922593
0.922415
0.922587
0.921762
0.922022
0.921431
0.922370
0.922673
0.923502
0.922988
0.923077
0.923011
0.923833
0.923759
0.923096
0.923119
0.923218
0.923536
0.923438
0.923473
0.923602
0.924402
0.924006
0.923346
0.923244
0.922822
0.923483
0.923323
0.923350
0.923847
0.924034
0.923752
0.922677
0.922723
0.922291
0.923595
0.923293
0.923246
0.923361
0.922592
0.922828
0.922589
0.922631
0.922281
0.923365
0.923036
0.923327
0.923373
0.923334
0.923752
0.923755
0.923090
0.923250
0.923830
0.924489
0.924384
0.924250
0.923925
0.924473
0.923942
0.924010
0.923811
0.924819
0.924656
0.924038
0.924242
0.924215
0.925324
0.923524
0.922098
0.922348
0.923935
0.924484
0.924382
0.924016
0.923986
0.924413
0.922620
0.923660
0.924180
0.924489
0.924823
0.924364
0.924339
0.924059
0.924817
0.924367
0.924724
0.924887
0.924866
0.925162
0.924841
0.924934
0.924774
0.925461
0.925259
0.925182
0.925518
0.925531
0.925878
0.925337
0.925054
0.924611
0.925548
0.925748
0.925706
0.925574
0.925098
0.925617
0.925190
0.925065
0.925024
0.925584
0.925754
0.925504
0.925476
0.925199
0.926110
0.925442
0.925390
0.925321
0.925813
0.926217
0.925955
0.925955
0.925750
0.926448
0.925815
0.925599
0.925876
0.926325
0.926813
0.926335
0.926173
0.925707
0.926777
0.926656
0.925954
0.924640
0.924918
0.925489
0.926250
0.926288
0.926096
0.926572
0.926092
0.926269
0.926190
0.925950
0.926387
0.926036
0.926116
0.925663
0.926186
0.926286
0.926228
0.926328
0.926034
0.926806
0.926173
0.925868
0.925953
0.926700
0.926844
0.926508
0.926263
0.925990
0.926954
0.926504
0.926496
0.926481
0.926682
0.927148
0.926618
0.926454
0.926188
0.926763
0.926605
0.925823
0.926367
0.926450
0.926808
0.926211
0.926031
0.925616
0.926086
0.925634
0.925434
0.925946
0.925651
0.926346
0.925554
0.925491
0.925498
0.926061
0.925806
0.925636
0.925640
0.925816
0.926501
0.925820
0.925987
0.924903
0.924866
0.924699
0.924484
0.925384
0.924910
0.925775
0.925336
0.925090
0.924805
0.924699
0.925243
0.924789
0.925043
0.924674
0.925403
0.924751
0.924521
0.924233
0.924371
0.924873
0.924318
0.923950
0.923893
0.924651
0.924188
0.923963
0.923975
0.924236
0.924787
0.924042
0.924064
0.924020
0.924681
0.924349
0.924008
0.924363
0.924138
0.924808
0.924037
0.924522
0.924298
0.924588
0.924248
0.924420
0.924656
0.924303
0.924726
0.924072
0.923881
0.923670
0.923835
0.924087
0.924063
0.923892
0.923398
0.924195
0.923527
0.923399
0.923104
0.923102
0.924023
0.923088
0.923437
0.923046
0.923897
0.923456
0.923181
0.923110
0.922974
0.923827
0.923612
0.923662
0.923303
0.923977
0.923368
0.923164
0.923266
0.923458
0.924401
0.923591
0.923237
0.923105
0.923725
0.923556
0.923137
0.923067
0.922692
0.923826
0.923346
0.922855
0.922945
0.922632
0.922723
0.922168
0.922567
0.922341
0.923188
0.922449
0.922263
0.922499
0.922147
0.922397
0.922194
0.922499
0.922327
0.923185
0.922296
0.922151
0.922557
0.922415
0.922731
0.922199
0.922430
0.921930
0.923241
0.923061
0.923027
0.923026
0.922572
0.922952
0.922644
0.922917
0.922810
0.923427
0.922422
0.922945
0.922742
0.921814
0.922821
0.921081
0.920081
0.920054
0.920218
0.919490
0.920375
0.921367
0.920913
0.921352
0.921330
0.921960
0.921902
0.921760
0.921783
0.921247
0.921345
0.920937
0.922318
0.922079
0.922462
0.922233
0.922526
0.922989
0.922374
0.921439
0.921266
0.922430
0.922543
0.922830
0.922300
0.921946
0.922897
0.920656
0.921029
0.921484
0.922765
0.922628
0.922047
0.921698
0.921435
0.922371
0.920037
0.920678
0.920615
0.922070
0.922410
0.921234
0.921885
0.921749
0.921913
0.921494
0.921696
0.921974
0.922527
0.922630
0.922493
0.922694
0.920579
0.921949
0.922340
0.922456
0.922776
0.922686
0.923132
0.922772
0.922540
0.921900
0.922644
0.923266
0.921934
0.922214
0.922412
0.923136
0.922501
0.922091
0.921828
0.922783
0.922353
0.922231
0.922683
0.921496
0.922987
0.921297
0.921450
0.921742
0.922781
0.922555
0.922264
0.922344
0.922270
0.922951
0.922004
0.921727
0.921450
0.922820
0.922539
0.921932
0.922520
0.922524
0.922640
0.921394
0.920743
0.922740
0.922984
0.923564
0.923302
0.923961
0.922265
0.923547
0.922857
0.923078
0.923294
0.923094
0.923399
0.923012
0.922934
0.922372
0.922861
0.922908
0.922942
0.922636
0.922607
0.923236
0.922896
0.922783
0.922332
0.923076
0.923160
0.923020
0.923076
0.922738
0.923621
0.922886
0.922939
0.922416
0.923045
0.923207
0.923063
0.923059
0.922776
0.923809
0.923024
0.922640
0.922160
0.922669
0.923027
0.923069
0.921314
0.921295
0.921263
0.920485
0.919362
0.921134
0.922167
0.922777
0.922251
0.922158
0.921245
0.922582
0.922160
0.921891
0.921800
0.921918
0.922517
0.922084
0.921912
0.921992
0.922754
0.922161
0.921534
0.921948
0.922157
0.922921
0.922018
0.922214
0.922109
0.922573
0.921813
0.921732
0.922177
0.922117
0.922855
0.921708
0.922065
0.921989
0.922174
0.921670
0.921806
0.921898
0.921786
0.922253
0.921558
0.921784
0.921807
0.921530
0.921187
0.921284
0.921767
0.921531
0.922227
0.921927
0.921676
0.921546
0.921012
0.921656
0.922149
0.922317
0.921196
0.921987
0.922241
0.922014
0.922093
0.921138
0.922300
0.922678
0.921056
0.920515
0.920739
0.922099
0.922109
0.920885
0.920073
0.922621
0.921957
0.921934
0.921180
0.922102
0.922058
0.921213
0.920129
0.920593
0.922013
0.921600
0.921429
0.920940
0.921608
0.921786
0.920994
0.919931
0.921003
0.922255
0.921683
0.921178
0.921468
0.921934
0.921445
0.920529
0.920253
0.921162
0.922370
0.921750
0.921185
0.921806
0.921572
0.921628
0.919741
0.920624
0.921242
0.921957
0.921135
0.920777
0.921283
0.920682
0.920588
0.919299
0.920754
0.921060
0.921204
0.920285
0.920430
0.920801
0.920389
0.920041
0.919470
0.920811
0.920475
0.920792
0.920429
0.920815
0.921103
0.919396
0.918198
0.918451
0.919179
0.918899
0.920174
0.920699
0.921064
0.920795
0.919709
0.919842
0.920830
0.921078
0.920593
0.919890
0.920339
0.920711
0.920315
0.919299
0.919593
0.920622
0.920362
0.919994
0.919423
0.920395
0.920179
0.919771
0.918254
0.919320
0.920718
0.920218
0.919930
0.919040
0.920500
0.920218
0.919749
0.918740
0.919487
0.920901
0.920100
0.919915
0.919082
0.920656
0.920342
0.919665
0.918689
0.919461
0.920745
0.919796
0.919625
0.919184
0.920695
0.919872
0.919187
0.918298
0.919343
0.920585
0.919657
0.918867
0.918480
0.919855
0.919306
0.918956
0.917755
0.918537
0.919890
0.918765
0.917301
0.917814
0.917515
0.916778
0.916585
0.917169
0.918798
0.919747
0.918784
0.918270
0.917583
0.919158
0.919188
0.916612
0.916696
0.918152
0.919442
0.918993
0.918249
0.917714
0.918245
0.918149
0.917054
0.916411
0.917438
0.918193
0.917887
0.917379
0.917671
0.917763
0.917171
0.915736
0.915701
0.917138
0.918494
0.916974
0.916219
0.916761
0.917290
0.917739
0.916363
0.915543
0.916685
0.917910
0.917358
0.917039
0.917383
0.916932
0.917582
0.915844
0.916090
0.917352
0.917931
0.917735
0.917019
0.917626
0.917376
0.917569
0.915781
0.916986
0.916770
0.917673
0.917779
0.917279
0.917634
0.917432
0.917416
0.915564
0.915985
0.917401
0.916636
0.916638
0.915337
0.915294
0.914901
0.915996
0.915195
0.916751
0.917884
0.917756
0.918102
0.918075
0.918123
0.917785
0.917671
0.916401
0.918036
0.918648
0.918354
0.918807
0.918747
0.918941
0.918450
0.917845
0.917367
0.918478
0.918805
0.918661
0.919045
0.919141
0.918842
0.918013
0.917374
0.917871
0.918814
0.918719
0.918164
0.919053
0.918886
0.918565
0.917242
0.917334
0.918883
0.919256
0.918817
0.917846
0.919301
0.919129
0.918576
0.917692
0.918165
0.919954
0.919175
0.919557
0.918241
0.920454
0.919720
0.918571
0.918288
0.919389
0.921081
0.919862
0.919118
0.918979
0.920287
0.919340
0.919055
0.917598
0.919148
0.919932
0.919750
0.918998
0.919257
0.919890
0.919359
0.919198
0.920091
0.920457
0.920866
0.919701
0.919245
0.919877
0.920104
0.919915
0.920475
0.921429
0.921769
0.922297
0.920613
0.920537
0.920768
0.920542
0.921549
0.922029
0.922341
0.922495
0.922690
0.921382
0.921338
0.921447
0.921425
0.923221
0.923391
0.923798
0.922965
0.923052
0.922669
0.922635
0.922276
0.922123
0.923648
0.922593
0.922951
0.922847
0.923456
0.921407
0.922425
0.922719
0.923299
0.924081
0.923711
0.923612
0.923468
0.923714
0.923911
0.923274
0.923078
0.923405
0.924468
0.924102
0.924102
0.923989
0.923055
0.922754
0.921599
0.921659
0.921597
0.924220
0.924286
0.924313
0.923249
0.923479
0.924258
0.923458
0.923492
0.923523
0.924245
0.923997
0.923890
0.923576
0.923538
0.924345
0.923252
0.923442
0.923572
0.924434
0.924353
0.924287
0.924221
0.923974
0.924851
0.924005
0.924191
0.924199
0.924734
0.924817
0.924468
0.924420
0.924407
0.925463
0.924554
0.924610
0.924478
0.925001
0.925025
0.924628
0.924577
0.924200
0.925466
0.923927
0.924386
0.924348
0.924307
0.924743
0.924327
0.924195
0.923767
0.924517
0.923730
0.923710
0.923643
0.923881
0.924570
0.923911
0.924036
0.923897
0.924593
0.923706
0.923675
0.923872
0.923964
0.925174
0.923856
0.922284
0.922707
0.922380
0.922216
0.922515
0.923758
0.924010
0.924811
0.924270
0.924164
0.923880
0.924435
0.923837
0.923774
0.923826
0.923759
0.924710
0.923962
0.923911
0.923726
0.923894
0.923845
0.923541
0.923404
0.923408
0.924362
0.923981
0.923763
0.923882
0.923964
0.924172
0.923855
0.923092
0.923532
0.924642
0.924466
0.924129
0.924054
0.924012
0.924916
0.924147
0.924090
0.924097
0.924820
0.924679
0.924405
0.924437
0.924211
0.924704
0.924261
0.924135
0.923972
0.924588
0.924639
0.924338
0.924291
0.924141
0.924582
0.924044
0.923744
0.923821
0.924090
0.924201
0.924104
0.924072
0.924340
0.924067
0.922983
0.922613
0.922859
0.923359
0.923978
0.923482
0.923694
0.923205
0.923860
0.923566
0.923201
0.923450
0.923292
0.923893
0.923489
0.923492
0.923194
0.923683
0.923251
0.922825
0.923085
0.922924
0.923355
0.922847
0.922944
0.922730
0.922910
0.922662
0.922136
0.922303
0.922274
0.922973
0.922263
0.922671
0.921988
0.922570
0.922381
0.922113
0.922361
0.922145
0.922801
0.922250
0.922350
0.922298
0.922418
0.922140
0.921709
0.922320
0.922220
0.922586
0.921737
0.922331
0.922514
0.921926
0.922204
0.921797
0.921674
0.921301
0.921669
0.921592
0.921626
0.921245
0.920790
0.921183
0.920843
0.920800
0.920552
0.920686
0.920587
0.920541
0.919476
0.919775
0.920604
0.920284
0.920030
0.919551
0.919776
0.919879
0.919496
0.919328
0.919062
0.919967
0.919397
0.918821
0.918695
0.918695
0.919258
0.918472
0.918168
0.917819
0.918593
0.918122
0.917723
0.917431
0.917513
0.917162
0.916325
0.916387
0.916346
0.917284
0.916532
0.915776
0.915319
0.915068
0.915270
0.914181
0.914422
0.914357
0.915126
0.914379
0.913596
0.913333
0.913063
0.913517
0.912940
0.913048
0.912977
0.913244
0.912728
0.912337
0.911461
0.911543
0.911742
0.911293
0.911412
0.911616
0.911401
0.911070
0.910972
0.908893
0.906438
0.906706
0.906528
0.906557
0.905050
0.906456
0.906881
0.905192
0.904175
0.903980
0.904624
0.904030
0.903343
0.901709
0.902588
0.902159
0.902243
0.901692
0.901436
0.902214
0.901681
0.901085
0.900640
0.899718
0.900722
0.899056
0.898247
0.896720
0.896679
0.895736
0.895150
0.893857
0.892444
0.891040
0.889366
0.889577
0.889157
0.888820
0.888218
0.887547
0.888250
0.888609
0.889494
0.890844
0.892108
0.892938
0.893571
0.894538
0.892535
0.893535
0.892097
0.892904
0.892158
0.894464
0.894336
0.894678
0.897038
0.897801
0.898128
0.899945
0.904158
0.901702
0.906786
0.908929
0.909639
0.909609
0.914253
0.912006
0.912904
0.915917
0.914908
0.912915
0.914485
0.917701
0.912724
0.915191
0.915771
0.914275
0.911530
0.919271
0.914977
0.909496
0.913864
0.913472
0.910698
0.913714
0.919105
0.911412
0.912329
0.914035
0.910991
0.908938
0.918997
0.919143
0.909663
0.911138
0.911846
0.910910
0.913519
0.919886
0.915587
0.911058
0.912083
0.912150
0.913518
0.918673
0.920620
0.913476
0.911360
0.911953
0.914363
0.916427
0.920833
0.919392
0.912517
0.911838
0.912976
0.914943
0.918553
0.920904
0.916936
0.912154
0.912949
0.913205
0.916730
0.920343
0.919734
0.913426
0.912828
0.914235
0.914662
0.918857
0.920235
0.918705
0.912367
0.914531
0.913568
0.915899
0.922047
0.921352
0.914936
0.914603
0.916322
0.912126
0.919361
0.921708
0.918373
0.914237
0.916293
0.912328
0.914959
0.919887
0.920588
0.915593
0.916422
0.917189
0.915247
0.921074
0.920950
0.918466
0.914695
0.917190
0.913891
0.917520
0.921614
0.921376
0.915632
0.915528
0.915416
0.914593
0.920370
0.920800
0.919989
0.915052
0.917243
0.915325
0.918311
0.920902
0.921149
0.918726
0.913932
0.915784
0.917925
0.921862
0.921573
0.921091
0.917805
0.914358
0.916299
0.919402
0.921063
0.921788
0.922055
0.916278
0.915557
0.917072
0.919805
0.920960
0.920702
0.920486
0.915236
0.916897
0.917933
0.920472
0.920652
0.920519
0.918303
0.915873
0.916678
0.919194
0.921764
0.921608
0.921221
0.915093
0.915556
0.915291
0.918112
0.920847
0.921955
0.921176
0.916856
0.918012
0.918147
0.921545
0.922804
0.922192
0.918990
0.917217
0.916863
0.919040
0.921977
0.921977
0.921516
0.917311
0.918046
0.916167
0.919484
0.921413
0.922049
0.920665
0.915304
0.917301
0.916840
0.920546
0.921487
0.921614
0.918684
0.916815
0.917099
0.916786
0.920990
0.922080
0.921973
0.916849
0.917657
0.916063
0.918100
0.921724
0.921382
0.919600
0.913771
0.918013
0.915490
0.918506
0.921574
0.921690
0.918857
0.915965
0.917866
0.914993
0.920076
0.921233
0.921097
0.916288
0.918019
0.916366
0.914500
0.920596
0.921173
0.921097
0.916293
0.917693
0.913299
0.915561
0.919684
0.918995
0.918957
0.916661
0.919349
0.915521
0.917665
0.921036
0.921832
0.919064
0.918751
0.919076
0.914667
0.921261
0.921783
0.921602
0.918605
0.919965
0.918421
0.917184
0.921343
0.921422
0.921921
0.918980
0.919997
0.918195
0.919273
0.921684
0.921297
0.920629
0.919609
0.920234
0.918611
0.920282
0.921375
0.921329
0.921128
0.920193
0.920159
0.919227
0.921886
0.921731
0.921619
0.920395
0.920704
0.920291
0.919506
0.920603
0.920624
0.921269
0.919513
0.919840
0.919523
0.919725
0.920817
0.920087
0.919259
0.918633
0.918914
0.919523
0.919315
0.919741
0.919536
0.919369
0.919285
0.918356
0.918552
0.919182
0.919666
0.919471
0.919061
0.918290
0.919313
0.918604
0.919243
0.920115
0.919676
0.919748
0.919457
0.918967
0.919399
0.919800
0.921047
0.920217
0.920150
0.919765
0.920368
0.920517
0.920078
0.919366
0.920037
0.919742
0.919368
0.919499
0.919285
0.920448
0.920682
0.920046
0.919995
0.920877
0.919577
0.920137
0.919911
0.919780
0.920264
0.918748
0.918688
0.919380
0.919616
0.919503
0.918613
0.917820
0.917516
0.918275
0.917661
0.917349
0.917525
0.917296
0.917449
0.917508
0.917073
0.917171
0.917499
0.916623
0.916232
0.916420
0.916657
0.916895
0.916020
0.915729
0.915318
0.915585
0.915624
0.915453
0.915406
0.915039
0.915380
0.914595
0.914583
0.914416
0.915127
0.914655
0.914171
0.913875
0.913612
0.914646
0.914282
0.914007
0.913669
0.913884
0.913855
0.913537
0.913883
0.913647
0.914333
0.913677
0.912921
0.913243
0.913610
0.913972
0.913842
0.913503
0.913156
0.913887
0.913424
0.913344
0.913330
0.913189
0.913449
0.913029
0.912879
0.912752
0.913811
0.913262
0.912851
0.912629
0.912377
0.913041
0.912610
0.912808
0.912554
0.913063
0.912682
0.912599
0.912800
0.912578
0.913355
0.912523
0.912490
0.912477
0.913119
0.912945
0.912983
0.912791
0.912517
0.913193
0.912625
0.912781
0.912867
0.913266
0.913098
0.912693
0.912580
0.912443
0.913286
0.913154
0.912430
0.912385
0.912597
0.912958
0.912599
0.912555
0.912412
0.913011
0.912406
0.912378
0.912207
0.912367
0.913014
0.912717
0.912670
0.912309
0.913104
0.912447
0.912639
0.912964
0.912796
0.913487
0.912988
0.913079
0.912907
0.913371
0.913583
0.913278
0.913332
0.913333
0.914176
0.913687
0.914180
0.912867
0.913422
0.913362
0.912353
0.911096
0.910799
0.911466
0.910889
0.910373
0.911216
0.911910
0.912198
0.912308
0.912758
0.911229
0.912103
0.911629
0.911605
0.911866
0.911794
0.912631
0.912563
0.912390
0.913260
0.914296
0.914069
0.914485
0.914752
0.914727
0.915664
0.914789
0.915058
0.914944
0.915986
0.915661
0.915239
0.915388
0.915304
0.915898
0.914840
0.915282
0.915061
0.915473
0.915301
0.915051
0.915258
0.915341
0.915645
0.914763
0.914921
0.914744
0.915251
0.915784
0.915399
0.915725
0.915470
0.916571
0.916606
0.916277
0.916871
0.917330
0.917870
0.917897
0.918174
0.918176
0.919296
0.919176
0.919042
0.919088
0.919434
0.920269
0.920056
0.920172
0.920092
0.920833
0.920398
0.920310
0.920363
0.920257
0.921115
0.920534
0.920375
0.920460
0.920994
0.920875
0.920705
0.920549
0.920506
0.921172
0.920750
0.920569
0.920828
0.920638
0.921223
0.921027
0.920926
0.920582
0.921600
0.921214
0.921305
0.921416
0.921409
0.921769
0.921566
0.921256
0.920844
0.922121
0.920947
0.921428
0.921891
0.922170
0.922821
0.922800
0.921855
0.921997
0.923014
0.922796
0.921772
0.922503
0.922356
0.922929
0.922368
0.922172
0.921974
0.922645
0.922391
0.922138
0.921959
0.921881
0.922472
0.922264
0.921928
0.922127
0.922481
0.922415
0.922021
0.922160
0.922057
0.923017
0.922449
0.922320
0.922386
0.922276
0.922730
0.922593
0.922483
0.922481
0.923325
0.922965
0.922241
0.922186
0.922478
0.922906
0.922500
0.922233
0.921826
0.922851
0.922624
0.922567
0.922043
0.921822
0.922580
0.919989
0.919453
0.918920
0.919386
0.918952
0.919905
0.920704
0.920779
0.921210
0.921537
0.920820
0.920655
0.922039
0.922357
0.922329
0.922248
0.921801
0.922493
0.921273
0.921744
0.921894
0.922183
0.922192
0.921686
0.921699
0.921478
0.922076
0.921612
0.921385
0.921509
0.920284
0.921392
0.921345
0.921649
0.921005
0.921610
0.920917
0.920868
0.920856
0.921070
0.921553
0.921014
0.920961
0.920528
0.921792
0.921671
0.921656
0.921763
0.921739
0.922523
0.922198
0.922339
0.922205
0.922807
0.922830
0.921635
0.922364
0.922543
0.923387
0.922962
0.922753
0.922624
0.923184
0.923295
0.922706
0.922477
0.922142
0.923033
0.921834
0.922291
0.922344
0.922702
0.921800
0.920708
0.921909
0.919912
0.920841
0.920878
0.921431
0.921648
0.920495
0.921721
0.921341
0.921081
0.920699
0.921328
0.920891
0.920855
0.920525
0.920371
0.920785
0.920346
0.920025
0.920306
0.920345
0.920355
0.919909
0.919662
0.919616
0.920561
0.919828
0.919505
0.919111
0.919620
0.919628
0.919020
0.919110
0.918601
0.919307
0.918656
0.918694
0.918357
0.918550
0.918351
0.917902
0.917801
0.917647
0.918288
0.917665
0.917346
0.917207
0.917277
0.917621
0.917055
0.916710
0.916085
0.916700
0.916128
0.915856
0.915481
0.914727
0.914819
0.913799
0.913588
0.913087
0.913334
0.912107
0.911166
0.910426
0.909991
0.909823
0.908799
0.907950
0.907283
0.905444
0.905623
0.904545
0.905002
0.904192
0.904183
0.903246
0.903164
0.902669
0.902587
0.902182
0.900546
0.900764
0.901048
0.901921
0.900820
0.900274
0.899734
0.900053
0.900914
0.900820
0.900838
0.900160
0.900751
0.900893
0.901787
0.902265
0.902683
0.903114
0.902814
0.903630
0.904555
0.906225
0.906190
0.905622
0.905533
0.905845
0.907139
0.907193
0.906922
0.905893
0.905624
0.905189
0.904829
0.905136
0.904124
0.903462
0.901670
0.901291
0.900413
0.901146
0.900066
0.898437
0.896630
0.895747
0.896210
0.896256
0.895812
0.895431
0.894785
0.895145
0.895240
0.896634
0.897006
0.898172
0.897776
0.897964
0.898437
0.900576
0.899059
0.899525
0.898913
0.899729
0.900329
0.901167
0.900452
0.900451
0.899510
0.898961
0.897895
0.897368
0.897677
0.897876
0.896895
0.896673
0.896712
0.896240
0.898523
0.898376
0.898446
0.899175
0.900214
0.900295
0.901333
0.901430
0.901170
0.903498
0.903707
0.904097
0.904442
0.904996
0.903197
0.905203
0.907688
0.908026
0.909025
0.907572
0.905412
0.906106
0.910034
0.911059
0.910721
0.910227
0.905941
0.907301
0.910354
0.911268
0.911241
0.911197
0.909259
0.908381
0.911853
0.913051
0.914021
0.913415
0.912887
0.910121
0.912635
0.914201
0.914152
0.914102
0.914248
0.914504
0.915142
0.914431
0.914105
0.914048
0.916281
0.916127
0.916814
0.916646
0.917541
0.917712
0.917720
0.917710
0.917177
0.918083
0.917724
0.918067
0.918300
0.918600
0.919014
0.918478
0.918892
0.918919
0.919886
0.919553
0.919639
0.919566
0.919936
0.920699
0.919765
0.920234
0.920519
0.921522
0.921183
0.921183
0.921362
0.921499
0.922310
0.921906
0.922042
0.922008
0.922860
0.922609
0.922586
0.922644
0.922488
0.923380
0.922862
0.922751
0.922553
0.923085
0.923076
0.922995
0.922858
0.922525
0.923223
0.922853
0.922724
0.922681
0.922914
0.922861
0.922589
0.922686
0.922296
0.923332
0.922901
0.922660
0.923150
0.922701
0.923636
0.923481
0.922018
0.921783
0.922523
0.923152
0.923342
0.923463
0.923660
0.924605
0.923313
0.923697
0.923673
0.924472
0.924225
0.924267
0.924385
0.924215
0.925257
0.923713
0.923743
0.924076
0.924790
0.924089
0.924336
0.924404
0.924255
0.924966
0.924412
0.924300
0.924077
0.924540
0.924503
0.924172
0.924501
0.923651
0.924968
0.924397
0.924357
0.924315
0.924547
0.924843
0.924581
0.924585
0.924470
0.925449
0.924695
0.924581
0.924613
0.924802
0.925269
0.924776
0.924805
0.924532
0.925321
0.924764
0.924733
0.924697
0.924488
0.925418
0.923748
0.924046
0.924270
0.925374
0.924630
0.924211
0.924324
0.923488
0.922781
0.922907
0.923076
0.923557
0.924091
0.924041
0.923794
0.923754
0.923645
0.924304
0.923855
0.923807
0.923718
0.923846
0.924142
0.923680
0.923238
0.923432
0.924160
0.923732
0.923204
0.923561
0.922998
0.923718
0.923534
0.923243
0.922695
0.922922
0.922458
0.921894
0.922423
0.922247
0.922678
0.921664
0.921097
0.920542
0.920869
0.921201
0.920988
0.920330
0.919287
0.920079
0.918744
0.919012
0.919446
0.919405
0.918137
0.916904
0.916576
0.915385
0.916862
0.916151
0.914668
0.913081
0.912672
0.912097
0.910352
0.911542
0.910583
0.909600
0.908093
0.907623
0.905153
0.906656
0.907461
0.906044
0.904166
0.904381
0.903454
0.899157
0.903753
0.903938
0.903578
0.901881
0.903155
0.895776
0.900772
0.904507
0.903668
0.899797
0.898327
0.896905
0.889187
0.900808
0.901955
0.900434
0.892821
0.894530
0.883709
0.887564
0.899457
0.900527
0.896173
0.882651
0.885314
0.872691
0.890102
0.897946
0.896675
0.888221
0.874221
0.872259
0.868477
0.890815
0.894387
0.890599
0.876841
0.864735
0.857694
0.870821
0.886021
0.886276
0.877798
0.860988
0.852827
0.849413
0.867351
0.875260
0.873048
0.861856
0.845341
0.839806
0.845085
0.858473
0.861905
0.856249
0.846816
0.835170
0.833652
0.841485
0.848232
0.849445
0.845735
0.837493
0.829567
0.831785
0.837981
0.841831
0.837936
0.833716
0.826972
0.825101
0.827030
0.830854
0.831626
0.828068
0.824177
0.820463
0.819800
0.822248
0.825682
0.825723
0.823990
0.823820
0.824586
0.827072
0.829785
0.833776
0.836293
0.838818
0.839846
0.842523
0.845583
0.848922
0.855659
0.859107
0.861625
0.863068
0.867006
0.868273
0.872371
0.879569
0.883995
0.886264
0.888379
0.889896
0.885271
0.891759
0.899306
0.902551
0.903794
0.904186
0.903229
0.893690
0.901498
0.909433
0.910721
0.910857
0.910529
0.903552
0.897166
0.909215
0.912490
0.911723
0.911350
0.911343
0.900720
0.902058
0.911453
0.911337
0.911559
0.911109
0.910501
0.897488
0.904664
0.911037
0.909108
0.909554
0.909454
0.906876
0.898764
0.909953
0.909991
0.909595
0.910625
0.910309
0.904948
0.904342
0.911227
0.910829
0.911114
0.911659
0.911199
0.906574
0.911343
0.912392
0.913105
0.914214
0.914613
0.913819
0.912268
0.914975
0.916548
0.916581
0.917125
0.917370
0.917405
0.918142
0.918498
0.919061
0.919247
0.920940
0.919979
0.920653
0.921117
0.922160
0.923167
0.923249
0.924007
0.923779
0.924785
0.924565
0.924760
0.924993
0.924844
0.924953
0.923547
0.923800
0.923769
0.924495
0.924175
0.924113
0.924644
0.924182
0.925099
0.924711
0.924990
0.923989
0.925115
0.924959
0.924382
0.924727
0.924512
0.925434
0.925060
0.925201
0.924835
0.925015
0.925437
0.925100
0.925119
0.925028
0.925931
0.925087
0.925199
0.925175
0.925219
0.925610
0.925272
0.925150
0.924776
0.925670
0.925171
0.925115
0.925044
0.925215
0.925331
0.923936
0.924613
0.924651
0.925402
0.924922
0.924753
0.924645
0.924448
0.925481
0.924358
0.924796
0.924709
0.925317
0.925061
0.924818
0.924939
0.924831
0.925604
0.925251
0.925280
0.924712
0.925359
0.925348
0.925177
0.925285
0.925165
0.925941
0.925469
0.925477
0.925131
0.925274
0.924602
0.924761
0.924991
0.924336
0.925258
0.925162
0.922723
0.921986
0.922017
0.922312
0.921586
0.922492
0.923302
0.924156
0.923640
0.924481
0.923865
0.923582
0.924072
0.923572
0.923248
0.923995
0.924959
0.924611
0.924644
0.924653
0.924358
0.924597
0.924634
0.924652
0.924386
0.925068
0.924765
0.924459
0.924379
0.924547
0.924321
0.923887
0.924327
0.923342
0.924163
0.924439
0.924441
0.923821
0.923390
0.924025
0.924160
0.922073
0.921403
0.923235
0.922911
0.922365
0.922188
0.921841
0.922632
0.922323
0.922115
0.922203
0.922064
0.922680
0.922102
0.922360
0.922508
0.924025
0.923131
0.923433
0.923555
0.923302
0.924123
0.923784
0.923834
0.923768
0.924194
0.923870
0.923066
0.922481
0.922531
0.922666
0.923423
0.922704
0.922857
0.922709
0.922497
0.922242
0.921247
0.922078
0.923607
0.923575
0.923913
0.922535
0.923379
0.923892
0.923676
0.923679
0.923373
0.924175
0.923834
0.923476
0.923560
0.923625
0.924144
0.923505
0.923783
0.923123
0.924217
0.923741
0.923654
0.923532
0.923423
0.924078
0.923422
0.923119
0.922915
0.923932
0.922993
0.922990
0.923050
0.922929
0.923439
0.922993
0.922901
0.922549
0.923032
0.923119
0.922609
0.922940
0.921669
0.923029
0.922928
0.922230
0.922126
0.922741
0.923042
0.923000
0.922865
0.922611
0.923518
0.922859
0.922875
0.922799
0.923000
0.923129
0.923002
0.923098
0.922971
0.923778
0.923360
0.923299
0.921462
0.921660
0.921445
0.921240
0.920950
0.922203
0.923373
0.922978
0.922716
0.922600
0.922460
0.922821
0.922404
0.922418
0.922303
0.923138
0.922220
0.922272
0.922539
0.922166
0.923244
0.922582
0.922549
0.922207
0.922560
0.922751
0.922962
0.922664
0.922262
0.922416
0.921695
0.922414
0.922654
0.922805
0.922886
0.921826
0.921751
0.922481
0.923203
0.922716
0.922648
0.921329
0.922042
0.923325
0.922073
0.922294
0.921906
0.922440
0.922512
0.922014
0.921237
0.921763
0.922485
0.922180
0.922497
0.920615
0.921682
0.922208
0.922050
0.922368
0.922008
0.920464
0.922073
0.922370
0.922398
0.923038
0.921298
0.920413
0.922135
0.922730
0.922999
0.921509
0.918634
0.920730
0.922471
0.923184
0.922869
0.921407
0.919010
0.922723
0.922006
0.922833
0.922973
0.919155
0.920660
0.921972
0.922169
0.921967
0.922292
0.917697
0.921486
0.921659
0.922133
0.922876
0.919368
0.918968
0.921249
0.922452
0.922415
0.922621
0.917636
0.920554
0.922300
0.922133
0.922439
0.920913
0.918883
0.921208
0.921559
0.922112
0.922228
0.920132
0.919983
0.921341
0.921498
0.921959
0.922415
0.918845
0.920793
0.920781
0.921953
0.921484
0.920994
0.919237
0.920440
0.920899
0.920858
0.921262
0.919978
0.920588
0.920268
0.920488
0.920541
0.921155
0.920168
0.920502
0.918812
0.918601
0.919279
0.919216
0.918863
0.917790
0.919570
0.921043
0.921338
0.920547
0.919748
0.920476
0.920395
0.920425
0.920972
0.919511
0.920056
0.919606
0.919704
0.920042
0.920486
0.919713
0.919301
0.919133
0.919212
0.920721
0.919282
0.918920
0.919059
0.919414
0.919896
0.919822
0.919059
0.918669
0.919574
0.919330
0.920048
0.919459
0.919088
0.919657
0.919369
0.919628
0.919917
0.919853
0.919287
0.919122
0.919517
0.919998
0.920325
0.919316
0.919123
0.919042
0.920212
0.920230
0.919046
0.918970
0.918823
0.919811
0.919902
0.919091
0.918620
0.918825
0.919057
0.919328
0.919040
0.918379
0.919300
0.917447
0.917357
0.917491
0.917000
0.917003
0.918327
0.918903
0.919267
0.919318
0.918833
0.918534
0.918770
0.919693
0.918631
0.918729
0.918490
0.918576
0.920035
0.919484
0.919031
0.918984
0.918968
0.919605
0.919564
0.918973
0.918028
0.918270
0.918680
0.919265
0.918540
0.918393
0.918783
0.918250
0.918623
0.918241
0.918584
0.918318
0.918053
0.917717
0.918325
0.918713
0.918253
0.917925
0.917918
0.918796
0.918520
0.918483
0.918191
0.917831
0.919081
0.918490
0.917931
0.918133
0.918141
0.918856
0.918577
0.918526
0.918077
0.918698
0.918118
0.918512
0.918279
0.918273
0.918273
0.917748
0.918473
0.918174
0.918701
0.917991
0.917946
0.917317
0.916383
0.916557
0.916119
0.916246
0.916287
0.917901
0.918150
0.917968
0.917972
0.917758
0.918548
0.918312
0.918235
0.918279
0.918673
0.918552
0.918577
0.917608
0.917746
0.918987
0.918654
0.918679
0.918594
0.919020
0.919267
0.918844
0.918694
0.918240
0.919225
0.918686
0.918595
0.918592
0.918622
0.918971
0.918518
0.918302
0.917990
0.918828
0.918476
0.918323
0.918368
0.918514
0.918143
0.918118
0.918531
0.918064
0.918977
0.918633
0.918520
0.918590
0.918548
0.919261
0.918961
0.918764
0.918530
0.919571
0.918672
0.919142
0.918978
0.918770
0.919471
0.919008
0.918799
0.918913
0.919105
0.919406
0.917737
0.917262
0.917301
0.918761
0.918858
0.918739
0.918711
0.918676
0.919184
0.918792
0.918656
0.918492
0.919309
0.918842
0.918643
0.918756
0.918754
0.919360
0.918920
0.918936
0.918897
0.919743
0.919305
0.919074
0.919163
0.919125
0.919667
0.919281
0.919185
0.919058
0.919895
0.919622
0.919382
0.919352
0.919032
0.919727
0.919069
0.919082
0.918781
0.919152
0.919218
0.919102
0.918919
0.918481
0.919179
0.918615
0.918409
0.918353
0.918417
0.918980
0.919018
0.918950
0.918950
0.919525
0.919397
0.919092
0.919240
0.919300
0.919828
0.919587
0.919557
0.919285
0.920040
0.919717
0.919928
0.919427
0.918269
0.918631
0.917771
0.917636
0.918962
0.920260
0.920008
0.919569
0.919680
0.919704
0.919678
0.919296
0.919641
0.919442
0.919955
0.919678
0.919234
0.919228
0.919095
0.919785
0.919206
0.919214
0.919260
0.919402
0.919656
0.919359
0.919320
0.919155
0.919943
0.919487
0.919598
0.919622
0.919647
0.920089
0.919539
0.919600
0.919542
0.920361
0.919785
0.919932
0.920030
0.919970
0.920617
0.920132
0.919916
0.919722
0.920375
0.919961
0.920192
0.919580
0.919903
0.920613
0.919871
0.919691
0.919644
0.920204
0.920028
0.919726
0.919800
0.919669
0.920302
0.919909
0.919794
0.919868
0.920148
0.920417
0.920168
0.920256
0.920246
0.921130
0.918913
0.919251
0.918719
0.917905
0.919486
0.920418
0.920562
0.920315
0.921314
0.920871
0.920860
0.920853
0.920715
0.921166
0.920751
0.920571
0.920568
0.921343
0.920984
0.920810
0.920662
0.920413
0.921121
0.920702
0.920691
0.920433
0.921190
0.920863
0.920853
0.920815
0.920615
0.921454
0.920998
0.920924
0.920796
0.921435
0.921476
0.921385
0.921187
0.921156
0.921795
0.921437
0.921287
0.921631
0.921841
0.922054
0.921825
0.921739
0.921648
0.922251
0.921671
0.921602
0.921572
0.921607
0.922077
0.921628
0.921611
0.921337
0.921974
0.921507
0.921463
0.921345
0.921352
0.921964
0.921512
0.921595
0.920626
0.920853
0.920613
0.920461
0.920740
0.920796
0.921617
0.921103
0.921258
0.920920
0.921519
0.921559
0.921180
0.921389
0.921066
0.921900
0.921471
0.921471
0.921332
0.921490
0.921581
0.921327
0.921432
0.921165
0.921796
0.921519
0.921453
0.921384
0.921313
0.921548
0.921103
0.921119
0.920841
0.921656
0.921277
0.921171
0.921170
0.921369
0.921474
0.921360
0.921445
0.921104
0.921940
0.921744
0.921555
0.921647
0.921735
0.922199
0.922030
0.921547
0.921663
0.922248
0.922188
0.922090
0.922115
0.922121
0.922756
0.922251
0.922197
0.922010
0.922249
0.922142
0.922071
0.921441
0.921863
0.922558
0.921940
0.921749
0.921811
0.921758
0.922073
0.921705
0.921714
0.921695
0.921860
0.921966
0.921748
0.921957
0.921832
0.922419
0.922031
0.922051
0.921888
0.922854
0.922432
0.922319
0.922365
0.921912
0.922857
0.922458
0.922421
0.922334
0.923004
0.922747
0.922482
0.922540
0.922413
0.923030
0.922770
0.922346
0.922269
0.923018
0.923023
0.922573
0.922334
0.921891
0.922880
0.922370
0.922407
0.922241
0.922515
0.922576
0.922391
0.922312
0.922183
0.922979
0.922554
0.922552
0.922489
0.922685
0.923328
0.922821
0.922694
0.922565
0.922876
0.922651
0.923102
0.922745
0.922866
0.923828
0.921338
0.920693
0.920384
0.920711
0.919954
0.920961
0.922129
0.921756
0.922384
0.922849
0.922197
0.922073
0.921710
0.922074
0.921480
0.923046
0.923143
0.923984
0.923823
0.922401
0.923026
0.923772
0.923818
0.923534
0.923542
0.923356
0.924163
0.923757
0.923626
0.923703
0.923712
0.924065
0.923800
0.923504
0.923802
0.924710
0.923861
0.923886
0.923865
0.923820
0.924184
0.923762
0.923651
0.923790
0.923849
0.923688
0.923603
0.923582
0.923484
0.924033
0.923531
0.923597
0.923234
0.923752
0.923544
0.923362
0.923160
0.922905
0.923918
0.923500
0.923267
0.923203
0.923731
0.923737
0.923544
0.923576
0.923376
0.924054
0.923961
0.922924
0.923132
0.923541
0.924087
0.923879
0.923717
0.923678
0.924382
0.924117
0.922166
0.921963
0.921865
0.923653
0.923356
0.923309
0.923144
0.923865
0.923144
0.922931
0.922791
0.922598
0.923260
0.922827
0.922688
0.922443
0.922964
0.922709
0.922664
0.922900
0.922497
0.923150
0.922515
0.922490
0.922422
0.922849
0.922890
0.922523
0.922399
0.922321
0.922877
0.922654
0.922548
0.922565
0.922663
0.922755
0.922371
0.922358
0.922139
0.922870
0.922466
0.921928
0.922135
0.922183
0.922665
0.922192
0.921843
0.921583
0.922313
0.922001
0.921833
0.921687
0.921624
0.922192
0.921677
0.921761
0.921548
0.922319
0.921738
0.921618
0.921781
0.921720
0.922326
0.921965
0.921699
0.921501
0.922080
0.921904
0.922159
0.920897
0.920070
0.920528
0.919721
0.920492
0.921544
0.921917
0.921830
0.921417
0.921203
0.921395
0.921710
0.921679
0.921289
0.921123
0.920986
0.921209
0.920904
0.920862
0.920622
0.921315
0.921022
0.920649
0.920815
0.920634
0.921189
0.920693
0.920542
0.920413
0.921240
0.920764
0.920781
0.920700
0.920444
0.921144
0.920529
0.920411
0.920237
0.921074
0.919825
0.920030
0.920167
0.919988
0.920558
0.919756
0.919626
0.919559
0.919195
0.919123
0.918861
0.919080
0.918670
0.918649
0.918295
0.917913
0.917652
0.918059
0.918189
0.917267
0.917623
0.917080
0.917936
0.917525
0.917020
0.916268
0.917252
0.917621
0.917219
0.916790
0.915224
0.915249
0.915115
0.914801
0.916619
0.916979
0.917842
0.916617
0.916775
0.916551
0.917230
0.916288
0.916334
0.915574
0.916368
0.915598
0.915598
0.915514
0.914920
0.915382
0.915620
0.915116
0.914778
0.914261
0.914671
0.914701
0.914862
0.914627
0.914424
0.914344
0.914396
0.914801
0.914444
0.914927
0.914499
0.913994
0.914733
0.914817
0.914837
0.914335
0.914150
0.914241
0.915201
0.914547
0.914118
0.913994
0.913982
0.914754
0.914174
0.913704
0.913240
0.914069
0.913512
0.913702
0.913483
0.913392
0.913988
0.913723
0.913579
0.913135
0.913649
0.913289
0.913395
0.913853
0.912421
0.912207
0.911542
0.911626
0.912205
0.911830
0.913228
0.913349
0.913451
0.913554
0.914210
0.913671
0.913340
0.913711
0.913246
0.913705
0.913432
0.913357
0.913303
0.914416
0.913768
0.913575
0.913380
0.913118
0.913547
0.912853
0.912509
0.911987
0.913035
0.911922
0.911480
0.911713
0.911305
0.911699
0.911134
0.911171
0.909908
0.910087
0.908906
0.908883
0.910084
0.910164
0.910888
0.910038
0.909829
0.909848
0.910290
0.910298
0.909902
0.909625
0.909388
0.910141
0.909628
0.909457
0.909402
0.909357
0.909687
0.909153
0.909039
0.908523
0.909055
0.907519
0.906860
0.907088
0.906317
0.906273
0.905967
0.905442
0.904613
0.904613
0.903175
0.902810
0.902609
0.902256
0.902877
0.902510
0.902036
0.901494
0.901684
0.901701
0.900986
0.901367
0.900337
0.899872
0.901345
0.900804
0.900708
0.900111
0.897703
0.899617
0.900952
0.900621
0.899947
0.896535
0.899519
0.900521
0.901631
0.899816
0.895131
0.898428
0.899347
0.902494
0.901466
0.895875
0.897896
0.899649
0.901328
0.900732
0.895973
0.896407
0.900131
0.899718
0.900194
0.897321
0.897394
0.901427
0.900977
0.901372
0.900252
0.899457
0.901629
0.901616
0.901157
0.901035
0.900496
0.902227
0.902475
0.901737
0.901471
0.901703
0.902196
0.901704
0.900836
0.900522
0.901782
0.902956
0.903075
0.902722
0.901074
0.900812
0.901971
0.901947
0.902059
0.900123
0.900488
0.901237
0.900905
0.900218
0.898507
0.898244
0.898898
0.900125
0.899091
0.899006
0.898773
0.899470
0.900534
0.899895
0.899518
0.898836
0.900185
0.900543
0.900387
0.900542
0.899618
0.899202
0.900263
0.900733
0.900865
0.901358
0.900813
0.901116
0.901318
0.901079
0.901504
0.900782
0.901079
0.901021
0.901805
0.901571
0.901258
0.901355
0.901714
0.902734
0.902696
0.902854
0.903076
0.904060
0.904703
0.904740
0.905313
0.904133
0.906402
0.906489
0.906473
0.906680
0.906861
0.907679
0.907881
0.908079
0.907960
0.908893
0.908408
0.908900
0.909370
0.909682
0.910456
0.910082
0.910514
0.910726
0.911731
0.911645
0.911595
0.912139
0.912087
0.913313
0.913156
0.913205
0.913229
0.913980
0.914078
0.914280
0.914384
0.914599
0.915477
0.915449
0.915300
0.915655
0.916402
0.916756
0.916749
0.916771
0.916931
0.917974
0.917631
0.917857
0.917997
0.918239
0.918803
0.918363
0.918553
0.918554
0.919526
0.919295
0.919211
0.919489
0.919532
0.920070
0.919702
0.919421
0.919275
0.920334
0.919582
0.919482
0.920005
0.919780
0.920435
0.919844
0.919674
0.919373
0.919867
0.919297
0.917601
0.916992
0.917906
0.917525
0.916361
0.917894
0.918706
0.919328
0.918922
0.919179
0.918743
0.917940
0.918484
0.917605
0.917943
0.917658
0.918002
0.918248
0.917464
0.918337
0.917626
0.918590
0.918230
0.918732
0.918718
0.919207
0.920022
0.918722
0.918899
0.919553
0.919873
0.920228
0.919974
0.919023
0.917660
0.919549
0.919923
0.919896
0.919154
0.918865
0.918533
0.920092
0.919898
0.920449
0.918710
0.918661
0.920146
0.920084
0.920557
0.919880
0.918646
0.919974
0.919826
0.920939
0.921044
0.920486
0.920343
0.921128
0.921418
0.921024
0.920956
0.920075
0.921050
0.920399
0.920393
0.920127
0.919902
0.920004
0.919667
0.919671
0.919198
0.920060
0.919176
0.919039
0.919093
0.919157
0.919948
0.918832
0.918570
0.919257
0.920497
0.920431
0.920354
0.919524
0.919583
0.921605
0.921563
0.921490
0.920264
0.920315
0.920134
0.920697
0.920794
0.920460
0.919630
0.919285
0.920533
0.920372
0.920395
0.919473
0.918755
0.918753
0.918128
0.918761
0.917715
0.916862
0.916402
0.916343
0.915819
0.915279
0.914555
0.914088
0.914805
0.914374
0.914758
0.914529
0.915359
0.916455
0.916149
0.916553
0.916758
0.917932
0.918211
0.918782
0.919012
0.918896
0.920304
0.919397
0.919526
0.919624
0.920631
0.920647
0.920649
0.920902
0.920846
0.921683
0.920894
0.920400
0.920491
0.920892
0.921022
0.920702
0.921047
0.919694
0.920814
0.920525
0.920909
0.920925
0.921268
0.921575
0.921277
0.921493
0.920238
0.921306
0.920870
0.920927
0.921008
0.921087
0.921481
0.921222
0.921254
0.920857
0.921478
0.920948
0.920958
0.921154
0.921074
0.921577
0.921300
0.920948
0.920656
0.921401
0.921077
0.920968
0.920871
0.920780
0.921711
0.920412
0.920383
0.920443
0.921080
0.920626
0.920246
0.920030
0.919561
0.921314
0.919471
0.918173
0.917585
0.918266
0.918741
0.917268
0.919564
0.919627
0.920771
0.919657
0.919892
0.920291
0.920905
0.920586
0.921351
0.922108
0.920925
0.922572
0.922220
0.922449
0.922914
0.922965
0.923620
0.923188
0.923048
0.922717
0.923265
0.922782
0.922700
0.922481
0.922523
0.923236
0.922772
0.922499
0.922059
0.922793
0.922610
0.922486
0.922517
0.922372
0.923316
0.922542
0.922827
0.922728
0.923138
0.923004
0.923045
0.923234
0.923122
0.923966
0.923448
0.923304
0.923256
0.923790
0.923815
0.923352
0.923970
0.923847
0.924470
0.923907
0.923941
0.923983
0.924015
0.924324
0.923938
0.924172
0.923172
0.924683
0.924332
0.924263
0.924079
0.923745
0.924436
0.923917
0.924263
0.924083
0.924709
0.924281
0.923942
0.923955
0.922473
0.923564
0.922846
0.924149
0.923966
0.924777
0.924503
0.924379
0.924260
0.924042
0.925209
0.923707
0.924340
0.924450
0.924688
0.924944
0.924796
0.924888
0.924575
0.925260
0.924578
0.924594
0.924504
0.924459
0.924818
0.924625
0.924439
0.924158
0.924792
0.924272
0.924002
0.924095
0.924100
0.924620
0.924155
0.924156
0.923663
0.924815
0.924132
0.924315
0.924281
0.924049
0.924752
0.924338
0.924335
0.924032
0.924755
0.924359
0.924169
0.924289
0.923993
0.924804
0.924530
0.924323
0.923966
0.924565
0.924498
0.924085
0.924143
0.923982
0.924715
0.924140
0.924132
0.924016
0.924650
0.923393
0.921995
0.922346
0.923102
0.924104
0.923598
0.923343
0.923486
0.923268
0.923649
0.923455
0.923346
0.923365
0.924047
0.923544
0.923422
0.923529
0.923487
0.924309
0.923647
0.923520
0.923263
0.924051
0.923892
0.923483
0.923647
0.923405
0.924196
0.923708
0.923562
0.923418
0.923773
0.923506
0.923266
0.923632
0.922443
0.924194
0.923563
0.923261
0.923131
0.923198
0.923026
0.922956
0.923015
0.922900
0.923675
0.922998
0.922851
0.922835
0.922717
0.923274
0.923124
0.923241
0.922865
0.923759
0.923498
0.923036
0.922903
0.922918
0.923712
0.923375
0.923372
0.923050
0.923636
0.923172
0.922858
0.923043
0.923273
0.923970
0.922334
0.921405
0.921200
0.922728
0.923035
0.922832
0.922942
0.922728
0.923312
0.922706
0.922509
0.922199
0.922558
0.922688
0.922620
0.922659
0.922363
0.923110
0.922610
0.922545
0.922292
0.922583
0.923221
0.922990
0.922464
0.922469
0.923464
0.922492
0.922393
0.922963
0.923196
0.923524
0.922981
0.922987
0.922452
0.923142
0.922730
0.922449
0.922648
0.922453
0.922979
0.922658
0.922450
0.922073
0.922628
0.922420
0.922422
0.922030
0.922017
0.922745
0.922039
0.921976
0.921672
0.922301
0.922201
0.921840
0.921984
0.921675
0.922475
0.921973
0.921769
0.921997
0.921984
0.922185
0.922319
0.921841
0.919919
0.921266
0.920734
0.921764
0.921922
0.921750
0.922148
0.921737
0.921733
0.921457
0.922340
0.921778
0.921691
0.921781
0.921761
0.922348
0.921452
0.921327
0.921116
0.921890
0.921562
0.921509
0.921572
0.921193
0.922302
0.921181
0.921618
0.921530
0.922003
0.921952
0.921985
0.922070
0.921717
0.922409
0.921956
0.922077
0.922064
0.922584
0.922853
0.922495
0.922716
0.922242
0.923479
0.923014
0.922883
0.922925
0.922952
0.923620
0.922905
0.922518
0.922477
0.923547
0.922966
0.922925
0.922545
0.921752
0.922975
0.922594
0.922461
0.922360
0.923494
0.922228
0.922667
0.922949
0.922870
0.923423
0.922900
0.922942
0.922785
0.921870
0.922155
0.921774
0.922838
0.922645
0.923396
0.923012
0.923048
0.922900
0.923319
0.923331
0.922704
0.922441
0.921946
0.922947
0.922707
0.923142
0.922582
0.922735
0.923359
0.923124
0.922825
0.922481
0.923240
0.922890
0.922710
0.922707
0.922477
0.922883
0.922356
0.922302
0.922326
0.923297
0.922813
0.922498
0.922630
0.922639
0.923157
0.922844
0.922762
0.922520
0.923406
0.922650
0.922459
0.922362
0.922370
0.923332
0.922852
0.922729
0.922575
0.922939
0.922697
0.921993
0.922052
0.922058
0.922766
0.922275
0.922219
0.922143
0.922121
0.922157
0.921446
0.921685
0.921525
0.922379
0.921931
0.921865
0.920955
0.921302
0.920156
0.920609
0.920576
0.921404
0.922223
0.922448
0.920916
0.921369
0.921350
0.922046
0.921559
0.921739
0.921102
0.922630
0.921754
0.921032
0.921350
0.921352
0.921723
0.920891
0.921110
0.921081
0.921168
0.920556
0.920714
0.920824
0.920241
0.920132
0.919967
0.920383
0.919507
0.919310
0.919800
0.919619
0.919372
0.918712
0.919702
0.919820
0.919264
0.918484
0.919375
0.920019
0.919324
0.918637
0.918741
0.920425
0.920048
0.919255
0.919158
0.919598
0.920101
0.919250
0.918932
0.919556
0.920826
0.919368
0.918717
0.919454
0.919614
0.919583
0.918358
0.918595
0.919474
0.919238
0.918405
0.917284
0.917813
0.916891
0.918177
0.918033
0.918564
0.917656
0.917859
0.918317
0.919138
0.918555
0.917783
0.918245
0.918518
0.918251
0.918013
0.919017
0.919650
0.918852
0.918552
0.918512
0.919868
0.918549
0.918639
0.919333
0.919861
0.919959
0.919054
0.919002
0.919073
0.919189
0.919375
0.919834
0.919234
0.918936
0.919430
0.919333
0.919311
0.918363
0.919599
0.919437
0.919461
0.919272
0.918751
0.919793
0.919034
0.918661
0.918978
0.919744
0.919635
0.919319
0.919017
0.919069
0.920047
0.919392
0.919424
0.919378
0.919606
0.919501
0.919271
0.919567
0.919215
0.919991
0.919496
0.919324
0.919457
0.919322
0.919524
0.919435
0.917522
0.917476
0.918211
0.918345
0.919076
0.918912
0.918614
0.919349
0.918961
0.918657
0.918288
0.919086
0.918753
0.918653
0.918574
0.918692
0.919111
0.918890
0.918810
0.918553
0.919486
0.919092
0.918887
0.919334
0.918913
0.919741
0.919179
0.918950
0.918964
0.919533
0.919488
0.919302
0.919264
0.918974
0.919738
0.919363
0.919142
0.918813
0.919074
0.919378
0.919025
0.919240
0.918757
0.919426
0.918811
0.918476
0.918501
0.918731
0.919140
0.918691
0.918579
0.918162
0.919273
0.918621
0.918423
0.918579
0.918562
0.919064
0.918682
0.918742
0.918421
0.919231
0.917957
0.918653
0.918968
0.918071
0.918279
0.917785
0.917840
0.917886
0.918581
0.918511
0.918127
0.917888
0.917690
0.918260
0.917975
0.917187
0.917451
0.917865
0.918109
0.917600
0.917236
0.917017
0.917813
0.917261
0.917276
0.917384
0.917480
0.917503
0.917219
0.917360
0.917296
0.917778
0.917211
0.917620
0.917666
0.917656
0.918142
0.917552
0.917416
0.917407
0.918187
0.917954
0.918149
0.918157
0.918126
0.918888
0.918438
0.918145
0.917997
0.918537
0.918550
0.918700
0.918329
0.918311
0.919011
0.918510
0.918309
0.918019
0.918348
0.918459
0.918191
0.918031
0.917937
0.918828
0.918072
0.917934
0.917462
0.918056
0.918726
0.918171
0.918025
0.917783
0.918573
0.918010
0.917903
0.918009
0.918031
0.918491
0.918022
0.917932
0.917641
0.918574
0.917992
0.918003
0.918068
0.917711
0.918074
0.917442
0.916930
0.916848
0.917026
0.917269
0.917007
0.916699
0.916601
0.916265
0.916032
0.914869
0.915071
0.915568
0.915301
0.914899
0.913729
0.913378
0.914654
0.914448
0.914437
0.914652
0.914555
0.914083
0.912980
0.912204
0.911080
0.910595
0.908656
0.907257
0.906217
0.905324
0.904815
0.903428
0.902240
0.900908
0.900578
0.899534
0.898980
0.898272
0.897579
0.896792
0.896252
0.896552
0.895969
0.896288
0.896209
0.893791
0.892996
0.893008
0.893652
0.893404
0.894358
0.895866
0.895951
0.896231
0.895963
0.896555
0.896549
0.897218
0.896888
0.897321
0.897319
0.898382
0.898563
0.898708
0.898448
0.898744
0.900047
0.899847
0.899892
0.899892
0.900007
0.900404
0.899863
0.899764
0.899172
0.900027
0.899367
0.898095
0.898660
0.898440
0.898306
0.898129
0.898390
0.897248
0.898542
0.898849
0.897208
0.896752
0.897930
0.898598
0.898480
0.898464
0.898355
0.898816
0.898747
0.898646
0.898688
0.899127
0.900002
0.899506
0.900093
0.899881
0.900141
0.900906
0.900902
0.901099
0.901052
0.901961
0.901641
0.901362
0.901271
0.902107
0.901322
0.902124
0.902581
0.902301
0.903252
0.902780
0.902715
0.902953
0.902946
0.903803
0.903813
0.903823
0.903278
0.903641
0.904165
0.903360
0.903558
0.904350
0.904955
0.904226
0.904054
0.904015
0.906134
0.906106
0.905873
0.906578
0.906891
0.906772
0.906430
0.906343
0.906766
0.906833
0.906577
0.907069
0.907874
0.907766
0.907743
0.906364
0.906673
0.906079
0.904586
0.906876
0.908049
0.908141
0.906723
0.906777
0.906576
0.906033
0.905480
0.905854
0.907835
0.908415
0.907512
0.906893
0.907947
0.907538
0.906528
0.905704
0.907176
0.908885
0.908541
0.908403
0.907812
0.908813
0.907918
0.906193
0.906834
0.908284
0.909490
0.908759
0.908511
0.908331
0.908921
0.907822
0.907758
0.908824
0.909418
0.908977
0.907282
0.907567
0.907121
0.906860
0.907689
0.908895
0.908997
0.908328
0.908262
0.906415
0.904729
0.903239
0.902088
0.902000
0.900851
0.899639
0.898788
0.899048
0.897177
0.896882
0.896382
0.897278
0.898221
0.898263
0.897095
0.897704
0.898908
0.898923
0.899863
0.900554
0.900838
0.901670
0.901177
0.901274
0.901386
0.902719
0.903092
0.903568
0.903473
0.903899
0.905288
0.905101
0.905473
0.906227
0.907587
0.908086
0.908139
0.907843
0.908010
0.908952
0.908894
0.910133
0.911216
0.911795
0.911234
0.910151
0.910363
0.910368
0.911610
0.910533
0.910695
0.912293
0.911914
0.911774
0.911597
0.911930
0.911432
0.912611
0.914078
0.914069
0.911909
0.911320
0.911310
0.912962
0.912133
0.912250
0.914568
0.914583
0.913843
0.913253
0.912672
0.914310
0.913610
0.912916
0.914307
0.915980
0.915739
0.914404
0.914280
0.914853
0.915539
0.914100
0.915447
0.916064
0.916520
0.916057
0.915748
0.915895
0.915223
0.915246
0.915974
0.917016
0.917253
0.916647
0.916815
0.916774
0.916550
0.916319
0.918037
0.917748
0.917475
0.917260
0.917314
0.918287
0.917437
0.917450
0.917451
0.918457
0.917863
0.917445
0.917660
0.917613
0.918101
0.917970
0.918116
0.917773
0.918288
0.917937
0.917944
0.918161
0.917820
0.918533
0.918263
0.918058
0.918356
0.917102
0.917025
0.916173
0.916533
0.915567
0.918382
0.918083
0.917684
0.917488
0.917833
0.918294
0.918048
0.918132
0.917764
0.917796
0.917779
0.917863
0.917705
0.917556
0.917817
0.917780
0.917663
0.917348
0.917862
0.917463
0.917463
0.917386
0.917682
0.917759
0.917714
0.917513
0.916713
0.917756
0.917740
0.917665
0.917546
0.917580
0.918179
0.917733
0.917372
0.917265
0.917768
0.917730
0.918125
0.918207
0.917962
0.918512
0.917869
0.917864
0.917743
0.917871
0.918067
0.917687
0.917761
0.917645
0.918152
0.917658
0.917425
0.917417
0.917661
0.917935
0.916667
0.917383
0.917276
0.917696
0.917814
0.917301
0.915905
0.916058
0.916352
0.915734
0.917278
0.917588
0.918429
0.917904
0.917612
0.917931
0.917425
0.918578
0.917960
0.917887
0.917873
0.918398
0.918007
0.918092
0.917978
0.917848
0.918550
0.918109
0.917602
0.917513
0.918046
0.918381
0.918013
0.917791
0.917349
0.918165
0.917626
0.917621
0.917502
0.917572
0.917996
0.917228
0.917698
0.917547
0.918293
0.917892
0.917818
0.917752
0.918120
0.918710
0.918358
0.918065
0.917842
0.918242
0.918136
0.918074
0.918041
0.918342
0.918906
0.918490
0.918420
0.918012
0.918695
0.918072
0.917983
0.918069
0.917963
0.918899
0.918088
0.917845
0.917675
0.918048
0.917882
0.917823
0.916593
0.916097
0.916464
0.915624
0.916134
0.917405
0.917841
0.917950
0.917926
0.917876
0.917705
0.918495
0.917746
0.917784
0.917659
0.917462
0.918173
0.918012
0.917389
0.917745
0.918277
0.917622
0.917453
0.917329
0.917225
0.917943
0.917304
0.917171
0.916795
0.917252
0.916913
0.916596
0.916543
0.916261
0.916914
0.916132
0.915933
0.915662
0.916061
0.915720
0.915366
0.915405
0.915196
0.916036
0.915320
0.914876
0.914782
0.915042
0.914974
0.914747
0.914859
0.914465
0.915171
0.914565
0.914557
0.914528
0.914384
0.914699
0.914424
0.914394
0.914122
0.914818
0.914310
0.914006
0.913546
0.913337
0.914094
0.914325
0.912411
0.911527
0.911967
0.913050
0.913076
0.912864
0.912490
0.913184
0.912693
0.912598
0.912523
0.912893
0.912536
0.912266
0.912368
0.912207
0.913172
0.912527
0.911870
0.911943
