10.295000
1.230279
1.230376
1.230509
1.230876
1.231682
1.231475
1.231204
1.231033
1.232188
1.231462
1.231252
1.230364
1.231071
1.231173
1.230192
1.229911
1.229857
1.230085
1.230370
1.229126
1.228599
1.229045
1.229742
1.228508
1.228987
1.229724
1.229895
1.230913
1.229368
1.243375
1.256447
1.257958
1.257423
1.256961
1.257152
1.257210
1.259129
1.258124
1.257495
1.258661
1.257512
1.257218
1.257281
1.257011
1.257175
1.258759
1.257508
1.258754
1.257401
1.258134
1.257803
1.255473
1.255147
1.255305
1.255507
1.254663
1.255643
1.256434
1.256416
1.257097
1.257364
1.256868
1.255551
1.255945
1.254600
1.256418
1.252347
1.242704
1.228836
1.227799
1.228495
1.228048
1.228477
1.227560
1.228915
1.227543
1.226324
1.226671
1.226105
1.227316
1.227239
1.226866
1.228117
1.227765
1.228096
1.228022
1.228012
1.228682
1.227532
1.228304
1.227571
1.227324
1.227413
1.227527
1.227660
1.228104
1.227144
1.226540
1.226174
1.227062
1.226214
1.226652
1.225892
1.226718
1.226406
1.226197
1.225514
1.226472
1.226664
1.227115
1.227636
1.228281
1.227520
1.226748
1.227255
1.226253
1.226280
1.226631
1.226449
1.227136
1.226643
1.227688
1.226932
1.227089
1.226265
1.226339
1.226354
1.226608
1.226019
1.225788
1.226996
1.226221
1.226237
1.225072
1.224138
1.222515
1.222056
1.221083
1.221195
1.220157
1.219636
1.219015
1.218334
1.218888
1.218572
1.205581
1.204236
1.204231
1.204510
1.203944
1.212823
1.229998
1.230276
1.230412
1.228933
1.228102
1.228973
1.228170
1.227496
1.223075
1.222479
1.222804
1.223239
1.222823
1.223825
1.223058
1.223018
1.221943
1.223111
1.223555
1.223310
1.222091
1.221424
1.222245
1.222628
1.222668
1.223075
1.222368
1.223361
1.222740
1.223136
1.222531
1.222802
1.222701
1.222174
1.222251
1.222523
1.222462
1.221952
1.219832
1.219673
1.219750
1.219705
1.218693
1.217442
1.215918
1.214617
1.212661
1.213171
1.211273
1.210152
1.207778
1.204373
1.202643
1.203293
1.201756
1.197212
1.187150
1.166250
1.161967
1.163118
1.160169
1.157429
1.153024
1.148571
1.146815
1.147351
1.143872
1.140681
1.134823
1.129777
1.127414
1.129010
1.126367
1.122184
1.114237
1.108351
1.105846
1.109921
1.106045
1.100364
1.091900
1.086609
1.082748
1.087356
1.084895
1.078946
1.072430
1.066351
1.061882
1.068553
1.067242
1.063036
1.055768
1.050375
1.044842
1.038915
1.030980
1.023992
1.033759
1.031370
1.035665
1.031682
1.027907
1.021787
1.034768
1.031066
1.037738
1.033463
1.030879
1.028122
1.040381
1.038232
1.046499
1.043596
1.041033
1.049947
1.052731
1.059271
1.054853
1.053782
1.052391
1.060641
1.070682
1.074052
1.070521
1.072341
1.074097
1.079198
1.092432
1.091452
1.090462
1.091807
1.093982
1.100459
1.110944
1.109601
1.106898
1.108966
1.115237
1.123598
1.127872
1.126470
1.123785
1.125029
1.134742
1.140910
1.143184
1.140759
1.136402
1.139303
1.150393
1.155472
1.155636
1.152299
1.144956
1.149830
1.162782
1.166487
1.164423
1.149479
1.165189
1.198210
1.202636
1.199083
1.189873
1.179643
1.200230
1.207920
1.204711
1.187800
1.187803
1.207861
1.213145
1.206726
1.182715
1.224952
1.205223
1.228224
1.236526
1.239859
1.236538
1.241680
1.224739
1.231981
1.240740
1.242924
1.242454
1.240108
1.227161
1.238120
1.242552
1.243068
1.243307
1.238725
1.232966
1.240829
1.241677
1.241628
1.240377
1.236101
1.235614
1.238778
1.238220
1.237013
1.229747
1.210305
1.207318
1.206990
1.205142
1.204940
1.205304
1.200477
1.202819
1.203485
1.202720
1.203377
1.199629
1.193757
1.201985
1.200396
1.200418
1.199332
1.185592
1.186177
1.194972
1.190801
1.188661
1.179922
1.160433
1.173801
1.172849
1.167441
1.160857
1.144142
1.130913
1.141614
1.133924
1.125380
1.110470
1.091497
1.082237
1.082641
1.072789
1.062154
1.052721
1.041350
1.039938
1.040002
1.031439
1.025303
1.018012
1.009727
1.010779
1.008137
1.007822
1.009590
1.008934
1.013528
1.020806
1.025307
1.029763
1.029328
1.036966
1.056871
1.065428
1.065719
1.056046
1.048891
1.067421
1.089832
1.092892
1.076088
1.086843
1.076161
1.102818
1.122918
1.112078
1.129636
1.125911
1.124206
1.141834
1.140245
1.155496
1.163030
1.156330
1.158449
1.166710
1.173221
1.185912
1.184278
1.179282
1.186107
1.187579
1.195854
1.198689
1.195803
1.191247
1.194445
1.195773
1.200097
1.201352
1.197907
1.197348
1.197141
1.199352
1.200625
1.201445
1.196844
1.196746
1.197218
1.200184
1.200024
1.195510
1.195466
1.194134
1.198319
1.197637
1.193313
1.196443
1.221094
1.218205
1.220564
1.223143
1.222753
1.221496
1.219737
1.221516
1.225802
1.223984
1.221216
1.220487
1.221195
1.225402
1.224851
1.224614
1.224086
1.224638
1.227077
1.225782
1.224535
1.225354
1.227142
1.227680
1.228274
1.228271
1.228820
1.228374
1.228157
1.228512
1.229610
1.230031
1.229422
1.230200
1.229654
1.230844
1.230332
1.229739
1.228910
1.229753
1.230057
1.229152
1.228732
1.227925
1.228635
1.227889
1.226860
1.226876
1.225766
1.227294
1.227030
1.226565
1.226432
1.226085
1.225424
1.225144
1.224755
1.224388
1.224689
1.222036
1.221792
1.222540
1.222973
1.224113
1.223543
1.223602
1.218457
1.206251
1.199573
1.198569
1.197646
1.198480
1.199211
1.198480
1.198356
1.198902
1.199571
1.200217
1.199302
1.200556
1.201217
1.201460
1.201791
1.201237
1.203122
1.202282
1.203670
1.202859
1.203244
1.202893
1.203122
1.204170
1.203787
1.204010
1.203943
1.205263
1.205984
1.205651
1.206094
1.206318
1.206739
1.206766
1.207047
1.206438
1.207090
1.207536
1.207254
1.207331
1.207584
1.208835
1.208366
1.208342
1.209121
1.208851
1.209977
1.209263
1.209685
1.208429
1.209562
1.209193
1.209831
1.210431
1.210146
1.210482
1.210486
1.211149
1.211323
1.211971
1.211858
1.211377
1.211826
1.212067
1.212741
1.212000
1.213285
1.213300
1.214105
1.213887
1.213256
1.213697
1.214086
1.214980
1.214776
1.214682
1.215054
1.215209
1.215506
1.215401
1.215177
1.216246
1.217111
1.216936
1.216680
1.216598
1.216672
1.217313
1.216726
1.216765
1.216648
1.217722
1.216548
1.217024
1.217487
1.217200
1.218454
1.217493
1.217830
1.217506
1.217861
1.217123
1.217182
1.217280
1.217622
1.218178
1.217124
1.217140
1.217418
1.218531
1.235384
1.244481
1.244826
1.244871
1.245816
1.245276
1.245743
1.245760
1.246012
1.246076
1.246079
1.245644
1.245441
1.247144
1.247177
1.246075
1.246416
1.245070
1.245340
1.246743
1.245396
1.245081
1.246498
1.245635
1.245965
1.246459
1.246423
1.247025
1.246164
1.246777
1.245669
1.247726
1.246855
1.245819
1.246796
1.246578
1.248728
1.247905
1.247536
1.246205
1.248049
1.246724
1.248130
1.246815
1.246364
1.246933
1.248374
1.249531
1.249453
1.249113
1.247762
1.248007
1.248803
1.249071
1.250218
1.248573
1.249036
1.250059
1.251313
1.251519
1.250765
1.249800
1.249644
1.251603
1.251799
1.251467
1.250144
1.248740
1.250644
1.251945
1.251105
1.246639
1.236418
1.224015
1.223795
1.224180
1.224129
1.225470
1.224592
1.224086
1.224478
1.225436
1.224862
1.224962
1.224412
1.225176
1.227996
1.225796
1.225757
1.225155
1.225502
1.226683
1.226609
1.225921
1.226574
1.226460
1.226212
1.226251
1.226369
1.226594
1.226314
1.226260
1.226356
1.227171
1.227649
1.226820
1.226244
1.226265
1.226805
1.226060
1.225978
1.226706
1.226680
1.227734
1.227416
1.226926
1.227433
1.227343
1.227834
1.227012
1.227437
1.226987
1.227556
1.227182
1.226919
1.227603
1.227625
1.227949
1.228124
1.227201
1.228049
1.228651
1.228393
1.227656
1.226462
1.226608
1.226789
1.226130
1.226677
1.226571
1.226431
1.226231
1.225744
1.226531
1.225624
1.227145
1.226171
1.225749
1.225404
1.227095
1.227090
1.227112
1.228395
1.227456
1.228197
1.226653
1.227517
1.227814
1.229290
1.228960
1.228446
1.228850
1.228763
1.229303
1.229549
1.230013
1.229957
1.230171
1.230034
1.230304
1.230721
1.230283
1.230263
1.229056
1.228985
1.229774
1.230568
1.230454
1.230722
1.229793
1.229346
1.230822
1.242841
1.257918
1.259432
1.259685
1.260287
1.259684
1.259955
1.259983
1.260243
1.259566
1.260341
1.259126
1.258857
1.259468
1.259831
1.259618
1.258814
1.261104
1.260289
1.259868
1.261003
1.261368
1.261106
1.260182
1.259876
1.260203
1.261074
1.260698
1.262156
1.261003
1.261016
1.261854
1.261494
1.261286
1.260732
1.261649
1.261020
1.261257
1.260926
1.260536
1.261208
1.260623
1.260511
1.260808
1.261306
1.261321
1.260823
1.260366
1.260895
1.260501
1.261222
1.261479
1.260453
1.261697
1.262286
1.261413
1.260791
1.260664
1.262043
1.261398
1.261033
1.261360
1.261550
1.262767
1.262169
1.261662
1.261516
1.262612
1.262038
1.261773
1.261908
1.258785
1.251578
1.235101
1.233848
1.233823
1.234893
1.234396
1.233258
1.235083
1.234688
1.235101
1.233792
1.233823
1.233795
1.234750
1.234888
1.233956
1.234106
1.234047
1.234758
1.233387
1.233147
1.232216
1.232473
1.233804
1.232184
1.234478
1.232666
1.234554
1.234211
1.234185
1.234485
1.234458
1.235448
1.235013
1.234764
1.234722
1.235914
1.235014
1.234587
1.234339
1.234372
1.234292
1.233739
1.234297
1.233937
1.234337
1.233858
1.233550
1.233223
1.233447
1.234732
1.234273
1.234851
1.233630
1.234611
1.234661
1.233883
1.234148
1.233780
1.234259
1.234019
1.234906
1.233801
1.234561
1.234905
1.234379
1.234097
1.234151
1.234925
1.234300
1.234249
1.233521
1.233539
1.234362
1.233097
1.233240
1.233068
1.234305
1.232834
1.233306
1.233487
1.233357
1.233683
1.233205
1.233001
1.233218
1.234157
1.233279
1.232991
1.233160
1.233882
1.234409
1.234043
1.233914
1.233503
1.234466
1.233972
1.233675
1.233444
1.233613
1.234604
1.233518
1.233021
1.232404
1.233058
1.232994
1.232787
1.232280
1.232216
1.233114
1.232450
1.232717
1.232030
1.232219
1.232979
1.239066
1.258917
1.259460
1.260921
1.260033
1.260304
1.260400
1.261025
1.261355
1.260606
1.260511
1.260080
1.261293
1.260994
1.260793
1.260936
1.260267
1.260214
1.258180
1.257345
1.258342
1.258274
1.259027
1.258900
1.258237
1.258603
1.259434
1.259868
1.259655
1.259588
1.259724
1.259154
1.259480
1.259102
1.259380
1.259673
1.258958
1.259049
1.258312
1.258849
1.259157
1.258582
1.258636
1.258663
1.259303
1.258874
1.258309
1.258733
1.257896
1.259041
1.258696
1.258926
1.259099
1.259783
1.258652
1.258599
1.258729
1.257849
1.258543
1.257678
1.258458
1.258295
1.258588
1.258462
1.258798
1.258649
1.259475
1.259279
1.258997
1.259593
1.259227
1.257548
1.250104
1.232666
1.230115
1.230134
1.229993
1.229897
1.230648
1.229711
1.229760
1.229251
1.229457
1.229315
1.229053
1.230782
1.229771
1.229559
1.228967
1.228620
1.228718
1.228598
1.228528
1.227731
1.228029
1.227226
1.226760
1.225728
1.224368
1.223903
1.223678
1.225199
1.225595
1.224194
1.224286
1.224537
1.225633
1.224602
1.224257
1.223777
1.224304
1.223939
1.223673
1.224285
1.224273
1.224983
1.224577
1.223971
1.223826
1.223682
1.223520
1.223858
1.224217
1.224613
1.225660
1.224482
1.221966
1.222419
1.223009
1.223863
1.224235
1.223820
1.221365
1.222070
1.222731
1.222597
1.223274
1.223006
1.218964
1.220140
1.219329
1.221564
1.222238
1.220393
1.217174
1.220037
1.219973
1.219295
1.221502
1.221669
1.218964
1.219751
1.221348
1.219440
1.221396
1.219004
1.218147
1.218808
1.218047
1.216340
1.215531
1.213886
1.211402
1.211807
1.209856
1.207803
1.204028
1.202869
1.201915
1.201226
1.200891
1.201233
1.200060
1.201923
1.224708
1.226253
1.226479
1.225388
1.224375
1.223524
1.224154
1.222283
1.221129
1.223934
1.224852
1.226542
1.228459
1.229216
1.229680
1.230967
1.230878
1.230617
1.231175
1.231478
1.232904
1.232753
1.232727
1.234093
1.236640
1.239043
1.239529
1.241087
1.241732
1.243011
1.244097
1.245114
1.245769
1.246052
1.247303
1.247238
1.247351
1.247419
1.248241
1.247618
1.247503
1.247190
1.247643
1.248603
1.248248
1.248287
1.248203
1.248788
1.248326
1.247529
1.248454
1.247525
1.248580
1.248461
1.248235
1.248078
1.248652
1.248449
1.247953
1.246564
1.247258
1.247467
1.241110
1.226084
1.219869
1.219863
1.220456
1.220624
1.221053
1.220668
1.222187
1.221351
1.220807
1.223235
1.221729
1.223961
1.223022
1.223511
1.223592
1.225107
1.224690
1.225171
1.224686
1.224542
1.225309
1.224677
1.224520
1.225361
1.225017
1.224641
1.224781
1.224170
1.225272
1.225792
1.225140
1.225243
1.224559
1.225768
1.225542
1.225144
1.226664
1.225996
1.226427
1.226435
1.225769
1.225427
1.225646
1.226286
1.226491
1.226499
1.226279
1.226530
1.226380
1.224956
1.225698
1.226705
1.226571
1.226623
1.227034
1.227350
1.227193
1.227107
1.227174
1.226925
1.227641
1.229184
1.227861
1.227357
1.227015
1.227156
1.227383
1.227937
1.227148
1.228552
1.228747
1.227095
1.227271
1.226745
1.227931
1.226904
1.227648
1.227594
1.228187
1.228473
1.227552
1.226541
1.227081
1.227323
1.226764
1.227591
1.227028
1.227129
1.228198
1.227613
1.228747
1.228042
1.227851
1.227411
1.227499
1.228883
1.228268
1.228327
1.248763
1.256285
1.256110
1.256945
1.256487
1.256618
1.255566
1.254224
1.253414
1.254944
1.255978
1.256138
1.255009
1.256385
1.255865
1.256040
1.256177
1.256534
1.256189
1.256389
1.256865
1.256230
1.257250
1.257250
1.257901
1.257342
1.256803
1.256909
1.256831
1.256574
1.256847
1.257068
1.256906
1.257969
1.257384
1.256818
1.256222
1.255144
1.254780
1.256036
1.255823
1.256030
1.255419
1.255148
1.255898
1.255223
1.255373
1.255721
1.256542
1.256550
1.256166
1.255791
1.255482
1.256722
1.256002
1.256056
1.255535
1.256587
1.256636
1.256311
1.256304
1.255742
1.256205
1.255983
1.255810
1.255919
1.255980
1.256444
1.250609
1.238855
1.228165
1.228549
1.227785
1.227883
1.228067
1.227853
1.228414
1.227884
1.227643
1.227661
1.228122
1.227765
1.227636
1.227598
1.227438
1.228554
1.227813
1.227975
1.227567
1.228953
1.228759
1.228645
1.228850
1.227696
1.228783
1.227908
1.227856
1.227605
1.227726
1.227642
1.227110
1.226196
1.226302
1.226599
1.225758
1.226694
1.226774
1.226743
1.226543
1.227696
1.228912
1.227912
1.228060
1.228766
1.229007
1.229500
1.228434
1.228599
1.228762
1.229187
1.229232
1.229266
1.229614
1.229428
1.229982
1.228980
1.229316
1.229203
1.229882
1.229603
1.230047
1.229455
1.229467
1.228970
1.228543
1.229070
1.228973
1.229435
1.229253
1.229379
1.228548
1.228151
1.228554
1.227664
1.228620
1.228475
1.228418
1.228176
1.228349
1.228306
1.228403
1.229272
1.229142
1.229050
1.229258
1.229844
1.230257
1.230180
1.229586
1.229907
1.229647
1.228719
1.228878
1.229428
1.229118
1.229665
1.229337
1.229454
1.229022
1.229284
1.229147
1.228192
1.228566
1.227391
1.229389
1.228737
1.228439
1.228933
1.229400
1.228598
1.229454
1.230159
1.244317
1.256114
1.256256
1.256292
1.256444
1.257232
1.256862
1.257553
1.257170
1.255314
1.256156
1.255673
1.256760
1.256824
1.256778
1.258389
1.256842
1.254582
1.256148
1.255006
1.255096
1.255543
1.255806
1.256087
1.255631
1.255474
1.255594
1.254888
1.255088
1.255097
1.255286
1.255460
1.255292
1.256377
1.255895
1.255730
1.255956
1.256309
1.256670
1.256077
1.255977
1.255937
1.257189
1.256912
1.256011
1.256601
1.256427
1.256540
1.255737
1.255343
1.256197
1.255867
1.252080
1.242843
1.229028
1.229194
1.228889
1.228352
1.228867
1.229792
1.229205
1.229149
1.228831
1.229794
1.229082
1.228994
1.229673
1.229662
1.229261
1.228997
1.229504
1.229039
1.229976
1.229222
1.229247
1.229343
1.229386
1.229349
1.228980
1.228498
1.229065
1.228588
1.228196
1.228910
1.227894
1.228054
1.227824
1.227933
1.227937
1.228681
1.229188
1.227900
1.227803
1.228613
1.228531
1.228454
1.227919
1.228587
1.227990
1.227797
1.227716
1.228015
1.228476
1.228529
1.228750
1.228621
1.227688
1.227248
1.228351
1.227670
1.227587
1.227700
1.227350
1.228123
1.227547
1.228713
1.228861
1.228679
1.229597
1.228846
1.228821
1.228599
1.230007
1.229982
1.228898
1.228394
1.228964
1.228660
1.227726
1.227950
1.227550
1.228620
1.227961
1.228162
1.227604
1.227537
1.227762
1.227891
1.227697
1.226532
1.228747
1.228619
1.229481
1.230014
1.239206
1.256912
1.256489
1.256679
1.256509
1.257411
1.256425
1.257815
1.257290
1.256843
1.257625
1.257477
1.257494
1.256524
1.256954
1.257103
1.256733
1.256488
1.256162
1.256571
1.256104
1.255941
1.256488
1.256623
1.257294
1.256008
1.256002
1.255187
1.256229
1.255669
1.256517
1.257142
1.257372
1.257179
1.257141
1.256884
1.256998
1.257060
1.253954
1.254300
1.254833
1.254022
1.253318
1.254730
1.255260
1.255218
1.255422
1.255360
1.256035
1.255963
1.255715
1.255742
1.257244
1.257807
1.256968
1.256738
1.255381
1.255791
1.255105
1.255581
1.254590
1.256224
1.256051
1.256135
1.255314
1.255119
1.256233
1.256389
1.253036
1.245500
1.230429
1.228804
1.228468
1.228082
1.228300
1.228860
1.227943
1.227490
1.227718
1.227816
1.227834
1.228028
1.228518
1.228027
1.228616
1.227986
1.228117
1.228412
1.229382
1.229324
1.229428
1.229023
1.228435
1.229242
1.228471
1.228165
1.228931
1.228464
1.229098
1.229201
1.227775
1.227561
1.228288
1.227936
1.227621
1.227239
1.227389
1.227752
1.227755
1.227561
1.227276
1.227857
1.227486
1.227744
1.227570
1.227389
1.228570
1.228220
1.228285
1.227375
1.228220
1.228314
1.227889
1.227493
1.227540
1.228708
1.228223
1.228393
1.228011
1.228442
1.228748
1.227884
1.227822
1.227304
1.228653
1.227243
1.227471
1.228281
1.227616
1.228186
1.227759
1.227438
1.227348
1.228169
1.227902
1.227164
1.227316
1.227134
1.227210
1.226733
1.226213
1.225852
1.226706
1.226144
1.226965
1.226918
1.226963
1.227918
1.227493
1.227676
1.227029
1.227782
1.227319
1.227345
1.227632
1.226943
1.228102
1.227120
1.226684
1.226850
1.227098
1.227018
1.226731
1.226178
1.225964
1.226557
1.225767
1.225569
1.225427
1.225438
1.226075
1.226062
1.225882
1.225458
1.230647
1.251402
1.252598
1.252687
1.252635
1.253343
1.252865
1.252962
1.252753
1.253561
1.253142
1.253512
1.253489
1.253033
1.254005
1.253178
1.252096
1.251482
1.253494
1.253271
1.253017
1.253396
1.251702
1.253619
1.253356
1.253168
1.253029
1.253931
1.253600
1.253088
1.252964
1.252893
1.253585
1.253633
1.253960
1.253709
1.253881
1.253790
1.253411
1.253115
1.252692
1.253221
1.253147
1.252850
1.252813
1.252239
1.251435
1.251639
1.250077
1.251280
1.252411
1.251565
1.252010
1.251538
1.251583
1.252068
1.251696
1.252913
1.252735
1.253278
1.252669
1.252812
1.252711
1.252754
1.251688
1.251312
1.251719
1.251664
1.252207
1.252022
1.251235
1.250622
1.244370
1.229022
1.224483
1.224265
1.223832
1.223466
1.224270
1.224155
1.224241
1.223793
1.224607
1.223744
1.223441
1.223125
1.223165
1.223534
1.223475
1.223170
1.223291
1.224108
1.223624
1.223608
1.223317
1.222284
1.223114
1.221887
1.222296
1.223000
1.223729
1.222858
1.221709
1.222048
1.221821
1.222829
1.223007
1.223009
1.222547
1.223193
1.222525
1.222003
1.222208
1.221882
1.222478
1.221740
1.222108
1.222231
1.223224
1.221648
1.221736
1.222298
1.221607
1.223015
1.222517
1.222399
1.222299
1.222261
1.222529
1.221728
1.221787
1.221351
1.222908
1.222894
1.222718
1.222638
1.223185
1.224265
1.222616
1.221953
1.221069
1.221311
1.220687
1.220902
1.221501
1.222053
1.222581
1.221992
1.221557
1.222078
1.222018
1.221747
1.222233
1.222079
1.222154
1.222598
1.221407
1.221260
1.221192
1.222765
1.223159
1.223071
1.222433
1.222877
1.223556
1.223235
1.223657
1.223519
1.223678
1.223618
1.222541
1.223411
1.223298
1.225031
1.223839
1.224036
1.223744
1.224205
1.223537
1.223069
1.222604
1.221921
1.223226
1.222914
1.223313
1.223605
1.224295
1.224654
1.245202
1.249037
1.249757
1.250579
1.249961
1.250684
1.250744
1.249915
1.249641
1.250824
1.248586
1.247907
1.248845
1.249202
1.249382
1.249852
1.250079
1.251190
1.249647
1.249027
1.250150
1.249782
1.250418
1.250461
1.250005
1.249912
1.250248
1.249484
1.250197
1.250021
1.251041
1.250782
1.249760
1.250386
1.251017
1.252665
1.251607
1.250775
1.250477
1.249128
1.250537
1.251624
1.251903
1.250524
1.250843
1.249639
1.249748
1.250957
1.250842
1.251833
1.251699
1.249282
1.249187
1.250739
1.251152
1.250620
1.250718
1.249423
1.249115
1.248689
1.250503
1.250925
1.252017
1.251127
1.248975
1.249397
1.250503
1.251479
1.250947
1.251243
1.249736
1.243939
1.232182
1.224372
1.223981
1.224462
1.224146
1.222437
1.222805
1.223395
1.223363
1.224059
1.223756
1.222486
1.222357
1.223875
1.223803
1.224590
1.223903
1.223829
1.223859
1.223738
1.224499
1.224324
1.225339
1.224760
1.223561
1.223880
1.224365
1.225381
1.225346
1.225230
1.224174
1.224687
1.224583
1.225048
1.225632
1.225628
1.226128
1.224875
1.225197
1.225442
1.226034
1.226090
1.225931
1.224821
1.225268
1.226456
1.227233
1.227276
1.227371
1.226658
1.226350
1.226332
1.227064
1.227884
1.227516
1.227243
1.226680
1.227384
1.227819
1.228324
1.228384
1.228223
1.226220
1.228447
1.227986
1.228664
1.228050
1.227577
1.227675
1.227131
1.227590
1.227496
1.228054
1.227891
1.226365
1.226743
1.226850
1.227705
1.227242
1.228496
1.226913
1.227407
1.227198
1.226987
1.227466
1.227908
1.228740
1.228373
1.228722
1.228898
1.229441
1.231104
1.228980
1.229718
1.230375
1.230152
1.229794
1.229272
1.228993
1.229731
1.230048
1.230688
1.230643
1.230846
1.230997
1.230164
1.229085
1.229798
1.230094
1.230699
1.229779
1.229079
1.228979
1.230195
1.230184
1.248288
1.257625
1.256107
1.257277
1.257585
1.257452
1.258174
1.258234
1.257531
1.256875
1.256782
1.256604
1.258162
1.258357
1.257521
1.256822
1.257219
1.257704
1.257718
1.257907
1.257272
1.257286
1.256469
1.257131
1.257623
1.257206
1.258273
1.256677
1.255829
1.256206
1.257198
1.257239
1.257800
1.256765
1.257544
1.256713
1.256855
1.256806
1.256139
1.256939
1.255729
1.254638
1.254707
1.254684
1.255363
1.254707
1.253930
1.253441
1.254156
1.254644
1.255075
1.254349
1.254573
1.254123
1.253797
1.253879
1.254203
1.255102
1.255410
1.254806
1.253765
1.252824
1.253541
1.253974
1.253969
1.253642
1.253420
1.253138
1.252727
1.254020
1.253351
1.249237
1.238410
1.226478
1.226222
1.225680
1.225843
1.225545
1.225523
1.225348
1.226186
1.225700
1.225396
1.224974
1.224844
1.225982
1.225620
1.225261
1.225888
1.225390
1.225597
1.225606
1.224467
1.224152
1.224759
1.225310
1.225201
1.225484
1.225975
1.226139
1.225648
1.225349
1.224725
1.225433
1.225127
1.225250
1.224986
1.225521
1.226058
1.225315
1.225580
1.225201
1.225291
1.225721
1.225254
1.224543
1.224902
1.225196
1.224668
1.224815
1.225319
1.225210
1.223541
1.223748
1.223343
1.224626
1.226691
1.225804
1.225533
1.225024
1.225972
1.225637
1.225818
1.225620
1.225603
1.226034
1.226026
1.225872
1.226513
1.226376
1.226064
1.225964
1.225926
1.225929
1.226835
1.226634
1.226564
1.226400
1.226609
1.226240
1.226203
1.225996
1.225654
1.226504
1.226346
1.226407
1.226242
1.226642
1.226798
1.226431
1.227165
1.227187
1.227192
1.227954
1.227748
1.227427
1.227576
1.228208
1.227584
1.226860
1.227384
1.228634
1.228510
1.228399
1.227492
1.227077
1.227390
1.226773
1.226311
1.226202
1.227089
1.226277
1.225851
1.226392
1.226737
1.227380
1.226138
1.238102
1.252674
1.253392
1.254045
1.253186
1.253582
1.252922
1.253939
1.252767
1.252923
1.253445
1.253434
1.254499
1.254144
1.253534
1.252756
1.254200
1.253489
1.253728
1.253491
1.253130
1.253314
1.252884
1.252296
1.251869
1.252362
1.251836
1.250561
1.250725
1.250541
1.251626
1.250292
1.251538
1.250296
1.251826
1.251151
1.250521
1.250131
1.250826
1.252131
1.250445
1.251200
1.251346
1.251239
1.250647
1.250739
1.251092
1.251492
1.252078
1.252210
1.251648
1.252111
1.252597
1.252839
1.253055
1.253504
1.253300
1.253576
1.254051
1.253501
1.253634
1.253959
1.254467
1.254285
1.255482
1.254792
1.255754
1.255819
1.256227
1.256108
1.255669
1.252941
1.244596
1.228499
1.227580
1.228771
1.229109
1.228358
1.227922
1.228277
1.228991
1.229109
1.229867
1.228566
1.230110
1.230205
1.229591
1.228928
1.228505
1.229680
1.228274
1.229314
1.228831
1.229888
1.229014
1.229026
1.228207
1.227786
1.229779
1.229488
1.228569
1.230386
1.229342
1.229513
1.229670
1.228812
1.228394
1.229371
1.228597
1.228068
1.228359
1.227294
1.228268
1.227646
1.226436
1.226766
1.228141
1.227108
1.227227
1.227531
1.227357
1.228319
1.227575
1.226902
1.226813
1.228012
1.228998
1.227532
1.227598
1.227420
1.227905
1.227498
1.228509
1.227635
1.228126
1.228091
1.227558
1.228372
1.227770
1.229789
1.228694
1.228722
1.228107
1.227010
1.224980
1.225432
1.225760
1.226311
1.227943
1.226505
1.226376
1.227042
1.226744
1.226940
1.226991
1.226767
1.226539
1.226749
1.227187
1.226712
1.226587
1.226382
1.227322
1.227025
1.227397
1.227174
1.227555
1.227323
1.226527
1.226432
1.227181
1.228538
1.228189
1.228185
1.227987
1.228271
1.228161
1.227226
1.226254
1.226708
1.228373
1.226626
1.225862
1.225924
1.226978
1.227630
1.227325
1.233742
1.253337
1.256276
1.253964
1.254205
1.254397
1.254140
1.253930
1.253266
1.253207
1.252705
1.253372
1.253445
1.252876
1.252354
1.251859
1.252164
1.251278
1.250991
1.251524
1.251456
1.251352
1.251855
1.251128
1.250829
1.251554
1.251938
1.251227
1.251060
1.251414
1.251045
1.250811
1.251182
1.250889
1.251422
1.250852
1.251057
1.250776
1.251007
1.251042
1.250292
1.250366
1.250415
1.250940
1.250485
1.250514
1.250882
1.250997
1.251155
1.251180
1.252019
1.251141
1.252840
1.251201
1.251646
1.252342
1.251745
1.252085
1.251808
1.251755
1.251962
1.251664
1.250685
1.251712
1.251001
1.252709
1.252465
1.251373
1.252306
1.252364
1.253337
1.251411
1.244487
1.228334
1.226052
1.225693
1.225277
1.225129
1.224709
1.226733
1.225551
1.225294
1.226820
1.226330
1.226107
1.225798
1.225017
1.226324
1.226696
1.226130
1.226855
1.225645
1.226177
1.225887
1.224886
1.224762
1.225699
1.226363
1.227317
1.226113
1.225632
1.225923
1.226931
1.224873
1.224712
1.225635
1.225769
1.225946
1.224444
1.224669
1.225486
1.226246
1.224366
1.224985
1.226496
1.225611
1.226282
1.225359
1.225329
1.225494
1.227162
1.225846
1.224801
1.225604
1.225372
1.226948
1.226225
1.225725
1.226779
1.226661
1.225797
1.225437
1.224957
1.226066
1.226739
1.225874
1.225851
1.226510
1.226471
1.227015
1.225357
1.226063
1.226212
1.226532
1.225644
1.225230
1.225878
1.225502
1.225541
1.224096
1.225224
1.224633
1.226451
1.224805
1.224237
1.225165
1.225020
1.225747
1.224579
1.225021
1.224870
1.225473
1.224592
1.223475
1.224749
1.224448
1.225002
1.224180
1.224051
1.224753
1.225451
1.224955
1.224414
1.224770
1.224325
1.225287
1.224614
1.223891
1.223484
1.223359
1.223873
1.224011
1.223713
1.223770
1.224319
1.224061
1.224329
1.226580
1.248848
1.251940
1.251728
1.251180
1.251480
1.252329
1.252425
1.253279
1.252842
1.253160
1.253989
1.253245
1.253769
1.253771
1.255017
1.253387
1.253527
1.253914
1.253731
1.254328
1.254051
1.254110
1.253896
1.254588
1.253703
1.253628
1.253960
1.253441
1.253894
1.253312
1.252498
1.252789
1.253399
1.252970
1.252253
1.251866
1.250847
1.251321
1.251155
1.251401
1.251071
1.250512
1.250184
1.249692
1.249860
1.249952
1.250018
1.249126
1.249794
1.250440
1.250094
1.250448
1.249175
1.248423
1.249545
1.249874
1.248708
1.249114
1.248429
1.248816
1.249535
1.248478
1.248305
1.248409
1.250486
1.248803
1.249599
1.250709
1.251172
1.251808
1.250364
1.244240
1.230798
1.226197
1.225682
1.225052
1.226121
1.225810
1.226504
1.224878
1.224306
1.225410
1.226142
1.226392
1.225548
1.225899
1.226252
1.227925
1.227053
1.226496
1.226382
1.227586
1.227288
1.226001
1.226146
1.226225
1.227992
1.226572
1.225355
1.224750
1.225074
1.226100
1.224804
1.224918
1.223317
1.226250
1.225417
1.224809
1.224801
1.225213
1.227424
1.225702
1.225498
1.224408
1.227181
1.226830
1.225584
1.222990
1.222857
1.226255
1.224263
1.224957
1.224263
1.226465
1.227027
1.226577
1.226233
1.226190
1.227409
1.226865
1.226542
1.225598
1.227800
1.229060
1.227358
1.226833
1.226433
1.228443
1.228546
1.228164
1.227838
1.228915
1.229702
1.227959
1.227223
1.226319
1.228405
1.228255
1.227820
1.227573
1.227511
1.228139
1.226598
1.226395
1.225851
1.227165
1.227887
1.227320
1.227136
1.227661
1.228557
1.227689
1.227960
1.227788
1.229157
1.228649
1.228218
1.228051
1.228401
1.228913
1.228790
1.228806
1.228256
1.228294
1.229464
1.228796
1.228794
1.228297
1.228060
1.228586
1.228320
1.228493
1.227101
1.228764
1.228160
1.228441
1.228561
1.249574
1.256279
1.255889
1.255816
1.255959
1.256274
1.256293
1.256246
1.256058
1.256791
1.256862
1.256685
1.256599
1.256425
1.257278
1.256370
1.256400
1.256429
1.257331
1.257308
1.257070
1.256968
1.256463
1.256859
1.256583
1.256676
1.256093
1.257023
1.256436
1.256331
1.256418
1.255896
1.255942
1.255542
1.255469
1.255191
1.255649
1.256350
1.255271
1.255630
1.254864
1.254711
1.254255
1.254588
1.254445
1.254643
1.255209
1.254559
1.254928
1.254704
1.254846
1.254061
1.254418
1.253776
1.253387
1.254627
1.254143
1.253723
1.253484
1.253592
1.252754
1.252501
1.252738
1.252428
1.254712
1.254311
1.253459
1.253951
1.253749
1.252955
1.252542
1.246808
1.235594
1.227221
1.226611
1.226164
1.226123
1.226111
1.225178
1.224521
1.224209
1.224054
1.225491
1.224766
1.224649
1.225053
1.224000
1.224138
1.223014
1.223245
1.222147
1.222591
1.222870
1.223492
1.223740
1.223915
1.224176
1.222528
1.221316
1.220922
1.221975
1.223683
1.224037
1.222423
1.222377
1.223781
1.222449
1.221675
1.221550
1.221610
1.223547
1.224263
1.223757
1.223038
1.223853
1.222275
1.221374
1.221209
1.220850
1.221815
1.222059
1.222598
1.223695
1.224016
1.222909
1.222283
1.222479
1.221862
1.220760
1.222032
1.222437
1.222157
1.222854
1.222713
1.221513
1.220616
1.220671
1.220831
1.221252
1.221730
1.220933
1.221452
1.221677
1.220531
1.219711
1.219689
1.219454
1.219054
1.219466
1.219446
1.219843
1.219572
1.217294
1.217945
1.217195
1.217046
1.217775
1.219071
1.220121
1.220105
1.219674
1.218672
1.218316
1.218956
1.219739
1.219425
1.221462
1.222166
1.221213
1.220028
1.218410
1.219673
1.219679
1.219825
1.219521
1.219856
1.221624
1.221086
1.221160
1.219438
1.219282
1.218496
1.218716
1.219063
1.219643
1.221068
1.221200
1.234891
1.244873
1.245311
1.244028
1.245444
1.245495
1.246161
1.248325
1.247635
1.247051
1.245838
1.246096
1.246617
1.246822
1.247268
1.246581
1.247467
1.247338
1.248180
1.246918
1.246643
1.246846
1.247692
1.247138
1.246933
1.247535
1.248533
1.249215
1.247472
1.248077
1.247827
1.248005
1.247774
1.247349
1.249503
1.249050
1.249544
1.248247
1.249282
1.249330
1.249246
1.248965
1.248414
1.249887
1.250164
1.250626
1.250165
1.250098
1.250307
1.249920
1.250125
1.248719
1.251091
1.250716
1.251342
1.251158
1.250719
1.251225
1.251675
1.252544
1.250993
1.251780
1.251962
1.252027
1.252886
1.252617
1.252812
1.252748
1.253094
1.252149
1.253581
1.249880
1.240909
1.227634
1.226569
1.226843
1.226276
1.228017
1.226771
1.227086
1.226691
1.226022
1.227228
1.227325
1.226771
1.226094
1.226992
1.227014
1.227319
1.227769
1.227796
1.227985
1.227335
1.226919
1.227022
1.227671
1.227536
1.227776
1.226511
1.226031
1.226923
1.227180
1.227212
1.227288
1.227280
1.226571
1.225244
1.225476
1.225940
1.227054
1.225392
1.225967
1.226884
1.226998
1.227135
1.226354
1.226527
1.226279
1.228009
1.227431
1.226915
1.226987
1.226124
1.226460
1.225865
1.226923
1.227566
1.227893
1.227552
1.225561
1.226901
1.227790
1.227683
1.225573
1.226227
1.225706
1.225900
1.226150
1.226264
1.227328
1.227940
1.227645
1.227599
1.227790
1.228102
1.228337
1.228350
1.227948
1.228614
1.228926
1.229400
1.227797
1.228489
1.227484
1.228117
1.228294
1.227791
1.226870
1.226866
1.227982
1.229158
1.229629
1.229500
1.228858
1.230407
1.229494
1.228806
1.229867
1.230603
1.229503
1.229342
1.229424
1.229708
1.231267
1.230333
1.229568
1.229257
1.230195
1.229940
1.229792
1.229507
1.228933
1.229352
1.229395
1.229959
1.229573
1.229750
1.238620
1.256367
1.257204
1.257970
1.257577
1.256988
1.257085
1.257489
1.257769
1.258197
1.257703
1.257304
1.256782
1.257533
1.255782
1.255586
1.254898
1.255698
1.254961
1.256098
1.256229
1.256250
1.257100
1.256109
1.255874
1.256353
1.256869
1.257468
1.256796
1.256513
1.256071
1.257848
1.257993
1.257527
1.257026
1.256424
1.257228
1.257914
1.257902
1.256999
1.257005
1.256136
1.256221
1.257143
1.257071
1.257473
1.256010
1.255881
1.256554
1.256666
1.257811
1.257560
1.256772
1.256789
1.257876
1.258256
1.258224
1.257839
1.257101
1.257548
1.258128
1.258541
1.258298
1.258710
1.257170
1.257330
1.258051
1.258134
1.258776
1.257957
1.256989
1.254658
1.249443
1.232297
1.230694
1.230653
1.229216
1.230831
1.230575
1.230013
1.230430
1.230962
1.229934
1.229658
1.230388
1.230342
1.231086
1.230296
1.229529
1.229154
1.230561
1.230761
1.230599
1.230768
1.229761
1.230022
1.229911
1.230506
1.229943
1.230035
1.229592
1.228826
1.228890
1.229143
1.229574
1.229087
1.228396
1.228828
1.229227
1.229727
1.230359
1.231256
1.230459
1.230886
1.230984
1.230164
1.229867
1.229008
1.229529
1.228938
1.229707
1.229103
1.231237
1.230090
1.229112
1.228896
1.228676
1.231217
1.230892
1.229574
1.230986
1.230076
1.230427
1.229747
1.229432
1.229829
1.229129
1.227006
1.227689
1.228126
1.229145
1.229246
1.228338
1.227596
1.227755
1.228554
1.228539
1.229472
1.228514
1.227857
1.228812
1.227766
1.227717
1.227523
1.228856
1.227996
1.228790
1.227129
1.227847
1.228797
1.228702
1.227998
1.228545
1.229871
1.229867
1.229695
1.228908
1.228958
1.230084
1.228585
1.227910
1.228823
1.230180
1.229470
1.229085
1.229022
1.228466
1.230103
1.228042
1.227187
1.227933
1.228959
1.228963
1.228796
1.228883
1.228766
1.230040
1.233832
1.254611
1.256117
1.256857
1.257112
1.256457
1.256387
1.256605
1.257583
1.255060
1.253845
1.253888
1.255752
1.256284
1.255910
1.256279
1.255943
1.256832
1.255931
1.256108
1.256046
1.256294
1.257117
1.257248
1.256447
1.255398
1.257008
1.256493
1.255960
1.256588
1.256777
1.257237
1.256433
1.256613
1.256214
1.257337
1.257586
1.257787
1.257356
1.257218
1.258518
1.257417
1.257082
1.256652
1.256831
1.256812
1.256739
1.256449
1.256326
1.257586
1.257177
1.257025
1.257116
1.257245
1.257466
1.257204
1.257232
1.257028
1.258252
1.258210
1.258398
1.257952
1.257858
1.258338
1.258433
1.259405
1.258680
1.259325
1.259096
1.258978
1.259120
1.258316
1.252011
1.235012
1.231058
1.230779
1.232029
1.231594
1.231465
1.231273
1.230621
1.231059
1.230593
1.230184
1.229622
1.230465
1.230188
1.229963
1.230009
1.229913
1.230883
1.229783
1.230267
1.229823
1.230294
1.231104
1.230742
1.230950
1.230526
1.230659
1.229971
1.229938
1.229745
1.229872
1.230715
1.230093
1.230080
1.230112
1.230556
1.230511
1.231060
1.230284
1.230549
1.231117
1.230562
1.230892
1.230292
1.230040
1.230336
1.229633
1.229691
1.229758
1.230960
1.230509
1.229237
1.229702
1.229442
1.228526
1.229419
1.229314
1.229283
1.230821
1.230085
1.230063
1.229773
1.229166
1.230124
1.229210
1.229482
1.229573
1.230148
1.230624
1.230379
1.230191
1.229064
1.230620
1.229327
1.230140
1.229599
1.230801
1.230581
1.229389
1.229275
1.228054
1.229972
1.227618
1.227968
1.228622
1.230114
1.229302
1.230736
1.230986
1.230361
1.231605
1.230972
1.230512
1.229992
1.230254
1.230004
1.230784
1.230557
1.228700
1.230583
1.229192
1.228841
1.228526
1.229442
1.230060
1.230076
1.228760
1.229397
1.230316
1.228683
1.228079
1.226816
1.228424
1.228269
1.228269
1.250728
1.253360
1.254840
1.253942
1.253501
1.253562
1.254168
1.254371
1.253777
1.254833
1.254031
1.255774
1.255447
1.253983
1.254310
1.254518
1.255198
1.253586
1.253707
1.254168
1.254621
1.254399
1.253006
1.254133
1.255355
1.254269
1.251922
1.253036
1.252874
1.253653
1.254264
1.252495
1.252989
1.254062
1.254988
1.253707
1.254525
1.253949
1.254277
1.255283
1.253754
1.253839
1.253746
1.253580
1.252391
1.252739
1.252418
1.253497
1.254783
1.254062
1.253291
1.253341
1.253811
1.252518
1.252961
1.253391
1.253982
1.254646
1.254124
1.254030
1.254337
1.254607
1.253373
1.253430
1.254202
1.253735
1.254485
1.253855
1.253616
1.254302
1.253794
1.247029
1.233885
1.226435
1.226118
1.226538
1.225916
1.226537
1.226426
1.225396
1.224180
1.224463
1.224774
1.224524
1.224970
1.225463
1.225283
1.225090
1.224567
1.225244
1.225030
1.224950
1.224372
1.224879
1.224649
1.224461
1.224577
1.223419
1.223900
1.223996
1.223999
1.223688
1.224774
1.224751
1.224560
1.224753
1.223364
1.223897
1.224083
1.223861
1.223751
1.224602
1.224644
1.224086
1.224385
1.222545
1.223381
1.223611
1.224404
1.224145
1.224701
1.224979
1.224231
1.224293
1.222743
1.223462
1.224728
1.225159
1.224313
1.224324
1.225203
1.225492
1.224926
1.224476
1.224874
1.225369
1.225090
1.224350
1.223690
1.225281
1.224610
1.224011
1.223256
1.222438
1.222715
1.222404
1.222325
1.222354
1.223992
1.223949
1.223752
1.222802
1.222138
1.222177
1.222792
1.222753
1.221638
1.223744
1.224710
1.225433
1.225075
1.224649
1.224978
1.224939
1.224887
1.224383
1.225159
1.225092
1.225519
1.224934
1.224629
1.225039
1.225202
1.224833
1.224496
1.225259
1.225038
1.224918
1.224134
1.222992
1.223426
1.222971
1.223596
1.222614
1.223891
1.224262
1.224945
1.242710
1.250246
1.251361
1.250513
1.250566
1.250221
1.250840
1.251194
1.251074
1.251031
1.251117
1.250619
1.250528
1.250260
1.251271
1.251332
1.251386
1.251023
1.251629
1.251018
1.251204
1.251203
1.251457
1.251509
1.251804
1.252043
1.251553
1.251795
1.250708
1.250761
1.250290
1.250564
1.250782
1.251307
1.250863
1.251243
1.250776
1.250453
1.250066
1.249426
1.250091
1.250327
1.249855
1.252303
1.251616
1.252090
1.252094
1.252053
1.249636
1.250957
1.250622
1.251306
1.253013
1.251896
1.252994
1.252969
1.251755
1.250356
1.250420
1.251460
1.252043
1.251869
1.253060
1.253576
1.253731
1.252945
1.251372
1.250855
1.251239
1.250761
1.252099
1.247294
1.236402
1.224417
1.223313
1.224540
1.224941
1.225614
1.224735
1.225633
1.225625
1.225287
1.225147
1.224910
1.223474
1.223657
1.225021
1.225081
1.226607
1.226521
1.225805
1.226531
1.226751
1.224535
1.224008
1.225204
1.225647
1.226937
1.225909
1.226177
1.225018
1.225143
1.224401
1.223066
1.225276
1.225398
1.225628
1.227134
1.226264
1.226770
1.226463
1.226841
1.225467
1.226588
1.226310
1.226009
1.226243
1.226196
1.226208
1.226462
1.226622
1.225557
1.226080
1.225198
1.226279
1.227331
1.226995
1.227390
1.227084
1.227493
1.226047
1.226162
1.227534
1.227986
1.228935
1.228843
1.228656
1.228398
1.228577
1.227530
1.227866
1.227944
1.227698
1.228913
1.228180
1.227664
1.227514
1.228412
1.227721
1.228021
1.228398
1.228185
1.228513
1.228517
1.228226
1.226875
1.227728
1.227148
1.227974
1.228459
1.228677
1.229484
1.229104
1.229179
1.228794
1.229032
1.229094
1.228470
1.229166
1.229029
1.230185
1.229706
1.229749
1.229511
1.229063
1.228912
1.228030
1.227930
1.227653
1.228765
1.228432
1.227634
1.228771
1.228664
1.229088
1.228918
1.229152
1.241453
1.256309
1.257539
1.256912
1.257188
1.256416
1.257113
1.256649
1.257097
1.257126
1.257616
1.257702
1.257213
1.257024
1.256716
1.257682
1.257299
1.257291
1.257448
1.257765
1.258088
1.258166
1.257191
1.256618
1.257181
1.256656
1.256986
1.257153
1.257122
1.257751
1.257292
1.257219
1.256821
1.257450
1.256888
1.257079
1.256998
1.257201
1.257709
1.257409
1.257181
1.257344
1.258230
1.257429
1.257496
1.257737
1.257622
1.258383
1.257904
1.257452
1.257836
1.258045
1.258629
1.257783
1.257991
1.257604
1.258788
1.258819
1.257699
1.258017
1.257517
1.256928
1.257521
1.256629
1.257697
1.257905
1.257532
1.257510
1.256899
1.257106
1.257005
1.253939
1.246210
1.230697
1.230190
1.229758
1.230390
1.231084
1.231496
1.231630
1.230547
1.230635
1.230440
1.230988
1.230340
1.230814
1.230053
1.229449
1.230887
1.231206
1.230808
1.231591
1.232963
1.232233
1.232052
1.232396
1.231616
1.232120
1.231019
1.231201
1.231804
1.231092
1.232013
1.231103
1.231156
1.230183
1.231294
1.230687
1.230980
1.232472
1.231849
1.233450
1.232607
1.232322
1.231919
1.232313
1.231933
1.231332
1.231252
1.231029
1.232006
1.231534
1.230905
1.230635
1.231601
1.230553
1.231340
1.231035
1.231112
1.231194
1.230841
1.230755
1.229912
1.230626
1.230260
1.230691
1.231380
1.231303
1.231261
1.231428
1.231108
1.230508
1.230617
1.230069
1.229540
1.229671
1.229878
1.231055
1.230847
1.230847
1.231472
1.230886
1.230785
1.229475
1.227731
1.228809
1.229346
1.229480
1.230218
1.231054
1.230564
1.231558
1.230115
1.229947
1.231157
1.231672
1.231136
1.231870
1.231061
1.230941
1.231921
1.231633
1.231874
1.231852
1.232821
1.232216
1.231623
1.231250
1.230837
1.231121
1.230721
1.230351
1.230199
1.231067
1.230909
1.230754
1.231040
1.238556
1.258531
1.260037
1.259913
1.259847
1.260445
1.260282
1.260569
1.260021
1.259303
1.259587
1.258828
1.259581
1.259888
1.260346
1.261008
1.260568
1.260552
1.259599
1.260613
1.260560
1.260033
1.260511
1.260378
1.261244
1.260637
1.260656
1.260237
1.260492
1.260399
1.260199
1.259496
1.259369
1.259854
1.259641
1.260136
1.260151
1.260509
1.259739
1.260470
1.259975
1.259916
1.260670
1.259648
1.259295
1.258928
1.259460
1.259360
1.259020
1.259000
1.259012
1.259720
1.259684
1.259335
1.258919
1.259689
1.260154
1.260319
1.260585
1.260197
1.261204
1.260744
1.260565
1.260245
1.260679
1.260929
1.260473
1.260705
1.260104
1.261159
1.260828
1.259313
1.252483
1.234844
1.232812
1.232602
1.232353
1.232880
1.232989
1.232302
1.231783
1.231360
1.231658
1.232209
1.231360
1.231192
1.230993
1.231672
1.231596
1.231717
1.231522
1.231221
1.231804
1.231444
1.231421
1.231676
1.231800
1.232196
1.231958
1.232294
1.231095
1.232165
1.231837
1.232010
1.232411
1.232468
1.232613
1.232782
1.232870
1.232157
1.233248
1.232286
1.232464
1.232487
1.232686
1.232951
1.232113
1.232006
1.231716
1.232421
1.231921
1.231375
1.231916
1.232499
1.233563
1.233281
1.233056
1.231738
1.232284
1.231898
1.232069
1.232263
1.232468
1.233043
1.232546
1.232596
1.232868
1.233573
1.233720
1.233318
1.233475
1.233446
1.234156
1.232904
1.232100
1.232409
1.232877
1.233502
1.232463
1.232347
1.232491
1.232796
1.232249
1.231846
1.231947
1.231663
1.231869
1.231431
1.231341
1.231853
1.233462
1.233281
1.233329
1.233765
1.234190
1.233610
1.233499
1.233158
1.232398
1.234065
1.233865
1.234034
1.233870
1.233237
1.233584
1.232675
1.233637
1.233761
1.233220
1.234359
1.233175
1.233184
1.232876
1.233218
1.231827
1.230862
1.232052
1.234587
1.257742
1.259173
1.259676
1.259163
1.259398
1.259206
1.259487
1.258764
1.258952
1.259360
1.259464
1.259433
1.258966
1.259968
1.259354
1.259261
1.259289
1.259377
1.259583
1.259391
1.259612
1.257531
1.257880
1.259160
1.257883
1.258263
1.258406
1.258702
1.259239
1.258919
1.258314
1.257433
1.258879
1.258315
1.258420
1.258704
1.259441
1.258722
1.259133
1.258356
1.258868
1.259040
1.258487
1.258339
1.258028
1.258806
1.258323
1.258395
1.257792
1.257113
1.258245
1.258101
1.258264
1.257967
1.258873
1.258389
1.258709
1.258390
1.258734
1.258174
1.257401
1.257360
1.256655
1.258826
1.258367
1.258267
1.258077
1.257719
1.258585
1.257973
1.257740
1.251044
1.236379
1.230532
1.229963
1.230229
1.230767
1.231658
1.230720
1.230338
1.230304
1.231005
1.230971
1.230620
1.230334
1.230088
1.231030
1.230147
1.230841
1.229579
1.229116
1.229832
1.229323
1.229169
1.229865
1.230301
1.230078
1.230076
1.230268
1.229756
1.231002
1.230022
1.229968
1.229319
1.230310
1.230024
1.230211
1.229555
1.229112
1.229707
1.229101
1.229318
1.229087
1.230199
1.229299
1.228776
1.228690
1.228855
1.229954
1.229217
1.229188
1.228928
1.229200
1.228889
1.228793
1.228599
1.228250
1.229437
1.228967
1.228818
1.229219
1.229004
1.229208
1.229125
1.229311
1.229550
1.230226
1.229050
1.229146
1.228865
1.229056
1.229517
1.229095
1.228943
1.228697
1.229126
1.228766
1.228398
1.228943
1.228762
1.229658
1.229094
1.228702
1.228026
1.229270
1.228480
1.229284
1.229029
1.229100
1.230154
1.229626
1.229966
1.230056
1.230044
1.229697
1.229574
1.229618
1.229602
1.230260
1.229381
1.229411
1.229724
1.230173
1.229393
1.229894
1.228555
1.227831
1.229713
1.228256
1.228818
1.228685
1.228548
1.228990
1.228456
1.229257
1.229061
1.230595
1.252230
1.258010
1.258343
1.258057
1.258482
1.257802
1.257144
1.257952
1.256703
1.257107
1.257440
1.257167
1.256860
1.257616
1.257395
1.256998
1.256925
1.257681
1.257262
1.256818
1.258188
1.258376
1.259124
1.258901
1.259233
1.258743
1.258504
1.258686
1.258368
1.258822
1.258672
1.258259
1.258865
1.259395
1.258636
1.258485
1.258024
1.258182
1.258593
1.258243
1.259062
1.258636
1.258256
1.257730
1.258079
1.259000
1.258211
1.257927
1.257584
1.257160
1.256784
1.256757
1.256397
1.256791
1.257065
1.256527
1.256680
1.256400
1.257562
1.256815
1.257547
1.257964
1.257790
1.258481
1.257399
1.257280
1.258041
1.257534
1.257774
1.258294
1.258358
1.252069
1.240175
1.230631
1.230482
1.230162
1.230792
1.230083
1.229709
1.229596
1.229603
1.229526
1.230054
1.230346
1.230432
1.230069
1.230260
1.229763
1.230357
1.228772
1.229879
1.230358
1.229421
1.229598
1.230464
1.230494
1.229666
1.230198
1.230179
1.231360
1.230022
1.228741
1.229111
1.229159
1.230810
1.230754
1.230114
1.230132
1.231728
1.231179
1.231090
1.231348
1.230894
1.231285
1.230748
1.230798
1.230747
1.231167
1.230655
1.230392
1.230733
1.230841
1.231720
1.231438
1.230553
1.230791
1.230956
1.230907
1.230447
1.230661
1.230149
1.230936
1.231155
1.231210
1.231065
1.230570
1.230863
1.230893
1.231783
1.231136
1.231335
1.230618
1.230208
1.230049
1.229983
1.230373
1.229692
1.229758
1.229081
1.229452
1.230339
1.229852
1.229614
1.228777
1.229663
1.229035
1.229286
1.229694
1.230414
1.230679
1.230044
1.229325
1.229636
1.230396
1.229612
1.229410
1.229340
1.229638
1.230310
1.230567
1.231048
1.230630
1.230943
1.230741
1.230212
1.230389
1.229811
1.229374
1.229077
1.229077
1.228815
1.230002
1.229494
1.229318
1.229441
1.229257
1.230247
1.245809
1.256853
1.256624
1.257202
1.256468
1.256608
1.255461
1.255322
1.255684
1.255261
1.255643
1.254550
1.256527
1.255619
1.255669
1.256132
1.257006
1.258075
1.258020
1.257029
1.257398
1.257888
1.257988
1.257765
1.257453
1.258035
1.258528
1.258061
1.258277
1.257358
1.258209
1.257862
1.257897
1.258231
1.257356
1.258170
1.257390
1.256369
1.257380
1.257621
1.258175
1.257540
1.257471
1.256984
1.257678
1.257508
1.257572
1.257442
1.257390
1.257733
1.257363
1.257329
1.257039
1.257851
1.257573
1.257589
1.257237
1.257349
1.258113
1.257051
1.257157
1.257388
1.258019
1.257896
1.257520
1.257476
1.257464
1.258286
1.257740
1.257204
1.257553
1.253762
1.244406
1.230460
1.229018
1.229834
1.230070
1.229452
1.229790
1.229321
1.228762
1.228658
1.228721
1.229290
1.228489
1.230178
1.229385
1.229671
1.230571
1.229580
1.230657
1.230147
1.230033
1.229532
1.229953
1.229343
1.230166
1.230396
1.229775
1.231719
1.230999
1.230147
1.229612
1.230416
1.229909
1.229884
1.229354
1.229530
1.230806
1.229861
1.229799
1.230344
1.230810
1.231131
1.229733
1.229326
1.228267
1.229042
1.228645
1.228085
1.228220
1.228544
1.228919
1.228548
1.227978
1.227803
1.229367
1.228620
1.229348
1.229639
1.229794
1.230085
1.230142
1.229094
1.229424
1.230786
1.229926
1.230276
1.230294
1.229061
1.230416
1.229936
1.230137
1.229851
1.230687
1.230300
1.230416
1.229181
1.227708
1.229224
1.229518
1.229753
1.229518
1.230072
1.228945
1.228316
1.229449
1.229002
1.229711
1.229602
1.229143
1.229326
1.230522
1.230982
1.230323
1.230467
1.230243
1.231576
1.230525
1.230303
1.230133
1.230292
1.230956
1.231266
1.231820
1.230760
1.231636
1.231048
1.230580
1.230097
1.230493
1.230898
1.230571
1.230243
1.229597
1.230395
1.230290
1.240530
1.257467
1.257957
1.258804
1.258509
1.258425
1.258683
1.259452
1.258717
1.258470
1.258954
1.258029
1.258017
1.258225
1.258057
1.258504
1.259015
1.258430
1.257731
1.257960
1.257715
1.258535
1.258246
1.257905
1.257632
1.258526
1.258686
1.258399
1.258196
1.257778
1.258847
1.258499
1.258664
1.258472
1.258371
1.259208
1.258298
1.258804
1.258340
1.259232
1.258954
1.258612
1.258292
1.258954
1.259456
1.258944
1.258698
1.258540
1.258946
1.258694
1.259061
1.258740
1.259289
1.260435
1.259712
1.260008
1.259955
1.259990
1.260565
1.260179
1.260204
1.259955
1.261167
1.260347
1.260344
1.260946
1.260115
1.260840
1.259804
1.260256
1.259926
1.257693
1.250620
1.233476
1.232061
1.232073
1.233008
1.232263
1.232172
1.232220
1.233708
1.232891
1.232881
1.232030
1.232540
1.233250
1.231700
1.232815
1.232356
1.234388
1.234608
1.233311
1.233182
1.233082
1.232892
1.232647
1.233897
1.233922
1.233878
1.234059
1.233474
1.234032
1.234263
1.234622
1.234441
1.234653
1.234383
1.234717
1.235026
1.234743
1.234633
1.234043
1.235290
1.233663
1.233321
1.233245
1.233384
1.234086
1.234410
1.233323
1.233894
1.234866
1.234182
1.234013
1.233932
1.233177
1.234429
1.234071
1.233264
1.232808
1.233171
1.233185
1.232474
1.233817
1.233591
1.232886
1.232027
1.232286
1.231688
1.232730
1.232790
1.231702
1.232671
1.232319
1.233829
1.233692
1.233402
1.232694
1.232581
1.232978
1.232293
1.232364
1.232507
1.233136
1.231969
1.232448
1.233080
1.232880
1.233498
1.232448
1.232046
1.231344
1.233684
1.232695
1.233141
1.233333
1.232162
1.232587
1.232441
1.233506
1.233099
1.233718
1.233884
1.234077
1.233913
1.233042
1.233306
1.232409
1.232153
1.232462
1.233195
1.232824
1.232311
1.232206
1.232779
1.233552
1.233390
1.238456
1.259881
1.261123
1.261678
1.262051
1.261992
1.262062
1.262219
1.262214
1.262296
1.262465
1.262250
1.263177
1.262266
1.262401
1.261700
1.262863
1.262887
1.262854
1.262662
1.262816
1.263271
1.262905
1.262673
1.262379
1.263533
1.263004
1.263025
1.263173
1.263167
1.263552
1.263028
1.262384
1.262722
1.263433
1.263101
1.262738
1.263309
1.262955
1.263730
1.263240
1.262995
1.262995
1.263342
1.263594
1.262435
1.263415
1.263442
1.263776
1.263803
1.263597
1.263379
1.264047
1.264311
1.264259
1.263557
1.263971
1.263849
1.263163
1.263503
1.262965
1.262934
1.263469
1.262547
1.262149
1.262807
1.263703
1.263455
1.263434
1.263449
1.263108
1.263353
1.256236
1.239220
1.234604
1.235505
1.234211
1.234888
1.235119
1.235197
1.235959
1.235116
1.234288
1.234553
1.235011
1.234503
1.234034
1.234346
1.234202
1.234940
1.235131
1.234341
1.233932
1.234733
1.234760
1.233707
1.234162
1.233938
1.233940
1.234722
1.234011
1.234146
1.234313
1.234507
1.233801
1.233839
1.233329
1.234399
1.234012
1.233745
1.233875
1.233718
1.234475
1.233321
1.233608
1.233536
1.234316
1.234089
1.233775
1.233600
1.234058
1.234083
1.233392
1.233251
1.232854
1.233977
1.233524
1.233506
1.233438
1.233479
1.233959
1.233263
1.233286
1.232991
1.233895
1.234037
1.233612
1.233686
1.233266
1.234037
1.233474
1.233252
1.233377
1.233850
1.233681
1.233568
1.233738
1.233934
1.234406
1.233979
1.234111
1.233883
1.234402
1.234717
1.233923
1.233104
1.233273
1.233956
1.233703
1.233879
1.233180
1.233485
1.234211
1.233553
1.233716
1.233720
1.233373
1.232792
1.233470
1.233600
1.233155
1.232588
1.232520
1.231852
1.232715
1.232445
1.232682
1.232420
1.231215
1.230994
1.232415
1.231312
1.232560
1.232398
1.232265
1.232706
1.232535
1.234018
1.256768
1.261430
1.261833
1.261839
1.261616
1.260049
1.261081
1.260747
1.260296
1.259722
1.261739
1.261047
1.260981
1.261076
1.259657
1.261113
1.259223
1.259710
1.259431
1.261349
1.261232
1.260202
1.260583
1.258919
1.259915
1.259186
1.260311
1.259862
1.261920
1.262131
1.261709
1.261646
1.260200
1.259247
1.259475
1.260329
1.259512
1.260933
1.261554
1.261355
1.261047
1.259809
1.259649
1.257595
1.258163
1.258305
1.258098
1.258996
1.260216
1.260093
1.258580
1.258682
1.258376
1.257939
1.259537
1.260117
1.260549
1.260575
1.261088
1.259282
1.259524
1.258159
1.257774
1.258355
1.258652
1.259474
1.260233
1.260250
1.258979
1.259032
1.258026
1.250907
1.237769
1.231184
1.232253
1.231756
1.232032
1.231807
1.232262
1.231229
1.230236
1.230171
1.231120
1.231661
1.231360
1.231019
1.230850
1.230856
1.229920
1.229957
1.230373
1.230366
1.231964
1.231240
1.230760
1.231518
1.231633
1.231557
1.230475
1.230020
1.230576
1.232014
1.231222
1.230152
1.228957
1.228808
1.230026
1.228873
1.230186
1.230062
1.231244
1.230438
1.230145
1.230025
1.230902
1.231000
1.230289
1.229909
1.229939
1.230982
1.230536
1.229840
1.230178
1.229452
1.230907
1.230415
1.230660
1.230113
1.230804
1.230390
1.230507
1.230533
1.230790
1.231517
1.230577
1.230805
1.230837
1.231648
1.231555
1.231042
1.231219
1.230720
1.231423
1.230614
1.230567
1.230584
1.230481
1.230140
1.230090
1.230024
1.229656
1.230742
1.230071
1.229985
1.230007
1.229985
1.230395
1.230227
1.230435
1.230476
1.231322
1.230752
1.230374
1.230190
1.230153
1.230875
1.230444
1.230325
1.230057
1.230506
1.230270
1.230034
1.230676
1.230673
1.231595
1.230978
1.230258
1.230057
1.229922
1.229879
1.229777
1.229870
1.229848
1.230528
1.230736
1.230946
1.230541
1.248721
1.258401
1.259061
1.258202
1.259009
1.258453
1.258554
1.258401
1.258752
1.258503
1.259662
1.258749
1.258737
1.258276
1.258669
1.257894
1.257181
1.257849
1.257394
1.258610
1.258146
1.258450
1.258942
1.258212
1.259328
1.259063
1.259632
1.259489
1.260487
1.260203
1.259627
1.260114
1.260155
1.260157
1.260014
1.259762
1.259367
1.260815
1.259912
1.260013
1.259813
1.260199
1.260593
1.259890
1.259668
1.258557
1.259590
1.258724
1.258733
1.257783
1.259006
1.260077
1.259474
1.259184
1.259026
1.259591
1.259527
1.258527
1.259109
1.259150
1.259813
1.259410
1.258907
1.258717
1.259723
1.259090
1.258765
1.259087
1.259364
1.259809
1.258686
1.253734
1.243471
1.231745
1.231104
1.230339
1.229888
1.229089
1.230141
1.228964
1.228521
1.227840
1.228684
1.228458
1.227969
1.228330
1.227814
1.228676
1.228681
1.228451
1.228088
1.228579
1.229597
1.228993
1.229637
1.228653
1.229702
1.229098
1.229243
1.228197
1.228936
1.228541
1.228100
1.227296
1.227643
1.229749
1.228687
1.228783
1.228114
1.228282
1.228876
1.228417
1.228136
1.228153
1.229700
1.228805
1.228899
1.228487
1.228840
1.229278
1.228555
1.228544
1.228713
1.229060
1.228603
1.227636
1.227709
1.227751
1.228635
1.227841
1.227570
1.227465
1.227956
1.227785
1.228157
1.228583
1.228510
1.229445
1.228859
1.228446
1.228519
1.228243
1.229204
1.228678
1.228229
1.228213
1.228635
1.229052
1.227658
1.228460
1.229196
1.228654
1.228731
1.228198
1.228651
1.228603
1.228687
1.228660
1.229214
1.229008
1.229765
1.228787
1.229877
1.230329
1.230732
1.230240
1.229669
1.229682
1.229795
1.230549
1.229122
1.228133
1.228080
1.227984
1.229942
1.230354
1.230443
1.230001
1.230732
1.230150
1.229900
1.229881
1.229274
1.229632
1.228780
1.228127
1.228376
1.241972
1.255723
1.256304
1.256380
1.256695
1.256900
1.256117
1.257052
1.255834
1.256901
1.256723
1.255891
1.256137
1.256346
1.257012
1.256534
1.256161
1.256473
1.257083
1.256765
1.256729
1.256333
1.257386
1.257513
1.256937
1.256930
1.257243
1.257529
1.257825
1.257216
1.257170
1.257507
1.258347
1.257816
1.257696
1.257338
1.257439
1.257932
1.257361
1.257615
1.257471
1.259049
1.258562
1.258135
1.258258
1.258159
1.258642
1.258459
1.258005
1.258054
1.259062
1.258857
1.258423
1.258529
1.258450
1.259435
1.258301
1.258714
1.259026
1.259503
1.259204
1.257567
1.258422
1.257673
1.258470
1.258625
1.258368
1.258377
1.259422
1.258245
1.258016
1.253712
1.247092
1.231343
1.229387
1.229647
1.229476
1.230423
1.230538
1.231280
1.231307
1.231189
1.231665
1.230981
1.230985
1.231381
1.231275
1.230894
1.231171
1.232132
1.231959
1.232682
1.232852
1.232309
1.232088
1.230851
1.232311
1.231865
1.231348
1.231127
1.232401
1.231327
1.231253
1.231282
1.231192
1.232221
1.230981
1.230255
1.232217
1.232050
1.231806
1.231643
1.230839
1.231404
1.231299
1.230190
1.230021
1.229751
1.230774
1.230607
1.229520
1.228930
1.227947
1.228974
1.228067
1.228330
1.228212
1.227485
1.229302
1.228882
1.228731
1.228771
1.229844
1.228969
1.229076
1.228922
1.228152
1.229100
1.229149
1.229503
1.229081
1.230385
1.230495
1.229370
1.230084
1.229281
1.229683
1.229650
1.228909
1.229758
1.229772
1.229361
1.230088
1.230245
1.229513
1.230071
1.229212
1.229023
1.228825
1.229904
1.229215
1.229690
1.229000
1.228558
1.229149
1.228384
1.228928
1.227805
1.227047
1.228042
1.227591
1.227629
1.228203
1.228713
1.228902
1.228130
1.227856
1.227656
1.228063
1.226760
1.227567
1.227142
1.227886
1.226690
1.225833
1.226073
1.225932
1.233879
1.253709
1.254607
1.254293
1.254894
1.254227
1.254369
1.254014
1.253375
1.253741
1.253400
1.253070
1.252746
1.254258
1.253854
1.253655
1.253932
1.253491
1.254006
1.253331
1.253355
1.254269
1.255113
1.254886
1.254565
1.254776
1.254424
1.254778
1.254564
1.254217
1.254099
1.254055
1.254504
1.254008
1.254673
1.253770
1.254193
1.253147
1.253770
1.253962
1.252488
1.252983
1.251568
1.252719
1.252126
1.251935
1.252828
1.252248
1.251508
1.250545
1.251416
1.251134
1.251436
1.251637
1.250595
1.251386
1.250921
1.250415
1.250598
1.251069
1.250421
1.250156
1.249764
1.249474
1.250637
1.249896
1.248675
1.248122
1.250348
1.249821
1.249539
1.247064
1.238207
1.223075
1.221418
1.221563
1.220933
1.221656
1.220034
1.220152
1.221738
1.221683
1.221324
1.219077
1.217497
1.217757
1.218565
1.219280
1.217893
1.215152
1.213055
1.213133
1.213266
1.211353
1.209518
1.207704
1.206735
1.204455
1.203084
1.200576
1.199341
1.197039
1.195914
1.193389
1.193035
1.191003
1.189838
1.189165
1.189680
1.189165
1.189556
1.190367
1.192300
1.193285
1.194718
1.193337
1.193572
1.194586
1.195821
1.195183
1.196037
1.195903
1.196130
1.198665
1.198824
1.198766
1.198055
1.197820
1.197856
1.199096
1.199604
1.199558
1.199068
1.198472
1.199477
1.200112
1.201689
1.201608
1.201937
1.201118
1.202570
1.203960
1.203954
1.204194
1.204097
1.204595
1.204148
1.205440
1.205642
1.206112
1.206364
1.206601
1.207727
1.208165
1.208389
1.208726
1.208484
1.208041
1.208957
1.209521
1.209234
1.209985
1.210435
1.211017
1.212009
1.211498
1.211496
1.211767
1.213042
1.212022
1.212175
1.212500
1.212623
1.213877
1.212876
1.212181
1.212226
1.213877
1.213280
1.212910
1.213009
1.213880
1.213174
1.213420
1.213639
1.214843
1.216231
1.218948
1.242639
1.245562
1.246480
1.245928
1.246490
1.247237
1.247034
1.248925
1.247488
1.248628
1.248618
1.247479
1.248304
1.248476
1.247877
1.247697
1.248228
1.248520
1.246474
1.244159
1.243176
1.243477
1.242059
1.242927
1.244475
1.247545
1.250294
1.252014
1.253973
1.254846
1.256808
1.257364
1.257666
1.257250
1.257458
1.258034
1.257768
1.257905
1.257372
1.258413
1.258167
1.257812
1.257939
1.257588
1.258524
1.257508
1.257558
1.257834
1.257705
1.258044
1.257578
1.257659
1.257697
1.258653
1.258461
1.258132
1.258305
1.258398
1.258635
1.258479
1.258428
1.258374
1.259033
1.257472
1.256657
1.256029
1.254885
1.254390
1.252270
1.251720
1.250144
1.243470
1.227076
1.219823
1.220047
1.219463
1.219836
1.219640
1.219423
1.219218
1.219503
1.218579
1.218567
1.217628
1.217396
1.217980
1.218421
1.218406
1.218457
1.219474
1.219357
1.219406
1.220313
1.220367
1.221051
1.220080
1.220149
1.221164
1.221486
1.222621
1.222822
1.223646
1.222434
1.224486
1.225078
1.224926
1.225787
1.225675
1.226365
1.226147
1.226477
1.226569
1.227311
1.226640
1.226485
1.226571
1.226518
1.227701
1.226901
1.227487
1.226466
1.227513
1.227183
1.226680
1.227011
1.226992
1.227892
1.227307
1.226391
1.226774
1.227198
1.227025
1.225969
1.226700
1.226996
1.227895
1.227203
1.227240
1.227455
1.227062
1.227355
1.226375
1.227231
1.226127
1.227081
1.226251
1.226110
1.225696
1.227092
1.227028
1.225785
1.225480
1.225983
1.226667
1.226484
1.225442
1.225793
1.225606
1.226658
1.226414
1.226186
1.226581
1.227500
1.227090
1.226205
1.225784
1.226513
1.226499
1.225701
1.224802
1.224846
1.226699
1.227884
1.226821
1.225758
1.226364
1.226951
1.225301
1.224172
1.224529
1.225346
1.226529
1.225621
1.225132
1.225715
1.226701
1.225994
1.247271
1.253501
1.256573
1.256376
1.255392
1.254760
1.254522
1.255648
1.255254
1.254343
1.255899
1.256317
1.256108
1.255243
1.255287
1.253445
1.256329
1.255898
1.254981
1.255951
1.257915
1.259019
1.258137
1.257182
1.255647
1.257213
1.256669
1.256333
1.255767
1.258146
1.259015
1.258377
1.257940
1.256583
1.256301
1.257320
1.256664
1.256584
1.258074
1.258954
1.259451
1.258593
1.256832
1.256283
1.258941
1.257838
1.256785
1.257275
1.258754
1.258653
1.258575
1.257533
1.256327
1.258281
1.258294
1.256933
1.257375
1.258540
1.258671
1.258564
1.258440
1.258863
1.259116
1.259481
1.258827
1.258304
1.259324
1.258182
1.258485
1.258663
1.257668
1.253228
1.240939
1.230842
1.229836
1.230469
1.230881
1.230544
1.230620
1.229733
1.231035
1.230707
1.229891
1.229824
1.230252
1.230105
1.229992
1.230021
1.230416
1.230768
1.230963
1.231415
1.230180
1.230420
1.230958
1.230257
1.230070
1.230211
1.230878
1.230468
1.230550
1.230591
1.230474
1.231234
1.230575
1.230748
1.231340
1.231036
1.230311
1.230223
1.230168
1.229823
1.230305
1.229617
1.229731
1.229663
1.230397
1.229805
1.230143
1.229271
1.229185
1.230093
1.229774
1.229622
1.229528
1.230309
1.229986
1.229935
1.229980
1.230078
1.230937
1.230727
1.230839
1.230581
1.230919
1.231403
1.230448
1.230835
1.230363
1.231415
1.230773
1.230211
1.230778
1.231014
1.229802
1.230318
1.230333
1.229310
1.230755
1.230772
1.231043
1.230844
1.230535
1.231015
1.230466
1.230500
1.231492
1.232725
1.232088
1.232383
1.232837
1.232803
1.233711
1.233314
1.231924
1.231383
1.233139
1.232706
1.232124
1.232402
1.232550
1.233383
1.233280
1.233400
1.233289
1.232945
1.232975
1.231620
1.231518
1.232342
1.233664
1.232641
1.232437
1.231895
1.232120
1.233174
1.233442
1.249651
1.261070
1.261936
1.261313
1.261214
1.261517
1.261876
1.262229
1.261156
1.260746
1.260411
1.261516
1.261046
1.260991
1.261125
1.261067
1.261721
1.260902
1.261752
1.261417
1.262138
1.260986
1.261379
1.261683
1.261503
1.262169
1.261749
1.261709
1.261624
1.261767
1.262239
1.261607
1.261826
1.261597
1.262144
1.261633
1.261565
1.261804
1.261813
1.261836
1.261505
1.261652
1.261483
1.262524
1.261364
1.260704
1.260938
1.260927
1.261368
1.261088
1.261440
1.261533
1.261458
1.261353
1.260633
1.261107
1.261945
1.261635
1.262696
1.261979
1.261942
1.262487
1.261908
1.262282
1.262127
1.261895
1.262003
1.261239
1.261377
1.262337
1.262642
1.257834
1.248040
1.234724
1.233447
1.233935
1.233525
1.233193
1.233340
1.234186
1.234663
1.232982
1.232898
1.232987
1.233544
1.233143
1.232911
1.232278
1.231722
1.232122
1.232274
1.232740
1.232369
1.232764
1.232409
1.232215
1.232520
1.232834
1.233149
1.233158
1.232305
1.232232
1.233432
1.232775
1.232684
1.233344
1.232570
1.233014
1.232793
1.232882
1.231223
1.231788
1.231314
1.232577
1.232619
1.233091
1.233963
1.232893
1.231473
1.231412
1.231835
1.232133
1.231498
1.231468
1.231398
1.232039
1.231956
1.232040
1.231723
1.232380
1.232625
1.231239
1.231589
1.231647
1.232049
1.231602
1.231053
1.231061
1.229928
1.231872
1.231686
1.231319
1.232120
1.232696
1.232186
1.232118
1.231760
1.232146
1.232303
1.231359
1.231448
1.231620
1.233077
1.231940
1.231923
1.231878
1.231411
1.232442
1.231550
1.232032
1.232242
1.232574
1.232930
1.232495
1.232108
1.232483
1.233222
1.233178
1.232127
1.232006
1.232898
1.232307
1.231083
1.230710
1.231098
1.232451
1.232226
1.231309
1.231335
1.231505
1.232165
1.231573
1.230572
1.231314
1.231551
1.231270
1.231539
1.241977
1.259395
1.261063
1.260126
1.259771
1.259138
1.260511
1.260326
1.259699
1.259405
1.258823
1.259844
1.259586
1.259044
1.258674
1.259419
1.259263
1.259256
1.259232
1.259401
1.259878
1.259428
1.259068
1.259281
1.259620
1.259682
1.259276
1.259626
1.259139
1.259696
1.259395
1.259275
1.259759
1.259122
1.260220
1.259812
1.259521
1.259059
1.260179
1.259541
1.259656
1.259810
1.259757
1.259951
1.259539
1.259176
1.258705
1.259849
1.259396
1.259382
1.259430
1.259527
1.260117
1.259427
1.259354
1.257761
1.257730
1.259602
1.259641
1.259650
1.259508
1.260557
1.260502
1.260082
1.259594
1.259500
1.259346
1.259610
1.259616
1.259934
1.256971
1.249597
1.232587
1.231411
1.232029
1.231468
1.231292
1.230919
1.233310
1.232400
1.231404
1.231635
1.231835
1.231286
1.230795
1.230872
1.231000
1.231586
1.230956
1.231430
1.231701
1.231568
1.232742
1.232089
1.231734
1.231768
1.232249
1.230950
1.230822
1.230383
1.230419
1.232228
1.231713
1.232541
1.231582
1.232985
1.233516
1.232945
1.232315
1.232572
1.233778
1.233318
1.233428
1.233615
1.232544
1.233837
1.233622
1.233329
1.232617
1.232872
1.231458
1.231511
1.232616
1.232988
1.233388
1.232985
1.232663
1.232545
1.233221
1.232311
1.233039
1.233062
1.233466
1.233639
1.232983
1.232512
1.232593
1.232623
1.231909
1.232207
1.233184
1.233202
1.233616
1.233035
1.232273
1.231900
1.232389
1.232109
1.232305
1.232662
1.232644
1.233132
1.232040
1.231199
1.230964
1.231480
1.231344
1.231843
1.231959
1.232530
1.233529
1.232610
1.231917
1.231434
1.231267
1.231979
1.231463
1.231526
1.231604
1.232358
1.232048
1.231479
1.231272
1.231648
1.231498
1.230613
1.231439
1.231270
1.231601
1.230913
1.230248
1.229458
1.229578
1.229510
1.228905
1.230541
1.235547
1.257733
1.258142
1.257618
1.257089
1.257175
1.257574
1.256909
1.257551
1.257517
1.257411
1.256879
1.256890
1.256416
1.256364
1.256707
1.255973
1.256636
1.257212
1.257587
1.257614
1.257062
1.256388
1.256408
1.257353
1.255934
1.256411
1.257486
1.257657
1.257981
1.257253
1.257077
1.256456
1.257176
1.255760
1.255320
1.257085
1.257440
1.257290
1.256377
1.256623
1.256611
1.257532
1.256020
1.254722
1.256040
1.256347
1.257376
1.255357
1.254942
1.255751
1.256333
1.255535
1.255206
1.255340
1.256762
1.256960
1.256116
1.256387
1.256610
1.257624
1.256333
1.255520
1.255295
1.256868
1.257527
1.258057
1.256705
1.256269
1.256714
1.257001
1.254916
1.248983
1.232759
1.228645
1.228777
1.228517
1.228037
1.229001
1.229547
1.228163
1.228605
1.229167
1.228564
1.229466
1.229383
1.228997
1.228259
1.230034
1.228609
1.228554
1.228877
1.229652
1.229429
1.229202
1.228175
1.227806
1.229821
1.229080
1.227854
1.228938
1.229547
1.230693
1.230197
1.228849
1.227956
1.230500
1.229950
1.228985
1.229393
1.229342
1.229202
1.229239
1.227928
1.228076
1.230601
1.230850
1.230075
1.229745
1.228986
1.230292
1.230300
1.229566
1.228541
1.229962
1.230562
1.230412
1.229541
1.228850
1.229503
1.230069
1.229122
1.228131
1.229343
1.230088
1.229137
1.229658
1.228836
1.229671
1.229752
1.229970
1.228570
1.228790
1.230119
1.229557
1.229721
1.229162
1.229388
1.229466
1.229092
1.229360
1.228023
1.230270
1.229639
1.230062
1.229627
1.229973
1.230044
1.230161
1.229963
1.228278
1.229403
1.230045
1.230097
1.229476
1.229743
1.229568
1.229922
1.229635
1.228808
1.229568
1.230059
1.230326
1.230060
1.230747
1.229262
1.229844
1.229274
1.228035
1.227852
1.228374
1.228749
1.228240
1.228492
1.228065
1.228862
1.229162
1.229296
1.252183
1.256517
1.257316
1.257067
1.257102
1.257252
1.256986
1.255862
1.254582
1.255167
1.255929
1.256036
1.256909
1.255637
1.256236
1.257070
1.255811
1.255612
1.255576
1.256426
1.257018
1.256967
1.256691
1.256922
1.256998
1.256463
1.255386
1.255846
1.256613
1.256856
1.257266
1.256970
1.257222
1.257108
1.256683
1.255329
1.255692
1.256455
1.256678
1.257677
1.256637
1.257131
1.257294
1.256217
1.254616
1.255655
1.255678
1.256682
1.255857
1.254640
1.256190
1.256730
1.255623
1.255231
1.256033
1.256494
1.256035
1.255550
1.254756
1.256210
1.256729
1.256618
1.255634
1.257452
1.258996
1.258686
1.257305
1.256173
1.257452
1.257543
1.257157
1.250576
1.237338
1.231652
1.230886
1.230217
1.230038
1.230479
1.230479
1.230189
1.228771
1.229715
1.230540
1.229891
1.229242
1.228945
1.230621
1.229954
1.229697
1.228869
1.229922
1.231153
1.229774
1.229170
1.228877
1.230032
1.229556
1.227861
1.227804
1.228833
1.230173
1.229027
1.228492
1.229630
1.230028
1.231411
1.229944
1.228800
1.230267
1.230024
1.229424
1.229532
1.228249
1.230718
1.230195
1.230140
1.230136
1.231066
1.232471
1.229936
1.229180
1.229290
1.229643
1.230080
1.228693
1.229686
1.230261
1.230057
1.229234
1.229139
1.229203
1.229202
1.229697
1.228473
1.229367
1.229851
1.228533
1.228341
1.228778
1.228614
1.228597
1.229017
1.228752
1.229313
1.229501
1.227363
1.227626
1.226495
1.227363
1.228169
1.228338
1.228553
1.229197
1.228220
1.226650
1.227537
1.227316
1.227760
1.227474
1.228891
1.228843
1.228821
1.228658
1.227252
1.227947
1.228122
1.229268
1.227924
1.229171
1.227875
1.228422
1.227648
1.226346
1.227611
1.227601
1.228359
1.227599
1.228235
1.228309
1.228111
1.227161
1.226704
1.227377
1.227382
1.227418
1.227394
1.227460
1.246565
1.255074
1.254970
1.253783
1.253875
1.254962
1.255086
1.255739
1.254159
1.255032
1.256140
1.254598
1.253310
1.253806
1.253566
1.253961
1.253977
1.253104
1.254689
1.254359
1.254117
1.253299
1.253412
1.253614
1.254647
1.255167
1.253688
1.254535
1.254490
1.254334
1.253942
1.254296
1.255215
1.255286
1.255711
1.254475
1.254420
1.254024
1.253934
1.252775
1.253654
1.254492
1.254796
1.254942
1.254127
1.254949
1.254091
1.253571
1.252474
1.252372
1.253712
1.253241
1.253543
1.252784
1.253594
1.253611
1.254305
1.253380
1.252238
1.253520
1.253526
1.254072
1.253343
1.253738
1.253544
1.254088
1.253091
1.252388
1.253718
1.253787
1.254387
1.248902
1.238750
1.227133
1.227094
1.226189
1.225163
1.226324
1.226479
1.226656
1.226677
1.227114
1.227115
1.226708
1.225852
1.224930
1.226422
1.226603
1.226770
1.226241
1.226152
1.226451
1.226332
1.225780
1.224970
1.226672
1.227005
1.227078
1.227054
1.226858
1.227940
1.226905
1.226853
1.225753
1.227092
1.227699
1.227883
1.227899
1.227394
1.228175
1.227830
1.227449
1.227257
1.228052
1.227319
1.228319
1.227573
1.227201
1.227781
1.227611
1.227598
1.226654
1.227354
1.227034
1.227747
1.227562
1.226845
1.227452
1.227273
1.227281
1.225950
1.226008
1.227153
1.228272
1.227561
1.225458
1.227184
1.226339
1.226593
1.225899
1.225380
1.225686
1.227056
1.226965
1.227564
1.227312
1.226854
1.226190
1.225454
1.225477
1.226376
1.227300
1.227577
1.227349
1.228725
1.228087
1.228209
1.227548
1.227622
1.228777
1.227723
1.227497
1.226675
1.226803
1.227072
1.227678
1.226872
1.226413
1.227282
1.228116
1.227552
1.226836
1.227289
1.229788
1.230222
1.228572
1.227075
1.227762
1.227314
1.226845
1.226410
1.226825
1.228532
1.227988
1.226864
1.226293
1.228437
1.241817
1.255115
1.255860
1.254203
1.255845
1.255893
1.254402
1.253858
1.255522
1.255118
1.255733
1.254366
1.254249
1.255837
1.255357
1.254195
1.254275
1.254448
1.254903
1.254828
1.253285
1.252268
1.255719
1.255714
1.254100
1.252406
1.252506
1.253356
1.253709
1.252825
1.252117
1.254197
1.255261
1.254399
1.251428
1.252189
1.254001
1.254004
1.253181
1.252041
1.254590
1.255221
1.254060
1.253395
1.252244
1.253729
1.253529
1.252277
1.252362
1.253917
1.254666
1.254371
1.252849
1.253146
1.253523
1.253728
1.253266
1.252739
1.253042
1.253825
1.253382
1.253642
1.252919
1.253267
1.254311
1.254320
1.253463
1.253911
1.255339
1.254359
1.253914
1.250476
1.242486
1.228765
1.227506
1.225228
1.225173
1.227514
1.227855
1.226574
1.225309
1.225585
1.227350
1.226802
1.225811
1.225961
1.227782
1.227573
1.226450
1.226000
1.226233
1.226778
1.226411
1.226088
1.226014
1.228189
1.227918
1.227127
1.226339
1.226771
1.227638
1.227062
1.226819
1.226253
1.228797
1.228588
1.227648
1.226652
1.227545
1.227779
1.226667
1.227244
1.226112
1.227831
1.228002
1.227030
1.225893
1.225872
1.226857
1.226902
1.226379
1.226022
1.227701
1.227197
1.226536
1.226217
1.226366
1.226957
1.226513
1.225820
1.224983
1.227483
1.227256
1.226489
1.225820
1.226135
1.226234
1.225711
1.225122
1.224713
1.227275
1.226730
1.226096
1.225308
1.224560
1.226416
1.225826
1.225241
1.224735
1.226268
1.226315
1.225669
1.225069
1.224599
1.225823
1.225408
1.225105
1.224517
1.226920
1.227084
1.226472
1.225272
1.224473
1.225931
1.225561
1.224919
1.224844
1.226532
1.227295
1.226222
1.225628
1.224894
1.226240
1.226498
1.225716
1.225101
1.226330
1.227089
1.226168
1.225528
1.224654
1.226159
1.225499
1.224973
1.224257
1.225432
1.227096
1.233448
1.252394
1.250750
1.251857
1.252621
1.251285
1.250926
1.252022
1.253325
1.252038
1.251720
1.250775
1.251379
1.252618
1.252310
1.251466
1.251814
1.254082
1.253718
1.253195
1.252548
1.252822
1.253775
1.253004
1.252442
1.252549
1.254488
1.254202
1.253600
1.253141
1.251994
1.253970
1.253384
1.252709
1.252313
1.254809
1.253898
1.253280
1.252372
1.252077
1.253633
1.252939
1.251705
1.251414
1.253244
1.252090
1.251047
1.251587
1.250682
1.252515
1.251814
1.251165
1.250955
1.252798
1.252710
1.251774
1.250829
1.250312
1.252336
1.251157
1.251262
1.250398
1.252419
1.252072
1.251110
1.250442
1.249888
1.251716
1.250883
1.249995
1.249285
1.249465
1.242640
1.224243
1.222159
1.219848
1.221405
1.220481
1.220293
1.219950
1.221377
1.221513
1.220759
1.220834
1.219995
1.221269
1.220340
1.219899
1.220458
1.222816
1.222697
1.220838
1.219944
1.219721
1.221782
1.221640
1.218788
1.219074
1.220235
1.220199
1.218365
1.217167
1.214960
1.213982
1.209843
1.205670
1.202843
1.202878
1.202005
1.200131
1.199990
1.199748
1.200554
1.203809
1.206765
1.211231
1.217101
1.220704
1.219580
1.220215
1.221375
1.222343
1.223045
1.221746
1.221350
1.223458
1.223540
1.222926
1.222922
1.223209
1.223695
1.224664
1.222662
1.222486
1.223644
1.224223
1.222294
1.222320
1.222445
1.223122
1.223657
1.222384
1.221975
1.222773
1.224045
1.222711
1.223589
1.223111
1.223342
1.224007
1.222422
1.222432
1.223474
1.223859
1.222499
1.222973
1.223416
1.223760
1.223949
1.223382
1.222861
1.223394
1.223925
1.223013
1.222847
1.222646
1.222731
1.223465
1.222215
1.221948
1.222579
1.222765
1.222602
1.222532
1.222466
1.222378
1.223284
1.222281
1.221893
1.222093
1.222117
1.222066
1.221305
1.221496
1.221707
1.222402
1.222255
1.224710
1.247166
1.249159
1.249186
1.248876
1.249582
1.249534
1.250526
1.249100
1.248454
1.248475
1.248735
1.248918
1.248515
1.248494
1.248708
1.249295
1.249028
1.248087
1.248599
1.249274
1.249905
1.249571
1.249511
1.249376
1.249993
1.250196
1.249052
1.249442
1.249692
1.250296
1.249799
1.249899
1.249380
1.250540
1.250266
1.248984
1.249335
1.248425
1.249456
1.247730
1.249117
1.248468
1.247583
1.248772
1.247731
1.247969
1.247736
1.247097
1.248140
1.249650
1.250686
1.249629
1.249444
1.250028
1.250076
1.249971
1.249877
1.249989
1.249800
1.250538
1.249598
1.248490
1.248482
1.249644
1.250104
1.249504
1.249764
1.249750
1.250875
1.243154
1.228092
1.222419
1.222641
1.222339
1.221626
1.221870
1.222461
1.223038
1.222575
1.222114
1.221908
1.221694
1.221722
1.220604
1.220936
1.221188
1.221907
1.221109
1.220148
1.220449
1.220477
1.221269
1.219249
1.219232
1.218981
1.219001
1.218377
1.218441
1.218097
1.219029
1.219842
1.219882
1.219976
1.220288
1.221752
1.222214
1.221176
1.221522
1.221309
1.220663
1.221344
1.220619
1.220870
1.222104
1.221845
1.222233
1.222255
1.221471
1.222003
1.220807
1.221363
1.220277
1.220491
1.222173
1.221129
1.220969
1.220995
1.220498
1.220409
1.219529
1.220301
1.219703
1.220564
1.220431
1.220928
1.218916
1.219248
1.218839
1.218895
1.218570
1.217719
1.220128
1.219354
1.219469
1.217454
1.217220
1.216692
1.217791
1.217559
1.217484
1.218228
1.218306
1.218097
1.217818
1.218815
1.218096
1.216975
1.215731
1.217241
1.218168
1.216639
1.216362
1.216006
1.215859
1.216632
1.216082
1.215811
1.215903
1.215955
1.215179
1.214499
1.215987
1.216199
1.216195
1.214340
1.213637
1.212620
1.212770
1.212076
1.212738
1.212564
1.211814
1.212590
1.210724
1.211012
1.231486
1.238038
1.239300
1.238282
1.237679
1.237437
1.237426
1.235794
1.233488
1.235685
1.236612
1.235529
1.234273
1.233765
1.233661
1.233094
1.232179
1.235092
1.235677
1.233011
1.232247
1.232311
1.232558
1.230786
1.231935
1.234502
1.231348
1.230974
1.230499
1.231877
1.230428
1.227717
1.230799
1.232321
1.230348
1.230739
1.232023
1.232212
1.230596
1.228244
1.230777
1.229900
1.229938
1.230818
1.231472
1.230776
1.228758
1.228962
1.230298
1.230802
1.230013
1.231001
1.231837
1.230308
1.228989
1.229854
1.230538
1.229396
1.229069
1.229894
1.229690
1.229227
1.229217
1.229568
1.228634
1.228394
1.228586
1.228297
1.228040
1.227536
1.227230
1.221955
1.209192
1.198984
1.200000
1.199396
1.198978
1.198879
1.197618
1.197510
1.195482
1.196347
1.196604
1.195857
1.195605
1.195262
1.194806
1.193836
1.193491
1.193705
1.192638
1.191543
1.191216
1.190102
1.189501
1.188317
1.188373
1.189286
1.188524
1.187682
1.186686
1.186270
1.185436
1.184582
1.184961
1.183892
1.184530
1.182920
1.183686
1.182196
1.181728
1.180161
1.180409
1.178032
1.178899
1.176606
1.176096
1.174775
1.174611
1.175256
1.173190
1.173170
1.173945
1.172865
1.172358
1.171950
1.171780
1.172124
1.170334
1.171174
1.171017
1.170410
1.171504
1.171823
1.171252
1.171318
1.172116
1.170747
1.169991
1.170036
1.170722
1.171478
1.171582
1.171594
1.172287
1.171878
1.172678
1.173118
1.173610
1.174168
1.175309
1.175451
1.175593
1.176319
1.177635
1.178862
1.179216
1.179599
1.180311
1.180999
1.182030
1.182520
1.182542
1.184346
1.185814
1.186479
1.187577
1.187726
1.190010
1.190672
1.191623
1.192141
1.194286
1.195838
1.196093
1.196253
1.197329
1.197859
1.200030
1.200532
1.201252
1.202212
1.203938
1.205021
1.205493
1.221867
1.234257
1.235284
1.235458
1.235242
1.235591
1.236143
1.236688
1.237165
1.237807
1.238757
1.239358
1.240048
1.240194
1.239622
1.239614
1.240458
1.240064
1.240612
1.240440
1.240130
1.241333
1.240655
1.240614
1.240491
1.240797
1.241202
1.241070
1.241159
1.240876
1.242043
1.241844
1.240841
1.240996
1.241651
1.242293
1.242515
1.241874
1.241724
1.242487
1.241977
1.241891
1.242091
1.242887
1.243626
1.243270
1.243137
1.242096
1.243616
1.243259
1.243478
1.244146
1.243755
1.245257
1.244691
1.244886
1.244375
1.245686
1.245627
1.241865
1.233230
1.220266
1.220468
1.219924
1.219711
1.219694
1.220481
1.220602
1.220012
1.220359
1.220551
1.221210
1.220946
1.220849
1.220350
1.220953
1.221410
1.221027
1.221111
1.221067
1.222351
1.221896
1.221200
1.220307
1.220758
1.221191
1.221023
1.220918
1.220894
1.222214
1.221440
1.221443
1.221007
1.221949
1.222394
1.221784
1.222878
1.222641
1.223029
1.222271
1.222255
1.220792
1.221920
1.222207
1.221827
1.221154
1.222287
1.223706
1.222319
1.220602
1.220194
1.220325
1.221148
1.220847
1.220416
1.220791
1.221744
1.221094
1.220467
1.220996
1.221735
1.223050
1.222323
1.222221
1.222045
1.221771
1.223039
1.222308
1.221722
1.222539
1.222819
1.222433
1.222304
1.222324
1.221845
1.223179
1.222638
1.222468
1.222126
1.223452
1.222630
1.222593
1.221952
1.222786
1.224154
1.223291
1.222793
1.222299
1.222912
1.222203
1.222872
1.223248
1.223210
1.223731
1.223927
1.222826
1.222978
1.223439
1.223155
1.222985
1.223263
1.223325
1.223926
1.223598
1.223298
1.222910
1.223523
1.223368
1.222907
1.222901
1.222759
1.223772
1.223187
1.223119
1.223756
1.233531
1.250826
1.250608
1.249576
1.249800
1.250890
1.250160
1.250813
1.250285
1.250978
1.251384
1.250474
1.250201
1.250335
1.250473
1.248603
1.248745
1.249534
1.249524
1.249949
1.249359
1.249176
1.250009
1.249745
1.249865
1.250510
1.250128
1.250585
1.250507
1.250457
1.251499
1.249958
1.249776
1.250324
1.250525
1.251367
1.250741
1.250225
1.249804
1.250533
1.249159
1.249403
1.249977
1.249849
1.250697
1.250029
1.250007
1.249434
1.250082
1.249269
1.250246
1.250418
1.250501
1.251029
1.250331
1.249781
1.250263
1.251147
1.250081
1.249717
1.250650
1.250411
1.251022
1.250311
1.247668
1.240799
1.224847
1.223000
1.222292
1.222586
1.222852
1.224460
1.223433
1.222678
1.222780
1.223392
1.223234
1.221738
1.222941
1.222653
1.224237
1.223225
1.222506
1.222805
1.222751
1.223642
1.222829
1.222219
1.222475
1.223809
1.223726
1.223120
1.222152
1.222361
1.222907
1.221793
1.221388
1.220766
1.222798
1.221092
1.220945
1.223434
1.221456
1.220923
1.220317
1.220857
1.222283
1.221544
1.220768
1.220199
1.221423
1.220985
1.219841
1.218891
1.220215
1.221457
1.221293
1.220246
1.219842
1.220957
1.220698
1.220619
1.220111
1.220257
1.220885
1.218358
1.221737
1.221871
1.221105
1.220890
1.219499
1.220713
1.221378
1.221403
1.220654
1.221281
1.222321
1.221280
1.220697
1.220034
1.220599
1.221236
1.220795
1.220437
1.221327
1.222325
1.222572
1.222019
1.221957
1.222363
1.222183
1.222568
1.221632
1.221377
1.221859
1.221220
1.220680
1.219576
1.221452
1.221740
1.221942
1.222336
1.222667
1.223272
1.222316
1.221265
1.221724
1.221294
1.221241
1.221722
1.221814
1.220822
1.221420
1.220644
1.220148
1.219969
1.225405
1.246277
1.247359
1.247611
1.247783
1.249092
1.248848
1.248831
1.248344
1.246131
1.245021
1.245871
1.246876
1.246621
1.247254
1.246641
1.245667
1.246279
1.245989
1.246119
1.246378
1.247687
1.246938
1.247142
1.247256
1.246768
1.246242
1.246453
1.246480
1.246524
1.247149
1.246787
1.247213
1.246902
1.246408
1.246359
1.246608
1.247029
1.246533
1.246527
1.246143
1.245878
1.246961
1.246700
1.246043
1.245292
1.246184
1.245319
1.245203
1.244280
1.244045
1.243897
1.245214
1.245239
1.245038
1.243398
1.244864
1.244708
1.244089
1.244614
1.246302
1.247166
1.246876
1.245551
1.238616
1.223650
1.219913
1.219972
1.219802
1.219819
1.219984
1.218947
1.218157
1.218433
1.220773
1.219806
1.218916
1.219452
1.218429
1.219111
1.218848
1.218928
1.218929
1.217895
1.217983
1.218792
1.218686
1.218476
1.219003
1.216741
1.218025
1.216418
1.217517
1.218314
1.217940
1.216649
1.216395
1.218879
1.218522
1.218606
1.218100
1.219996
1.219339
1.218277
1.219183
1.220393
1.221860
1.220914
1.219634
1.220632
1.219392
1.221362
1.222512
1.221574
1.222605
1.222215
1.221389
1.220424
1.221198
1.222437
1.222986
1.222563
1.223353
1.222597
1.222809
1.222344
1.222029
1.223643
1.224636
1.224663
1.225040
1.223978
1.222755
1.223730
1.223353
1.223887
1.224993
1.225278
1.225770
1.224806
1.224428
1.223190
1.224548
1.224705
1.224407
1.224908
1.225420
1.225415
1.224707
1.224148
1.223767
1.224993
1.224950
1.224730
1.224795
1.225671
1.226293
1.225401
1.224743
1.224599
1.224579
1.225514
1.224220
1.224893
1.225422
1.226239
1.226354
1.225513
1.224636
1.224825
1.225272
1.224259
1.225131
1.225396
1.226237
1.225922
1.225226
1.224140
1.224430
1.226336
1.247695
1.251761
1.252747
1.253878
1.253684
1.252664
1.252254
1.251734
1.252499
1.251560
1.252110
1.253051
1.252964
1.252952
1.249827
1.248296
1.248192
1.250349
1.249812
1.249942
1.251023
1.251259
1.252100
1.250791
1.249620
1.249927
1.251646
1.250101
1.250280
1.251323
1.251056
1.251199
1.249298
1.249303
1.250781
1.252019
1.250992
1.250910
1.250373
1.250487
1.251250
1.250180
1.249333
1.249979
1.250873
1.250579
1.250384
1.250415
1.250058
1.250848
1.249691
1.250064
1.250266
1.250695
1.250427
1.250445
1.251072
1.250429
1.251239
1.250643
1.250671
1.251891
1.251237
1.251827
1.251984
1.252376
1.252384
1.252416
1.251447
1.251602
1.251810
1.246005
1.232749
1.225786
1.225775
1.223937
1.225008
1.224811
1.224416
1.224969
1.224927
1.225423
1.225469
1.225086
1.224259
1.223927
1.223294
1.223515
1.223801
1.223603
1.224442
1.224043
1.223839
1.223069
1.223085
1.223192
1.222707
1.223447
1.223009
1.223078
1.222125
1.221979
1.222420
1.222862
1.223648
1.223724
1.223614
1.223713
1.223311
1.223585
1.223196
1.223039
1.222323
1.223331
1.223117
1.223387
1.223058
1.224004
1.223457
1.223108
1.222749
1.222151
1.222419
1.222800
1.221829
1.222246
1.223541
1.224375
1.222404
1.221605
1.220722
1.221908
1.223265
1.222886
1.223809
1.224571
1.224495
1.224276
1.223722
1.223441
1.224321
1.223732
1.223966
1.223532
1.224135
1.224539
1.223863
1.223798
1.224798
1.226287
1.225587
1.225480
1.224918
1.224530
1.223385
1.223206
1.223472
1.224075
1.224059
1.223584
1.224854
1.224744
1.225427
1.225144
1.224833
1.224840
1.225384
1.224257
1.223738
1.223910
1.223989
1.224573
1.224428
1.224213
1.223483
1.225391
1.225027
1.242876
1.251489
1.251662
1.252109
1.251819
1.251283
1.251914
1.252032
1.251854
1.250772
1.249797
1.248853
1.250308
1.250060
1.250502
1.250633
1.249536
1.250653
1.250924
1.250577
1.250159
1.251273
1.250803
1.210970
1.249536
1.250839
1.251128
1.250839
1.250577
1.251610
1.251275
1.251019
1.249811
1.249576
1.251950
1.251446
1.251098
1.251157
1.252134
1.252025
1.250932
1.249701
1.250134
1.252447
1.250927
1.250998
1.251337
1.251360
1.251376
1.249479
1.248025
1.248817
1.250681
1.249639
1.250036
1.250269
1.250383
1.250222
1.248758
1.248242
1.249201
1.250535
1.250265
1.250505
1.250837
1.250507
1.250676
1.248862
1.248478
1.249730
1.246081
1.235313
1.223704
1.223685
1.223322
1.223189
1.221980
1.222741
1.223041
1.224163
1.224084
1.224145
1.223241
1.222827
1.222317
1.222086
1.222842
1.222471
1.223044
1.223023
1.222748
1.222541
1.222463
1.223533
1.222887
1.222329
1.222732
1.222481
1.222839
1.222314
1.221398
1.220828
1.222407
1.222205
1.222349
1.222034
1.222123
1.222416
1.222306
1.221865
1.222531
1.223488
1.222769
1.222132
1.221843
1.222621
1.222947
1.221634
1.221122
1.221052
1.222105
1.220829
1.220288
1.219748
1.220952
1.220661
1.218929
1.219856
1.218472
1.218910
1.219147
1.218853
1.218727
1.218888
1.219593
1.219628
1.219014
1.218892
1.220158
1.220648
1.220191
1.221081
1.220573
1.220270
1.219223
1.219308
1.219245
1.219478
1.219206
1.219262
1.220072
1.219144
1.217585
1.218044
1.217914
1.218800
1.219124
1.220211
1.220126
1.218189
1.218683
1.219121
1.218001
1.217677
1.217225
1.217996
1.218444
1.218934
1.218758
1.218361
1.218564
1.218073
1.218362
1.217980
1.217697
1.218608
1.217656
1.218164
1.217557
1.218115
1.218356
1.217935
1.219191
1.218235
1.217750
1.217594
1.230451
1.243682
1.244801
1.245088
1.244481
1.244861
1.244111
1.245309
1.244159
1.244147
1.244543
1.243705
1.244126
1.243253
1.243514
1.239885
1.239839
1.242316
1.242135
1.241190
1.242100
1.243983
1.243054
1.242496
1.240523
1.242472
1.243348
1.243561
1.243877
1.243984
1.244326
1.244256
1.243882
1.242746
1.243038
1.243907
1.243236
1.241814
1.241698
1.244296
1.243555
1.243896
1.243374
1.244060
1.242915
1.238585
1.244069
1.241319
1.242123
1.241695
1.241046
1.239138
1.226461
1.234486
1.238624
1.236345
1.234697
1.232920
1.226577
1.196133
1.198015
1.224360
1.227692
1.226703
1.225162
1.210710
1.174898
1.163138
1.191364
1.209064
1.205920
1.198120
1.174561
1.118494
1.091553
1.109794
1.137630
1.138936
1.130756
1.113353
1.076613
1.036940
1.047199
1.070374
1.080959
1.071360
1.059957
1.029992
0.992669
0.994352
1.017009
1.034611
1.029626
1.023650
0.999315
0.976704
0.970529
0.982683
1.002362
1.001918
0.999573
0.981227
0.969236
0.964725
0.968814
0.984298
0.988353
0.995920
0.985892
0.984473
0.988825
0.991932
0.998681
1.011978
1.022214
1.018436
1.027149
1.035152
1.036593
1.034427
1.051261
1.058939
1.053358
1.062742
1.067732
1.072786
1.069357
1.076390
1.086156
1.084203
1.096436
1.103298
1.106315
1.112101
1.114337
1.115058
1.119838
1.124603
1.136855
1.143856
1.146435
1.152393
1.156217
1.159357
1.164434
1.170537
1.175426
1.177838
1.183933
1.185748
1.188302
1.192145
1.195803
1.198300
1.199514
1.201746
1.203355
1.205292
1.205357
1.205389
1.204738
1.206517
1.208160
1.208376
1.208690
1.208842
1.208974
1.209215
1.209632
1.210637
1.210866
1.211835
1.212470
1.212183
1.211860
1.213053
1.212862
1.213608
1.213694
1.213621
1.213936
1.213541
1.214396
1.214559
1.215307
1.216521
1.216539
1.223610
1.241532
1.243746
1.243380
1.243236
1.243528
1.243498
1.244016
1.243196
1.242855
1.241383
1.241215
1.242439
1.241840
1.241711
1.241692
1.242828
1.243287
1.243128
1.243587
1.243832
1.243519
1.243144
1.243474
1.244621
1.245373
1.245272
1.246352
1.246331
1.246439
1.246811
1.246838
1.246458
1.246772
1.247970
1.247876
1.247656
1.247428
1.247488
1.248170
1.247272
1.247504
1.247729
1.248691
1.248109
1.247822
1.248006
1.247895
1.248286
1.247988
1.248065
1.247708
1.248346
1.247978
1.247864
1.247378
1.248111
1.248441
1.247792
1.247855
1.247663
1.248461
1.248227
1.247826
1.248290
1.248234
1.249144
1.248227
1.248288
1.248289
1.248795
1.247225
1.240520
1.224037
1.221777
1.222311
1.221583
1.221904
1.222147
1.222330
1.222245
1.221913
1.221213
1.221129
1.222101
1.221913
1.221867
1.221492
1.221492
1.221500
1.221059
1.220488
1.220033
1.219520
1.218606
1.218014
1.218582
1.218672
1.220009
1.220042
1.219710
1.220406
1.221116
1.220247
1.219890
1.219857
1.219654
1.221179
1.220758
1.220762
1.219656
1.221002
1.219805
1.219573
1.219614
1.218992
1.219231
1.219898
1.220379
1.219355
1.220106
1.220228
1.219442
1.219310
1.218954
1.219367
1.219170
1.219518
1.219668
1.219022
1.219777
1.218966
1.219143
1.217927
1.219186
1.219510
1.219735
1.219532
1.219104
1.219961
1.219737
1.219177
1.218668
1.218961
1.218230
1.218850
1.218757
1.218755
1.219552
1.219078
1.218687
1.218266
1.218711
1.218451
1.218238
1.217668
1.218072
1.218394
1.218792
1.218962
1.218978
1.219651
1.218069
1.217414
1.217571
1.217880
1.219558
1.219749
1.219895
1.219821
1.219348
1.219751
1.218539
1.219019
1.218975
1.220535
1.219921
1.219433
1.219134
1.218125
1.218226
1.218590
1.218846
1.218750
1.219925
1.219422
1.219904
1.222988
1.244422
1.247283
1.247309
1.247116
1.247231
1.247953
1.247837
1.248027
1.247581
1.247659
1.248283
1.247528
1.247459
1.247571
1.248127
1.247500
1.247851
1.247478
1.247325
1.248055
1.247518
1.247714
1.248010
1.248497
1.248463
1.248161
1.248256
1.245819
1.247416
1.248835
1.247325
1.248487
1.248119
1.248283
1.249177
1.248960
1.248627
1.249558
1.249273
1.248754
1.248497
1.248690
1.249035
1.248997
1.248823
1.248780
1.249394
1.248983
1.248603
1.248203
1.248274
1.249143
1.248531
1.248669
1.249038
1.250083
1.249846
1.248596
1.249636
1.249664
1.250094
1.249840
1.250298
1.249428
1.249592
1.249998
1.248600
1.247790
1.247115
1.249571
1.248083
1.241413
1.226844
1.221787
1.221070
1.220920
1.220940
1.221267
1.222889
1.221796
1.222559
1.223435
1.223429
1.223322
1.223329
1.222957
1.222603
1.223717
1.222289
1.222084
1.222499
1.221615
1.222125
1.221484
1.221840
1.219679
1.221786
1.221492
1.221383
1.220762
1.220496
1.220582
1.220393
1.219738
1.219359
1.220111
1.220527
1.220564
1.220653
1.220772
1.221341
1.219656
1.220739
1.220837
1.220862
1.221443
1.220778
1.220116
1.219569
1.219816
1.219652
1.220526
1.219528
1.219391
1.219787
1.218985
1.218641
1.218482
1.219358
1.220537
1.219106
1.218218
1.218188
1.217826
1.216542
1.215719
1.216223
1.216763
1.217148
1.215472
1.215332
1.214339
1.215930
1.216307
1.215964
1.215656
1.215945
1.216001
1.214702
1.214131
1.213874
1.214591
1.214061
1.212946
1.214156
1.213912
1.213964
1.213672
1.212798
1.211149
1.210763
1.210979
1.209545
1.207526
1.207036
1.206540
1.205337
1.203678
1.203110
1.204005
1.204231
1.203930
1.204482
1.203640
1.204625
1.203154
1.202656
1.200762
1.199620
1.196342
1.194922
1.195975
1.196758
1.197082
1.195167
1.197665
1.199800
1.219442
1.222094
1.223513
1.228893
1.232136
1.234977
1.234303
1.230723
1.233367
1.234359
1.235659
1.235335
1.236016
1.235992
1.239018
1.238673
1.236883
1.237715
1.238040
1.241032
1.241354
1.241950
1.241893
1.242693
1.240947
1.239803
1.241152
1.241759
1.243806
1.244064
1.243009
1.242742
1.242408
1.240656
1.240695
1.241723
1.242353
1.244050
1.243315
1.244040
1.242604
1.242912
1.241623
1.241751
1.242273
1.243743
1.244878
1.243309
1.243448
1.243398
1.243076
1.242188
1.242898
1.243492
1.244100
1.244218
1.243723
1.243835
1.243126
1.242193
1.242390
1.244113
1.244512
1.244946
1.245102
1.244188
1.244967
1.244482
1.243765
1.245525
1.245843
1.240148
1.228341
1.219116
1.219624
1.219456
1.219224
1.218898
1.221655
1.220195
1.220457
1.219819
1.220886
1.220844
1.221831
1.219520
1.219926
1.220834
1.219629
1.220153
1.219923
1.221053
1.220149
1.219411
1.218420
1.219158
1.219446
1.219193
1.219764
1.219990
1.219320
1.218609
1.220304
1.218407
1.220946
1.221421
1.221603
1.221678
1.220901
1.221054
1.222351
1.220259
1.219805
1.220390
1.220935
1.220528
1.220212
1.220496
1.221037
1.220677
1.219667
1.219745
1.220472
1.220165
1.219460
1.219535
1.218618
1.218169
1.219338
1.218107
1.218089
1.218367
1.218441
1.218293
1.218939
1.218734
1.218819
1.219617
1.218222
1.218961
1.219294
1.219061
1.218961
1.218640
1.218169
1.218553
1.219600
1.218418
1.218790
1.219192
1.219773
1.219190
1.218906
1.218762
1.218901
1.219485
1.218409
1.218932
1.219532
1.219320
1.220359
1.219594
1.220250
1.219047
1.220168
1.219825
1.219888
1.220129
1.220436
1.220884
1.220524
1.219732
1.219913
1.221150
1.220965
1.220719
1.220777
1.220789
1.221288
1.220521
1.220604
1.220950
1.221305
1.221312
1.221434
1.221953
1.221423
1.238260
1.247570
1.248007
1.248781
1.248944
1.249458
1.249268
1.250224
1.249405
1.249366
1.249563
1.249209
1.249676
1.249759
1.249244
1.249238
1.247101
1.246480
1.248080
1.247429
1.247391
1.248080
1.248615
1.249207
1.249066
1.248946
1.249467
1.249712
1.250541
1.250481
1.250422
1.251010
1.250684
1.251054
1.250740
1.251276
1.251343
1.251149
1.250554
1.250756
1.251496
1.251187
1.251395
1.251597
1.251488
1.251395
1.251900
1.251954
1.251776
1.252658
1.251833
1.251507
1.251975
1.251940
1.250883
1.250187
1.250222
1.249722
1.251517
1.249919
1.250415
1.250202
1.250660
1.251044
1.250671
1.250946
1.250982
1.252272
1.251836
1.251255
1.247692
1.238399
1.226828
1.224844
1.223979
1.224744
1.225921
1.225349
1.225945
1.225163
1.225212
1.226439
1.226259
1.226159
1.225330
1.226837
1.225059
1.225613
1.225141
1.224940
1.225415
1.225429
1.225067
1.225177
1.224429
1.224847
1.224366
1.224132
1.224683
1.225649
1.225218
1.225032
1.224972
1.225312
1.225302
1.225178
1.225069
1.224595
1.225481
1.225294
1.225706
1.225493
1.225291
1.225579
1.225131
1.225589
1.224948
1.225688
1.225796
1.225038
1.224415
1.224220
1.225428
1.224521
1.224822
1.223664
1.223288
1.223471
1.223347
1.223946
1.224157
1.224951
1.223868
1.224420
1.224167
1.224093
1.224374
1.223636
1.223481
1.223481
1.223811
1.223326
1.223388
1.223184
1.223394
1.223527
1.222918
1.223483
1.223031
1.224245
1.223643
1.224001
1.223997
1.224022
1.224222
1.223505
1.223047
1.224000
1.224562
1.224433
1.224040
1.223869
1.224043
1.223580
1.222674
1.222873
1.222581
1.222911
1.222913
1.222745
1.222653
1.223316
1.223589
1.222803
1.222803
1.222899
1.222900
1.222854
1.221998
1.221783
1.221741
1.222164
1.221548
1.222236
1.222291
1.222569
1.232994
1.248834
1.249008
1.248566
1.249613
1.248863
1.249167
1.248962
1.248279
1.248532
1.248295
1.247148
1.246489
1.246926
1.246933
1.246483
1.247007
1.247041
1.246539
1.247273
1.246854
1.245726
1.246902
1.247174
1.247011
1.247157
1.246700
1.247358
1.247144
1.246635
1.246174
1.246582
1.246788
1.246561
1.246347
1.246361
1.247023
1.246679
1.246435
1.246088
1.246852
1.246970
1.246367
1.245946
1.246417
1.247308
1.246682
1.247005
1.246709
1.246573
1.246670
1.245872
1.245459
1.245903
1.245046
1.245505
1.246103
1.246442
1.246267
1.245670
1.245554
1.244556
1.246333
1.246124
1.245579
1.245959
1.245388
1.246928
1.245806
1.245886
1.242858
1.236243
1.220046
1.218777
1.218930
1.219501
1.219724
1.220265
1.219876
1.219605
1.220106
1.219965
1.220048
1.220219
1.220564
1.220535
1.219931
1.219238
1.219328
1.219947
1.219556
1.220585
1.220549
1.218879
1.219611
1.219277
1.218933
1.218711
1.218650
1.219968
1.219078
1.219718
1.219077
1.219138
1.218662
1.217200
1.217422
1.216654
1.217996
1.216949
1.216636
1.216850
1.218565
1.219084
1.219410
1.218802
1.218569
1.218487
1.217630
1.217440
1.218975
1.218767
1.217989
1.218368
1.218539
1.219206
1.219190
1.219369
1.219019
1.218889
1.219055
1.218731
1.218580
1.217972
1.217750
1.218837
1.218241
1.218346
1.218880
1.219253
1.219472
1.219730
1.219232
1.219407
1.219990
1.219805
1.219634
1.219494
1.219146
1.219759
1.219668
1.218901
1.219252
1.220815
1.219876
1.219466
1.219072
1.219411
1.219814
1.219793
1.219506
1.219574
1.219673
1.219487
1.219655
1.219189
1.218593
1.220066
1.219860
1.219435
1.219125
1.218839
1.219565
1.217930
1.217896
1.217594
1.217299
1.216292
1.214940
1.214049
1.213162
1.212691
1.211240
1.210898
1.209615
1.209615
1.212559
1.231133
1.228804
1.224512
1.220738
1.214373
1.208785
1.203746
1.199872
1.194466
1.190264
1.185599
1.180187
1.175009
1.167328
1.158091
1.153274
1.149606
1.142923
1.135817
1.125501
1.114822
1.108992
1.104676
1.101377
1.097468
1.069327
1.069478
1.072423
1.072496
1.074753
1.076044
1.073607
1.080087
1.081631
1.085169
1.092469
1.092992
1.095350
1.096895
1.092352
1.097001
1.100047
1.099597
1.094074
1.096643
1.109778
1.114253
1.120312
1.121495
1.134121
1.137447
1.133701
1.132761
1.142691
1.148444
1.150310
1.150962
1.141396
1.145980
1.155168
1.157215
1.148869
1.128096
1.120111
1.130007
1.134315
1.133299
1.121489
1.120396
1.124451
1.133461
1.134919
1.122767
1.122842
1.125298
1.133439
1.140698
1.138489
1.128308
1.130856
1.135422
1.142457
1.152405
1.150152
1.145992
1.147736
1.148562
1.155497
1.167482
1.164612
1.162485
1.160664
1.152276
1.167663
1.172945
1.168625
1.166890
1.158341
1.170904
1.180642
1.176668
1.169563
1.161819
1.171688
1.189337
1.183081
1.180087
1.178260
1.171100
1.190610
1.190655
1.188220
1.188799
1.186413
1.188537
1.190997
1.191027
1.190992
1.190450
1.189383
1.190510
1.189365
1.189480
1.188775
1.188500
1.188886
1.187644
1.187188
1.188658
1.190317
1.190881
1.190332
1.189917
1.188888
1.188316
1.186563
1.186349
1.187437
1.189477
1.190159
1.190963
1.192017
1.192589
1.195083
1.196420
1.197798
1.197969
1.199154
1.200294
1.201173
1.201650
1.201554
1.202745
1.202813
1.202291
1.202738
1.203309
1.204363
1.205096
1.205654
1.206270
1.208589
1.209131
1.209750
1.210343
1.210847
1.211709
1.210846
1.209687
1.209072
1.209579
1.208884
1.208661
1.208726
1.208578
1.209099
1.209468
1.230814
1.233574
1.233962
1.232175
1.231650
1.232029
1.233008
1.234416
1.238241
1.239052
1.238773
1.238257
1.238528
1.239870
1.240571
1.240492
1.240396
1.241018
1.239729
1.239244
1.239047
1.239964
1.240206
1.239662
1.240367
1.241792
1.242551
1.241181
1.241096
1.240265
1.242062
1.242237
1.240560
1.241647
1.241129
1.241806
1.241127
1.240250
1.241135
1.241325
1.241101
1.241344
1.240792
1.241097
1.241189
1.240177
1.239401
1.239554
1.239710
1.240057
1.238458
1.240298
1.241085
1.239666
1.239278
1.237651
1.238930
1.238363
1.238934
1.238344
1.238874
1.239034
1.239308
1.234052
1.220559
1.214654
1.213674
1.213771
1.212690
1.213449
1.214677
1.214005
1.212898
1.213093
1.213689
1.212597
1.213616
1.213040
1.213041
1.213589
1.212916
1.213087
1.212127
1.212944
1.212726
1.213231
1.212949
1.212651
1.212162
1.212848
1.212372
1.212419
1.212560
1.212575
1.212105
1.213775
1.213311
1.213399
1.212732
1.213439
1.213312
1.213299
1.213359
1.213707
1.214181
1.213340
1.212401
1.212102
1.213654
1.212785
1.212685
1.212273
1.212180
1.213393
1.213311
1.212381
1.246566
1.207963
1.208112
1.206381
1.205621
1.206365
1.205503
1.204540
1.203167
1.202181
1.200828
1.198922
1.196911
1.193233
1.190693
1.186860
1.184017
1.179799
1.176438
1.173272
1.171024
1.166964
1.163702
1.161583
1.159064
1.157743
1.158870
1.160576
1.159590
1.158768
1.158342
1.156846
1.155813
1.155000
1.157483
1.159214
1.159800
1.159835
1.160161
1.159663
1.157765
1.155794
1.154751
1.155685
1.155646
1.157172
1.158824
1.160198
1.162887
1.164170
1.165751
1.168796
1.172318
1.175048
1.177800
1.198474
1.209664
1.213431
1.214903
1.216927
1.218524
1.220137
1.220419
1.220056
1.221201
1.221488
1.222137
1.224087
1.223944
1.224030
1.223139
1.224526
1.222930
1.221861
1.223751
1.226242
1.225169
1.224615
1.224740
1.223738
1.224688
1.222007
1.221160
1.220489
1.219701
1.219932
1.217134
1.218227
1.217681
1.215683
1.210124
1.212807
1.214725
1.214353
1.214584
1.207706
1.206563
1.212119
1.212295
1.210895
1.203108
1.196243
1.199518
1.200189
1.197832
1.194760
1.187785
1.187045
1.192956
1.194496
1.195607
1.190202
1.182622
1.187313
1.194323
1.196518
1.183652
1.179749
1.187993
1.195295
1.187966
1.167548
1.153101
1.154102
1.161295
1.174634
1.171337
1.156272
1.146997
1.151493
1.162023
1.173111
1.161450
1.144901
1.142544
1.150270
1.159062
1.165931
1.148229
1.136028
1.139074
1.149804
1.158605
1.160921
1.143423
1.133109
1.140433
1.150008
1.158738
1.156833
1.140355
1.134955
1.146197
1.153583
1.162453
1.153708
1.137525
1.140965
1.151024
1.158483
1.163905
1.150878
1.137333
1.146659
1.155075
1.159058
1.161569
1.144928
1.140152
1.152476
1.156443
1.160610
1.156643
1.141703
1.144736
1.153126
1.154955
1.161332
1.151564
1.140213
1.151115
1.155604
1.156198
1.160029
1.145070
1.142511
1.155916
1.157125
1.155968
1.155056
1.139981
1.147836
1.157151
1.154504
1.158007
1.148078
1.140189
1.152841
1.158097
1.153736
1.156422
1.139334
1.145081
1.158282
1.155955
1.154442
1.147521
1.138238
1.152844
1.161083
1.154041
1.154132
1.139524
1.142274
1.158687
1.157362
1.151035
1.145489
1.135542
1.149961
1.159367
1.152502
1.149430
1.137081
1.138325
1.155031
1.154804
1.146930
1.141872
1.130542
1.144828
1.155533
1.148273
1.144336
1.132360
1.147084
1.176378
1.167955
1.180408
1.170123
1.147030
1.150288
1.165252
1.163653
1.152430
1.147259
1.140263
1.151584
1.163335
1.151168
1.144485
1.135923
1.138023
1.152334
1.153672
1.139783
1.135384
1.128151
1.135556
1.148890
1.140824
1.129456
1.123310
1.119940
1.131062
1.137661
1.127132
1.118227
1.110073
1.112337
1.123549
1.123868
1.108374
1.101806
1.095997
1.103750
1.112854
1.106079
1.091036
1.082579
1.084492
1.090673
1.095693
1.081377
1.071319
1.064124
1.070061
1.075627
1.076657
1.059412
1.047041
1.037531
1.029259
1.035705
1.030613
1.011291
1.004537
1.008037
1.012510
1.017871
1.006415
0.991074
0.987741
0.992975
0.996123
0.999295
0.983303
0.973108
0.971754
0.975434
0.979981
0.979775
0.962736
0.956515
0.958677
0.960619
0.966361
0.962173
0.946967
0.943885
0.946558
0.950283
0.953326
0.948358
0.935374
0.937145
0.940026
0.944223
0.946247
0.939102
0.932850
0.934177
0.938919
0.945148
0.947290
0.938622
0.935753
0.940113
0.948572
0.955117
0.953919
0.945733
0.948459
0.953230
0.963604
0.969944
0.969610
0.963949
0.967469
0.973123
0.982277
0.989147
0.986776
0.984792
0.987099
0.993983
1.003597
1.011130
1.007110
1.006943
1.009733
1.019218
1.031598
1.036254
1.030545
1.034628
1.039528
1.050444
1.064101
1.067284
1.061443
1.069036
1.072113
1.086178
1.097688
1.098433
1.094280
1.101254
1.104695
1.119440
1.128283
1.126474
1.125529
1.130645
1.132700
1.145541
1.150838
1.149510
1.151385
1.156715
1.157461
1.167290
1.171048
1.170639
1.171011
1.173760
1.176166
1.181744
1.185179
1.184847
1.186263
1.188872
1.191947
1.194654
1.196971
1.196098
1.204461
1.225347
1.227944
1.229063
1.230440
1.229271
1.232104
1.233321
1.232796
1.232298
1.233003
1.230876
1.232623
1.234029
1.234133
1.234583
1.232651
1.230798
1.232594
1.234146
1.233984
1.233440
1.230235
1.230280
1.230981
1.232044
1.231607
1.230950
1.230649
1.229634
1.232130
1.232070
1.231840
1.231621
1.231275
1.232654
1.232987
1.232928
1.232698
1.233010
1.232374
1.233349
1.233168
1.233804
1.234677
1.233639
1.233420
1.233286
1.234441
1.234362
1.234170
1.233150
1.215758
1.234570
1.234683
1.233597
1.227562
1.212309
1.211200
1.210141
1.209537
1.210469
1.211331
1.211591
1.210972
1.210481
1.209945
1.211407
1.211537
1.211720
1.211210
1.210874
1.211458
1.211384
1.211570
1.211374
1.212286
1.211321
1.211526
1.211653
1.211980
1.212050
1.210931
1.210079
1.210878
1.212284
1.212714
1.212097
1.211649
1.210887
1.212583
1.212646
1.212486
1.212412
1.212264
1.212471
1.213071
1.212108
1.211878
1.212212
1.211357
1.212211
1.212624
1.213156
1.212083
1.210993
1.210670
1.212026
1.212912
1.212073
1.211084
1.209753
1.210507
1.209329
1.207708
1.206017
1.204481
1.204710
1.201055
1.200569
1.199411
1.198434
1.198255
1.197286
1.197637
1.198868
1.201132
1.201417
1.200580
1.200649
1.200747
1.201965
1.201560
1.202768
1.203600
1.206365
1.206173
1.206461
1.206781
1.207909
1.208626
1.209566
1.210732
1.210855
1.212109
1.212587
1.214888
1.215711
1.215955
1.215956
1.216192
1.216410
1.216209
1.216624
1.216893
1.216210
1.216481
1.216673
1.218050
1.218230
1.217284
1.217174
1.216784
1.216841
1.215392
1.214440
1.215169
1.217532
1.217723
1.216874
1.217235
1.219279
1.237307
1.238744
1.242449
1.242154
1.241742
1.238226
1.239981
1.237922
1.232337
1.233957
1.236873
1.231264
1.231103
1.232795
1.233737
1.230586
1.227148
1.229177
1.229677
1.227947
1.227243
1.224546
1.223490
1.221975
1.221659
1.220577
1.219390
1.218858
1.218527
1.220135
1.219659
1.221718
1.221967
1.221509
1.223059
1.224515
1.227458
1.230069
1.230364
1.233791
1.235029
1.237819
1.237973
1.238962
1.239457
1.240788
1.241198
1.242176
1.242988
1.242340
1.243461
1.242719
1.243438
1.242999
1.244541
1.244129
1.244199
1.243585
1.243567
1.244892
1.245255
1.244984
1.244085
1.245487
1.245028
1.244652
1.243644
1.244391
1.246608
1.246391
1.246696
1.240448
1.224718
1.218806
1.220020
1.221088
1.221102
1.222278
1.222068
1.220792
1.221635
1.222013
1.223094
1.221794
1.221790
1.221287
1.222084
1.222553
1.221932
1.221272
1.220916
1.221091
1.222305
1.221102
1.221855
1.222095
1.222960
1.222668
1.222571
1.222217
1.222563
1.222652
1.222675
1.222724
1.222430
1.223145
1.222926
1.222302
1.222550
1.223071
1.223857
1.223181
1.223177
1.222456
1.224959
1.223581
1.222746
1.223489
1.223869
1.223951
1.223324
1.222952
1.222858
1.223755
1.223525
1.223891
1.223701
1.224282
1.224381
1.224105
1.223341
1.223274
1.223993
1.223800
1.223757
1.223593
1.223550
1.224177
1.224074
1.223804
1.223115
1.223692
1.222494
1.221921
1.222755
1.223791
1.224602
1.223152
1.222748
1.222426
1.223727
1.223416
1.222871
1.222621
1.222802
1.224070
1.223005
1.222891
1.222582
1.222749
1.222613
1.222569
1.222829
1.222273
1.221479
1.221938
1.221218
1.222088
1.221799
1.220888
1.222070
1.221510
1.222947
1.243437
1.247596
1.247696
1.247417
1.248248
1.245584
1.244540
1.243654
1.243870
1.244676
1.243431
1.244558
1.243811
1.244503
1.244006
1.243203
1.243958
1.245099
1.245069
1.244259
1.245230
1.244547
1.244697
1.243552
1.245027
1.243541
1.243720
1.244000
1.244522
1.245288
1.244915
1.244718
1.244956
1.245314
1.245238
1.245519
1.245865
1.246136
1.244929
1.245403
1.245409
1.245777
1.244450
1.245900
1.245108
1.245327
1.244882
1.243367
1.243937
1.239062
1.228995
1.218711
1.219854
1.219393
1.219209
1.219215
1.219579
1.219961
1.220182
1.220506
1.221134
1.220483
1.220345
1.220313
1.221025
1.220136
1.219687
1.218600
1.217958
1.217656
1.218483
1.218598
1.219690
1.218806
1.218383
1.219819
1.221071
1.219542
1.220176
1.221361
1.220729
1.219974
1.219077
1.218710
1.218541
1.218995
1.218863
1.219992
1.219178
1.219348
1.218401
1.218828
1.217539
1.218426
1.220160
1.219239
1.217924
1.217201
1.217458
1.216325
1.215693
1.217566
1.217024
1.217739
1.216009
1.215699
1.215901
1.215748
1.216000
1.216540
1.216519
1.216215
1.215195
1.214398
1.214367
1.213828
1.215322
1.215371
1.215448
1.214759
1.213796
1.214737
1.214503
1.213980
1.214079
1.215656
1.214368
1.213967
1.212569
1.212049
1.212900
1.212369
1.212902
1.213566
1.213582
1.213134
1.212511
1.212826
1.212082
1.211962
1.211106
1.211033
1.209646
1.209673
1.209764
1.209309
1.209052
1.208378
1.209141
1.208611
1.208158
1.207726
1.207558
1.208082
1.207021
1.205800
1.205345
1.204556
1.204540
1.204473
1.205184
1.205493
1.219752
1.229096
1.228846
1.228963
1.227303
1.227104
1.226510
1.225475
1.225497
1.223907
1.223049
1.222339
1.218876
1.217629
1.217339
1.216293
1.215224
1.216502
1.214302
1.213453
1.213238
1.213123
1.213222
1.212342
1.212314
1.212543
1.214532
1.213955
1.214153
1.214505
1.215329
1.216491
1.216990
1.217908
1.218004
1.219441
1.220363
1.221262
1.222313
1.222869
1.225304
1.224854
1.224637
1.224876
1.227465
1.228062
1.228270
1.230290
1.231043
1.232080
1.230820
1.231018
1.231967
1.233008
1.231651
1.232532
1.233409
1.233190
1.233685
1.233047
1.233196
1.233549
1.233326
1.233788
1.233741
1.233747
1.233242
1.234012
1.234015
1.233894
1.234182
1.230035
1.222234
1.209040
1.208044
1.207800
1.208473
1.207004
1.206676
1.206487
1.207659
1.206921
1.207780
1.207284
1.207049
1.206875
1.208088
1.207306
1.207467
1.207309
1.207970
1.207733
1.208736
1.207934
1.207380
1.208434
1.209523
1.208680
1.208851
1.208598
1.208945
1.208079
1.208307
1.208726
1.208871
1.208652
1.207989
1.208199
1.208938
1.208773
1.209319
1.208408
1.208819
1.208224
1.207259
1.207478
1.208522
1.207680
1.207327
1.208021
1.208663
1.208030
1.207564
1.207173
1.207962
1.208843
1.207979
1.207538
1.207514
1.207473
1.207168
1.207569
1.207010
1.208714
1.207964
1.207960
1.208182
1.207935
1.208147
1.208754
1.208276
1.208183
1.208811
1.208140
1.208901
1.208503
1.209430
1.209064
1.208753
1.208682
1.209877
1.209276
1.209012
1.209438
1.209543
1.210631
1.210612
1.210414
1.211091
1.210576
1.210427
1.210988
1.211295
1.212035
1.211429
1.211836
1.211656
1.212022
1.212862
1.238379
1.238826
1.239789
1.239656
1.239293
1.239786
1.238702
1.238164
1.238289
1.239352
1.239533
1.240061
1.239454
1.239279
1.239519
1.238804
1.238517
1.238585
1.238558
1.238601
1.238951
1.238561
1.238300
1.238731
1.239128
1.239296
1.239113
1.239551
1.239018
1.239122
1.240066
1.240067
1.240782
1.240271
1.240120
1.240030
1.240600
1.240913
1.241582
1.240765
1.240997
1.241836
1.241794
1.241262
1.240887
1.240240
1.239893
1.240346
1.239793
1.239395
1.239776
1.240269
1.241081
1.240079
1.240382
1.240662
1.240588
1.241087
1.241340
1.241219
1.242232
1.242670
1.242957
1.242656
1.241716
1.240150
1.233138
1.217712
1.216590
1.216369
1.216847
1.216698
1.214913
1.216057
1.216968
1.216734
1.216499
1.216274
1.214715
1.215661
1.214760
1.214337
1.215357
1.215457
1.214818
1.213331
1.213139
1.214164
1.213485
1.212967
1.212853
1.213365
1.213360
1.213855
1.214121
1.213586
1.214718
1.214359
1.213692
1.212447
1.212818
1.212066
1.212233
1.211456
1.213479
1.212774
1.211855
1.210815
1.210455
1.211040
1.211061
1.210557
1.211211
1.210732
1.209916
1.208717
1.207827
1.208330
1.208217
1.207119
1.208109
1.207240
1.207446
1.208363
1.208045
1.205598
1.205238
1.204959
1.203176
1.204330
1.205557
1.205868
1.203454
1.202657
1.202698
1.202464
1.201919
1.201380
1.201273
1.200240
1.199945
1.200036
1.198970
1.197596
1.196805
1.196182
1.197561
1.196691
1.196298
1.196339
1.196905
1.196138
1.195545
1.195372
1.193749
1.193961
1.192496
1.191224
1.189759
1.189209
1.187590
1.186581
1.184139
1.183195
1.183873
1.180343
1.179914
1.180455
1.169302
1.174017
1.170346
1.164311
1.169239
1.162280
1.150262
1.170063
1.178989
1.181195
1.188137
1.165524
1.190723
1.173783
1.173930
1.185068
1.181234
1.178980
1.201308
1.176500
1.190829
1.199169
1.194232
1.196625
1.196791
1.191918
1.191006
1.185942
1.181652
1.177048
1.173050
1.168921
1.165215
1.159639
1.156518
1.154915
1.149800
1.122198
1.125516
1.123389
1.123254
1.106246
1.115221
1.126338
1.103934
1.085872
1.087046
1.096170
1.093943
1.093283
1.095359
1.091363
1.088046
1.087277
1.075641
1.089762
1.091987
1.087753
1.061553
1.049649
1.052380
1.063651
1.075557
1.069388
1.051497
1.048647
1.060251
1.081974
1.090128
1.075875
1.070013
1.075873
1.087646
1.107954
1.110544
1.098736
1.099733
1.102225
1.115548
1.122491
1.119291
1.117453
1.120460
1.122379
1.124374
1.123629
1.123447
1.124865
1.126419
1.127638
1.129473
1.131344
1.133971
1.134639
1.135887
1.138014
1.140220
1.142043
1.143690
1.146198
1.146670
1.150936
1.153159
1.155122
1.158667
1.160718
1.163254
1.165843
1.168982
1.171657
1.174638
1.176336
1.178317
1.180052
1.182423
1.184025
1.186878
1.187982
1.189654
1.190724
1.192421
1.192301
1.193542
1.194015
1.196364
1.196490
1.197029
1.197430
1.197242
1.199108
1.198726
1.199067
1.199436
1.201354
1.202271
1.202656
1.202491
1.203426
1.203965
1.203941
1.203569
1.204981
1.206385
1.206418
1.206173
1.204994
1.204981
1.205444
1.204675
1.205210
1.205793
1.206940
1.206394
1.205853
1.206005
1.205769
1.206625
1.206360
1.205637
1.206689
1.207557
1.207596
1.206508
1.205370
1.204355
1.207467
1.207500
1.207048
1.207252
1.206569
1.206718
1.207798
1.209089
1.229239
1.232336
1.231298
1.233019
1.233951
1.233250
1.233025
1.230955
1.228530
1.229312
1.230381
1.231981
1.232280
1.230774
1.230395
1.231382
1.229619
1.230462
1.230335
1.231815
1.231407
1.231324
1.232416
1.232696
1.233317
1.233743
1.232994
1.232648
1.232914
1.233836
1.234062
1.234110
1.233118
1.234940
1.234165
1.233158
1.233007
1.234021
1.234599
1.233792
1.233141
1.233351
1.232803
1.233355
1.233378
1.234248
1.233858
1.233915
1.233206
1.232896
1.232757
1.233149
1.233693
1.233787
1.233098
1.232381
1.235110
1.233614
1.233121
1.233951
1.234941
1.235276
1.232340
1.232308
1.233236
1.235473
1.236078
1.229774
1.216860
1.208008
1.207970
1.208283
1.210880
1.211464
1.212000
1.212265
1.210638
1.209657
1.209427
1.211405
1.210938
1.211425
1.211481
1.210310
1.210544
1.209088
1.210343
1.211150
1.211566
1.210805
1.210167
1.209900
1.209440
1.208427
1.208674
1.209850
1.209022
1.209262
1.209400
1.209236
1.208134
1.208249
1.210191
1.209218
1.209219
1.209091
1.209615
1.209071
1.208628
1.209060
1.209420
1.211185
1.210665
1.209878
1.209925
1.210380
1.209884
1.210481
1.210658
1.210465
1.211531
1.210815
1.210876
1.210635
1.209154
1.209540
1.209531
1.209715
1.210405
1.212568
1.211703
1.211997
1.212159
1.211616
1.211896
1.211621
1.212325
1.212133
1.212969
1.213421
1.213344
1.213082
1.212465
1.213322
1.213244
1.213337
1.213278
1.213232
1.213300
1.212342
1.212507
1.211979
1.212149
1.212199
1.212157
1.212666
1.212738
1.212384
1.212131
1.211743
1.210396
1.212204
1.211541
1.210778
1.211064
1.210372
1.211160
1.210540
1.210377
1.210645
1.211437
1.210696
1.210845
1.210545
1.210450
1.211205
1.210396
1.210539
1.210715
1.210951
1.210738
1.210737
1.211093
1.230752
1.237913
1.237250
1.236732
1.236415
1.238349
1.239092
1.239057
1.238429
1.237524
1.237946
1.239062
1.239650
1.238992
1.239181
1.238071
1.238557
1.238723
1.238144
1.235842
1.237276
1.237480
1.237891
1.237376
1.237559
1.236516
1.236784
1.235989
1.237437
1.238301
1.237954
1.237610
1.237222
1.236172
1.236466
1.236358
1.235918
1.238351
1.238036
1.237769
1.237359
1.235460
1.237489
1.236629
1.236979
1.237952
1.238863
1.238693
1.237198
1.236953
1.238491
1.238691
1.238484
1.239152
1.238815
1.238723
1.238009
1.237797
1.239130
1.238178
1.239344
1.239793
1.240066
1.241111
1.240150
1.240113
1.240137
1.240219
1.240663
1.243384
1.243047
1.237489
1.225502
1.215993
1.217394
1.217038
1.217161
1.215522
1.216230
1.215905
1.214722
1.215264
1.215181
1.215339
1.215549
1.215062
1.215498
1.216631
1.215823
1.215855
1.216356
1.215436
1.215945
1.216155
1.215225
1.215265
1.215882
1.215070
1.214620
1.214762
1.215065
1.215525
1.214828
1.214899
1.214951
1.214892
1.215979
1.215874
1.216243
1.216162
1.216670
1.217034
1.216376
1.214190
1.215165
1.215354
1.214722
1.215155
1.214753
1.215644
1.214582
1.213484
1.213720
1.214452
1.215432
1.214421
1.213679
1.214171
1.214061
1.213045
1.213157
1.214556
1.214453
1.214123
1.212544
1.212915
1.212289
1.213754
1.213976
1.213425
1.214138
1.213372
1.213436
1.213303
1.213142
1.211860
1.212130
1.212716
1.213056
1.212852
1.211898
1.212777
1.212551
1.212294
1.211725
1.212637
1.213321
1.212471
1.211882
1.211429
1.212668
1.212855
1.212227
1.212109
1.212031
1.212280
1.210917
1.209674
1.208957
1.209184
1.208605
1.208211
1.207690
1.207087
1.206911
1.205132
1.203702
1.201460
1.201294
1.200277
1.199677
1.199971
1.199846
1.201057
1.200648
1.200902
1.201190
1.213894
1.226444
1.226329
1.226252
1.226151
1.226599
1.225543
1.225898
1.225424
1.224160
1.222972
1.224236
1.225096
1.225798
1.224517
1.225137
1.224076
1.223809
1.224709
1.225472
1.225932
1.225222
1.225213
1.226162
1.225414
1.224584
1.224710
1.225795
1.225575
1.223688
1.224187
1.224784
1.224700
1.222770
1.222612
1.222267
1.220819
1.221090
1.220558
1.220770
1.220357
1.221358
1.222537
1.222237
1.222853
1.223576
1.223450
1.222935
1.223700
1.223419
1.224181
1.224167
1.224297
1.224077
1.223452
1.224831
1.225409
1.225414
1.225446
1.225377
1.227458
1.226955
1.227167
1.227371
1.227978
1.226876
1.230605
1.230263
1.229130
1.231503
1.230268
1.228934
1.221632
1.207191
1.208445
1.207681
1.207678
1.208061
1.208016
1.207919
1.208224
1.207121
1.207196
1.206683
1.206388
1.207415
1.206720
1.208157
1.207682
1.207028
1.206446
1.206958
1.206411
1.204816
1.203328
1.201584
1.201259
1.201456
1.200568
1.200919
1.201910
1.203479
1.205325
1.206970
1.208321
1.209458
1.209826
1.210843
1.210830
1.211975
1.213477
1.213033
1.214284
1.215036
1.215740
1.215159
1.215755
1.215624
1.214871
1.216400
1.216652
1.217098
1.216442
1.216701
1.216043
1.216191
1.215916
1.216368
1.217297
1.217086
1.216964
1.217165
1.217862
1.216893
1.217422
1.217382
1.217293
1.218177
1.217008
1.216810
1.216815
1.216959
1.217178
1.217213
1.217097
1.216859
1.218250
1.217409
1.217465
1.217194
1.217309
1.217429
1.217464
1.217136
1.216781
1.216785
1.216373
1.216488
1.217332
1.217352
1.216549
1.216558
1.217287
1.216739
1.217251
1.215832
1.214075
1.213616
1.212375
1.212679
1.212451
1.212084
1.212085
1.213163
1.212614
1.212229
1.212194
1.211385
1.211702
1.210911
1.210824
1.210602
1.210493
1.210335
1.209198
1.209213
1.209168
1.217917
1.235480
1.235824
1.235393
1.235218
1.235319
1.233949
1.234024
1.234473
1.234354
1.233402
1.232554
1.232970
1.231421
1.229866
1.228562
1.230369
1.228292
1.229818
1.228686
1.228138
1.228646
1.227880
1.229168
1.229135
1.227003
1.227598
1.227816
1.226467
1.226782
1.226295
1.226090
1.225825
1.224675
1.225179
1.225328
1.226314
1.226028
1.225694
1.224884
1.225846
1.226813
1.225587
1.225801
1.224676
1.225564
1.225153
1.224570
1.224265
1.223778
1.224127
1.223981
1.224256
1.223473
1.222194
1.222270
1.222020
1.221712
1.221616
1.222384
1.222594
1.222500
1.222146
1.222247
1.222508
1.221748
1.221287
1.221148
1.221185
1.221074
1.221057
1.219413
1.212228
1.197927
1.195771
1.195920
1.194843
1.196579
1.195684
1.195615
1.197206
1.195827
1.197168
1.196126
1.194895
1.195026
1.195705
1.195153
1.194916
1.195130
1.194915
1.196200
1.195933
1.195251
1.195515
1.195198
1.194903
1.193627
1.194454
1.193610
1.193997
1.194466
1.193399
1.193010
1.193002
1.193777
1.192419
1.191448
1.191427
1.192977
1.192446
1.192076
1.191938
1.191604
1.192361
1.191458
1.190314
1.189993
1.190645
1.189710
1.189243
1.189700
1.189461
1.189529
1.187952
1.187934
1.188972
1.189404
1.188311
1.187036
1.186831
1.186410
1.186777
1.187063
1.187201
1.186382
1.185596
1.185260
1.184957
1.185032
1.184490
1.185077
1.184636
1.184778
1.183729
1.182788
1.184098
1.183771
1.183366
1.182422
1.183251
1.183184
1.183427
1.182936
1.183360
1.183578
1.182490
1.182179
1.183550
1.184171
1.183578
1.182768
1.182451
1.183125
1.185074
1.183869
1.183742
1.183556
1.182597
1.183081
1.184323
1.183860
1.183376
1.183566
1.181963
1.182650
1.183081
1.182278
1.181871
1.180740
1.178541
1.179305
1.181027
1.180286
1.180986
1.179292
1.177596
1.184278
1.204428
1.204997
1.204894
1.204090
1.201499
1.204448
1.205127
1.204930
1.202892
1.198745
1.198515
1.202892
1.204268
1.203380
1.202982
1.197439
1.197032
1.202692
1.201433
1.201438
1.201736
1.195614
1.195783
1.201150
1.201189
1.200273
1.200246
1.190541
1.194677
1.200023
1.198124
1.198092
1.196832
1.183975
1.190054
1.197470
1.196145
1.194838
1.190162
1.175441
1.183554
1.191539
1.190325
1.188794
1.183268
1.165125
1.174452
1.181203
1.181877
1.181008
1.172261
1.152729
1.164753
1.176370
1.174684
1.170300
1.157138
1.139254
1.156590
1.167632
1.165580
1.164623
1.147488
1.127911
1.144360
1.156300
1.156639
1.155849
1.131961
1.120201
1.140812
1.145004
1.127266
1.119505
1.092655
1.083773
1.108539
1.118167
1.118184
1.112320
1.076373
1.074908
1.103054
1.110763
1.109162
1.103131
1.068465
1.072660
1.099156
1.101770
1.100597
1.089426
1.055551
1.067796
1.096632
1.095370
1.092619
1.073019
1.044194
1.062529
1.087224
1.086248
1.083817
1.059515
1.034344
1.050700
1.073841
1.070734
1.069376
1.041651
1.025082
1.040155
1.061602
1.056839
1.050301
1.020700
1.011150
1.029930
1.046566
1.043009
1.033266
1.006661
1.003196
1.015498
1.026640
1.024942
1.018342
0.996076
0.998934
1.005424
1.011506
1.006858
1.000914
0.986563
0.993551
0.997934
1.000205
0.995390
0.989454
0.979492
0.983706
0.984467
0.989236
0.986127
0.982761
0.975197
0.978333
0.979182
0.982053
0.981152
0.979483
0.975691
0.979437
0.980497
0.982291
0.980377
0.976770
0.974959
0.982933
0.983077
0.986542
0.984751
0.980967
0.978372
0.983906
0.984066
0.988496
0.988223
0.985362
0.982609
0.988315
0.988286
0.991969
0.990967
0.988058
0.986746
0.994822
0.994411
0.997367
0.997084
0.994637
0.995224
1.000836
1.001661
1.006544
1.008489
1.006535
1.024712
1.031882
1.033309
1.037635
1.038505
1.037442
1.040398
1.042540
1.041908
1.045550
1.046587
1.046269
1.050646
1.053403
1.050254
1.053995
1.055161
1.055215
1.058509
1.061417
1.059590
1.066845
1.067829
1.066459
1.070966
1.072734
1.071964
1.076831
1.079723
1.078323
1.083965
1.085181
1.083151
1.087813
1.090741
1.090940
1.097906
1.100805
1.098260
1.102508
1.104307
1.101667
1.108398
1.112100
1.112422
1.114669
1.116125
1.114841
1.120631
1.121573
1.120921
1.124676
1.126928
1.127174
1.132655
1.134280
1.131211
1.134285
1.136744
1.139652
1.143906
1.145558
1.145127
1.146573
1.145952
1.149029
1.152238
1.154844
1.154062
1.155945
1.156778
1.155261
1.146526
1.140724
1.139943
1.142112
1.144145
1.147525
1.149408
1.150385
1.150365
1.151819
1.154290
1.156858
1.157314
1.158816
1.158548
1.159312
1.160551
1.163015
1.164491
1.165578
1.165196
1.165950
1.169189
1.169157
1.169963
1.169691
1.170669
1.172909
1.173998
1.174373
1.175525
1.176271
1.176816
1.179091
1.179588
1.180534
1.180588
1.180238
1.179882
1.180015
1.181349
1.180392
1.181147
1.180989
1.180871
1.181326
1.180409
1.179059
1.179874
1.180887
1.180909
1.181178
1.180580
1.180707
1.181608
1.180412
1.180280
1.180665
1.182392
1.180956
1.180924
1.181005
1.180446
1.181678
1.180964
1.180772
1.181499
1.182956
1.182460
1.182241
1.181942
1.181075
1.182872
1.182165
1.182268
1.181527
1.183666
1.183155
1.182554
1.182199
1.182699
1.183864
1.183573
1.183712
1.183640
1.184661
1.184348
1.183841
1.184132
1.183921
1.185424
1.184484
1.184433
1.185434
1.185430
1.184340
1.184220
1.183664
1.185415
1.187000
1.186002
1.185561
1.184695
1.184574
1.185713
1.185082
1.185642
1.186202
1.187351
1.186482
1.186653
1.187677
1.187217
1.188589
1.189079
1.205028
1.216047
1.216739
1.216285
1.216214
1.216702
1.217690
1.220071
1.220490
1.219181
1.218665
1.220460
1.219949
1.221137
1.222054
1.222003
1.224149
1.224511
1.225389
1.226387
1.226068
1.225834
1.227490
1.228142
1.228814
1.230052
1.229467
1.229819
1.230006
1.230267
1.230463
1.231844
1.231939
1.232638
1.233245
1.233142
1.232941
1.233218
1.233775
1.235570
1.234652
1.236143
1.234664
1.234631
1.234289
1.234481
1.235476
1.236041
1.236855
1.237427
1.236585
1.235831
1.236160
1.235719
1.236181
1.236345
1.236243
1.236823
1.235192
1.235756
1.234809
1.236234
1.237013
1.237132
1.237905
1.237457
1.238436
1.236957
1.237565
1.237898
1.237815
1.234248
1.225246
1.212431
1.211802
1.213261
1.213438
1.213673
1.212997
1.212869
1.213880
1.213918
1.213448
1.213378
1.214620
1.214074
1.213325
1.213372
1.213593
1.214942
1.214722
1.214820
1.214390
1.214649
1.214213
1.213693
1.213958
1.213746
1.213683
1.213328
1.213315
1.213630
1.214830
1.215183
1.214834
1.214440
1.214042
1.214929
1.216405
1.215018
1.215447
1.215391
1.215280
1.214647
1.214590
1.213948
1.215393
1.215807
1.215867
1.215158
1.215365
1.216084
1.215504
1.215644
1.214841
1.215901
1.215420
1.215449
1.215381
1.215236
1.215896
1.215386
1.215393
1.215129
1.215533
1.216201
1.215939
1.215718
1.215689
1.217058
1.215839
1.215399
1.214890
1.215943
1.215880
1.216117
1.216132
1.216477
1.217192
1.216923
1.216443
1.215699
1.215855
1.216300
1.216862
1.216807
1.216244
1.217322
1.216220
1.216505
1.215985
1.215662
1.216837
1.217154
1.217077
1.216922
1.217269
1.216692
1.216181
1.215346
1.215142
1.215622
1.215979
1.215234
1.215963
1.217072
1.216182
1.215979
1.215105
1.214332
1.215459
1.215540
1.215975
1.215128
1.216108
1.215738
1.216052
1.225880
1.239665
1.239956
1.240394
1.241129
1.241300
1.241235
1.241210
1.240005
1.240520
1.239699
1.239060
1.238653
1.239931
1.240094
1.239341
1.239052
1.238049
1.238627
1.238806
1.238750
1.238077
1.238114
1.238957
1.239202
1.240713
1.239875
1.239141
1.238761
1.238894
1.238686
1.238961
1.239100
1.239224
1.239846
1.239291
1.239149
1.238717
1.239152
1.238952
1.238443
1.238703
1.240352
1.241040
1.240826
1.240741
1.241150
1.240845
1.240481
1.240361
1.241375
1.241862
1.242558
1.241710
1.241468
1.241506
1.241310
1.240695
1.240372
1.240466
1.240699
1.242208
1.242030
1.240800
1.240360
1.240483
1.240293
1.239012
1.239563
1.239808
1.240469
1.237770
1.230370
1.214697
1.213061
1.213729
1.213775
1.213660
1.212749
1.215335
1.215118
1.214263
1.213688
1.212723
1.211272
1.208674
1.205394
1.204358
1.205443
1.205265
1.204975
1.204644
1.203685
1.199922
1.196101
1.194293
1.195275
1.196471
1.196529
1.195401
1.193920
1.194276
1.194358
1.192012
1.191692
1.191722
1.192802
1.194377
1.194958
1.195644
1.194026
1.193997
1.195130
1.195785
1.195551
1.195038
1.196623
1.197334
1.196328
1.195680
1.195905
1.196549
1.196979
1.198289
1.198652
1.199717
1.199096
1.198206
1.198040
1.198854
1.198947
1.197481
1.198651
1.199675
1.202094
1.200380
1.199437
1.199570
1.199740
1.200648
1.199375
1.198073
1.198199
1.199591
1.198041
1.197814
1.197557
1.197055
1.196525
1.193485
1.192412
1.191382
1.192123
1.190445
1.189734
1.189235
1.188605
1.188517
1.186205
1.186167
1.186267
1.187003
1.186032
1.186313
1.185998
1.185771
1.185899
1.183496
1.183906
1.183398
1.183855
1.183351
1.183057
1.182413
1.183238
1.182839
1.182093
1.181377
1.181069
1.180745
1.180406
1.180354
1.177726
1.177261
1.175706
1.173980
1.174362
1.178687
1.196530
1.196222
1.195347
1.191854
1.189275
1.187071
1.185972
1.183519
1.181703
1.178669
1.175936
1.172201
1.169359
1.164606
1.164110
1.162335
1.159675
1.157116
1.154720
1.153100
1.149408
1.146612
1.140337
1.138893
1.140351
1.139140
1.136495
1.134835
1.132508
1.129816
1.126501
1.118128
1.116440
1.118739
1.118056
1.115807
1.112627
1.110373
1.107259
1.102265
1.094103
1.092331
1.093224
1.094136
1.092376
1.088901
1.087179
1.084083
1.079026
1.071997
1.070863
1.070639
1.072470
1.070717
1.068586
1.066224
1.064183
1.059668
1.052853
1.051939
1.052759
1.055155
1.055268
1.053264
1.053913
1.052056
1.049715
1.046655
1.046711
1.049867
1.053373
1.050849
1.037169
1.037374
1.039993
1.041604
1.044378
1.047333
1.052021
1.057887
1.063498
1.067783
1.074022
1.077959
1.082453
1.086950
1.091420
1.096457
1.100668
1.104492
1.108561
1.113667
1.117598
1.121297
1.124721
1.126501
1.129922
1.131836
1.133266
1.134164
1.138135
1.143237
1.146289
1.149445
1.151022
1.154742
1.156532
1.157223
1.157501
1.159398
1.164483
1.165750
1.167661
1.167806
1.170557
1.171576
1.172096
1.171153
1.171216
1.175968
1.176592
1.179534
1.179569
1.181163
1.182692
1.183461
1.181664
1.180264
1.183130
1.183841
1.185377
1.183851
1.184611
1.186334
1.186870
1.185074
1.182253
1.185104
1.186617
1.188213
1.188539
1.190349
1.191486
1.191888
1.190940
1.189877
1.191457
1.194052
1.195813
1.196194
1.196397
1.197705
1.197829
1.199205
1.199033
1.200906
1.202036
1.203950
1.205754
1.206485
1.208665
1.208987
1.210053
1.211277
1.211832
1.211963
1.212094
1.211884
1.212031
1.211776
1.212009
1.212810
1.213384
1.213295
1.213540
1.213039
1.212747
1.211558
1.213626
1.213967
1.213964
1.213956
1.214424
1.214167
1.214141
1.214649
1.216626
1.237703
1.240885
1.241314
1.241648
1.242226
1.242543
1.241870
1.241942
1.242516
1.242936
1.242511
1.242420
1.241607
1.242066
1.243699
1.242993
1.242915
1.242122
1.243213
1.242737
1.242412
1.242461
1.241271
1.243305
1.242765
1.242833
1.243118
1.242478
1.241474
1.243013
1.243502
1.242973
1.243330
1.242910
1.242644
1.243430
1.244078
1.242386
1.240147
1.240523
1.240985
1.241783
1.241788
1.240367
1.240513
1.242000
1.242310
1.241544
1.240708
1.240944
1.242203
1.242290
1.242598
1.241562
1.241372
1.243535
1.242270
1.241783
1.239585
1.240668
1.241854
1.241807
1.241650
1.241869
1.241549
1.242248
1.242651
1.242527
1.243109
1.242701
1.242085
1.236829
1.223680
1.217420
1.216147
1.216332
1.217080
1.217670
1.217839
1.217211
1.216531
1.216108
1.217570
1.216979
1.216198
1.216428
1.216951
1.217719
1.217569
1.217257
1.216052
1.217227
1.217337
1.217003
1.217036
1.215741
1.216096
1.216269
1.216459
1.215619
1.216089
1.215566
1.216731
1.216854
1.216598
1.216958
1.215964
1.216347
1.217265
1.217980
1.217033
1.216664
1.217134
1.217788
1.218238
1.217974
1.215345
1.215884
1.217314
1.217418
1.217200
1.215785
1.216796
1.217657
1.217526
1.217023
1.216651
1.216984
1.217090
1.216505
1.215994
1.214720
1.216044
1.216085
1.216310
1.216120
1.215332
1.216083
1.216120
1.215612
1.214834
1.214618
1.214762
1.215407
1.216148
1.216033
1.215507
1.215047
1.215732
1.215617
1.216420
1.215112
1.215136
1.215776
1.216062
1.216667
1.214718
1.214689
1.215513
1.216580
1.216323
1.215374
1.216082
1.216682
1.217018
1.215958
1.215107
1.214516
1.216310
1.216891
1.216800
1.215497
1.214453
1.215813
1.215893
1.216320
1.215668
1.216255
1.217528
1.216212
1.215954
1.215091
1.215072
1.216779
1.217052
1.217507
1.218023
1.236072
1.242384
1.243337
1.243606
1.244786
1.243566
1.244100
1.244979
1.243305
1.243094
1.242680
1.243882
1.243518
1.243777
1.243639
1.242963
1.244351
1.244010
1.244835
1.244070
1.242639
1.243927
1.244553
1.245531
1.244568
1.243190
1.244585
1.245772
1.245599
1.245459
1.244366
1.245317
1.245219
1.244592
1.244361
1.243697
1.245149
1.244800
1.245314
1.243678
1.243302
1.245329
1.245350
1.245309
1.245321
1.244702
1.245557
1.245621
1.245493
1.245192
1.243891
1.244756
1.245230
1.245268
1.244921
1.244113
1.244001
1.243685
1.243625
1.244382
1.243475
1.244001
1.243840
1.245306
1.244451
1.243705
1.245520
1.245847
1.246182
1.246103
1.244658
1.240552
1.229570
1.218437
1.217985
1.218879
1.219894
1.219802
1.220234
1.219305
1.217495
1.216814
1.218020
1.218501
1.219622
1.218233
1.219940
1.218534
1.216670
1.215404
1.216277
1.217436
1.217490
1.215832
1.216114
1.215475
1.213616
1.213207
1.214620
1.214795
1.215317
1.213835
1.213943
1.214710
1.213866
1.213225
1.214558
1.215228
1.213934
1.213928
1.213988
1.213087
1.212458
1.213369
1.214119
1.214508
1.215110
1.213901
1.211897
1.211256
1.211471
1.211070
1.211314
1.211733
1.211447
1.212398
1.212022
1.212515
1.211223
1.211962
1.211933
1.211339
1.212053
1.211157
1.209932
1.209607
1.211244
1.210575
1.210049
1.209931
1.210245
1.211340
1.210045
1.209766
1.209569
1.211336
1.210084
1.208910
1.209006
1.209911
1.209469
1.208684
1.208417
1.208230
1.207696
1.208548
1.208284
1.207504
1.203372
1.202236
1.200285
1.198993
1.198647
1.198149
1.198180
1.198958
1.199182
1.201192
1.201317
1.201152
1.200107
1.200544
1.200737
1.202115
1.202652
1.203600
1.202415
1.202449
1.200870
1.199983
1.200256
1.200295
1.202427
1.202443
1.202550
1.201789
1.201440
1.211633
1.222036
1.223826
1.224158
1.225348
1.225554
1.225644
1.224432
1.223418
1.220402
1.219713
1.221486
1.220706
1.222564
1.222673
1.222125
1.220492
1.219558
1.216841
1.216286
1.214904
1.212207
1.210704
1.210664
1.209906
1.209095
1.207688
1.206952
1.206900
1.206277
1.205236
1.205497
1.204846
1.204739
1.202540
1.200336
1.199571
1.199896
1.198484
1.193143
1.186975
1.193612
1.197360
1.195842
1.190954
1.193569
1.192802
1.177713
1.175014
1.156859
1.182450
1.191476
1.189702
1.187205
1.189643
1.181657
1.157483
1.157955
1.147265
1.187106
1.192957
1.191950
1.190124
1.192638
1.173071
1.162382
1.147593
1.172040
1.201900
1.201290
1.199673
1.198864
1.190244
1.143755
1.148562
1.137456
1.182682
1.187062
1.185961
1.186304
1.187693
1.177608
1.157152
1.146606
1.174954
1.189009
1.188131
1.186664
1.186248
1.187308
1.175809
1.162286
1.165419
1.185874
1.184281
1.184470
1.181296
1.183239
1.184874
1.173653
1.169724
1.183922
1.184892
1.184095
1.183313
1.183412
1.185418
1.182585
1.176520
1.183534
1.185217
1.184266
1.183438
1.184317
1.183687
1.187187
1.181113
1.182621
1.185940
1.184380
1.184919
1.184765
1.186269
1.187349
1.185153
1.182300
1.186088
1.186761
1.186178
1.186265
1.185976
1.187266
1.187841
1.182089
1.184382
1.186006
1.186081
1.185715
1.186167
1.186820
1.187864
1.186481
1.184528
1.187177
1.186678
1.187165
1.187369
1.187749
1.187450
1.188704
1.186670
1.186549
1.186700
1.186604
1.187072
1.186501
1.186870
1.187069
1.187677
1.186434
1.185251
1.184402
1.183642
1.182466
1.181941
1.181340
1.181189
1.179703
1.178291
1.176307
1.174111
1.172083
1.171710
1.170219
1.170096
1.168588
1.167352
1.166291
1.163961
1.162809
1.162856
1.163081
1.163005
1.164430
1.164615
1.164460
1.165049
1.172150
1.191198
1.191599
1.193053
1.194925
1.197292
1.196941
1.197520
1.198310
1.198811
1.198024
1.198038
1.199653
1.202992
1.203750
1.205299
1.205767
1.206405
1.206800
1.207597
1.208132
1.209422
1.212301
1.211832
1.212319
1.212246
1.213359
1.212412
1.211988
1.211793
1.212565
1.214552
1.213163
1.213048
1.212791
1.213394
1.212454
1.211526
1.212472
1.213048
1.214570
1.214468
1.215600
1.215743
1.217091
1.217191
1.217522
1.218854
1.220048
1.222610
1.223558
1.224011
1.224871
1.225613
1.225860
1.225181
1.225659
1.226230
1.226594
1.226317
1.226382
1.226093
1.226365
1.225773
1.225098
1.225864
1.225908
1.226643
1.225935
1.226076
1.225656
1.223403
1.217348
1.200122
1.199052
1.200156
1.199308
1.198587
1.198146
1.197289
1.197104
1.196131
1.193887
1.193296
1.192431
1.191278
1.189167
1.187816
1.186045
1.183795
1.182276
1.180314
1.178415
1.175377
1.172746
1.169081
1.165015
1.162497
1.158828
1.157383
1.154673
1.151918
1.150595
1.147509
1.144638
1.141632
1.138899
1.136574
1.135157
1.132432
1.129698
1.127462
1.123492
1.121076
1.118475
1.116474
1.113904
1.113417
1.110449
1.109186
1.108399
1.107120
1.105409
1.105195
1.104416
1.103234
1.103497
1.103714
1.103904
1.104760
1.105465
1.107590
1.108494
1.109694
1.111854
1.114528
1.116487
1.118418
1.120334
1.122037
1.123919
1.124086
1.124292
1.124751
1.125903
1.127244
1.127141
1.128611
1.128801
1.129617
1.129317
1.129003
1.129798
1.130114
1.131129
1.131265
1.133109
1.133329
1.134807
1.135204
1.136746
1.138085
1.140383
1.142324
1.143904
1.145195
1.146770
1.149341
1.150300
1.152153
1.154043
1.155455
1.157919
1.159226
1.161197
1.162659
1.165103
1.165399
1.166009
1.166738
1.168441
1.170515
1.171097
1.172820
1.173979
1.175647
1.177047
1.181040
1.203911
1.206409
1.207906
1.208326
1.209242
1.210365
1.211892
1.211402
1.211808
1.212338
1.212543
1.213731
1.213645
1.214769
1.215286
1.215104
1.215767
1.215564
1.215919
1.216021
1.216862
1.217868
1.216260
1.217076
1.217371
1.218039
1.217988
1.218607
1.218616
1.219847
1.219943
1.220124
1.220251
1.220064
1.220804
1.220300
1.220021
1.219708
1.220915
1.220934
1.221065
1.221137
1.220790
1.221913
1.221160
1.221246
1.220911
1.220842
1.221442
1.221248
1.221260
1.221257
1.222104
1.221974
1.221457
1.221499
1.221582
1.222388
1.222155
1.222180
1.222329
1.223307
1.223109
1.222311
1.222667
1.222557
1.223960
1.223207
1.223504
1.222453
1.223509
1.216427
1.200984
1.196756
1.197120
1.198046
1.197880
1.198021
1.197240
1.198661
1.197110
1.196982
1.196685
1.196188
1.197710
1.197351
1.196829
1.196718
1.197455
1.198090
1.198834
1.198050
1.198328
1.199368
1.198794
1.197980
1.198372
1.199076
1.199717
1.198878
1.198863
1.198921
1.199578
1.198910
1.198905
1.198451
1.198955
1.199708
1.198689
1.199031
1.198404
1.200425
1.199911
1.200112
1.201391
1.201426
1.202605
1.202917
1.201799
1.201650
1.201851
1.201095
1.200782
1.201355
1.200881
1.201864
1.201254
1.201105
1.202103
1.202027
1.201134
1.200767
1.200724
1.199625
1.201170
1.200392
1.201279
1.200563
1.201201
1.201755
1.200520
1.200357
1.199983
1.201633
1.202039
1.202845
1.204173
1.204149
1.207252
1.207961
1.208406
1.208820
1.210001
1.210123
1.210656
1.211251
1.211302
1.212568
1.212517
1.212837
1.213288
1.214121
1.213530
1.213825
1.213775
1.213351
1.214173
1.214051
1.213333
1.212580
1.214006
1.214098
1.214211
1.214390
1.214210
1.215330
1.213887
1.213930
1.214011
1.213557
1.213986
1.213824
1.213722
1.213161
1.215065
1.214241
1.214467
1.235896
1.240293
1.241351
1.241410
1.241586
1.241724
1.242421
1.242063
1.241382
1.241277
1.239306
1.239948
1.239864
1.240369
1.239786
1.241485
1.240227
1.240204
1.240034
1.240189
1.240909
1.240786
1.240446
1.240383
1.240943
1.240549
1.240232
1.239890
1.240345
1.241511
1.241761
1.241236
1.241174
1.241619
1.241860
1.240408
1.239788
1.239285
1.240156
1.240109
1.239950
1.241190
1.242058
1.241905
1.241082
1.241278
1.239706
1.240525
1.240018
1.239773
1.239639
1.239189
1.239719
1.239107
1.239187
1.238474
1.239256
1.238604
1.238632
1.238238
1.238584
1.238547
1.238254
1.238106
1.238310
1.238234
1.238636
1.237962
1.237755
1.237580
1.238558
1.232812
1.220378
1.211713
1.211915
1.212134
1.212191
1.212363
1.212412
1.212963
1.212630
1.212695
1.213350
1.213747
1.213738
1.213059
1.213267
1.212664
1.213880
1.213548
1.213098
1.213833
1.213892
1.214086
1.214422
1.213641
1.213290
1.214249
1.213772
1.213420
1.213413
1.213614
1.213803
1.214203
1.213465
1.213547
1.214385
1.214052
1.213878
1.214165
1.214176
1.215088
1.215122
1.215230
1.215395
1.216981
1.216071
1.215392
1.215976
1.215793
1.216602
1.216084
1.215608
1.215127
1.216118
1.215928
1.214895
1.216304
1.215616
1.215712
1.215591
1.215165
1.214538
1.214931
1.215110
1.215199
1.215473
1.215616
1.216066
1.215324
1.215791
1.215962
1.216666
1.217088
1.217079
1.217212
1.217002
1.217499
1.217324
1.216951
1.217258
1.216668
1.218147
1.218083
1.219680
1.217608
1.219844
1.219068
1.218309
1.218848
1.218715
1.219751
1.218814
1.217774
1.217947
1.219643
1.220040
1.218912
1.220194
1.219592
1.219611
1.218664
1.218566
1.219133
1.219725
1.219130
1.219440
1.218671
1.218359
1.219094
1.218391
1.217619
1.218210
1.218032
1.218064
1.217027
1.218718
1.234122
1.245105
1.245908
1.245945
1.245875
1.245232
1.245172
1.244337
1.244128
1.244950
1.246083
1.245685
1.246443
1.245756
1.246453
1.245806
1.244958
1.244940
1.245262
1.245491
1.245891
1.244853
1.245881
1.243991
1.245614
1.244830
1.245091
1.244863
1.245605
1.246653
1.246640
1.246528
1.245992
1.246064
1.245917
1.245820
1.245993
1.246337
1.246968
1.246442
1.245770
1.245193
1.246111
1.246004
1.246063
1.246795
1.246760
1.247523
1.246793
1.246769
1.246461
1.247247
1.246542
1.246291
1.246746
1.246711
1.247376
1.246920
1.246948
1.246001
1.245893
1.245542
1.244975
1.245607
1.245781
1.246714
1.246514
1.246891
1.247543
1.247371
1.247482
1.242390
1.232763
1.221052
1.220935
1.220689
1.220564
1.220943
1.220664
1.220782
1.220511
1.220758
1.220667
1.221046
1.220255
1.220816
1.220350
1.221445
1.220102
1.219789
1.219608
1.219814
1.220565
1.219796
1.220303
1.219647
1.219216
1.219853
1.219412
1.219540
1.219332
1.219882
1.219118
1.219227
1.219322
1.218982
1.219494
1.219064
1.219104
1.219020
1.220372
1.220357
1.219596
1.219425
1.219679
1.220849
1.220535
1.220008
1.220386
1.220393
1.220301
1.220003
1.219699
1.219738
1.220520
1.219499
1.219400
1.219338
1.219299
1.219743
1.219243
1.219241
1.218998
1.219576
1.218104
1.218069
1.217940
1.217520
1.218475
1.218712
1.218801
1.218005
1.218812
1.218391
1.218235
1.218073
1.217733
1.219175
1.219242
1.218836
1.218258
1.218618
1.218055
1.217355
1.218144
1.218204
1.219411
1.219616
1.218482
1.218394
1.218773
1.218580
1.218268
1.218181
1.218275
1.218471
1.217916
1.217377
1.217158
1.216884
1.217046
1.216993
1.216872
1.216831
1.217002
1.216609
1.216360
1.215844
1.216524
1.216517
1.216236
1.216240
1.215822
1.216822
1.215574
1.217110
1.216571
1.227273
1.243041
1.242135
1.242769
1.241112
1.242849
1.243023
1.242527
1.242335
1.242437
1.243391
1.242390
1.242184
1.241937
1.243138
1.243157
1.242087
1.241845
1.241376
1.243032
1.242293
1.241716
1.240911
1.241081
1.240972
1.240668
1.240709
1.240752
1.241412
1.242746
1.241850
1.242488
1.242514
1.242760
1.243280
1.243489
1.242755
1.244041
1.243213
1.243820
1.243205
1.242610
1.242272
1.241729
1.241611
1.241223
1.241599
1.242253
1.241828
1.241671
1.242655
1.243353
1.241863
1.242526
1.242291
1.242880
1.242654
1.242558
1.242301
1.242716
1.243270
1.242681
1.241893
1.241810
1.241191
1.243023
1.243090
1.242745
1.242642
1.243081
1.241565
1.240075
1.233444
1.218134
1.217675
1.217343
1.217278
1.217162
1.217837
1.217818
1.218648
1.219121
1.218757
1.219663
1.218774
1.217644
1.217780
1.219085
1.217874
1.217742
1.218548
1.217707
1.218354
1.217223
1.217511
1.216832
1.217653
1.217052
1.217243
1.217440
1.217108
1.217902
1.217461
1.217464
1.217481
1.217874
1.217695
1.217278
1.218039
1.217347
1.218419
1.217899
1.218339
1.218403
1.218794
1.218896
1.218391
1.217802
1.217995
1.218347
1.218783
1.218122
1.217939
1.218361
1.218147
1.219144
1.219554
1.218857
1.219784
1.219361
1.218953
1.219434
1.219800
1.219685
1.218989
1.218551
1.218432
1.219709
1.219229
1.219069
1.219402
1.219335
1.219383
1.218686
1.218745
1.218593
1.219102
1.218573
1.218234
1.218367
1.218076
1.219289
1.218227
1.218402
1.218409
1.218722
1.218848
1.218721
1.218624
1.218753
1.219514
1.218993
1.218826
1.218436
1.218219
1.218552
1.218200
1.218511
1.218035
1.219246
1.218272
1.217691
1.218070
1.218151
1.219089
1.218504
1.218694
1.218011
1.218253
1.217251
1.217076
1.217340
1.217032
1.217988
1.217924
1.218158
1.218123
1.224321
1.244038
1.245062
1.245121
1.245418
1.245713
1.245281
1.245039
1.244696
1.244864
1.245304
1.244782
1.244809
1.244497
1.244863
1.244859
1.244875
1.244507
1.244467
1.245349
1.244432
1.244468
1.244045
1.244972
1.245057
1.245112
1.245751
1.245861
1.246170
1.245632
1.244838
1.245395
1.246176
1.245992
1.246016
1.245973
1.245956
1.246233
1.245306
1.245445
1.245265
1.246711
1.244968
1.245337
1.245562
1.245043
1.245098
1.244489
1.244423
1.244562
1.246167
1.245331
1.244982
1.244693
1.245470
1.245912
1.244832
1.245158
1.244640
1.246617
1.246619
1.245975
1.246774
1.247414
1.247184
1.246490
1.246513
1.247049
1.246653
1.248043
1.247240
1.246341
1.238221
1.223652
1.220624
1.220531
1.219600
1.221596
1.221820
1.220908
1.221441
1.220208
1.221008
1.219158
1.218821
1.218543
1.217728
1.218399
1.218156
1.218919
1.219400
1.220058
1.219691
1.218174
1.218744
1.218246
1.219038
1.218449
1.218230
1.218295
1.218925
1.218733
1.218656
1.218393
1.219152
1.219459
1.219304
1.218137
1.218188
1.218517
1.219386
1.218732
1.218178
1.218451
1.219807
1.218851
1.219519
1.219652
1.219410
1.219691
1.219544
1.219599
1.219774
1.220342
1.219876
1.219699
1.219295
1.219510
1.220185
1.219160
1.218185
1.218201
1.218541
1.218084
1.218624
1.219022
1.218728
1.219341
1.219392
1.219110
1.219391
1.219225
1.218908
1.218701
1.219113
1.218656
1.219087
1.218943
1.218741
1.218216
1.218497
1.219344
1.219539
1.219846
1.218548
1.219158
1.219425
1.219245
1.218954
1.219256
1.220129
1.219885
1.220181
1.219782
1.220241
1.219960
1.219515
1.218721
1.218604
1.219561
1.219474
1.219693
1.219039
1.220307
1.219778
1.218877
1.219198
1.218439
1.218206
1.217135
1.217555
1.219133
1.219729
1.219589
1.219550
1.219125
1.219853
1.222084
1.243554
1.246374
1.246607
1.246775
1.246902
1.247095
1.247408
1.247041
1.247631
1.247277
1.246838
1.246875
1.246835
1.247085
1.246979
1.246457
1.246240
1.247154
1.246954
1.246415
1.246562
1.246477
1.247109
1.247128
1.247233
1.246589
1.247786
1.247141
1.247284
1.247342
1.247441
1.247727
1.247208
1.247055
1.246853
1.245444
1.245396
1.246699
1.246317
1.247147
1.247178
1.246533
1.247016
1.247381
1.247483
1.247423
1.247479
1.247673
1.246789
1.247287
1.247182
1.246701
1.247075
1.247381
1.247460
1.247042
1.246840
1.246191
1.246887
1.246859
1.246479
1.246009
1.247284
1.248191
1.247424
1.246914
1.246659
1.247968
1.247231
1.247063
1.247441
1.241451
1.228163
1.220267
1.220161
1.220934
1.220711
1.220951
1.221512
1.221380
1.221297
1.221777
1.222159
1.220693
1.219643
1.220554
1.221369
1.221938
1.220453
1.220804
1.221570
1.220747
1.219737
1.221233
1.221566
1.221385
1.219937
1.220031
1.219518
1.220208
1.219511
1.219532
1.219532
1.219565
1.219401
1.219103
1.219749
1.218420
1.218656
1.218929
1.218341
1.218234
1.217858
1.218496
1.218733
1.218324
1.219031
1.220534
1.220260
1.219622
1.219530
1.220623
1.220775
1.220187
1.221046
1.220674
1.221178
1.220429
1.219957
1.219361
1.219692
1.220492
1.220105
1.219903
1.220183
1.220173
1.220550
1.219736
1.219556
1.219727
1.220475
1.219261
1.219037
1.218522
1.218658
1.219205
1.218917
1.219132
1.219258
1.219593
1.219595
1.218333
1.218845
1.218029
1.218445
1.218319
1.218786
1.219808
1.220373
1.219840
1.219676
1.220097
1.220064
1.221123
1.220110
1.220320
1.219758
1.220396
1.220723
1.221104
1.220684
1.219749
1.220517
1.220863
1.220465
1.220125
1.220462
1.220303
1.219863
1.219469
1.219712
1.220626
1.220020
1.219542
1.219463
1.220250
1.220420
1.239055
1.246980
1.247202
1.247527
1.247717
1.247922
1.247800
1.247525
1.248088
1.247961
1.247944
1.247602
1.247957
1.247268
1.247549
1.247153
1.247334
1.246436
1.246614
1.246010
1.245208
1.246351
1.245630
1.245121
1.245696
1.245615
1.246660
1.245815
1.246235
1.245911
1.246051
1.246741
1.246597
1.246542
1.246085
1.246926
1.246591
1.246058
1.245552
1.246565
1.247250
1.246790
1.246494
1.245661
1.246347
1.245667
1.246877
1.247323
1.246642
1.246662
1.246095
1.245515
1.245614
1.246721
1.247155
1.247313
1.245846
1.245596
1.245900
1.246145
1.245605
1.244687
1.246490
1.245949
1.246030
1.245078
1.245599
1.245530
1.245641
1.246239
1.245841
1.242146
1.230659
1.219550
1.219124
1.219026
1.220027
1.219860
1.220250
1.219150
1.219870
1.220070
1.220041
1.219710
1.219453
1.220618
1.220239
1.219352
1.219252
1.219332
1.220018
1.220195
1.220005
1.220354
1.221156
1.219488
1.218406
1.218436
1.218523
1.219001
1.218566
1.219471
1.219538
1.220417
1.219328
1.219049
1.219558
1.219797
1.220731
1.220784
1.221125
1.220497
1.220546
1.220365
1.220099
1.220608
1.221204
1.222309
1.222486
1.221783
1.221808
1.221777
1.221085
1.220126
1.221522
1.222016
1.222585
1.222435
1.221796
1.220786
1.220862
1.219942
1.220003
1.219744
1.219128
1.219919
1.218932
1.220255
1.219543
1.219458
1.220856
1.221573
1.220496
1.219512
1.221424
1.221118
1.221281
1.221693
1.220905
1.222435
1.221185
1.220274
1.220123
1.220867
1.220956
1.221550
1.221945
1.221353
1.221619
1.220884
1.220164
1.220403
1.222144
1.222110
1.221928
1.220430
1.219649
1.220847
1.219958
1.220039
1.219617
1.220130
1.220261
1.218537
1.219005
1.219578
1.220324
1.219351
1.218702
1.219347
1.218972
1.219250
1.218550
1.218082
1.219226
1.220242
1.219755
1.233569
1.246086
1.246395
1.246918
1.246462
1.246235
1.247270
1.248235
1.246170
1.245845
1.245716
1.246687
1.247262
1.247035
1.247233
1.247029
1.247554
1.246937
1.247275
1.247283
1.246770
1.247608
1.247574
1.246618
1.247214
1.247506
1.247833
1.247497
1.247461
1.247311
1.248223
1.247824
1.247764
1.247888
1.248171
1.247547
1.247962
1.248153
1.246973
1.248004
1.247900
1.247622
1.248086
1.248552
1.248806
1.248217
1.247640
1.247692
1.247823
1.248626
1.247938
1.249441
1.249028
1.248771
1.248078
1.248351
1.247292
1.248015
1.247115
1.247615
1.247030
1.247378
1.247650
1.247295
1.247295
1.246853
1.247760
1.247563
1.247151
1.246343
1.246505
1.243820
1.234879
1.220230
1.218511
1.219537
1.220394
1.220623
1.220420
1.220288
1.221575
1.220450
1.220178
1.219996
1.220548
1.221794
1.221600
1.221058
1.220200
1.220893
1.218554
1.218151
1.218230
1.219288
1.221074
1.220740
1.219880
1.220720
1.220900
1.219524
1.220697
1.220362
1.219798
1.219733
1.219050
1.219939
1.220235
1.220266
1.220565
1.220676
1.220995
1.220642
1.220149
1.219983
1.219913
1.219966
1.220689
1.219062
1.219060
1.219019
1.220239
1.219372
1.219136
1.220157
1.219763
1.220103
1.219633
1.219674
1.220060
1.220326
1.219717
1.219902
1.219878
1.220282
1.220995
1.219721
1.219890
1.220011
1.220996
1.221061
1.220599
1.220997
1.220745
1.221153
1.221025
1.220891
1.220986
1.220979
1.221178
1.221304
1.221220
1.220931
1.221994
1.221141
1.220392
1.219898
1.220110
1.220709
1.220117
1.219523
1.219743
1.220816
1.220559
1.220079
1.220131
1.220276
1.221129
1.221228
1.229743
1.246886
1.248353
1.248026
1.247941
1.247702
1.248416
1.249326
1.248826
1.248747
1.248741
1.249075
1.248216
1.247821
1.247855
1.247720
1.248932
1.248219
1.247907
1.247829
1.247993
1.247856
1.247419
1.247384
1.247261
1.247914
1.248059
1.247719
1.247523
1.247391
1.247924
1.247736
1.247760
1.247791
1.248727
1.248144
1.247763
1.247882
1.247454
1.248399
1.247700
1.248440
1.248599
1.249580
1.249074
1.248977
1.249297
1.248848
1.249532
1.248608
1.248814
1.249045
1.249311
1.248967
1.248810
1.248608
1.248684
1.249223
1.248006
1.248003
1.246980
1.247562
1.247779
1.246998
1.247321
1.247672
1.248849
1.248327
1.247252
1.247030
1.246997
1.245510
1.239138
1.222631
1.220949
1.223087
1.222046
1.222135
1.223531
1.222995
1.222366
1.222915
1.224055
1.223206
1.223781
1.224359
1.222936
1.222982
1.222928
1.223002
1.223820
1.222602
1.222146
1.223847
1.222453
1.221864
1.222357
1.221638
1.221946
1.220122
1.220357
1.220303
1.221334
1.222302
1.221955
1.221889
1.221776
1.222004
1.221403
1.221288
1.221247
1.220919
1.221967
1.221514
1.221858
1.221021
1.222187
1.221210
1.220803
1.220142
1.220827
1.221153
1.219383
1.219317
1.220945
1.221121
1.220735
1.220809
1.220342
1.220400
1.220601
1.219683
1.220569
1.219739
1.218846
1.218680
1.220338
1.218562
1.219987
1.219578
1.219627
1.219945
1.220015
1.220445
1.220103
1.220299
1.220613
1.220478
1.220221
1.220639
1.220621
1.221443
1.221093
1.221094
1.220744
1.221318
1.221252
1.221582
1.221422
1.221353
1.222289
1.221406
1.220866
1.220237
1.220873
1.220646
1.219792
1.219791
1.219335
1.220498
1.220236
1.219763
1.219483
1.218737
1.220690
1.220212
1.219331
1.219198
1.219836
1.220531
1.219963
1.223160
1.244880
1.247413
1.247893
1.247969
1.247793
1.248673
1.249075
1.248479
1.247769
1.248029
1.248842
1.247773
1.247909
1.246078
1.245645
1.246108
1.247513
1.247310
1.247316
1.247499
1.246746
1.247535
1.246747
1.246262
1.245934
1.247242
1.247965
1.247336
1.246948
1.247205
1.247489
1.247413
1.247295
1.247151
1.247010
1.248159
1.246936
1.246808
1.246617
1.247360
1.246696
1.246941
1.246938
1.246856
1.247755
1.247016
1.247510
1.247362
1.247503
1.247289
1.246908
1.246606
1.247228
1.247438
1.247106
1.247566
1.248550
1.247633
1.247891
1.247216
1.247710
1.247547
1.248001
1.248272
1.240739
1.225062
1.219329
1.220270
1.220137
1.220074
1.220280
1.220753
1.221411
1.221190
1.220863
1.220946
1.221828
1.220959
1.220615
1.220376
1.220635
1.220616
1.220726
1.220109
1.219485
1.219860
1.219484
1.220067
1.219912
1.220142
1.220620
1.220073
1.219710
1.219342
1.220356
1.220284
1.219800
1.220104
1.219833
1.219887
1.219491
1.220945
1.219446
1.219534
1.220798
1.220440
1.220436
1.219913
1.221317
1.220678
1.221057
1.221326
1.220682
1.220633
1.221246
1.219825
1.220367
1.220829
1.218225
1.219659
1.220791
1.218994
1.219801
1.220208
1.219219
1.219956
1.220596
1.220929
1.221024
1.220251
1.220967
1.220663
1.219975
1.219903
1.219952
1.220044
1.219800
1.219206
1.220372
1.219677
1.220468
1.219483
1.219283
1.219664
1.220345
1.220222
1.220737
1.221452
1.220130
1.221518
1.221151
1.221297
1.221247
1.221530
1.221184
1.219915
1.219783
1.219804
1.220711
1.220431
1.219530
1.220434
1.219091
1.218610
1.217709
1.216581
1.217264
1.217948
1.217549
1.217455
1.216905
1.216536
1.217008
1.216446
1.216847
1.217536
1.239029
1.242886
1.242369
1.242379
1.242056
1.242933
1.240095
1.239557
1.240339
1.240844
1.241192
1.241106
1.241139
1.240936
1.240818
1.239988
1.241541
1.241288
1.240614
1.241579
1.241084
1.241059
1.241050
1.241620
1.241812
1.241944
1.241943
1.242155
1.242463
1.241871
1.241484
1.240270
1.241124
1.240822
1.240501
1.240107
1.239423
1.239930
1.239015
1.238600
1.238303
1.238007
1.238409
1.237655
1.237417
1.236897
1.236782
1.236318
1.236325
1.236208
1.236053
1.235808
1.234859
1.233866
1.233718
1.233602
1.232031
1.231768
1.231245
1.230537
1.230976
1.228502
1.228853
1.228563
1.229157
1.228611
1.228673
1.228697
1.228921
1.229554
1.229473
1.223662
1.211869
1.204371
1.204623
1.205065
1.205214
1.205211
1.206851
1.206945
1.207047
1.206912
1.208533
1.208239
1.208288
1.208532
1.207476
1.209127
1.208774
1.208922
1.208897
1.208296
1.208545
1.207979
1.208393
1.208026
1.208997
1.208569
1.207871
1.208503
1.208252
1.208825
1.209128
1.209481
1.209468
1.210591
1.209866
1.209633
1.209959
1.209574
1.211910
1.211590
1.211461
1.212264
1.211691
1.212429
1.212065
1.211776
1.213241
1.213103
1.212516
1.212104
1.211306
1.212065
1.210464
1.210222
1.210545
1.210273
1.211108
1.210120
1.210127
1.210668
1.209062
1.210009
1.209896
1.208510
1.209928
1.209729
1.208919
1.210609
1.208448
1.209685
1.209834
1.207969
1.208777
1.208548
1.208434
1.209174
1.207929
1.206707
1.207594
1.206197
1.207349
1.207848
1.207231
1.211389
1.207836
1.207773
1.209324
1.207823
1.210628
1.209832
1.207145
1.208721
1.208647
1.207951
1.210213
1.206353
1.207188
1.208412
1.206062
1.208898
1.205901
1.206010
1.206541
1.203978
1.206247
1.204531
1.204235
1.205558
1.204237
1.204605
1.207521
1.205756
1.207367
1.207747
1.206488
1.227525
1.235180
1.235175
1.236262
1.234578
1.237970
1.237913
1.237793
1.237637
1.237410
1.238140
1.239455
1.235930
1.236573
1.237057
1.236162
1.238735
1.237929
1.238547
1.238716
1.236572
1.240453
1.239722
1.240234
1.239297
1.236889
1.238745
1.240157
1.238770
1.239818
1.238434
1.238592
1.241958
1.239811
1.240557
1.239100
1.238348
1.241704
1.240557
1.240522
1.240069
1.238894
1.241121
1.241147
1.241181
1.240967
1.239231
1.239884
1.241609
1.240245
1.240773
1.238840
1.238658
1.240506
1.239588
1.241651
1.239809
1.238579
1.240575
1.240766
1.241358
1.240196
1.238800
1.239826
1.240873
1.240677
1.241116
1.238468
1.240639
1.241748
1.240895
1.237476
1.226144
1.214691
1.214850
1.213473
1.214221
1.214213
1.213291
1.214148
1.214095
1.214241
1.215169
1.213263
1.214511
1.214769
1.214990
1.215026
1.213865
1.213915
1.214266
1.214771
1.214299
1.214138
1.214026
1.214274
1.214462
1.213765
1.213527
1.213033
1.214167
1.213848
1.214049
1.214796
1.214158
1.215022
1.214505
1.214561
1.214252
1.215034
1.214448
1.214654
1.214590
1.214786
1.214928
1.214283
1.214293
1.214114
1.214665
1.214546
1.214660
1.214661
1.214074
1.215501
1.213781
1.214151
1.213359
1.213905
1.213714
1.213522
1.213783
1.213003
1.214117
1.213479
1.213043
1.213339
1.212706
1.213399
1.213139
1.213171
1.212592
1.213053
1.212797
1.212721
1.212541
1.212836
1.213741
1.213777
1.213928
1.213115
1.214545
1.214257
1.213861
1.213822
1.213948
1.214653
1.214365
1.214133
1.214371
1.215720
1.215052
1.214375
1.213391
1.214229
1.215317
1.214818
1.214504
1.214340
1.214566
1.215144
1.214504
1.214203
1.214215
1.214995
1.213262
1.213661
1.212155
1.211934
1.213216
1.212233
1.212875
1.211715
1.213411
1.213142
1.213480
1.213393
1.213872
1.224471
1.238247
1.238202
1.238266
1.239432
1.239424
1.239406
1.239204
1.238385
1.237632
1.237386
1.236370
1.238608
1.239459
1.238570
1.238787
1.238659
1.237947
1.215776
1.237757
1.239903
1.239375
1.239851
1.238930
1.239800
1.239873
1.240420
1.238768
1.237837
1.240492
1.240370
1.241605
1.240496
1.239921
1.240180
1.242222
1.241006
1.241333
1.242865
1.242908
1.241878
1.241069
1.241707
1.240062
1.242417
1.241567
1.242796
1.242791
1.242740
1.243913
1.243182
1.242760
1.243087
1.243677
1.243097
1.243062
1.243474
1.242697
1.242983
1.242216
1.242022
1.242900
1.243430
1.243207
1.242772
1.242836
1.242663
1.243560
1.242920
1.243332
1.240134
1.233326
1.217887
1.216454
1.216623
1.216708
1.217346
1.217732
1.217716
1.217726
1.217316
1.217920
1.217416
1.217417
1.217068
1.218165
1.217269
1.217402
1.216260
1.214665
1.215846
1.215396
1.216467
1.216066
1.217270
1.210226
1.211349
1.215901
1.216081
1.216508
1.211867
1.204979
1.207322
1.211687
1.216020
1.215056
1.203855
1.201934
1.206840
1.204122
1.209583
1.206096
1.197481
1.200265
1.203763
1.200636
1.204423
1.201127
1.191498
1.192908
1.200706
1.194700
1.196436
1.187162
1.177975
1.173874
1.181105
1.181750
1.179546
1.172968
1.157123
1.153646
1.152706
1.146500
1.139329
1.126499
1.109374
1.112089
1.110367
1.098973
1.097168
1.087517
1.096227
1.103938
1.102707
1.089557
1.089334
1.086837
1.101843
1.108153
1.106066
1.097013
1.093897
1.096793
1.103400
1.100456
1.096945
1.092283
1.090816
1.091441
1.094911
1.100214
1.107198
1.114964
1.121992
1.127676
1.133224
1.138725
1.141902
1.144533
1.148288
1.152471
1.156961
1.158919
1.162006
1.165367
1.168671
1.170834
1.173238
1.176313
1.178454
1.179427
1.179841
1.180981
1.182782
1.185575
1.192183
1.212379
1.214035
1.214528
1.218339
1.218928
1.219923
1.222211
1.222639
1.223422
1.225588
1.227327
1.228140
1.229354
1.228661
1.228558
1.229978
1.230723
1.231856
1.236725
1.235895
1.235210
1.236631
1.238046
1.237577
1.238847
1.237411
1.236976
1.236764
1.237805
1.238558
1.238516
1.239126
1.240318
1.240301
1.240160
1.239718
1.240112
1.240116
1.241126
1.243354
1.242195
1.242077
1.240281
1.241478
1.241507
1.239555
1.239496
1.239762
1.238989
1.239542
1.239696
1.239475
1.240056
1.239662
1.239786
1.239352
1.239347
1.239836
1.239408
1.238958
1.239139
1.239960
1.239699
1.239206
1.240213
1.237708
1.233834
1.217772
1.213862
1.214761
1.213309
1.214448
1.214542
1.214752
1.214046
1.214446
1.213604
1.214485
1.213663
1.213518
1.214513
1.213490
1.214185
1.214026
1.214641
1.213579
1.213249
1.213759
1.214272
1.213498
1.213297
1.212867
1.212659
1.213586
1.212924
1.212035
1.212817
1.211710
1.213312
1.212970
1.212544
1.212393
1.211632
1.212918
1.213250
1.213080
1.212211
1.212935
1.213645
1.213115
1.212438
1.213339
1.213643
1.212870
1.212981
1.212688
1.214010
1.213217
1.213339
1.212400
1.212530
1.213588
1.212013
1.211950
1.212336
1.213663
1.213158
1.213471
1.213725
1.213388
1.213021
1.212119
1.212257
1.212351
1.212988
1.213014
1.212456
1.211929
1.212026
1.212547
1.211994
1.212181
1.212344
1.213211
1.212819
1.212422
1.212311
1.212457
1.213006
1.212872
1.212820
1.213527
1.214501
1.214451
1.213776
1.213576
1.213026
1.214340
1.213519
1.213826
1.213728
1.212927
1.215151
1.214917
1.214331
1.213987
1.214525
1.215051
1.215327
1.214990
1.213664
1.214345
1.213925
1.214311
1.213950
1.214176
1.212649
1.213574
1.214080
1.214452
1.214799
1.216567
1.238380
1.240838
1.241702
1.241578
1.241649
1.241775
1.240874
1.239935
1.239330
1.239924
1.239296
1.239861
1.241037
1.240486
1.240605
1.240547
1.241229
1.241429
1.241255
1.240546
1.240773
1.240650
1.240411
1.240308
1.240598
1.241474
1.241049
1.240672
1.240680
1.240092
1.240620
1.241896
1.241786
1.240459
1.242172
1.242098
1.241894
1.240627
1.241184
1.241769
1.242102
1.241437
1.240715
1.241443
1.241539
1.241016
1.241134
1.240795
1.241854
1.241319
1.240966
1.240361
1.240976
1.241407
1.241592
1.241609
1.241761
1.243303
1.241987
1.241276
1.240982
1.240540
1.240101
1.240250
1.240850
1.242324
1.242440
1.241947
1.240143
1.239140
1.241077
1.233943
1.221425
1.215967
1.214893
1.215748
1.215265
1.213802
1.213737
1.214747
1.215348
1.214839
1.214870
1.214145
1.215130
1.214008
1.212717
1.212621
1.212378
1.213056
1.213073
1.213362
1.212995
1.213185
1.212312
1.211179
1.210709
1.212690
1.212599
1.211734
1.211515
1.211313
1.212055
1.211525
1.211106
1.211513
1.211293
1.211413
1.210854
1.211382
1.211096
1.211380
1.210992
1.211281
1.211045
1.211314
1.212010
1.211509
1.211512
1.211066
1.210884
1.212043
1.210456
1.210944
1.209884
1.211032
1.211283
1.210999
1.211234
1.210085
1.210405
1.210875
1.210868
1.210573
1.210696
1.210074
1.210760
1.209899
1.209307
1.209322
1.209000
1.209970
1.210005
1.210303
1.210028
1.209188
1.209877
1.209193
1.210024
1.210139
1.209460
1.210095
1.209605
1.209793
1.209388
1.208509
1.209052
1.210454
1.210818
1.210521
1.210513
1.210262
1.210968
1.210269
1.210153
1.209387
1.210194
1.209909
1.210073
1.209559
1.209111
1.209877
1.209651
1.209874
1.208969
1.209528
1.209355
1.208972
1.209301
1.208851
1.209374
1.208717
1.208586
1.208004
1.209058
1.209010
1.209888
1.227951
1.234589
1.235514
1.234862
1.234869
1.234038
1.235706
1.236420
1.235615
1.235789
1.235332
1.235918
1.235974
1.232134
1.231621
1.233084
1.233533
1.234754
1.233838
1.233900
1.235266
1.234772
1.234258
1.233848
1.234081
1.234581
1.234810
1.235256
1.234627
1.234806
1.234167
1.234130
1.234399
1.234188
1.234879
1.235781
1.235020
1.235912
1.236635
1.236382
1.236075
1.235150
1.235929
1.237229
1.236228
1.236123
1.235923
1.237793
1.238102
1.236082
1.237011
1.237054
1.237204
1.237867
1.237499
1.237530
1.237097
1.238142
1.237608
1.237812
1.237579
1.238233
1.238444
1.239117
1.238495
1.238791
1.238716
1.238129
1.238952
1.237867
1.239275
1.233656
1.223018
1.214193
1.214160
1.214306
1.213463
1.213817
1.214496
1.215134
1.215571
1.214264
1.214628
1.215186
1.215602
1.214786
1.214153
1.213943
1.214970
1.214982
1.214913
1.214481
1.214801
1.215578
1.214848
1.214643
1.213908
1.214324
1.215755
1.213620
1.213380
1.212326
1.213585
1.213997
1.213513
1.213637
1.213151
1.213909
1.213601
1.213404
1.213322
1.214037
1.213272
1.214161
1.213791
1.213889
1.214631
1.214106
1.214637
1.214281
1.214514
1.214227
1.213807
1.214271
1.214467
1.215020
1.214467
1.214010
1.214556
1.214911
1.215489
1.214899
1.214314
1.214591
1.215519
1.214678
1.213957
1.214164
1.214363
1.215048
1.214064
1.214782
1.213985
1.214956
1.214296
1.214601
1.214908
1.214783
1.215625
1.215217
1.215050
1.214550
1.215229
1.214760
1.215301
1.215009
1.215060
1.216182
1.216576
1.216136
1.216389
1.217047
1.215789
1.216023
1.215197
1.216161
1.215489
1.215219
1.215827
1.216257
1.217235
1.217211
1.216134
1.215930
1.215670
1.215714
1.214380
1.213844
1.214050
1.213818
1.215388
1.214560
1.214319
1.215512
1.216632
1.216490
1.216186
1.229406
1.241345
1.242380
1.241757
1.241481
1.242067
1.243696
1.241666
1.240042
1.240318
1.241583
1.241428
1.240529
1.241863
1.240587
1.242560
1.241645
1.241310
1.241934
1.241677
1.241713
1.241354
1.241521
1.241131
1.242225
1.242278
1.241553
1.243393
1.242052
1.243188
1.243203
1.243222
1.242899
1.242564
1.242889
1.243068
1.242670
1.242936
1.242588
1.242972
1.242745
1.241964
1.241839
1.242386
1.242305
1.242421
1.241486
1.243531
1.243387
1.242391
1.243480
1.243576
1.243967
1.243567
1.243795
1.242995
1.243464
1.243308
1.242753
1.242742
1.243449
1.243316
1.244466
1.242614
1.242108
1.242968
1.242499
1.242871
1.243241
1.242534
1.244639
1.240074
1.231611
1.217189
1.215900
1.215534
1.214905
1.214542
1.214181
1.215618
1.216764
1.215194
1.214489
1.215025
1.215316
1.214753
1.214657
1.215182
1.217250
1.216502
1.215881
1.215569
1.215617
1.215958
1.215562
1.215150
1.215096
1.216588
1.216217
1.216049
1.216663
1.215180
1.216629
1.216853
1.216747
1.216761
1.216670
1.215878
1.215772
1.216266
1.216125
1.216806
1.216274
1.216208
1.215425
1.216738
1.216259
1.215995
1.216438
1.216558
1.217000
1.217240
1.216975
1.216704
1.216600
1.216583
1.216732
1.217340
1.218188
1.216501
1.215876
1.216320
1.216519
1.215928
1.215755
1.215087
1.215594
1.214646
1.216068
1.216246
1.216078
1.215659
1.214989
1.215409
1.215324
1.214969
1.214610
1.215793
1.216004
1.216099
1.215724
1.215625
1.215988
1.216003
1.215972
1.215719
1.216691
1.216604
1.216283
1.216395
1.215940
1.217543
1.216608
1.216399
1.216238
1.217214
1.216638
1.216204
1.215878
1.216166
1.216234
1.216080
1.215990
1.216388
1.216522
1.216687
1.215587
1.214758
1.214556
1.215203
1.215128
1.214886
1.214495
1.215088
1.215518
1.215237
1.215082
1.223252
1.241571
1.242206
1.241780
1.241806
1.241665
1.242489
1.242347
1.241569
1.241110
1.241577
1.242028
1.241804
1.242222
1.241236
1.241786
1.240186
1.239330
1.239825
1.241743
1.241379
1.240185
1.240934
1.239812
1.240865
1.240565
1.240013
1.240040
1.240676
1.241004
1.241586
1.242083
1.240563
1.240432
1.240516
1.240553
1.239974
1.241162
1.242142
1.241798
1.242274
1.240913
1.241232
1.240404
1.240285
1.240184
1.240853
1.241761
1.241749
1.242060
1.241848
1.241915
1.240858
1.240671
1.240565
1.241615
1.241692
1.241542
1.241562
1.241748
1.241609
1.240504
1.240100
1.240106
1.241039
1.241987
1.241282
1.241358
1.241235
1.241336
1.240698
1.237701
1.232029
1.217259
1.216675
1.216628
1.216017
1.216627
1.216428
1.215985
1.215383
1.215971
1.216500
1.217383
1.216859
1.217108
1.216258
1.215987
1.216039
1.214861
1.216060
1.216557
1.217405
1.217204
1.216732
1.216618
1.215838
1.216089
1.215140
1.215996
1.216236
1.215774
1.215540
1.215655
1.215445
1.215132
1.215830
1.214899
1.215910
1.216005
1.216530
1.216474
1.216335
1.216269
1.215382
1.216267
1.214632
1.215709
1.215864
1.215429
1.217123
1.215965
1.216198
1.215542
1.216004
1.215153
1.215480
1.215820
1.216167
1.216570
1.216037
1.214982
1.214796
1.214841
1.213683
1.215154
1.215081
1.214941
1.215155
1.214839
1.214709
1.214101
1.214527
1.213735
1.214734
1.214680
1.213692
1.214517
1.214249
1.213893
1.213973
1.213782
1.214134
1.214473
1.214382
1.213910
1.215055
1.214013
1.214393
1.213919
1.213877
1.213844
1.213866
1.213292
1.212953
1.213624
1.212916
1.212643
1.212165
1.212772
1.213197
1.212303
1.211755
1.212693
1.213555
1.213653
1.212068
1.210654
1.210958
1.211599
1.211564
1.212423
1.210628
1.211065
1.210683
1.209968
1.211141
1.214843
1.234980
1.237243
1.236748
1.235969
1.236565
1.235976
1.236194
1.235496
1.235129
1.235266
1.234325
1.234028
1.233574
1.235512
1.234705
1.234729
1.234260
1.234492
1.235121
1.234776
1.234260
1.234139
1.235022
1.235477
1.234711
1.233552
1.231973
1.234490
1.234968
1.233827
1.234328
1.234235
1.234702
1.234210
1.234882
1.234557
1.235499
1.235014
1.234791
1.234402
1.234245
1.235180
1.234626
1.234924
1.235041
1.235226
1.235212
1.234876
1.234721
1.234710
1.234554
1.234385
1.234393
1.234584
1.235552
1.235574
1.235341
1.235003
1.234145
1.234614
1.234142
1.234164
1.235057
1.234902
1.235012
1.234806
1.234677
1.234234
1.234826
1.234613
1.234021
1.228386
1.213948
1.210182
1.209348
1.209709
1.209288
1.210212
1.209899
1.209107
1.209150
1.209696
1.209730
1.209294
1.209680
1.209466
1.209367
1.208253
1.207822
1.208012
1.209210
1.209663
1.209122
1.208970
1.208534
1.208897
1.208297
1.207758
1.208727
1.208528
1.209261
1.208116
1.207445
1.207170
1.207568
1.207619
1.207684
1.207575
1.207521
1.208699
1.208909
1.208830
1.208909
1.208459
1.208535
1.207582
1.208065
1.207870
1.208593
1.208147
1.208065
1.207993
1.208068
1.208199
1.208293
1.208787
1.208317
1.209140
1.208058
1.207834
1.207617
1.207279
1.208218
1.207854
1.207947
1.207604
1.208224
1.207607
1.207177
1.206926
1.206979
1.208175
1.207451
1.207467
1.207163
1.207477
1.207401
1.207005
1.206927
1.206995
1.208409
1.208105
1.208090
1.208275
1.207760
1.207724
1.207784
1.207435
1.208053
1.209376
1.209401
1.208799
1.208506
1.208498
1.208311
1.207595
1.207081
1.205958
1.207236
1.206955
1.207292
1.207862
1.207530
1.207652
1.205901
1.206939
1.207021
1.207237
1.205997
1.206471
1.207092
1.208012
1.208806
1.208225
1.207328
1.207219
1.207963
1.229379
1.233245
1.234289
1.234375
1.235021
1.234488
1.234957
1.234418
1.234256
1.234217
1.234323
1.235000
1.233587
1.234725
1.234418
1.234001
1.233330
1.233801
1.234151
1.234481
1.233878
1.234550
1.235150
1.234258
1.234549
1.234557
1.233285
1.235440
1.236096
1.235147
1.234830
1.235143
1.234587
1.235155
1.235357
1.235139
1.236840
1.235631
1.235511
1.234268
1.235349
1.235825
1.235062
1.235142
1.236271
1.236339
1.236161
1.235542
1.234642
1.235035
1.235565
1.234684
1.234394
1.233960
1.235477
1.235892
1.234677
1.233566
1.233463
1.233522
1.232660
1.232386
1.232734
1.234710
1.234312
1.234078
1.234317
1.234860
1.235569
1.235130
1.234068
1.228701
1.217904
1.209946
1.208475
1.209778
1.209479
1.210241
1.209047
1.208984
1.209818
1.208664
1.207874
1.208121
1.209550
1.208102
1.210203
1.208519
1.208317
1.209114
1.209707
1.209460
1.209002
1.209342
1.208338
1.208816
1.208106
1.207485
1.207588
1.208637
1.206912
1.207204
1.207750
1.208355
1.209225
1.208435
1.208949
1.208483
1.207958
1.208009
1.207536
1.208040
1.208183
1.208943
1.208462
1.208434
1.208757
1.208311
1.209155
1.208605
1.208790
1.208389
1.209063
1.208401
1.208110
1.208143
1.208217
1.208376
1.207827
1.208333
1.207523
1.208264
1.208122
1.207462
1.208646
1.207358
1.207483
1.207845
1.207538
1.207265
1.207286
1.207427
1.207156
1.207173
1.206805
1.207171
1.207767
1.207463
1.207499
1.207425
1.207922
1.207434
1.207447
1.206909
1.207514
1.207087
1.207317
1.207482
1.208006
1.208586
1.208296
1.208726
1.208173
1.208906
1.208661
1.208038
1.208348
1.208192
1.208911
1.208448
1.208779
1.208165
1.208905
1.208710
1.208437
1.208294
1.207095
1.207669
1.207231
1.207140
1.207237
1.207268
1.207005
1.207021
1.206971
1.206892
1.208532
1.223854
1.233118
1.233427
1.234007
1.234328
1.233819
1.233740
1.233504
1.234994
1.234744
1.234019
1.233969
1.234092
1.234413
1.233290
1.233851
1.233559
1.233212
1.233249
1.234204
1.233494
1.234003
1.235099
1.234629
1.234564
1.234688
1.234415
1.234346
1.233558
1.233794
1.233926
1.233416
1.234492
1.234402
1.233854
1.235070
1.234944
1.234823
1.234567
1.233640
1.235410
1.234761
1.234857
1.234832
1.234652
1.235191
1.234639
1.234600
1.235005
1.235220
1.234699
1.234772
1.234664
1.234872
1.235356
1.234002
1.234508
1.234495
1.235334
1.234655
1.234543
1.234219
1.234469
1.235223
1.233629
1.234217
1.233478
1.234137
1.234341
1.233875
1.234266
1.230146
1.221700
1.209076
1.208669
1.208166
1.209872
1.209801
1.209443
1.210345
1.209210
1.209742
1.209376
1.208419
1.208157
1.208567
1.208202
1.207825
1.207303
1.207610
1.208608
1.208124
1.208366
1.208036
1.207941
1.207847
1.207560
1.207544
1.207951
1.207313
1.206069
1.207091
1.207138
1.206324
1.205570
1.206453
1.206648
1.207100
1.206378
1.207074
1.207919
1.207530
1.207763
1.208640
1.208771
1.208806
1.208172
1.208326
1.208165
1.207572
1.207464
1.208197
1.208414
1.208816
1.208943
1.208491
1.208312
1.208748
1.207213
1.208408
1.208116
1.209438
1.208563
1.208242
1.207196
1.208540
1.209043
1.208773
1.209025
1.208713
1.209623
1.208819
1.208860
1.209248
1.207901
1.209594
1.209221
1.209700
1.209378
1.210004
1.209689
1.209844
1.209694
1.209517
1.211038
1.208982
1.208770
1.208951
1.210078
1.209956
1.209930
1.210104
1.210722
1.210628
1.209664
1.210243
1.210030
1.210948
1.210763
1.210147
1.210565
1.209932
1.209870
1.210299
1.210272
1.210670
1.211334
1.210373
1.209888
1.209768
1.209603
1.210333
1.209680
1.209540
1.210885
1.210579
1.210998
1.221617
1.235324
1.235154
1.237286
1.235625
1.236573
1.236708
1.237093
1.236896
1.236770
1.237225
1.235600
1.236746
1.235386
1.236075
1.235684
1.234969
1.235703
1.234788
1.234465
1.235195
1.234809
1.234896
1.235409
1.234367
1.234263
1.236004
1.235296
1.234593
1.233986
1.234137
1.234061
1.234802
1.234737
1.234249
1.234915
1.234756
1.235226
1.234521
1.234620
1.233920
1.233993
1.234480
1.234369
1.235160
1.234517
1.233951
1.233796
1.233698
1.233389
1.234080
1.233800
1.233560
1.234352
1.233762
1.233662
1.233345
1.234145
1.233582
1.234202
1.234105
1.234117
1.234748
1.234109
1.233760
1.233563
1.233004
1.233506
1.233498
1.233591
1.233639
1.231734
1.224391
1.209279
1.207736
1.207328
1.208298
1.208014
1.208330
1.208502
1.208737
1.208861
1.208671
1.208467
1.208185
1.208642
1.208208
1.208891
1.208212
1.207724
1.207883
1.206675
1.207140
1.206926
1.207337
1.206966
1.206693
1.206353
1.206359
1.206101
1.205795
1.205060
1.204167
1.204655
1.204805
1.204850
1.204820
1.204611
1.204829
1.204475
1.204149
1.203044
1.203634
1.203399
1.203328
1.203513
1.203274
1.203552
1.204471
1.204072
1.203946
1.204221
1.204151
1.204368
1.203908
1.204658
1.206307
1.205252
1.205919
1.206323
1.206158
1.206594
1.206162
1.206160
1.206115
1.206488
1.206000
1.206278
1.206130
1.206232
1.207646
1.206735
1.206670
1.207322
1.208524
1.208273
1.208485
1.207659
1.207386
1.208756
1.208128
1.209151
1.208165
1.208527
1.208258
1.206700
1.208371
1.209090
1.210245
1.209153
1.209579
1.209549
1.210427
1.208985
1.208854
1.207778
1.207898
1.208810
1.208232
1.207637
1.207485
1.207721
1.207930
1.206661
1.206242
1.205884
1.204842
1.205408
1.204788
1.205034
1.206020
1.205430
1.203786
1.204033
1.203136
1.204779
1.204538
1.209784
1.229745
1.230314
1.230706
1.229908
1.230665
1.228803
1.228240
1.228719
1.226788
1.226177
1.225258
1.225945
1.225937
1.225857
1.226243
1.226380
1.225442
1.223894
1.223097
1.223542
1.224364
1.222523
1.219583
1.217839
1.218480
1.220565
1.220317
1.219644
1.215605
1.215796
1.215652
1.218979
1.219333
1.218345
1.213520
1.213954
1.214382
1.219000
1.219732
1.214303
1.208656
1.209483
1.211828
1.215741
1.214753
1.206833
1.204265
1.203220
1.209912
1.212860
1.210272
1.200665
1.199501
1.198661
1.207808
1.209415
1.204920
1.196549
1.195840
1.197465
1.207315
1.209269
1.200815
1.193530
1.192438
1.198145
1.207923
1.206830
1.196454
1.189707
1.189027
1.190190
1.182263
1.174577
1.163833
1.159730
1.157323
1.166295
1.172825
1.164156
1.155167
1.153626
1.148115
1.156287
1.163746
1.155297
1.148611
1.148512
1.141828
1.148716
1.153423
1.146790
1.141289
1.141126
1.136720
1.145193
1.144046
1.136010
1.131496
1.131662
1.128718
1.136555
1.133148
1.121553
1.120702
1.119822
1.118569
1.120787
1.113302
1.102881
1.102101
1.100646
1.100402
1.098449
1.087964
1.080265
1.078896
1.075550
1.076027
1.071472
1.064107
1.058663
1.056789
1.052388
1.051952
1.047276
1.039842
1.037057
1.034858
1.033825
1.033446
1.028538
1.023986
1.021827
1.020713
1.020705
1.021526
1.018485
1.017785
1.017884
1.017777
1.019416
1.017388
1.014915
1.011502
1.011886
1.012902
1.015832
1.013817
1.012185
1.011060
1.012359
1.016382
1.015632
1.014147
1.012844
1.012275
1.017476
1.021137
1.019567
1.016510
1.015936
1.015682
1.023853
1.027301
1.023673
1.023054
1.023112
1.030068
1.039176
1.042506
1.036716
1.035596
1.037898
1.050720
1.059456
1.057625
1.054098
1.053969
1.064405
1.080452
1.086223
1.083362
1.081232
1.084247
1.099505
1.111865
1.131009
1.128350
1.126758
1.135662
1.153605
1.156108
1.151446
1.147860
1.150089
1.166742
1.175646
1.171136
1.162470
1.160166
1.170016
1.182001
1.180233
1.174522
1.170416
1.173091
1.186152
1.187711
1.182579
1.175008
1.174365
1.185455
1.192998
1.189978
1.182733
1.177820
1.181131
1.192439
1.193514
1.189152
1.180275
1.178110
1.190445
1.196524
1.194646
1.186590
1.182203
1.183045
1.196526
1.195859
1.190917
1.185405
1.183345
1.191273
1.198050
1.193933
1.187294
1.186069
1.183591
1.193178
1.196316
1.189873
1.185799
1.184560
1.186052
1.194855
1.193714
1.186866
1.185414
1.181288
1.189408
1.195177
1.188765
1.184143
1.181958
1.183595
1.193314
1.184767
1.164904
1.158144
1.153932
1.163781
1.167006
1.160953
1.157045
1.153418
1.156808
1.165775
1.161712
1.156858
1.155782
1.153390
1.163709
1.163904
1.155400
1.155202
1.150193
1.159003
1.165636
1.156141
1.152450
1.150640
1.155206
1.163784
1.156427
1.148310
1.150103
1.151283
1.160958
1.156785
1.143322
1.147059
1.147035
1.157384
1.157262
1.141083
1.141511
1.144858
1.153591
1.158296
1.139848
1.134209
1.142480
1.149015
1.157877
1.140974
1.127850
1.139279
1.146545
1.157425
1.142820
1.122656
1.131679
1.142392
1.155212
1.143933
1.120757
1.122138
1.138096
1.150888
1.143206
1.121010
1.115398
1.130055
1.144061
1.141104
1.124178
1.113935
1.120326
1.136618
1.139116
1.129193
1.116832
1.114552
1.129630
1.136466
1.133447
1.119570
1.113948
1.119692
1.131348
1.135038
1.123318
1.119096
1.115615
1.128790
1.136370
1.126228
1.121476
1.116924
1.124970
1.134367
1.127119
1.118799
1.117320
1.120986
1.128216
1.126218
1.116112
1.114374
1.117246
1.121048
1.122841
1.111350
1.108508
1.109434
1.113553
1.117235
1.109362
1.104885
1.104947
1.109337
1.112182
1.127921
1.127339
1.126662
1.130169
1.131709
1.134229
1.129141
1.125879
1.126618
1.128649
1.131948
1.128414
1.126701
1.127405
1.130420
1.131318
1.133234
1.132169
1.132092
1.133843
1.135579
1.140712
1.141765
1.142316
1.142955
1.145267
1.151028
1.153491
1.154416
1.155127
1.155294
1.162102
1.168395
1.168692
1.168310
1.168629
1.173863
1.180844
1.182835
1.181291
1.179621
1.180353
1.188772
1.195463
1.198598
1.196058
1.185806
1.190234
1.197084
1.206491
1.208032
1.200655
1.190501
1.197048
1.209855
1.212231
1.212934
1.196702
1.197930
1.208501
1.215087
1.215370
1.212274
1.200404
1.204046
1.213120
1.213461
1.215088
1.202021
1.201128
1.209263
1.209307
1.199838
1.187375
1.173578
1.177726
1.188756
1.190720
1.192511
1.182105
1.178248
1.185490
1.192873
1.195063
1.192725
1.181246
1.184731
1.192926
1.197847
1.199366
1.188753
1.190542
1.191581
1.199244
1.202793
1.199154
1.194314
1.200637
1.196556
1.203151
1.203061
1.194305
1.203133
1.202548
1.198279
1.201103
1.196203
1.199355
1.203470
1.200817
1.198186
1.194681
1.194429
1.202456
1.201243
1.201407
1.197867
1.194965
1.200054
1.202530
1.202171
1.200969
1.198226
1.197056
1.202674
1.202094
1.201535
1.199947
1.198420
1.199946
1.200633
1.199511
1.200307
1.199306
1.197605
1.199280
1.199917
1.200788
1.199932
1.198586
1.199364
1.200026
1.200941
1.200657
1.199613
1.199628
1.200070
1.200450
1.199732
1.199138
1.199030
1.200668
1.200503
1.200674
1.200783
1.200291
1.201196
1.201403
1.201323
1.201450
1.202393
1.201799
1.201738
1.201762
1.201878
1.202495
1.201419
1.201046
1.200656
1.202373
1.202327
1.202757
1.202676
1.202108
1.203027
1.202861
1.202571
1.201851
1.201667
1.201328
1.201627
1.202521
1.202544
1.203245
1.202436
1.202256
1.204412
1.218422
1.231484
1.231487
1.230145
1.229830
1.230455
1.231554
1.231233
1.230745
1.229712
1.230736
1.231207
1.231350
1.231451
1.232107
1.231737
1.231617
1.231581
1.231292
1.231806
1.231566
1.231794
1.231883
1.232855
1.232373
1.232592
1.232179
1.231938
1.232562
1.232821
1.233445
1.233665
1.234019
1.234105
1.234154
1.234596
1.234362
1.235517
1.235548
1.236217
1.236427
1.236746
1.236560
1.236270
1.236321
1.236165
1.236543
1.234835
1.235901
1.235353
1.235101
1.235082
1.234933
1.235190
1.234553
1.234501
1.234806
1.234932
1.235566
1.235670
1.237022
1.236710
1.236824
1.236831
1.237970
1.236051
1.235807
1.236810
1.237360
1.237769
1.237273
1.233419
1.225011
1.212497
1.211597
1.211503
1.211361
1.212567
1.211271
1.212232
1.211476
1.211028
1.210283
1.211416
1.211256
1.211214
1.211721
1.212414
1.211820
1.210940
1.210377
1.211084
1.211498
1.210936
1.210679
1.210492
1.211668
1.211141
1.210577
1.210499
1.210421
1.210797
1.210415
1.209562
1.209198
1.210109
1.209575
1.209835
1.209987
1.209803
1.210322
1.209798
1.209056
1.209149
1.209930
1.209910
1.209416
1.208737
1.208947
1.209316
1.208290
1.207362
1.207123
1.208885
1.208808
1.209067
1.208599
1.208044
1.209545
1.208614
1.209148
1.209728
1.208670
1.208161
1.207770
1.207429
1.207070
1.208899
1.207284
1.207449
1.208421
1.206504
1.207927
1.207222
1.206241
1.206700
1.207018
1.207495
1.207420
1.205850
1.205771
1.206303
1.204809
1.204933
1.204120
1.204346
1.203630
1.202899
1.202628
1.203015
1.204986
1.204920
1.204701
1.202901
1.203948
1.204655
1.203613
1.202325
1.201981
1.202834
1.202642
1.203058
1.200165
1.199340
1.198579
1.196334
1.195967
1.194164
1.195256
1.194216
1.193715
1.193237
1.191597
1.192905
1.193394
1.191835
1.190701
1.196169
1.210064
1.213266
1.213828
1.211796
1.210574
1.202864
1.204987
1.209571
1.209432
1.208429
1.202067
1.196179
1.199844
1.203231
1.202627
1.199578
1.191409
1.190663
1.192974
1.200387
1.196760
1.192534
1.187575
1.185393
1.192168
1.197174
1.188868
1.185200
1.182544
1.176802
1.189010
1.185979
1.185153
1.176867
1.175652
1.167650
1.182033
1.177081
1.176037
1.166434
1.162766
1.157692
1.167771
1.164181
1.156027
1.151379
1.145404
1.150191
1.151817
1.150080
1.138470
1.132395
1.135489
1.144994
1.141025
1.137203
1.132181
1.121159
1.129047
1.134802
1.136373
1.132512
1.125050
1.113223
1.125137
1.128711
1.129802
1.124187
1.115495
1.099390
1.104937
1.106353
1.094918
1.093788
1.090794
1.070543
1.068075
1.085035
1.092067
1.094356
1.093826
1.083513
1.076144
1.090252
1.095571
1.097463
1.097353
1.087189
1.085031
1.099727
1.109899
1.108716
1.110372
1.112159
1.117908
1.124977
1.127022
1.123808
1.126825
1.129693
1.132726
1.137883
1.131164
1.130567
1.136908
1.136587
1.142545
1.144711
1.144359
1.147299
1.144537
1.148776
1.154835
1.150490
1.158358
1.160324
1.155401
1.160929
1.161786
1.158740
1.169014
1.167691
1.164394
1.169087
1.170308
1.169004
1.180892
1.174471
1.171574
1.176288
1.177008
1.177273
1.185548
1.177174
1.175453
1.182953
1.182171
1.184771
1.189062
1.179040
1.181200
1.188580
1.187384
1.195330
1.193180
1.184971
1.188183
1.192595
1.196102
1.200419
1.196170
1.191403
1.195129
1.197483
1.199669
1.200255
1.198755
1.198274
1.201204
1.200411
1.200200
1.200276
1.199124
1.200743
1.200098
1.200831
1.200383
1.201224
1.199831
1.199780
1.199605
1.200706
1.201622
1.200846
1.199721
1.199580
1.199933
1.200801
1.200878
1.201126
1.200154
1.204338
1.223789
1.225339
1.226189
1.226001
1.225263
1.225543
1.225583
1.226722
1.226877
1.227077
1.226123
1.225763
1.226491
1.226615
1.226646
1.224235
1.222996
1.224026
1.224278
1.224741
1.225282
1.225088
1.224363
1.225193
1.224554
1.224980
1.225778
1.225368
1.225097
1.224253
1.225051
1.225981
1.225855
1.225420
1.224570
1.225564
1.225349
1.225846
1.226065
1.225783
1.225761
1.225399
1.225446
1.224643
1.226515
1.225939
1.225570
1.225792
1.225429
1.226347
1.226086
1.226020
1.225995
1.226288
1.225991
1.226337
1.226988
1.226540
1.226117
1.226054
1.225728
1.225961
1.226481
1.226328
1.225844
1.226107
1.225420
1.226890
1.226254
1.226294
1.225408
1.219810
1.205932
1.201384
1.202247
1.202292
1.202742
1.202979
1.201962
1.202523
1.203145
1.203262
1.202306
1.202587
1.202465
1.203215
1.203255
1.203381
1.202362
1.202193
1.202083
1.201533
1.203071
1.202940
1.203325
1.202686
1.202143
1.202285
1.202679
1.203241
1.202390
1.202595
1.202314
1.201788
1.202379
1.202151
1.201537
1.202340
1.202686
1.202429
1.202191
1.202465
1.202552
1.202932
1.202142
1.202260
1.202959
1.203992
1.202276
1.202117
1.202363
1.202679
1.204318
1.204010
1.203592
1.203380
1.203458
1.202500
1.202277
1.201702
1.201943
1.202134
1.200940
1.202446
1.202012
1.202747
1.202543
1.201999
1.201573
1.202051
1.203069
1.201689
1.201231
1.200994
1.203172
1.203417
1.202565
1.202211
1.202818
1.203433
1.202787
1.203359
1.203163
1.203734
1.202832
1.202569
1.203557
1.203442
1.204472
1.204391
1.204270
1.204305
1.205180
1.205991
1.204504
1.203761
1.203297
1.204263
1.204500
1.204044
1.203620
1.204272
1.204981
1.204748
1.204389
1.203703
1.204505
1.204437
1.202891
1.202949
1.202729
1.203122
1.202614
1.202636
1.202891
1.204631
1.205325
1.224221
1.227865
1.227972
1.229092
1.229073
1.228644
1.228262
1.228808
1.228530
1.228741
1.229227
1.229063
1.226871
1.225464
1.228362
1.228071
1.228298
1.228356
1.228439
1.228415
1.228685
1.229701
1.228195
1.228155
1.228000
1.227525
1.229366
1.229362
1.228680
1.228403
1.227707
1.228955
1.228812
1.228632
1.228549
1.229248
1.229491
1.229416
1.230162
1.230716
1.229860
1.229501
1.230074
1.229634
1.231039
1.230822
1.231040
1.230517
1.231768
1.231680
1.231439
1.232389
1.231894
1.232384
1.232272
1.232598
1.232835
1.233705
1.233628
1.233255
1.233439
1.233792
1.234658
1.234463
1.234242
1.234017
1.234960
1.235287
1.235151
1.235405
1.235164
1.230755
1.219098
1.211194
1.211356
1.211917
1.212683
1.212481
1.212645
1.211963
1.212280
1.212628
1.212668
1.212733
1.212989
1.213818
1.213185
1.214125
1.213396
1.214111
1.213740
1.213140
1.212655
1.213557
1.214579
1.213123
1.213022
1.212406
1.212591
1.213041
1.212462
1.212453
1.211743
1.212798
1.212272
1.212505
1.212546
1.212598
1.212617
1.212444
1.211950
1.213353
1.213431
1.213455
1.213557
1.212804
1.213127
1.213534
1.213552
1.213185
1.212618
1.212986
1.213621
1.214424
1.213959
1.213924
1.213884
1.212874
1.212968
1.213090
1.213519
1.213089
1.213588
1.212757
1.213481
1.214508
1.212813
1.213146
1.212245
1.212490
1.212590
1.212626
1.212354
1.211184
1.211968
1.211886
1.212121
1.211907
1.210669
1.211039
1.211141
1.212419
1.213520
1.212668
1.212425
1.211128
1.212136
1.212401
1.212323
1.213124
1.213214
1.212923
1.214148
1.213187
1.211147
1.211739
1.212293
1.212313
1.212083
1.212265
1.211979
1.213806
1.213009
1.212052
1.211940
1.211685
1.211319
1.211255
1.211612
1.210914
1.211761
1.210905
1.210214
1.210567
1.210846
1.212118
1.210634
1.227502
1.235960
1.236911
1.236774
1.236017
1.236346
1.236891
1.237286
1.234608
1.234639
1.234895
1.235757
1.235052
1.235902
1.235632
1.236465
1.235732
1.234140
1.234760
1.236726
1.237017
1.234830
1.234427
1.234624
1.235303
1.235322
1.234601
1.234035
1.235999
1.236117
1.234848
1.235764
1.237373
1.236685
1.236432
1.236135
1.236228
1.236379
1.236795
1.235405
1.235200
1.237102
1.236952
1.236873
1.235745
1.235706
1.236057
1.236038
1.235133
1.235126
1.236412
1.235301
1.235961
1.235693
1.234298
1.234757
1.234756
1.233949
1.234981
1.229832
1.220810
1.208864
1.207242
1.208429
1.208357
1.208808
1.208971
1.208581
1.209380
1.208612
1.209425
1.208855
1.208616
1.209362
1.208436
1.208526
1.208361
1.209629
1.208590
1.207618
1.207092
1.207040
1.207397
1.207281
1.206797
1.205840
1.206257
1.205417
1.205097
1.204657
1.203748
1.202861
1.202726
1.201998
1.202048
1.202218
1.200899
1.199166
1.198087
1.196906
1.196127
1.195260
1.194358
1.192911
1.192903
1.191518
1.191543
1.190901
1.189399
1.189061
1.187852
1.188821
1.188708
1.188625
1.188169
1.187776
1.187624
1.187426
1.187726
1.186758
1.187314
1.186554
1.189284
1.188906
1.189377
1.189900
1.190630
1.191308
1.191313
1.191081
1.191938
1.191864
1.193298
1.193574
1.192857
1.192431
1.192795
1.193797
1.194014
1.192756
1.193132
1.193262
1.193560
1.193790
1.193954
1.194277
1.195468
1.196901
1.195248
1.195362
1.194214
1.195311
1.195664
1.195878
1.196505
1.199144
1.197594
1.197693
1.198255
1.196443
1.198018
1.197379
1.196340
1.197783
1.196336
1.196707
1.196105
1.195239
1.195915
1.197025
1.197266
1.197964
1.208960
1.222438
1.222574
1.222695
1.222295
1.222313
1.223040
1.223090
1.222538
1.221516
1.222358
1.221917
1.223885
1.223382
1.224785
1.226001
1.226012
1.226320
1.226197
1.226311
1.226819
1.227136
1.226932
1.228183
1.229132
1.229008
1.229215
1.228205
1.229476
1.230032
1.229731
1.230268
1.229827
1.232050
1.232364
1.231964
1.231831
1.231754
1.232638
1.232978
1.232728
1.232381
1.233922
1.233758
1.233412
1.233715
1.233477
1.233858
1.233678
1.233132
1.233299
1.235081
1.233652
1.233523
1.233748
1.233557
1.234522
1.233203
1.233197
1.233688
1.234966
1.232144
1.224607
1.209951
1.208879
1.209641
1.209086
1.209050
1.207979
1.208565
1.208813
1.208453
1.207682
1.207860
1.207833
1.206808
1.207245
1.206440
1.208451
1.207611
1.206207
1.205844
1.206963
1.208284
1.207728
1.207383
1.206590
1.206942
1.208317
1.207526
1.207194
1.207938
1.209751
1.209303
1.209448
1.210288
1.210156
1.211850
1.210532
1.209936
1.210845
1.213168
1.212040
1.212003
1.211457
1.211994
1.214688
1.213692
1.212631
1.212553
1.213481
1.213494
1.214232
1.213859
1.214265
1.216213
1.214966
1.214118
1.213607
1.214455
1.214752
1.214906
1.214613
1.214933
1.216353
1.216113
1.215481
1.213838
1.214040
1.214794
1.214865
1.214145
1.213114
1.215582
1.214474
1.213904
1.213356
1.213261
1.213695
1.214358
1.213779
1.213515
1.215127
1.215515
1.215975
1.215695
1.215540
1.216161
1.216806
1.216577
1.215793
1.216910
1.217102
1.217942
1.217791
1.217352
1.217430
1.216673
1.216018
1.216155
1.216971
1.217134
1.217490
1.217691
1.217427
1.218227
1.217762
1.216650
1.216466
1.217042
1.217570
1.216471
1.217070
1.216561
1.216999
1.216990
1.217238
1.223238
1.242772
1.244246
1.244000
1.244593
1.244984
1.245550
1.245725
1.244565
1.243861
1.243950
1.245203
1.245154
1.245111
1.245041
1.245855
1.245108
1.245239
1.244674
1.243838
1.244727
1.243744
1.245523
1.245875
1.246505
1.245775
1.245437
1.245206
1.245114
1.246287
1.245627
1.245308
1.244028
1.244758
1.245355
1.245471
1.246554
1.246095
1.246054
1.245902
1.246484
1.246613
1.246791
1.246672
1.246663
1.247438
1.246592
1.246585
1.245965
1.245427
1.244962
1.245142
1.245552
1.245940
1.246884
1.246257
1.245653
1.244547
1.245421
1.245470
1.245247
1.245400
1.244808
1.245006
1.244283
1.237583
1.220949
1.218678
1.218753
1.217930
1.218845
1.218973
1.219909
1.219286
1.219000
1.218157
1.219703
1.219618
1.219571
1.219479
1.218700
1.220203
1.219973
1.220210
1.219220
1.219091
1.220077
1.220021
1.220305
1.219299
1.220081
1.219244
1.219311
1.219155
1.219518
1.220335
1.219292
1.219608
1.219956
1.220506
1.220860
1.219729
1.219838
1.219974
1.220755
1.220683
1.221096
1.221057
1.221713
1.221242
1.220736
1.220664
1.220823
1.222119
1.221387
1.220714
1.220415
1.220548
1.221248
1.221017
1.220453
1.220503
1.221461
1.220348
1.220835
1.220687
1.220633
1.220568
1.219605
1.219632
1.219892
1.220925
1.219798
1.219067
1.219178
1.219068
1.219171
1.218619
1.218078
1.217988
1.219540
1.219850
1.219729
1.220071
1.218803
1.219538
1.218864
1.219765
1.219860
1.221039
1.220813
1.220242
1.220105
1.219024
1.220330
1.219333
1.218770
1.219191
1.219990
1.220174
1.220579
1.220457
1.220267
1.220286
1.220245
1.220704
1.221207
1.221311
1.221165
1.219859
1.219496
1.218787
1.219340
1.218594
1.218572
1.218643
1.218965
1.219285
1.219074
1.220812
1.222907
1.244148
1.245670
1.245275
1.245291
1.246564
1.246769
1.245978
1.247158
1.247239
1.246693
1.247055
1.246645
1.246452
1.245835
1.246092
1.247010
1.247283
1.246868
1.246123
1.246581
1.246863
1.246576
1.247340
1.245987
1.247283
1.246979
1.246861
1.247250
1.246791
1.246555
1.246379
1.246603
1.246874
1.246426
1.246768
1.246659
1.247219
1.246819
1.247789
1.247543
1.247207
1.246969
1.245706
1.246018
1.246409
1.246548
1.246026
1.245356
1.245139
1.245583
1.247363
1.245912
1.245466
1.245337
1.245388
1.246178
1.246037
1.239673
1.225722
1.219876
1.219385
1.219605
1.219522
1.219752
1.220089
1.219602
1.219615
1.219779
1.220084
1.219456
1.219033
1.218569
1.218919
1.219832
1.219531
1.219423
1.219109
1.219885
1.218853
1.218603
1.218835
1.218854
1.218979
1.218963
1.218098
1.217635
1.219255
1.218286
1.217310
1.217048
1.217456
1.218250
1.217521
1.217215
1.217120
1.217785
1.217776
1.217262
1.217827
1.217721
1.218433
1.218050
1.218088
1.217828
1.218090
1.218269
1.217979
1.217762
1.217914
1.218657
1.218005
1.218103
1.217799
1.218967
1.218867
1.218634
1.218543
1.217909
1.219482
1.219072
1.218765
1.218666
1.218291
1.219457
1.218439
1.218314
1.218279
1.218938
1.218135
1.217802
1.217752
1.217809
1.218273
1.217650
1.217527
1.217470
1.217944
1.217728
1.217573
1.217629
1.217602
1.218607
1.218064
1.218488
1.218769
1.219295
1.218996
1.219255
1.218563
1.218364
1.218891
1.218721
1.218068
1.218240
1.218636
1.219062
1.218671
1.218806
1.219032
1.219401
1.218432
1.217859
1.217850
1.217511
1.218390
1.217346
1.216946
1.214964
1.216965
1.215734
1.216365
1.217378
1.217725
1.237572
1.243137
1.243445
1.243268
1.244529
1.243359
1.244683
1.245202
1.244861
1.245633
1.246044
1.245000
1.244960
1.245435
1.245492
1.243421
1.243154
1.243702
1.243591
1.244030
1.242952
1.244190
1.243851
1.244248
1.245019
1.243855
1.243737
1.243672
1.244338
1.244484
1.243888
1.244116
1.244584
1.245165
1.244963
1.244879
1.243998
1.244650
1.245576
1.245068
1.244660
1.246051
1.245376
1.245009
1.244152
1.244503
1.244333
1.245533
1.244826
1.245884
1.240733
1.218899
1.219723
1.219155
1.220353
1.219660
1.220037
1.220645
1.220989
1.220406
1.219992
1.220890
1.220518
1.220659
1.220775
1.220434
1.220670
1.220077
1.219626
1.219361
1.220663
1.220443
1.219996
1.219904
1.219651
1.220314
1.219787
1.219808
1.220018
1.219389
1.219635
1.218860
1.219468
1.218879
1.219316
1.219454
1.219903
1.219517
1.219649
1.220142
1.219938
1.219542
1.219522
1.220353
1.220309
1.220312
1.219382
1.219206
1.219921
1.219394
1.220116
1.219913
1.220653
1.219941
1.219918
1.219491
1.219310
1.220111
1.219352
1.219163
1.219615
1.219540
1.218917
1.218260
1.217711
1.217890
1.218513
1.218100
1.218117
1.217766
1.217911
1.217868
1.217855
1.217899
1.217870
1.218619
1.217936
1.217492
1.217608
1.217758
1.218771
1.218508
1.218215
1.218274
1.219594
1.218877
1.219062
1.219108
1.219046
1.219386
1.219724
1.218908
1.219205
1.219918
1.219394
1.218976
1.218966
1.219028
1.219599
1.219440
1.219366
1.218929
1.219426
1.218911
1.218683
1.218238
1.217695
1.218366
1.218211
1.218109
1.219128
1.232759
1.244316
1.244817
1.245302
1.246192
1.245597
1.245136
1.244271
1.245033
1.244786
1.245342
1.244292
1.245394
1.245268
1.245190
1.245350
1.244821
1.245432
1.244891
1.244696
1.245106
1.244860
1.244710
1.244031
1.245528
1.245646
1.243874
1.244693
1.245412
1.245823
1.245551
1.245022
1.244965
1.245801
1.245371
1.245481
1.245255
1.245667
1.245773
1.246364
1.245990
1.245461
1.245964
1.245824
1.245615
1.245580
1.244860
1.245796
1.245068
1.245353
1.244923
1.245493
1.245949
1.246824
1.245632
1.245590
1.244975
1.244164
1.245716
1.241848
1.234210
1.221216
1.219388
1.219247
1.218866
1.219515
1.220194
1.219989
1.219438
1.221314
1.220617
1.219719
1.219792
1.219259
1.219538
1.219780
1.219403
1.218508
1.219395
1.219783
1.219565
1.217689
1.217003
1.218631
1.217601
1.216561
1.218176
1.216935
1.217146
1.216178
1.217659
1.218308
1.218764
1.217927
1.217227
1.217748
1.217645
1.218603
1.217965
1.218034
1.218085
1.219290
1.218107
1.217936
1.218209
1.217666
1.218119
1.217719
1.219085
1.218107
1.218212
1.218579
1.218438
1.218271
1.218612
1.218799
1.219473
1.218278
1.217772
1.218414
1.218269
1.217822
1.218560
1.218002
1.219088
1.218857
1.219696
1.219118
1.219254
1.218842
1.218701
1.218308
1.217590
1.218269
1.217961
1.217776
1.217744
1.217669
1.218728
1.217347
1.217369
1.217024
1.218064
1.218156
1.217436
1.218196
1.219106
1.219119
1.218867
1.218553
1.218956
1.219311
1.220227
1.218744
1.218756
1.218999
1.218883
1.218497
1.218160
1.218522
1.220074
1.219150
1.218109
1.217650
1.217246
1.217961
1.217232
1.216736
1.217264
1.217242
1.216335
1.216599
1.216164
1.216393
1.217406
1.225713
1.242421
1.243246
1.243432
1.244096
1.244522
1.243731
1.244599
1.244889
1.244168
1.244115
1.243866
1.244146
1.244728
1.244177
1.244241
1.243521
1.244199
1.242462
1.243467
1.242756
1.242876
1.243309
1.243987
1.243898
1.243624
1.243409
1.243787
1.243885
1.243827
1.243598
1.243531
1.242945
1.242678
1.243305
1.242454
1.243349
1.215794
1.243472
1.241773
1.241964
1.242797
1.242532
1.241993
1.241513
1.242644
1.242682
1.242785
1.243329
1.243653
1.243281
1.243015
1.242572
1.243479
1.243008
1.242424
1.242445
1.240566
1.234350
1.217844
1.215667
1.215439
1.216539
1.215336
1.216475
1.216724
1.213845
1.216382
1.215862
1.213129
1.213983
1.212096
1.207406
1.214653
1.213907
1.208584
1.208240
1.200307
1.207083
1.210852
1.209565
1.202189
1.197163
1.191686
1.199726
1.197756
1.193347
1.185936
1.179191
1.180406
1.182637
1.181203
1.179466
1.177669
1.177979
1.177943
1.177521
1.175174
1.171728
1.167397
1.160545
1.153978
1.145411
1.136404
1.125173
1.114179
1.104009
1.093147
1.083479
1.073092
1.063801
1.056452
1.052107
1.049876
1.049452
1.051310
1.055302
1.061412
1.070591
1.080998
1.092483
1.106418
1.118958
1.130350
1.140758
1.150468
1.158912
1.164245
1.167974
1.169384
1.171974
1.174350
1.175603
1.177579
1.179020
1.181745
1.183819
1.184164
1.185838
1.186516
1.187668
1.188327
1.188894
1.190028
1.192445
1.193132
1.194144
1.195121
1.196026
1.198364
1.200123
1.201339
1.202320
1.203608
1.203867
1.203679
1.204446
1.204885
1.206052
1.205531
1.205424
1.205333
1.205713
1.205277
1.204590
1.204515
1.204744
1.204408
1.203712
1.203642
1.203789
1.204475
1.206254
1.210292
1.231141
1.233007
1.235060
1.234663
1.235520
1.236421
1.238264
1.239428
1.238657
1.239014
1.239084
1.239593
1.238490
1.237962
1.237417
1.237280
1.238506
1.237550
1.238881
1.238860
1.239530
1.239095
1.239167
1.239366
1.238741
1.239650
1.240074
1.238774
1.237581
1.239994
1.240248
1.239537
1.241828
1.241730
1.241776
1.241531
1.241117
1.241203
1.241686
1.241993
1.242135
1.243780
1.242294
1.243014
1.242461
1.239844
1.241430
1.241862
1.241991
1.241389
1.240828
1.241567
1.241796
1.242046
1.242592
1.242152
1.243022
1.243818
1.243520
1.242911
1.242216
1.242947
1.236991
1.221498
1.217538
1.217490
1.217914
1.217352
1.217344
1.217101
1.217366
1.218369
1.217268
1.218207
1.217877
1.218730
1.218081
1.217817
1.218085
1.218435
1.219580
1.218421
1.218587
1.218367
1.218647
1.218858
1.218219
1.218203
1.218104
1.218249
1.217655
1.217517
1.217439
1.218092
1.217210
1.217883
1.218270
1.216406
1.217048
1.217937
1.218603
1.219117
1.219060
1.220006
1.219742
1.218738
1.219084
1.219681
1.219401
1.219174
1.219050
1.218905
1.220428
1.218717
1.218517
1.219079
1.218963
1.218839
1.218805
1.218689
1.219072
1.218581
1.218666
1.218505
1.218346
1.219443
1.218829
1.218626
1.218609
1.219382
1.219045
1.219315
1.219292
1.219613
1.220220
1.220701
1.220701
1.220436
1.221017
1.220720
1.222222
1.221501
1.221039
1.221504
1.221493
1.221846
1.221368
1.222193
1.221032
1.221072
1.220195
1.219804
1.220113
1.220339
1.221116
1.220254
1.220067
1.219537
1.220779
1.220818
1.221611
1.242941
1.246086
1.247165
1.247274
1.246302
1.247287
1.246499
1.245315
1.246973
1.245747
1.246606
1.248175
1.246890
1.247512
1.247333
1.247792
1.247885
1.247584
1.247658
1.247262
1.248167
1.247517
1.247025
1.248242
1.245826
1.246367
1.245385
1.245810
1.245325
1.245077
1.246648
1.246803
1.245702
1.244968
1.245558
1.246499
1.246700
1.247690
1.247624
1.247048
1.247004
1.248473
1.248446
1.248554
1.247507
1.247110
1.246856
1.247128
1.248681
1.247539
1.246814
1.248048
1.247664
1.247344
1.246849
1.247604
1.247436
1.247699
1.247054
1.247440
1.247464
1.241866
1.228380
1.220540
1.221136
1.221879
1.220742
1.220752
1.220313
1.220930
1.220750
1.221190
1.220964
1.221331
1.221915
1.221398
1.221665
1.221427
1.221979
1.221486
1.221375
1.221339
1.221596
1.222113
1.221048
1.222084
1.221247
1.221775
1.221094
1.221296
1.221110
1.220857
1.221501
1.221999
1.221359
1.221235
1.221156
1.220845
1.220772
1.220521
1.220474
1.221045
1.220701
1.220106
1.220881
1.220794
1.221066
1.220683
1.221405
1.220077
1.220976
1.220925
1.221045
1.221783
1.221393
1.219481
1.221069
1.220690
1.220804
1.221070
1.220767
1.221353
1.221454
1.221523
1.221921
1.222013
1.221839
1.221864
1.222438
1.222138
1.222691
1.221588
1.221582
1.221724
1.221827
1.222324
1.221433
1.220996
1.220528
1.221284
1.220982
1.220173
1.220137
1.219352
1.220137
1.219844
1.220890
1.238394
1.247560
1.248468
1.248743
1.248072
1.248831
1.249235
1.248420
1.247100
1.248043
1.247535
1.247153
1.246573
1.246408
1.246968
1.248758
1.248525
1.248474
1.247292
1.248544
1.248301
1.248700
1.248695
1.248510
1.249209
1.248186
1.248249
1.248875
1.248946
1.248431
1.247863
1.248630
1.248588
1.249462
1.249114
1.248699
1.248915
1.249397
1.249252
1.249275
1.248651
1.248843
1.249492
1.249041
1.248892
1.248927
1.249247
1.249366
1.248990
1.248881
1.248429
1.249401
1.249138
1.248618
1.249000
1.248047
1.249055
1.244481
1.234493
1.222473
1.222995
1.222792
1.222503
1.222667
1.222786
1.223168
1.222650
1.222170
1.222160
1.223253
1.222371
1.222256
1.221648
1.221426
1.222500
1.221544
1.222247
1.221864
1.223087
1.223601
1.222398
1.222346
1.221852
1.222734
1.222079
1.221836
1.221462
1.221368
1.222432
1.221544
1.221452
1.221234
1.221451
1.221748
1.221857
1.221187
1.222989
1.223023
1.222091
1.221600
1.221406
1.221389
1.220905
1.220437
1.220171
1.220490
1.220442
1.219858
1.220834
1.219833
1.220173
1.219403
1.219829
1.220271
1.219480
1.221412
1.220214
1.220103
1.220144
1.221157
1.220770
1.220719
1.220312
1.220521
1.220790
1.220347
1.218963
1.219342
1.220356
1.220055
1.219159
1.219565
1.219381
1.220179
1.219964
1.219798
1.220263
1.219960
1.219915
1.220029
1.219260
1.219572
1.220731
1.219818
1.219710
1.219796
1.219643
1.219550
1.219969
1.219916
1.219221
1.220326
1.220027
1.220107
1.219914
1.219146
1.220234
1.219746
1.219537
1.219030
1.220025
1.218808
1.217676
1.217456
1.216973
1.217985
1.217404
1.216819
1.216671
1.217256
1.217034
1.216821
1.217985
1.228100
1.243137
1.243284
1.242955
1.242643
1.243056
1.243258
1.243308
1.242783
1.241577
1.242963
1.242125
1.241579
1.242716
1.242204
1.242509
1.242077
1.242402
1.241827
1.242584
1.242089
1.241695
1.241864
1.241673
1.242539
1.241778
1.241616
1.241583
1.242082
1.241881
1.241800
1.241548
1.241608
1.242241
1.241888
1.241876
1.241459
1.242387
1.241559
1.240814
1.241944
1.241397
1.241878
1.241421
1.241421
1.241018
1.241216
1.240827
1.240533
1.240541
1.240032
1.240544
1.239840
1.239321
1.239053
1.239036
1.239003
1.238542
1.238128
1.237531
1.239145
1.238303
1.238086
1.238078
1.237777
1.238239
1.237519
1.237383
1.236543
1.237699
1.236928
1.233601
1.227109
1.211538
1.210359
1.210117
1.209924
1.210710
1.211733
1.211590
1.210930
1.211936
1.211143
1.212335
1.211118
1.211512
1.211367
1.211044
1.211507
1.212485
1.213149
1.213078
1.214215
1.213003
1.212605
1.211982
1.213337
1.213531
1.212014
1.211399
1.212423
1.213456
1.213436
1.212378
1.213195
1.213347
1.213753
1.212169
1.212819
1.211241
1.212599
1.211888
1.212610
1.213576
1.213567
1.214250
1.214013
1.213645
1.213636
1.214284
1.214206
1.214229
1.213913
1.213834
1.214391
1.213714
1.214315
1.214209
1.215107
1.214703
1.214197
1.214514
1.213604
1.214680
1.213862
1.213522
1.213376
1.214463
1.213499
1.213415
1.213010
1.212303
1.213418
1.212073
1.212621
1.211542
1.212660
1.213099
1.212370
1.212854
1.212872
1.213900
1.213881
1.212879
1.213007
1.212732
1.214731
1.213269
1.213356
1.213396
1.214967
1.214332
1.214162
1.215280
1.215001
1.214952
1.213968
1.213734
1.213799
1.214446
1.213481
1.214568
1.213710
1.214341
1.214678
1.213330
1.212709
1.211430
1.211494
1.211084
1.210616
1.210297
1.210756
1.211134
1.211503
1.211713
1.211967
1.217945
1.236870
1.237292
1.237244
1.236959
1.238514
1.238384
1.238321
1.238973
1.239433
1.239403
1.238667
1.237882
1.237850
1.237937
1.238095
1.238682
1.237636
1.238099
1.236928
1.237527
1.237419
1.236975
1.237654
1.237510
1.238894
1.238467
1.237828
1.237944
1.237907
1.239206
1.239153
1.239242
1.239275
1.239266
1.238726
1.238917
1.239352
1.239438
1.239554
1.240046
1.239541
1.239296
1.239023
1.239075
1.238663
1.239603
1.239594
1.240323
1.239433
1.239371
1.239406
1.240411
1.239169
1.239915
1.239541
1.239296
1.240152
1.239052
1.237713
1.231969
1.217151
1.213865
1.213417
1.213091
1.213402
1.214470
1.213774
1.213838
1.213503
1.214492
1.214284
1.213865
1.214140
1.214074
1.214944
1.214491
1.213757
1.214326
1.214226
1.214502
1.213897
1.213817
1.213816
1.214362
1.213964
1.213817
1.213650
1.213668
1.214206
1.214532
1.213833
1.213807
1.214282
1.213888
1.213710
1.213583
1.213480
1.214029
1.213835
1.213747
1.213565
1.214674
1.214458
1.214339
1.214408
1.214536
1.215749
1.215091
1.214651
1.214264
1.215004
1.214756
1.215369
1.215448
1.215437
1.216363
1.216250
1.215523
1.215430
1.215568
1.215627
1.215203
1.215853
1.215333
1.216274
1.215714
1.215500
1.215283
1.215008
1.216092
1.215676
1.215853
1.215090
1.215746
1.215500
1.215087
1.215042
1.214495
1.213780
1.214343
1.213670
1.213520
1.214378
1.214673
1.215659
1.215923
1.216134
1.216920
1.216545
1.217042
1.217422
1.217134
1.217794
1.217793
1.217750
1.217915
1.218430
1.217592
1.217753
1.217731
1.218291
1.217906
1.217939
1.216990
1.216540
1.216958
1.216170
1.216550
1.216693
1.216630
1.217062
1.216338
1.216803
1.216735
1.220027
1.240506
1.242695
1.243078
1.242480
1.242884
1.242535
1.242952
1.242454
1.243917
1.243653
1.243645
1.243740
1.243529
1.244090
1.243895
1.243968
1.243811
1.244465
1.244203
1.243945
1.243969
1.243771
1.244687
1.243883
1.243418
1.243059
1.243731
1.243888
1.243572
1.243573
1.243262
1.244576
1.242714
1.242701
1.243268
1.243784
1.244320
1.244352
1.243842
1.243268
1.244590
1.243219
1.243725
1.243677
1.243628
1.243407
1.242647
1.243900
1.243299
1.243691
1.243924
1.243075
1.242074
1.242552
1.242522
1.241886
1.242505
1.242194
1.243601
1.243497
1.242633
1.242344
1.242282
1.243180
1.243091
1.243085
1.242828
1.243479
1.243452
1.242896
1.242599
1.237307
1.217461
1.217259
1.217651
1.218305
1.218300
1.218929
1.218734
1.218628
1.218169
1.217635
1.217326
1.217158
1.217099
1.216486
1.216417
1.216794
1.216649
1.216829
1.217579
1.218267
1.217579
1.217776
1.217656
1.218071
1.217595
1.217539
1.217602
1.217623
1.218601
1.218186
1.218107
1.217750
1.218608
1.218725
1.218057
1.217706
1.217461
1.218548
1.217914
1.218125
1.218090
1.218311
1.218629
1.218712
1.217623
1.217868
1.218588
1.217597
1.217830
1.217710
1.217811
1.218376
1.217547
1.217308
1.217327
1.217607
1.216850
1.217131
1.216919
1.216803
1.217004
1.216440
1.216126
1.216279
1.217053
1.216656
1.216603
1.216640
1.216666
1.217698
1.217353
1.217405
1.217175
1.217750
1.217289
1.217601
1.217686
1.217577
1.218207
1.217532
1.217406
1.217781
1.218237
1.218270
1.217589
1.217528
1.217518
1.217959
1.217337
1.217176
1.216942
1.216490
1.216542
1.216183
1.216413
1.216031
1.216211
1.215702
1.215657
1.216033
1.216190
1.217052
1.236218
1.242215
1.242132
1.242918
1.242417
1.242887
1.242787
1.242970
1.243177
1.242654
1.242751
1.243603
1.243988
1.243749
1.243732
1.243833
1.242930
1.244068
1.243328
1.242846
1.242872
1.243125
1.243630
1.243530
1.243350
1.243556
1.244168
1.243293
1.242449
1.243004
1.242270
1.242382
1.241799
1.241771
1.241113
1.242370
1.241190
1.241807
1.242775
1.242799
1.242606
1.243232
1.242487
1.243669
1.245072
1.243645
1.243723
1.243977
1.244146
1.244814
1.243247
1.244172
1.243711
1.245170
1.244515
1.243484
1.243101
1.243480
1.243940
1.244256
1.243582
1.243008
1.244076
1.243451
1.243257
1.243497
1.242054
1.242920
1.242481
1.243047
1.242895
1.238193
1.227058
1.217344
1.216619
1.217064
1.216698
1.217455
1.217497
1.217484
1.215556
1.216602
1.216360
1.216729
1.216427
1.217282
1.217233
1.216477
1.218062
1.216109
1.216521
1.216469
1.215774
1.216021
1.216087
1.215758
1.214547
1.215033
1.216068
1.216721
1.216449
1.217079
1.217492
1.217205
1.218262
1.216258
1.216004
1.216142
1.216190
1.216424
1.216112
1.216443
1.216041
1.216300
1.215752
1.216328
1.215985
1.215637
1.216268
1.215534
1.214974
1.214840
1.215268
1.214930
1.214116
1.214680
1.213434
1.213794
1.212697
1.211250
1.210119
1.209646
1.208087
1.207421
1.206501
1.205003
1.205261
1.203742
1.203210
1.202943
1.202945
1.202539
1.201844
1.202096
1.202067
1.202961
1.201807
1.201329
1.200915
1.201232
1.200785
1.200730
1.200040
1.200551
1.201273
1.200797
1.200291
1.200084
1.199543
1.199780
1.198258
1.196820
1.195047
1.193006
1.190102
1.187925
1.183594
1.181216
1.179103
1.176122
1.173456
1.170070
1.166621
1.162829
1.159335
1.156945
1.155710
1.154198
1.153833
1.153099
1.152159
1.150234
1.148387
1.160364
1.168778
1.165546
1.163576
1.159095
1.156912
1.154474
1.154974
1.153797
1.153818
1.151928
1.153058
1.152900
1.154394
1.153575
1.155134
1.155706
1.156243
1.156888
1.156334
1.155781
1.156364
1.155263
1.154075
1.151533
1.150463
1.153010
1.154935
1.157196
1.159946
1.163914
1.166767
1.170543
1.174963
1.178635
1.183858
1.187073
1.190617
1.192894
1.195883
1.198171
1.199765
1.202830
1.205121
1.206867
1.207588
1.208122
1.210228
1.212480
1.213158
1.213927
1.215340
1.215814
1.217601
1.218314
1.218629
1.218485
1.219427
1.219403
1.220450
1.220800
1.220163
1.221526
1.221116
1.220134
1.219970
1.218945
1.220092
1.219817
1.220338
1.220165
1.218037
1.209208
1.196299
1.196367
1.197281
1.198988
1.199734
1.200079
1.201301
1.201949
1.201540
1.202488
1.202858
1.201986
1.202959
1.201245
1.201863
1.201800
1.202682
1.201197
1.202900
1.203477
1.205087
1.204696
1.204799
1.205212
1.206196
1.205989
1.207900
1.208945
1.209199
1.210402
1.210752
1.209828
1.210456
1.211404
1.210966
1.210069
1.210060
1.209965
1.210759
1.211058
1.211351
1.211572
1.211529
1.212109
1.211311
1.211979
1.211357
1.212233
1.211624
1.211763
1.210927
1.210610
1.210899
1.210403
1.210288
1.210065
1.210477
1.210371
1.209885
1.208280
1.208410
1.209151
1.208227
1.207766
1.207144
1.206379
1.204683
1.202151
1.201404
1.200350
1.200129
1.198919
1.198618
1.199015
1.199592
1.200284
1.200367
1.200578
1.199883
1.201361
1.201287
1.201919
1.203403
1.204504
1.205915
1.207327
1.208228
1.208424
1.209846
1.209964
1.210358
1.210958
1.211829
1.212819
1.213219
1.213034
1.212859
1.214144
1.214708
1.215361
1.215752
1.215414
1.215868
1.215217
1.214989
1.214725
1.215645
1.214998
1.215235
1.214171
1.214336
1.215366
1.215490
1.223716
1.241044
1.242005
1.242192
1.241950
1.242397
1.241969
1.242881
1.242544
1.242505
1.242422
1.242706
1.242930
1.241590
1.240064
1.239634
1.241711
1.240455
1.240509
1.240826
1.240643
1.241727
1.241369
1.241019
1.241050
1.242015
1.241123
1.241601
1.242080
1.241353
1.242811
1.242524
1.242609
1.242493
1.242650
1.242829
1.242846
1.242713
1.242687
1.243044
1.242390
1.242779
1.242719
1.243427
1.243386
1.243405
1.242521
1.242897
1.243711
1.243469
1.243206
1.243144
1.243421
1.244246
1.243631
1.243594
1.243293
1.244264
1.243765
1.242954
1.242754
1.243364
1.243936
1.243726
1.243130
1.242941
1.243830
1.242664
1.243222
1.242672
1.242280
1.240896
1.233599
1.217208
1.216426
1.216752
1.215231
1.214426
1.214365
1.214594
1.215820
1.215768
1.216130
1.215878
1.217220
1.216271
1.216772
1.216303
1.215021
1.216565
1.215606
1.215985
1.216772
1.216157
1.216611
1.216342
1.216267
1.215445
1.216019
1.215673
1.215342
1.216040
1.215623
1.216121
1.215720
1.215752
1.215501
1.216397
1.215939
1.216655
1.216426
1.215591
1.216335
1.216530
1.216156
1.216177
1.216893
1.216056
1.216002
1.215706
1.215786
1.216533
1.215882
1.215615
1.216037
1.217171
1.217239
1.217083
1.217178
1.216757
1.217778
1.217178
1.216339
1.216304
1.216586
1.216661
1.216869
1.217278
1.216671
1.217552
1.217157
1.216960
1.216259
1.216520
1.216851
1.217067
1.215906
1.216158
1.216801
1.216047
1.216316
1.215454
1.216441
1.216956
1.216361
1.216254
1.216471
1.217611
1.217580
1.216979
1.217560
1.217461
1.218321
1.217774
1.217812
1.217842
1.217545
1.217200
1.216938
1.216941
1.216557
1.217563
1.216373
1.217096
1.216197
1.216854
1.216835
1.216335
1.216374
1.215926
1.216683
1.215847
1.215534
1.215525
1.215924
1.216170
1.216314
1.220275
1.240964
1.242902
1.242770
1.242945
1.243271
1.243519
1.244884
1.243708
1.242495
1.241874
1.242930
1.242546
1.242266
1.242965
1.242437
1.243858
1.243462
1.243554
1.243781
1.243836
1.243725
1.243614
1.243463
1.243225
1.243935
1.243442
1.243505
1.243269
1.244153
1.243820
1.243246
1.243829
1.243422
1.244412
1.243345
1.243227
1.243122
1.243674
1.243730
1.244501
1.244428
1.244484
1.244610
1.243711
1.243301
1.243570
1.244267
1.243293
1.243092
1.242555
1.244052
1.244227
1.244838
1.244813
1.244700
1.245241
1.244797
1.244400
1.245279
1.246213
1.245949
1.245847
1.245447
1.245741
1.246387
1.245835
1.245670
1.245447
1.246110
1.245671
1.238165
1.223357
1.219149
1.220243
1.219860
1.219959
1.220076
1.220188
1.220157
1.219784
1.220335
1.220254
1.220768
1.220266
1.220400
1.220288
1.220735
1.220595
1.220737
1.220527
1.220495
1.221513
1.220608
1.220458
1.219591
1.219597
1.220224
1.220434
1.220009
1.220240
1.220914
1.220294
1.220285
1.220148
1.219926
1.221353
1.220542
1.219710
1.219373
1.220074
1.219825
1.219858
1.220267
1.220282
1.221058
1.220499
1.219985
1.220363
1.220453
1.219745
1.220301
1.220592
1.219264
1.220345
1.219615
1.219229
1.220424
1.220851
1.220813
1.220067
1.219913
1.218523
1.219463
1.218675
1.217791
1.218224
1.218371
1.219278
1.218241
1.218929
1.218285
1.220397
1.218778
1.218081
1.217945
1.218186
1.219467
1.219614
1.218835
1.218881
1.219701
1.218873
1.218896
1.219057
1.219705
1.219864
1.220195
1.220102
1.220191
1.220504
1.221098
1.220957
1.220576
1.221194
1.221269
1.221192
1.220466
1.220906
1.221355
1.220933
1.220617
1.219928
1.220732
1.220835
1.220386
1.219615
1.220205
1.219645
1.218801
1.218312
1.219015
1.219311
1.219590
1.219556
1.220357
1.241757
1.246057
1.245816
1.246119
1.246341
1.246970
1.246971
1.246837
1.246842
1.246675
1.247337
1.247166
1.247106
1.247106
1.245894
1.245403
1.245354
1.245945
1.245699
1.245751
1.245822
1.246433
1.245568
1.246473
1.246673
1.246482
1.246779
1.246447
1.246895
1.246102
1.246195
1.246099
1.246387
1.246374
1.246309
1.245959
1.246133
1.246725
1.246316
1.246610
1.245926
1.246268
1.246492
1.246327
1.246319
1.247298
1.247282
1.246790
1.247157
1.246744
1.246757
1.246515
1.247203
1.246706
1.246866
1.246658
1.246856
1.247372
1.246661
1.241099
1.227919
1.220470
1.220029
1.219865
1.220270
1.220076
1.221650
1.221049
1.221204
1.220939
1.221526
1.221435
1.221208
1.220753
1.220649
1.221700
1.221118
1.220911
1.221213
1.221534
1.222221
1.221504
1.221287
1.220955
1.219401
1.218895
1.218934
1.218947
1.218621
1.219438
1.220556
1.220500
1.220132
1.219537
1.219281
1.220593
1.221482
1.221322
1.222057
1.221960
1.221784
1.221313
1.221425
1.221905
1.222257
1.221235
1.221838
1.221905
1.222348
1.221824
1.221806
1.221723
1.222727
1.222237
1.222687
1.222016
1.221778
1.220080
1.220623
1.220976
1.220350
1.221795
1.222054
1.221726
1.221745
1.221694
1.222195
1.221666
1.221449
1.221738
1.220824
1.221052
1.220667
1.220943
1.222133
1.221526
1.221402
1.221610
1.221988
1.221938
1.222038
1.222174
1.221688
1.223419
1.222544
1.222348
1.221977
1.222208
1.222512
1.222641
1.222523
1.222762
1.223122
1.222021
1.221406
1.221566
1.222039
1.222187
1.220610
1.220161
1.220640
1.219634
1.220086
1.219149
1.219011
1.219425
1.218987
1.220136
1.219901
1.238925
1.246502
1.246468
1.246308
1.246768
1.246312
1.246654
1.246304
1.247322
1.247002
1.246353
1.246699
1.246688
1.247317
1.247078
1.246791
1.246823
1.247573
1.248067
1.247955
1.247854
1.247795
1.249165
1.247816
1.247705
1.247461
1.247205
1.248001
1.247851
1.246961
1.248116
1.215812
1.245943
1.245967
1.247405
1.247664
1.247046
1.247855
1.246969
1.247846
1.246268
1.245037
1.245185
1.245608
1.245660
1.245796
1.245614
1.245942
1.246344
1.247086
1.245933
1.246124
1.245623
1.246305
1.245753
1.245541
1.245893
1.245836
1.246988
1.244402
1.243331
1.244192
1.245714
1.244380
1.244856
1.240560
1.229684
1.219755
1.219015
1.218349
1.219077
1.219405
1.220260
1.220087
1.219548
1.218819
1.220264
1.220651
1.219987
1.220168
1.219545
1.220019
1.219435
1.219325
1.219005
1.220038
1.219506
1.219802
1.219157
1.219328
1.219745
1.219524
1.219004
1.218868
1.219143
1.219200
1.218154
1.218008
1.217790
1.218589
1.218627
1.218648
1.218492
1.218839
1.218855
1.218929
1.218708
1.218405
1.219164
1.218853
1.218700
1.218441
1.218803
1.219243
1.219109
1.219050
1.218658
1.220025
1.218865
1.218869
1.218992
1.219275
1.219149
1.219532
1.219725
1.219106
1.220107
1.219804
1.219263
1.218782
1.219544
1.219505
1.217501
1.217981
1.217551
1.219269
1.218580
1.218010
1.218602
1.217590
1.218140
1.217972
1.217646
1.217049
1.217920
1.217772
1.217456
1.217170
1.217831
1.218348
1.218338
1.218426
1.218306
1.219184
1.219043
1.218422
1.218518
1.218176
1.219149
1.218799
1.218625
1.218545
1.218898
1.219679
1.219423
1.219032
1.219223
1.219860
1.218908
1.218427
1.218533
1.217940
1.218460
1.217772
1.217604
1.217461
1.218188
1.218671
1.217901
1.218134
1.219116
1.231718
1.244739
1.244988
1.244379
1.245098
1.244656
1.244641
1.243608
1.243730
1.243887
1.243719
1.243343
1.244798
1.244750
1.244342
1.244470
1.243517
1.245818
1.245987
1.246077
1.246475
1.245481
1.246501
1.246195
1.245928
1.245608
1.246873
1.246005
1.245897
1.245837
1.245597
1.246368
1.245813
1.245733
1.245521
1.246373
1.245813
1.245738
1.245909
1.245673
1.246018
1.245593
1.245502
1.245174
1.245260
1.246014
1.245251
1.246175
1.245501
1.246241
1.246247
1.246035
1.245914
1.246641
1.246654
1.246323
1.246120
1.245778
1.246663
1.245396
1.245913
1.245860
1.246170
1.246156
1.245877
1.245453
1.245572
1.245900
1.245825
1.245052
1.242390
1.234048
1.219912
1.218084
1.218427
1.217932
1.218676
1.219246
1.219150
1.218617
1.219586
1.220546
1.219628
1.219835
1.220015
1.220641
1.219606
1.219023
1.218705
1.219411
1.219814
1.219110
1.220698
1.219708
1.219418
1.219582
1.217709
1.219366
1.219576
1.219302
1.220126
1.218840
1.218713
1.218544
1.217609
1.218068
1.217713
1.217538
1.218097
1.217363
1.218812
1.218444
1.218901
1.217484
1.216508
1.216738
1.217129
1.217712
1.217018
1.216949
1.218126
1.217481
1.219172
1.215543
1.216286
1.216019
1.218172
1.216981
1.217755
1.217532
1.217802
1.218554
1.218259
1.217858
1.218310
1.217434
1.216905
1.216927
1.217070
1.217064
1.217541
1.217448
1.217346
1.217179
1.216429
1.215852
1.216539
1.216285
1.217039
1.217943
1.216835
1.215618
1.216066
1.215864
1.217203
1.218325
1.217204
1.217316
1.218943
1.217927
1.217655
1.218095
1.218149
1.218418
1.218393
1.218458
1.218577
1.219333
1.218848
1.218792
1.218653
1.218606
1.217998
1.218194
1.217912
1.217291
1.219054
1.218066
1.217211
1.217292
1.216827
1.217682
1.217874
1.217364
1.217240
1.218426
1.224588
1.243406
1.244236
1.244068
1.244734
1.244617
1.244227
1.244366
1.244347
1.244515
1.243983
1.244006
1.244184
1.245073
1.244767
1.244863
1.244504
1.244127
1.245220
1.243730
1.245213
1.244111
1.245092
1.243936
1.244228
1.244360
1.243891
1.244802
1.244544
1.243354
1.243190
1.243508
1.243129
1.242989
1.242742
1.243081
1.243423
1.243089
1.242899
1.242564
1.243439
1.243285
1.242883
1.242817
1.243192
1.244064
1.243490
1.243118
1.243438
1.243851
1.244239
1.243765
1.243813
1.243595
1.244555
1.243663
1.244161
1.243622
1.243766
1.244271
1.243686
1.244009
1.243228
1.244984
1.244326
1.244752
1.244456
1.244396
1.244935
1.244214
1.244051
1.242749
1.237310
1.220127
1.217710
1.217438
1.217770
1.218653
1.217946
1.217583
1.217927
1.218889
1.217965
1.217985
1.218913
1.218290
1.218643
1.217919
1.216866
1.216667
1.218674
1.217704
1.217745
1.218323
1.218433
1.218196
1.217735
1.217349
1.216943
1.218076
1.218320
1.218798
1.219205
1.218471
1.219630
1.218994
1.218552
1.218695
1.218985
1.219597
1.218003
1.218033
1.217979
1.218486
1.218579
1.218556
1.219054
1.218655
1.219362
1.218494
1.218895
1.218780
1.219449
1.219321
1.218752
1.218081
1.218626
1.219049
1.218702
1.218483
1.218078
1.217949
1.218488
1.218968
1.219253
1.217852
1.219162
1.218972
1.218825
1.218740
1.219017
1.218655
1.217936
1.217682
1.217524
1.218945
1.218142
1.218248
1.218308
1.217997
1.218653
1.217446
1.217979
1.216505
1.216667
1.216788
1.216476
1.216183
1.216686
1.218008
1.217776
1.217191
1.217125
1.217231
1.217372
1.217842
1.218202
1.218309
1.218708
1.218209
1.218449
1.217881
1.218178
1.218548
1.217778
1.217330
1.217110
1.217794
1.216984
1.216737
1.216930
1.217415
1.217412
1.215481
1.214654
1.215714
1.217595
1.219492
1.240823
1.243503
1.242524
1.242325
1.243331
1.242690
1.242461
1.244229
1.243706
1.242970
1.243454
1.243124
1.244322
1.244208
1.243598
1.243176
1.243811
1.243443
1.243231
1.243644
1.244115
1.244490
1.243599
1.243451
1.243197
1.243892
1.244125
1.243748
1.244038
1.243817
1.244382
1.243892
1.243804
1.243529
1.244093
1.243862
1.243543
1.243895
1.243371
1.244406
1.243766
1.243979
1.243158
1.243925
1.244098
1.244175
1.243990
1.243539
1.244236
1.244383
1.243495
1.243787
1.243675
1.244226
1.243921
1.244026
1.243279
1.245043
1.244293
1.243801
1.243690
1.244034
1.243904
1.243754
1.244106
1.243678
1.244573
1.244060
1.243774
1.244029
1.243629
1.238328
1.223064
1.216984
1.216409
1.217172
1.217120
1.216846
1.217244
1.217587
1.218622
1.218171
1.218051
1.217755
1.218073
1.218324
1.217307
1.217703
1.217285
1.218408
1.218002
1.217558
1.217631
1.217491
1.218146
1.217283
1.216618
1.217247
1.217353
1.216856
1.217036
1.216474
1.216869
1.217898
1.217318
1.217092
1.217126
1.217262
1.217140
1.216997
1.216739
1.216491
1.217279
1.217677
1.217219
1.217459
1.218170
1.218426
1.217716
1.217318
1.216883
1.218494
1.217706
1.217770
1.218075
1.217759
1.218086
1.218285
1.218104
1.218020
1.218950
1.218296
1.218404
1.218077
1.217605
1.217911
1.217551
1.217870
1.217000
1.217552
1.217666
1.217443
1.217443
1.216774
1.216953
1.217142
1.216249
1.215694
1.217195
1.216936
1.216275
1.216918
1.216766
1.217843
1.217527
1.217182
1.216738
1.216802
1.215987
1.215733
1.217319
1.216542
1.217312
1.217156
1.218112
1.217939
1.217654
1.217874
1.218132
1.219764
1.218084
1.218016
1.219252
1.218728
1.218527
1.217618
1.216804
1.215872
1.216708
1.216641
1.215267
1.215573
1.216289
1.215541
1.215894
1.235580
1.241444
1.242783
1.241846
1.240903
1.242599
1.242582
1.242784
1.241749
1.242038
1.242522
1.242813
1.243252
1.241347
1.240804
1.242537
1.243136
1.241561
1.243403
1.242086
1.243247
1.242096
1.242648
1.242251
1.242447
1.242323
1.243422
1.242658
1.243092
1.242241
1.242920
1.242736
1.242281
1.242671
1.241891
1.242458
1.242467
1.243201
1.243303
1.243048
1.243492
1.242837
1.243183
1.243103
1.243463
1.243566
1.243708
1.243664
1.242814
1.243338
1.242945
1.242740
1.242481
1.242324
1.241811
1.242597
1.242681
1.241896
1.244072
1.242777
1.242237
1.242499
1.243106
1.226007
1.216639
1.215914
1.217239
1.216412
1.216897
1.216585
1.217338
1.218129
1.217040
1.217336
1.216636
1.217501
1.217735
1.217148
1.216553
1.216795
1.217015
1.216491
1.217430
1.217044
1.217624
1.217397
1.217397
1.217277
1.217062
1.217842
1.217011
1.216683
1.215807
1.216941
1.217303
1.216713
1.216713
1.217095
1.217595
1.217281
1.216173
1.216872
1.216677
1.216592
1.217165
1.216059
1.215766
1.216810
1.215812
1.216862
1.216440
1.216161
1.216202
1.216086
1.215658
1.217645
1.217225
1.216931
1.216812
1.217209
1.217598
1.216980
1.217115
1.216679
1.217746
1.217278
1.216967
1.216124
1.215730
1.216320
1.216417
1.216226
1.216119
1.216939
1.216947
1.216172
1.216275
1.216332
1.216806
1.216199
1.216025
1.216601
1.217505
1.216912
1.217921
1.217423
1.217116
1.217917
1.217616
1.217510
1.217800
1.218079
1.218339
1.217964
1.217462
1.217070
1.217808
1.217456
1.218283
1.218285
1.218855
1.218813
1.218139
1.218083
1.218743
1.218820
1.217560
1.217502
1.217281
1.217228
1.217315
1.215994
1.215470
1.217228
1.216973
1.218007
1.231150
1.241859
1.242958
1.243262
1.243342
1.243715
1.244865
1.245226
1.244442
1.244181
1.244174
1.244161
1.244060
1.243828
1.244227
1.243107
1.241623
1.241763
1.243747
1.241779
1.244134
1.243024
1.242753
1.243333
1.243942
1.244358
1.243815
1.244150
1.244168
1.245348
1.244973
1.244587
1.244484
1.244479
1.244965
1.245039
1.243509
1.242477
1.243548
1.242981
1.242412
1.244096
1.244737
1.244761
1.244699
1.244406
1.244701
1.245335
1.245018
1.244815
1.244709
1.244832
1.245640
1.244872
1.244935
1.244822
1.245629
1.245445
1.244870
1.245011
1.245016
1.245565
1.244923
1.244351
1.244646
1.245447
1.245172
1.245196
1.244805
1.244735
1.245404
1.241493
1.233059
1.218373
1.218571
1.219146
1.218945
1.219031
1.218757
1.219627
1.219249
1.219220
1.218927
1.218935
1.219717
1.219360
1.218576
1.219257
1.219607
1.219016
1.218573
1.218808
1.219029
1.219687
1.219332
1.218891
1.219230
1.219974
1.217916
1.218521
1.218668
1.218508
1.219413
1.218475
1.218287
1.218057
1.218274
1.217759
1.218790
1.218317
1.217803
1.219075
1.218462
1.218463
1.218297
1.218885
1.219173
1.218714
1.218379
1.218286
1.218941
1.218318
1.218658
1.218582
1.218817
1.219024
1.218913
1.218790
1.218569
1.219587
1.219048
1.218396
1.218880
1.217770
1.218241
1.217762
1.217411
1.217637
1.219267
1.218823
1.218973
1.218336
1.218571
1.218840
1.218489
1.218416
1.218008
1.219527
1.217659
1.217428
1.217862
1.217307
1.217713
1.217285
1.217720
1.217483
1.218808
1.218255
1.217574
1.217591
1.217822
1.218690
1.218069
1.218219
1.217808
1.218276
1.218426
1.218023
1.217978
1.217862
1.218422
1.217733
1.216834
1.216969
1.216537
1.217931
1.217197
1.216986
1.216872
1.216868
1.216726
1.216635
1.217321
1.215929
1.215207
1.214784
1.215294
1.223631
1.241311
1.242647
1.243005
1.243030
1.243116
1.243206
1.243715
1.244087
1.242079
1.241204
1.242436
1.241507
1.241739
1.241180
1.242881
1.241797
1.242434
1.242132
1.243076
1.242915
1.242241
1.241918
1.241676
1.242329
1.242490
1.243092
1.242543
1.242143
1.243209
1.242771
1.243163
1.242237
1.243441
1.243042
1.243094
1.242812
1.241814
1.242595
1.242205
1.241732
1.242072
1.242323
1.242046
1.241829
1.241490
1.241642
1.242186
1.241478
1.242017
1.241743
1.242506
1.242607
1.242883
1.242971
1.242801
1.243619
1.243016
1.242846
1.242837
1.243122
1.242862
1.242216
1.241841
1.241430
1.242270
1.241906
1.242051
1.242105
1.242048
1.242374
1.239761
1.233009
1.216888
1.215478
1.214567
1.214301
1.214729
1.215140
1.216172
1.214879
1.215918
1.215119
1.215702
1.215001
1.214523
1.214573
1.214169
1.214651
1.214588
1.214101
1.213747
1.214321
1.214186
1.214191
1.213571
1.213882
1.214584
1.213800
1.213841
1.213723
1.213785
1.213806
1.213404
1.213294
1.213094
1.213694
1.213314
1.213183
1.213098
1.212925
1.213270
1.213031
1.213533
1.212907
1.213285
1.212718
1.212400
1.212443
1.212201
1.212909
1.212393
1.212008
1.211979
1.212269
1.211991
1.212091
1.211693
1.211568
1.212299
1.211734
1.212364
1.211765
1.212168
1.211780
1.211293
1.211130
1.211664
1.212389
1.211603
1.211827
1.211588
1.212326
1.211726
1.210847
1.210634
1.211783
1.213347
1.212541
1.212280
1.212133
1.212441
1.212246
1.212640
1.212384
1.212577
1.212407
1.211617
1.212052
1.212435
1.212522
1.212495
1.212021
1.211972
1.211811
1.212559
1.212094
1.211474
1.211299
1.211554
1.211576
1.210670
1.210114
1.209865
1.209868
1.208681
1.208419
1.208345
1.207162
1.207723
1.207736
1.209567
1.210251
1.209657
1.208678
1.212710
1.233659
1.235905
1.236281
1.236807
1.236717
1.236908
1.237717
1.237977
1.236247
1.237406
1.237087
1.236364
1.235851
1.236681
1.236513
1.236911
1.237174
1.237519
1.237738
1.237473
1.238631
1.238855
1.239346
1.238556
1.238014
1.238784
1.238613
1.239638
1.238460
1.239579
1.238834
1.237981
1.238809
1.238568
1.239011
1.238691
1.238805
1.240143
1.239201
1.239110
1.238601
1.239121
1.239980
1.238959
1.239174
1.241164
1.240174
1.240007
1.239513
1.239029
1.240591
1.240116
1.238970
1.238932
1.239109
1.239612
1.239071
1.239446
1.239141
1.239707
1.238708
1.238900
1.238935
1.238346
1.237991
1.237661
1.237556
1.237320
1.238744
1.237474
1.236938
1.230749
1.215824
1.213603
1.214032
1.213197
1.213032
1.213946
1.214232
1.212812
1.211927
1.213132
1.214214
1.213909
1.214085
1.213337
1.214530
1.213162
1.214039
1.214532
1.214269
1.214905
1.214452
1.213750
1.213926
1.213977
1.213378
1.213118
1.213813
1.213690
1.213539
1.213847
1.212730
1.213831
1.214349
1.214545
1.213986
1.214215
1.213951
1.214263
1.214427
1.214064
1.213753
1.213772
1.214158
1.214503
1.214415
1.214423
1.215241
1.214701
1.213791
1.214646
1.215051
1.215865
1.214964
1.215168
1.214966
1.215703
1.215686
1.215239
1.215151
1.215423
1.216011
1.215456
1.214721
1.214676
1.215218
1.215196
1.214956
1.215543
1.215240
1.215835
1.215231
1.215278
1.215146
1.214858
1.215519
1.214973
1.215485
1.215404
1.216199
1.215230
1.214492
1.214924
1.215423
1.215483
1.215367
1.216238
1.215533
1.216146
1.215947
1.216391
1.215402
1.214767
1.215155
1.216723
1.237793
1.241329
1.241819
1.242284
1.243052
1.242844
1.242514
1.242559
1.242427
1.242275
1.241972
1.241190
1.241114
1.240854
1.242413
1.241472
1.240969
1.241062
1.242296
1.243023
1.242268
1.241838
1.242177
1.242886
1.242126
1.242263
1.242207
1.242987
1.242484
1.242419
1.242746
1.242274
1.243081
1.242127
1.241685
1.242059
1.242259
1.241885
1.242044
1.242157
1.242699
1.242276
1.242276
1.242434
1.242834
1.242943
1.243672
1.243251
1.242814
1.242495
1.243767
1.244001
1.243069
1.244327
1.243651
1.243691
1.243282
1.242672
1.242581
1.244258
1.243974
1.244007
1.243551
1.243832
1.244473
1.244004
1.243733
1.237925
1.226286
1.217824
1.217749
1.218004
1.217955
1.218662
1.218170
1.218362
1.218136
1.218280
1.218410
1.217477
1.218103
1.217870
1.218957
1.218686
1.218233
1.218461
1.218711
1.219119
1.218809
1.218576
1.218362
1.219426
1.217842
1.217757
1.217694
1.217512
1.218074
1.218022
1.217940
1.217995
1.218828
1.218373
1.218411
1.217923
1.218032
1.218842
1.218330
1.217554
1.216884
1.218168
1.217745
1.217657
1.218121
1.218181
1.219174
1.218387
1.218076
1.218117
1.218867
1.218687
1.218310
1.218437
1.217849
1.218673
1.218156
1.218116
1.218422
1.218823
1.218965
1.218656
1.218606
1.218657
1.218243
1.218427
1.218371
1.218356
1.218682
1.218518
1.218164
1.217763
1.217152
1.218067
1.218016
1.217998
1.217849
1.218086
1.218576
1.218023
1.218046
1.217741
1.218908
1.218640
1.218082
1.218094
1.217911
1.219448
1.219013
1.218808
1.219237
1.220100
1.219788
1.219590
1.219606
1.219326
1.220043
1.219772
1.219605
1.219636
1.219213
1.219387
1.218577
1.218737
1.218691
1.218982
1.218624
1.218399
1.217955
1.218177
1.218561
1.217874
1.218088
1.218471
1.218477
1.235665
1.243593
1.243355
1.243326
1.244496
1.243622
1.243814
1.242794
1.243644
1.243329
1.243128
1.243110
1.242691
1.243595
1.244454
1.243778
1.244169
1.246193
1.245082
1.244097
1.244780
1.244332
1.244484
1.243806
1.243951
1.241951
1.241567
1.242377
1.242608
1.243321
1.241907
1.243020
1.242736
1.242438
1.242421
1.242687
1.243058
1.242654
1.242671
1.243749
1.243114
1.242054
1.241636
1.241481
1.242757
1.243093
1.242532
1.242276
1.242828
1.243932
1.243651
1.242763
1.242975
1.243607
1.244579
1.242666
1.242599
1.242608
1.244249
1.243455
1.242558
1.242798
1.243035
1.243787
1.243570
1.243676
1.242931
1.244127
1.244057
1.243126
1.242522
1.237692
1.229286
1.217161
1.216758
1.216893
1.217818
1.218014
1.217561
1.217548
1.217588
1.218230
1.218172
1.217859
1.217661
1.217875
1.218284
1.217989
1.217940
1.217909
1.218351
1.217791
1.217473
1.217214
1.217194
1.218060
1.217626
1.217605
1.217082
1.217207
1.217238
1.217030
1.217101
1.217193
1.217636
1.216802
1.216760
1.216329
1.216010
1.216408
1.216449
1.216620
1.216063
1.216469
1.216147
1.215886
1.215695
1.215402
1.216080
1.215775
1.215566
1.216196
1.216770
1.216171
1.215741
1.215911
1.215516
1.216530
1.216235
1.216089
1.215593
1.216647
1.215059
1.215750
1.215952
1.214954
1.216395
1.215893
1.215344
1.215919
1.217162
1.217479
1.215166
1.215557
1.216140
1.216557
1.216291
1.215441
1.216601
1.217767
1.217343
1.216940
1.216934
1.216216
1.216779
1.215759
1.216048
1.216391
1.216618
1.217331
1.228431
1.242140
1.241989
1.243083
1.242902
1.242886
1.242952
1.243204
1.243160
1.242575
1.243513
1.243259
1.242480
1.242945
1.242257
1.241733
1.241783
1.243166
1.242813
1.243103
1.242770
1.243336
1.243172
1.242813
1.242165
1.242290
1.243055
1.242598
1.242362
1.242352
1.242377
1.242721
1.241986
1.242231
1.241596
1.242529
1.241621
1.241447
1.241210
1.241315
1.241773
1.241192
1.241063
1.240289
1.241041
1.240994
1.240823
1.240666
1.240681
1.241236
1.239940
1.240083
1.239893
1.241367
1.240556
1.241598
1.240827
1.240960
1.241280
1.239955
1.240513
1.240270
1.240486
1.240369
1.239652
1.240872
1.240882
1.241067
1.239416
1.239254
1.239377
1.236219
1.228774
1.214587
1.214552
1.214202
1.214564
1.214170
1.214541
1.214178
1.213565
1.213493
1.213781
1.213658
1.213134
1.215166
1.213592
1.214705
1.214570
1.214409
1.215093
1.214246
1.214094
1.214420
1.215507
1.214213
1.213498
1.214550
1.213838
1.214109
1.213888
1.212932
1.213027
1.213394
1.212862
1.212596
1.212329
1.212220
1.212416
1.212347
1.212006
1.211424
1.211836
1.211639
1.211540
1.211429
1.213169
1.212922
1.212947
1.212870
1.211721
1.212497
1.212792
1.212125
1.212369
1.211892
1.213405
1.212919
1.213281
1.212876
1.213585
1.214123
1.213189
1.213976
1.213530
1.213579
1.214176
1.213816
1.213819
1.214095
1.215031
1.214542
1.214142
1.213495
1.214164
1.214178
1.213500
1.213849
1.214061
1.214907
1.214306
1.213334
1.213197
1.213996
1.214462
1.214719
1.214588
1.215585
1.215491
1.214901
1.215869
1.216002
1.215446
1.216254
1.215932
1.216068
1.215662
1.216335
1.215705
1.216164
1.215929
1.216354
1.217379
1.215998
1.215312
1.215099
1.215791
1.215101
1.214790
1.214578
1.214392
1.215517
1.214359
1.214277
1.214267
1.215146
1.215129
1.221687
1.239979
1.240504
1.241330
1.240615
1.240779
1.240838
1.241305
1.241080
1.241175
1.241274
1.240975
1.241972
1.241550
1.241083
1.241598
1.242013
1.241419
1.241356
1.241605
1.240358
1.242356
1.240924
1.241232
1.241307
1.241910
1.241648
1.241590
1.241454
1.241047
1.242990
1.242317
1.242516
1.242214
1.242324
1.242931
1.242578
1.242554
1.241620
1.241950
1.241975
1.241396
1.242267
1.241971
1.242996
1.242453
1.242423
1.242402
1.243307
1.242323
1.242473
1.241414
1.241210
1.242858
1.242684
1.241953
1.241644
1.242511
1.242720
1.242002
1.243142
1.242992
1.244296
1.244243
1.244103
1.243804
1.244833
1.244323
1.243092
1.243008
1.242661
1.243296
1.236853
1.220421
1.218941
1.217248
1.217235
1.217538
1.219017
1.218058
1.218550
1.218098
1.217100
1.218526
1.218467
1.219419
1.218749
1.218763
1.218773
1.218708
1.219374
1.218643
1.217818
1.217556
1.219014
1.218598
1.218662
1.218548
1.218947
1.219085
1.217595
1.218133
1.218483
1.218787
1.218492
1.218162
1.217986
1.218104
1.217785
1.218036
1.218221
1.218065
1.218559
1.217642
1.218622
1.217853
1.217903
1.218181
1.217698
1.217713
1.217714
1.217805
1.217814
1.217793
1.217757
1.216667
1.217969
1.217743
1.218660
1.217660
1.219728
1.218643
1.218133
1.218330
1.217990
1.217772
1.216878
1.216626
1.216562
1.217715
1.217049
1.216797
1.216099
1.215225
1.216289
1.216031
1.215786
1.215625
1.215513
1.216181
1.216425
1.216446
1.215632
1.216210
1.216050
1.215940
1.216000
1.216693
1.217558
1.216570
1.216604
1.215432
1.218179
1.217304
1.217148
1.217652
1.216967
1.218350
1.217290
1.217249
1.218212
1.217359
1.217132
1.216817
1.216839
1.216002
1.216479
1.215570
1.215609
1.214850
1.216393
1.216090
1.215594
1.215606
1.215079
1.215628
1.216704
1.218291
1.238685
1.241878
1.242317
1.241192
1.241485
1.241901
1.242650
1.242787
1.242168
1.241570
1.242083
1.240309
1.240737
1.240411
1.240605
1.240875
1.241552
1.241087
1.240859
1.241605
1.242020
1.240610
1.241682
1.240947
1.241774
1.242037
1.241926
1.241845
1.242030
1.242116
1.241789
1.240845
1.240977
1.241704
1.241884
1.241119
1.240614
1.240128
1.240672
1.240266
1.240000
1.240203
1.241259
1.241359
1.241241
1.240947
1.241041
1.241077
1.241229
1.241155
1.240668
1.240502
1.241368
1.240688
1.240531
1.240435
1.241179
1.240401
1.240753
1.240520
1.240507
1.240645
1.240655
1.240407
1.239952
1.240888
1.240837
1.240560
1.240476
1.240342
1.241386
1.234396
1.220072
1.214557
1.215160
1.214986
1.214060
1.214113
1.213587
1.214976
1.214481
1.214341
1.214120
1.215838
1.215819
1.215443
1.215430
1.214800
1.215859
1.215606
1.215388
1.215330
1.215550
1.215457
1.215057
1.214468
1.214641
1.215152
1.214607
1.214928
1.214874
1.215303
1.214942
1.214759
1.213151
1.213565
1.213626
1.214330
1.214352
1.212945
1.214399
1.214451
1.214035
1.214164
1.213453
1.213325
1.212197
1.213067
1.213529
1.213701
1.214424
1.214197
1.215071
1.215184
1.215633
1.215413
1.215457
1.214986
1.215393
1.214865
1.215001
1.215333
1.215904
1.215712
1.215495
1.215631
1.214901
1.215587
1.214474
1.214231
1.213552
1.214427
1.214776
1.214502
1.213887
1.214290
1.215082
1.214807
1.215008
1.214802
1.214705
1.214892
1.214446
1.214768
1.214368
1.215272
1.214997
1.214713
1.214850
1.215004
1.216060
1.215597
1.215156
1.215311
1.215861
1.215920
1.215352
1.215320
1.215172
1.215928
1.215681
1.215627
1.215082
1.215097
1.214311
1.214296
1.214126
1.213944
1.214739
1.214096
1.213846
1.213527
1.213872
1.214132
1.214163
1.214641
1.233449
1.239696
1.238890
1.239153
1.239170
1.239396
1.240554
1.239889
1.239655
1.239355
1.240126
1.239766
1.239678
1.239474
1.239360
1.240353
1.239730
1.239710
1.239529
1.240402
1.239987
1.239849
1.239612
1.239493
1.240370
1.239618
1.239256
1.239618
1.239730
1.239473
1.239633
1.239334
1.239253
1.239166
1.238859
1.238409
1.238551
1.239071
1.238078
1.238495
1.237517
1.238025
1.238658
1.239071
1.239381
1.238275
1.239918
1.239467
1.238957
1.238815
1.237269
1.239632
1.239421
1.238838
1.240084
1.239002
1.239644
1.238936
1.238096
1.237281
1.238174
1.237794
1.236982
1.237032
1.236182
1.237800
1.237051
1.236963
1.236823
1.237570
1.237510
1.232899
1.221296
1.211261
1.211526
1.212589
1.212195
1.211784
1.211540
1.210527
1.209989
1.211000
1.211781
1.211863
1.212127
1.212078
1.212131
1.213063
1.212704
1.212514
1.212716
1.212460
1.213090
1.212864
1.213015
1.211872
1.211172
1.211994
1.210756
1.211476
1.211494
1.211667
1.211128
1.211195
1.211651
1.210654
1.211648
1.211709
1.211663
1.211323
1.212467
1.211977
1.211153
1.211355
1.211020
1.212249
1.211228
1.210361
1.211346
1.212193
1.211632
1.211858
1.211763
1.212212
1.212658
1.211857
1.211523
1.211441
1.212128
1.212263
1.211655
1.211419
1.211367
1.211979
1.211389
1.212447
1.211952
1.211685
1.211782
1.211296
1.211402
1.210792
1.212060
1.211372
1.211060
1.211299
1.210907
1.212130
1.211315
1.210938
1.211132
1.211985
1.211649
1.211655
1.211799
1.210824
1.211547
1.211259
1.211336
1.211417
1.211993
1.211922
1.211910
1.211889
1.211732
1.212549
1.212292
1.212015
1.211830
1.212345
1.212032
1.212404
1.211824
1.212213
1.212489
1.211840
1.211836
1.211211
1.211258
1.211391
1.210964
1.211243
1.210818
1.211887
1.210945
1.210744
1.211278
1.225755
1.237311
1.237633
1.237172
1.237505
1.238346
1.238279
1.238268
1.237774
1.237420
1.238067
1.238106
1.238129
1.238054
1.238372
1.238324
1.238210
1.237439
1.237871
1.237530
1.236503
1.236970
1.236305
1.237943
1.237432
1.238321
1.237025
1.236870
1.236884
1.237923
1.237952
1.237044
1.237605
1.237745
1.237389
1.239608
1.238043
1.238561
1.238655
1.238868
1.239166
1.238415
1.239092
1.238935
1.238954
1.238837
1.238908
1.239035
1.239001
1.239686
1.239331
1.238778
1.238728
1.239420
1.240006
1.239297
1.239097
1.238439
1.239214
1.238009
1.239353
1.238446
1.239474
1.239125
1.239017
1.239126
1.238704
1.239302
1.238943
1.234806
1.226304
1.214126
1.213495
1.213016
1.212528
1.212872
1.213267
1.212741
1.213564
1.212737
1.213065
1.212922
1.212404
1.211993
1.211865
1.212519
1.212070
1.212517
1.213190
1.213158
1.214050
1.214353
1.213964
1.213180
1.214377
1.214800
1.213462
1.212769
1.212001
1.212634
1.212577
1.212828
1.213015
1.214729
1.213735
1.212569
1.212724
1.212232
1.213572
1.213533
1.213185
1.213243
1.212664
1.213465
1.213658
1.212010
1.212819
1.213093
1.211430
1.210940
1.210939
1.211042
1.211730
1.211253
1.211209
1.210281
1.211444
1.211492
1.211315
1.211303
1.211697
1.212536
1.211786
1.211357
1.211166
1.212476
1.211659
1.211697
1.211821
1.210430
1.210971
1.211333
1.212184
1.211306
1.211639
1.210945
1.211182
1.210726
1.211485
1.212286
1.212107
1.211540
1.211299
1.212237
1.212167
1.211793
1.212324
1.211485
1.213082
1.212754
1.213055
1.212156
1.212539
1.211942
1.212131
1.212034
1.212506
1.213481
1.213112
1.212797
1.212564
1.213101
1.212547
1.212308
1.212811
1.212421
1.212043
1.211397
1.212015
1.211812
1.211579
1.212128
1.211778
1.211938
1.211986
1.221460
1.237983
1.237615
1.237395
1.237872
1.238484
1.238142
1.237866
1.237723
1.238664
1.238362
1.238189
1.237913
1.238331
1.239327
1.238977
1.238514
1.238626
1.239398
1.239391
1.239136
1.238882
1.238871
1.239797
1.238174
1.238077
1.238360
1.238124
1.239461
1.239155
1.238244
1.238388
1.238684
1.238281
1.237960
1.237979
1.237675
1.238475
1.237744
1.237993
1.237561
1.238715
1.237895
1.237952
1.237782
1.237652
1.238766
1.238141
1.237896
1.238911
1.239537
1.238962
1.238249
1.238100
1.238089
1.238518
1.238394
1.238360
1.238099
1.238745
1.238272
1.238655
1.238199
1.238070
1.238514
1.238247
1.238007
1.238044
1.238329
1.238373
1.238129
1.235796
1.228650
1.214278
1.212153
1.212714
1.212560
1.212106
1.212985
1.212872
1.212831
1.212548
1.213361
1.212773
1.212910
1.212755
1.212438
1.212946
1.212424
1.212384
1.211964
1.213211
1.212790
1.212071
1.212496
1.211056
1.211587
1.210765
1.211193
1.210627
1.210594
1.211177
1.211761
1.212922
1.212872
1.211773
1.212532
1.212320
1.211917
1.212974
1.212407
1.212192
1.212479
1.212409
1.212267
1.212090
1.212094
1.212481
1.211514
1.211787
1.210790
1.212306
1.211104
1.210541
1.210304
1.211050
1.212378
1.213333
1.213180
1.213231
1.213686
1.213753
1.212769
1.212683
1.212319
1.212626
1.212340
1.211506
1.212448
1.212980
1.212232
1.211861
1.210628
1.212146
1.212774
1.211912
1.213212
1.212274
1.212915
1.212063
1.211025
1.210545
1.210241
1.210765
1.209847
1.210177
1.209537
1.209990
1.211384
1.210627
1.210493
1.210217
1.210696
1.210566
1.210560
1.210312
1.210304
1.211036
1.211271
1.211286
1.210688
1.211204
1.211557
1.210904
1.209314
1.209204
1.209658
1.209492
1.209662
1.209666
1.210285
1.210056
1.210092
1.209820
1.209437
1.214067
1.234480
1.235346
1.234667
1.235622
1.235897
1.235365
1.235969
1.235842
1.236815
1.237050
1.236945
1.236573
1.236972
1.237138
1.236354
1.236534
1.235632
1.237229
1.236999
1.236629
1.236188
1.236095
1.236581
1.236362
1.236723
1.236570
1.237336
1.236740
1.236966
1.236637
1.236687
1.237272
1.236603
1.236675
1.236377
1.237299
1.236817
1.236832
1.236922
1.236402
1.237109
1.236637
1.236458
1.236088
1.237013
1.236796
1.236687
1.236860
1.237453
1.237497
1.237268
1.236752
1.236431
1.236994
1.237673
1.237645
1.237634
1.237031
1.237639
1.237423
1.237401
1.237146
1.237023
1.237675
1.237325
1.237211
1.236826
1.237703
1.237183
1.237096
1.236317
1.230249
1.215460
1.211218
1.211005
1.210815
1.212268
1.211904
1.211317
1.211345
1.211075
1.211994
1.211599
1.211148
1.211356
1.212044
1.211534
1.211803
1.211923
1.211795
1.212193
1.211553
1.211810
1.211676
1.212219
1.211950
1.211544
1.211416
1.211925
1.212747
1.211752
1.211856
1.211274
1.212426
1.212537
1.212379
1.212366
1.211708
1.212671
1.211740
1.212311
1.212370
1.211218
1.211318
1.211637
1.212422
1.211990
1.212186
1.210232
1.211738
1.210902
1.212233
1.212071
1.212139
1.211677
1.211239
1.211348
1.212701
1.212921
1.212885
1.213239
1.213018
1.213382
1.212196
1.210990
1.212984
1.212394
1.212193
1.212521
1.212080
1.211675
1.211552
1.211102
1.210967
1.210507
1.210532
1.210915
1.211286
1.211737
1.211459
1.211334
1.211594
1.210558
1.211858
1.211128
1.211390
1.211641
1.211084
1.211707
1.211879
1.211524
1.212785
1.212978
1.212964
1.212726
1.213125
1.211808
1.213515
1.212258
1.211560
1.210984
1.211228
1.211141
1.211389
1.211038
1.210819
1.210921
1.210747
1.210878
1.210414
1.212314
1.212915
1.232952
1.235576
1.235631
1.236125
1.234918
1.234587
1.234629
1.234351
1.234976
1.234181
1.234457
1.234133
1.234501
1.235037
1.234476
1.234159
1.234420
1.235033
1.234805
1.234598
1.234257
1.235135
1.234766
1.234363
1.234453
1.233913
1.234456
1.233512
1.233876
1.234129
1.234131
1.233739
1.233243
1.233275
1.232046
1.234104
1.232613
1.234097
1.233045
1.232878
1.232843
1.233178
1.232710
1.231811
1.232187
1.231816
1.231565
1.231179
1.231347
1.231078
1.229833
1.229942
1.229728
1.229633
1.228907
1.228927
1.229258
1.229736
1.229974
1.229197
1.228942
1.228610
1.229199
1.228754
1.227950
1.228008
1.227663
1.228243
1.227961
1.227428
1.226794
1.221325
1.209008
1.201545
1.201500
1.201155
1.201468
1.200573
1.200398
1.200135
1.200920
1.200759
1.199820
1.200000
1.200069
1.200683
1.199847
1.199880
1.199111
1.199890
1.200162
1.199487
1.198891
1.198986
1.199073
1.198347
1.197926
1.197767
1.197588
1.197807
1.196897
1.196782
1.196219
1.196629
1.196312
1.196402
1.195409
1.195893
1.196958
1.195929
1.195883
1.195221
1.195292
1.194757
1.194270
1.194068
1.193968
1.194956
1.193774
1.193877
1.193380
1.194013
1.194377
1.193883
1.193826
1.193298
1.193231
1.192752
1.193104
1.192969
1.192994
1.192461
1.190102
1.190955
1.192103
1.192687
1.191149
1.190663
1.186874
1.188995
1.190743
1.190810
1.189021
1.186578
1.183577
1.186187
1.189052
1.188557
1.186818
1.183436
1.179506
1.183267
1.186852
1.187634
1.185001
1.178629
1.175863
1.180970
1.186439
1.185727
1.183794
1.174998
1.173822
1.179222
1.183568
1.184165
1.181458
1.169540
1.168809
1.175227
1.180899
1.180017
1.177751
1.161334
1.162537
1.169059
1.175039
1.174058
1.167960
1.151495
1.154471
1.160879
1.166102
1.165878
1.156684
1.141131
1.144902
1.166725
1.179406
1.180224
1.167974
1.152454
1.156181
1.158665
1.164780
1.164454
1.149224
1.135903
1.141051
1.141302
1.147493
1.148176
1.130513
1.122285
1.126022
1.123216
1.129558
1.127557
1.109439
1.101825
1.104808
1.099471
1.105977
1.102850
1.087181
1.083978
1.080608
1.077040
1.081544
1.075825
1.065218
1.061991
1.055909
1.050766
1.055043
1.052299
1.044632
1.041718
1.035212
1.028768
1.035478
1.031009
1.025013
1.023105
1.017693
1.012800
1.019398
1.017030
1.013054
1.011690
1.007950
1.004651
1.011716
1.010631
1.009330
1.008529
1.006244
1.004441
1.009223
1.008934
1.005041
1.005148
1.003368
1.005237
1.009670
1.007972
1.005027
1.006807
1.004163
0.997155
0.989252
0.987079
0.986561
0.988446
0.990996
0.995498
0.997981
0.996505
0.992515
0.996039
0.998803
1.005260
1.007391
1.003792
0.999854
1.004308
1.009319
1.017609
1.019783
1.016090
1.014759
1.019641
1.026146
1.036752
1.039334
1.036614
1.038882
1.050497
1.063163
1.066144
1.060270
1.063165
1.062570
1.071516
1.083318
1.081425
1.078024
1.080503
1.078111
1.087800
1.100820
1.097872
1.096715
1.098449
1.093766
1.105908
1.118524
1.114681
1.114370
1.117175
1.111386
1.130340
1.143034
1.138325
1.140410
1.141264
1.135473
1.153716
1.159600
1.154579
1.157206
1.155869
1.150905
1.166585
1.169407
1.166318
1.168981
1.168612
1.167200
1.176282
1.176696
1.173320
1.176918
1.175163
1.176700
1.179428
1.178639
1.175334
1.175948
1.172891
1.174076
1.174402
1.173873
1.175286
1.173896
1.177372
1.178641
1.180098
1.178889
1.180909
1.179466
1.185045
1.186085
1.187274
1.186654
1.188070
1.184549
1.191286
1.192393
1.193017
1.191865
1.190579
1.183095
1.191469
1.192665
1.193862
1.192584
1.188968
1.185163
1.193016
1.195037
1.195340
1.203203
1.216369
1.213825
1.219317
1.220114
1.219957
1.218312
1.220983
1.217209
1.221013
1.220818
1.220540
1.221230
1.221229
1.219966
1.221476
1.221876
1.220937
1.221046
1.220074
1.219972
1.219908
1.218948
1.218683
1.217891
1.218174
1.218084
1.217638
1.217674
1.218618
1.215878
1.217814
1.217436
1.215727
1.215996
1.217413
1.217702
1.218089
1.218416
1.216871
1.218351
1.218436
1.218120
1.218562
1.217725
1.218024
1.219447
1.220229
1.221114
1.221873
1.221988
1.222535
1.223829
1.224809
1.226619
1.226743
1.227280
1.227477
1.229256
1.228862
1.228341
1.227342
1.228272
1.228967
1.229186
1.228294
1.228034
1.228436
1.226013
1.218005
1.204849
1.203960
1.203735
1.205347
1.203958
1.203420
1.205928
1.205835
1.205081
1.204631
1.204425
1.204987
1.205330
1.205873
1.205150
1.206201
1.205925
1.205172
1.205553
1.204783
1.206459
1.205737
1.205445
1.205707
1.206118
1.206455
1.206256
1.205919
1.205315
1.205092
1.204084
1.203794
1.204052
1.204112
1.204881
1.204561
1.204641
1.204302
1.205066
1.205620
1.205164
1.204303
1.204427
1.204807
1.204981
1.204402
1.203535
1.204503
1.205135
1.205263
1.206063
1.205454
1.206293
1.205711
1.205224
1.204898
1.206490
1.206060
1.205488
1.205561
1.205713
1.206313
1.207184
1.206892
1.206139
1.206508
1.206128
1.205508
1.205972
1.206253
1.205881
1.205594
1.203990
1.203414
1.205832
1.205451
1.204737
1.204898
1.204371
1.205634
1.205746
1.205038
1.205050
1.205478
1.206684
1.205052
1.205695
1.205636
1.206071
1.206763
1.207405
1.206562
1.206703
1.207677
1.206462
1.207037
1.207449
1.206635
1.206962
1.206755
1.206906
1.207088
1.208333
1.206258
1.205843
1.205913
1.204760
1.206437
1.206477
1.204733
1.205517
1.206154
1.204538
1.206315
1.212435
1.228575
1.232129
1.230553
1.229304
1.230238
1.230820
1.230228
1.231015
1.230077
1.228909
1.231854
1.230363
1.229836
1.230767
1.230541
1.230417
1.231017
1.230181
1.231006
1.232405
1.231390
1.231408
1.230582
1.229956
1.232119
1.231454
1.230583
1.231182
1.232509
1.231647
1.232889
1.232090
1.231468
1.232610
1.232316
1.232385
1.232371
1.232308
1.232344
1.233070
1.231520
1.233502
1.233806
1.232643
1.233383
1.232687
1.233482
1.233865
1.233395
1.232892
1.234428
1.234801
1.234606
1.234791
1.234980
1.235059
1.236290
1.235560
1.237080
1.237150
1.237268
1.236454
1.237512
1.236961
1.238118
1.238664
1.237168
1.237683
1.237833
1.238109
1.237198
1.230765
1.214238
1.212555
1.213308
1.212410
1.213146
1.212629
1.212949
1.213492
1.213127
1.212749
1.213604
1.213993
1.213571
1.213654
1.213445
1.214242
1.213844
1.214055
1.214463
1.213994
1.215292
1.214825
1.214577
1.213384
1.214811
1.212853
1.213233
1.213127
1.212605
1.213818
1.213147
1.213182
1.212559
1.212549
1.212652
1.211718
1.212095
1.212091
1.211282
1.211554
1.211475
1.210860
1.210181
1.210608
1.209013
1.209267
1.207871
1.209215
1.209374
1.209384
1.208344
1.208562
1.208155
1.207770
1.208343
1.208822
1.210517
1.210750
1.211685
1.212034
1.212686
1.214266
1.213837
1.213222
1.212388
1.212101
1.211064
1.210074
1.209933
1.209705
1.210576
1.209952
1.210254
1.208923
1.210075
1.209368
1.209465
1.208797
1.208431
1.208550
1.209072
1.208456
1.207613
1.209127
1.207999
1.208916
1.210150
1.210013
1.211459
1.211873
1.212001
1.213554
1.213652
1.214593
1.214527
1.214837
1.214216
1.214780
1.214798
1.214926
1.214499
1.214380
1.215346
1.214233
1.214060
1.213049
1.214033
1.213347
1.213133
1.212964
1.213560
1.215593
1.215291
1.214880
1.217068
1.239320
1.240956
1.240597
1.240797
1.241054
1.241093
1.240397
1.240733
1.239504
1.239115
1.241050
1.240315
1.240491
1.240959
1.241774
1.241421
1.241145
1.241753
1.241826
1.241879
1.242258
1.242263
1.242109
1.243080
1.242443
1.242485
1.242122
1.242369
1.243551
1.242875
1.242270
1.241354
1.242470
1.242635
1.242113
1.242109
1.241788
1.242914
1.242919
1.242253
1.242139
1.243201
1.243302
1.241633
1.242221
1.241819
1.242665
1.243224
1.242605
1.242544
1.242778
1.243016
1.243166
1.243966
1.244037
1.244962
1.243110
1.243640
1.243514
1.244507
1.245530
1.245000
1.244245
1.244491
1.244106
1.243079
1.243230
1.243244
1.242620
1.243278
1.243806
1.236804
1.223637
1.218131
1.216597
1.217620
1.218069
1.218290
1.218881
1.218356
1.217656
1.217247
1.218564
1.217948
1.218430
1.218390
1.218318
1.218320
1.217919
1.218465
1.218120
1.218340
1.219212
1.218558
1.217928
1.218467
1.219230
1.218490
1.218695
1.217895
1.218015
1.218404
1.218283
1.218468
1.218529
1.219020
1.217902
1.218375
1.218606
1.219409
1.220447
1.219350
1.218732
1.219064
1.219895
1.219234
1.219393
1.218899
1.218060
1.218671
1.218752
1.218708
1.219298
1.220549
1.219642
1.219195
1.219317
1.219533
1.220683
1.220266
1.220357
1.218954
1.220351
1.220263
1.220679
1.220968
1.220381
1.220697
1.220625
1.220655
1.221037
1.221710
1.221174
1.220353
1.220320
1.220214
1.221888
1.221116
1.220854
1.220726
1.220351
1.221176
1.220770
1.221083
1.221333
1.221557
1.221433
1.221554
1.221761
1.221927
1.222655
1.222573
1.222652
1.222546
1.223937
1.223130
1.223415
1.223366
1.222917
1.223580
1.223201
1.223615
1.223673
1.224476
1.223443
1.223008
1.222125
1.222016
1.222911
1.221728
1.220432
1.221054
1.222998
1.221928
1.221542
1.222056
1.222383
1.244137
1.249538
1.249400
1.248946
1.251037
1.251092
1.251209
1.251943
1.250842
1.252053
1.251965
1.251085
1.251142
1.251273
1.252319
1.250463
1.251254
1.251346
1.251938
1.252066
1.251741
1.251680
1.251705
1.251723
1.250783
1.250895
1.250004
1.252068
1.252090
1.252012
1.251605
1.251900
1.252320
1.251574
1.251493
1.251195
1.251766
1.251359
1.251228
1.251146
1.250023
1.250787
1.250426
1.250933
1.250691
1.250978
1.250366
1.249714
1.249644
1.249765
1.251221
1.250010
1.249458
1.249036
1.249253
1.249339
1.249506
1.249422
1.249723
1.251054
1.249875
1.249505
1.249353
1.249093
1.250145
1.248803
1.249230
1.249945
1.250853
1.249877
1.249921
1.244314
1.231880
1.223500
1.221876
1.221957
1.221663
1.223016
1.222059
1.222513
1.221011
1.221869
1.222034
1.221828
1.221970
1.221302
1.222467
1.222562
1.221623
1.221905
1.220903
1.222177
1.221130
1.220084
1.219406
1.219599
1.220119
1.220260
1.221147
1.220838
1.221377
1.221467
1.220877
1.220931
1.220778
1.221354
1.221270
1.219565
1.219234
1.219525
1.220120
1.220476
1.221268
1.220894
1.221295
1.221589
1.221178
1.220412
1.221811
1.220512
1.220012
1.221390
1.221008
1.221299
1.220693
1.220677
1.220273
1.221599
1.221950
1.220801
1.221179
1.220520
1.221275
1.220465
1.220525
1.220515
1.221599
1.222544
1.220900
1.220633
1.220130
1.220134
1.220547
1.220843
1.221400
1.222329
1.222152
1.221241
1.221012
1.220281
1.221122
1.220413
1.220434
1.220422
1.220298
1.221446
1.221109
1.221125
1.221809
1.222538
1.223028
1.222582
1.222410
1.222569
1.222986
1.222295
1.222100
1.222594
1.224102
1.223418
1.223184
1.223236
1.223404
1.223430
1.222664
1.223494
1.223021
1.223187
1.222703
1.222412
1.222993
1.222962
1.223964
1.223807
1.223461
1.223614
1.224186
1.240194
1.250951
1.251552
1.250843
1.251457
1.251120
1.251143
1.251108
1.251006
1.251228
1.251048
1.251093
1.251116
1.251921
1.251619
1.251406
1.251421
1.251273
1.252515
1.251943
1.251847
1.251648
1.252181
1.252099
1.252087
1.251828
1.251642
1.252180
1.251732
1.251831
1.251266
1.251893
1.251684
1.251802
1.251108
1.250845
1.251513
1.251119
1.250855
1.250414
1.250572
1.250791
1.250274
1.250545
1.250287
1.251312
1.250924
1.251112
1.250182
1.250579
1.251341
1.250713
1.250604
1.250337
1.250279
1.250417
1.250077
1.249776
1.248548
1.249487
1.248935
1.247689
1.248167
1.248668
1.247809
1.247521
1.247684
1.248133
1.247599
1.246716
1.246563
1.243235
1.234741
1.220037
1.220385
1.221015
1.220847
1.222104
1.220218
1.220291
1.220302
1.220429
1.220775
1.220140
1.219252
1.218594
1.219002
1.219556
1.219685
1.220117
1.219503
1.219699
1.220278
1.219347
1.218110
1.219376
1.218152
1.217876
1.218328
1.219006
1.219671
1.219136
1.218829
1.217899
1.219282
1.218915
1.218562
1.218926
1.218364
1.218075
1.217421
1.217144
1.217407
1.218530
1.217820
1.217241
1.217635
1.216033
1.216826
1.216744
1.216925
1.216266
1.217258
1.216368
1.216121
1.215886
1.215989
1.216983
1.215536
1.215863
1.216409
1.216422
1.216391
1.216014
1.216136
1.216135
1.216700
1.215834
1.215504
1.215013
1.214994
1.215217
1.214124
1.214860
1.213931
1.215013
1.215049
1.215304
1.214501
1.213124
1.213722
1.212806
1.212546
1.212995
1.212711
1.212766
1.211564
1.211829
1.213039
1.213813
1.212108
1.211071
1.210442
1.212643
1.212698
1.212070
1.211494
1.213705
1.213261
1.210222
1.209980
1.209914
1.212091
1.210400
1.210399
1.210893
1.210318
1.210295
1.209109
1.208713
1.209911
1.209674
1.209102
1.210144
1.209769
1.209508
1.209393
1.218315
1.234753
1.234433
1.234819
1.236360
1.235459
1.234786
1.234846
1.235440
1.233875
1.233606
1.232896
1.232099
1.232442
1.231088
1.229967
1.228310
1.228411
1.227202
1.226903
1.225670
1.224466
1.224208
1.222791
1.221995
1.221285
1.220770
1.219361
1.220042
1.217707
1.216671
1.216920
1.215396
1.214854
1.214828
1.214507
1.214134
1.213352
1.212545
1.211775
1.213152
1.211757
1.212291
1.212307
1.211693
1.212289
1.211691
1.211259
1.211162
1.211432
1.210645
1.210515
1.210741
1.210020
1.210293
1.209681
1.208748
1.208379
1.209025
1.208030
1.207665
1.207170
1.206748
1.207028
1.206508
1.204864
1.204736
1.203777
1.202126
1.202159
1.203065
1.201068
1.194072
1.177898
1.176183
1.176037
1.176515
1.176558
1.177025
1.177138
1.176769
1.177221
1.176804
1.177180
1.177169
1.176965
1.177998
1.177647
1.177704
1.176976
1.177704
1.178324
1.179252
1.179357
1.179976
1.180931
1.179615
1.179488
1.179444
1.181556
1.182596
1.183162
1.182923
1.182139
1.182237
1.181562
1.183411
1.184890
1.185649
1.186058
1.185946
1.185699
1.185343
1.186097
1.187047
1.187764
1.187943
1.189013
1.189398
1.188973
1.188287
1.188918
1.191605
1.192133
1.192842
1.193109
1.193779
1.194265
1.194401
1.195070
1.196201
1.198184
1.197634
1.198073
1.198469
1.198851
1.201106
1.201783
1.202136
1.202859
1.204503
1.204610
1.205347
1.206008
1.206552
1.207470
1.208056
1.207810
1.207293
1.208264
1.208059
1.208177
1.208909
1.209319
1.209775
1.210123
1.210061
1.209944
1.210900
1.211610
1.211492
1.212248
1.212500
1.212886
1.212866
1.213003
1.212913
1.213475
1.214188
1.214761
1.213904
1.214207
1.214795
1.213531
1.213942
1.213954
1.213945
1.213648
1.213046
1.213478
1.213681
1.213735
1.214219
1.214144
1.214396
1.215243
1.241143
1.242344
1.242616
1.241340
1.242209
1.242119
1.243449
1.244879
1.243886
1.244352
1.244369
1.245441
1.245276
1.245267
1.245807
1.245893
1.246533
1.243492
1.244055
1.244574
1.245070
1.245694
1.243379
1.243995
1.243705
1.243851
1.244661
1.245365
1.245087
1.245184
1.245583
1.245847
1.245402
1.245889
1.246535
1.244832
1.244344
1.244192
1.244194
1.246052
1.244922
1.244624
1.244153
1.245512
1.244931
1.244523
1.245172
1.245357
1.245967
1.245536
1.246759
1.246494
1.246852
1.246269
1.246647
1.247072
1.246942
1.247649
1.247052
1.247276
1.247209
1.247818
1.247799
1.247132
1.246744
1.247641
1.247970
1.247446
1.247011
1.246107
1.245089
1.239343
1.224039
1.221328
1.221062
1.221898
1.221163
1.220836
1.220015
1.220357
1.220686
1.219975
1.219079
1.218011
1.219332
1.218999
1.218279
1.218930
1.218335
1.219903
1.219265
1.219118
1.219167
1.219668
1.218987
1.219394
1.219870
1.219284
1.219615
1.219513
1.219229
1.218710
1.218520
1.219701
1.218746
1.219341
1.219220
1.219857
1.219540
1.218924
1.218226
1.219642
1.219506
1.219864
1.218884
1.218618
1.218594
1.216207
1.216887
1.218274
1.219423
1.219830
1.219411
1.219105
1.218745
1.218720
1.219352
1.220508
1.219653
1.220157
1.220633
1.219890
1.218501
1.218166
1.220137
1.220356
1.220374
1.219624
1.219378
1.220076
1.217954
1.218163
1.218121
1.219307
1.219325
1.218885
1.218370
1.216969
1.217592
1.216629
1.216580
1.217535
1.217405
1.216747
1.215527
1.215157
1.215399
1.216739
1.216781
1.216844
1.217008
1.217168
1.216776
1.215798
1.216697
1.216523
1.216762
1.216149
1.215984
1.215870
1.215137
1.216606
1.216663
1.215705
1.215048
1.216324
1.215491
1.214039
1.213979
1.214939
1.215907
1.214400
1.214243
1.214105
1.215068
1.214575
1.216399
1.237852
1.240701
1.240876
1.240650
1.240810
1.240233
1.240915
1.241713
1.241361
1.240812
1.240838
1.241918
1.242177
1.241230
1.241722
1.242238
1.242937
1.242180
1.242193
1.242051
1.243517
1.242780
1.243387
1.244003
1.243789
1.243930
1.243467
1.243194
1.243187
1.243462
1.243854
1.242631
1.242951
1.243334
1.244138
1.242880
1.243048
1.243092
1.243457
1.242942
1.242815
1.242778
1.242394
1.242927
1.242979
1.243545
1.243322
1.243443
1.243463
1.243823
1.243108
1.243402
1.244330
1.242934
1.240871
1.243541
1.242607
1.241960
1.244245
1.243765
1.243525
1.243377
1.243173
1.243488
1.245176
1.244166
1.245192
1.244715
1.244506
1.245156
1.238880
1.225694
1.217240
1.215367
1.216996
1.216650
1.216218
1.216781
1.218064
1.217344
1.217501
1.216776
1.217275
1.217412
1.216656
1.216601
1.217992
1.219001
1.218719
1.218584
1.218088
1.217505
1.218953
1.219082
1.219449
1.219257
1.218080
1.218871
1.218003
1.216409
1.216362
1.218668
1.218157
1.217216
1.218610
1.218037
1.217686
1.218371
1.218445
1.218452
1.219637
1.219128
1.218567
1.217797
1.218278
1.219184
1.219409
1.219518
1.219528
1.219705
1.217986
1.218743
1.218942
1.218671
1.219795
1.219200
1.218603
1.218646
1.219880
1.219374
1.220742
1.219897
1.219935
1.220766
1.220096
1.220127
1.220661
1.220989
1.220279
1.220516
1.220174
1.219457
1.220841
1.219613
1.219472
1.220175
1.219569
1.219178
1.218742
1.218358
1.218054
1.218905
1.219004
1.218451
1.219004
1.219052
1.219696
1.218905
1.218862
1.219265
1.219727
1.219120
1.219743
1.219850
1.219923
1.220446
1.219345
1.219420
1.219208
1.220140
1.219932
1.219714
1.219727
1.219532
1.220354
1.220124
1.219554
1.218812
1.219703
1.219016
1.218762
1.219100
1.219178
1.219684
1.219736
1.219837
1.237290
1.246065
1.246231
1.245846
1.246600
1.245807
1.246615
1.246117
1.246082
1.245975
1.246108
1.246482
1.246033
1.246135
1.246204
1.246828
1.246603
1.246254
1.245987
1.246617
1.246856
1.246701
1.246984
1.246988
1.247686
1.247499
1.247069
1.246989
1.246831
1.247217
1.246505
1.246886
1.246552
1.246716
1.247019
1.246475
1.245528
1.245119
1.245815
1.245920
1.244392
1.245220
1.245672
1.246074
1.245667
1.245592
1.245519
1.245960
1.246658
1.246276
1.246749
1.247162
1.246345
1.246829
1.247393
1.248512
1.248279
1.248142
1.248046
1.248574
1.249145
1.248599
1.248677
1.248118
1.248211
1.248409
1.248608
1.248806
1.248921
1.249330
1.244102
1.233300
1.222298
1.221958
1.222078
1.222478
1.222545
1.222904
1.222772
1.221824
1.222064
1.221834
1.222478
1.222364
1.221815
1.221896
1.221941
1.223384
1.222204
1.222214
1.223413
1.224202
1.224029
1.223140
1.223664
1.222343
1.223219
1.222403
1.222847
1.223053
1.223382
1.223535
1.224480
1.223226
1.222618
1.223407
1.223105
1.223394
1.222717
1.222685
1.224165
1.222458
1.222640
1.223291
1.224114
1.222590
1.222223
1.222653
1.222021
1.223699
1.222793
1.222510
1.222149
1.221982
1.222615
1.222193
1.221960
1.221783
1.223692
1.223065
1.222540
1.222919
1.223054
1.222538
1.223153
1.223292
1.223789
1.223978
1.224194
1.223053
1.223119
1.223645
1.223462
1.224512
1.223456
1.223317
1.222930
1.222235
1.222438
1.222468
1.222938
1.223704
1.223685
1.223549
1.223160
1.224707
1.224637
1.224259
1.224668
1.223512
1.224079
1.223390
1.223446
1.224645
1.223967
1.223513
1.224445
1.223882
1.223055
1.224337
1.223907
1.224165
1.224247
1.223858
1.223341
1.223712
1.222778
1.222119
1.223053
1.222650
1.222854
1.222504
1.223563
1.223742
1.223546
1.223513
1.235847
1.249863
1.249816
1.249548
1.249635
1.249939
1.250220
1.250483
1.250181
1.249813
1.251443
1.249530
1.249877
1.250014
1.249853
1.250742
1.250186
1.250814
1.250353
1.251327
1.250746
1.249391
1.249542
1.248968
1.250167
1.250890
1.251670
1.250564
1.250957
1.250690
1.250649
1.250458
1.250577
1.251118
1.250286
1.250532
1.250858
1.250505
1.249967
1.249875
1.250207
1.251110
1.250785
1.251670
1.250961
1.252028
1.251763
1.250646
1.252365
1.252806
1.252173
1.251504
1.252457
1.252838
1.248901
1.240169
1.226700
1.225355
1.224849
1.222730
1.225093
1.225162
1.225286
1.225034
1.225581
1.224897
1.224845
1.223994
1.225796
1.223633
1.224360
1.225979
1.226440
1.224866
1.224599
1.225604
1.226007
1.225204
1.224632
1.225950
1.227086
1.226155
1.224902
1.226205
1.227381
1.226365
1.225736
1.226997
1.226087
1.225794
1.225958
1.227178
1.226423
1.226220
1.226159
1.226336
1.225106
1.225604
1.227041
1.227574
1.226144
1.225281
1.227016
1.226553
1.226059
1.226075
1.226758
1.227601
1.226453
1.226166
1.228006
1.227481
1.226981
1.226419
1.227254
1.226903
1.226646
1.227171
1.226646
1.227036
1.227078
1.227816
1.227747
1.227077
1.227264
1.227544
1.226685
1.225659
1.226582
1.226189
1.226469
1.225328
1.226419
1.226413
1.227188
1.226535
1.226937
1.226901
1.225466
1.227582
1.227328
1.227545
1.227077
1.228175
1.228108
1.227058
1.227257
1.227608
1.227827
1.227338
1.226982
1.227576
1.227524
1.227121
1.228227
1.228137
1.227530
1.227305
1.227976
1.227525
1.226767
1.227401
1.227245
1.226583
1.225790
1.226061
1.227002
1.226133
1.226510
1.227563
1.235158
1.253399
1.252980
1.253568
1.252308
1.253217
1.253915
1.253507
1.253076
1.252696
1.252941
1.252232
1.252052
1.252737
1.254646
1.253257
1.253585
1.254275
1.252743
1.253303
1.253616
1.254178
1.254455
1.254185
1.253749
1.254631
1.253581
1.253754
1.254770
1.254303
1.253192
1.254039
1.253768
1.254652
1.254020
1.254911
1.254449
1.253802
1.252614
1.251570
1.251047
1.251732
1.252601
1.252096
1.251717
1.251302
1.252336
1.251841
1.252223
1.252078
1.253139
1.253442
1.252383
1.252686
1.251268
1.252567
1.252367
1.252103
1.252007
1.251084
1.253050
1.252004
1.252880
1.252492
1.252651
1.253252
1.252617
1.253145
1.252506
1.253279
1.252800
1.251181
1.244903
1.228454
1.225652
1.225172
1.224611
1.225000
1.225957
1.225349
1.225419
1.225465
1.225319
1.225849
1.225237
1.225426
1.224846
1.224881
1.224508
1.224234
1.224385
1.224587
1.225914
1.224946
1.224645
1.224833
1.225703
1.225209
1.224562
1.224105
1.223645
1.224803
1.224207
1.224117
1.224260
1.224694
1.223841
1.224162
1.224751
1.225116
1.225376
1.224244
1.224677
1.224895
1.224670
1.225022
1.224489
1.224429
1.224076
1.225120
1.224502
1.224294
1.223764
1.224062
1.224459
1.224034
1.223561
1.222863
1.223558
1.223096
1.223773
1.225430
1.224893
1.226103
1.223786
1.223086
1.223337
1.224262
1.222878
1.222860
1.222609
1.223006
1.223537
1.222842
1.222489
1.221936
1.222567
1.222362
1.222066
1.222510
1.222538
1.222601
1.222103
1.221764
1.221615
1.223107
1.222776
1.222582
1.222513
1.222216
1.222742
1.222430
1.222796
1.222266
1.223122
1.222844
1.222460
1.222866
1.222348
1.223538
1.223106
1.223148
1.223158
1.223451
1.223429
1.222746
1.222981
1.223344
1.223999
1.223307
1.222479
1.221902
1.221742
1.223095
1.222752
1.222578
1.222565
1.226163
1.247441
1.249202
1.248930
1.249832
1.250267
1.249797
1.250737
1.250128
1.250331
1.249794
1.249648
1.248720
1.249316
1.249268
1.249481
1.249673
1.249418
1.249377
1.249944
1.248895
1.249954
1.250337
1.250669
1.250606
1.250681
1.250562
1.251380
1.251780
1.251364
1.251486
1.250859
1.251819
1.251273
1.251490
1.251669
1.251618
1.252202
1.250708
1.250560
1.250949
1.251875
1.252147
1.250232
1.250622
1.251350
1.251919
1.251189
1.251382
1.251407
1.251746
1.250618
1.250733
1.250677
1.251105
1.251661
1.250923
1.251404
1.250640
1.251767
1.251381
1.251203
1.250704
1.249679
1.250823
1.250412
1.250918
1.250123
1.250136
1.251196
1.251324
1.250044
1.245093
1.230443
1.224658
1.224512
1.224811
1.224521
1.224501
1.223637
1.223485
1.223607
1.225045
1.224289
1.225155
1.224552
1.223845
1.224558
1.223181
1.224083
1.223978
1.223989
1.224902
1.224548
1.224574
1.224291
1.224174
1.223317
1.222330
1.221458
1.222514
1.222907
1.222308
1.222576
1.222293
1.223548
1.223361
1.221913
1.221925
1.223041
1.222489
1.221527
1.221413
1.221242
1.222823
1.221903
1.221932
1.222408
1.222632
1.221687
1.221161
1.221960
1.221799
1.223026
1.222389
1.222516
1.220443
1.220185
1.221581
1.221288
1.221583
1.221753
1.221393
1.222094
1.222319
1.222432
1.222148
1.222691
1.221840
1.222032
1.221699
1.222526
1.222324
1.221327
1.220973
1.221594
1.222160
1.221331
1.221541
1.221133
1.222116
1.221631
1.221163
1.220944
1.221064
1.221618
1.221083
1.222014
1.221016
1.221353
1.221148
1.221431
1.221671
1.221785
1.223430
1.222901
1.223115
1.222243
1.221944
1.224002
1.223459
1.222936
1.221979
1.222860
1.222495
1.222166
1.222636
1.222822
1.223384
1.221600
1.222062
1.221900
1.222146
1.221362
1.221048
1.221498
1.222546
1.223128
1.243862
1.248811
1.249256
1.248880
1.249211
1.247826
1.248370
1.248397
1.248496
1.248357
1.248732
1.248648
1.249072
1.249464
1.248968
1.248189
1.248255
1.249756
1.248726
1.248915
1.249084
1.249275
1.249474
1.248797
1.248836
1.249260
1.249737
1.248730
1.248842
1.249138
1.248419
1.248637
1.247861
1.248240
1.247697
1.248937
1.248067
1.248211
1.247663
1.247182
1.248266
1.247964
1.247727
1.247298
1.248184
1.248301
1.247754
1.247643
1.247740
1.248657
1.247944
1.248482
1.248584
1.249470
1.249123
1.248516
1.248769
1.248373
1.249210
1.249063
1.248888
1.248927
1.248848
1.249197
1.249104
1.248427
1.248416
1.250172
1.248778
1.248615
1.248682
1.243601
1.232570
1.222531
1.221994
1.222211
1.222772
1.222782
1.222652
1.222855
1.221787
1.222261
1.221895
1.222255
1.222365
1.222994
1.222636
1.222630
1.222316
1.222377
1.223524
1.222823
1.222537
1.221714
1.222858
1.222752
1.222381
1.221872
1.221942
1.222219
1.221706
1.222553
1.222750
1.222876
1.222528
1.221716
1.222136
1.222321
1.223292
1.222691
1.222328
1.221789
1.221566
1.222005
1.221989
1.221398
1.221883
1.222394
1.222245
1.221474
1.220119
1.220843
1.220411
1.221959
1.220328
1.219409
1.220397
1.220859
1.221500
1.221954
1.221424
1.220930
1.222170
1.220750
1.219742
1.221238
1.221176
1.221768
1.222686
1.222464
1.221156
1.221827
1.222473
1.221812
1.222072
1.222133
1.223532
1.222100
1.221077
1.220755
1.220664
1.221353
1.220233
1.221514
1.221670
1.222253
1.220922
1.220884
1.221436
1.221460
1.221283
1.221043
1.222739
1.221565
1.221896
1.221862
1.222296
1.221944
1.221103
1.223748
1.221889
1.221130
1.219388
1.220214
1.220592
1.220021
1.219590
1.219738
1.220113
1.218844
1.218821
1.219046
1.220849
1.221121
1.234522
1.245890
1.246002
1.246135
1.246017
1.245795
1.245992
1.246176
1.245820
1.246635
1.245528
1.245544
1.245809
1.246170
1.246579
1.245708
1.246073
1.247768
1.246849
1.245776
1.245811
1.246939
1.245559
1.246181
1.246777
1.246146
1.246311
1.245857
1.246822
1.246367
1.247091
1.246655
1.247165
1.247033
1.246533
1.247959
1.246923
1.247309
1.247113
1.246921
1.247635
1.247730
1.246777
1.247106
1.247889
1.247088
1.246203
1.246123
1.246290
1.246189
1.246282
1.247075
1.246867
1.247730
1.246619
1.246758
1.246479
1.246132
1.247005
1.246707
1.246105
1.246256
1.246572
1.245779
1.245573
1.245306
1.246130
1.246949
1.246302
1.246074
1.245394
1.242536
1.233446
1.219870
1.219535
1.219546
1.220374
1.218989
1.218928
1.218821
1.219104
1.217889
1.217597
1.217375
1.217641
1.218340
1.217765
1.217675
1.216810
1.218024
1.217178
1.216589
1.216642
1.216184
1.216621
1.215916
1.214545
1.216221
1.215328
1.216066
1.215901
1.215500
1.215287
1.216230
1.216292
1.215882
1.215504
1.215689
1.216184
1.215244
1.215448
1.214781
1.215579
1.215223
1.215119
1.214956
1.214715
1.214728
1.213939
1.213268
1.213099
1.213536
1.212209
1.211806
1.212093
1.211937
1.212385
1.211826
1.211649
1.211092
1.211985
1.210543
1.211002
1.209771
1.209656
1.210310
1.209583
1.209354
1.209750
1.210079
1.210037
1.209449
1.209419
1.208836
1.209618
1.209285
1.208990
1.209044
1.208287
1.207985
1.207260
1.206851
1.206288
1.206975
1.206344
1.205678
1.204767
1.205024
1.205034
1.204736
1.203982
1.203231
1.203808
1.202219
1.200961
1.199995
1.199600
1.199455
1.198935
1.198100
1.196481
1.196141
1.194571
1.193990
1.193718
1.193454
1.193401
1.192107
1.192163
1.190500
1.190156
1.189427
1.188340
1.188447
1.187984
1.188480
1.188062
1.196954
1.212837
1.212889
1.213289
1.212897
1.212994
1.213109
1.213661
1.213138
1.213049
1.213840
1.214231
1.215708
1.215446
1.215839
1.217011
1.216406
1.218030
1.218446
1.217656
1.220391
1.220205
1.220669
1.220935
1.221861
1.222016
1.222328
1.223058
1.222002
1.223624
1.224275
1.225553
1.225953
1.224447
1.224059
1.223496
1.223259
1.222394
1.221939
1.220889
1.220990
1.221996
1.220304
1.220998
1.220973
1.221322
1.222408
1.223310
1.223298
1.224485
1.225326
1.227038
1.228660
1.227422
1.230556
1.229971
1.229683
1.231217
1.231621
1.232313
1.233178
1.232831
1.232527
1.233201
1.233007
1.233386
1.232690
1.233456
1.232173
1.224508
1.208853
1.207112
1.207510
1.206185
1.206792
1.207086
1.206146
1.208509
1.206949
1.206561
1.205726
1.206354
1.205472
1.206191
1.204820
1.205056
1.206245
1.206459
1.206383
1.206349
1.206729
1.206647
1.205982
1.207218
1.206750
1.208476
1.206732
1.206379
1.207243
1.204600
1.204085
1.205809
1.205161
1.206170
1.206927
1.206515
1.205469
1.207433
1.207170
1.208245
1.207958
1.207638
1.206904
1.208446
1.207319
1.207768
1.209944
1.209893
1.209841
1.209880
1.210487
1.211090
1.212679
1.212722
1.213377
1.213939
1.214394
1.216156
1.215929
1.215345
1.216048
1.216145
1.216983
1.218330
1.218312
1.216895
1.218380
1.217830
1.217635
1.218038
1.216424
1.217540
1.217186
1.216978
1.216772
1.218617
1.217902
1.218563
1.218714
1.218375
1.219212
1.218171
1.218317
1.218619
1.219325
1.218987
1.219078
1.218986
1.219450
1.220799
1.220326
1.220115
1.220051
1.220596
1.220649
1.220844
1.219745
1.220214
1.221784
1.220494
1.220481
1.220499
1.220749
1.219728
1.220104
1.219823
1.219715
1.220563
1.219560
1.218396
1.218616
1.218026
1.220137
1.221051
1.224773
1.244782
1.246577
1.246008
1.246558
1.246937
1.246465
1.247706
1.246657
1.246660
1.247225
1.247284
1.246305
1.246711
1.246958
1.246381
1.247433
1.246919
1.246560
1.246406
1.246519
1.246737
1.246823
1.246493
1.245957
1.247127
1.246561
1.246701
1.246776
1.247209
1.246706
1.246761
1.246564
1.246685
1.247345
1.246395
1.246110
1.246320
1.247451
1.248116
1.247450
1.246983
1.246648
1.247659
1.247261
1.247119
1.247099
1.246784
1.247116
1.246850
1.247421
1.246703
1.247488
1.246727
1.247777
1.247452
1.247439
1.247742
1.247137
1.247140
1.247017
1.247778
1.247717
1.247610
1.247336
1.246456
1.248366
1.246862
1.247073
1.246802
1.247255
1.246134
1.240199
1.223810
1.220984
1.220907
1.220149
1.220049
1.220620
1.220873
1.220748
1.220330
1.219690
1.219603
1.220345
1.220644
1.219696
1.219390
1.219930
1.220780
1.220737
1.219583
1.219717
1.220425
1.219837
1.218933
1.220005
1.218905
1.216965
1.217832
1.219388
1.219607
1.219172
1.218627
1.218447
1.219326
1.219575
1.219306
1.218813
1.219673
1.219475
1.219029
1.219578
1.219636
1.221036
1.220189
1.219962
1.219380
1.219718
1.220152
1.219162
1.219561
1.219373
1.219051
1.219686
1.218411
1.218482
1.220008
1.220024
1.220158
1.220286
1.219869
1.219987
1.218966
1.219374
1.219544
1.218720
1.219498
1.218945
1.218554
1.217954
1.218475
1.218294
1.217823
1.217573
1.217331
1.217371
1.218155
1.217468
1.215601
1.216228
1.215656
1.216149
1.215122
1.216237
1.215890
1.215483
1.215090
1.214225
1.214932
1.215776
1.217219
1.216870
1.216626
1.217287
1.217027
1.216698
1.216179
1.216387
1.214724
1.215257
1.216432
1.217269
1.217602
1.216137
1.214879
1.214988
1.214491
1.216685
1.217054
1.216965
1.216384
1.216171
1.214486
1.214111
1.216144
1.238785
1.243702
1.243039
1.243075
1.242076
1.241088
1.240605
1.240968
1.241353
1.242926
1.243552
1.242678
1.242732
1.241494
1.241782
1.242942
1.242929
1.243096
1.242797
1.243460
1.243411
1.244189
1.241778
1.242391
1.243780
1.244122
1.244048
1.243631
1.244370
1.243104
1.242728
1.243207
1.242791
1.243530
1.242268
1.241971
1.243569
1.243458
1.244205
1.244624
1.243358
1.242781
1.244198
1.244405
1.244923
1.245248
1.244776
1.244023
1.244647
1.245639
1.246980
1.247748
1.246657
1.246048
1.245432
1.246241
1.246799
1.247399
1.247721
1.247359
1.248877
1.248001
1.247167
1.246940
1.247115
1.247935
1.249321
1.249874
1.249752
1.249426
1.246071
1.239385
1.227188
1.221618
1.223056
1.223222
1.222260
1.221682
1.222008
1.221206
1.221359
1.222214
1.221331
1.222900
1.222646
1.222679
1.221626
1.221738
1.220676
1.221831
1.223226
1.223564
1.224922
1.222327
1.221063
1.221182
1.222786
1.222492
1.223152
1.223186
1.222720
1.223497
1.222467
1.222562
1.222210
1.222781
1.223142
1.223641
1.224327
1.223823
1.223253
1.222439
1.222342
1.222485
1.223300
1.224142
1.223477
1.221746
1.221991
1.221502
1.221717
1.221853
1.222632
1.223510
1.223390
1.224452
1.223903
1.223255
1.223406
1.223769
1.223627
1.224249
1.224951
1.224430
1.224256
1.223959
1.222754
1.224626
1.224119
1.224126
1.224743
1.223723
1.224071
1.222881
1.222177
1.222168
1.223280
1.223498
1.222734
1.223143
1.223140
1.222860
1.222584
1.222271
1.222692
1.223781
1.223136
1.222811
1.222616
1.221985
1.222656
1.222681
1.223130
1.223376
1.223567
1.223956
1.222547
1.221657
1.221670
1.222993
1.223373
1.223574
1.222990
1.222448
1.222110
1.220659
1.221773
1.221753
1.222894
1.222404
1.222214
1.221264
1.220326
1.221292
1.221509
1.222205
1.222802
1.241017
1.248296
1.247418
1.246191
1.247224
1.249182
1.249497
1.249059
1.249061
1.248434
1.247901
1.248522
1.248646
1.249923
1.250344
1.249579
1.249467
1.248530
1.247236
1.247811
1.247525
1.248120
1.247571
1.248028
1.247910
1.246506
1.246680
1.247808
1.248534
1.248887
1.248735
1.248711
1.248323
1.247650
1.248483
1.249132
1.249509
1.248512
1.247200
1.247536
1.246637
1.247956
1.248123
1.249275
1.249297
1.248971
1.249372
1.248460
1.247799
1.247904
1.249563
1.249969
1.249024
1.249442
1.248931
1.247960
1.248106
1.249415
1.248350
1.249841
1.250648
1.249667
1.248455
1.247498
1.248970
1.249630
1.249992
1.250475
1.250359
1.249437
1.248819
1.243865
1.234179
1.224728
1.223572
1.223677
1.223491
1.222810
1.222410
1.222026
1.223041
1.223643
1.223710
1.223575
1.223211
1.222494
1.220159
1.221777
1.222419
1.223192
1.222928
1.223352
1.223229
1.222299
1.221208
1.221708
1.223821
1.223755
1.223572
1.223291
1.223341
1.222102
1.221609
1.222740
1.223276
1.224233
1.224142
1.223027
1.222287
1.220682
1.220725
1.221761
1.222657
1.223246
1.224078
1.223430
1.222500
1.221379
1.221516
1.222327
1.223022
1.222917
1.222951
1.223873
1.222600
1.221405
1.221198
1.222207
1.223887
1.223682
1.223627
1.223119
1.222743
1.221392
1.221250
1.222745
1.223390
1.224154
1.223751
1.223203
1.222283
1.221665
1.220903
1.222161
1.223314
1.222523
1.223693
1.222999
1.221691
1.220012
1.220933
1.222419
1.222548
1.222638
1.222256
1.222724
1.221433
1.219499
1.220514
1.222315
1.223517
1.223127
1.223351
1.222748
1.221794
1.220579
1.220956
1.222525
1.223140
1.223516
1.222987
1.222852
1.221222
1.221056
1.221285
1.222064
1.222439
1.222218
1.222665
1.221358
1.220341
1.218800
1.219633
1.220641
1.221148
1.221631
1.221600
1.234270
1.245916
1.244782
1.246204
1.247007
1.247807
1.247450
1.247683
1.246660
1.245663
1.244912
1.246346
1.246834
1.247345
1.247264
1.246618
1.245598
1.244769
1.245010
1.244641
1.244365
1.246384
1.247059
1.245793
1.244576
1.243963
1.245853
1.245888
1.245326
1.244823
1.245490
1.245602
1.245563
1.245387
1.245434
1.247868
1.247385
1.246882
1.246910
1.246789
1.246572
1.245173
1.245485
1.245499
1.246099
1.247412
1.246375
1.246531
1.244901
1.245284
1.245020
1.244307
1.245955
1.247012
1.246864
1.247025
1.245782
1.245456
1.246830
1.246059
1.244986
1.245015
1.244696
1.245801
1.244421
1.244085
1.243894
1.245363
1.245061
1.244065
1.241494
1.232531
1.218137
1.218252
1.217842
1.218397
1.219712
1.219442
1.219079
1.219218
1.216705
1.218051
1.217215
1.217969
1.218218
1.219020
1.218489
1.218835
1.217880
1.218308
1.220314
1.219059
1.219561
1.219676
1.220059
1.219848
1.219814
1.218292
1.218598
1.219422
1.218619
1.219717
1.219437
1.220047
1.219558
1.217284
1.219271
1.218546
1.218539
1.219203
1.219641
1.219595
1.219906
1.219231
1.217780
1.219198
1.217924
1.219176
1.219551
1.219895
1.220050
1.219438
1.217918
1.217310
1.217917
1.218656
1.220451
1.220556
1.220528
1.220816
1.219907
1.219847
1.218876
1.219714
1.220496
1.221865
1.222354
1.221668
1.220679
1.219143
1.221106
1.221555
1.221735
1.222348
1.221793
1.221716
1.221080
1.219922
1.219925
1.220865
1.221110
1.222224
1.221929
1.221849
1.221205
1.219632
1.219817
1.220149
1.222336
1.221686
1.221858
1.222160
1.221415
1.221286
1.220612
1.220176
1.220303
1.221206
1.221127
1.220824
1.220886
1.220536
1.220872
1.220703
1.220835
1.221479
1.221350
1.221297
1.220787
1.222023
1.218187
1.218660
1.219867
1.218547
1.220054
1.220863
1.229454
1.247977
1.248180
1.247491
1.248866
1.249220
1.248808
1.249287
1.248378
1.247640
1.246966
1.248053
1.247793
1.248446
1.248546
1.248536
1.248572
1.248357
1.247755
1.247488
1.247979
1.247751
1.249288
1.249290
1.249005
1.249545
1.248758
1.249148
1.248525
1.248237
1.249105
1.250265
1.249767
1.249026
1.248760
1.248046
1.248088
1.249568
1.250058
1.250594
1.248395
1.249021
1.249073
1.248762
1.249782
1.250703
1.249613
1.248140
1.247935
1.249650
1.250682
1.251048
1.251791
1.251302
1.251732
1.251578
1.251266
1.250674
1.250380
1.250578
1.250546
1.251331
1.251547
1.252072
1.251541
1.250724
1.250725
1.250502
1.251595
1.251161
1.250222
1.248444
1.242871
1.225938
1.223672
1.223322
1.222764
1.224154
1.223424
1.223193
1.223300
1.223534
1.223072
1.222326
1.222436
1.222625
1.223292
1.223040
1.222490
1.222342
1.221994
1.222582
1.222472
1.222273
1.222263
1.223164
1.222610
1.222169
1.222607
1.222548
1.222572
1.222327
1.222143
1.222082
1.223596
1.222046
1.222053
1.221805
1.221207
1.222249
1.222447
1.222380
1.222482
1.222679
1.222513
1.222528
1.221735
1.222078
1.223181
1.222693
1.221747
1.221049
1.222097
1.221901
1.221446
1.222255
1.222058
1.223142
1.222584
1.222029
1.222619
1.222972
1.222820
1.222739
1.222919
1.222439
1.222973
1.222324
1.221988
1.222674
1.222728
1.223578
1.223167
1.223065
1.222577
1.223385
1.222971
1.223065
1.222947
1.223102
1.223546
1.223133
1.222740
1.222040
1.223156
1.223037
1.222939
1.223130
1.223608
1.224555
1.224118
1.223936
1.224067
1.224692
1.224733
1.224161
1.224004
1.223865
1.224590
1.224754
1.224465
1.224661
1.225479
1.225556
1.224945
1.225153
1.224311
1.224950
1.224340
1.224067
1.224340
1.224291
1.223962
1.223218
1.222294
1.223293
1.224431
1.227456
1.249299
1.251302
1.251110
1.250855
1.250642
1.250446
1.251249
1.251188
1.249974
1.251011
1.250705
1.250735
1.251172
1.250078
1.249585
1.249741
1.250903
1.250726
1.250965
1.250208
1.249215
1.250508
1.250317
1.249555
1.249157
1.249498
1.249419
1.249792
1.249567
1.249788
1.250045
1.250067
1.249206
1.248984
1.249202
1.249223
1.248235
1.248796
1.248571
1.249018
1.248074
1.247814
1.247312
1.247463
1.249011
1.248382
1.248755
1.248366
1.249962
1.248345
1.247725
1.248169
1.248465
1.248738
1.248885
1.248980
1.248029
1.248808
1.248345
1.247627
1.247353
1.247986
1.248660
1.248175
1.247932
1.247731
1.247990
1.247873
1.247256
1.247007
1.246884
1.240990
1.225539
1.220807
1.219310
1.219704
1.220571
1.220552
1.220246
1.219898
1.220350
1.219072
1.219833
1.219439
1.219968
1.219887
1.219460
1.219532
1.219400
1.220381
1.219269
1.219214
1.219252
1.218850
1.220633
1.219634
1.219777
1.219349
1.219739
1.219367
1.219411
1.219885
1.219612
1.219978
1.219221
1.219182
1.219676
1.220004
1.220155
1.220194
1.219702
1.219517
1.220105
1.220044
1.219908
1.219777
1.219967
1.219975
1.219762
1.219695
1.219724
1.220158
1.219516
1.219375
1.219604
1.219885
1.220099
1.219910
1.220068
1.220393
1.221226
1.220494
1.219960
1.220075
1.220024
1.220849
1.219885
1.220055
1.219755
1.220576
1.220163
1.220322
1.219956
1.220141
1.220924
1.220071
1.220027
1.219439
1.220301
1.220350
1.219844
1.219884
1.219476
1.220024
1.219928
1.219347
1.219628
1.220202
1.220682
1.220378
1.220568
1.220678
1.220926
1.220247
1.219891
1.220579
1.220901
1.220540
1.220173
1.220280
1.220695
1.221736
1.221264
1.221566
1.221697
1.221331
1.220786
1.220464
1.220583
1.220375
1.218688
1.218724
1.217619
1.218736
1.219764
1.218729
1.240920
1.245140
1.246980
1.247084
1.246170
1.245095
1.245748
1.246299
1.245885
1.246426
1.246520
1.246526
1.247520
1.247244
1.247833
1.247618
1.247740
1.247664
1.247607
1.247815
1.247653
1.247492
1.247123
1.248559
1.247314
1.247689
1.247652
1.247666
1.247855
1.247482
1.247493
1.247109
1.248351
1.247577
1.246745
1.246407
1.246672
1.246251
1.246380
1.246615
1.246643
1.247273
1.246938
1.246157
1.246148
1.246383
1.246879
1.246335
1.247190
1.246073
1.246420
1.245601
1.245963
1.246124
1.245737
1.246542
1.245037
1.245013
1.246247
1.246189
1.245388
1.245009
1.244894
1.244739
1.244848
1.244254
1.243953
1.244436
1.244586
1.239032
1.226128
1.217380
1.216376
1.217405
1.217465
1.217654
1.217442
1.217629
1.217515
1.216949
1.216754
1.216472
1.215408
1.215080
1.215225
1.216213
1.215816
1.216680
1.215510
1.216339
1.216863
1.216571
1.216184
1.216312
1.216298
1.216325
1.216925
1.215920
1.215479
1.215405
1.215953
1.216242
1.216446
1.216347
1.216521
1.216820
1.216010
1.215832
1.215908
1.215857
1.215919
1.216815
1.216621
1.216406
1.216659
1.215811
1.216277
1.215741
1.216109
1.216800
1.216019
1.215012
1.214773
1.215455
1.215993
1.214650
1.214000
1.215565
1.216512
1.215718
1.215744
1.215907
1.216776
1.215639
1.215501
1.215609
1.214593
1.215281
1.215354
1.215244
1.214735
1.215289
1.214566
1.215007
1.215099
1.213184
1.212988
1.212263
1.214182
1.213348
1.214387
1.214148
1.214359
1.212549
1.212019
1.213423
1.213242
1.212754
1.213375
1.214921
1.213434
1.212463
1.213400
1.213591
1.212795
1.214240
1.213720
1.212154
1.212791
1.212897
1.212320
1.212307
1.211655
1.212688
1.212426
1.211775
1.211110
1.211423
1.210971
1.211209
1.226436
1.236780
1.238349
1.237565
1.237099
1.237742
1.237465
1.236876
1.236235
1.236623
1.237469
1.237758
1.236862
1.237194
1.236742
1.236697
1.235949
1.236336
1.236685
1.236221
1.236690
1.237889
1.236900
1.236081
1.234359
1.235237
1.236291
1.237051
1.235887
1.236818
1.233742
1.233313
1.233417
1.235064
1.236400
1.234170
1.232580
1.230512
1.229997
1.228181
1.225600
1.223799
1.222876
1.222629
1.219918
1.220168
1.219207
1.218985
1.220108
1.220360
1.222135
1.213151
1.206019
1.216840
1.220968
1.220782
1.222776
1.225477
1.225364
1.196569
1.197340
1.210342
1.229436
1.231738
1.234209
1.235762
1.230547
1.196611
1.207908
1.208103
1.231935
1.232401
1.223955
1.210569
1.194177
1.170385
1.182767
1.181991
1.202191
1.210925
1.211375
1.209094
1.188751
1.175694
1.193596
1.181920
1.201424
1.209589
1.210851
1.206911
1.189628
1.190864
1.209332
1.193077
1.204870
1.211788
1.212197
1.210540
1.194285
1.203176
1.212771
1.199030
1.207495
1.212761
1.214055
1.212164
1.199303
1.212269
1.215059
1.205949
1.210682
1.215174
1.215526
1.211661
1.204381
1.214555
1.215581
1.209839
1.212742
1.214442
1.215333
1.209989
1.211934
1.215119
1.215431
1.213329
1.214143
1.214948
1.213514
1.211943
1.214637
1.214870
1.214907
1.212703
1.214775
1.215715
1.214487
1.214967
1.215732
1.215832
1.215794
1.215389
1.215702
1.216540
1.215758
1.214663
1.214703
1.215518
1.216270
1.216045
1.216385
1.216536
1.216470
1.215835
1.216112
1.216062
1.216754
1.216552
1.216486
1.216342
1.215336
1.216273
1.216035
1.216294
1.216878
1.217173
1.218224
1.217803
1.217102
1.217292
1.218314
1.217264
1.217958
1.217557
1.217398
1.217507
1.216503
1.216974
1.216552
1.216117
1.216496
1.216538
1.216283
1.215308
1.217548
1.216727
1.217082
1.226962
1.243452
1.244032
1.243263
1.244125
1.243579
1.245138
1.245702
1.244289
1.245083
1.244683
1.245083
1.245185
1.244696
1.244740
1.246108
1.245879
1.245829
1.246579
1.246722
1.247144
1.247448
1.247251
1.247073
1.247596
1.246527
1.246409
1.247889
1.247221
1.247696
1.247444
1.247609
1.247642
1.248629
1.248927
1.248556
1.249280
1.248138
1.248671
1.248040
1.248118
1.248701
1.249813
1.250075
1.250362
1.250361
1.248996
1.250882
1.248746
1.248389
1.249334
1.249990
1.250662
1.248654
1.247604
1.248047
1.249906
1.250035
1.249937
1.250111
1.250423
1.251144
1.250687
1.250858
1.250834
1.251607
1.249847
1.251358
1.250206
1.249865
1.250896
1.248175
1.239891
1.222774
1.221979
1.221424
1.221197
1.221856
1.221180
1.221151
1.221126
1.220748
1.221327
1.221671
1.221340
1.220573
1.220664
1.221197
1.221781
1.221342
1.221040
1.220492
1.222699
1.221566
1.221402
1.221249
1.220935
1.221816
1.221102
1.221431
1.221301
1.221269
1.221802
1.221439
1.222425
1.222804
1.223651
1.223010
1.222723
1.221873
1.221838
1.222422
1.221731
1.221666
1.221241
1.222410
1.222628
1.220742
1.220168
1.219612
1.221287
1.221848
1.220860
1.220682
1.221250
1.220617
1.220592
1.220184
1.220487
1.221108
1.220325
1.220607
1.220580
1.221382
1.221269
1.221007
1.221063
1.221367
1.222301
1.221902
1.221893
1.221235
1.221373
1.221572
1.221561
1.221431
1.221140
1.221947
1.221374
1.222042
1.222122
1.222664
1.222496
1.221723
1.221550
1.221070
1.222758
1.222697
1.222625
1.222546
1.221775
1.223646
1.223506
1.223087
1.222869
1.222998
1.222497
1.221657
1.222811
1.222212
1.223647
1.222512
1.223244
1.223975
1.224321
1.223803
1.222079
1.221915
1.221717
1.222525
1.221623
1.222209
1.222453
1.222863
1.223527
1.228903
1.251329
1.251758
1.251366
1.252105
1.252040
1.252843
1.252581
1.251881
1.251784
1.252291
1.251705
1.252627
1.251539
1.252131
1.252796
1.252463
1.251568
1.252571
1.253501
1.253105
1.253377
1.253421
1.253292
1.254856
1.253858
1.253178
1.253594
1.254667
1.254499
1.254309
1.254389
1.254024
1.255000
1.254480
1.254131
1.254353
1.254629
1.254725
1.254715
1.254547
1.254412
1.254961
1.254463
1.254572
1.254504
1.254935
1.255349
1.254979
1.254561
1.254213
1.255298
1.254990
1.254998
1.255017
1.255068
1.255893
1.255659
1.255577
1.254770
1.256331
1.255496
1.255538
1.255678
1.255550
1.256385
1.255713
1.255682
1.255522
1.256356
1.255985
1.254875
1.248251
1.231301
1.228045
1.228118
1.227826
1.228232
1.229020
1.228701
1.228010
1.227519
1.227010
1.228799
1.227484
1.226707
1.226621
1.226788
1.226954
1.226485
1.225953
1.226560
1.227694
1.227087
1.227275
1.227652
1.227698
1.228256
1.227619
1.227736
1.227683
1.228229
1.227044
1.226683
1.226861
1.227694
1.228145
1.227526
1.228620
1.226954
1.227348
1.226839
1.226245
1.227190
1.226651
1.226543
1.227151
1.226310
1.225660
1.227652
1.226724
1.226110
1.225733
1.225843
1.226482
1.225717
1.226028
1.225727
1.226351
1.226378
1.225732
1.226038
1.225008
1.226001
1.225271
1.225467
1.225376
1.224977
1.225516
1.226337
1.226744
1.226857
1.227199
1.226791
1.225399
1.225247
1.225523
1.226189
1.225563
1.226119
1.223931
1.223292
1.223262
1.223525
1.223111
1.224688
1.223788
1.223478
1.224048
1.224146
1.225265
1.225355
1.224530
1.225380
1.225765
1.226040
1.225436
1.224303
1.224797
1.225024
1.225378
1.224988
1.225833
1.225135
1.224967
1.225147
1.225467
1.225716
1.224893
1.224829
1.224658
1.224028
1.223897
1.224725
1.226395
1.213226
1.252518
1.252906
1.253331
1.252320
1.253388
1.252804
1.253406
1.252754
1.252996
1.252344
1.252249
1.252035
1.252605
1.253439
1.253297
1.252978
1.253372
1.254337
1.254001
1.253956
1.253760
1.253487
1.254328
1.253775
1.253312
1.252696
1.253375
1.252681
1.252439
1.252352
1.253489
1.253120
1.252800
1.251969
1.252701
1.253089
1.252360
1.252785
1.251985
1.253445
1.252464
1.253139
1.252816
1.252810
1.254566
1.253703
1.253209
1.251878
1.253002
1.252680
1.252292
1.252392
1.253035
1.253754
1.252892
1.252705
1.252862
1.253387
1.252689
1.252319
1.252450
1.252115
1.253498
1.252664
1.252518
1.246143
1.232559
1.225370
1.224837
1.224644
1.224703
1.225948
1.225315
1.224296
1.224494
1.224366
1.224771
1.224158
1.224635
1.224723
1.225807
1.225062
1.224559
1.225122
1.224310
1.225034
1.225170
1.224395
1.223994
1.225463
1.225566
1.224902
1.224898
1.223916
1.224584
1.223419
1.223730
1.224096
1.224861
1.225311
1.224964
1.224581
1.224614
1.225147
1.224363
1.224232
1.224009
1.224805
1.224986
1.224461
1.224031
1.224073
1.225368
1.224945
1.223080
1.222683
1.222476
1.222840
1.223390
1.222947
1.223295
1.224291
1.223246
1.223139
1.224648
1.223704
1.224215
1.223478
1.222219
1.223471
1.223499
1.223353
1.223913
1.222577
1.223997
1.223272
1.222716
1.221493
1.222358
1.222413
1.221636
1.222093
1.222679
1.223139
1.222731
1.221861
1.222458
1.220834
1.222669
1.223198
1.222622
1.221759
1.222818
1.223851
1.223728
1.224130
1.222335
1.222665
1.222946
1.221982
1.221759
1.223396
1.223578
1.223417
1.222246
1.220499
1.220065
1.220168
1.221468
1.220467
1.221506
1.219692
1.219741
1.219017
1.221050
1.239184
1.246919
1.246954
1.245862
1.245897
1.245072
1.244448
1.244152
1.244578
1.243101
1.242750
1.241940
1.241639
1.242310
1.240050
1.238652
1.237915
1.237447
1.236685
1.235452
1.233889
1.232635
1.232299
1.230973
1.229301
1.226082
1.223357
1.221999
1.215927
1.211979
1.209049
1.205915
1.201707
1.198383
1.194776
1.191968
1.187167
1.183234
1.181909
1.178737
1.177058
1.175911
1.170238
1.170045
1.169487
1.168874
1.166516
1.162940
1.153147
1.156723
1.155320
1.152182
1.146593
1.136444
1.123042
1.125877
1.120436
1.114402
1.106691
1.093276
1.085020
1.087536
1.083583
1.078321
1.069548
1.058009
1.054170
1.054602
1.052054
1.044539
1.038006
1.025110
1.013438
0.998461
0.993196
0.987145
0.986288
0.980922
0.978788
0.969354
0.962978
0.962783
0.964778
0.962256
0.960310
0.949544
0.946897
0.947951
0.952691
0.952078
0.950671
0.941399
0.940556
0.943071
0.950816
0.952619
0.951961
0.945238
0.947049
0.947599
0.956807
0.958675
0.959787
0.956033
0.960842
0.957617
0.969761
0.971666
0.969548
0.967118
0.970494
0.967363
0.982199
0.985832
0.978574
0.980617
0.983338
0.982793
0.999827
1.001070
0.994270
1.000990
1.002325
1.006738
1.021168
1.015756
1.011236
1.020812
1.016834
1.026458
1.036371
1.026996
1.031402
1.039047
1.036515
1.050083
1.057327
1.044840
1.056598
1.059949
1.061527
1.073170
1.070347
1.064177
1.077604
1.077430
1.083012
1.092167
1.080849
1.087725
1.099742
1.097254
1.105965
1.107776
1.096044
1.110993
1.115412
1.117634
1.124541
1.115094
1.115165
1.129224
1.126054
1.134180
1.136733
1.121421
1.135556
1.139297
1.141890
1.148689
1.138695
1.135561
1.150720
1.147680
1.156016
1.157978
1.139919
1.153786
1.153271
1.159253
1.168882
1.153323
1.153291
1.162063
1.161788
1.172926
1.171066
1.167021
1.192496
1.191987
1.201659
1.208542
1.188308
1.194033
1.197067
1.201528
1.213273
1.201707
1.191694
1.202013
1.201289
1.213589
1.213492
1.196516
1.205410
1.204874
1.212788
1.222088
1.206787
1.206191
1.210365
1.211934
1.225023
1.218050
1.207417
1.214075
1.211980
1.223043
1.225098
1.212256
1.215474
1.217061
1.224686
1.232973
1.223407
1.219904
1.223705
1.224249
1.235466
1.233868
1.223282
1.226014
1.225925
1.234061
1.236853
1.231094
1.227570
1.229480
1.233059
1.237544
1.236765
1.230619
1.230657
1.232192
1.238651
1.240121
1.236200
1.232642
1.233847
1.237561
1.239257
1.238176
1.234312
1.234098
1.234820
1.237942
1.237208
1.236166
1.231400
1.222775
1.208543
1.207155
1.206697
1.206478
1.206473
1.205949
1.205714
1.205559
1.206100
1.205372
1.205407
1.205332
1.205384
1.204512
1.204697
1.205174
1.204065
1.204912
1.204318
1.204188
1.205558
1.206802
1.205737
1.205910
1.205915
1.205475
1.206900
1.205957
1.206297
1.206504
1.207291
1.207744
1.207201
1.206806
1.206902
1.208170
1.207741
1.207832
1.208297
1.208008
1.208344
1.208220
1.208121
1.208698
1.209257
1.208876
1.209108
1.209332
1.208871
1.210428
1.210125
1.209725
1.210244
1.210856
1.210483
1.210452
1.210486
1.210484
1.212456
1.212459
1.212636
1.213185
1.213359
1.212774
1.213213
1.213221
1.214160
1.214287
1.213931
1.214564
1.214546
1.215362
1.215695
1.215591
1.215883
1.216032
1.216942
1.216218
1.217393
1.216276
1.216745
1.217374
1.216888
1.216538
1.217663
1.218648
1.219032
1.219400
1.219590
1.217826
1.218433
1.218130
1.219649
1.220039
1.219407
1.219990
1.220992
1.221609
1.221919
1.221957
1.223136
1.224047
1.223321
1.223517
1.222061
1.222533
1.223169
1.222596
1.222475
1.223242
1.224000
1.225032
1.232974
1.252481
1.252644
1.253894
1.253722
1.253160
1.252704
1.253693
1.254125
1.253785
1.252676
1.253383
1.253682
1.252286
1.252123
1.251649
1.251076
1.252424
1.251919
1.251700
1.252705
1.253183
1.252882
1.252978
1.252806
1.253390
1.253877
1.253489
1.253563
1.253644
1.254680
1.254500
1.254460
1.254316
1.254219
1.254775
1.254411
1.254228
1.254562
1.254583
1.254171
1.254421
1.254190
1.254084
1.254712
1.254526
1.254656
1.255214
1.255044
1.255464
1.255212
1.255293
1.255070
1.255762
1.255449
1.254958
1.255442
1.255766
1.256107
1.256077
1.255557
1.255298
1.256468
1.255765
1.255897
1.255929
1.255744
1.256409
1.255703
1.255981
1.254944
1.254197
1.246918
1.229283
1.225991
1.226638
1.227118
1.227812
1.227227
1.226942
1.228892
1.228068
1.228127
1.228933
1.227824
1.228292
1.227803
1.228108
1.226758
1.227794
1.227823
1.228112
1.228395
1.228013
1.229862
1.228471
1.227429
1.227412
1.227126
1.228577
1.227884
1.227184
1.228105
1.228156
1.227674
1.227400
1.227688
1.227389
1.227663
1.226987
1.226527
1.227286
1.227554
1.226785
1.226016
1.226369
1.226215
1.226289
1.225232
1.225378
1.226504
1.227190
1.226159
1.225979
1.224764
1.224290
1.226687
1.226637
1.226264
1.226037
1.226899
1.226524
1.226668
1.226851
1.226919
1.227622
1.225863
1.226864
1.226911
1.227323
1.227659
1.226612
1.227027
1.226847
1.227885
1.227151
1.226824
1.226773
1.226606
1.226994
1.227090
1.226940
1.227664
1.228020
1.227297
1.226765
1.226308
1.226833
1.228329
1.228471
1.227967
1.228138
1.229014
1.227898
1.227377
1.227093
1.227944
1.228997
1.228290
1.229094
1.228562
1.228537
1.228240
1.227136
1.228439
1.228154
1.228499
1.227575
1.227840
1.226411
1.227017
1.226771
1.226172
1.227024
1.226726
1.227353
1.226997
1.229995
1.252674
1.254705
1.255105
1.254507
1.254390
1.254408
1.255681
1.253855
1.254035
1.252350
1.251960
1.252614
1.253251
1.252775
1.253842
1.254491
1.253254
1.253973
1.253498
1.253756
1.254645
1.254661
1.254229
1.253430
1.254100
1.254349
1.254318
1.254175
1.254593
1.255661
1.254374
1.254310
1.253973
1.254445
1.253993
1.254244
1.254188
1.254416
1.254938
1.254407
1.254122
1.253937
1.254106
1.254339
1.254009
1.254038
1.253672
1.254684
1.253735
1.253992
1.253673
1.253738
1.254072
1.253828
1.253678
1.253576
1.254597
1.254419
1.254038
1.253780
1.253773
1.254714
1.254275
1.254276
1.253811
1.254382
1.254059
1.254015
1.254096
1.253830
1.246696
1.231131
1.225323
1.225932
1.225939
1.225903
1.226214
1.226003
1.226636
1.225728
1.225360
1.225268
1.226270
1.226500
1.226248
1.225395
1.225448
1.225516
1.226373
1.226588
1.226937
1.226444
1.226746
1.226413
1.226222
1.225560
1.226686
1.226065
1.225356
1.225442
1.225201
1.224771
1.225474
1.224203
1.224945
1.224800
1.225200
1.224943
1.224937
1.225921
1.225622
1.225966
1.225852
1.227738
1.227535
1.227232
1.227106
1.226901
1.227656
1.227478
1.226554
1.225986
1.226925
1.226981
1.225520
1.226987
1.226828
1.227598
1.226996
1.227076
1.227192
1.227267
1.227513
1.226952
1.227299
1.226506
1.226947
1.226698
1.226971
1.226441
1.226457
1.226256
1.226215
1.226743
1.226712
1.226950
1.227069
1.227355
1.227177
1.227493
1.227292
1.226302
1.226298
1.225597
1.227495
1.227143
1.227315
1.227440
1.227517
1.228008
1.227524
1.227397
1.227384
1.228115
1.228082
1.227241
1.227588
1.227185
1.227614
1.227746
1.227072
1.227401
1.227484
1.227435
1.227190
1.226770
1.226774
1.226684
1.226726
1.225840
1.226389
1.226475
1.227115
1.226691
1.226959
1.249064
1.255313
1.254337
1.253084
1.252871
1.252798
1.253855
1.253125
1.252762
1.252227
1.253427
1.253224
1.252908
1.252121
1.253288
1.253907
1.253929
1.253344
1.253225
1.253861
1.253629
1.252981
1.253238
1.253874
1.254256
1.253350
1.253348
1.254173
1.254200
1.254644
1.254382
1.254222
1.253974
1.253937
1.253233
1.253560
1.254550
1.253183
1.253307
1.252791
1.253515
1.253359
1.253499
1.252655
1.253931
1.252806
1.252629
1.253880
1.253211
1.252953
1.252962
1.253458
1.253512
1.254053
1.254416
1.253730
1.254948
1.254261
1.253823
1.253425
1.254330
1.254122
1.253397
1.253221
1.253773
1.254639
1.254650
1.254939
1.253948
1.253755
1.254403
1.248049
1.235207
1.226619
1.227434
1.226828
1.227766
1.226500
1.226214
1.226030
1.226004
1.225554
1.225507
1.226121
1.225740
1.225693
1.225516
1.225381
1.226529
1.225495
1.225153
1.225188
1.226087
1.225526
1.225927
1.225387
1.225289
1.225759
1.225541
1.225197
1.225258
1.226144
1.225762
1.225821
1.225908
1.225129
1.226100
1.225564
1.225507
1.225091
1.225763
1.225060
1.224804
1.224664
1.224583
1.225604
1.225017
1.224990
1.224650
1.224887
1.224969
1.224616
1.224446
1.224062
1.225127
1.224312
1.224521
1.224247
1.224567
1.225197
1.224919
1.224855
1.224654
1.225611
1.224657
1.224523
1.224154
1.225101
1.225199
1.223775
1.224283
1.222758
1.223360
1.222068
1.223579
1.223457
1.223304
1.224160
1.223511
1.223782
1.223290
1.225272
1.224169
1.224962
1.225149
1.224882
1.225781
1.225150
1.224928
1.225573
1.225089
1.224911
1.224952
1.225043
1.224632
1.225770
1.225557
1.225145
1.225386
1.225585
1.225741
1.225826
1.225384
1.225170
1.225736
1.224493
1.224377
1.223992
1.224084
1.223805
1.223904
1.222715
1.222798
1.224772
1.224211
1.223742
1.224523
1.240321
1.251665
1.252042
1.251542
1.250987
1.251630
1.251281
1.251864
1.250744
1.250679
1.251623
1.250566
1.250792
1.250077
1.250839
1.250361
1.249894
1.249812
1.249748
1.251020
1.250252
1.250829
1.250854
1.251600
1.252298
1.251405
1.251851
1.252266
1.252707
1.251367
1.251470
1.251293
1.251705
1.251917
1.251105
1.252611
1.250920
1.251794
1.251188
1.250873
1.251678
1.251307
1.251628
1.252270
1.251522
1.250950
1.251621
1.250427
1.249616
1.249613
1.248623
1.249605
1.248740
1.248768
1.248018
1.249638
1.249331
1.249889
1.250351
1.249464
1.250909
1.250117
1.250196
1.250054
1.250871
1.251230
1.250328
1.250964
1.251264
1.250461
1.249065
1.244349
1.235984
1.222955
1.221685
1.222363
1.221680
1.221462
1.222880
1.223057
1.222151
1.221475
1.221682
1.222031
1.221157
1.221009
1.220470
1.221474
1.221150
1.220658
1.220837
1.221508
1.221915
1.220881
1.220708
1.220449
1.221460
1.221290
1.220618
1.220281
1.219748
1.220344
1.219487
1.219590
1.219797
1.220632
1.220636
1.219184
1.220049
1.220571
1.220526
1.219897
1.220568
1.220899
1.220674
1.220810
1.220472
1.219884
1.219581
1.220571
1.220193
1.219872
1.218789
1.219847
1.219556
1.218070
1.219083
1.219526
1.219981
1.219252
1.219223
1.219335
1.218843
1.219189
1.218412
1.219311
1.219009
1.219850
1.219854
1.218989
1.219120
1.218828
1.219559
1.218569
1.218825
1.218865
1.219240
1.219597
1.218697
1.217333
1.217588
1.218393
1.217751
1.217446
1.217594
1.217990
1.217991
1.217837
1.217267
1.217541
1.218163
1.217785
1.218301
1.217252
1.217735
1.217802
1.217216
1.216787
1.216281
1.217716
1.217663
1.216395
1.215580
1.214623
1.215488
1.215205
1.216030
1.214703
1.214718
1.213450
1.213694
1.213713
1.213204
1.213572
1.212882
1.212639
1.212529
1.223297
1.238351
1.239416
1.238754
1.238184
1.239091
1.237429
1.237990
1.236975
1.237008
1.237280
1.236109
1.236215
1.235043
1.235713
1.236460
1.236274
1.237395
1.236405
1.236086
1.236716
1.237438
1.236405
1.235448
1.234868
1.233694
1.233644
1.232899
1.231653
1.230544
1.231255
1.229428
1.227901
1.227456
1.225399
1.224027
1.227393
1.225183
1.221760
1.221305
1.219755
1.212034
1.220206
1.217225
1.215920
1.215024
1.213447
1.203882
1.205163
1.209223
1.209095
1.209915
1.207876
1.200629
1.189561
1.199529
1.202663
1.204783
1.202058
1.199107
1.183405
1.192507
1.202218
1.206490
1.205012
1.207286
1.194271
1.197485
1.208698
1.210685
1.202205
1.188577
1.179340
1.173910
1.183833
1.187445
1.188117
1.187272
1.184030
1.176814
1.183159
1.184203
1.183979
1.183516
1.182436
1.178660
1.178825
1.179356
1.180102
1.180735
1.180196
1.179060
1.178377
1.178586
1.179687
1.178820
1.178171
1.173884
1.172521
1.174050
1.172609
1.171051
1.169046
1.164006
1.160140
1.164005
1.163063
1.161064
1.159551
1.149029
1.144342
1.154075
1.158317
1.151941
1.152717
1.142570
1.145495
1.151372
1.157399
1.150533
1.154376
1.148769
1.158254
1.158154
1.156382
1.160347
1.167297
1.164288
1.175863
1.175434
1.171960
1.173469
1.178677
1.180247
1.189588
1.189494
1.183507
1.183070
1.186867
1.192806
1.196245
1.196125
1.192359
1.190496
1.194181
1.196813
1.196803
1.196627
1.195918
1.194922
1.195222
1.195624
1.194972
1.194620
1.192890
1.191996
1.191841
1.191728
1.191809
1.192045
1.190541
1.190749
1.192394
1.192568
1.192586
1.192743
1.192985
1.193444
1.193842
1.194409
1.194725
1.195179
1.194435
1.194130
1.195917
1.195890
1.196943
1.196022
1.196983
1.197706
1.199229
1.199987
1.201437
1.201748
1.202567
1.209477
1.230156
1.231874
1.230898
1.231078
1.231968
1.232329
1.233279
1.232856
1.233818
1.234199
1.232392
1.231922
1.232226
1.234173
1.232623
1.233079
1.233706
1.234329
1.235113
1.235145
1.234771
1.235108
1.236206
1.235710
1.236195
1.235536
1.236824
1.236949
1.237280
1.237397
1.237202
1.238305
1.237785
1.238320
1.237871
1.238138
1.238701
1.238521
1.239021
1.238931
1.239274
1.238967
1.239292
1.239785
1.240271
1.239932
1.239797
1.239945
1.240472
1.241138
1.240493
1.240013
1.240499
1.240874
1.241580
1.240454
1.240861
1.241184
1.242316
1.242443
1.242470
1.241694
1.241679
1.243009
1.242787
1.242978
1.242623
1.243035
1.242774
1.242964
1.242267
1.235863
1.219832
1.215593
1.215558
1.215446
1.216309
1.216047
1.216210
1.216282
1.215923
1.216761
1.215510
1.215736
1.215810
1.216238
1.216593
1.216054
1.216018
1.216257
1.216846
1.216627
1.216363
1.216659
1.216460
1.217178
1.216655
1.216537
1.216708
1.216832
1.216844
1.216905
1.216683
1.217147
1.217862
1.217659
1.217859
1.218315
1.219032
1.218386
1.218013
1.217539
1.217527
1.218769
1.218247
1.218696
1.217107
1.219029
1.217831
1.218706
1.217830
1.217330
1.216649
1.216946
1.216631
1.216867
1.217991
1.217344
1.218222
1.217180
1.217870
1.218118
1.217105
1.217110
1.218157
1.217900
1.218931
1.218781
1.218754
1.220169
1.219629
1.219765
1.220086
1.220126
1.220260
1.220158
1.220229
1.219682
1.220822
1.220128
1.219110
1.219934
1.219646
1.219980
1.219632
1.219339
1.219322
1.219903
1.219842
1.218535
1.220347
1.220192
1.221254
1.220708
1.220470
1.220544
1.221272
1.220374
1.219708
1.219894
1.220172
1.220995
1.220338
1.219369
1.219650
1.219746
1.219741
1.218833
1.218461
1.218082
1.218827
1.219174
1.219890
1.219501
1.219684
1.221418
1.243364
1.246437
1.246822
1.247754
1.247004
1.246702
1.246348
1.247789
1.249028
1.247845
1.247197
1.246242
1.247107
1.247761
1.244583
1.243682
1.244138
1.245847
1.245241
1.245491
1.245147
1.246178
1.245756
1.245925
1.245827
1.245328
1.246560
1.246137
1.246024
1.247492
1.247190
1.246668
1.246737
1.246856
1.246576
1.247681
1.246660
1.244946
1.244479
1.245193
1.244554
1.245311
1.245984
1.245341
1.245616
1.245033
1.244546
1.244348
1.245400
1.245661
1.244063
1.243936
1.243542
1.244339
1.245072
1.244983
1.244974
1.245083
1.245224
1.245694
1.245301
1.245105
1.245905
1.245318
1.244783
1.244557
1.244099
1.245222
1.245284
1.244830
1.244648
1.238990
1.225503
1.218349
1.217803
1.218165
1.218964
1.218352
1.217853
1.216860
1.218117
1.217846
1.218038
1.217644
1.217236
1.218477
1.217433
1.216612
1.215922
1.215959
1.216947
1.216983
1.216370
1.217529
1.218061
1.217371
1.216836
1.216937
1.216759
1.216443
1.215429
1.215661
1.215830
1.217168
1.216593
1.216471
1.216432
1.215734
1.216208
1.216176
1.214980
1.216432
1.215801
1.215424
1.215163
1.215733
1.215851
1.215518
1.215642
1.215916
1.216962
1.216298
1.216180
1.215770
1.215609
1.216240
1.216083
1.216196
1.215456
1.216038
1.215797
1.215600
1.216000
1.216730
1.216583
1.215380
1.214772
1.214249
1.215236
1.215215
1.215008
1.214007
1.215282
1.214736
1.214736
1.214950
1.214507
1.213441
1.214183
1.215416
1.214168
1.215072
1.215280
1.214524
1.215017
1.215259
1.216303
1.216498
1.216118
1.214495
1.215184
1.216030
1.215019
1.214916
1.214045
1.213008
1.214946
1.214951
1.213933
1.214829
1.215152
1.214546
1.233026
1.240305
1.240816
1.240611
1.239799
1.239664
1.240398
1.241487
1.239455
1.239146
1.238643
1.238168
1.239124
1.239430
1.240055
1.238930
1.238298
1.239572
1.238459
1.238778
1.239058
1.239609
1.238506
1.238763
1.238912
1.239756
1.239967
1.239643
1.239339
1.239625
1.240373
1.240202
1.240063
1.239339
1.239513
1.239978
1.240221
1.239645
1.239462
1.239703
1.239057
1.239415
1.239557
1.239514
1.239519
1.238499
1.238661
1.238661
1.239597
1.239272
1.237779
1.238516
1.238757
1.239966
1.239498
1.239063
1.238317
1.239141
1.239126
1.239485
1.239914
1.238903
1.238465
1.239102
1.238583
1.239315
1.239658
1.239027
1.238682
1.239091
1.239037
1.235365
1.223783
1.212525
1.212037
1.212751
1.212988
1.213213
1.212398
1.211784
1.212878
1.212095
1.212835
1.212003
1.211978
1.212655
1.212253
1.212289
1.211810
1.212662
1.211967
1.212201
1.212213
1.212540
1.212558
1.211447
1.211487
1.211601
1.212193
1.212183
1.211705
1.211708
1.211997
1.212790
1.212546
1.212109
1.211661
1.212552
1.212941
1.212270
1.211678
1.210790
1.211349
1.211329
1.211890
1.211888
1.211820
1.210614
1.210890
1.211060
1.210991
1.211751
1.211309
1.209929
1.210605
1.210414
1.210901
1.210694
1.209688
1.209075
1.210228
1.209915
1.209787
1.210215
1.210380
1.210169
1.209584
1.210122
1.210079
1.210267
1.209751
1.209806
1.209970
1.211426
1.210721
1.209989
1.209921
1.209406
1.209186
1.208689
1.209188
1.209903
1.210033
1.209081
1.209370
1.208919
1.209543
1.209534
1.209309
1.208689
1.209310
1.209300
1.209316
1.208766
1.208229
1.209452
1.209106
1.208721
1.208209
1.207984
1.208624
1.208834
1.221688
1.234426
1.234509
1.234539
1.234497
1.234762
1.235147
1.235265
1.233655
1.233805
1.233197
1.234240
1.233434
1.232871
1.231775
1.231987
1.232969
1.232210
1.231899
1.231078
1.232389
1.232591
1.232105
1.231539
1.231638
1.231210
1.231655
1.231714
1.231951
1.230623
1.230171
1.230484
1.230106
1.230239
1.232147
1.230568
1.230084
1.229997
1.226963
1.228971
1.231759
1.231392
1.230159
1.229680
1.224262
1.224135
1.231059
1.230408
1.230152
1.223655
1.216090
1.216806
1.229711
1.229287
1.226016
1.210760
1.201930
1.205540
1.215014
1.210133
1.197782
1.182674
1.176379
1.178871
1.175858
1.160866
1.140022
1.128078
1.117998
1.115342
1.106361
1.086700
1.071043
1.052645
1.049508
1.047869
1.040256
1.035540
1.032658
1.030685
1.025715
1.017868
1.011893
1.011125
1.016186
1.020210
1.023309
1.026439
1.034460
1.038035
1.049829
1.059680
1.061981
1.067066
1.068655
1.074959
1.087399
1.090857
1.095207
1.095197
1.098773
1.111977
1.114992
1.116106
1.112051
1.115017
1.129310
1.132391
1.130168
1.126530
1.132644
1.151094
1.156012
1.154403
1.150675
1.155580
1.172588
1.178460
1.174629
1.165272
1.163197
1.165920
1.174054
1.179518
1.178128
1.166635
1.158375
1.161244
1.172162
1.180383
1.177506
1.166047
1.158648
1.163546
1.175831
1.178911
1.161705
1.159105
1.165272
1.177872
1.177347
1.161426
1.156571
1.160181
1.173205
1.173809
1.159718
1.155170
1.162952
1.171927
1.167353
1.150840
1.150233
1.162035
1.170599
1.163052
1.145908
1.143698
1.144915
1.159707
1.161150
1.148700
1.141551
1.140936
1.154854
1.159030
1.150112
1.138290
1.135889
1.147971
1.156062
1.153361
1.140586
1.136290
1.132702
1.148765
1.147341
1.138333
1.126049
1.118019
1.127369
1.132199
1.123280
1.103094
1.094639
1.091529
1.100147
1.103174
1.090010
1.066572
1.060789
1.074217
1.079406
1.072647
1.048840
1.038142
1.047365
1.052685
1.048521
1.035576
1.023324
1.029497
1.035428
1.032921
1.030698
1.026946
1.027791
1.030180
1.029390
1.031001
1.030837
1.031727
1.032966
1.036312
1.041327
1.047878
1.052620
1.059486
1.066791
1.076562
1.083269
1.089947
1.098918
1.107739
1.117650
1.124482
1.126205
1.132299
1.138449
1.146994
1.154382
1.157973
1.162201
1.169456
1.175225
1.182305
1.185685
1.186361
1.192369
1.196121
1.199637
1.203760
1.204796
1.206520
1.210513
1.211737
1.214581
1.216047
1.216413
1.220329
1.220865
1.223134
1.224536
1.222576
1.214381
1.198695
1.201156
1.204135
1.203846
1.204397
1.203973
1.204945
1.205007
1.204539
1.205217
1.205645
1.205688
1.205929
1.205246
1.204984
1.206430
1.205645
1.206098
1.205328
1.204946
1.205532
1.205853
1.205516
1.205838
1.206159
1.206149
1.206101
1.206098
1.205674
1.206679
1.206092
1.206217
1.206555
1.206531
1.207225
1.207155
1.206959
1.206067
1.207245
1.206747
1.206913
1.207560
1.206912
1.206683
1.206369
1.206792
1.206658
1.208459
1.207994
1.207780
1.208231
1.208484
1.209075
1.208057
1.207566
1.208146
1.209304
1.209213
1.208555
1.209424
1.209198
1.210014
1.210241
1.208928
1.208375
1.208373
1.207921
1.207466
1.206622
1.207571
1.207626
1.207436
1.206985
1.206636
1.207321
1.207181
1.207336
1.208020
1.207246
1.209333
1.208662
1.208256
1.208372
1.207961
1.209158
1.209514
1.209469
1.210124
1.211717
1.211708
1.211364
1.211746
1.211827
1.212867
1.212752
1.212749
1.213546
1.213852
1.214045
1.214592
1.214398
1.214666
1.214153
1.213751
1.214002
1.214217
1.215032
1.215218
1.214916
1.214853
1.215628
1.215977
1.215922
1.216012
1.218532
1.241140
1.243776
1.243624
1.243796
1.243460
1.244405
1.244286
1.243944
1.244203
1.244310
1.244521
1.244842
1.244362
1.244907
1.242470
1.240258
1.242933
1.242312
1.243168
1.243760
1.243343
1.243736
1.244245
1.244407
1.244723
1.244178
1.243865
1.244466
1.245649
1.245514
1.245946
1.246409
1.246979
1.247247
1.246796
1.246520
1.246833
1.246850
1.246616
1.247019
1.246697
1.247676
1.247046
1.246694
1.247184
1.246889
1.247665
1.246924
1.247198
1.246944
1.247371
1.247706
1.247309
1.247423
1.246918
1.248277
1.247985
1.247374
1.247799
1.247657
1.248953
1.248343
1.247992
1.247883
1.248953
1.248417
1.248488
1.248465
1.248511
1.249546
1.248569
1.242268
1.226155
1.221818
1.221936
1.221381
1.221852
1.221941
1.222804
1.222529
1.222286
1.222171
1.222337
1.222425
1.222116
1.221968
1.222160
1.222478
1.221555
1.221863
1.221517
1.222242
1.222697
1.222313
1.222227
1.222014
1.222904
1.222312
1.222273
1.222632
1.222406
1.222640
1.222319
1.221647
1.222196
1.222402
1.221776
1.222090
1.221490
1.221816
1.222433
1.223189
1.222562
1.223129
1.223300
1.222639
1.222770
1.222187
1.222157
1.223033
1.221962
1.222749
1.222331
1.223215
1.222375
1.221548
1.223100
1.222687
1.223562
1.224022
1.222531
1.223200
1.222657
1.222479
1.221836
1.222307
1.221949
1.222504
1.221504
1.220798
1.221259
1.222810
1.222783
1.221891
1.221838
1.222171
1.223091
1.222649
1.221808
1.221324
1.223996
1.223188
1.223691
1.223100
1.224050
1.224646
1.224273
1.224298
1.224147
1.224598
1.223830
1.223236
1.223010
1.222612
1.223866
1.223313
1.223025
1.222833
1.223410
1.223928
1.223627
1.224458
1.224643
1.246972
1.251340
1.251473
1.251920
1.252006
1.252154
1.251594
1.251538
1.250840
1.251775
1.251919
1.251430
1.250942
1.251541
1.249169
1.248814
1.250114
1.248856
1.250979
1.250324
1.250284
1.251060
1.251029
1.251581
1.250839
1.250540
1.250459
1.251522
1.251089
1.250746
1.251181
1.250962
1.251739
1.251385
1.250840
1.251293
1.251199
1.251484
1.251030
1.251039
1.250644
1.251236
1.250826
1.250808
1.250768
1.250828
1.250983
1.250449
1.250743
1.250307
1.251799
1.251299
1.251109
1.251064
1.251113
1.251668
1.251297
1.250918
1.250691
1.251862
1.251646
1.251476
1.251565
1.250650
1.251318
1.251337
1.251318
1.250952
1.251747
1.251473
1.250991
1.245396
1.232932
1.223738
1.223738
1.223459
1.222833
1.222816
1.222849
1.222429
1.222558
1.222715
1.223669
1.222360
1.222262
1.221831
1.222568
1.222430
1.221622
1.222004
1.221648
1.222675
1.222076
1.221830
1.221820
1.222088
1.222506
1.221981
1.222312
1.222123
1.222512
1.221613
1.221774
1.221743
1.221609
1.222463
1.222242
1.221970
1.221364
1.222205
1.222297
1.222140
1.221971
1.222126
1.222527
1.221544
1.222007
1.222080
1.223257
1.222505
1.222081
1.221631
1.221922
1.223129
1.221502
1.221476
1.220440
1.220988
1.221021
1.221180
1.220679
1.220967
1.221636
1.221654
1.221656
1.221222
1.221014
1.221574
1.220481
1.220730
1.220692
1.221600
1.221035
1.220884
1.220747
1.220957
1.221753
1.220592
1.219719
1.220191
1.219976
1.219327
1.218669
1.218113
1.218522
1.220432
1.218640
1.220468
1.220644
1.220456
1.219657
1.220082
1.219969
1.219912
1.221536
1.221737
1.221622
1.220462
1.221409
1.220885
1.220205
1.220362
1.220347
1.221301
1.219544
1.219041
1.219105
1.220063
1.218863
1.218861
1.219724
1.219912
1.237329
1.246878
1.247577
1.246917
1.246699
1.247655
1.247377
1.246693
1.247101
1.247966
1.246419
1.246538
1.246895
1.246659
1.246291
1.245702
1.247220
1.245613
1.245304
1.245673
1.245057
1.245889
1.246659
1.246264
1.246467
1.246711
1.246386
1.247302
1.247288
1.247730
1.248344
1.247557
1.246831
1.247606
1.248666
1.248063
1.246036
1.244560
1.246233
1.245194
1.245553
1.244773
1.245727
1.245433
1.246244
1.246077
1.246026
1.246453
1.244438
1.244553
1.245649
1.245769
1.245289
1.244943
1.244636
1.245425
1.246210
1.245690
1.245978
1.245033
1.245193
1.244634
1.244638
1.244403
1.244691
1.245292
1.244758
1.245253
1.240357
1.231313
1.218968
1.217173
1.217671
1.216606
1.216951
1.216763
1.216443
1.216875
1.217399
1.217764
1.216817
1.217065
1.216234
1.216534
1.216014
1.215872
1.215737
1.216182
1.216403
1.215820
1.215764
1.215250
1.215876
1.215814
1.215578
1.215117
1.215107
1.215341
1.215008
1.215579
1.215091
1.216544
1.216151
1.215442
1.215787
1.214954
1.215721
1.215312
1.215034
1.214988
1.215668
1.215088
1.214842
1.214929
1.214360
1.215450
1.215609
1.215208
1.214920
1.215560
1.214976
1.214316
1.214435
1.214210
1.215169
1.214707
1.214285
1.214275
1.214629
1.214790
1.215169
1.215068
1.214464
1.215578
1.215253
1.214829
1.215549
1.214953
1.214969
1.214803
1.214801
1.214632
1.215869
1.215653
1.215019
1.215854
1.214828
1.215152
1.214805
1.215070
1.214241
1.215300
1.215446
1.214908
1.214935
1.213912
1.214725
1.214860
1.213391
1.213364
1.214472
1.213998
1.213920
1.213151
1.213473
1.215086
1.214703
1.213982
1.214167
1.214364
1.214097
1.238590
1.238086
1.238143
1.236181
1.236256
1.236007
1.237124
1.237576
1.236598
1.236101
1.236035
1.236163
1.236923
1.236774
1.237432
1.237098
1.236687
1.237175
1.236616
1.235417
1.235471
1.234534
1.236196
1.235672
1.235463
1.234950
1.234676
1.234461
1.234040
1.234877
1.234428
1.234314
1.233512
1.232875
1.233724
1.233912
1.234177
1.232769
1.232488
1.230894
1.231903
1.231074
1.230729
1.229427
1.229442
1.229855
1.230364
1.230195
1.229637
1.230119
1.230025
1.229592
1.228873
1.227954
1.228564
1.227403
1.227676
1.227475
1.228203
1.227744
1.226671
1.227012
1.224317
1.217578
1.201031
1.199522
1.199763
1.199133
1.199028
1.197373
1.196759
1.196655
1.197186
1.195355
1.194534
1.192886
1.193500
1.193165
1.192704
1.191485
1.190537
1.189298
1.188497
1.186153
1.185966
1.185695
1.185760
1.185560
1.183460
1.181368
1.183738
1.184454
1.183525
1.183010
1.179220
1.181381
1.183675
1.183586
1.183890
1.184113
1.181985
1.184556
1.185893
1.186315
1.188173
1.187662
1.189074
1.189451
1.189756
1.190940
1.191599
1.192107
1.192655
1.192991
1.192992
1.194240
1.194116
1.195742
1.196270
1.195849
1.196412
1.197401
1.197623
1.197928
1.197005
1.197155
1.198684
1.198432
1.197141
1.196644
1.195889
1.196912
1.196835
1.196280
1.195206
1.194317
1.194970
1.194661
1.193929
1.193289
1.192567
1.193056
1.193396
1.192990
1.192472
1.192201
1.191343
1.191211
1.191220
1.190708
1.189818
1.188675
1.188191
1.189117
1.188999
1.189080
1.187981
1.186426
1.186495
1.188319
1.187582
1.186049
1.185941
1.186890
1.186262
1.186378
1.184807
1.184936
1.185969
1.186641
1.184735
1.185459
1.184038
1.182480
1.183131
1.176540
1.181383
1.188250
1.208542
1.209777
1.203818
1.202687
1.208565
1.212472
1.215217
1.208279
1.208660
1.216746
1.218593
1.218638
1.212186
1.212602
1.211503
1.217381
1.217313
1.215034
1.210904
1.207389
1.215822
1.220571
1.219987
1.213683
1.214140
1.212236
1.220525
1.222687
1.219035
1.215081
1.214825
1.218033
1.223816
1.222513
1.215744
1.221465
1.218007
1.221191
1.222479
1.217437
1.223822
1.223145
1.219872
1.221189
1.218148
1.221531
1.222480
1.220536
1.219734
1.218910
1.220789
1.222335
1.220687
1.217600
1.213267
1.216279
1.217096
1.215901
1.210868
1.206860
1.211699
1.212388
1.211900
1.208971
1.204022
1.209574
1.209112
1.209567
1.208299
1.204638
1.202188
1.187575
1.185875
1.186652
1.186652
1.187140
1.189137
1.190628
1.190008
1.190963
1.189769
1.191554
1.191276
1.192653
1.192563
1.192045
1.193303
1.193346
1.194625
1.193996
1.194343
1.195293
1.195936
1.195599
1.196029
1.196644
1.197364
1.198794
1.199375
1.200569
1.200546
1.201948
1.202977
1.203743
1.203976
1.204156
1.204431
1.204277
1.204408
1.204328
1.204715
1.204977
1.203926
1.203359
1.202826
1.204251
1.203963
1.202688
1.201952
1.201789
1.202362
1.202292
1.201910
1.200616
1.201742
1.200726
1.199971
1.199989
1.199635
1.200904
1.200143
1.200269
1.200374
1.201392
1.200275
1.199997
1.200166
1.199315
1.200526
1.200119
1.199344
1.199375
1.199740
1.199173
1.199753
1.200278
1.199843
1.201453
1.199954
1.199200
1.199993
1.199817
1.199547
1.200873
1.201400
1.201953
1.202813
1.201585
1.201445
1.202133
1.201882
1.202255
1.203369
1.202979
1.202465
1.202946
1.201705
1.201872
1.201816
1.201254
1.202029
1.202852
1.203273
1.202745
1.202633
1.202036
1.202230
1.201738
1.201555
1.202407
1.203024
1.203113
1.202241
1.202582
1.203114
1.204879
1.226268
1.228306
1.229801
1.230419
1.230635
1.230115
1.230691
1.231817
1.230919
1.229694
1.229357
1.231768
1.232026
1.232178
1.231642
1.230404
1.231398
1.230730
1.231034
1.230282
1.231021
1.232285
1.232575
1.232037
1.232479
1.232966
1.233255
1.231003
1.230029
1.232299
1.232964
1.232004
1.232440
1.233448
1.234081
1.233835
1.230978
1.231636
1.233298
1.232520
1.232214
1.232514
1.232956
1.232302
1.232054
1.233424
1.233674
1.233331
1.233157
1.233681
1.234078
1.233125
1.232977
1.233226
1.233846
1.233590
1.233704
1.233214
1.234931
1.234277
1.234239
1.232423
1.232327
1.230810
1.230625
1.230328
1.228672
1.227636
1.225646
1.225145
1.218081
1.203800
1.196032
1.194380
1.194705
1.194440
1.195461
1.196842
1.197479
1.199217
1.200000
1.199921
1.198862
1.200428
1.200815
1.200796
1.200458
1.199206
1.200312
1.199191
1.197839
1.197100
1.197093
1.195336
1.193739
1.192921
1.192847
1.192828
1.192518
1.192094
1.192779
1.193385
1.192437
1.191552
1.191809
1.193209
1.194831
1.193398
1.193489
1.194533
1.194862
1.194565
1.194676
1.195182
1.194898
1.195321
1.194738
1.194949
1.195245
1.195499
1.195258
1.195638
1.196523
1.196666
1.198645
1.196822
1.196833
1.197456
1.198203
1.198758
1.199226
1.199299
1.199872
1.200418
1.200464
1.200359
1.201882
1.200789
1.201316
1.201286
1.199975
1.197667
1.198323
1.197290
1.196432
1.194947
1.196941
1.198810
1.197899
1.194932
1.197843
1.199962
1.196201
1.190383
1.197161
1.198682
1.195403
1.182247
1.189663
1.192567
1.190358
1.191116
1.198055
1.196470
1.191058
1.177264
1.187214
1.188685
1.190666
1.193818
1.201420
1.202787
1.196694
1.181484
1.188056
1.196196
1.198619
1.196232
1.203830
1.205235
1.199224
1.181406
1.185477
1.196347
1.197747
1.203079
1.224458
1.229565
1.223869
1.212133
1.219956
1.222394
1.224265
1.226242
1.225642
1.225105
1.222976
1.222457
1.225232
1.226321
1.227405
1.229046
1.226712
1.225729
1.224779
1.226251
1.225868
1.225089
1.225795
1.226172
1.227995
1.229137
1.229505
1.230649
1.231613
1.233530
1.235044
1.235769
1.236495
1.237494
1.238480
1.238636
1.238997
1.239554
1.239153
1.239096
1.239140
1.238841
1.239415
1.239427
1.239696
1.239200
1.238424
1.239057
1.238908
1.239637
1.238855
1.239218
1.240226
1.239642
1.240174
1.239468
1.239923
1.240243
1.239575
1.239962
1.240487
1.241630
1.240485
1.239520
1.239688
1.240941
1.240855
1.240790
1.240550
1.241234
1.242453
1.237266
1.226130
1.215526
1.215929
1.215578
1.214947
1.214664
1.214637
1.215425
1.214669
1.214339
1.214610
1.215332
1.215294
1.215023
1.215438
1.215569
1.215896
1.214914
1.214799
1.215667
1.216422
1.216539
1.215489
1.215152
1.214347
1.215216
1.213253
1.214762
1.214018
1.213500
1.214074
1.213541
1.214926
1.214668
1.216174
1.215149
1.215334
1.215146
1.216233
1.217802
1.216172
1.216004
1.216381
1.217418
1.217689
1.217096
1.217718
1.216666
1.217265
1.216478
1.216768
1.216301
1.217722
1.216522
1.216573
1.216949
1.216940
1.217514
1.217504
1.217117
1.216674
1.216725
1.217318
1.216731
1.216292
1.216040
1.216489
1.217195
1.217423
1.217237
1.217333
1.217815
1.217420
1.217438
1.217059
1.217918
1.217670
1.217295
1.217125
1.216862
1.217323
1.216519
1.217080
1.216624
1.217884
1.217472
1.217361
1.217943
1.216660
1.218269
1.217731
1.217651
1.216973
1.217183
1.217282
1.216884
1.216678
1.216839
1.217858
1.217480
1.217048
1.217295
1.217763
1.217810
1.217434
1.216560
1.216444
1.217769
1.216232
1.216127
1.215955
1.216142
1.217155
1.216910
1.217222
1.230528
1.243864
1.243403
1.242874
1.243401
1.242928
1.244046
1.243575
1.242934
1.242673
1.242898
1.240496
1.239750
1.241019
1.239862
1.241329
1.241508
1.240915
1.240553
1.241887
1.241226
1.240931
1.241236
1.241088
1.241316
1.241051
1.241632
1.241340
1.241744
1.241338
1.241048
1.240457
1.240292
1.241322
1.240258
1.241251
1.240785
1.239437
1.239594
1.239347
1.240131
1.240598
1.241342
1.240577
1.240397
1.240000
1.239634
1.240343
1.240014
1.239499
1.238437
1.241740
1.240029
1.239030
1.240869
1.240474
1.241482
1.241001
1.240695
1.239875
1.240792
1.240028
1.240498
1.241381
1.240706
1.240375
1.241316
1.240043
1.240323
1.240281
1.240060
1.237151
1.229888
1.214990
1.215734
1.214694
1.214290
1.214132
1.213163
1.213292
1.212233
1.212021
1.212131
1.213042
1.212418
1.212887
1.212004
1.211247
1.212108
1.211871
1.212619
1.212708
1.213141
1.212893
1.212455
1.213207
1.212940
1.211918
1.212096
1.212893
1.212288
1.213109
1.212757
1.211937
1.213333
1.212857
1.214504
1.213717
1.213698
1.214083
1.213726
1.213167
1.213867
1.213686
1.214074
1.214398
1.214485
1.213879
1.212795
1.214170
1.214580
1.213675
1.214442
1.213756
1.214532
1.214502
1.214035
1.214197
1.214449
1.214117
1.214674
1.214323
1.213924
1.215215
1.214647
1.214136
1.214573
1.214294
1.215392
1.215087
1.213900
1.214543
1.215324
1.215435
1.215394
1.214837
1.215011
1.215218
1.214420
1.215345
1.215003
1.215137
1.215536
1.214089
1.213709
1.213959
1.214345
1.214505
1.215173
1.214794
1.215801
1.215122
1.215339
1.215287
1.215202
1.215906
1.215827
1.215521
1.215737
1.216249
1.216246
1.215643
1.215785
1.215999
1.217225
1.217200
1.216729
1.215644
1.215047
1.215826
1.215473
1.216180
1.215394
1.215496
1.215814
1.215505
1.216692
1.224225
1.242738
1.242718
1.242518
1.242628
1.243042
1.243137
1.242054
1.242003
1.241978
1.243083
1.242498
1.242217
1.241763
1.242564
1.243004
1.242754
1.239792
1.238332
1.241623
1.240253
1.240979
1.241277
1.240464
1.241480
1.241601
1.241925
1.241693
1.242735
1.241882
1.242183
1.241460
1.241698
1.242241
1.241863
1.241709
1.241667
1.242710
1.242049
1.241437
1.241555
1.241293
1.241692
1.241305
1.241317
1.241454
1.242109
1.241254
1.241328
1.241243
1.241314
1.241636
1.241157
1.241347
1.240684
1.241897
1.241484
1.241746
1.241866
1.241642
1.242703
1.242116
1.242233
1.242073
1.242428
1.242537
1.241866
1.241885
1.241900
1.242107
1.242281
1.239822
1.233255
1.217574
1.215965
1.215307
1.215341
1.215339
1.214969
1.214343
1.214277
1.214695
1.214420
1.215327
1.214821
1.214712
1.214438
1.214705
1.214753
1.215442
1.214666
1.214552
1.215290
1.213722
1.213646
1.213664
1.214961
1.214893
1.214154
1.214947
1.214598
1.213154
1.212105
1.211775
1.212923
1.213438
1.214128
1.214877
1.214352
1.214436
1.214712
1.213714
1.212592
1.213983
1.214873
1.214983
1.214271
1.214702
1.215500
1.214560
1.213748
1.213716
1.213351
1.213475
1.214840
1.213759
1.213289
1.212171
1.214337
1.214451
1.214078
1.213629
1.214056
1.215342
1.214036
1.214261
1.214979
1.215293
1.214488
1.213928
1.213653
1.214117
1.214275
1.213403
1.214051
1.214809
1.214365
1.214576
1.214855
1.214549
1.213976
1.215386
1.215366
1.214918
1.214962
1.216131
1.216159
1.216408
1.216198
1.216287
1.217701
1.216753
1.216065
1.216083
1.215997
1.216124
1.215134
1.215025
1.215641
1.216996
1.215998
1.215152
1.215201
1.214979
1.215082
1.215399
1.215676
1.215743
1.215249
1.215248
1.215702
1.214944
1.213875
1.215177
1.214479
1.214730
1.214989
1.219165
1.240323
1.241075
1.241432
1.241351
1.242509
1.242338
1.242568
1.242395
1.242335
1.241771
1.241110
1.241189
1.239273
1.239709
1.240535
1.240924
1.239924
1.241043
1.240563
1.240684
1.240472
1.240441
1.241176
1.240484
1.240550
1.240769
1.240427
1.240861
1.240165
1.240104
1.239821
1.241114
1.240582
1.240788
1.240624
1.240701
1.241689
1.241816
1.241160
1.240736
1.241333
1.240975
1.240794
1.240900
1.240779
1.241491
1.240565
1.240554
1.240129
1.240430
1.240339
1.239618
1.239901
1.239633
1.241046
1.240133
1.239384
1.238805
1.239485
1.240036
1.239875
1.240361
1.239750
1.240861
1.240062
1.239922
1.239591
1.240630
1.240357
1.240316
1.240137
1.233744
1.219617
1.213599
1.213316
1.213735
1.213991
1.214507
1.214552
1.213541
1.213192
1.213932
1.213558
1.213097
1.213756
1.213446
1.213955
1.213375
1.212891
1.212748
1.213123
1.212459
1.212723
1.213157
1.212725
1.212674
1.212088
1.212430
1.212963
1.213893
1.213259
1.212726
1.213100
1.213130
1.213537
1.213297
1.212173
1.212829
1.212928
1.212780
1.213186
1.213521
1.212267
1.213449
1.213169
1.212262
1.212324
1.211455
1.211943
1.210779
1.211629
1.212086
1.212397
1.211534
1.210818
1.211461
1.210583
1.211433
1.209386
1.210573
1.210917
1.212301
1.212373
1.211104
1.210863
1.210452
1.211836
1.212964
1.211910
1.211904
1.210088
1.210604
1.210402
1.209655
1.208911
1.210889
1.210588
1.211234
1.209100
1.210322
1.209015
1.208422
1.208385
1.207976
1.207510
1.203297
1.203535
1.204976
1.206198
1.206188
1.205121
1.204199
1.203236
1.193075
1.190992
1.192244
1.195200
1.200643
1.201525
1.199567
1.196603
1.185117
1.157504
1.177886
1.178792
1.179500
1.188022
1.185880
1.187936
1.172444
1.145127
1.140184
1.177095
1.175226
1.168895
1.170698
1.170090
1.196788
1.172278
1.154975
1.188514
1.213302
1.213455
1.200141
1.188024
1.187606
1.200988
1.174873
1.187282
1.214069
1.219137
1.218431
1.209347
1.201647
1.207438
1.211059
1.204153
1.212211
1.213105
1.212465
1.209674
1.207809
1.205118
1.203425
1.199900
1.197626
1.195542
1.193789
1.194112
1.192454
1.192112
1.190263
1.190110
1.190820
1.190938
1.191123
1.190152
1.193604
1.194202
1.193740
1.189986
1.191605
1.195900
1.196464
1.196530
1.195706
1.198639
1.199021
1.198865
1.195349
1.198385
1.200917
1.198111
1.198824
1.199311
1.201454
1.199348
1.198238
1.198820
1.201070
1.202673
1.202312
1.203373
1.204214
1.205528
1.205139
1.205836
1.206435
1.201352
1.190342
1.180695
1.179975
1.180568
1.182613
1.182451
1.182116
1.180618
1.182246
1.183997
1.184143
1.184761
1.184963
1.186559
1.187354
1.187974
1.189495
1.190709
1.191844
1.191991
1.193407
1.194384
1.196095
1.196394
1.196212
1.196654
1.197600
1.199246
1.199178
1.199459
1.199389
1.200245
1.201879
1.201137
1.200970
1.201642
1.202828
1.203034
1.203391
1.203303
1.203480
1.204331
1.203566
1.203892
1.204115
1.204794
1.204705
1.204786
1.204849
1.206387
1.206856
1.206177
1.205387
1.204993
1.205919
1.206753
1.206452
1.206154
1.205834
1.206802
1.205818
1.205854
1.206270
1.206074
1.207302
1.207893
1.207840
1.208376
1.207638
1.205326
1.205706
1.205629
1.206939
1.207495
1.206899
1.206941
1.207119
1.207281
1.206890
1.207423
1.206812
1.207278
1.208131
1.208755
1.209394
1.209037
1.210555
1.209369
1.210012
1.210156
1.209448
1.210855
1.210043
1.209902
1.209537
1.210580
1.210242
1.209559
1.210161
1.209965
1.210781
1.210455
1.210822
1.210924
1.211323
1.211302
1.209991
1.210167
1.210329
1.210149
1.209561
1.209319
1.210162
1.209664
1.212280
1.227807
1.237375
1.237273
1.238027
1.238026
1.238063
1.238360
1.238818
1.238875
1.237913
1.237658
1.238231
1.238772
1.237627
1.238039
1.238461
1.237755
1.239065
1.238128
1.238663
1.238714
1.238673
1.237473
1.238075
1.238580
1.238962
1.239271
1.239706
1.239161
1.238929
1.240932
1.240596
1.240266
1.240281
1.240775
1.241108
1.240562
1.240654
1.239558
1.240863
1.241233
1.239305
1.241270
1.240191
1.241243
1.240848
1.240362
1.240929
1.240381
1.240514
1.241505
1.240938
1.239904
1.241149
1.240767
1.241316
1.240609
1.240301
1.240209
1.240234
1.239467
1.240474
1.241326
1.240153
1.240719
1.239734
1.239464
1.239171
1.238210
1.235105
1.226725
1.213865
1.212595
1.212367
1.213531
1.213715
1.213289
1.212556
1.214167
1.214069
1.214024
1.213623
1.213666
1.212895
1.212119
1.212705
1.212423
1.213758
1.214591
1.213444
1.213069
1.212014
1.213925
1.212637
1.212312
1.211924
1.212378
1.213676
1.213350
1.213127
1.212031
1.212748
1.212241
1.212032
1.212441
1.212510
1.212466
1.211954
1.212127
1.211855
1.212564
1.211941
1.211888
1.211470
1.211486
1.212222
1.211469
1.211379
1.210210
1.210725
1.210152
1.209806
1.210504
1.210356
1.210891
1.210335
1.209901
1.209780
1.210408
1.210158
1.209798
1.209207
1.209210
1.210380
1.209574
1.209129
1.209285
1.208896
1.209346
1.209128
1.208196
1.207591
1.209038
1.208768
1.208330
1.208052
1.207316
1.205736
1.204332
1.203505
1.203299
1.204147
1.202710
1.201431
1.200924
1.201769
1.201977
1.200849
1.199645
1.199268
1.200097
1.196977
1.193720
1.191799
1.192637
1.194919
1.195312
1.193676
1.193247
1.193856
1.192862
1.193107
1.193295
1.193400
1.195022
1.196250
1.196470
1.198977
1.199220
1.199680
1.200413
1.201564
1.202121
1.202827
1.202731
1.213986
1.231301
1.231757
1.232048
1.230603
1.229097
1.227177
1.226504
1.225039
1.222224
1.218642
1.214991
1.211764
1.208345
1.202972
1.133910
1.127996
1.121442
1.116599
1.111209
1.103526
1.098906
1.095299
1.092856
1.090977
1.090219
1.086545
1.085384
1.086347
1.085659
1.086361
1.088206
1.088814
1.092680
1.094450
1.094919
1.096452
1.094564
1.095822
1.099272
1.104804
1.111693
1.113451
1.107967
1.106756
1.108747
1.111346
1.113607
1.112869
1.122307
1.140523
1.146301
1.134207
1.131893
1.130618
1.138172
1.145368
1.138300
1.143808
1.168829
1.174105
1.134863
1.127446
1.119884
1.130446
1.143780
1.129556
1.120514
1.151893
1.174902
1.144769
1.134289
1.120073
1.130661
1.157423
1.145585
1.125591
1.143076
1.181884
1.146476
1.123862
1.125298
1.161600
1.166473
1.144946
1.137931
1.182107
1.170998
1.168947
1.145099
1.130075
1.162192
1.182305
1.175930
1.154660
1.185157
1.188802
1.190164
1.196407
1.203288
1.203582
1.205548
1.204094
1.206129
1.209164
1.214004
1.213681
1.214081
1.213685
1.214072
1.210456
1.212001
1.213039
1.213132
1.213878
1.213861
1.213668
1.213232
1.214626
1.214408
1.214502
1.215251
1.215578
1.215988
1.215211
1.215090
1.214544
1.215470
1.215029
1.214362
1.213949
1.214501
1.215281
1.215984
1.216558
1.222689
1.243040
1.244292
1.244859
1.244463
1.243780
1.243982
1.245482
1.244607
1.244882
1.246222
1.246026
1.245671
1.245258
1.245013
1.245100
1.246147
1.245201
1.245150
1.245099
1.245432
1.245712
1.245549
1.245463
1.245409
1.245629
1.245242
1.245379
1.245300
1.245006
1.245577
1.245203
1.245074
1.244899
1.245210
1.245725
1.246219
1.245968
1.245865
1.246140
1.245236
1.245057
1.244681
1.245406
1.244903
1.244789
1.244704
1.244521
1.244733
1.243961
1.244446
1.243778
1.244264
1.244343
1.244015
1.243805
1.243508
1.244225
1.243504
1.243503
1.243246
1.243544
1.244331
1.243885
1.243854
1.243790
1.244515
1.243886
1.243874
1.244747
1.244729
1.243799
1.236807
1.220000
1.217442
1.217889
1.217720
1.217518
1.217824
1.217530
1.218274
1.217571
1.217381
1.216653
1.217993
1.216859
1.214726
1.214743
1.215661
1.214571
1.214166
1.214810
1.216806
1.217626
1.217638
1.216463
1.216048
1.216285
1.215687
1.215753
1.215575
1.216943
1.217308
1.216854
1.216592
1.216851
1.217132
1.216965
1.216295
1.215955
1.215962
1.216114
1.215796
1.215975
1.215879
1.217265
1.216534
1.216488
1.216787
1.217199
1.218206
1.217557
1.217385
1.217221
1.217427
1.217449
1.217217
1.218163
1.218193
1.218604
1.218148
1.217825
1.218885
1.219597
1.219198
1.219338
1.219396
1.219331
1.220498
1.219804
1.220207
1.218833
1.220168
1.220479
1.220494
1.219972
1.219714
1.220666
1.220470
1.220666
1.220433
1.220919
1.220952
1.220162
1.220166
1.220626
1.221333
1.221060
1.219959
1.219695
1.220388
1.221411
1.219962
1.219887
1.218973
1.220065
1.219190
1.218891
1.219568
1.218822
1.218403
1.219272
1.218813
1.219028
1.219452
1.218653
1.217935
1.218578
1.217948
1.218901
1.217655
1.217135
1.217068
1.218953
1.218737
1.218556
1.221150
1.242546
1.246212
1.245257
1.245463
1.244774
1.245110
1.245363
1.245984
1.245093
1.244612
1.240903
1.240520
1.242012
1.242160
1.242378
1.242379
1.243788
1.243188
1.243036
1.242767
1.243002
1.242430
1.243426
1.243122
1.242614
1.243165
1.242230
1.242530
1.241975
1.241927
1.240972
1.241786
1.241421
1.241360
1.241225
1.240717
1.241367
1.240309
1.238737
1.238007
1.236901
1.234435
1.231114
1.229542
1.229087
1.228657
1.227378
1.225535
1.225300
1.225970
1.225531
1.225635
1.224842
1.224538
1.224653
1.225674
1.225097
1.218592
1.204531
1.196916
1.196588
1.194748
1.193438
1.193519
1.192870
1.191111
1.188868
1.188130
1.186640
1.186283
1.184173
1.182985
1.182412
1.183000
1.183125
1.183070
1.182773
1.182288
1.182221
1.180745
1.180120
1.180601
1.181666
1.181080
1.182047
1.181841
1.182323
1.182804
1.181113
1.181125
1.183371
1.185029
1.185796
1.186511
1.187382
1.187756
1.189763
1.187729
1.188415
1.191423
1.192091
1.193013
1.193349
1.193876
1.194360
1.195469
1.192505
1.194201
1.198356
1.198463
1.199160
1.199110
1.199031
1.198867
1.199017
1.195161
1.197081
1.199152
1.199040
1.199030
1.198412
1.198098
1.197547
1.197703
1.192704
1.195160
1.198401
1.197356
1.197130
1.196338
1.195807
1.196409
1.195276
1.188514
1.192474
1.196532
1.196073
1.195695
1.195385
1.195799
1.195627
1.193923
1.186666
1.191738
1.196613
1.196040
1.195409
1.194931
1.194492
1.193988
1.191605
1.187705
1.192197
1.191325
1.190791
1.188874
1.188510
1.188246
1.186387
1.178459
1.180781
1.185079
1.183805
1.181776
1.180367
1.179559
1.178851
1.176025
1.167728
1.171323
1.176322
1.174037
1.190673
1.195615
1.194455
1.192202
1.188591
1.181344
1.182669
1.185247
1.181579
1.177368
1.172341
1.170198
1.167105
1.162128
1.155514
1.153989
1.155953
1.152365
1.146451
1.140757
1.137609
1.133717
1.128729
1.121296
1.120896
1.122877
1.117885
1.112405
1.107701
1.104031
1.100424
1.097353
1.092140
1.090508
1.093220
1.088660
1.083909
1.079605
1.075932
1.073681
1.070117
1.067468
1.064642
1.068096
1.065561
1.060688
1.056716
1.054848
1.052432
1.050988
1.048612
1.047614
1.050213
1.048918
1.045672
1.043332
1.040840
1.040802
1.040632
1.040973
1.042164
1.045833
1.047390
1.043805
1.042156
1.041188
1.042086
1.041198
1.042175
1.045336
1.048704
1.044840
1.029481
1.018474
1.017874
1.019973
1.021439
1.022797
1.025493
1.033988
1.035213
1.037996
1.039962
1.041603
1.041360
1.043016
1.044308
1.045816
1.047682
1.049436
1.051636
1.051584
1.053631
1.055167
1.057221
1.058794
1.060538
1.062704
1.063868
1.065897
1.066555
1.068720
1.070443
1.071818
1.074731
1.077160
1.079886
1.081786
1.084976
1.087308
1.090573
1.093370
1.096491
1.100027
1.102679
1.106453
1.109403
1.114396
1.117387
1.121434
1.124759
1.128244
1.132838
1.135369
1.138930
1.142040
1.146594
1.149419
1.152753
1.156934
1.160554
1.163440
1.165491
1.168784
1.171284
1.174238
1.177658
1.179561
1.181964
1.184158
1.187193
1.188775
1.190141
1.191483
1.192966
1.195003
1.194009
1.194929
1.196803
1.198602
1.199042
1.199551
1.200145
1.201695
1.201630
1.197215
1.197929
1.200691
1.202818
1.201910
1.200453
1.200959
1.201317
1.200472
1.192884
1.194553
1.198271
1.198948
1.198751
1.194827
1.196103
1.196998
1.195401
1.189921
1.194246
1.197281
1.193927
1.191998
1.189378
1.191974
1.192793
1.206260
1.218410
1.223889
1.225756
1.223200
1.221440
1.218358
1.221336
1.221192
1.219969
1.221787
1.225764
1.227334
1.225551
1.224562
1.222569
1.223543
1.225008
1.224862
1.229411
1.230496
1.231309
1.230878
1.229894
1.230223
1.232238
1.232171
1.230119
1.232589
1.233813
1.233560
1.234372
1.233490
1.232594
1.233016
1.235388
1.234969
1.236359
1.236314
1.236014
1.236523
1.237360
1.236330
1.235995
1.235041
1.235211
1.236656
1.236393
1.235994
1.236469
1.236550
1.236675
1.237893
1.237168
1.235802
1.236368
1.237523
1.238254
1.237559
1.236649
1.235426
1.236921
1.237653
1.236659
1.237558
1.235881
1.236233
1.235830
1.237167
1.236143
1.236274
1.233166
1.223956
1.211738
1.212870
1.211815
1.212352
1.211957
1.211607
1.211883
1.210572
1.210397
1.211666
1.211269
1.210655
1.211643
1.211067
1.210775
1.210120
1.209655
1.210418
1.210977
1.210011
1.210430
1.210055
1.210312
1.210541
1.209884
1.209106
1.209518
1.210023
1.209519
1.209618
1.210136
1.210578
1.211722
1.209317
1.209803
1.210421
1.211197
1.211319
1.211712
1.210779
1.210889
1.212667
1.211601
1.211981
1.210974
1.211236
1.212152
1.211543
1.212378
1.210422
1.211244
1.212262
1.212885
1.213197
1.213461
1.212697
1.212155
1.212224
1.212201
1.212639
1.212531
1.213151
1.213187
1.213996
1.214146
1.214271
1.213859
1.214126
1.214156
1.213323
1.213472
1.214240
1.215367
1.215024
1.214896
1.214887
1.214774
1.215406
1.214660
1.214159
1.214762
1.214940
1.214467
1.213996
1.214146
1.214416
1.215798
1.214746
1.214765
1.215137
1.214697
1.213995
1.213324
1.213605
1.214069
1.215492
1.214177
1.214705
1.214586
1.214936
1.223866
1.241756
1.242582
1.242682
1.243128
1.242294
1.242016
1.242232
1.241581
1.242420
1.241992
1.242213
1.242064
1.242356
1.241674
1.241643
1.241819
1.241642
1.242562
1.241760
1.241412
1.242101
1.242320
1.242256
1.241807
1.241711
1.241709
1.242955
1.242176
1.242234
1.241977
1.242030
1.242280
1.242102
1.242117
1.242211
1.242549
1.241992
1.242144
1.242398
1.242625
1.242542
1.241336
1.241707
1.242235
1.242725
1.242138
1.241868
1.241556
1.241752
1.242443
1.242480
1.242751
1.241993
1.242917
1.242425
1.242537
1.242242
1.242570
1.242557
1.242480
1.242605
1.242681
1.243628
1.242738
1.242641
1.243294
1.242456
1.243547
1.243183
1.242303
1.240393
1.234481
1.216988
1.215904
1.214899
1.214064
1.215440
1.215691
1.215831
1.216667
1.215780
1.216525
1.215754
1.215814
1.215699
1.215819
1.214985
1.215509
1.214299
1.215579
1.215577
1.214787
1.214100
1.214926
1.215352
1.215560
1.215822
1.215005
1.215597
1.215873
1.215650
1.215371
1.215367
1.215531
1.215185
1.214884
1.215247
1.215490
1.216289
1.215882
1.215148
1.215117
1.215438
1.216432
1.216565
1.215899
1.215535
1.216174
1.216198
1.215491
1.215581
1.215801
1.215795
1.215261
1.216056
1.216120
1.216881
1.214771
1.213175
1.215076
1.215079
1.214647
1.216583
1.216272
1.218379
1.217150
1.217244
1.216992
1.217914
1.216788
1.215612
1.215971
1.216124
1.216763
1.216247
1.215912
1.216643
1.215993
1.217028
1.216784
1.215879
1.215703
1.216671
1.216048
1.216120
1.216679
1.217389
1.217055
1.216444
1.216221
1.215789
1.215990
1.215562
1.214987
1.215736
1.215978
1.216759
1.215774
1.215338
1.216050
1.217207
1.220346
1.242293
1.243762
1.241535
1.242322
1.242753
1.242461
1.242373
1.241798
1.242941
1.242469
1.242846
1.242931
1.243332
1.243444
1.243451
1.243443
1.243491
1.244090
1.243014
1.243695
1.243431
1.243293
1.243794
1.243404
1.243497
1.243333
1.243637
1.243272
1.243403
1.243263
1.242999
1.243410
1.243650
1.243355
1.242754
1.243767
1.243356
1.242844
1.242745
1.242656
1.243443
1.242900
1.242776
1.242063
1.242344
1.242181
1.241936
1.241875
1.241410
1.242288
1.241955
1.242439
1.242482
1.242521
1.242481
1.242168
1.242175
1.241417
1.235908
1.220155
1.215179
1.215100
1.215327
1.215970
1.215780
1.215929
1.215438
1.216484
1.215706
1.215586
1.215432
1.215300
1.216363
1.215931
1.215887
1.215682
1.217001
1.216246
1.215906
1.216297
1.215794
1.216421
1.215808
1.215454
1.215379
1.216612
1.215585
1.215643
1.216417
1.215817
1.216540
1.215570
1.215667
1.214200
1.216042
1.215257
1.216259
1.215376
1.216431
1.215789
1.215479
1.215302
1.216646
1.216769
1.216480
1.215774
1.216046
1.215960
1.216840
1.216110
1.215606
1.215587
1.215644
1.215396
1.216853
1.216766
1.216784
1.217248
1.217387
1.217247
1.216892
1.216756
1.217379
1.217099
1.215987
1.216026
1.217548
1.216854
1.216598
1.216891
1.216875
1.217769
1.216964
1.217134
1.217082
1.217217
1.216576
1.216580
1.215675
1.215475
1.216955
1.216913
1.215857
1.216393
1.217104
1.217750
1.217261
1.217142
1.216805
1.218093
1.217684
1.216312
1.216528
1.216000
1.216131
1.215526
1.215392
1.215069
1.215956
1.215081
1.216178
1.215997
1.215261
1.217657
1.217003
1.216473
1.216659
1.216271
1.216244
1.215729
1.214860
1.215059
1.216419
1.217315
1.237612
1.243497
1.243741
1.243247
1.242740
1.242355
1.242837
1.243759
1.242549
1.244333
1.243144
1.242638
1.242371
1.242025
1.241276
1.241192
1.241922
1.241599
1.241568
1.241453
1.240715
1.241701
1.241337
1.240419
1.239767
1.240326
1.240889
1.240818
1.241038
1.241461
1.241472
1.240870
1.241293
1.241211
1.241191
1.242024
1.239709
1.239526
1.239770
1.239565
1.240819
1.239584
1.239132
1.239385
1.239150
1.238687
1.239659
1.238303
1.238686
1.239041
1.239173
1.238373
1.238361
1.238038
1.239178
1.239104
1.238460
1.238528
1.237837
1.231819
1.220078
1.210390
1.210993
1.211608
1.210804
1.210898
1.211126
1.210968
1.211575
1.210360
1.210729
1.210461
1.211363
1.211676
1.211103
1.211737
1.211057
1.211047
1.210462
1.210800
1.210765
1.210616
1.210936
1.211237
1.211321
1.210403
1.211089
1.210584
1.210105
1.210269
1.210244
1.210443
1.209890
1.210613
1.209545
1.210418
1.210357
1.209785
1.209596
1.209649
1.209861
1.208842
1.209545
1.209677
1.209748
1.209539
1.208186
1.207708
1.207209
1.207566
1.207234
1.206887
1.207197
1.207670
1.206109
1.205407
1.204073
1.202718
1.202712
1.202309
1.202610
1.202210
1.201277
1.201633
1.201087
1.200089
1.199310
1.198555
1.197944
1.197190
1.196565
1.197026
1.197609
1.196824
1.196328
1.195725
1.195593
1.195263
1.194384
1.193715
1.192513
1.192174
1.192066
1.193023
1.194156
1.194615
1.195024
1.192833
1.190842
1.192055
1.195578
1.197116
1.197231
1.197510
1.196289
1.194903
1.191798
1.191292
1.191799
1.194689
1.197339
1.198815
1.214962
1.224173
1.222837
1.217448
1.213727
1.213210
1.213980
1.216236
1.218892
1.218866
1.217898
1.216082
1.211925
1.211516
1.212965
1.210649
1.207755
1.209819
1.212095
1.210908
1.214182
1.212560
1.211596
1.211044
1.210198
1.203381
1.203194
1.207265
1.207991
1.210497
1.210575
1.209527
1.209504
1.208972
1.205701
1.197918
1.202798
1.204736
1.209239
1.210531
1.211085
1.210840
1.211606
1.211474
1.203901
1.206083
1.210223
1.214637
1.215227
1.215780
1.209799
1.210641
1.215231
1.211870
1.210622
1.211129
1.200218
1.205388
1.211506
1.214932
1.214612
1.209437
1.196589
1.202614
1.211150
1.214368
1.214663
1.203578
1.194575
1.203489
1.211175
1.209303
1.197596
1.170064
1.165966
1.175116
1.180059
1.182037
1.173641
1.157140
1.157546
1.164167
1.168603
1.171653
1.159932
1.146192
1.148585
1.155239
1.158959
1.159824
1.147345
1.138709
1.141859
1.149362
1.150801
1.147290
1.138453
1.131600
1.134582
1.139252
1.138253
1.126907
1.120104
1.113818
1.118292
1.122172
1.121268
1.110808
1.106070
1.102775
1.110770
1.113790
1.113431
1.101601
1.097904
1.096810
1.105390
1.104954
1.104267
1.089411
1.089212
1.087708
1.095763
1.093767
1.087257
1.074331
1.073557
1.075961
1.082368
1.080803
1.070011
1.059360
1.060826
1.067101
1.071576
1.064913
1.050743
1.046719
1.049512
1.059902
1.059971
1.050862
1.036677
1.037064
1.044238
1.053463
1.046625
1.049589
1.061490
1.062874
1.061256
1.056098
1.053302
1.058958
1.064075
1.063988
1.064013
1.063611
1.065100
1.068837
1.070439
1.070182
1.072242
1.072652
1.074815
1.075544
1.076825
1.078600
1.080009
1.082304
1.083840
1.085946
1.087273
1.089711
1.101456
1.116617
1.118894
1.120451
1.122296
1.123289
1.124873
1.126561
1.129265
1.130565
1.132369
1.133444
1.135327
1.138080
1.138201
1.139836
1.140813
1.143690
1.146876
1.146927
1.148248
1.147967
1.149939
1.151456
1.151426
1.151638
1.152232
1.155125
1.155168
1.154519
1.154312
1.155833
1.157386
1.158283
1.155886
1.156762
1.159413
1.161861
1.162655
1.159978
1.162099
1.165019
1.166449
1.166391
1.163664
1.165068
1.168129
1.171070
1.171054
1.169608
1.171476
1.174514
1.176279
1.176149
1.175240
1.177067
1.180117
1.180762
1.181148
1.180734
1.182096
1.185174
1.185750
1.186419
1.186266
1.188751
1.190645
1.191544
1.192136
1.192562
1.194278
1.193058
1.186315
1.172144
1.172293
1.172987
1.173666
1.174843
1.175497
1.177092
1.177330
1.178185
1.178913
1.179972
1.180575
1.181325
1.181992
1.183382
1.184867
1.185329
1.185424
1.185755
1.187291
1.188772
1.188192
1.188874
1.188610
1.189928
1.189990
1.190310
1.190007
1.190850
1.192368
1.192106
1.192645
1.192139
1.192886
1.192515
1.193633
1.193285
1.193969
1.194932
1.194946
1.195403
1.195004
1.196331
1.196468
1.196696
1.197232
1.196325
1.197639
1.196288
1.196507
1.197340
1.198564
1.199816
1.200601
1.201622
1.202332
1.203679
1.203460
1.202918
1.202416
1.202020
1.202809
1.202843
1.203204
1.203903
1.204652
1.203867
1.204894
1.205119
1.205489
1.206377
1.204792
1.204702
1.204767
1.206092
1.205522
1.205609
1.206090
1.206540
1.207067
1.205226
1.204060
1.205323
1.206213
1.206017
1.206740
1.206805
1.206905
1.207709
1.207005
1.206683
1.207913
1.208414
1.208079
1.208583
1.208892
1.207515
1.209251
1.209259
1.209673
1.209473
1.209458
1.207609
1.207448
1.206141
1.205775
1.207439
1.206038
1.205672
1.205648
1.205558
1.206179
1.206885
1.207353
1.213174
1.233647
1.233726
1.233243
1.232948
1.231781
1.231567
1.230333
1.228665
1.227556
1.227823
1.226790
1.226389
1.225321
1.224884
1.226872
1.225095
1.224796
1.225049
1.225571
1.226388
1.226541
1.227494
1.227499
1.227525
1.226078
1.226681
1.226426
1.225463
1.225325
1.225297
1.225420
1.225423
1.225778
1.224876
1.225748
1.225715
1.227076
1.226989
1.227246
1.226829
1.226998
1.227567
1.227591
1.227742
1.227584
1.227117
1.228154
1.228077
1.227520
1.226954
1.227415
1.226911
1.227353
1.226300
1.226370
1.225898
1.227611
1.227791
1.220099
1.203302
1.202133
1.202323
1.202063
1.202073
1.202109
1.202304
1.201906
1.202350
1.201970
1.202086
1.201923
1.201583
1.201732
1.202386
1.203232
1.202905
1.202565
1.201752
1.203026
1.202879
1.203107
1.202062
1.201463
1.201708
1.201249
1.201956
1.201776
1.202933
1.201677
1.201603
1.202012
1.202176
1.203004
1.201656
1.201406
1.201845
1.202447
1.201839
1.201226
1.201020
1.200610
1.200697
1.200791
1.201470
1.202074
1.201517
1.201463
1.201029
1.200991
1.200373
1.201325
1.201146
1.200724
1.200290
1.201243
1.201214
1.200765
1.200353
1.199194
1.200573
1.200410
1.200003
1.200044
1.199645
1.199826
1.201304
1.200981
1.200457
1.200927
1.199595
1.199616
1.200986
1.200234
1.200906
1.200056
1.199827
1.200118
1.200589
1.200274
1.199133
1.199200
1.198720
1.199076
1.198313
1.196996
1.195553
1.194372
1.193976
1.193243
1.192129
1.191302
1.191282
1.190426
1.190332
1.190138
1.189811
1.190212
1.189635
1.189930
1.189919
1.190420
1.189793
1.189070
1.188728
1.188561
1.188777
1.188573
1.188629
1.188172
1.189390
1.188983
1.188949
1.189150
1.190165
1.211973
1.213512
1.214215
1.213979
1.214867
1.213549
1.213224
1.213611
1.213152
1.213512
1.212615
1.211569
1.210947
