10.002000
0.870653
0.870338
0.870189
0.871348
0.870917
0.870820
0.870473
0.870573
0.870650
0.870007
0.867308
0.867619
0.868260
0.868459
0.868568
0.868386
0.868555
0.868795
0.868313
0.868064
0.867810
0.868718
0.868592
0.868653
0.868086
0.868158
0.868965
0.868776
0.868316
0.868016
0.868993
0.868242
0.868334
0.867910
0.868170
0.868924
0.868090
0.868240
0.868009
0.869035
0.868314
0.868225
0.867608
0.867888
0.868810
0.867618
0.867615
0.868243
0.868216
0.868164
0.867127
0.867708
0.866460
0.868081
0.868472
0.867468
0.867335
0.868075
0.868145
0.867251
0.867397
0.867619
0.868658
0.868849
0.867384
0.867691
0.867810
0.867866
0.867836
0.867764
0.866738
0.868284
0.867536
0.866618
0.867028
0.868213
0.868241
0.867602
0.868364
0.868130
0.867366
0.868619
0.867376
0.867665
0.867764
0.867484
0.867590
0.868293
0.866908
0.868360
0.867758
0.866954
0.867135
0.865924
0.867164
0.866737
0.867321
0.867366
0.867515
0.867630
0.867318
0.867246
0.866776
0.867771
0.867699
0.866224
0.866718
0.866892
0.867580
0.867079
0.866888
0.866449
0.867383
0.866957
0.866665
0.866601
0.866536
0.866892
0.866128
0.866483
0.865530
0.867031
0.866587
0.866296
0.865442
0.865870
0.866679
0.866050
0.865999
0.866527
0.865580
0.866587
0.866462
0.866705
0.866156
0.867178
0.866569
0.866637
0.866783
0.866936
0.867002
0.866653
0.866156
0.865868
0.867177
0.866649
0.866402
0.866284
0.866196
0.866861
0.866467
0.865580
0.865678
0.866253
0.866305
0.865578
0.865966
0.865839
0.866494
0.865741
0.865446
0.865102
0.866223
0.866175
0.866133
0.866081
0.865619
0.866257
0.865529
0.865832
0.865906
0.866843
0.866570
0.866483
0.866336
0.865859
0.866491
0.866205
0.866265
0.866545
0.866621
0.866852
0.866389
0.866334
0.865870
0.866863
0.866275
0.866265
0.866035
0.866316
0.866531
0.866166
0.865866
0.865250
0.866342
0.865875
0.865843
0.865905
0.865853
0.866456
0.865658
0.865490
0.865289
0.866381
0.866283
0.865672
0.865988
0.865717
0.866287
0.865883
0.865527
0.864758
0.866332
0.866472
0.865839
0.865732
0.865598
0.866116
0.865664
0.865724
0.865234
0.865819
0.865523
0.864217
0.862309
0.861842
0.862309
0.861933
0.862495
0.864369
0.863816
0.863669
0.864017
0.862994
0.863041
0.862871
0.862471
0.862240
0.862774
0.863172
0.864035
0.862707
0.862917
0.862325
0.863566
0.863497
0.864302
0.864266
0.863614
0.864175
0.863902
0.864036
0.863469
0.864710
0.864590
0.863646
0.863653
0.863420
0.864208
0.864205
0.863773
0.863604
0.864096
0.863831
0.863423
0.863101
0.863056
0.863799
0.862738
0.863141
0.862198
0.862972
0.862824
0.862201
0.862068
0.862049
0.862697
0.862749
0.861789
0.862322
0.861838
0.861534
0.860713
0.860722
0.860676
0.861884
0.861410
0.861391
0.860685
0.858084
0.855823
0.856739
0.859776
0.859271
0.855452
0.853409
0.859724
0.862241
0.862357
0.863088
0.862935
0.863256
0.863233
0.864022
0.863705
0.862677
0.862725
0.862944
0.863568
0.863787
0.862635
0.862831
0.863243
0.863225
0.862978
0.863134
0.862966
0.863956
0.863305
0.863472
0.863468
0.863841
0.863794
0.863521
0.863441
0.863402
0.864471
0.863987
0.863737
0.863716
0.863098
0.863865
0.863600
0.863512
0.863221
0.863866
0.862877
0.861663
0.861237
0.859085
0.858154
0.857608
0.858586
0.858837
0.861703
0.862543
0.861534
0.862429
0.862770
0.862381
0.863397
0.862666
0.863650
0.864225
0.864693
0.862978
0.863934
0.864015
0.865257
0.864380
0.864317
0.864161
0.864457
0.864893
0.864526
0.864600
0.864246
0.865244
0.864503
0.864685
0.864300
0.864819
0.865377
0.864465
0.863849
0.863056
0.864201
0.864531
0.864546
0.865023
0.863528
0.864469
0.864496
0.862420
0.860788
0.861929
0.861356
0.860906
0.861037
0.862443
0.863550
0.863009
0.862963
0.862861
0.863081
0.862973
0.862716
0.863246
0.864157
0.864353
0.863543
0.862943
0.861973
0.861450
0.860301
0.857693
0.856916
0.856085
0.856426
0.855068
0.854469
0.854582
0.854694
0.855607
0.855342
0.855340
0.855818
0.856873
0.856418
0.856899
0.857187
0.857763
0.858995
0.858383
0.858244
0.858016
0.858892
0.859217
0.859090
0.859606
0.857049
0.858636
0.858352
0.858825
0.858196
0.858679
0.857444
0.856306
0.855106
0.853117
0.852813
0.851701
0.850500
0.850169
0.849532
0.847673
0.845147
0.841735
0.838142
0.836291
0.832213
0.829485
0.827373
0.825158
0.823516
0.820356
0.818207
0.816108
0.814568
0.813134
0.811800
0.810525
0.811378
0.812269
0.812222
0.815101
0.816560
0.818917
0.820451
0.820966
0.822467
0.823380
0.826031
0.826295
0.825678
0.825347
0.825573
0.827147
0.827027
0.824289
0.818862
0.818751
0.820405
0.821050
0.819195
0.815041
0.814387
0.815142
0.816825
0.818030
0.816462
0.817067
0.815863
0.817834
0.824094
0.824094
0.825487
0.825176
0.827015
0.832537
0.832692
0.833741
0.834578
0.835610
0.839126
0.838737
0.839103
0.839315
0.840923
0.842630
0.842729
0.843114
0.843646
0.844741
0.845708
0.845962
0.845838
0.847603
0.847550
0.848730
0.849230
0.848984
0.849994
0.849328
0.849949
0.851045
0.850902
0.852271
0.849991
0.849789
0.850378
0.851250
0.849407
0.850937
0.851990
0.853833
0.854205
0.853367
0.853854
0.853326
0.854417
0.854602
0.855211
0.855743
0.855089
0.855618
0.855930
0.856180
0.855797
0.856690
0.856210
0.856990
0.856861
0.857225
0.858169
0.856263
0.856613
0.857421
0.858694
0.859113
0.857757
0.857043
0.857615
0.858546
0.858105
0.858762
0.857867
0.858858
0.858439
0.858435
0.858769
0.857895
0.858920
0.858872
0.859033
0.859175
0.859233
0.858675
0.858927
0.859137
0.858867
0.860649
0.859378
0.859748
0.859271
0.859491
0.860379
0.859447
0.859508
0.859709
0.860646
0.860168
0.860156
0.859076
0.859774
0.860407
0.858056
0.859157
0.857484
0.858016
0.857775
0.857853
0.858107
0.859405
0.859614
0.859123
0.859168
0.858663
0.859845
0.858509
0.858668
0.858788
0.858596
0.859798
0.858990
0.858530
0.858377
0.859056
0.858983
0.859804
0.858470
0.859127
0.859879
0.858862
0.859432
0.858906
0.859026
0.859481
0.859045
0.859148
0.859469
0.859336
0.858939
0.858757
0.858574
0.859451
0.859217
0.858577
0.858749
0.858144
0.859279
0.858847
0.857881
0.858067
0.858038
0.858616
0.858734
0.857862
0.857392
0.858144
0.857727
0.858248
0.858303
0.857777
0.858578
0.857697
0.857729
0.858106
0.858254
0.858291
0.858325
0.857602
0.856745
0.857829
0.855871
0.855711
0.855492
0.857648
0.858731
0.858138
0.857970
0.857420
0.858374
0.857595
0.857646
0.857550
0.857641
0.858487
0.857287
0.856971
0.856431
0.857398
0.856956
0.856681
0.856141
0.856796
0.857352
0.856219
0.855594
0.854251
0.856804
0.856730
0.855979
0.855390
0.853865
0.856292
0.855819
0.855327
0.853947
0.852903
0.854302
0.854772
0.853981
0.852655
0.851041
0.851606
0.852501
0.851924
0.851458
0.849392
0.850139
0.850891
0.850028
0.850115
0.848037
0.849229
0.850619
0.850476
0.849975
0.847634
0.847802
0.850266
0.850873
0.850458
0.849320
0.848244
0.851085
0.851539
0.851011
0.848964
0.846396
0.850726
0.849954
0.849770
0.849194
0.848920
0.851979
0.852017
0.850958
0.851473
0.850682
0.851559
0.852394
0.851337
0.851727
0.850612
0.850917
0.852650
0.851663
0.851837
0.851195
0.850727
0.852622
0.851345
0.851035
0.851434
0.850672
0.852565
0.852123
0.850976
0.851682
0.850423
0.851195
0.853281
0.851663
0.851833
0.850999
0.851991
0.854300
0.852652
0.851627
0.851510
0.853258
0.854623
0.852839
0.851724
0.853463
0.853233
0.854125
0.853373
0.852597
0.854111
0.852605
0.852793
0.855042
0.853510
0.853363
0.852535
0.853686
0.854647
0.853916
0.851195
0.853058
0.853298
0.854194
0.854623
0.852554
0.850960
0.850942
0.851653
0.853222
0.851915
0.850527
0.850900
0.852922
0.854090
0.854154
0.851826
0.853747
0.855252
0.854855
0.854688
0.854065
0.855194
0.854049
0.853363
0.854586
0.855791
0.855212
0.854796
0.854260
0.855255
0.855653
0.853490
0.854062
0.854774
0.853900
0.852608
0.853891
0.853946
0.853839
0.854288
0.854073
0.854982
0.854460
0.853545
0.854015
0.854406
0.854565
0.852536
0.852774
0.854188
0.854496
0.854043
0.852888
0.852572
0.853428
0.852811
0.853032
0.854076
0.853028
0.851792
0.851762
0.851961
0.853803
0.852023
0.850670
0.851598
0.851796
0.852391
0.851087
0.850409
0.850791
0.850961
0.850138
0.850767
0.849363
0.848011
0.848454
0.846655
0.847686
0.847256
0.848902
0.849720
0.849175
0.848584
0.849197
0.849823
0.849630
0.849461
0.848285
0.849680
0.849997
0.849953
0.850146
0.848822
0.849495
0.849752
0.849623
0.850056
0.850120
0.849741
0.850171
0.849292
0.849469
0.850317
0.849522
0.850022
0.849369
0.849425
0.850258
0.849462
0.848572
0.849144
0.850251
0.848293
0.848673
0.849223
0.849810
0.849336
0.847954
0.848297
0.848789
0.850549
0.849580
0.849051
0.849477
0.848679
0.849323
0.849546
0.849956
0.849731
0.850081
0.850109
0.850213
0.849569
0.848181
0.849740
0.850351
0.850488
0.846828
0.849560
0.850093
0.850475
0.847555
0.845829
0.847863
0.846553
0.846770
0.848647
0.849361
0.848573
0.846093
0.847532
0.849057
0.849410
0.847468
0.847953
0.847748
0.848104
0.847993
0.848169
0.848551
0.847502
0.847950
0.848207
0.848794
0.847991
0.847261
0.848764
0.848743
0.848474
0.847937
0.849651
0.848852
0.847839
0.848204
0.847837
0.849597
0.848811
0.848514
0.849380
0.849338
0.848306
0.848343
0.849210
0.849385
0.850098
0.848954
0.849619
0.849288
0.848734
0.849211
0.849386
0.849370
0.849172
0.850258
0.850040
0.850008
0.848853
0.848958
0.850202
0.850548
0.850418
0.850514
0.851101
0.850508
0.850188
0.850486
0.850955
0.851990
0.851213
0.849854
0.849783
0.851364
0.849741
0.850366
0.850210
0.850165
0.851384
0.851235
0.851122
0.850693
0.851005
0.850382
0.850725
0.851282
0.850683
0.851478
0.850706
0.850462
0.850941
0.851384
0.851096
0.850999
0.850763
0.850437
0.852159
0.851900
0.851620
0.850896
0.850846
0.851486
0.851981
0.852200
0.851790
0.852695
0.851715
0.851369
0.851775
0.852039
0.852767
0.852308
0.852069
0.851834
0.852890
0.852125
0.851856
0.851828
0.851685
0.852206
0.852203
0.852348
0.851894
0.852563
0.851389
0.851137
0.851617
0.851740
0.852577
0.851614
0.851082
0.850388
0.851415
0.851526
0.851759
0.851612
0.850924
0.851488
0.851281
0.851498
0.851544
0.851656
0.851671
0.851074
0.851489
0.851603
0.852541
0.851822
0.851471
0.850607
0.851710
0.852641
0.852252
0.851828
0.851442
0.851840
0.851533
0.851727
0.851968
0.851881
0.852270
0.851643
0.851409
0.851110
0.852060
0.851403
0.851247
0.851617
0.851043
0.852281
0.851917
0.851814
0.851394
0.851916
0.851587
0.851796
0.852510
0.852353
0.853481
0.852472
0.852036
0.851706
0.852722
0.853268
0.853358
0.853283
0.852527
0.853296
0.852729
0.853031
0.853563
0.853413
0.853573
0.852968
0.852871
0.853254
0.854461
0.853210
0.853486
0.852740
0.850783
0.851388
0.851046
0.850890
0.849913
0.852079
0.852685
0.852540
0.853287
0.854407
0.853940
0.853385
0.853815
0.853055
0.854300
0.853928
0.853555
0.854566
0.854194
0.855231
0.854961
0.855069
0.854822
0.855875
0.853959
0.854541
0.855106
0.855372
0.856426
0.855047
0.853973
0.854473
0.854425
0.855610
0.855525
0.855082
0.854276
0.853578
0.854596
0.855110
0.854586
0.854499
0.855145
0.854003
0.854043
0.853775
0.854766
0.854862
0.853755
0.853130
0.852935
0.853117
0.853433
0.854018
0.853522
0.853822
0.853565
0.853660
0.852130
0.851879
0.855095
0.854201
0.854273
0.854519
0.854380
0.853050
0.852135
0.853856
0.854432
0.855432
0.855107
0.854539
0.853174
0.851938
0.852351
0.853274
0.854415
0.852534
0.852480
0.852000
0.849703
0.851508
0.851288
0.854510
0.852140
0.852928
0.851735
0.853703
0.853445
0.854242
0.854335
0.854357
0.854470
0.853683
0.853762
0.852899
0.854309
0.853976
0.853357
0.853394
0.853587
0.853937
0.853066
0.853079
0.852941
0.852789
0.852202
0.852259
0.850769
0.851348
0.852516
0.852228
0.851527
0.852150
0.851888
0.851904
0.851495
0.851046
0.851387
0.852329
0.851232
0.851142
0.850649
0.850304
0.851189
0.851200
0.851152
0.850695
0.851407
0.849923
0.849800
0.850341
0.850601
0.851186
0.850308
0.850248
0.850012
0.850467
0.850121
0.850025
0.849980
0.849328
0.851145
0.850414
0.848114
0.847047
0.847951
0.847346
0.848410
0.849925
0.850083
0.849020
0.848173
0.848217
0.848968
0.849912
0.849952
0.849947
0.849526
0.848538
0.850477
0.850686
0.850056
0.850403
0.851094
0.851324
0.850827
0.851358
0.851490
0.852512
0.851603
0.851421
0.852054
0.851935
0.852029
0.852132
0.852551
0.852174
0.853280
0.852593
0.851914
0.852016
0.852239
0.853193
0.853099
0.853260
0.852684
0.852819
0.852123
0.851967
0.853145
0.853613
0.854610
0.853861
0.853317
0.851972
0.853428
0.853983
0.855464
0.853629
0.854058
0.855108
0.854155
0.854274
0.854525
0.855517
0.855695
0.855290
0.855643
0.855411
0.856629
0.854304
0.853819
0.853775
0.854051
0.856307
0.854743
0.853946
0.854445
0.855673
0.855963
0.856267
0.856506
0.856427
0.854858
0.854838
0.855222
0.855436
0.856310
0.855703
0.855720
0.854962
0.854464
0.855652
0.855665
0.855380
0.854930
0.855595
0.855730
0.854381
0.855295
0.855090
0.856241
0.855071
0.855122
0.855070
0.854651
0.854493
0.854595
0.854949
0.854971
0.855668
0.855152
0.854356
0.853053
0.853641
0.854962
0.855104
0.855191
0.854632
0.854815
0.852510
0.852199
0.853830
0.855103
0.855365
0.854573
0.854188
0.852350
0.853132
0.853825
0.854762
0.854939
0.854391
0.855249
0.854419
0.852894
0.853276
0.855293
0.853804
0.852987
0.853301
0.852950
0.854414
0.850165
0.851344
0.853850
0.855808
0.855935
0.855536
0.854061
0.852560
0.853388
0.854536
0.854967
0.854644
0.854802
0.854591
0.853252
0.853187
0.853053
0.854625
0.853397
0.853776
0.853848
0.853590
0.853939
0.852786
0.852813
0.852645
0.853974
0.853706
0.853704
0.853344
0.852945
0.853524
0.853293
0.853010
0.853255
0.854007
0.853299
0.852920
0.853311
0.853350
0.854190
0.853385
0.853319
0.852830
0.853704
0.853690
0.853812
0.853789
0.853216
0.853888
0.853586
0.853657
0.853750
0.854129
0.853990
0.853818
0.854039
0.853803
0.855121
0.854453
0.854169
0.854408
0.855796
0.854858
0.853618
0.853780
0.852606
0.855118
0.854555
0.855459
0.856777
0.856717
0.857177
0.856215
0.856814
0.856944
0.858443
0.857617
0.857494
0.858145
0.857779
0.858781
0.858476
0.858102
0.858112
0.859085
0.859159
0.859268
0.859428
0.858609
0.859041
0.858727
0.859443
0.859354
0.860136
0.859740
0.859324
0.858945
0.859016
0.860421
0.860291
0.860288
0.859995
0.860177
0.860737
0.860633
0.860430
0.860206
0.861107
0.860471
0.860741
0.860797
0.861004
0.861067
0.860124
0.860168
0.860162
0.861430
0.861049
0.860707
0.860280
0.860025
0.860990
0.860649
0.860975
0.860395
0.860730
0.859922
0.860226
0.860556
0.860734
0.859416
0.858718
0.858542
0.858486
0.858833
0.858937
0.859805
0.860518
0.860343
0.861161
0.861034
0.861302
0.861497
0.861922
0.861427
0.861229
0.861188
0.861245
0.862281
0.861359
0.861165
0.861775
0.860790
0.862179
0.861684
0.861197
0.860695
0.862024
0.861604
0.862018
0.861313
0.860106
0.860786
0.859180
0.860514
0.861146
0.862137
0.860984
0.860867
0.861152
0.860783
0.861788
0.861167
0.860829
0.860592
0.861776
0.861543
0.861388
0.861241
0.860819
0.861953
0.861635
0.861322
0.861548
0.862023
0.861607
0.861256
0.861484
0.861306
0.862580
0.861642
0.861315
0.861095
0.861614
0.861712
0.861732
0.861887
0.860863
0.860263
0.859516
0.858632
0.860212
0.859601
0.859920
0.860469
0.861365
0.860904
0.861977
0.861245
0.860909
0.860830
0.860946
0.861738
0.861443
0.861402
0.860848
0.861818
0.861874
0.861642
0.861903
0.861644
0.862226
0.861731
0.861723
0.861888
0.862757
0.862392
0.862041
0.861925
0.861934
0.862834
0.862364
0.862368
0.862105
0.862259
0.862584
0.862398
0.862148
0.861887
0.862798
0.862040
0.862408
0.861198
0.862249
0.862846
0.862203
0.862360
0.861976
0.863118
0.862370
0.862555
0.862210
0.862228
0.863159
0.862985
0.862911
0.862717
0.863565
0.863074
0.862805
0.863060
0.862821
0.863960
0.863623
0.863268
0.862287
0.862065
0.862056
0.861491
0.862584
0.862080
0.863033
0.863383
0.863644
0.863379
0.864262
0.863245
0.863256
0.863569
0.863366
0.864259
0.863881
0.863531
0.863540
0.864097
0.864401
0.864006
0.864087
0.864267
0.864007
0.864254
0.864614
0.864485
0.864483
0.865049
0.864589
0.864541
0.864754
0.865412
0.864974
0.865129
0.865026
0.864519
0.865502
0.864979
0.865127
0.865032
0.865572
0.865220
0.865021
0.864959
0.864615
0.865756
0.865632
0.863409
0.864235
0.864757
0.864561
0.864661
0.864636
0.864144
0.864419
0.864092
0.864311
0.864274
0.864636
0.864224
0.863280
0.865017
0.863202
0.862856
0.862672
0.861182
0.861914
0.862179
0.863187
0.863268
0.862830
0.862765
0.864769
0.864376
0.863572
0.863802
0.863053
0.864463
0.863904
0.863373
0.863168
0.863617
0.863992
0.863937
0.863095
0.863088
0.863648
0.863044
0.863680
0.863169
0.863574
0.863656
0.862875
0.862946
0.863107
0.863898
0.863453
0.863615
0.863301
0.864632
0.863733
0.863460
0.864246
0.864156
0.865119
0.865062
0.865000
0.864936
0.865111
0.865529
0.865393
0.865488
0.865317
0.866284
0.865221
0.865393
0.865669
0.865319
0.866414
0.865644
0.865467
0.865260
0.865968
0.865676
0.865661
0.865509
0.865515
0.866040
0.865469
0.865864
0.864312
0.864934
0.864807
0.864269
0.864747
0.864760
0.865722
0.865461
0.865501
0.865095
0.865776
0.865458
0.865226
0.865522
0.865313
0.866064
0.865744
0.865349
0.865561
0.865730
0.865704
0.865372
0.865404
0.864992
0.866109
0.865679
0.865407
0.865388
0.865332
0.865517
0.865467
0.865304
0.864901
0.865886
0.865234
0.865244
0.865528
0.865359
0.865981
0.865515
0.865338
0.865483
0.866044
0.865933
0.865738
0.865815
0.865744
0.866470
0.866297
0.866300
0.866051
0.866737
0.866784
0.866404
0.866424
0.866443
0.867370
0.866781
0.866939
0.866588
0.866907
0.866897
0.866726
0.866752
0.866788
0.867639
0.867081
0.867002
0.867039
0.867009
0.867506
0.866973
0.867237
0.867085
0.868011
0.867438
0.867438
0.867560
0.867876
0.868462
0.867729
0.867881
0.867919
0.868921
0.868683
0.868583
0.868700
0.868287
0.869249
0.868968
0.868992
0.868933
0.869552
0.869375
0.869002
0.869222
0.869124
0.869909
0.869388
0.869468
0.869406
0.869980
0.869873
0.869259
0.869264
0.869075
0.870064
0.869607
0.869599
0.869477
0.869690
0.869886
0.869674
0.869737
0.869709
0.870702
0.870408
0.869730
0.870164
0.870255
0.871398
0.871000
0.870736
0.870339
0.871341
0.871220
0.871042
0.870978
0.871401
0.870060
0.868536
0.867819
0.868421
0.868338
0.869177
0.869393
0.870653
0.870495
0.872792
0.871316
0.871175
0.870477
0.871146
0.871286
0.872276
0.872946
0.872774
0.873757
0.873273
0.873354
0.873610
0.873919
0.874031
0.873669
0.873891
0.873439
0.874984
0.874818
0.874916
0.874611
0.874780
0.875789
0.875071
0.875329
0.875015
0.875821
0.876138
0.874959
0.875521
0.875624
0.875974
0.875125
0.876148
0.875259
0.876217
0.876039
0.875726
0.875655
0.875981
0.876207
0.875039
0.876656
0.875906
0.877349
0.876741
0.875876
0.876047
0.876763
0.877395
0.876717
0.876547
0.876053
0.877126
0.877475
0.877216
0.877306
0.876980
0.877936
0.877560
0.877820
0.877552
0.877811
0.878223
0.878080
0.878175
0.878433
0.878434
0.876378
0.876198
0.875803
0.877096
0.877376
0.877486
0.878155
0.877960
0.879264
0.878659
0.877732
0.878156
0.878058
0.879338
0.877336
0.878066
0.878204
0.879000
0.878496
0.878659
0.878735
0.878569
0.879258
0.878664
0.878986
0.878968
0.879712
0.879541
0.879220
0.879136
0.879005
0.880051
0.879368
0.879416
0.879456
0.879043
0.879704
0.879548
0.879604
0.879565
0.880129
0.879483
0.879464
0.879457
0.879515
0.879999
0.879421
0.879002
0.878786
0.879855
0.879194
0.879121
0.879161
0.879039
0.879768
0.879183
0.879256
0.878915
0.879732
0.880063
0.878417
0.878497
0.878533
0.879552
0.879124
0.878217
0.878515
0.879143
0.878122
0.877713
0.877815
0.878000
0.878169
0.877726
0.878059
0.878871
0.878097
0.878643
0.878243
0.877233
0.876587
0.878580
0.877632
0.877772
0.877383
0.877480
0.878044
0.877290
0.876835
0.876420
0.877539
0.877057
0.876905
0.876911
0.876531
0.877624
0.876293
0.876605
0.876635
0.876762
0.877262
0.876383
0.876434
0.875128
0.878252
0.876634
0.876259
0.876840
0.876637
0.876692
0.876374
0.876215
0.876269
0.876838
0.876285
0.875958
0.875620
0.876241
0.876838
0.876932
0.877441
0.876913
0.876343
0.877616
0.877284
0.877684
0.877560
0.876349
0.877070
0.877970
0.876496
0.878534
0.877236
0.877205
0.877501
0.876540
0.877007
0.876716
0.877305
0.877926
0.878472
0.877194
0.877056
0.877378
0.878405
0.879187
0.877929
0.876595
0.876310
0.878196
0.878536
0.878348
0.877129
0.876309
0.877257
0.877508
0.877739
0.877619
0.877638
0.877497
0.876979
0.878090
0.877650
0.878517
0.877632
0.877525
0.877435
0.877857
0.878201
0.877829
0.877681
0.877653
0.878706
0.878351
0.878593
0.878720
0.879092
0.879362
0.879148
0.879164
0.878778
0.879793
0.879461
0.879410
0.879737
0.878994
0.880097
0.879532
0.879290
0.878844
0.879809
0.879148
0.878850
0.878866
0.878819
0.879847
0.879265
0.879273
0.878021
0.879341
0.879451
0.879180
0.879247
0.878924
0.879502
0.879058
0.878881
0.878795
0.879088
0.879129
0.878384
0.878723
0.878806
0.879887
0.879290
0.879146
0.879272
0.879664
0.880107
0.879627
0.879601
0.879334
0.880361
0.879776
0.879892
0.879902
0.879838
0.880293
0.879670
0.879600
0.879275
0.880256
0.879818
0.879762
0.879601
0.879313
0.880057
0.879523
0.879319
0.879278
0.879872
0.879514
0.879366
0.879395
0.879102
0.880159
0.879616
0.879182
0.879374
0.880029
0.880033
0.879883
0.879685
0.879324
0.880298
0.879968
0.879774
0.879675
0.879815
0.880211
0.879219
0.879587
0.878877
0.879790
0.878749
0.878384
0.876787
0.876333
0.877129
0.876444
0.876051
0.877164
0.879244
0.877920
0.878052
0.879366
0.876954
0.878560
0.877072
0.878440
0.877838
0.878106
0.877756
0.876938
0.878578
0.878253
0.879227
0.878813
0.879034
0.878767
0.879163
0.878938
0.878891
0.878000
0.878394
0.879217
0.878754
0.878440
0.878453
0.878783
0.878614
0.878342
0.878098
0.877830
0.878877
0.877998
0.878178
0.878142
0.878180
0.878336
0.876983
0.877724
0.877031
0.878355
0.877622
0.877507
0.877687
0.877353
0.878421
0.877343
0.877566
0.877553
0.878365
0.877984
0.877997
0.878125
0.877963
0.878627
0.878176
0.878304
0.877663
0.878609
0.878355
0.878342
0.878461
0.877618
0.878859
0.878382
0.878049
0.877900
0.878470
0.878342
0.878506
0.877837
0.877015
0.877737
0.877030
0.877012
0.876796
0.876907
0.877275
0.876887
0.876801
0.876483
0.877441
0.877467
0.877489
0.877258
0.877426
0.877056
0.877060
0.877415
0.877241
0.877779
0.877683
0.877118
0.877858
0.878357
0.879207
0.878589
0.878631
0.878462
0.878940
0.878710
0.878716
0.877918
0.877315
0.877706
0.878407
0.878457
0.878139
0.878723
0.878478
0.878323
0.878099
0.877399
0.878530
0.877898
0.877693
0.877722
0.877712
0.877478
0.877560
0.877525
0.877301
0.878217
0.877600
0.877467
0.877158
0.877464
0.878239
0.877837
0.877694
0.877607
0.878570
0.877773
0.877675
0.877726
0.877671
0.878484
0.877258
0.877271
0.877205
0.878108
0.877611
0.877308
0.877264
0.877050
0.877808
0.877341
0.877087
0.876728
0.877216
0.877019
0.876417
0.876456
0.876471
0.874848
0.873622
0.873505
0.873174
0.873212
0.874082
0.874946
0.875493
0.873958
0.876290
0.875301
0.874761
0.875047
0.873635
0.876329
0.876236
0.876296
0.875960
0.876671
0.876152
0.875850
0.875217
0.875705
0.876827
0.875722
0.875767
0.875477
0.876259
0.875719
0.875878
0.875485
0.875194
0.876389
0.874336
0.874836
0.875080
0.875408
0.874922
0.874832
0.874682
0.874269
0.875390
0.874636
0.874289
0.874376
0.874609
0.874364
0.874862
0.874472
0.874082
0.875359
0.874293
0.874110
0.874475
0.874915
0.874701
0.874579
0.874829
0.873151
0.874959
0.874780
0.874167
0.874435
0.874178
0.874481
0.874276
0.874555
0.873555
0.874735
0.873913
0.873270
0.873230
0.873783
0.873973
0.873401
0.873275
0.873117
0.872433
0.872220
0.871068
0.871364
0.871515
0.873075
0.872517
0.873598
0.873012
0.873833
0.873623
0.873339
0.873490
0.873497
0.873953
0.873334
0.873463
0.873232
0.873746
0.874028
0.873637
0.873398
0.873263
0.874169
0.873721
0.873814
0.873472
0.873747
0.874087
0.873973
0.873968
0.873908
0.874489
0.874310
0.873985
0.874650
0.874693
0.875602
0.875072
0.875126
0.874885
0.876010
0.876421
0.876483
0.876424
0.876614
0.877380
0.877241
0.877894
0.877781
0.878386
0.878246
0.878184
0.878542
0.879373
0.880276
0.879106
0.879312
0.879042
0.880051
0.880782
0.880283
0.879714
0.879526
0.880523
0.880200
0.881447
0.880019
0.877972
0.878165
0.877709
0.878416
0.879254
0.880621
0.879924
0.879999
0.880072
0.880397
0.881826
0.880866
0.880270
0.879847
0.881277
0.881225
0.881773
0.881292
0.880470
0.881760
0.881130
0.881316
0.881715
0.882113
0.881469
0.881512
0.881372
0.881498
0.882326
0.881898
0.881429
0.881313
0.881600
0.881022
0.881376
0.881221
0.880974
0.881963
0.880954
0.880598
0.881006
0.881070
0.881304
0.881166
0.881032
0.880561
0.881913
0.881588
0.881439
0.881414
0.881520
0.882126
0.881830
0.881925
0.881594
0.882481
0.881876
0.881742
0.881791
0.881669
0.882174
0.881669
0.881415
0.881287
0.882303
0.881653
0.881537
0.881370
0.879217
0.879683
0.878925
0.879491
0.879646
0.880103
0.880244
0.880277
0.880665
0.880676
0.881464
0.880803
0.880722
0.880713
0.881191
0.881404
0.880936
0.880832
0.880767
0.881756
0.881134
0.881310
0.881612
0.881485
0.882127
0.881525
0.881684
0.881565
0.882623
0.882124
0.881931
0.882068
0.881991
0.882604
0.882143
0.882064
0.881839
0.882750
0.882390
0.882118
0.882076
0.882025
0.882779
0.882224
0.882200
0.881820
0.882654
0.882245
0.881996
0.882010
0.881785
0.882660
0.882150
0.882136
0.882021
0.882721
0.882670
0.882369
0.882400
0.882055
0.883242
0.882798
0.882626
0.883031
0.882546
0.880638
0.880978
0.880507
0.881381
0.881900
0.882004
0.882493
0.882699
0.882828
0.883216
0.882706
0.882649
0.882083
0.883055
0.882723
0.882557
0.882262
0.882105
0.882509
0.882431
0.881879
0.882239
0.882806
0.882308
0.882058
0.881992
0.881969
0.882853
0.882191
0.882176
0.881965
0.882720
0.882684
0.882483
0.882476
0.882125
0.882931
0.882365
0.882404
0.882412
0.882818
0.882973
0.882456
0.882541
0.882272
0.883247
0.882465
0.882253
0.882211
0.882255
0.882844
0.882438
0.882290
0.881904
0.883086
0.881122
0.881816
0.882090
0.881813
0.882468
0.881870
0.882278
0.880613
0.882483
0.882120
0.881924
0.882101
0.880451
0.880977
0.880264
0.879956
0.880690
0.881279
0.881337
0.881992
0.882273
0.882017
0.882998
0.882280
0.882777
0.880940
0.882387
0.882589
0.882446
0.882295
0.881957
0.882728
0.882194
0.882090
0.881867
0.881977
0.882109
0.881690
0.881673
0.881499
0.882297
0.881596
0.881632
0.881625
0.881534
0.882202
0.881756
0.881556
0.881524
0.882936
0.881100
0.881671
0.881799
0.881815
0.882542
0.882043
0.882172
0.881793
0.882580
0.882003
0.881941
0.881965
0.881569
0.882425
0.881809
0.881628
0.881466
0.882038
0.881717
0.881286
0.881205
0.881027
0.881894
0.881293
0.880936
0.880522
0.880805
0.880892
0.880795
0.880550
0.878395
0.879121
0.878405
0.878165
0.878707
0.878160
0.879467
0.879349
0.879863
0.880477
0.880660
0.880446
0.880565
0.880464
0.880398
0.881180
0.880682
0.880718
0.880445
0.881231
0.880382
0.880524
0.880421
0.880241
0.881156
0.880305
0.880181
0.880195
0.881018
0.880699
0.880430
0.880147
0.879814
0.880885
0.880439
0.880322
0.880283
0.880604
0.880521
0.880568
0.880352
0.880132
0.881148
0.880648
0.880488
0.880697
0.880706
0.881039
0.880945
0.879979
0.879264
0.880506
0.880664
0.880858
0.880659
0.880745
0.881291
0.880604
0.880873
0.880674
0.881458
0.881041
0.880591
0.880553
0.880533
0.881003
0.880516
0.881084
0.879245
0.878781
0.878618
0.878126
0.877759
0.878629
0.880109
0.879619
0.879889
0.879806
0.880839
0.880090
0.879371
0.879724
0.879620
0.881040
0.880824
0.879773
0.879591
0.880170
0.880681
0.880896
0.880371
0.879380
0.880563
0.880497
0.880682
0.880998
0.880255
0.880155
0.880044
0.880334
0.879942
0.880243
0.879289
0.877827
0.879632
0.879967
0.880871
0.880235
0.878102
0.878967
0.880101
0.880001
0.879956
0.879927
0.878938
0.879762
0.879357
0.879678
0.879555
0.880195
0.878822
0.879089
0.879384
0.879473
0.880446
0.879351
0.879021
0.879037
0.879739
0.879909
0.879689
0.878946
0.878266
0.879346
0.879665
0.879328
0.879692
0.877253
0.876904
0.875967
0.877073
0.877662
0.877680
0.877087
0.877776
0.877307
0.878243
0.878891
0.877715
0.877010
0.876725
0.877902
0.878223
0.876890
0.875705
0.875859
0.877509
0.876997
0.877920
0.877717
0.877891
0.877110
0.876964
0.877215
0.877463
0.878320
0.877038
0.876720
0.876844
0.877397
0.877917
0.877574
0.876746
0.876355
0.877517
0.876807
0.877133
0.877009
0.876856
0.877090
0.876651
0.876088
0.876056
0.877180
0.876148
0.876265
0.876381
0.875909
0.876845
0.876208
0.875893
0.875790
0.876630
0.875967
0.876099
0.875987
0.875682
0.876890
0.876127
0.876087
0.875891
0.876645
0.876079
0.876389
0.875719
0.874509
0.875355
0.874636
0.873734
0.873770
0.875261
0.875039
0.874932
0.874661
0.873894
0.874776
0.874552
0.874352
0.874242
0.874369
0.873759
0.873479
0.873655
0.873260
0.874087
0.873414
0.872896
0.872628
0.872953
0.873922
0.873486
0.873257
0.872405
0.872962
0.872922
0.873299
0.873275
0.873154
0.873283
0.872224
0.871835
0.872633
0.873624
0.873189
0.872601
0.871233
0.871056
0.872703
0.872489
0.872281
0.871501
0.871516
0.870559
0.871185
0.871836
0.871419
0.871687
0.869873
0.869027
0.869585
0.870892
0.871226
0.870240
0.868843
0.868228
0.869153
0.869494
0.869845
0.869703
0.868981
0.868945
0.868949
0.869457
0.869651
0.870758
0.869364
0.869179
0.869487
0.869438
0.870664
0.870407
0.869622
0.868946
0.869972
0.869734
0.869362
0.869464
0.868979
0.869672
0.869306
0.869015
0.868098
0.868771
0.868219
0.867334
0.866989
0.865417
0.865780
0.864732
0.865029
0.865111
0.866498
0.866410
0.865527
0.865210
0.865516
0.867032
0.866995
0.866917
0.866938
0.867708
0.868394
0.868938
0.869908
0.869702
0.870557
0.870264
0.870185
0.871145
0.871780
0.871227
0.870846
0.871348
0.871075
0.873060
0.872766
0.872235
0.872034
0.872631
0.873523
0.873730
0.873753
0.872851
0.873413
0.873641
0.874034
0.872757
0.872173
0.872168
0.871815
0.871365
0.872867
0.875908
0.875671
0.875044
0.875596
0.874800
0.876402
0.876275
0.876327
0.876014
0.876406
0.878048
0.878742
0.878536
0.878316
0.878605
0.878133
0.877964
0.878978
0.879456
0.879310
0.878491
0.878621
0.878342
0.880157
0.879700
0.878749
0.878543
0.878889
0.879165
0.879571
0.879625
0.878144
0.879301
0.879002
0.879371
0.879832
0.879433
0.879390
0.879281
0.879236
0.879470
0.880173
0.880361
0.879193
0.880392
0.879923
0.881149
0.880596
0.880009
0.879489
0.880458
0.880786
0.881362
0.880221
0.879692
0.880590
0.880432
0.880558
0.880757
0.880879
0.880402
0.880367
0.880477
0.880529
0.881510
0.880251
0.879646
0.880215
0.880362
0.881372
0.881301
0.879864
0.877976
0.879633
0.879058
0.879376
0.878836
0.879168
0.879837
0.879806
0.880269
0.880280
0.880548
0.879859
0.880181
0.880314
0.880513
0.881420
0.880104
0.879879
0.880145
0.880978
0.880703
0.880423
0.879801
0.879742
0.880780
0.880155
0.880483
0.880317
0.878774
0.880227
0.880096
0.878654
0.877607
0.879360
0.879417
0.879903
0.879891
0.880153
0.880557
0.879543
0.879769
0.879537
0.880713
0.880572
0.879377
0.879201
0.879275
0.880033
0.879734
0.879489
0.878927
0.879765
0.879740
0.879613
0.879691
0.879936
0.879731
0.879934
0.879961
0.880208
0.880915
0.880537
0.880208
0.880271
0.880278
0.881119
0.879769
0.879967
0.878965
0.879520
0.879513
0.878679
0.879548
0.879045
0.879564
0.879069
0.880166
0.880491
0.881221
0.881677
0.881735
0.880232
0.880936
0.882167
0.881611
0.881609
0.881612
0.881501
0.882106
0.881561
0.881594
0.881189
0.882222
0.881675
0.881539
0.881946
0.881221
0.882490
0.881661
0.881414
0.881159
0.882099
0.881774
0.881546
0.881292
0.881066
0.881801
0.881292
0.881341
0.881020
0.881597
0.881430
0.881146
0.880926
0.880854
0.881821
0.881319
0.881340
0.881270
0.881578
0.881956
0.881631
0.881523
0.881127
0.882299
0.881740
0.881541
0.881652
0.881613
0.882187
0.882377
0.880415
0.881307
0.882130
0.880196
0.879753
0.879433
0.879951
0.880060
0.880026
0.879909
0.880191
0.881661
0.880844
0.881104
0.881030
0.880694
0.881725
0.881100
0.881138
0.880873
0.881637
0.881229
0.881099
0.881042
0.881082
0.881359
0.881116
0.881436
0.881594
0.882059
0.881748
0.881506
0.881336
0.881175
0.882383
0.881953
0.881585
0.880880
0.879944
0.879838
0.881039
0.881361
0.881076
0.882079
0.881462
0.881438
0.881338
0.881098
0.881787
0.881521
0.880768
0.880999
0.881938
0.881231
0.880929
0.880791
0.880675
0.881579
0.881023
0.880967
0.880819
0.881651
0.881205
0.881105
0.881006
0.880905
0.881912
0.881200
0.881309
0.881707
0.880544
0.879812
0.879471
0.879369
0.878642
0.880839
0.881357
0.881415
0.881193
0.881272
0.881417
0.881088
0.880973
0.880840
0.881687
0.881029
0.880787
0.880445
0.880515
0.881366
0.880377
0.881059
0.880600
0.881378
0.880806
0.880621
0.880511
0.880341
0.881271
0.880868
0.880870
0.880830
0.881690
0.881243
0.880880
0.880842
0.880703
0.881481
0.881262
0.881110
0.880988
0.881580
0.881325
0.881136
0.881110
0.880781
0.881698
0.880910
0.880900
0.880757
0.881090
0.881066
0.880525
0.880698
0.880277
0.881422
0.880104
0.880386
0.880295
0.880312
0.880772
0.880371
0.880375
0.880187
0.881483
0.879233
0.880093
0.880502
0.880280
0.879587
0.878721
0.878226
0.878800
0.879683
0.879852
0.880428
0.880455
0.880303
0.880995
0.880929
0.879802
0.880168
0.880830
0.880839
0.880622
0.880339
0.879958
0.880831
0.880294
0.880149
0.879857
0.880136
0.879953
0.879714
0.879706
0.879394
0.880305
0.879810
0.879713
0.879673
0.879812
0.880306
0.879811
0.879821
0.880072
0.879810
0.879697
0.879970
0.880036
0.879914
0.880612
0.880184
0.880083
0.879716
0.880847
0.880420
0.880263
0.879960
0.879855
0.880506
0.880066
0.879979
0.879793
0.880567
0.880057
0.879836
0.879821
0.879711
0.880362
0.879996
0.879047
0.879304
0.879924
0.879776
0.879416
0.879758
0.879171
0.878006
0.877591
0.877438
0.877530
0.878649
0.879671
0.879611
0.880144
0.879124
0.880786
0.879934
0.879707
0.879676
0.879685
0.880268
0.879695
0.879840
0.879678
0.879741
0.879566
0.879384
0.879470
0.879257
0.879824
0.879300
0.879443
0.879073
0.879833
0.879293
0.878986
0.878635
0.878510
0.879560
0.878884
0.878843
0.878512
0.879162
0.879093
0.878847
0.878836
0.878494
0.879616
0.879074
0.878940
0.878851
0.879278
0.879468
0.879195
0.879169
0.878917
0.879855
0.879393
0.879277
0.879220
0.879356
0.879766
0.879285
0.879241
0.878794
0.879991
0.879344
0.879276
0.879132
0.879076
0.879527
0.879223
0.879400
0.878299
0.877300
0.877118
0.876753
0.876870
0.877753
0.877839
0.877805
0.878541
0.878330
0.879486
0.879148
0.879103
0.878974
0.878745
0.879722
0.879304
0.879318
0.879304
0.879547
0.879445
0.879300
0.879497
0.879318
0.880228
0.879512
0.878789
0.879105
0.879228
0.879668
0.879163
0.878843
0.878307
0.879466
0.878916
0.878652
0.878661
0.878170
0.878537
0.878265
0.877982
0.877811
0.878819
0.878018
0.877953
0.878053
0.878004
0.878754
0.878260
0.877832
0.877872
0.878737
0.878764
0.878468
0.878518
0.878025
0.879108
0.878767
0.878565
0.878403
0.879002
0.878720
0.878741
0.878693
0.878848
0.879376
0.876832
0.876893
0.876803
0.876827
0.877110
0.876266
0.878183
0.877963
0.879201
0.878839
0.877659
0.878242
0.878178
0.878669
0.878350
0.878398
0.877866
0.878897
0.877991
0.878084
0.878236
0.878353
0.878777
0.878255
0.877833
0.877982
0.878960
0.878383
0.878271
0.877836
0.877110
0.878506
0.878125
0.878081
0.877776
0.877960
0.877234
0.877697
0.877803
0.877805
0.878600
0.877477
0.877223
0.877759
0.878257
0.878181
0.877781
0.877161
0.876760
0.878360
0.877877
0.877805
0.877790
0.877539
0.877812
0.877740
0.878077
0.877734
0.878806
0.877873
0.877709
0.878026
0.878224
0.879204
0.878374
0.878099
0.877833
0.878794
0.876929
0.877555
0.876845
0.876003
0.876257
0.877092
0.878277
0.878201
0.878773
0.878356
0.877730
0.877769
0.877944
0.878533
0.877965
0.877600
0.877683
0.876552
0.877571
0.877482
0.877394
0.876969
0.877439
0.876896
0.877143
0.877182
0.877241
0.877370
0.876282
0.876531
0.876828
0.877817
0.877275
0.877025
0.876114
0.876306
0.877233
0.876997
0.876854
0.876465
0.876490
0.875915
0.876222
0.876604
0.876236
0.876821
0.875491
0.875076
0.875461
0.876555
0.875995
0.875610
0.874622
0.873930
0.875388
0.875087
0.875373
0.874270
0.874771
0.873837
0.874267
0.874555
0.874388
0.875111
0.874121
0.872968
0.874098
0.873555
0.873760
0.873275
0.872555
0.871596
0.873514
0.873638
0.873351
0.873354
0.872822
0.872329
0.872744
0.873368
0.872963
0.873904
0.872608
0.871233
0.872412
0.872964
0.873432
0.872948
0.871843
0.870551
0.872818
0.872817
0.872692
0.872801
0.870421
0.870686
0.871800
0.872330
0.872020
0.872575
0.870777
0.869752
0.871491
0.871669
0.871933
0.871543
0.870385
0.869691
0.871544
0.872226
0.871760
0.871614
0.870057
0.870256
0.871063
0.871399
0.871434
0.870685
0.869464
0.868808
0.870172
0.870262
0.870984
0.870173
0.868436
0.868248
0.869388
0.870175
0.869464
0.868987
0.867409
0.868418
0.868803
0.869010
0.868789
0.868260
0.867981
0.867515
0.868027
0.868098
0.868946
0.868655
0.866402
0.867033
0.867589
0.868892
0.868387
0.868095
0.866817
0.867276
0.867967
0.868114
0.868278
0.867828
0.867567
0.866691
0.867233
0.867828
0.868134
0.868089
0.866721
0.866256
0.866820
0.868132
0.867741
0.867337
0.866357
0.865499
0.866937
0.867305
0.867254
0.866756
0.866600
0.865818
0.866426
0.866997
0.867174
0.867567
0.866119
0.866278
0.866383
0.868199
0.868260
0.867639
0.866786
0.866669
0.868100
0.868250
0.868360
0.867419
0.867489
0.867499
0.867942
0.868339
0.868211
0.868264
0.866870
0.867856
0.865866
0.865794
0.865620
0.864623
0.863668
0.864660
0.867352
0.866556
0.866039
0.866372
0.866421
0.866238
0.866075
0.866252
0.864578
0.867186
0.866915
0.867131
0.868803
0.866832
0.868041
0.867856
0.867727
0.867653
0.869056
0.868400
0.867887
0.868019
0.867913
0.868911
0.868615
0.867919
0.867653
0.868680
0.868262
0.868473
0.868402
0.867819
0.868704
0.868211
0.868013
0.868462
0.868250
0.867634
0.865219
0.866282
0.867515
0.869135
0.868313
0.867882
0.867782
0.867952
0.868631
0.868382
0.868006
0.867889
0.868607
0.867951
0.868514
0.868592
0.868227
0.868903
0.868329
0.868374
0.868260
0.869241
0.868456
0.868289
0.868329
0.867820
0.869181
0.868371
0.868043
0.867608
0.869013
0.867395
0.866209
0.866793
0.865285
0.866945
0.865474
0.867478
0.867773
0.868176
0.867735
0.867391
0.867377
0.867642
0.868670
0.867912
0.867411
0.867144
0.867493
0.868405
0.868182
0.868130
0.867357
0.868250
0.867718
0.868241
0.868353
0.868376
0.868141
0.867690
0.867906
0.868210
0.869032
0.868335
0.868014
0.866995
0.867903
0.869002
0.868393
0.868173
0.867249
0.868171
0.868001
0.868070
0.868511
0.866588
0.867749
0.867364
0.867666
0.867586
0.868413
0.867742
0.867137
0.867200
0.867434
0.868583
0.867941
0.867580
0.867125
0.867729
0.868213
0.867828
0.867706
0.867229
0.867881
0.867580
0.867857
0.867902
0.868452
0.867092
0.865303
0.865719
0.865577
0.866165
0.867833
0.867668
0.867386
0.867468
0.868533
0.868179
0.867793
0.866418
0.867742
0.867479
0.867715
0.867893
0.867763
0.868348
0.867653
0.867723
0.867743
0.868971
0.868602
0.868171
0.868162
0.867876
0.869211
0.869131
0.868809
0.868714
0.869001
0.868908
0.868851
0.869222
0.868864
0.869535
0.868754
0.868675
0.868754
0.869461
0.869653
0.869017
0.868919
0.868539
0.869931
0.869607
0.869583
0.869398
0.869243
0.869761
0.869511
0.869853
0.869445
0.870344
0.869611
0.869458
0.869775
0.869988
0.870703
0.870073
0.870067
0.870039
0.871074
0.871018
0.870876
0.870880
0.870982
0.871176
0.869406
0.869417
0.869003
0.870737
0.869946
0.870246
0.871763
0.871090
0.872347
0.871973
0.871803
0.871645
0.872132
0.872483
0.871851
0.871993
0.871657
0.872389
0.871955
0.871705
0.871680
0.872201
0.872009
0.872088
0.872303
0.872043
0.872868
0.872389
0.872172
0.872533
0.872620
0.873288
0.872926
0.872940
0.872778
0.873992
0.873617
0.873494
0.873448
0.873349
0.874397
0.874009
0.874155
0.874031
0.874629
0.874360
0.874160
0.874299
0.874153
0.874892
0.874275
0.874282
0.874314
0.874855
0.874754
0.874431
0.874431
0.873622
0.875100
0.874615
0.873979
0.874274
0.874454
0.874988
0.874851
0.874855
0.874946
0.875056
0.872556
0.873252
0.873064
0.873443
0.873636
0.874428
0.875051
0.875178
0.876268
0.875713
0.875626
0.875480
0.874491
0.876794
0.874637
0.875233
0.875140
0.876194
0.876225
0.875662
0.875527
0.875438
0.875998
0.875475
0.875253
0.875173
0.875505
0.875596
0.875207
0.875413
0.875318
0.876234
0.875589
0.875579
0.875535
0.875756
0.875313
0.875990
0.876064
0.875651
0.876912
0.876571
0.876547
0.876462
0.876429
0.876963
0.876979
0.875760
0.875650
0.876841
0.876203
0.875754
0.875933
0.875933
0.876944
0.875755
0.875618
0.875256
0.875749
0.875363
0.875002
0.875733
0.874675
0.876247
0.875058
0.875472
0.875362
0.875642
0.875866
0.875116
0.875491
0.875072
0.876057
0.875515
0.875268
0.874924
0.875865
0.875738
0.875816
0.875685
0.875282
0.876546
0.875892
0.875808
0.875261
0.876154
0.876874
0.875449
0.876333
0.875845
0.876893
0.876284
0.876173
0.876051
0.876452
0.876378
0.876244
0.876002
0.876493
0.877377
0.877451
0.877233
0.876104
0.876727
0.878162
0.877041
0.877512
0.876912
0.876990
0.877927
0.877394
0.877705
0.877596
0.877684
0.877193
0.877260
0.876474
0.877226
0.877611
0.877646
0.877568
0.877514
0.878551
0.877948
0.877839
0.877738
0.877793
0.878120
0.877938
0.877674
0.877641
0.878296
0.877895
0.877754
0.877881
0.877851
0.878233
0.877634
0.877637
0.877455
0.878197
0.878001
0.876986
0.877658
0.877483
0.878233
0.877584
0.877668
0.877365
0.878240
0.877989
0.877845
0.877948
0.877886
0.878667
0.878171
0.878173
0.877991
0.878614
0.878444
0.878278
0.878348
0.878206
0.879279
0.878158
0.878267
0.878176
0.878648
0.878578
0.878326
0.878264
0.878060
0.879012
0.878290
0.878162
0.878002
0.878043
0.878474
0.878063
0.878065
0.877699
0.878725
0.878184
0.878127
0.878126
0.878270
0.878767
0.878227
0.878357
0.877972
0.879127
0.878847
0.878447
0.878452
0.878417
0.879263
0.878807
0.878637
0.878525
0.879288
0.878871
0.878532
0.878581
0.878504
0.878960
0.878732
0.878636
0.878205
0.878798
0.878819
0.878392
0.878220
0.878103
0.879010
0.878516
0.878423
0.878282
0.878485
0.878845
0.878326
0.878364
0.878237
0.879218
0.878758
0.878852
0.878842
0.878806
0.879478
0.879133
0.879149
0.878725
0.879731
0.879458
0.879205
0.879261
0.879254
0.879980
0.879508
0.879688
0.878761
0.879815
0.879558
0.879551
0.879054
0.879212
0.879718
0.877225
0.876620
0.876272
0.876670
0.876040
0.876925
0.878040
0.877804
0.878940
0.878950
0.877279
0.877522
0.877744
0.878990
0.877754
0.877704
0.877578
0.878853
0.878800
0.879062
0.879216
0.879210
0.880010
0.879409
0.879370
0.879198
0.880139
0.879759
0.879489
0.879597
0.879365
0.880075
0.879451
0.879238
0.879199
0.880134
0.879563
0.879515
0.879498
0.879108
0.879928
0.879410
0.879713
0.878437
0.879920
0.879166
0.878455
0.878292
0.878280
0.879859
0.879242
0.879267
0.878910
0.879557
0.879638
0.879424
0.879479
0.879320
0.880220
0.879739
0.879729
0.879881
0.879490
0.879936
0.879802
0.879880
0.879530
0.880601
0.879797
0.879851
0.879902
0.879766
0.880598
0.879800
0.879947
0.879538
0.880347
0.879853
0.879491
0.879402
0.879306
0.879792
0.879422
0.879581
0.879497
0.879967
0.879537
0.879322
0.879433
0.879217
0.880142
0.879586
0.879662
0.879382
0.880159
0.880097
0.879825
0.879429
0.880132
0.879776
0.879819
0.879217
0.879972
0.879257
0.880229
0.879547
0.879958
0.880557
0.881461
0.880905
0.880671
0.880635
0.880638
0.881191
0.880635
0.880432
0.880205
0.881585
0.879920
0.880147
0.880454
0.880100
0.880495
0.879712
0.879001
0.879264
0.880839
0.880607
0.880305
0.880219
0.880085
0.881186
0.880682
0.880783
0.879583
0.880973
0.880833
0.880641
0.880505
0.880392
0.881345
0.880662
0.881003
0.879828
0.880567
0.880873
0.880628
0.880780
0.880309
0.881185
0.880542
0.880485
0.880314
0.880160
0.880598
0.880002
0.879628
0.879452
0.880663
0.877620
0.877222
0.876989
0.876999
0.877013
0.878788
0.879288
0.878880
0.880679
0.879632
0.879433
0.879387
0.878595
0.880325
0.880411
0.881109
0.881062
0.881919
0.881488
0.881697
0.880166
0.880564
0.881637
0.881232
0.881252
0.881230
0.881650
0.881574
0.881212
0.881262
0.881048
0.881752
0.881177
0.881507
0.879999
0.881075
0.881500
0.881044
0.880812
0.880524
0.881664
0.881069
0.880979
0.880931
0.880923
0.881556
0.881053
0.880638
0.881284
0.881519
0.881692
0.881492
0.881329
0.881137
0.881826
0.881347
0.881186
0.881104
0.882579
0.880467
0.881082
0.881070
0.880957
0.881766
0.881224
0.881022
0.880898
0.881394
0.881099
0.880619
0.880637
0.880323
0.881191
0.880605
0.880526
0.880582
0.880870
0.879497
0.878991
0.878351
0.878285
0.878184
0.880221
0.880815
0.880566
0.880776
0.881408
0.880852
0.880882
0.880614
0.881622
0.881191
0.881151
0.881220
0.881054
0.881663
0.881209
0.881221
0.880814
0.881835
0.881143
0.881042
0.881080
0.880917
0.881684
0.880958
0.880820
0.880436
0.881232
0.880977
0.880681
0.880843
0.880157
0.881512
0.880587
0.880502
0.880377
0.880795
0.880749
0.880429
0.880493
0.880165
0.881347
0.880731
0.880574
0.880508
0.880769
0.881136
0.880640
0.880658
0.880424
0.881577
0.881046
0.880880
0.880790
0.880679
0.881327
0.880704
0.880814
0.880332
0.881329
0.880693
0.880644
0.880816
0.880287
0.879546
0.878720
0.878034
0.877317
0.878983
0.880324
0.880308
0.880211
0.880010
0.880997
0.880433
0.880419
0.880145
0.880836
0.880759
0.880566
0.880645
0.880367
0.881143
0.880688
0.880578
0.880469
0.880746
0.881103
0.880620
0.880501
0.880328
0.881213
0.881018
0.879953
0.880506
0.880390
0.880772
0.880297
0.880247
0.879857
0.880663
0.880139
0.879982
0.879736
0.879671
0.880516
0.879788
0.879722
0.879498
0.880318
0.879859
0.879638
0.879664
0.879553
0.880579
0.879900
0.879947
0.879847
0.880445
0.880322
0.879893
0.880010
0.879775
0.880618
0.880101
0.880159
0.879873
0.880388
0.880241
0.879979
0.879888
0.879822
0.878951
0.877894
0.877951
0.877666
0.878129
0.879017
0.878450
0.878244
0.878310
0.879818
0.879442
0.879146
0.879294
0.879083
0.879835
0.879225
0.879140
0.878941
0.879834
0.879480
0.879872
0.878690
0.879008
0.880176
0.879424
0.879781
0.879248
0.879967
0.879759
0.879680
0.878973
0.877572
0.878190
0.878894
0.879276
0.879215
0.879637
0.879496
0.879173
0.878944
0.878801
0.879801
0.878949
0.878881
0.878583
0.879134
0.878442
0.878388
0.878569
0.878290
0.879125
0.878499
0.878457
0.878294
0.878463
0.878831
0.878326
0.878386
0.878258
0.879025
0.878528
0.878235
0.878147
0.878151
0.878780
0.878221
0.878257
0.878307
0.878181
0.876895
0.876113
0.875841
0.875384
0.875796
0.876969
0.876644
0.876472
0.877504
0.877380
0.876928
0.876956
0.876347
0.877187
0.876176
0.875857
0.876517
0.876388
0.876791
0.876148
0.875896
0.875445
0.876639
0.875875
0.875606
0.875583
0.875598
0.875619
0.875650
0.875598
0.874976
0.875833
0.875046
0.875131
0.875089
0.874891
0.875458
0.874717
0.874552
0.874135
0.874996
0.874320
0.873961
0.873474
0.873294
0.874123
0.873560
0.873072
0.872501
0.872663
0.872557
0.872356
0.872253
0.871669
0.872079
0.871622
0.870449
0.870996
0.871241
0.871113
0.870275
0.870185
0.870047
0.871404
0.869650
0.867900
0.867932
0.867420
0.868555
0.867207
0.868648
0.868168
0.869008
0.868554
0.868487
0.868167
0.868444
0.867051
0.866706
0.867062
0.867044
0.867947
0.866684
0.865818
0.865654
0.865650
0.866069
0.865291
0.864727
0.863425
0.864449
0.864284
0.863705
0.863603
0.862687
0.862643
0.862392
0.862226
0.862098
0.862358
0.861441
0.860941
0.860665
0.860671
0.861673
0.860631
0.859542
0.859408
0.860099
0.860049
0.859672
0.859092
0.857679
0.859063
0.858224
0.858092
0.858011
0.857086
0.856701
0.856923
0.856431
0.856307
0.856761
0.854837
0.854452
0.854770
0.854765
0.855216
0.854138
0.852592
0.852905
0.854326
0.852320
0.851379
0.850291
0.849578
0.849659
0.849768
0.851213
0.850788
0.849472
0.850797
0.850055
0.850972
0.850548
0.849833
0.848036
0.848984
0.849079
0.849662
0.849261
0.847009
0.846512
0.846786
0.848174
0.847653
0.846171
0.844177
0.845002
0.845729
0.845169
0.844129
0.841100
0.841337
0.840841
0.840735
0.840544
0.838642
0.836930
0.836812
0.836539
0.836030
0.836159
0.833089
0.831339
0.831046
0.830653
0.831344
0.828705
0.825230
0.824193
0.824919
0.824511
0.823516
0.819981
0.816972
0.817695
0.817916
0.817963
0.815907
0.812146
0.811850
0.810651
0.812092
0.811825
0.810621
0.807485
0.807329
0.806092
0.807956
0.808817
0.805131
0.803380
0.802820
0.803065
0.804282
0.804617
0.803307
0.804573
0.804082
0.804268
0.806036
0.805585
0.805843
0.805621
0.803524
0.805497
0.807517
0.807307
0.807484
0.807202
0.805585
0.809189
0.810726
0.809725
0.811288
0.810651
0.811472
0.814318
0.814592
0.814769
0.816996
0.816773
0.818583
0.821441
0.820354
0.824036
0.823606
0.823827
0.826645
0.827647
0.826998
0.829694
0.829032
0.829433
0.833127
0.831818
0.832195
0.834447
0.833728
0.834849
0.836886
0.834237
0.836221
0.838306
0.837082
0.838232
0.839421
0.837276
0.840984
0.839889
0.839494
0.840923
0.841937
0.839574
0.842959
0.841675
0.840508
0.844396
0.842552
0.839627
0.843599
0.841316
0.840371
0.842694
0.840875
0.842412
0.845742
0.843791
0.843505
0.845001
0.843878
0.845177
0.846387
0.844452
0.844344
0.847003
0.844738
0.847431
0.846908
0.845683
0.847171
0.847839
0.846372
0.849382
0.848393
0.846880
0.848853
0.848764
0.848569
0.851524
0.848607
0.847994
0.849894
0.850120
0.850982
0.850893
0.848687
0.849395
0.851959
0.850533
0.852723
0.850010
0.849362
0.851316
0.851549
0.851981
0.852930
0.851033
0.849898
0.852585
0.852039
0.854351
0.853088
0.850335
0.851676
0.853214
0.854281
0.855557
0.852348
0.850530
0.853880
0.854296
0.855526
0.855120
0.851731
0.851821
0.853678
0.852951
0.855523
0.852467
0.851081
0.853004
0.853840
0.855189
0.855978
0.851508
0.851099
0.853663
0.854158
0.857415
0.853241
0.850109
0.852215
0.854580
0.855739
0.855396
0.850669
0.850271
0.853885
0.854653
0.856394
0.852564
0.849934
0.852051
0.853699
0.854944
0.854303
0.848927
0.849265
0.852702
0.854602
0.855487
0.852346
0.848786
0.851158
0.853039
0.854694
0.852816
0.848411
0.848830
0.851268
0.854177
0.853882
0.849957
0.846091
0.849810
0.852709
0.853555
0.851355
0.846386
0.847180
0.850735
0.853554
0.852585
0.849533
0.845153
0.848719
0.852605
0.852857
0.851673
0.845971
0.846258
0.851029
0.853818
0.852281
0.848277
0.844769
0.849012
0.853504
0.852772
0.850729
0.845025
0.847323
0.851860
0.853021
0.851750
0.847079
0.845494
0.849689
0.852920
0.852526
0.850106
0.844901
0.847148
0.851796
0.852470
0.851947
0.846260
0.844942
0.849705
0.852125
0.852261
0.849167
0.844060
0.847415
0.852491
0.852403
0.850965
0.845921
0.845379
0.851117
0.852548
0.851846
0.848774
0.844806
0.847694
0.852055
0.852279
0.850736
0.846376
0.846463
0.849687
0.851675
0.851890
0.849237
0.844722
0.847895
0.851706
0.852417
0.850669
0.845793
0.845375
0.850046
0.851400
0.850942
0.848264
0.842420
0.846367
0.849638
0.849131
0.849394
0.845094
0.844601
0.847936
0.850108
0.850935
0.849723
0.845098
0.847263
0.850803
0.851486
0.851994
0.848790
0.847288
0.850455
0.853137
0.852239
0.851492
0.847979
0.847993
0.852996
0.852481
0.851883
0.850119
0.848702
0.850816
0.852453
0.852420
0.851691
0.849777
0.849397
0.852058
0.852594
0.852235
0.851838
0.848905
0.850151
0.853724
0.852835
0.853347
0.850472
0.850055
0.852859
0.853553
0.852778
0.852576
0.850533
0.850992
0.853940
0.853372
0.852968
0.852569
0.851117
0.852233
0.854470
0.854161
0.854745
0.853065
0.849638
0.854401
0.855805
0.856012
0.855334
0.853370
0.851830
0.856730
0.856242
0.855778
0.855398
0.850337
0.855254
0.856858
0.856577
0.856076
0.855599
0.851857
0.857168
0.856901
0.856215
0.856954
0.853350
0.853316
0.857383
0.857478
0.856851
0.856867
0.852029
0.856227
0.859665
0.858658
0.858783
0.857987
0.856024
0.860765
0.860405
0.860218
0.859778
0.857229
0.859003
0.860677
0.860546
0.860099
0.860144
0.857047
0.860314
0.861000
0.859424
0.859961
0.858545
0.859347
0.861114
0.861389
0.860729
0.860385
0.858368
0.861318
0.861502
0.861310
0.861119
0.859985
0.861351
0.861700
0.861695
0.861759
0.861912
0.860651
0.861859
0.862266
0.862046
0.862831
0.861731
0.861825
0.862456
0.862641
0.863119
0.862350
0.861562
0.862234
0.863490
0.863331
0.862261
0.860253
0.860335
0.861167
0.861155
0.860993
0.860791
0.861561
0.863046
0.863031
0.863214
0.862892
0.863510
0.863240
0.863558
0.863890
0.863797
0.863963
0.863929
0.864385
0.864260
0.865223
0.864722
0.864554
0.864862
0.865565
0.865607
0.865515
0.865227
0.865040
0.866715
0.865697
0.866256
0.865697
0.865791
0.866404
0.866284
0.866343
0.865993
0.866765
0.866252
0.866683
0.866637
0.866976
0.867038
0.866401
0.866643
0.866963
0.867775
0.867385
0.867037
0.867056
0.867640
0.868229
0.868205
0.867786
0.867277
0.868401
0.868393
0.868194
0.868353
0.867719
0.868579
0.868562
0.868396
0.868395
0.868649
0.868261
0.868719
0.867625
0.866117
0.866987
0.866174
0.866141
0.866175
0.867933
0.867751
0.867860
0.867384
0.867651
0.868744
0.868195
0.868331
0.868572
0.869260
0.870566
0.870168
0.870838
0.870102
0.870366
0.869967
0.869686
0.871013
0.870985
0.872245
0.871979
0.871869
0.871396
0.872317
0.871913
0.871806
0.871761
0.871859
0.872440
0.871876
0.871870
0.871702
0.872214
0.871664
0.871227
0.871335
0.871321
0.872127
0.871719
0.871561
0.871567
0.872015
0.872061
0.871769
0.871753
0.871289
0.872230
0.871955
0.871567
0.871785
0.871677
0.872245
0.872086
0.871964
0.871547
0.872637
0.871940
0.871956
0.872121
0.871699
0.872476
0.871605
0.871749
0.871094
0.870059
0.869566
0.868952
0.867890
0.869939
0.871477
0.870778
0.870542
0.870177
0.870944
0.870492
0.869908
0.869780
0.869401
0.869988
0.869108
0.869851
0.869340
0.870724
0.870726
0.870716
0.870996
0.870858
0.871793
0.871202
0.871348
0.871479
0.871710
0.872051
0.871661
0.871496
0.871516
0.872536
0.871987
0.871859
0.871987
0.872028
0.872747
0.872136
0.871773
0.871598
0.872588
0.872127
0.872013
0.871827
0.871603
0.872374
0.871996
0.871863
0.871268
0.872006
0.871614
0.871212
0.871191
0.870638
0.871108
0.870616
0.869273
0.869960
0.870931
0.870715
0.870419
0.870991
0.870574
0.869902
0.869736
0.868695
0.869573
0.871168
0.871969
0.871890
0.872112
0.870301
0.872459
0.872000
0.872295
0.872899
0.870919
0.872463
0.872137
0.872667
0.872833
0.873203
0.872627
0.872799
0.872567
0.872594
0.873260
0.872483
0.872179
0.872270
0.873333
0.873165
0.872806
0.872862
0.872793
0.873362
0.873250
0.873290
0.872868
0.873654
0.874175
0.872514
0.873470
0.873406
0.874120
0.873787
0.873690
0.873595
0.874330
0.874255
0.873859
0.873901
0.873577
0.874373
0.873935
0.873704
0.873675
0.873993
0.874276
0.874065
0.873947
0.873432
0.874543
0.873807
0.873803
0.874241
0.873026
0.873924
0.873753
0.873892
0.872775
0.872829
0.871974
0.871735
0.870930
0.873299
0.874285
0.873617
0.873601
0.873587
0.874987
0.873830
0.874637
0.874488
0.873981
0.875000
0.874314
0.874252
0.874223
0.874669
0.875044
0.873390
0.873926
0.874051
0.875206
0.874314
0.874183
0.874388
0.874443
0.874651
0.874237
0.873961
0.873771
0.874607
0.873978
0.874063
0.874112
0.873967
0.874751
0.874026
0.874147
0.874033
0.874858
0.874277
0.874380
0.874230
0.874220
0.875250
0.874406
0.874422
0.874324
0.874983
0.874746
0.874758
0.874642
0.874509
0.875237
0.874530
0.874625
0.874467
0.874903
0.874826
0.874415
0.874299
0.874375
0.875182
0.874428
0.874698
0.873421
0.872192
0.873046
0.871996
0.872001
0.872054
0.873814
0.874404
0.874307
0.873920
0.874097
0.874703
0.873297
0.873959
0.873966
0.874887
0.874376
0.874388
0.874212
0.874448
0.875026
0.874507
0.874504
0.874229
0.875146
0.874990
0.874657
0.874680
0.874418
0.875189
0.874810
0.874791
0.874491
0.875256
0.875124
0.874792
0.874865
0.874535
0.875385
0.874774
0.874687
0.874500
0.875193
0.875235
0.875062
0.875046
0.874673
0.875739
0.875143
0.875142
0.875177
0.875354
0.875660
0.875521
0.875700
0.875221
0.876175
0.875553
0.875508
0.875694
0.875548
0.876307
0.875884
0.875801
0.875576
0.876408
0.875832
0.876209
0.875543
0.873981
0.874483
0.873446
0.873752
0.875287
0.876223
0.875850
0.875686
0.876147
0.874954
0.876273
0.875974
0.875782
0.875463
0.876244
0.876140
0.875914
0.876182
0.875883
0.876837
0.876508
0.876242
0.876451
0.876911
0.876859
0.876683
0.876697
0.876543
0.877534
0.876908
0.876961
0.876946
0.877013
0.877699
0.877013
0.876867
0.876729
0.877796
0.877148
0.877156
0.877031
0.876961
0.877602
0.877011
0.876799
0.876508
0.877386
0.876960
0.876780
0.876887
0.876843
0.877588
0.877034
0.876979
0.876872
0.877646
0.877393
0.877212
0.877302
0.877162
0.878087
0.877861
0.877258
0.877754
0.878097
0.878080
0.878308
0.876982
0.875839
0.876575
0.875859
0.876005
0.877612
0.878060
0.878223
0.877871
0.877886
0.877619
0.878683
0.877928
0.877780
0.877653
0.877617
0.878326
0.877665
0.877735
0.877568
0.878465
0.877858
0.877868
0.877859
0.877626
0.878490
0.878054
0.878092
0.877788
0.878667
0.878379
0.878271
0.878240
0.878169
0.879048
0.878318
0.878493
0.878391
0.879062
0.878787
0.878439
0.878279
0.878127
0.879130
0.878476
0.878390
0.878224
0.878529
0.878845
0.878364
0.878234
0.877866
0.878642
0.878003
0.878073
0.877975
0.878425
0.877802
0.878127
0.878083
0.877784
0.878717
0.878249
0.878032
0.878114
0.878192
0.879315
0.877828
0.877109
0.876774
0.877523
0.877474
0.877547
0.877501
0.877282
0.878125
0.877573
0.877767
0.877386
0.877928
0.877575
0.877402
0.877479
0.877187
0.877982
0.877476
0.877264
0.877110
0.877466
0.877380
0.877123
0.877078
0.876811
0.877774
0.877167
0.876954
0.876795
0.876826
0.877271
0.877028
0.877069
0.876797
0.877690
0.877175
0.877286
0.877343
0.877362
0.877848
0.877402
0.877256
0.877101
0.878084
0.877768
0.877030
0.876657
0.877126
0.878419
0.876623
0.876934
0.876874
0.877836
0.877875
0.877237
0.877255
0.876840
0.877664
0.877035
0.876819
0.876583
0.876759
0.876841
0.876632
0.876777
0.876459
0.877294
0.876705
0.876525
0.876611
0.876884
0.877225
0.876719
0.877159
0.876104
0.876946
0.876917
0.876746
0.876891
0.876786
0.877539
0.876998
0.877116
0.876541
0.877607
0.877053
0.877045
0.876333
0.876507
0.877334
0.876732
0.876823
0.876454
0.877203
0.876722
0.876384
0.876277
0.876172
0.877025
0.876084
0.876293
0.876054
0.876600
0.876477
0.876126
0.876211
0.875715
0.876669
0.876427
0.876163
0.876148
0.876399
0.876456
0.876423
0.876192
0.876097
0.876991
0.876333
0.876247
0.876458
0.876299
0.876634
0.876143
0.876494
0.874984
0.876781
0.875883
0.875606
0.875977
0.873401
0.873812
0.873095
0.872753
0.871526
0.873985
0.874595
0.874946
0.873979
0.875052
0.875055
0.874487
0.873461
0.874794
0.875781
0.876195
0.876043
0.875847
0.876036
0.877479
0.875564
0.875925
0.875804
0.876364
0.876877
0.876344
0.876192
0.876083
0.876798
0.876632
0.876356
0.876206
0.875937
0.876231
0.875946
0.876237
0.875649
0.876615
0.875975
0.875812
0.875925
0.875802
0.876070
0.875658
0.875974
0.874047
0.876094
0.875691
0.875652
0.875804
0.875186
0.875976
0.875641
0.875274
0.875052
0.875841
0.875341
0.875505
0.875561
0.875337
0.876108
0.875320
0.875484
0.875651
0.875898
0.875841
0.875590
0.875272
0.875560
0.876871
0.874720
0.875151
0.875190
0.875359
0.876257
0.875432
0.875572
0.873546
0.873800
0.873303
0.872814
0.874031
0.874363
0.875080
0.874629
0.875260
0.874678
0.875250
0.874841
0.874667
0.874584
0.875300
0.875399
0.874830
0.875180
0.873711
0.875415
0.875376
0.874766
0.874928
0.874452
0.875282
0.875546
0.875052
0.874546
0.875150
0.874780
0.874645
0.875246
0.874849
0.874796
0.874730
0.874266
0.874503
0.875242
0.874442
0.873954
0.873618
0.873507
0.875252
0.874088
0.873843
0.873487
0.873402
0.874129
0.874415
0.873682
0.873237
0.874007
0.873334
0.873795
0.874240
0.873566
0.874150
0.873339
0.873381
0.873817
0.874503
0.873649
0.873238
0.873169
0.873185
0.874536
0.873483
0.873672
0.870997
0.871508
0.871242
0.870870
0.872266
0.872387
0.873284
0.872582
0.872998
0.872346
0.872459
0.872266
0.871885
0.871877
0.872045
0.872699
0.871918
0.871661
0.871681
0.872323
0.872449
0.871785
0.871631
0.871533
0.872622
0.872412
0.872076
0.871896
0.871475
0.872444
0.872070
0.872077
0.871496
0.872339
0.871826
0.871732
0.872100
0.871641
0.872064
0.871484
0.871284
0.871448
0.872121
0.871456
0.871158
0.870985
0.870633
0.872052
0.871065
0.870851
0.870533
0.871273
0.871507
0.870979
0.870763
0.870258
0.871249
0.870871
0.871425
0.870728
0.871003
0.871211
0.871119
0.871431
0.871037
0.871677
0.871647
0.870286
0.869297
0.869751
0.869731
0.869473
0.870470
0.870931
0.872381
0.871095
0.871047
0.870872
0.870942
0.871868
0.871561
0.871310
0.870591
0.871223
0.870993
0.870805
0.871307
0.870567
0.871022
0.871031
0.870550
0.871025
0.871854
0.870912
0.870475
0.870680
0.870783
0.871954
0.871095
0.871001
0.870514
0.871401
0.871456
0.871773
0.871270
0.870711
0.871446
0.871574
0.871416
0.871866
0.871392
0.871370
0.870897
0.871514
0.871468
0.872130
0.871245
0.870571
0.871053
0.871381
0.872430
0.871073
0.870610
0.870119
0.872383
0.870110
0.871068
0.870882
0.870317
0.870852
0.871494
0.871180
0.870712
0.871696
0.869681
0.868594
0.869050
0.869982
0.869555
0.870075
0.870448
0.870706
0.872195
0.871921
0.871345
0.870864
0.870193
0.872244
0.871064
0.871523
0.870052
0.870689
0.870607
0.871493
0.872264
0.870788
0.871481
0.870348
0.870169
0.870805
0.871315
0.871097
0.869962
0.869476
0.869576
0.871728
0.871080
0.870556
0.869976
0.869496
0.870817
0.871404
0.870754
0.870449
0.870994
0.869789
0.870790
0.871613
0.870745
0.871314
0.870227
0.869945
0.870687
0.872260
0.871143
0.871069
0.869601
0.868783
0.870858
0.870191
0.869884
0.868693
0.868940
0.869608
0.870384
0.869628
0.868447
0.868621
0.867426
0.868165
0.869197
0.868829
0.868605
0.867335
0.867342
0.867820
0.869380
0.868513
0.867774
0.867004
0.867085
0.868732
0.867937
0.868576
0.867243
0.868149
0.868152
0.868379
0.868647
0.867578
0.868207
0.866998
0.867320
0.867682
0.868250
0.867761
0.868202
0.866427
0.867863
0.868951
0.867491
0.867171
0.865694
0.866786
0.867501
0.867406
0.866743
0.865167
0.865096
0.866230
0.867391
0.867986
0.868107
0.866711
0.865958
0.866975
0.867281
0.868617
0.866297
0.866464
0.865744
0.867303
0.867895
0.866883
0.865951
0.864043
0.864749
0.865566
0.866386
0.866515
0.865102
0.863464
0.864424
0.865145
0.865575
0.866047
0.863408
0.861273
0.863741
0.864348
0.865332
0.863800
0.860209
0.859568
0.862896
0.863377
0.863128
0.862247
0.856411
0.859548
0.861155
0.861800
0.861703
0.860178
0.855346
0.857996
0.859894
0.860505
0.861419
0.857670
0.854212
0.856898
0.858102
0.859401
0.858856
0.855418
0.853632
0.856046
0.856430
0.857038
0.855702
0.853136
0.852659
0.852271
0.853675
0.853519
0.853343
0.850807
0.849848
0.849084
0.851673
0.851860
0.849894
0.849007
0.848141
0.849035
0.851458
0.850527
0.849414
0.849048
0.849450
0.849674
0.851635
0.850818
0.850741
0.850731
0.849983
0.851452
0.852096
0.852752
0.851466
0.851354
0.850825
0.852491
0.852752
0.851989
0.851130
0.850772
0.850779
0.851768
0.850844
0.850755
0.850207
0.850233
0.849921
0.850157
0.849424
0.850232
0.849826
0.849563
0.849944
0.850316
0.851157
0.850860
0.851052
0.850987
0.852293
0.852078
0.852345
0.852733
0.853032
0.854247
0.854245
0.854217
0.854628
0.855363
0.855639
0.855499
0.856104
0.856017
0.857427
0.857307
0.857432
0.857649
0.858609
0.858370
0.858476
0.859304
0.859373
0.860639
0.860693
0.860580
0.860789
0.861235
0.861632
0.859773
0.859528
0.860155
0.860957
0.860152
0.861476
0.863252
0.863787
0.864881
0.865669
0.864463
0.864220
0.865539
0.866466
0.865850
0.866202
0.866122
0.867252
0.867572
0.868334
0.868306
0.869441
0.869339
0.869458
0.869523
0.869433
0.870548
0.870236
0.869786
0.870297
0.870554
0.870799
0.870953
0.870876
0.870588
0.871834
0.870985
0.871297
0.871357
0.871595
0.871621
0.871416
0.871720
0.870673
0.872338
0.871099
0.871785
0.871646
0.871834
0.872506
0.871828
0.872067
0.871458
0.872641
0.872132
0.871954
0.871931
0.871741
0.872545
0.872010
0.872086
0.871537
0.872399
0.872039
0.871933
0.871555
0.871611
0.872352
0.871784
0.871814
0.871615
0.872273
0.872113
0.871580
0.871655
0.870978
0.872141
0.871475
0.870481
0.871223
0.871221
0.872091
0.871409
0.871328
0.870873
0.871885
0.871432
0.871392
0.871227
0.871498
0.871586
0.871340
0.871326
0.871035
0.871993
0.871415
0.871481
0.871112
0.871593
0.871687
0.871677
0.871596
0.870913
0.871956
0.871923
0.871121
0.870475
0.870730
0.871700
0.871202
0.870159
0.870302
0.870671
0.870818
0.871200
0.870367
0.870450
0.871415
0.870969
0.870450
0.870103
0.869859
0.870463
0.870711
0.870615
0.870056
0.871031
0.870513
0.870282
0.870651
0.870816
0.871781
0.871604
0.871801
0.871769
0.872927
0.872578
0.872916
0.873176
0.872980
0.872986
0.873008
0.873143
0.873386
0.874252
0.873666
0.873452
0.873255
0.873207
0.874036
0.873386
0.873335
0.873040
0.873451
0.873584
0.873892
0.873321
0.873051
0.874417
0.871757
0.871049
0.871091
0.871566
0.870880
0.872870
0.873487
0.873495
0.874186
0.875113
0.874135
0.874350
0.874266
0.875758
0.874982
0.875854
0.876294
0.876756
0.876520
0.876642
0.876706
0.876759
0.877302
0.876872
0.877051
0.876789
0.877534
0.876901
0.876741
0.876818
0.877344
0.875992
0.876617
0.876814
0.876679
0.877551
0.877187
0.876974
0.876977
0.876738
0.877749
0.877250
0.877267
0.877179
0.877590
0.876977
0.875936
0.875866
0.877271
0.878258
0.877604
0.877578
0.877610
0.877734
0.877942
0.878214
0.876274
0.876951
0.878202
0.877734
0.877472
0.877467
0.877443
0.878013
0.877264
0.877078
0.876728
0.877682
0.876746
0.876739
0.876940
0.876991
0.877582
0.876876
0.876991
0.876690
0.878128
0.876588
0.875520
0.875312
0.875286
0.875762
0.875306
0.876363
0.876991
0.877870
0.877429
0.877221
0.877603
0.876714
0.877849
0.877376
0.877148
0.876763
0.876764
0.877302
0.877216
0.877207
0.876719
0.877709
0.877070
0.876829
0.877019
0.876080
0.875672
0.875063
0.875918
0.875563
0.877090
0.876818
0.876875
0.876560
0.876451
0.876973
0.876462
0.876464
0.876305
0.877587
0.876583
0.875698
0.875172
0.875081
0.877294
0.876817
0.876687
0.876358
0.877152
0.876830
0.876802
0.876595
0.876825
0.876318
0.876446
0.876520
0.876358
0.876659
0.876612
0.876392
0.876259
0.875976
0.876573
0.875995
0.875896
0.875717
0.875806
0.876750
0.874313
0.874258
0.873574
0.874306
0.874348
0.874977
0.875682
0.875822
0.876416
0.876316
0.875270
0.875540
0.876566
0.876088
0.875946
0.875865
0.875928
0.876456
0.876029
0.875807
0.875464
0.876427
0.875751
0.875961
0.874664
0.874743
0.876368
0.875787
0.875478
0.875179
0.875551
0.875196
0.875042
0.875044
0.875231
0.875051
0.874816
0.874565
0.874856
0.875071
0.875120
0.874782
0.874584
0.874406
0.875471
0.874897
0.874830
0.874780
0.874844
0.875286
0.875053
0.874791
0.874583
0.875626
0.875007
0.875070
0.874860
0.874729
0.875499
0.875053
0.874500
0.874341
0.875155
0.874789
0.874599
0.874531
0.874661
0.875120
0.872527
0.872204
0.871666
0.872264
0.873109
0.873820
0.873941
0.873638
0.874445
0.873747
0.873790
0.873683
0.874015
0.874058
0.873737
0.873901
0.873671
0.874477
0.873885
0.873731
0.873899
0.874318
0.874460
0.873914
0.873996
0.873451
0.874490
0.874081
0.873825
0.873730
0.873571
0.874046
0.873725
0.873775
0.873323
0.874206
0.873393
0.873202
0.873232
0.872925
0.873851
0.873476
0.872917
0.872803
0.873824
0.873134
0.873044
0.872993
0.872455
0.873597
0.873228
0.872893
0.872929
0.873410
0.873404
0.873024
0.873080
0.872843
0.873930
0.873115
0.873020
0.873054
0.873384
0.873451
0.873138
0.872844
0.872812
0.873712
0.871293
0.871055
0.870497
0.870079
0.872843
0.872869
0.872746
0.871644
0.872771
0.872183
0.872188
0.872101
0.871373
0.872982
0.871676
0.872296
0.872086
0.872585
0.872339
0.872151
0.871985
0.872043
0.872903
0.872556
0.872009
0.872049
0.872582
0.872527
0.872406
0.872328
0.872111
0.872867
0.872372
0.872368
0.872321
0.872600
0.872619
0.872279
0.872229
0.871918
0.872880
0.872130
0.872092
0.872181
0.872067
0.872355
0.871891
0.872108
0.871766
0.872527
0.872095
0.871828
0.871861
0.871534
0.872222
0.872238
0.871121
0.871384
0.872525
0.872102
0.872087
0.872130
0.872068
0.872589
0.872144
0.872044
0.872346
0.872846
0.870752
0.870002
0.870094
0.870286
0.870927
0.871518
0.871812
0.870696
0.872350
0.872051
0.872612
0.872124
0.871755
0.872632
0.872096
0.871612
0.871861
0.871792
0.872153
0.871142
0.871655
0.871454
0.872622
0.871828
0.871704
0.871806
0.871764
0.872586
0.872137
0.872061
0.872173
0.871982
0.872029
0.872327
0.872347
0.872092
0.872831
0.872478
0.872378
0.872366
0.873042
0.872556
0.872508
0.872396
0.872025
0.872993
0.872411
0.872004
0.872091
0.872750
0.872235
0.872188
0.871791
0.871434
0.872732
0.872304
0.871010
0.871546
0.872018
0.872096
0.871921
0.871757
0.871538
0.872927
0.871239
0.870101
0.870216
0.870002
0.869986
0.870720
0.872226
0.871526
0.873074
0.872186
0.872232
0.872050
0.871940
0.872672
0.872200
0.871703
0.871850
0.872415
0.871741
0.871637
0.871438
0.870935
0.871845
0.870882
0.870541
0.870299
0.870297
0.870080
0.869686
0.869319
0.868983
0.869970
0.869071
0.868907
0.868613
0.868908
0.868947
0.868636
0.868303
0.868258
0.869195
0.868668
0.868343
0.868324
0.868267
0.869082
0.868567
0.868480
0.868281
0.869236
0.868637
0.868755
0.868534
0.868502
0.869222
0.868542
0.868586
0.868493
0.869140
0.868704
0.868716
0.868452
0.868430
0.869007
0.868388
0.868602
0.868399
0.869395
0.868089
0.866574
0.867003
0.866861
0.868034
0.866627
0.866930
0.868337
0.869304
0.869212
0.868965
0.869193
0.868925
0.869793
0.869456
0.869276
0.869305
0.869698
0.869814
0.869603
0.869525
0.869256
0.870433
0.869820
0.869545
0.869712
0.869498
0.870223
0.869950
0.869768
0.869741
0.870774
0.870142
0.869983
0.869948
0.869877
0.870823
0.870210
0.870222
0.870332
0.871134
0.870833
0.870933
0.870835
0.870898
0.871946
0.871364
0.871415
0.871525
0.872251
0.872368
0.872041
0.872132
0.872218
0.873106
0.872805
0.872852
0.872716
0.873207
0.873454
0.873060
0.873199
0.872574
0.873933
0.872823
0.873188
0.873148
0.873572
0.872517
0.870965
0.871087
0.870330
0.872523
0.871403
0.870768
0.872478
0.872750
0.873320
0.873006
0.872740
0.872480
0.873520
0.873011
0.872993
0.873130
0.873021
0.873823
0.873427
0.873292
0.873294
0.873827
0.873557
0.873436
0.873622
0.873207
0.874223
0.873569
0.873475
0.873785
0.873162
0.873856
0.873160
0.873333
0.873271
0.874189
0.873564
0.873630
0.873265
0.873357
0.873734
0.873199
0.873003
0.872933
0.873933
0.873392
0.873358
0.873244
0.873338
0.873994
0.873503
0.873572
0.873358
0.874340
0.873995
0.873761
0.873551
0.873575
0.874757
0.873959
0.873768
0.873715
0.874611
0.874247
0.874039
0.874125
0.874138
0.873789
0.872775
0.872828
0.872395
0.873504
0.873396
0.873178
0.873026
0.872694
0.873466
0.873039
0.872861
0.872869
0.873172
0.873314
0.873044
0.872915
0.872555
0.873659
0.872905
0.872884
0.872837
0.872795
0.873566
0.873194
0.873130
0.872953
0.873699
0.873424
0.873354
0.873284
0.873145
0.873851
0.873431
0.873463
0.873205
0.873933
0.873767
0.872637
0.873066
0.873089
0.873968
0.873418
0.873241
0.873079
0.873479
0.873390
0.872953
0.872948
0.872684
0.873484
0.872988
0.873134
0.872495
0.873223
0.873297
0.873000
0.872962
0.872735
0.873790
0.873342
0.873148
0.873251
0.873346
0.873727
0.873390
0.873309
0.872946
0.874019
0.873539
0.873520
0.873469
0.873454
0.874064
0.873568
0.873309
0.873031
0.874059
0.873654
0.873363
0.873333
0.873288
0.873924
0.873363
0.873093
0.872921
0.873715
0.873487
0.873020
0.873155
0.872886
0.873863
0.873214
0.873164
0.872923
0.873503
0.872928
0.873241
0.873191
0.873013
0.874084
0.873465
0.873457
0.873458
0.873711
0.873871
0.873434
0.873528
0.873325
0.874151
0.873629
0.873547
0.873581
0.873004
0.874088
0.873160
0.872783
0.873252
0.873967
0.873423
0.873291
0.872964
0.872884
0.873608
0.873011
0.872971
0.872455
0.873030
0.873600
0.871046
0.870172
0.869996
0.870765
0.869917
0.870400
0.871879
0.872869
0.873218
0.872489
0.872908
0.872186
0.872974
0.872545
0.872710
0.873164
0.873706
0.873798
0.873323
0.873559
0.873142
0.874068
0.872968
0.873180
0.873330
0.873271
0.873660
0.873432
0.873157
0.872858
0.872812
0.872732
0.872497
0.873114
0.871972
0.873088
0.872989
0.872632
0.872124
0.873583
0.872527
0.873237
0.872134
0.872676
0.873490
0.873247
0.873169
0.872577
0.872997
0.872402
0.872786
0.872561
0.872384
0.873176
0.872636
0.872548
0.872311
0.873130
0.872473
0.872411
0.872419
0.872244
0.872989
0.872431
0.872475
0.872223
0.872335
0.872646
0.872179
0.872048
0.872177
0.873086
0.872307
0.872248
0.871565
0.871828
0.872464
0.871696
0.872158
0.871722
0.873541
0.872886
0.874040
0.874975
0.873291
0.874664
0.874375
0.874365
0.874051
0.875024
0.874684
0.874412
0.874647
0.874164
0.875151
0.874601
0.874294
0.873708
0.874830
0.874621
0.874323
0.874517
0.874132
0.874981
0.874302
0.873793
0.873923
0.874414
0.874393
0.874006
0.873874
0.873552
0.875044
0.874570
0.873828
0.873948
0.873834
0.874327
0.874198
0.874104
0.873747
0.874900
0.874176
0.874245
0.874337
0.874181
0.874711
0.874364
0.874143
0.874007
0.875232
0.874535
0.874277
0.874335
0.873770
0.874945
0.874346
0.874148
0.873837
0.874458
0.874236
0.874103
0.874456
0.873227
0.872262
0.872535
0.872268
0.871943
0.871884
0.872951
0.873687
0.873491
0.873352
0.874509
0.873870
0.873606
0.873898
0.873653
0.874576
0.873860
0.873901
0.873558
0.874709
0.873867
0.874037
0.874237
0.873995
0.874511
0.874122
0.873971
0.873815
0.874672
0.873876
0.874290
0.873271
0.873908
0.874890
0.873928
0.873621
0.873305
0.873914
0.873685
0.873598
0.873407
0.873156
0.874116
0.873440
0.873498
0.873272
0.873616
0.873640
0.873432
0.873371
0.873240
0.874185
0.873569
0.873494
0.873560
0.873814
0.874104
0.873677
0.873361
0.873247
0.874310
0.873778
0.873695
0.873576
0.873521
0.874197
0.873357
0.873474
0.873577
0.873697
0.871459
0.871723
0.871152
0.871032
0.871110
0.871615
0.872371
0.872062
0.873197
0.872910
0.872666
0.872547
0.872578
0.873223
0.872582
0.872623
0.872304
0.873011
0.872905
0.872825
0.872805
0.872392
0.873275
0.872753
0.873070
0.872955
0.872828
0.873031
0.872791
0.872830
0.872676
0.872933
0.871247
0.870129
0.871583
0.872423
0.873100
0.872526
0.872304
0.871893
0.872821
0.872257
0.871902
0.871856
0.871657
0.872789
0.871184
0.871835
0.871449
0.872329
0.871523
0.871367
0.871728
0.871398
0.872187
0.871493
0.871231
0.871312
0.872166
0.871733
0.871357
0.871217
0.871069
0.872005
0.871412
0.871161
0.871432
0.869865
0.869557
0.869191
0.868977
0.867307
0.870640
0.870424
0.870672
0.870406
0.870237
0.870401
0.869938
0.869802
0.869751
0.870254
0.869189
0.869161
0.868895
0.869917
0.869973
0.869505
0.868919
0.868684
0.870005
0.869698
0.869153
0.868320
0.868391
0.870196
0.868792
0.869488
0.868269
0.868818
0.868779
0.869098
0.869516
0.868958
0.868549
0.868182
0.868497
0.868980
0.869512
0.868247
0.867269
0.867764
0.867684
0.869570
0.868486
0.867025
0.867022
0.867171
0.868068
0.868343
0.867341
0.866258
0.867650
0.866782
0.867791
0.867375
0.865899
0.866835
0.866697
0.865457
0.866962
0.866975
0.865903
0.866619
0.865386
0.864236
0.865043
0.863086
0.863945
0.863745
0.864436
0.865918
0.865158
0.864785
0.864955
0.865484
0.864081
0.864929
0.864086
0.865466
0.863614
0.863498
0.864134
0.863348
0.863756
0.862986
0.862433
0.861996
0.862762
0.861986
0.862173
0.862039
0.861272
0.862465
0.861831
0.861623
0.861990
0.861872
0.862311
0.862495
0.862632
0.861911
0.863491
0.862684
0.863142
0.863349
0.863256
0.864410
0.864242
0.864173
0.864610
0.865520
0.865297
0.865644
0.865613
0.865732
0.867345
0.866805
0.867145
0.867115
0.867685
0.868161
0.868064
0.868218
0.868480
0.869614
0.868057
0.869302
0.869188
0.870027
0.870224
0.870110
0.869420
0.868646
0.869307
0.868889
0.868684
0.870221
0.871198
0.871500
0.871670
0.871208
0.871500
0.872572
0.872166
0.871940
0.872132
0.871998
0.872501
0.872463
0.872667
0.870953
0.872669
0.872077
0.872381
0.872601
0.872378
0.873029
0.872453
0.872063
0.872133
0.873138
0.872599
0.872356
0.872306
0.872285
0.873386
0.872691
0.872606
0.872514
0.873114
0.873226
0.873230
0.872957
0.872890
0.874043
0.873260
0.873464
0.873432
0.873792
0.874031
0.873685
0.873903
0.873682
0.874675
0.874118
0.873995
0.873843
0.874112
0.874698
0.874131
0.873978
0.873687
0.874540
0.874143
0.873996
0.873575
0.873263
0.873901
0.874103
0.872129
0.871249
0.871947
0.870962
0.871797
0.873355
0.873079
0.873655
0.873120
0.873135
0.873144
0.873208
0.873293
0.873044
0.872977
0.872532
0.873494
0.872829
0.872635
0.872223
0.872554
0.872570
0.872165
0.872101
0.871722
0.872703
0.872018
0.871990
0.872138
0.872278
0.872636
0.872601
0.872651
0.872405
0.873578
0.872840
0.872953
0.873045
0.873008
0.873780
0.873092
0.873030
0.873017
0.873607
0.873001
0.872693
0.872465
0.872326
0.872983
0.872141
0.871920
0.871555
0.871981
0.871742
0.871295
0.871020
0.870588
0.871107
0.870917
0.870476
0.870058
0.870500
0.870107
0.869892
0.869783
0.869796
0.870059
0.870230
0.868759
0.868595
0.867934
0.868710
0.868523
0.870037
0.870501
0.871522
0.870688
0.871024
0.871260
0.871297
0.871817
0.871283
0.871534
0.871397
0.872393
0.872092
0.871755
0.871992
0.872222
0.872819
0.872459
0.872522
0.872092
0.873146
0.872954
0.872841
0.873324
0.873025
0.873861
0.873801
0.873606
0.873842
0.874571
0.874295
0.874574
0.874302
0.874465
0.875385
0.874859
0.874765
0.874661
0.874945
0.875337
0.874896
0.874932
0.874742
0.875667
0.875512
0.875245
0.875057
0.875168
0.875570
0.875428
0.875642
0.875096
0.875961
0.875621
0.875410
0.876131
0.875871
0.876373
0.875945
0.875987
0.876316
0.877798
0.875385
0.874262
0.874673
0.874192
0.876042
0.876116
0.876303
0.876653
0.877744
0.877509
0.877466
0.876782
0.876785
0.877954
0.877520
0.878142
0.876342
0.877527
0.878043
0.877769
0.877736
0.877669
0.878689
0.878260
0.878026
0.878168
0.878443
0.878899
0.878813
0.878670
0.878246
0.879268
0.878897
0.878864
0.878824
0.878897
0.879587
0.879050
0.879055
0.878813
0.879694
0.879123
0.878968
0.878956
0.878608
0.879561
0.878937
0.878955
0.878555
0.879285
0.879092
0.878851
0.878893
0.878450
0.879213
0.879256
0.878596
0.879013
0.879417
0.879003
0.878779
0.879031
0.878767
0.879851
0.879081
0.879152
0.879062
0.879900
0.878522
0.878374
0.878128
0.877734
0.879271
0.878925
0.878773
0.878699
0.878707
0.879080
0.878762
0.878622
0.878549
0.879279
0.878555
0.878619
0.878593
0.878500
0.879095
0.878157
0.878247
0.878171
0.879397
0.878391
0.878498
0.878270
0.878007
0.879099
0.878637
0.878519
0.878334
0.878909
0.878338
0.878729
0.878862
0.878678
0.879596
0.878850
0.878935
0.879014
0.879318
0.879430
0.879007
0.878884
0.878845
0.879868
0.879232
0.879393
0.878844
0.878812
0.878943
0.879307
0.879346
0.878994
0.879535
0.878906
0.878884
0.878803
0.878738
0.879196
0.878532
0.878558
0.878600
0.879597
0.878939
0.878816
0.878599
0.878705
0.879501
0.879025
0.878964
0.878794
0.879952
0.878856
0.879056
0.879178
0.879013
0.879714
0.879284
0.879397
0.879353
0.879878
0.879642
0.879238
0.879262
0.879228
0.879427
0.878897
0.879225
0.878944
0.879458
0.879750
0.879377
0.879235
0.878626
0.879636
0.879150
0.879366
0.878890
0.879266
0.879756
0.879257
0.879245
0.879016
0.880153
0.879458
0.879300
0.879254
0.879381
0.880187
0.879730
0.879596
0.879592
0.879957
0.880167
0.879999
0.879862
0.879791
0.880423
0.879905
0.879949
0.879751
0.880523
0.879648
0.879508
0.879595
0.879561
0.880006
0.880564
0.878110
0.876693
0.876621
0.876736
0.876815
0.876571
0.878028
0.878482
0.877984
0.879398
0.878555
0.878233
0.878735
0.877191
0.879502
0.879854
0.880902
0.880394
0.880646
0.879574
0.880014
0.880916
0.880527
0.880449
0.880105
0.881122
0.880914
0.880740
0.880747
0.880485
0.880976
0.880585
0.880250
0.880464
0.881240
0.880865
0.880603
0.880777
0.880466
0.881229
0.880623
0.880384
0.880325
0.881294
0.880483
0.880594
0.880513
0.880386
0.881521
0.880728
0.880626
0.880554
0.880775
0.880994
0.880771
0.880913
0.880583
0.881602
0.880699
0.880746
0.881066
0.881047
0.881703
0.881097
0.880948
0.880807
0.881870
0.881355
0.881350
0.880765
0.880733
0.881581
0.880961
0.880986
0.880745
0.881680
0.880689
0.878817
0.879028
0.878202
0.879278
0.880331
0.880348
0.880407
0.881246
0.881056
0.880921
0.879892
0.880128
0.881488
0.881004
0.881066
0.880792
0.881048
0.881248
0.880986
0.881076
0.880700
0.881720
0.881008
0.881076
0.881265
0.881335
0.881644
0.881221
0.880983
0.880634
0.881769
0.881664
0.880474
0.881132
0.880854
0.881569
0.881024
0.880701
0.880389
0.881075
0.880808
0.880901
0.880631
0.880501
0.881294
0.880574
0.880455
0.880272
0.881261
0.880851
0.880447
0.880411
0.880299
0.881490
0.880899
0.880648
0.880353
0.880825
0.880826
0.880723
0.880733
0.880242
0.881274
0.880437
0.880421
0.880531
0.881022
0.880402
0.878326
0.878198
0.878142
0.878695
0.879216
0.879822
0.879896
0.879607
0.880350
0.879876
0.879821
0.879248
0.880083
0.879704
0.879918
0.879903
0.879665
0.880404
0.879930
0.879799
0.879819
0.880721
0.880247
0.880096
0.879907
0.879714
0.880939
0.880325
0.880470
0.880147
0.880586
0.880584
0.880608
0.880515
0.880040
0.880958
0.880210
0.880138
0.880212
0.880332
0.880557
0.880180
0.879967
0.879647
0.880560
0.879664
0.879692
0.879649
0.879591
0.880344
0.879833
0.879702
0.879272
0.880101
0.879479
0.879601
0.879621
0.879501
0.880031
0.879680
0.879504
0.879535
0.880295
0.879692
0.879560
0.879463
0.879674
0.880479
0.878301
0.877849
0.877544
0.877724
0.878249
0.879804
0.878497
0.878948
0.879697
0.879340
0.879297
0.879160
0.879374
0.879392
0.878674
0.878583
0.878485
0.879526
0.878782
0.878537
0.878955
0.878237
0.879249
0.878860
0.878682
0.878249
0.879375
0.878754
0.878824
0.878982
0.878730
0.879107
0.878676
0.878717
0.878623
0.879526
0.879006
0.878752
0.878915
0.878603
0.879527
0.878844
0.878804
0.878391
0.878956
0.878838
0.878757
0.878504
0.878295
0.879176
0.878440
0.878376
0.878168
0.878339
0.878545
0.878136
0.878227
0.877957
0.878882
0.878117
0.877989
0.877918
0.878116
0.879159
0.876982
0.876064
0.875999
0.876538
0.876346
0.878105
0.878206
0.878283
0.878808
0.878320
0.878375
0.877959
0.878913
0.878370
0.878082
0.878084
0.878474
0.878122
0.877979
0.878483
0.876344
0.878738
0.878344
0.877978
0.877712
0.877553
0.878142
0.877707
0.877569
0.877194
0.877566
0.877829
0.877801
0.877131
0.876237
0.875894
0.876671
0.877432
0.877532
0.878039
0.878058
0.878318
0.877036
0.877126
0.878478
0.878150
0.877789
0.877851
0.877977
0.878529
0.878156
0.877884
0.877498
0.878647
0.878105
0.877088
0.876900
0.876558
0.877331
0.877011
0.876470
0.876476
0.877439
0.876223
0.875908
0.875987
0.875206
0.876120
0.875582
0.875388
0.875251
0.876005
0.875458
0.875400
0.875633
0.874950
0.876604
0.876137
0.876023
0.875391
0.875924
0.875937
0.875857
0.876138
0.875517
0.876583
0.876337
0.875579
0.875967
0.875530
0.876606
0.875188
0.875525
0.874996
0.876647
0.875546
0.875997
0.875840
0.875705
0.876618
0.874466
0.875729
0.874519
0.875952
0.875164
0.875106
0.875316
0.875250
0.875679
0.875017
0.874910
0.874908
0.875524
0.876700
0.876774
0.876481
0.875866
0.876647
0.876425
0.876896
0.876856
0.876116
0.877092
0.877093
0.877306
0.877120
0.877228
0.876517
0.876107
0.875837
0.876220
0.876375
0.876395
0.876532
0.876175
0.877204
0.876607
0.876158
0.875968
0.876098
0.876676
0.876691
0.875572
0.875468
0.876676
0.876095
0.876324
0.876271
0.875979
0.876589
0.876132
0.876158
0.876038
0.877028
0.876575
0.876266
0.876358
0.876090
0.877059
0.876673
0.876378
0.876136
0.876974
0.876735
0.876679
0.876666
0.876475
0.876466
0.876469
0.876573
0.876402
0.876679
0.876654
0.876375
0.876145
0.875883
0.876788
0.876299
0.876009
0.875913
0.876012
0.876579
0.876289
0.876233
0.875627
0.876749
0.876217
0.876444
0.876317
0.876378
0.876814
0.876476
0.876487
0.876271
0.877168
0.876739
0.876553
0.876507
0.876727
0.877501
0.876894
0.876766
0.876492
0.877254
0.877001
0.876392
0.876687
0.876551
0.877528
0.877227
0.876872
0.876756
0.877029
0.876784
0.876454
0.876623
0.876704
0.877131
0.876787
0.876676
0.876633
0.876712
0.877064
0.876642
0.876548
0.876248
0.877466
0.877041
0.876936
0.876887
0.876831
0.877193
0.876956
0.876855
0.876606
0.877487
0.877106
0.876901
0.877041
0.876984
0.877591
0.877453
0.876595
0.876679
0.877584
0.877346
0.877141
0.877240
0.876974
0.877734
0.877119
0.877088
0.876938
0.877447
0.877265
0.876936
0.876687
0.876824
0.877219
0.874913
0.874515
0.874424
0.874606
0.874567
0.875331
0.876765
0.876669
0.877372
0.877117
0.875552
0.876143
0.876826
0.877031
0.876120
0.876061
0.876161
0.877169
0.877249
0.877363
0.877424
0.876520
0.877557
0.877374
0.877102
0.877060
0.877727
0.877171
0.876874
0.876962
0.876721
0.877762
0.877088
0.876700
0.876835
0.877677
0.877258
0.876254
0.876989
0.876460
0.877600
0.877280
0.877212
0.876756
0.877320
0.877299
0.876935
0.877203
0.876566
0.877773
0.877200
0.877482
0.876908
0.877033
0.877407
0.877048
0.877050
0.876623
0.877436
0.877035
0.876786
0.876735
0.876800
0.877046
0.876724
0.876673
0.876130
0.876938
0.876736
0.876444
0.876479
0.876217
0.877177
0.876374
0.876508
0.876874
0.877607
0.877376
0.876796
0.876940
0.875928
0.877191
0.876864
0.876648
0.877094
0.877396
0.877357
0.877986
0.878049
0.877852
0.878936
0.878490
0.878227
0.878140
0.878395
0.878462
0.877897
0.877666
0.877393
0.877134
0.878120
0.878025
0.877983
0.877836
0.878263
0.877673
0.877884
0.878195
0.878119
0.877888
0.877824
0.877852
0.877895
0.878541
0.878053
0.878036
0.877593
0.878485
0.878252
0.878254
0.878053
0.877969
0.878861
0.878321
0.878357
0.878094
0.878910
0.878559
0.878290
0.878429
0.878185
0.878904
0.878590
0.877879
0.878035
0.878384
0.878997
0.877978
0.877968
0.877804
0.878699
0.878000
0.877832
0.877808
0.877869
0.878431
0.877064
0.877968
0.877687
0.878713
0.878143
0.878019
0.878078
0.878034
0.878825
0.878358
0.878385
0.878584
0.878412
0.878450
0.878379
0.878445
0.878391
0.879242
0.878825
0.878720
0.878562
0.879166
0.878795
0.878573
0.878515
0.878218
0.879107
0.878803
0.878354
0.878153
0.878478
0.878714
0.875661
0.875390
0.875065
0.876092
0.875274
0.876853
0.877390
0.877303
0.877837
0.878326
0.877644
0.876781
0.878238
0.877849
0.878323
0.879192
0.879453
0.879836
0.878848
0.879673
0.878983
0.880533
0.880030
0.879553
0.879573
0.879377
0.880186
0.879728
0.879494
0.879517
0.879229
0.879665
0.879516
0.879554
0.879253
0.880112
0.879526
0.879259
0.879032
0.879595
0.879620
0.879081
0.879194
0.878560
0.879864
0.879311
0.879399
0.879114
0.879541
0.879758
0.879546
0.879481
0.879202
0.880267
0.880262
0.879111
0.879552
0.879592
0.880120
0.880003
0.879265
0.879133
0.880610
0.879925
0.879841
0.879854
0.879621
0.880283
0.879177
0.879646
0.879485
0.880283
0.879936
0.879743
0.879592
0.879164
0.879984
0.879429
0.879440
0.879730
0.879111
0.877683
0.877903
0.877602
0.876804
0.879329
0.879042
0.879265
0.879315
0.879768
0.879878
0.879603
0.879501
0.879263
0.880372
0.879786
0.879751
0.879607
0.879810
0.880077
0.879734
0.879775
0.879394
0.880355
0.879889
0.879566
0.879571
0.879552
0.880048
0.879611
0.879576
0.879161
0.880088
0.879460
0.879158
0.879381
0.879272
0.879841
0.879269
0.879259
0.879021
0.879850
0.879482
0.879378
0.879315
0.879294
0.880133
0.879686
0.879505
0.879412
0.879840
0.879847
0.879674
0.879744
0.879439
0.880357
0.879896
0.879814
0.879813
0.879946
0.880064
0.879759
0.879609
0.880098
0.879065
0.878237
0.877883
0.877787
0.876772
0.879733
0.879439
0.879264
0.879030
0.879924
0.879667
0.879213
0.879281
0.879269
0.879871
0.879397
0.879300
0.878991
0.879967
0.879562
0.879500
0.879611
0.879596
0.880286
0.879714
0.879675
0.879464
0.880334
0.880010
0.879707
0.879753
0.879582
0.880630
0.880046
0.879977
0.879724
0.880007
0.880030
0.879651
0.879565
0.879260
0.880256
0.879533
0.879459
0.879359
0.879200
0.879704
0.879160
0.879229
0.878998
0.880030
0.879393
0.879272
0.879284
0.879259
0.879957
0.879362
0.879274
0.879189
0.880207
0.880202
0.879100
0.879159
0.879306
0.880393
0.880041
0.879850
0.879629
0.880192
0.879896
0.880213
0.878885
0.877817
0.878594
0.877816
0.876450
0.878745
0.879885
0.879998
0.879386
0.879394
0.878968
0.879865
0.879220
0.879245
0.879211
0.879273
0.879762
0.879365
0.879214
0.878713
0.879849
0.879405
0.879312
0.879297
0.879219
0.880021
0.879516
0.879498
0.879185
0.880215
0.879588
0.879459
0.879431
0.879455
0.880091
0.879566
0.879451
0.879191
0.879845
0.879574
0.879206
0.879222
0.878838
0.879693
0.879095
0.879079
0.878816
0.879278
0.878969
0.878707
0.878600
0.878382
0.879217
0.878802
0.878987
0.878041
0.879073
0.879268
0.878786
0.878808
0.878601
0.879545
0.879123
0.879011
0.878989
0.878944
0.879688
0.879069
0.877631
0.877621
0.877973
0.878957
0.879112
0.879093
0.879063
0.879608
0.879070
0.878916
0.878167
0.879238
0.878991
0.878840
0.878701
0.878581
0.879273
0.878562
0.878278
0.877733
0.878536
0.878647
0.877483
0.877822
0.877720
0.878463
0.878112
0.877836
0.877731
0.878223
0.878242
0.878428
0.877133
0.877571
0.878653
0.878010
0.877818
0.878071
0.878235
0.878426
0.877982
0.877963
0.877717
0.878640
0.877887
0.877740
0.877792
0.877274
0.878143
0.877533
0.877368
0.877578
0.878367
0.875902
0.876799
0.876862
0.876507
0.877239
0.876675
0.876436
0.876117
0.876793
0.876365
0.876147
0.876662
0.874865
0.875065
0.874307
0.875600
0.875677
0.876320
0.876474
0.875313
0.875603
0.875478
0.876500
0.875821
0.875624
0.875419
0.875702
0.875996
0.875549
0.875326
0.874944
0.875687
0.874845
0.874981
0.875034
0.874825
0.875385
0.874906
0.874757
0.874175
0.874899
0.874278
0.874116
0.874586
0.873274
0.874529
0.873818
0.873767
0.873503
0.874196
0.873912
0.873454
0.873163
0.873163
0.874124
0.873618
0.873246
0.872604
0.873621
0.872914
0.873154
0.873168
0.872532
0.873156
0.872576
0.872599
0.872368
0.872511
0.872408
0.870638
0.871465
0.871211
0.872074
0.871344
0.870602
0.870277
0.870406
0.870304
0.869780
0.869591
0.869206
0.868952
0.867349
0.867407
0.867315
0.867997
0.868459
0.868021
0.867979
0.867319
0.868103
0.867472
0.867321
0.867943
0.866525
0.867471
0.866972
0.866838
0.866653
0.867574
0.867479
0.866966
0.866646
0.866393
0.867106
0.866653
0.866507
0.866264
0.866429
0.866428
0.866149
0.866246
0.865980
0.866717
0.865943
0.865799
0.865861
0.866441
0.866951
0.866337
0.866460
0.866572
0.867366
0.867447
0.867278
0.867592
0.867473
0.868235
0.867854
0.868166
0.868218
0.869275
0.868702
0.868440
0.868655
0.868872
0.869892
0.869296
0.869069
0.868878
0.869815
0.869645
0.869826
0.869982
0.868796
0.870104
0.870172
0.867670
0.868496
0.868593
0.869759
0.869533
0.869616
0.869374
0.870301
0.869587
0.869424
0.869563
0.870022
0.870177
0.869879
0.869801
0.869375
0.870839
0.870331
0.870174
0.870222
0.870512
0.871182
0.870141
0.870301
0.870432
0.871707
0.871107
0.870848
0.871110
0.870986
0.871788
0.871590
0.871332
0.870907
0.871901
0.871311
0.871893
0.871160
0.871584
0.872295
0.871520
0.871253
0.871030
0.871780
0.871533
0.871422
0.871481
0.871210
0.872214
0.871799
0.871657
0.871412
0.872012
0.871954
0.871762
0.872025
0.871724
0.872822
0.872374
0.872089
0.872152
0.872524
0.872901
0.872430
0.872356
0.872025
0.873351
0.873119
0.873038
0.870411
0.871217
0.871599
0.872288
0.872523
0.872158
0.873033
0.872664
0.872573
0.872363
0.871922
0.872508
0.871914
0.871983
0.871788
0.872707
0.872470
0.872220
0.872144
0.871931
0.872704
0.872002
0.872010
0.872059
0.872570
0.872818
0.872403
0.872439
0.871911
0.872505
0.872153
0.871940
0.872300
0.872606
0.872630
0.872010
0.871888
0.871519
0.872066
0.871344
0.871085
0.871137
0.871356
0.871901
0.871110
0.870834
0.870367
0.871129
0.870200
0.870078
0.870119
0.870110
0.870995
0.870327
0.870015
0.869758
0.870387
0.869700
0.869528
0.869629
0.869604
0.870761
0.870031
0.870001
0.870360
0.869122
0.868405
0.868729
0.868742
0.869195
0.870143
0.869534
0.869431
0.869209
0.869621
0.869904
0.869362
0.869426
0.868744
0.869997
0.869531
0.869299
0.869076
0.869113
0.869544
0.868860
0.868654
0.868363
0.869216
0.868577
0.868284
0.868407
0.868421
0.868649
0.868590
0.868314
0.867995
0.868967
0.868520
0.868294
0.868276
0.868273
0.869018
0.868474
0.868431
0.868134
0.869207
0.868580
0.868262
0.868410
0.868321
0.869069
0.868652
0.868289
0.868156
0.868636
0.868058
0.868045
0.868025
0.867766
0.868635
0.868061
0.867917
0.867597
0.867770
0.867875
0.867581
0.867548
0.867221
0.868141
0.867477
0.867317
0.867251
0.867110
0.867654
0.867003
0.867059
0.866899
0.867593
0.867212
0.867137
0.867009
0.866846
0.867578
0.867066
0.866815
0.866610
0.867337
0.867022
0.866746
0.866624
0.866344
0.867379
0.865813
0.865887
0.865961
0.866436
0.866741
0.866123
0.866150
0.864745
0.865996
0.865383
0.865385
0.865152
0.865054
0.865415
0.865335
0.865197
0.865098
0.865747
0.865066
0.865136
0.865045
0.865058
0.865657
0.865106
0.865492
0.864474
0.865681
0.865158
0.865127
0.864974
0.864708
0.865433
0.865047
0.865099
0.864429
0.865194
0.864833
0.864486
0.863852
0.863907
0.864429
0.863971
0.864701
0.861537
0.861378
0.860717
0.860383
0.859604
0.860907
0.862853
0.862491
0.861746
0.862474
0.862116
0.861514
0.861117
0.860986
0.860332
0.862451
0.861704
0.861485
0.861287
0.861207
0.861461
0.860977
0.860417
0.860856
0.862032
0.860991
0.859805
0.859793
0.859967
0.859941
0.857738
0.858440
0.857925
0.859639
0.858572
0.858147
0.858420
0.857664
0.854395
0.854564
0.855718
0.854074
0.855300
0.856590
0.855289
0.853761
0.849975
0.849935
0.850941
0.851244
0.852015
0.853194
0.852543
0.850317
0.846768
0.845850
0.848488
0.849888
0.849823
0.848876
0.848213
0.847145
0.844925
0.844851
0.844883
0.847338
0.847107
0.844821
0.841473
0.840362
0.839561
0.839922
0.839952
0.842329
0.843549
0.841351
0.838251
0.834723
0.833105
0.833460
0.832815
0.833090
0.833278
0.834066
0.831447
0.827503
0.827608
0.826033
0.825977
0.824447
0.824694
0.824360
0.822990
0.819191
0.817229
0.817646
0.817738
0.818775
0.818351
0.819128
0.817578
0.814986
0.811182
0.812948
0.814197
0.813833
0.816008
0.816489
0.817842
0.815465
0.812487
0.813774
0.816770
0.817336
0.817541
0.820410
0.821382
0.818530
0.815545
0.813995
0.818427
0.819475
0.818785
0.820338
0.823262
0.822627
0.818911
0.815447
0.816414
0.820535
0.820732
0.821496
0.822988
0.824730
0.822960
0.818396
0.815276
0.818861
0.821703
0.821379
0.823510
0.825040
0.826029
0.824350
0.816857
0.815032
0.818340
0.820718
0.820583
0.824593
0.824944
0.824623
0.822828
0.816040
0.816526
0.819705
0.822064
0.823129
0.824232
0.824658
0.824174
0.822769
0.817167
0.817802
0.820116
0.822943
0.824384
0.825527
0.826322
0.825476
0.824700
0.820757
0.823336
0.825487
0.827665
0.829304
0.830056
0.830396
0.829663
0.828304
0.826614
0.829264
0.830856
0.832020
0.833353
0.833899
0.834137
0.832928
0.831640
0.830982
0.832831
0.833508
0.834398
0.836465
0.837212
0.837311
0.835594
0.834806
0.835689
0.837537
0.837734
0.838989
0.840836
0.841393
0.841042
0.838791
0.838626
0.840122
0.841734
0.842010
0.843146
0.843832
0.844373
0.843006
0.839716
0.840096
0.844352
0.845929
0.846030
0.847319
0.849049
0.848511
0.846696
0.843733
0.845138
0.847377
0.847748
0.847769
0.848905
0.850622
0.849729
0.847733
0.844389
0.846621
0.849324
0.849096
0.849654
0.850599
0.852189
0.850884
0.848286
0.846155
0.848730
0.851660
0.850526
0.851554
0.851952
0.853513
0.852357
0.849212
0.847750
0.849947
0.852463
0.852060
0.853137
0.852870
0.853695
0.852649
0.850012
0.848882
0.851095
0.853427
0.852998
0.854086
0.853611
0.854104
0.853240
0.849968
0.849459
0.852562
0.854152
0.854242
0.854228
0.854931
0.855540
0.854485
0.851591
0.851718
0.854207
0.855880
0.856089
0.854969
0.854078
0.854646
0.855551
0.854256
0.853587
0.855164
0.856323
0.856245
0.856658
0.856292
0.855860
0.855632
0.853691
0.854514
0.855116
0.855504
0.855078
0.855067
0.855083
0.854719
0.854277
0.853016
0.853601
0.854616
0.855601
0.855418
0.855659
0.856177
0.856060
0.856526
0.855683
0.856566
0.857304
0.858505
0.859181
0.859696
0.858795
0.859006
0.859492
0.859395
0.860487
0.860403
0.860512
0.861094
0.861117
0.861251
0.860072
0.860093
0.859554
0.860171
0.860066
0.859761
0.860378
0.860236
0.860634
0.859423
0.859702
0.859545
0.859423
0.858892
0.859628
0.860602
0.860238
0.860622
0.859683
0.859488
0.859539
0.859088
0.858878
0.860763
0.862839
0.862892
0.862284
0.861904
0.863165
0.862764
0.863404
0.863343
0.862899
0.864171
0.864152
0.863952
0.863422
0.863883
0.864121
0.864018
0.864128
0.863825
0.864608
0.864083
0.863857
0.864002
0.864571
0.864431
0.864028
0.864070
0.864033
0.865367
0.864339
0.864145
0.863499
0.864516
0.865540
0.864437
0.864147
0.864255
0.865739
0.865373
0.864926
0.864515
0.864833
0.865932
0.865505
0.865381
0.865207
0.865241
0.866088
0.866129
0.866112
0.865557
0.865805
0.865406
0.866156
0.866042
0.866928
0.865236
0.865259
0.866114
0.865946
0.866987
0.866272
0.863763
0.864391
0.864159
0.864850
0.863102
0.864376
0.864604
0.866024
0.866136
0.866342
0.865859
0.865633
0.866110
0.866498
0.866578
0.866130
0.866631
0.866157
0.866622
0.866387
0.866624
0.867108
0.866781
0.866591
0.866644
0.867879
0.867527
0.867083
0.866840
0.866656
0.867602
0.867407
0.867248
0.866770
0.867109
0.867245
0.867328
0.867387
0.866669
0.867222
0.866280
0.866761
0.867078
0.867218
0.867134
0.866655
0.866628
0.866578
0.867984
0.866778
0.866683
0.866774
0.866954
0.867652
0.867393
0.867304
0.866774
0.867626
0.867384
0.867602
0.867634
0.867399
0.867881
0.867451
0.867577
0.867509
0.868022
0.867529
0.867494
0.868129
0.867396
0.866417
0.866341
0.865679
0.864556
0.866023
0.867096
0.867229
0.867110
0.866721
0.867606
0.867355
0.867178
0.866915
0.867169
0.867434
0.866902
0.866317
0.866323
0.866395
0.867362
0.867940
0.868111
0.868330
0.867722
0.867817
0.868013
0.867948
0.869130
0.868561
0.868684
0.868405
0.868185
0.868912
0.868833
0.868792
0.868031
0.868917
0.869013
0.868474
0.869132
0.868801
0.868954
0.868234
0.868527
0.868224
0.869060
0.868728
0.868711
0.868241
0.868483
0.869161
0.868930
0.868014
0.867860
0.868972
0.868959
0.868850
0.868815
0.868556
0.869441
0.869086
0.868976
0.868822
0.869175
0.869169
0.869687
0.867720
0.867592
0.868214
0.868843
0.869056
0.869234
0.869599
0.869215
0.868890
0.868808
0.868714
0.870050
0.869527
0.868905
0.868726
0.868371
0.869570
0.869045
0.868653
0.868415
0.869398
0.868873
0.869028
0.868955
0.868455
0.869328
0.868843
0.868885
0.868898
0.869693
0.869357
0.869036
0.868844
0.868698
0.869733
0.869023
0.869328
0.869102
0.869579
0.869496
0.869160
0.868979
0.868556
0.869405
0.868697
0.868815
0.868914
0.868930
0.869309
0.868600
0.868401
0.868015
0.868850
0.868259
0.868192
0.868297
0.868354
0.868908
0.868550
0.868130
0.867696
0.868503
0.868143
0.868352
0.868715
0.867761
0.867112
0.866832
0.866919
0.866171
0.866190
0.868052
0.868367
0.868616
0.868511
0.869183
0.868315
0.868208
0.868064
0.868784
0.868570
0.868559
0.867929
0.868211
0.869091
0.868580
0.868019
0.867755
0.867963
0.868270
0.868179
0.867869
0.867652
0.868548
0.867877
0.867718
0.867825
0.866822
0.868228
0.867999
0.868110
0.867658
0.868420
0.867885
0.867507
0.867826
0.867856
0.868297
0.867868
0.867909
0.867805
0.868775
0.868055
0.867606
0.867510
0.867503
0.868716
0.868211
0.867945
0.867571
0.868068
0.868025
0.867626
0.867579
0.867242
0.868040
0.867512
0.867457
0.867387
0.867487
0.867523
0.867089
0.867148
0.866988
0.868303
0.867342
0.866000
0.866089
0.866146
0.866451
0.866335
0.866246
0.866122
0.867592
0.866425
0.866769
0.866709
0.866503
0.867073
0.866593
0.866734
0.866516
0.867566
0.867004
0.866953
0.866938
0.866773
0.867071
0.866517
0.866411
0.866445
0.867555
0.866962
0.866645
0.866209
0.866058
0.866908
0.865389
0.865860
0.865442
0.866237
0.866649
0.866249
0.866192
0.865641
0.866233
0.865741
0.865757
0.865962
0.866024
0.866392
0.866521
0.865418
0.865498
0.866501
0.865783
0.865592
0.865976
0.865974
0.866835
0.866029
0.865678
0.865383
0.866271
0.865800
0.865326
0.865204
0.865214
0.866435
0.865938
0.865629
0.864624
0.865314
0.865042
0.865054
0.865316
0.864946
0.864972
0.864874
0.865270
0.865112
0.865175
0.864798
0.864526
0.864963
0.865085
0.865889
0.865158
0.864949
0.864729
0.865299
0.865821
0.865028
0.864996
0.864859
0.866129
0.865858
0.865571
0.865234
0.865082
0.865706
0.865879
0.865235
0.865102
0.866128
0.865669
0.865953
0.865667
0.865184
0.865763
0.865267
0.865459
0.865509
0.866243
0.865524
0.865220
0.865518
0.865713
0.866075
0.865497
0.865718
0.865614
0.866650
0.866299
0.865866
0.866008
0.865872
0.865994
0.866073
0.865998
0.865889
0.866584
0.866545
0.866745
0.866069
0.865433
0.865316
0.866085
0.865535
0.865765
0.864884
0.864871
0.866609
0.864114
0.863390
0.863680
0.862548
0.862868
0.865607
0.865148
0.866309
0.865576
0.864545
0.864115
0.866858
0.866858
0.866823
0.866576
0.866348
0.867364
0.867141
0.866837
0.866411
0.867094
0.866911
0.866604
0.867336
0.867101
0.868174
0.867464
0.867676
0.867544
0.867717
0.867514
0.867352
0.867463
0.867761
0.867729
0.867333
0.867269
0.867303
0.867680
0.867687
0.867307
0.866974
0.866865
0.867941
0.867521
0.867026
0.866885
0.865928
0.867260
0.867167
0.867106
0.866884
0.867733
0.867304
0.867371
0.867171
0.866791
0.867558
0.866975
0.867314
0.867319
0.868068
0.867513
0.867288
0.867279
0.867293
0.867894
0.867251
0.867220
0.867099
0.867962
0.867646
0.867447
0.866429
0.865067
0.866023
0.865352
0.864786
0.865994
0.866933
0.867217
0.866849
0.866726
0.866371
0.867060
0.866797
0.866917
0.866830
0.866687
0.866967
0.866502
0.866542
0.866193
0.867197
0.866913
0.866863
0.866854
0.866803
0.867528
0.866787
0.866543
0.866123
0.867204
0.866887
0.866724
0.866805
0.866375
0.867144
0.866538
0.865974
0.865718
0.866532
0.866304
0.866120
0.866290
0.865677
0.866360
0.865471
0.865346
0.865200
0.865581
0.865655
0.865452
0.865341
0.865184
0.866053
0.865134
0.865148
0.865020
0.865210
0.865674
0.865372
0.865429
0.865324
0.865396
0.864506
0.864645
0.865330
0.865580
0.865811
0.865589
0.863857
0.863760
0.864141
0.864792
0.864895
0.864792
0.864740
0.865403
0.864944
0.864834
0.864389
0.865015
0.864579
0.864307
0.864288
0.864044
0.864985
0.864719
0.864217
0.864146
0.864465
0.864282
0.864005
0.864016
0.863985
0.864764
0.864368
0.864151
0.864078
0.864379
0.864658
0.864261
0.864072
0.863844
0.864926
0.864617
0.864440
0.864105
0.864107
0.864672
0.864365
0.864282
0.863957
0.864817
0.864413
0.864074
0.863917
0.863894
0.864580
0.864007
0.863612
0.863299
0.864178
0.864026
0.863657
0.863442
0.863096
0.864531
0.863235
0.863933
0.863689
0.864264
0.863957
0.863700
0.863659
0.863476
0.864547
0.864115
0.864519
0.862429
0.862430
0.862831
0.862377
0.862474
0.862974
0.864742
0.864329
0.864249
0.864198
0.864119
0.864435
0.863861
0.863771
0.863515
0.864787
0.864010
0.863864
0.863668
0.863426
0.864253
0.863712
0.863605
0.863551
0.863850
0.863714
0.863686
0.863770
0.863465
0.864280
0.863630
0.863387
0.863454
0.864371
0.864123
0.863950
0.863593
0.863069
0.864623
0.864189
0.863888
0.863580
0.864223
0.864300
0.864133
0.864040
0.863596
0.864588
0.864117
0.863171
0.863519
0.863939
0.864249
0.864211
0.863724
0.863155
0.864270
0.863667
0.863297
0.863522
0.862865
0.863206
0.862867
0.863327
0.863016
0.864086
0.864064
0.862735
0.861805
0.861628
0.862306
0.862355
0.862721
0.863634
0.863681
0.863947
0.863726
0.863731
0.863665
0.864494
0.864085
0.863887
0.863652
0.864280
0.864078
0.863633
0.863721
0.863033
0.864208
0.863730
0.863555
0.863406
0.863746
0.864027
0.862532
0.862198
0.861764
0.863014
0.862868
0.861562
0.862037
0.862327
0.862740
0.861860
0.861456
0.861428
0.861846
0.861113
0.861508
0.861892
0.861571
0.862474
0.861285
0.861775
0.861781
0.862399
0.862517
0.861703
0.862029
0.861537
0.862519
0.862285
0.861812
0.861345
0.862163
0.862445
0.861582
0.861771
0.861208
0.862727
0.863488
0.861626
0.861868
0.862711
0.862119
0.861517
0.861543
0.861120
0.862147
0.861588
0.861557
0.861654
0.862175
0.862056
0.862607
0.862153
0.861328
0.862317
0.864120
0.862243
0.863318
0.863496
0.862904
0.863750
0.863836
0.863750
0.865075
0.863775
0.862908
0.863968
0.863364
0.864837
0.863488
0.863118
0.862476
0.863917
0.863020
0.862867
0.863101
0.862716
0.863703
0.863199
0.863206
0.863196
0.863333
0.863583
0.863689
0.862522
0.863122
0.864004
0.863501
0.863286
0.863107
0.863674
0.864113
0.863664
0.863541
0.863346
0.864421
0.864014
0.863827
0.863776
0.863616
0.864366
0.864058
0.863797
0.863708
0.864649
0.864208
0.863532
0.863826
0.863640
0.864528
0.864189
0.863719
0.863276
0.864174
0.863960
0.863622
0.863629
0.863337
0.864239
0.863507
0.863377
0.863250
0.864097
0.863945
0.863932
0.863849
0.863627
0.864506
0.864195
0.863928
0.863916
0.863953
0.864493
0.864231
0.864103
0.863944
0.864865
0.864462
0.864357
0.864109
0.864075
0.864695
0.864236
0.864111
0.863720
0.864799
0.863965
0.864272
0.864064
0.863768
0.864403
0.863736
0.863643
0.863453
0.864348
0.864349
0.863599
0.863552
0.863529
0.864390
0.863866
0.863845
0.863443
0.864156
0.864272
0.863944
0.863914
0.863857
0.864499
0.864061
0.864107
0.863940
0.864355
0.864418
0.864356
0.864269
0.863887
0.864789
0.864376
0.864309
0.864329
0.863976
0.864660
0.864340
0.864264
0.863831
0.864651
0.864066
0.863900
0.863739
0.863599
0.864269
0.863748
0.863917
0.863302
0.864315
0.863898
0.863838
0.864049
0.863455
0.864303
0.863780
0.863433
0.861204
0.861819
0.861042
0.862410
0.860808
0.861785
0.863867
0.863233
0.864394
0.862617
0.863205
0.862876
0.863631
0.862352
0.862184
0.862818
0.862628
0.862952
0.863305
0.863733
0.863743
0.863470
0.863313
0.862826
0.863794
0.863216
0.863483
0.863530
0.863022
0.863529
0.863256
0.863300
0.862877
0.863429
0.863256
0.863117
0.863034
0.863055
0.863771
0.863476
0.863665
0.862626
0.863461
0.863585
0.862778
0.863353
0.863155
0.863746
0.863545
0.862718
0.863028
0.863363
0.863215
0.862685
0.862956
0.862984
0.863832
0.863208
0.863087
0.862731
0.863093
0.863038
0.862398
0.862508
0.862500
0.862960
0.862680
0.862921
0.862529
0.862920
0.863244
0.862626
0.862619
0.862651
0.864162
0.862813
0.862383
0.862073
0.862299
0.862929
0.862464
0.862195
0.862102
0.863323
0.862725
0.862625
0.863010
0.862781
0.863805
0.862970
0.862255
0.861862
0.864353
0.864241
0.864013
0.863750
0.863378
0.864244
0.863398
0.863375
0.863193
0.864151
0.864182
0.863329
0.863626
0.863253
0.864214
0.863684
0.863422
0.863388
0.863813
0.864186
0.864080
0.863914
0.863422
0.864563
0.863312
0.863554
0.863850
0.863950
0.864488
0.864178
0.864115
0.863665
0.864508
0.863971
0.863875
0.864055
0.862987
0.864391
0.863926
0.863848
0.863793
0.864298
0.863591
0.863490
0.863382
0.863096
0.864093
0.863564
0.863643
0.862384
0.863647
0.863495
0.863420
0.863311
0.863179
0.864119
0.863590
0.863702
0.863752
0.863916
0.864275
0.863209
0.863224
0.863188
0.864710
0.862113
0.861369
0.861356
0.861510
0.861292
0.861502
0.862817
0.862677
0.863542
0.863410
0.863625
0.863087
0.864297
0.864877
0.864257
0.864038
0.863704
0.864651
0.864325
0.864199
0.864805
0.863173
0.864609
0.864214
0.864162
0.863880
0.864742
0.864519
0.864334
0.864480
0.864286
0.865257
0.864561
0.864193
0.863687
0.864969
0.864430
0.864863
0.864718
0.864380
0.865315
0.864559
0.864247
0.864291
0.864462
0.865047
0.863829
0.863988
0.864260
0.865276
0.864498
0.864131
0.863934
0.863911
0.864431
0.864018
0.864107
0.863776
0.864882
0.863513
0.863771
0.863831
0.863810
0.864449
0.864118
0.864210
0.864077
0.865168
0.864522
0.864251
0.864499
0.863640
0.864649
0.864937
0.863230
0.863108
0.863529
0.864488
0.864347
0.864220
0.864202
0.864965
0.864420
0.864405
0.864101
0.864541
0.864658
0.864267
0.863982
0.863967
0.864687
0.863956
0.864017
0.864111
0.864235
0.864909
0.863225
0.863391
0.863715
0.864875
0.864535
0.864175
0.864166
0.863962
0.864692
0.864103
0.864145
0.863981
0.864691
0.864231
0.864437
0.864481
0.864235
0.864962
0.864257
0.864236
0.864232
0.864995
0.864628
0.864478
0.864513
0.864069
0.864869
0.864148
0.864059
0.864192
0.864534
0.864528
0.864231
0.864157
0.863681
0.864574
0.863869
0.863857
0.863897
0.863935
0.864420
0.864260
0.864271
0.863805
0.864605
0.864048
0.864636
0.863693
0.862563
0.863708
0.863724
0.864369
0.864357
0.865150
0.864597
0.864561
0.864587
0.864431
0.865283
0.864871
0.864751
0.864185
0.864736
0.864267
0.864690
0.863932
0.864459
0.865180
0.864330
0.863978
0.863432
0.863931
0.863760
0.863818
0.863817
0.863527
0.864529
0.863864
0.863671
0.863249
0.863465
0.863636
0.863468
0.863468
0.863402
0.864562
0.863984
0.863577
0.863536
0.863374
0.863890
0.863608
0.863646
0.863637
0.864642
0.863904
0.863555
0.863336
0.863181
0.863969
0.863335
0.863239
0.863056
0.864053
0.863666
0.863319
0.863001
0.862554
0.863342
0.862934
0.862986
0.862863
0.863525
0.863242
0.863031
0.863366
0.862187
0.861301
0.861583
0.862502
0.863099
0.863595
0.863775
0.863338
0.863440
0.862498
0.863620
0.863445
0.863647
0.863814
0.863740
0.863952
0.863452
0.863416
0.863093
0.863982
0.863523
0.863361
0.863515
0.863317
0.863965
0.863362
0.863234
0.862702
0.863385
0.862991
0.862934
0.862979
0.862884
0.863648
0.862943
0.862895
0.862661
0.862964
0.862887
0.862692
0.862523
0.862309
0.863241
0.862753
0.862767
0.862461
0.862664
0.862975
0.862694
0.862710
0.862405
0.863475
0.862947
0.862923
0.862741
0.862742
0.863253
0.862786
0.862886
0.862244
0.863466
0.863034
0.863050
0.862944
0.862738
0.863701
0.860832
0.861607
0.861157
0.863339
0.863052
0.862787
0.862756
0.862790
0.862982
0.863141
0.863099
0.862556
0.863299
0.863223
0.862777
0.862939
0.862630
0.863576
0.862961
0.862956
0.862808
0.863593
0.863166
0.862653
0.862661
0.862496
0.863583
0.862712
0.862475
0.862498
0.862972
0.862767
0.862341
0.862443
0.862293
0.863193
0.862217
0.861915
0.862072
0.862304
0.862345
0.861866
0.862246
0.862029
0.863116
0.862148
0.861856
0.862128
0.862240
0.862430
0.862077
0.862256
0.861825
0.862917
0.862329
0.862135
0.862275
0.862362
0.862769
0.862337
0.862489
0.862672
0.863164
0.862469
0.862215
0.862556
0.862241
0.862921
0.862378
0.860783
0.861435
0.861120
0.862544
0.861772
0.862045
0.861577
0.862089
0.861721
0.861921
0.862207
0.861772
0.861405
0.860699
0.861384
0.861248
0.861785
0.861688
0.861880
0.862104
0.861343
0.861741
0.861682
0.862354
0.860611
0.861583
0.861812
0.862310
0.862345
0.861462
0.861934
0.862090
0.862324
0.861440
0.862081
0.862124
0.862248
0.862276
0.861105
0.861846
0.862139
0.862154
0.861247
0.861742
0.862075
0.862119
0.861867
0.860890
0.862023
0.861672
0.861940
0.861515
0.862125
0.861675
0.862180
0.862078
0.861150
0.862095
0.862911
0.861226
0.861900
0.862070
0.862602
0.862769
0.862839
0.860710
0.861204
0.861393
0.861912
0.862221
0.862285
0.863171
0.862653
0.862699
0.861136
0.862501
0.862836
0.862633
0.862402
0.861909
0.862815
0.862408
0.862107
0.861597
0.862449
0.862628
0.862206
0.862003
0.861806
0.862895
0.862799
0.861102
0.861485
0.862319
0.862925
0.862561
0.862439
0.862179
0.863292
0.862623
0.862464
0.862244
0.862393
0.863117
0.862740
0.862629
0.862260
0.863316
0.862775
0.862539
0.862185
0.862257
0.863076
0.862220
0.862238
0.861960
0.862949
0.862374
0.862151
0.861695
0.861594
0.862437
0.861968
0.861935
0.861607
0.862293
0.862052
0.861800
0.861506
0.861477
0.862244
0.861643
0.861508
0.861763
0.861779
0.860332
0.860851
0.859693
0.861256
0.862532
0.861840
0.861739
0.861788
0.861779
0.862214
0.861761
0.861436
0.861458
0.862336
0.861261
0.861194
0.861378
0.861393
0.862105
0.861093
0.860810
0.860591
0.861655
0.860869
0.860604
0.860704
0.860494
0.861335
0.860698
0.860490
0.860555
0.861180
0.860672
0.860361
0.860743
0.860806
0.861576
0.860723
0.860496
0.860442
0.861311
0.860962
0.860592
0.860806
0.860664
0.861346
0.860406
0.860522
0.860659
0.860733
0.860676
0.860254
0.860572
0.860606
0.860483
0.859926
0.860037
0.860137
0.860032
0.860243
0.859432
0.859680
0.859657
0.860490
0.859662
0.857869
0.858948
0.858094
0.859823
0.859288
0.859705
0.859427
0.859958
0.859011
0.859322
0.859937
0.859429
0.860063
0.859125
0.859636
0.859334
0.859915
0.859008
0.859187
0.859666
0.859197
0.859809
0.858707
0.859610
0.859177
0.859143
0.858504
0.858562
0.859280
0.858797
0.859390
0.857972
0.858556
0.858654
0.858564
0.858402
0.858588
0.857240
0.857974
0.859069
0.857913
0.858541
0.858669
0.858457
0.858505
0.857761
0.858649
0.858639
0.859183
0.857865
0.858059
0.858780
0.858644
0.859444
0.858046
0.858440
0.858524
0.859119
0.858232
0.857766
0.858691
0.858173
0.858870
0.857580
0.857643
0.858343
0.858865
0.858275
0.857249
0.856793
0.856717
0.857518
0.856506
0.856448
0.856820
0.857426
0.857615
0.856399
0.856656
0.857155
0.857612
0.856846
0.856165
0.856864
0.857465
0.857871
0.856702
0.856393
0.856973
0.857884
0.857276
0.856457
0.856404
0.857047
0.857702
0.856941
0.856426
0.856694
0.857975
0.856853
0.856193
0.855859
0.856609
0.857911
0.856832
0.855958
0.855868
0.857269
0.856856
0.856293
0.855626
0.855487
0.857046
0.856691
0.855932
0.855805
0.856921
0.857076
0.856307
0.855842
0.855607
0.857596
0.857105
0.856535
0.855544
0.856442
0.857679
0.857080
0.856676
0.855741
0.857377
0.857303
0.856912
0.856323
0.856268
0.857565
0.856808
0.856621
0.855775
0.857186
0.857401
0.856751
0.856147
0.855479
0.857084
0.856705
0.856320
0.855963
0.856423
0.856578
0.856289
0.856241
0.855281
0.856897
0.856468
0.856324
0.855925
0.856019
0.856917
0.856829
0.856074
0.855407
0.856642
0.856532
0.856596
0.856410
0.855950
0.856832
0.856665
0.856547
0.855635
0.856355
0.856566
0.856403
0.856063
0.855638
0.856504
0.856701
0.856565
0.855396
0.855508
0.855926
0.855849
0.855712
0.854998
0.855678
0.855877
0.855637
0.855377
0.855414
0.854732
0.855737
0.855550
0.855245
0.856001
0.855740
0.855796
0.855947
0.852802
0.854186
0.853369
0.852582
0.852029
0.853707
0.855131
0.855600
0.855144
0.855826
0.855129
0.855122
0.854931
0.854861
0.854560
0.854698
0.854959
0.855742
0.855468
0.855340
0.855485
0.855349
0.854963
0.855643
0.855004
0.855613
0.855231
0.855446
0.854801
0.855067
0.855391
0.855183
0.855417
0.854740
0.855144
0.855561
0.855399
0.855746
0.854948
0.854714
0.855880
0.855108
0.855384
0.855286
0.855612
0.855294
0.855564
0.855221
0.855137
0.854643
0.854788
0.854566
0.853857
0.854561
0.854517
0.855053
0.853933
0.854102
0.854047
0.853919
0.855277
0.853665
0.854304
0.854377
0.855038
0.854526
0.854690
0.855095
0.854577
0.855182
0.853906
0.854366
0.854566
0.855538
0.855020
0.854648
0.855145
0.855059
0.855582
0.854531
0.854074
0.854842
0.856013
0.854923
0.854434
0.854560
0.854337
0.854631
0.854053
0.853167
0.852721
0.855090
0.855620
0.855585
0.855383
0.855576
0.856203
0.855303
0.854552
0.854726
0.856054
0.855336
0.854906
0.855000
0.855386
0.856671
0.855295
0.854646
0.854394
0.855252
0.855992
0.855561
0.855165
0.855108
0.856068
0.855462
0.855089
0.854396
0.855151
0.856030
0.855380
0.855006
0.855036
0.856066
0.855464
0.854962
0.853837
0.854365
0.855750
0.855006
0.854733
0.854471
0.855411
0.854888
0.854262
0.853325
0.853425
0.855144
0.854415
0.854025
0.854001
0.854689
0.854840
0.854565
0.851974
0.851010
0.853223
0.852868
0.852707
0.853537
0.854658
0.854537
0.854042
0.853481
0.852935
0.854903
0.854223
0.854135
0.854173
0.854298
0.855090
0.854063
0.853029
0.852555
0.854332
0.854252
0.853188
0.853651
0.853888
0.854769
0.853683
0.852786
0.851920
0.853484
0.853530
0.852864
0.853079
0.853279
0.854294
0.853643
0.852643
0.851978
0.852833
0.853576
0.852882
0.852824
0.853170
0.854360
0.853648
0.853076
0.852304
0.852584
0.853755
0.852970
0.852799
0.852931
0.853978
0.853638
0.853082
0.852286
0.852105
0.853298
0.852843
0.852157
0.852317
0.853639
0.853178
0.852653
0.851761
0.851261
0.853290
0.851803
0.850043
0.850009
0.850697
0.851888
0.850402
0.851599
0.851135
0.852538
0.852205
0.851735
0.851678
0.852695
0.852711
0.852969
0.850997
0.851066
0.851863
0.852374
0.852449
0.851784
0.852283
0.852619
0.852496
0.852112
0.851084
0.852073
0.851840
0.851693
0.851378
0.851668
0.852342
0.851960
0.851581
0.850555
0.851404
0.851561
0.851336
0.850934
0.851074
0.851880
0.851598
0.851520
0.850586
0.851246
0.851139
0.851298
0.850813
0.850848
0.851704
0.851491
0.851405
0.850624
0.851108
0.851166
0.851251
0.850589
0.850437
0.851499
0.851002
0.851013
0.850472
0.850576
0.850856
0.850723
0.850052
0.850381
0.850838
0.848572
0.849462
0.848539
0.849434
0.850261
0.849715
0.849364
0.848982
0.849944
0.849550
0.849517
0.849774
0.848622
0.850428
0.849936
0.849454
0.849075
0.850044
0.849474
0.849723
0.849554
0.848981
0.849746
0.849695
0.849155
0.848514
0.849391
0.848986
0.849072
0.849128
0.848328
0.848684
0.848370
0.848096
0.847504
0.848288
0.848042
0.847796
0.847416
0.846825
0.847357
0.847294
0.846815
0.846049
0.845646
0.845935
0.845613
0.845143
0.844169
0.844634
0.843809
0.843482
0.842988
0.842961
0.843056
0.842032
0.841717
0.840966
0.841495
0.841168
0.840772
0.839338
0.839165
0.839793
0.839421
0.839735
0.838450
0.838652
0.838293
0.836069
0.835976
0.834155
0.834056
0.831944
0.831610
0.831224
0.831484
0.829533
0.827016
0.825011
0.822916
0.821843
0.820044
0.817317
0.814338
0.812522
0.811468
0.810425
0.810837
0.807252
0.807163
0.804815
0.801705
0.798317
0.794804
0.792581
0.789999
0.788683
0.788306
0.789837
0.789680
0.789172
0.788846
0.787746
0.786342
0.783681
0.781347
0.779610
0.780270
0.779779
0.780332
0.781472
0.782968
0.785879
0.787570
0.789171
0.790271
0.793254
0.797458
0.803598
0.805197
0.804926
0.803115
0.809126
0.820278
0.821374
0.815685
0.810865
0.811189
0.823113
0.833094
0.826178
0.832502
0.826431
0.824107
0.837845
0.836303
0.840090
0.841247
0.834375
0.841594
0.843747
0.843518
0.843438
0.843247
0.844022
0.844337
0.844535
0.844973
0.846287
0.846457
0.847274
0.848356
0.848173
0.848793
0.848030
0.848334
0.848631
0.849435
0.849188
0.848224
0.848753
0.848991
0.849613
0.848969
0.849308
0.849202
0.849687
0.849799
0.849495
0.849625
0.849600
0.849862
0.849546
0.849691
0.849905
0.850379
0.850540
0.850297
0.850261
0.850024
0.851064
0.850173
0.849797
0.850213
0.850216
0.850815
0.850279
0.850323
0.850152
0.851042
0.850141
0.849742
0.849990
0.850176
0.851094
0.850682
0.850379
0.850053
0.851247
0.850299
0.850471
0.850833
0.850421
0.849830
0.849231
0.849037
0.848305
0.850611
0.850929
0.850616
0.850611
0.850542
0.851825
0.851212
0.850859
0.850709
0.851287
0.851429
0.850980
0.850663
0.850571
0.851502
0.850972
0.850984
0.850803
0.850810
0.851223
0.850655
0.850515
0.850115
0.851380
0.850901
0.850528
0.850614
0.850320
0.851188
0.850580
0.850279
0.850161
0.851446
0.851018
0.850877
0.850930
0.850555
0.851576
0.851063
0.850424
0.850480
0.851640
0.851554
0.851046
0.850978
0.850500
0.851678
0.851293
0.850894
0.850338
0.851378
0.851480
0.851169
0.851244
0.849797
0.851173
0.851009
0.850434
0.850050
0.850726
0.851289
0.850725
0.850661
0.850250
0.848834
0.849317
0.849213
0.849684
0.850592
0.851187
0.850926
0.850644
0.850043
0.850579
0.850400
0.850437
0.849895
0.850165
0.851627
0.850835
0.849261
0.848119
0.850238
0.850508
0.850466
0.850136
0.849990
0.851583
0.851210
0.850945
0.850353
0.850372
0.849975
0.850317
0.849950
0.849207
0.851134
0.850815
0.850791
0.850249
0.849867
0.849579
0.849941
0.850018
0.849370
0.850993
0.850773
0.850925
0.850788
0.850368
0.850338
0.850176
0.850482
0.849780
0.851162
0.851247
0.851467
0.851193
0.850892
0.850862
0.850341
0.850751
0.850415
0.851094
0.851297
0.851322
0.851183
0.851149
0.850477
0.849735
0.849110
0.848903
0.848496
0.849386
0.848628
0.850650
0.850554
0.851015
0.850235
0.850109
0.850170
0.850726
0.850906
0.850967
0.851085
0.850788
0.851564
0.850429
0.850235
0.850934
0.850789
0.851076
0.851476
0.851443
0.851124
0.851836
0.850827
0.850635
0.851179
0.850968
0.851283
0.851447
0.851555
0.851403
0.851835
0.851008
0.850455
0.851085
0.850857
0.851375
0.851153
0.851374
0.851234
0.851649
0.850950
0.850112
0.850788
0.850892
0.851939
0.850670
0.851610
0.851734
0.852256
0.851622
0.851105
0.851281
0.851570
0.852617
0.851985
0.852398
0.852519
0.852849
0.852956
0.852366
0.852274
0.852628
0.854260
0.852230
0.851640
0.852199
0.852354
0.853134
0.852199
0.852181
0.852242
0.853673
0.852984
0.852605
0.852662
0.852858
0.853414
0.852949
0.852604
0.852640
0.853603
0.853249
0.852949
0.853384
0.853355
0.854006
0.853311
0.853187
0.853090
0.854288
0.854203
0.853623
0.853836
0.853914
0.855295
0.853915
0.853962
0.853609
0.854566
0.854945
0.854541
0.854422
0.854305
0.855284
0.854837
0.854378
0.852857
0.853534
0.854933
0.854657
0.854555
0.854442
0.855423
0.854742
0.854090
0.853742
0.854214
0.855070
0.854482
0.854727
0.854377
0.855585
0.855314
0.854422
0.853285
0.854176
0.855328
0.854962
0.854920
0.855001
0.855312
0.855266
0.854588
0.854235
0.854449
0.855614
0.854975
0.854818
0.854809
0.855391
0.855116
0.854605
0.853959
0.854070
0.855228
0.854669
0.854546
0.854697
0.854872
0.855069
0.854371
0.853945
0.854151
0.855561
0.854988
0.854341
0.854537
0.854507
0.854996
0.854077
0.853735
0.853890
0.855207
0.854681
0.854605
0.854521
0.854314
0.854504
0.852511
0.851808
0.851525
0.852928
0.852480
0.851632
0.851786
0.851741
0.852292
0.851666
0.850880
0.851856
0.852666
0.852863
0.852747
0.852970
0.852924
0.853671
0.852745
0.852158
0.852581
0.853343
0.853243
0.852891
0.853505
0.853065
0.854577
0.854065
0.851442
0.851158
0.851755
0.852339
0.850933
0.853130
0.854180
0.855432
0.854753
0.854766
0.854944
0.854784
0.856286
0.854382
0.856416
0.856952
0.857332
0.856583
0.856707
0.857598
0.858140
0.858456
0.857556
0.858250
0.858325
0.859132
0.858527
0.857485
0.857384
0.857731
0.858365
0.857443
0.858240
0.858616
0.858430
0.858703
0.857477
0.857214
0.856502
0.857478
0.857472
0.858257
0.858729
0.859013
0.859367
0.858268
0.857733
0.858198
0.859060
0.857899
0.858790
0.859214
0.859100
0.859653
0.858538
0.857975
0.858281
0.858964
0.857711
0.857374
0.858458
0.858437
0.859358
0.858072
0.856990
0.857134
0.858178
0.856913
0.856528
0.857682
0.857490
0.858789
0.857179
0.856217
0.856128
0.857627
0.857045
0.856561
0.856875
0.856097
0.857098
0.856162
0.854368
0.854480
0.856696
0.857646
0.856701
0.856076
0.857091
0.858684
0.858011
0.856961
0.856090
0.855918
0.857434
0.856752
0.855961
0.855880
0.858455
0.857315
0.857276
0.856280
0.855103
0.856441
0.856302
0.855756
0.854636
0.856878
0.856948
0.856690
0.855999
0.854930
0.855191
0.855009
0.854738
0.854051
0.855457
0.856034
0.855401
0.854995
0.854294
0.855018
0.855721
0.855370
0.854123
0.854017
0.855613
0.856500
0.856212
0.854682
0.854231
0.854188
0.855005
0.855200
0.854483
0.855191
0.855129
0.854999
0.854166
0.855026
0.854402
0.855193
0.855049
0.852146
0.852251
0.853274
0.855551
0.854695
0.854685
0.852720
0.853822
0.854214
0.854021
0.854247
0.854617
0.854319
0.853342
0.853684
0.853149
0.853528
0.854175
0.852746
0.852349
0.852923
0.853719
0.853651
0.853194
0.851831
0.850675
0.851652
0.851136
0.851858
0.851154
0.851403
0.850633
0.849621
0.849167
0.849000
0.849880
0.848414
0.847903
0.846217
0.847271
0.848941
0.847597
0.846164
0.844215
0.844004
0.844491
0.845937
0.843697
0.842044
0.842369
0.840576
0.842341
0.841530
0.840192
0.838867
0.838417
0.836865
0.838990
0.839539
0.836926
0.835817
0.833640
0.835310
0.838539
0.837491
0.834473
0.833145
0.833349
0.837666
0.837336
0.833017
0.831231
0.830928
0.831444
0.835657
0.834100
0.831661
0.832719
0.831456
0.833343
0.835159
0.831901
0.831578
0.831932
0.829049
0.832536
0.833272
0.830787
0.829657
0.828418
0.828262
0.833603
0.831473
0.827628
0.826929
0.826195
0.829206
0.830489
0.826600
0.823858
0.825407
0.825112
0.826936
0.824867
0.821415
0.822441
0.821062
0.820783
0.822327
0.820488
0.818660
0.817255
0.816005
0.816303
0.819421
0.815675
0.812767
0.811738
0.812311
0.816021
0.813898
0.809864
0.807251
0.809262
0.810938
0.811296
0.808797
0.805117
0.807319
0.807971
0.808824
0.807906
0.805857
0.805964
0.804887
0.806513
0.806932
0.810136
0.806757
0.803342
0.803099
0.803949
0.806946
0.808469
0.806693
0.804760
0.807140
0.809112
0.811221
0.809994
0.806554
0.808361
0.809477
0.810856
0.812497
0.812687
0.812092
0.811964
0.812777
0.813391
0.817210
0.815067
0.814583
0.814816
0.815595
0.820439
0.821041
0.819831
0.817615
0.818171
0.820327
0.823028
0.823426
0.820834
0.822347
0.823030
0.824032
0.825633
0.824991
0.822539
0.823878
0.824475
0.825432
0.828156
0.827650
0.826147
0.825732
0.825441
0.827590
0.828672
0.827342
0.826069
0.826616
0.828316
0.830271
0.828347
0.826516
0.825667
0.825924
0.827841
0.829225
0.827633
0.826883
0.827510
0.825980
0.828716
0.827345
0.825693
0.826871
0.826172
0.825595
0.828938
0.828459
0.826229
0.827436
0.824888
0.826274
0.828549
0.826226
0.826198
0.826306
0.826254
0.829562
0.828122
0.826176
0.825804
0.826444
0.825078
0.828901
0.825870
0.826812
0.828374
0.826471
0.827225
0.827754
0.827887
0.827503
0.827994
0.825713
0.829996
0.830861
0.827628
0.830575
0.828219
0.827791
0.832048
0.830013
0.829147
0.831285
0.832407
0.833478
0.834530
0.831583
0.832719
0.834798
0.832636
0.835512
0.833572
0.835163
0.836626
0.836374
0.833829
0.836263
0.836056
0.834134
0.836522
0.833411
0.835819
0.839654
0.836967
0.835779
0.836961
0.834419
0.837289
0.837398
0.834514
0.836681
0.837399
0.835621
0.837495
0.835558
0.833709
0.837180
0.836179
0.835092
0.838944
0.837788
0.836638
0.839515
0.837978
0.838410
0.841131
0.839700
0.838256
0.842520
0.841963
0.843801
0.843641
0.840816
0.841464
0.844096
0.842880
0.844159
0.844225
0.842620
0.846846
0.846884
0.843966
0.846915
0.845625
0.845788
0.848144
0.845751
0.846713
0.851161
0.849648
0.846200
0.849220
0.846647
0.848753
0.850781
0.847777
0.847982
0.851627
0.850654
0.849917
0.850644
0.847322
0.848769
0.850100
0.848029
0.850327
0.851389
0.849797
0.850127
0.848963
0.848394
0.850827
0.849662
0.847676
0.850843
0.850951
0.853540
0.854204
0.850453
0.850372
0.852655
0.852481
0.853219
0.853912
0.854183
0.856745
0.857369
0.855393
0.855419
0.855196
0.856217
0.856450
0.857103
0.858082
0.859549
0.859132
0.857944
0.857242
0.857872
0.858448
0.857894
0.857206
0.858054
0.860251
0.860826
0.859622
0.858152
0.857214
0.857338
0.858036
0.857874
0.858272
0.860258
0.860321
0.859085
0.859126
0.857809
0.857966
0.858413
0.858152
0.857458
0.861073
0.860972
0.860561
0.860416
0.857558
0.858460
0.859108
0.857378
0.856324
0.858587
0.859398
0.858725
0.860524
0.859429
0.859694
0.860013
0.859850
0.857987
0.860118
0.861015
0.861753
0.861067
0.858316
0.858720
0.858904
0.859770
0.860198
0.859814
0.861494
0.861165
0.861190
0.860441
0.860118
0.859987
0.859591
0.860271
0.859637
0.861108
0.861184
0.860718
0.860313
0.859952
0.859072
0.859171
0.859165
0.858860
0.860854
0.860553
0.859988
0.860515
0.858461
0.859228
0.860215
0.859627
0.858755
0.860800
0.860549
0.860831
0.860659
0.859179
0.859010
0.859859
0.860291
0.859887
0.861259
0.860731
0.860955
0.861073
0.860080
0.860453
0.860536
0.860222
0.860406
0.862090
0.862052
0.861638
0.861293
0.859674
0.860932
0.861138
0.860857
0.860968
0.861410
0.861799
0.861943
0.861681
0.860180
0.860932
0.860714
0.861116
0.861166
0.861779
0.861290
0.860983
0.861266
0.860099
0.861367
0.860991
0.860620
0.860566
0.861220
0.862260
0.861997
0.861805
0.860331
0.861129
0.861349
0.861729
0.861959
0.860978
0.862650
0.862208
0.863488
0.863172
0.863336
0.862679
0.863194
0.862889
0.864096
0.865483
0.863477
0.863518
0.863395
0.864190
0.864910
0.864446
0.863574
0.863633
0.864796
0.864844
0.865546
0.864280
0.863625
0.864092
0.864107
0.865297
0.865287
0.865230
0.864533
0.864331
0.865375
0.865738
0.864913
0.864572
0.864674
0.864868
0.867047
0.866987
0.866565
0.866093
0.865104
0.865618
0.866857
0.867643
0.866185
0.866988
0.866816
0.867743
0.868721
0.868497
0.868033
0.866764
0.867198
0.868917
0.868161
0.866843
0.866268
0.865315
0.865216
0.866044
0.867741
0.868318
0.867417
0.868528
0.869034
0.869016
0.870591
0.870369
0.871021
0.868502
0.870012
0.870656
0.871192
0.871290
0.870429
0.870447
0.870670
0.871987
0.870996
0.870570
0.870383
0.871013
0.870342
0.871643
0.871140
0.871201
0.871944
0.871127
0.870542
0.871020
0.871003
0.871666
0.871049
0.871233
0.870183
0.871593
0.871137
0.870507
0.870351
0.869917
0.870705
0.870450
0.870253
0.869959
0.870424
0.869930
0.869426
0.868780
0.869122
0.870070
0.869498
0.869485
0.869393
0.869899
0.869737
0.869058
0.868775
0.868530
0.869870
0.868697
0.868931
0.868936
0.869069
0.869189
0.868670
0.868290
0.867910
0.868762
0.868408
0.868211
0.868227
0.868679
0.867538
0.865673
0.866275
0.865405
0.867584
0.867220
0.866802
0.866705
0.866298
0.866931
0.866742
0.866750
0.865703
0.866649
0.866430
0.866309
0.866762
0.866168
0.866616
0.866004
0.865868
0.865880
0.866794
0.867126
0.866579
0.866724
0.866752
0.867378
0.866990
0.866966
0.866820
0.867406
0.868120
0.867949
0.868095
0.867986
0.869043
0.867923
0.867977
0.868276
0.868717
0.869724
0.869310
0.869032
0.868730
0.869507
0.869159
0.868937
0.869324
0.869229
0.870177
0.869802
0.869979
0.869898
0.870748
0.870282
0.869899
0.870088
0.870514
0.871581
0.870835
0.870781
0.870429
0.871249
0.871179
0.871347
0.869184
0.869594
0.870159
0.871242
0.871360
0.871139
0.870901
0.870943
0.870489
0.870445
0.870813
0.871150
0.870969
0.870860
0.870460
0.870279
0.870724
0.870001
0.870038
0.870056
0.871129
0.870616
0.870550
0.870458
0.870005
0.870664
0.870010
0.870110
0.870028
0.871013
0.870597
0.870778
0.870810
0.870339
0.871056
0.870321
0.870634
0.870720
0.871424
0.871076
0.870833
0.870895
0.870729
0.871460
0.870724
0.870696
0.870357
0.870675
0.871691
0.871537
0.871103
0.870397
0.871110
0.870503
0.870921
0.871058
0.870762
0.871068
0.870783
0.871179
0.871235
0.871903
0.870273
0.870301
0.870767
0.871419
0.872490
0.871523
0.871251
0.869265
0.871184
0.869523
0.871194
0.871096
0.870776
0.872531
0.872535
0.872579
0.872139
0.871461
0.870869
0.871243
0.871845
0.872086
0.872695
0.871034
0.871309
0.872138
0.872639
0.871885
0.870153
0.870094
0.870621
0.873082
0.872661
0.872228
0.870643
0.870767
0.871434
0.870712
0.870864
0.870607
0.871192
0.871220
0.872392
0.872450
0.872138
0.871084
0.869978
0.870209
0.871412
0.873227
0.872180
0.870833
0.871069
0.871571
0.872374
0.870546
0.869979
0.869754
0.871623
0.872244
0.872154
0.871987
0.870413
0.870752
0.869641
0.870070
0.870754
0.871450
0.870250
0.870251
0.871109
0.871648
0.871222
0.867425
0.867575
0.869403
0.871753
0.872082
0.871307
0.870502
0.870230
0.870941
0.870301
0.870682
0.870426
0.870454
0.871078
0.871103
0.871886
0.871251
0.871044
0.869554
0.869879
0.870905
0.871455
0.871518
0.870350
0.870375
0.869826
0.871423
0.870163
0.869609
0.869684
0.869661
0.870147
0.870438
0.870216
0.869554
0.869896
0.869004
0.869289
0.869910
0.869496
0.869968
0.869499
0.869131
0.869519
0.869873
0.869366
0.869102
0.869130
0.868904
0.870168
0.869687
0.869366
0.869113
0.868763
0.869032
0.869126
0.868972
0.868718
0.869650
0.868874
0.868967
0.868654
0.867664
0.868635
0.868395
0.868567
0.868018
0.869445
0.867440
0.866902
0.866531
0.867409
0.868218
0.867779
0.867984
0.867997
0.868882
0.868478
0.868284
0.868421
0.868075
0.868869
0.868470
0.869004
0.867551
0.869371
0.869033
0.869057
0.869589
0.869218
0.869797
0.869766
0.869827
0.869903
0.870166
0.870380
0.869955
0.870326
0.869812
0.870416
0.870212
0.870113
0.870066
0.870530
0.870818
0.870514
0.870752
0.869793
0.870780
0.870793
0.870931
0.870367
0.870994
0.871265
0.871030
0.871493
0.871053
0.871747
0.871588
0.871006
0.871533
0.871720
0.872731
0.872285
0.871357
0.871338
0.871697
0.872601
0.872703
0.872256
0.871857
0.872309
0.872175
0.872565
0.872511
0.871986
0.872119
0.870681
0.870064
0.870778
0.872471
0.871964
0.871590
0.871137
0.871153
0.872130
0.872081
0.871639
0.871096
0.871605
0.871490
0.872077
0.872054
0.871181
0.871856
0.871156
0.871659
0.871924
0.872732
0.872012
0.871831
0.871322
0.871437
0.872623
0.872062
0.872043
0.871511
0.872174
0.872356
0.872489
0.872138
0.871799
0.872260
0.871511
0.871782
0.871934
0.872208
0.872235
0.871791
0.871360
0.871419
0.872206
0.871342
0.871440
0.871126
0.871293
0.872015
0.871736
0.871754
0.871351
0.872315
0.871278
0.871773
0.871850
0.871604
0.872729
0.871909
0.871813
0.871766
0.872763
0.872088
0.872225
0.872195
0.870029
0.871820
0.870867
0.871909
0.871950
0.872610
0.872002
0.871999
0.871535
0.871502
0.872512
0.871928
0.871465
0.871525
0.871937
0.871513
0.871333
0.871169
0.870860
0.872039
0.871535
0.871241
0.871103
0.871525
0.871785
0.871534
0.871371
0.871003
0.872198
0.871652
0.871633
0.871683
0.871669
0.872155
0.871974
0.871703
0.871416
0.872510
0.872055
0.871758
0.871928
0.871810
0.872595
0.871961
0.871890
0.871446
0.872200
0.872244
0.871432
0.871737
0.871619
0.872254
0.871571
0.871550
0.871360
0.871775
0.871829
0.871611
0.871303
0.871226
0.872219
0.871368
0.871469
0.871223
0.871369
0.871652
0.871369
0.871294
0.871457
0.870269
0.870632
0.869275
0.871063
0.871148
0.871832
0.871269
0.871215
0.870939
0.871637
0.871076
0.871030
0.871050
0.871008
0.871438
0.870644
0.870702
0.870507
0.871226
0.870740
0.870336
0.870217
0.870080
0.870926
0.870304
0.870262
0.869905
0.870636
0.870348
0.870181
0.870283
0.870325
0.870867
0.870343
0.870326
0.870194
0.870994
0.870785
0.870361
0.870456
0.870054
0.871478
0.870666
0.870896
0.870541
0.870783
0.870944
0.870731
0.870755
0.870218
0.871426
0.870534
0.870238
0.870608
0.870566
0.870736
0.870474
0.870146
0.869565
0.870783
0.870097
0.869700
0.870206
0.870024
0.870970
0.869479
0.868658
0.868296
0.869585
0.869438
0.869100
0.869192
0.868776
0.869363
0.869516
0.869464
0.869166
0.869160
0.869011
0.868561
0.869133
0.868956
0.869616
0.869105
0.868618
0.868142
0.869021
0.869271
0.868756
0.868255
0.867749
0.868479
0.868453
0.868352
0.868192
0.867827
0.867815
0.867039
0.867157
0.867209
0.868115
0.867354
0.866934
0.866672
0.866401
0.867907
0.867378
0.866554
0.865848
0.866551
0.866621
0.866852
0.866620
0.866109
0.866529
0.865409
0.866079
0.866098
0.866549
0.866125
0.865741
0.865363
0.865629
0.866647
0.865901
0.865719
0.864916
0.865229
0.866179
0.865878
0.865587
0.865168
0.865379
0.865342
0.865633
0.865337
0.865266
0.865837
0.864865
0.865675
0.865421
0.866398
0.865763
0.865639
0.864877
0.865378
0.866356
0.865991
0.866311
0.865757
0.865751
0.866169
0.865880
0.866349
0.866233
0.867054
0.864906
0.866194
0.866804
0.867461
0.867354
0.866949
0.865886
0.866402
0.867442
0.867140
0.867668
0.867534
0.866702
0.867110
0.867287
0.867637
0.867710
0.868220
0.866392
0.867192
0.867712
0.868202
0.868860
0.868311
0.867246
0.867172
0.868708
0.868558
0.868825
0.869174
0.868348
0.868524
0.868597
0.868073
0.868848
0.870146
0.868828
0.867792
0.869110
0.867237
0.867521
0.867074
0.866993
0.864879
0.867909
0.869000
0.867913
0.868456
0.869462
0.869333
0.868566
0.868419
0.868092
0.868784
0.869391
0.868849
0.869044
0.869228
0.870369
0.868941
0.869935
0.869486
0.869767
0.869941
0.869749
0.870170
0.870030
0.870813
0.870179
0.870267
0.869423
0.870191
0.870551
0.870208
0.870330
0.870113
0.870839
0.871451
0.868889
0.869132
0.869052
0.869667
0.869524
0.869959
0.869370
0.870767
0.870259
0.870147
0.870139
0.869731
0.870713
0.869943
0.869815
0.870297
0.870078
0.870035
0.869932
0.870143
0.869973
0.871029
0.870445
0.870198
0.870333
0.870827
0.870771
0.871158
0.870050
0.869308
0.870371
0.869836
0.869650
0.869596
0.869703
0.869953
0.869638
0.869889
0.869361
0.869668
0.870199
0.869275
0.869105
0.869709
0.869241
0.869250
0.869179
0.868709
0.868911
0.870432
0.870540
0.870596
0.870286
0.871653
0.870170
0.869220
0.868893
0.871073
0.870990
0.871120
0.870728
0.870392
0.871218
0.870706
0.870564
0.870506
0.870980
0.870789
0.869682
0.869715
0.868264
0.870718
0.870166
0.870016
0.870243
0.870641
0.870697
0.870364
0.870302
0.870057
0.870680
0.870391
0.870265
0.870136
0.870010
0.870395
0.869898
0.869795
0.869578
0.870355
0.869843
0.869867
0.869401
0.869380
0.870004
0.869507
0.869766
0.869703
0.870576
0.870158
0.869879
0.869431
0.869318
0.870233
0.869606
0.868305
0.869979
0.869576
0.868890
0.868460
0.867361
0.868005
0.870407
0.869706
0.869402
0.869612
0.870211
0.870416
0.869873
0.870022
0.868664
0.870109
0.869474
0.868842
0.868700
0.869257
0.869613
0.869125
0.869210
0.868402
0.868841
0.868215
0.867910
0.867515
0.867668
0.868577
0.868094
0.868227
0.867872
0.868455
0.868236
0.868478
0.868042
0.868485
0.869714
0.869264
0.869387
0.869064
0.869633
0.869420
0.869161
0.869050
0.868597
0.869782
0.869468
0.869288
0.869060
0.869583
0.869368
0.869290
0.868979
0.868610
0.869716
0.869097
0.868987
0.868937
0.868989
0.869290
0.868943
0.868984
0.868616
0.869395
0.869577
0.869024
0.867412
0.867437
0.867447
0.867783
0.868183
0.868511
0.869390
0.869126
0.869222
0.869694
0.869553
0.869890
0.869085
0.868819
0.868882
0.869693
0.868810
0.869291
0.868717
0.868437
0.869471
0.868152
0.868380
0.868002
0.868309
0.868161
0.867431
0.867972
0.867787
0.868251
0.867730
0.866640
0.866838
0.867702
0.867186
0.866894
0.866668
0.866238
0.867620
0.866318
0.865936
0.866029
0.865483
0.866051
0.865538
0.865107
0.865158
0.865321
0.864072
0.864151
0.863315
0.863919
0.864003
0.862415
0.862733
0.862638
0.863254
0.862837
0.862158
0.861802
0.862945
0.862901
0.862443
0.862306
0.861427
0.863130
0.862190
0.859205
0.860578
0.859693
0.862170
0.861377
0.861692
0.861562
0.862367
0.861912
0.861233
0.861112
0.860872
0.861772
0.860879
0.860529
0.860711
0.861259
0.861116
0.860384
0.859886
0.859777
0.861424
0.860587
0.860330
0.860531
0.860966
0.861448
0.860708
0.860261
0.860012
0.861347
0.860776
0.860283
0.860094
0.860468
0.861545
0.860581
0.860338
0.859837
0.861022
0.860948
0.860475
0.860425
0.860547
0.862132
0.861405
0.861330
0.861014
0.861681
0.862151
0.861810
0.861515
0.861354
0.862708
0.862473
0.862002
0.862036
0.860924
0.862191
0.862116
0.861385
0.861033
0.862204
0.862073
0.860920
0.860304
0.860239
0.861136
0.861185
0.858485
0.857075
0.858167
0.858072
0.857554
0.858744
0.858460
0.858622
0.858629
0.858722
0.857818
0.858576
0.858493
0.858452
0.858048
0.857676
0.858459
0.858120
0.858460
0.858069
0.858378
0.857009
0.858439
0.858670
0.858367
0.859365
0.858851
0.859526
0.859392
0.859375
0.859650
0.860074
0.860425
0.859216
0.860534
0.860170
0.860820
0.860773
0.860227
0.860584
0.860604
0.861177
0.860801
0.861581
0.860955
0.860856
0.861710
0.861176
0.861658
0.861399
0.861998
0.861530
0.862299
0.862083
0.862317
0.862755
0.861679
0.862691
0.861208
0.863241
0.862379
0.863301
0.862699
0.862553
0.863191
0.863032
0.862812
0.860693
0.861239
0.860601
0.861547
0.861483
0.861768
0.863031
0.862001
0.862225
0.862263
0.862975
0.862604
0.862274
0.862265
0.862216
0.862805
0.861322
0.861850
0.862000
0.862428
0.862580
0.862083
0.862327
0.861933
0.862406
0.860991
0.860928
0.861747
0.861945
0.862079
0.861228
0.861498
0.861348
0.861485
0.860062
0.859537
0.860659
0.860790
0.861041
0.859757
0.860184
0.859794
0.860045
0.858413
0.857148
0.858565
0.858983
0.859401
0.858244
0.858555
0.858098
0.858450
0.857585
0.855654
0.857758
0.858110
0.858728
0.858071
0.858123
0.857828
0.858005
0.857271
0.854727
0.857006
0.857708
0.858297
0.858072
0.856380
0.855227
0.855563
0.855484
0.853268
0.854939
0.856261
0.857518
0.857176
0.857504
0.856931
0.857049
0.857285
0.855501
0.856057
0.857123
0.857252
0.857146
0.857131
0.856793
0.857242
0.857373
0.856203
0.856132
0.856721
0.856948
0.857046
0.857056
0.857140
0.856969
0.856951
0.856062
0.856315
0.856532
0.856971
0.856764
0.856183
0.856686
0.856611
0.856803
0.856096
0.856070
0.855843
0.856307
0.856373
0.855876
0.856500
0.855846
0.856133
0.855309
0.856211
0.854771
0.855576
0.855195
0.854651
0.855054
0.854949
0.854765
0.854009
0.854082
0.853433
0.853388
0.853819
0.852945
0.853447
0.852976
0.853305
0.853498
0.852889
0.850776
0.851434
0.851660
0.852415
0.853480
0.853117
0.853342
0.853208
0.853027
0.852866
0.852715
0.853012
0.852780
0.853333
0.852922
0.853196
0.853768
0.853198
0.853314
0.852070
0.852261
0.852227
0.853191
0.852601
0.852407
0.852600
0.852365
0.853251
0.852448
0.852447
0.852031
0.852847
0.852675
0.853273
0.853454
0.853016
0.853152
0.852433
0.852570
0.852783
0.853269
0.852407
0.852001
0.852536
0.852665
0.853732
0.852293
0.851455
0.851252
0.851986
0.852045
0.851734
0.851527
0.851232
0.852126
0.851580
0.851094
0.850871
0.850517
0.851027
0.850833
0.851074
0.850537
0.851307
0.851097
0.849599
0.849470
0.847862
0.849462
0.848668
0.849100
0.850507
0.851556
0.850577
0.849788
0.850029
0.850327
0.851239
0.850458
0.849783
0.849664
0.851398
0.851144
0.851082
0.850158
0.848801
0.850501
0.850338
0.850630
0.850541
0.849907
0.849602
0.850138
0.850073
0.849829
0.849983
0.848504
0.849019
0.849667
0.849972
0.849893
0.848495
0.848253
0.848395
0.849233
0.848768
0.848687
0.847619
0.848762
0.849767
0.848580
0.848763
0.847847
0.848593
0.848661
0.848239
0.848618
0.848840
0.849456
0.849134
0.849178
0.848367
0.849392
0.848807
0.848646
0.849134
0.848819
0.849907
0.849572
0.849041
0.849113
0.849276
0.847702
0.847993
0.847451
0.847359
0.849079
0.848099
0.847995
0.848256
0.848150
0.848354
0.847710
0.847156
0.847971
0.848770
0.848325
0.848161
0.847566
0.847558
0.848355
0.847640
0.847871
0.847220
0.848168
0.848412
0.848126
0.847939
0.847884
0.848123
0.847552
0.847839
0.847450
0.848520
0.848220
0.848053
0.848418
0.847743
0.848465
0.847905
0.848044
0.848123
0.848889
0.848786
0.848851
0.848770
0.848705
0.849689
0.849109
0.849291
0.849237
0.850002
0.850765
0.850641
0.850795
0.850811
0.851930
0.851294
0.851780
0.851833
0.852439
0.853590
0.853297
0.853921
0.853503
0.853736
0.854332
0.854480
0.854801
0.854968
0.855713
0.855923
0.856166
0.855760
0.857228
0.855629
0.856047
0.856877
0.856616
0.857711
0.857418
0.857064
0.857536
0.858501
0.857927
0.858072
0.857894
0.857731
0.859681
0.859394
0.859450
0.859260
0.859697
0.860255
0.860133
0.860347
0.860404
0.861434
0.861403
0.862042
0.861822
0.862471
0.862482
0.862238
0.862619
0.862659
0.863863
0.863622
0.863314
0.863355
0.863709
0.864406
0.863490
0.863186
0.863190
0.864571
0.864555
0.864488
0.864013
0.863830
0.864441
0.864040
0.864367
0.863929
0.864714
0.864435
0.864579
0.864892
0.865093
0.864811
0.864291
0.864850
0.862814
0.863647
0.862962
0.862741
0.861766
0.863297
0.865573
0.864682
0.864281
0.864995
0.864820
0.866141
0.864798
0.865407
0.865500
0.866853
0.866720
0.867244
0.865212
0.866152
0.866803
0.866959
0.867462
0.866440
0.866995
0.866175
0.866072
0.866956
0.866918
0.867661
0.866765
0.866643
0.866940
0.868636
0.867636
0.867289
0.866895
0.866854
0.868771
0.868242
0.867981
0.867628
0.868197
0.867358
0.868310
0.867643
0.867852
0.868538
0.868068
0.868950
0.868352
0.868667
0.868506
0.867469
0.868142
0.867583
0.868497
0.868708
0.868145
0.867807
0.868589
0.868260
0.867801
0.867805
0.866982
0.868589
0.868558
0.868074
0.868174
0.867862
0.868134
0.868227
0.867911
0.867704
0.868930
0.868167
0.868636
0.868944
0.866446
0.867434
0.866133
0.865772
0.865486
0.868046
0.868569
0.868558
0.868119
0.868329
0.868888
0.867655
0.867820
0.867311
0.867833
0.868162
0.867634
0.867113
0.867789
0.868345
0.867871
0.867491
0.866867
0.867729
0.867774
0.867749
0.868220
0.867214
0.868126
0.867678
0.867146
0.867630
0.867694
0.867842
0.867899
0.867720
0.867568
0.868905
0.867575
0.867416
0.867553
0.867646
0.869088
0.868194
0.867953
0.867628
0.868468
0.868225
0.868098
0.867560
0.867596
0.868601
0.868056
0.868490
0.867636
0.868374
0.867841
0.867373
0.867828
0.867588
0.868236
0.868047
0.867772
0.867720
0.868267
0.867839
0.867664
0.868104
0.867385
0.866886
0.866851
0.868025
0.868469
0.868484
0.868782
0.868324
0.868199
0.868083
0.869415
0.868846
0.869043
0.869031
0.868813
0.869077
0.868623
0.868287
0.868116
0.869220
0.869061
0.868924
0.868538
0.868260
0.868995
0.868171
0.868258
0.867807
0.868684
0.868204
0.868171
0.868098
0.868462
0.869222
0.867728
0.867702
0.867589
0.868825
0.869150
0.868822
0.868043
0.867849
0.868474
0.868794
0.868708
0.868464
0.868204
0.868324
0.867970
0.868791
0.868847
0.869045
0.866458
0.866137
0.864518
0.867670
0.868830
0.868382
0.867642
0.866297
0.868323
0.868076
0.867900
0.867627
0.866870
0.868018
0.866686
0.866633
0.866278
0.866530
0.865808
0.867105
0.867552
0.868594
0.869009
0.868741
0.867914
0.867761
0.869116
0.869371
0.868989
0.868425
0.866920
0.868473
0.868816
0.869532
0.869280
0.868894
0.868020
0.868111
0.868821
0.869045
0.870109
0.868879
0.867906
0.868384
0.869212
0.870094
0.869536
0.868579
0.867417
0.869034
0.869130
0.869511
0.869527
0.868817
0.868626
0.868701
0.869148
0.869095
0.870082
0.869491
0.868555
0.869024
0.869361
0.870622
0.870067
0.869561
0.868253
0.869545
0.869905
0.870580
0.869887
0.869752
0.869874
0.869579
0.869887
0.870397
0.870001
0.870290
0.869099
0.869710
0.870278
0.871099
0.868841
0.868307
0.867150
0.867217
0.869024
0.870285
0.870197
0.869659
0.869893
0.869479
0.869747
0.869853
0.869865
0.869702
0.869192
0.869432
0.869585
0.870805
0.870215
0.869980
0.868961
0.868897
0.870363
0.869938
0.870106
0.869727
0.869808
0.869375
0.870104
0.868628
0.869342
0.870409
0.869409
0.869163
0.869524
0.870301
0.869991
0.870220
0.868319
0.868247
0.870016
0.869775
0.869669
0.869620
0.869194
0.869126
0.869362
0.869377
0.869297
0.870308
0.869156
0.869409
0.869907
0.869925
0.870485
0.869835
0.869526
0.869178
0.870371
0.870704
0.869671
0.869331
0.868899
0.869352
0.869435
0.868993
0.869113
0.869420
0.868321
0.868240
0.868434
0.868418
0.868331
0.867916
0.868267
0.867454
0.868838
0.868339
0.868096
0.867718
0.867165
0.868663
0.867694
0.868055
0.867660
0.867872
0.868227
0.867695
0.867900
0.867216
0.869482
0.868300
0.868003
0.868139
0.867879
0.868377
0.868572
0.868798
0.868306
0.868706
0.867913
0.868975
0.869753
0.869247
0.869163
0.869097
0.868703
0.869040
0.869601
0.868555
0.868158
0.868544
0.868606
0.868751
0.867700
0.869191
0.869508
0.869871
0.869927
0.869818
0.868284
0.869248
0.869526
0.869491
0.870075
0.868542
0.870108
0.869986
0.869857
0.870219
0.869027
0.869839
0.868767
0.868395
0.868603
0.869196
0.870101
0.869573
0.869085
0.868854
0.870136
0.869608
0.869454
0.869247
0.869349
0.869827
0.869660
0.869437
0.869161
0.870093
0.869037
0.868892
0.869248
0.869348
0.869972
0.869222
0.868693
0.868584
0.869687
0.869216
0.868910
0.868785
0.868074
0.869642
0.869383
0.869136
0.868824
0.869001
0.868970
0.869235
0.869266
0.868985
0.869995
0.868783
0.869480
0.869348
0.869815
0.869875
0.868886
0.868831
0.869328
0.870520
0.869817
0.869592
0.868654
0.869293
0.870131
0.869589
0.868887
0.868666
0.868836
0.869725
0.869656
0.869253
0.868968
0.868829
0.868582
0.868916
0.868704
0.869836
0.869048
0.868624
0.869266
0.869139
0.869837
0.869225
0.868630
0.868444
0.869830
0.869815
0.869816
0.869597
0.868631
0.869946
0.869606
0.869632
0.869541
0.869625
0.869632
0.869811
0.869937
0.869710
0.870341
0.869224
0.869218
0.869172
0.869542
0.870200
0.869670
0.869450
0.869057
0.870063
0.869442
0.869273
0.868869
0.868966
0.869753
0.869618
0.869661
0.869042
0.869753
0.869356
0.869470
0.869378
0.869117
0.869924
0.869620
0.869838
0.869587
0.870163
0.869586
0.869312
0.869508
0.869620
0.870585
0.869686
0.869715
0.869662
0.869944
0.869747
0.869234
0.867570
0.866457
0.867372
0.866565
0.866268
0.865725
0.867462
0.868595
0.868148
0.868638
0.868187
0.868013
0.867931
0.867563
0.867988
0.868244
0.868812
0.868090
0.867851
0.868341
0.869448
0.869177
0.869087
0.869203
0.869048
0.869647
0.869672
0.868399
0.868413
0.869663
0.869299
0.869547
0.868717
0.868632
0.869643
0.869041
0.868920
0.868595
0.869179
0.868863
0.868654
0.868720
0.868391
0.869710
0.869113
0.868828
0.868680
0.868834
0.868900
0.868685
0.868617
0.868207
0.868952
0.868669
0.868484
0.868858
0.869061
0.869157
0.868844
0.868829
0.868580
0.869752
0.868918
0.868925
0.868757
0.868810
0.869496
0.869060
0.869209
0.868468
0.869535
0.868978
0.868831
0.868449
0.868105
0.868656
0.868522
0.868379
0.868215
0.869617
0.866886
0.866683
0.867445
0.867562
0.868953
0.867555
0.867823
0.867986
0.867379
0.867432
0.867019
0.867009
0.866561
0.867512
0.867179
0.866957
0.866614
0.866535
0.867389
0.867193
0.866979
0.866686
0.867519
0.866908
0.867000
0.867034
0.867046
0.867482
0.866896
0.866614
0.866718
0.868184
0.867876
0.866984
0.866792
0.866887
0.867679
0.867281
0.868295
0.867476
0.868006
0.867775
0.867687
0.867750
0.867409
0.867830
0.867236
0.867344
0.867393
0.867912
0.867599
0.867203
0.867218
0.867288
0.868155
0.867549
0.867196
0.866993
0.867649
0.867705
0.867136
0.867181
0.866694
0.868014
0.866613
0.866949
0.867009
0.866744
0.866835
0.866540
0.866618
0.866193
0.866570
0.865957
0.865906
0.866168
0.865239
0.865659
0.865400
0.864999
0.864649
0.865908
0.865576
0.865252
0.864754
0.864444
0.865571
0.865169
0.865034
0.864671
0.865116
0.864799
0.864846
0.865009
0.864661
0.865437
0.864759
0.864238
0.864699
0.864987
0.865430
0.864890
0.864469
0.864190
0.865246
0.864892
0.864405
0.863783
0.864422
0.863561
0.861454
0.861230
0.860681
0.860782
0.859864
0.862213
0.862875
0.862315
0.863857
0.862240
0.862688
0.862564
0.864123
0.864179
0.863771
0.863585
0.863633
0.864710
0.864345
0.864301
0.863833
0.864412
0.864400
0.864615
0.864239
0.863819
0.864802
0.864435
0.864720
0.864622
0.865216
0.864883
0.864302
0.864360
0.864378
0.865146
0.864721
0.864078
0.864119
0.864643
0.864911
0.864270
0.864276
0.863816
0.864684
0.864167
0.864070
0.864366
0.864365
0.864348
0.863687
0.864137
0.863959
0.865383
0.864524
0.864298
0.864263
0.864313
0.864919
0.864488
0.864278
0.863809
0.864542
0.864236
0.864120
0.864318
0.863707
0.863881
0.863918
0.863944
0.863566
0.864166
0.862456
0.862912
0.863074
0.862820
0.864203
0.861599
0.859110
0.860689
0.862187
0.862238
0.860837
0.858901
0.860137
0.862165
0.861631
0.858557
0.856871
0.858174
0.860433
0.860100
0.858817
0.855362
0.856174
0.858033
0.858265
0.857175
0.853615
0.852887
0.854282
0.855775
0.854785
0.853292
0.849568
0.850677
0.853543
0.853128
0.851905
0.847172
0.847048
0.850759
0.852022
0.850572
0.845478
0.844492
0.847068
0.849786
0.848219
0.844814
0.842288
0.843230
0.847401
0.846709
0.844237
0.839208
0.840097
0.844461
0.844854
0.842883
0.840120
0.839469
0.841526
0.843376
0.841048
0.839626
0.837862
0.838332
0.840881
0.839781
0.837519
0.835919
0.835630
0.838399
0.838566
0.835958
0.833564
0.831606
0.834897
0.834647
0.832817
0.830965
0.830214
0.832742
0.833763
0.830823
0.828734
0.827772
0.829198
0.830795
0.829669
0.826523
0.826485
0.826101
0.827743
0.828226
0.826190
0.825518
0.825178
0.826029
0.827159
0.826907
0.826032
0.825084
0.825917
0.826200
0.827147
0.826495
0.825918
0.825748
0.826373
0.826272
0.825882
0.826416
0.825834
0.827136
0.827213
0.826907
0.827559
0.828316
0.828750
0.828538
0.828918
0.828695
0.830526
0.830725
0.830377
0.830896
0.831099
0.832134
0.833231
0.832807
0.832658
0.833396
0.833488
0.834825
0.835438
0.835369
0.836442
0.835456
0.836892
0.838707
0.838012
0.837048
0.836801
0.838114
0.840567
0.842194
0.841933
0.841168
0.840564
0.842125
0.844170
0.844634
0.844427
0.843201
0.845219
0.845838
0.847355
0.847675
0.846635
0.846905
0.848204
0.848477
0.849113
0.849546
0.848425
0.849084
0.850020
0.849962
0.851403
0.850766
0.850956
0.851009
0.852921
0.852842
0.852422
0.852371
0.852346
0.853074
0.853214
0.853198
0.852910
0.853245
0.852960
0.852851
0.852913
0.852528
0.853143
0.852041
0.852257
0.852140
0.852622
0.852517
0.851699
0.851368
0.851290
0.852516
0.852196
0.851347
0.850675
0.851463
0.852365
0.852384
0.852564
0.851204
0.852329
0.852386
0.852515
0.852932
0.853571
0.852284
0.850987
0.852548
0.853409
0.855009
0.854762
0.853668
0.854151
0.854784
0.855652
0.855601
0.855259
0.855355
0.855511
0.856162
0.855780
0.855722
0.855758
0.856893
0.856234
0.856690
0.856107
0.856595
0.856729
0.856717
0.856584
0.856329
0.856728
0.856237
0.856515
0.856754
0.856873
0.857128
0.856149
0.856756
0.857018
0.858141
0.857602
0.857369
0.857314
0.857781
0.859064
0.858668
0.858535
0.857932
0.859314
0.859573
0.859903
0.859804
0.859652
0.858939
0.859875
0.860668
0.860711
0.861398
0.861007
0.859882
0.861160
0.861584
0.862429
0.861145
0.860918
0.861039
0.862258
0.862710
0.861846
0.859324
0.859891
0.861930
0.862674
0.862708
0.861800
0.862021
0.862723
0.863003
0.863125
0.862434
0.863237
0.862691
0.863392
0.863522
0.863285
0.863849
0.862880
0.863836
0.864049
0.864663
0.863463
0.863598
0.863939
0.864000
0.864620
0.863801
0.863181
0.863781
0.865028
0.864549
0.863755
0.863556
0.863785
0.864963
0.864336
0.863783
0.863573
0.864648
0.865730
0.863234
0.863909
0.863720
0.864774
0.865000
0.864993
0.864668
0.864496
0.864734
0.864970
0.865086
0.864694
0.864722
0.864370
0.864807
0.865117
0.865322
0.865052
0.864483
0.864784
0.864655
0.865909
0.864769
0.864045
0.864376
0.863819
0.865120
0.864748
0.863985
0.861347
0.863054
0.863817
0.863959
0.863497
0.863239
0.864303
0.864401
0.863977
0.863187
0.863906
0.864069
0.864102
0.864105
0.863407
0.864009
0.863759
0.864200
0.864274
0.864273
0.863718
0.863572
0.863832
0.864087
0.864789
0.863732
0.863469
0.863634
0.864513
0.864655
0.863510
0.863355
0.863056
0.864604
0.864627
0.863876
0.863386
0.863150
0.863764
0.864053
0.863878
0.862835
0.863683
0.863153
0.863656
0.863962
0.863115
0.863615
0.862962
0.863368
0.863787
0.864212
0.863552
0.863381
0.863559
0.864009
0.864689
0.863797
0.863640
0.863311
0.864601
0.864961
0.864341
0.864081
0.864135
0.862869
0.863340
0.863400
0.863777
0.864165
0.864579
0.862952
0.864574
0.863350
0.864744
0.863754
0.863381
0.863995
0.863634
0.863872
0.863392
0.863315
0.863472
0.864318
0.863433
0.863525
0.863193
0.863284
0.864236
0.863249
0.863240
0.863197
0.863988
0.863793
0.863571
0.863230
0.863177
0.863872
0.863404
0.863504
0.862867
0.863623
0.863406
0.863172
0.863290
0.862994
0.863515
0.863099
0.862813
0.862661
0.863401
0.863038
0.862718
0.862534
0.862247
0.863358
0.862696
0.862290
0.862138
0.862111
0.862660
0.862393
0.862118
0.861756
0.862727
0.861919
0.862138
0.862194
0.861937
0.862460
0.862004
0.861717
0.861823
0.863092
0.860296
0.860731
0.860780
0.862201
0.862880
0.862343
0.862257
0.862101
0.862769
0.862578
0.862328
0.863003
0.861458
0.863122
0.862807
0.862870
0.861936
0.863084
0.863224
0.863039
0.863132
0.862867
0.864148
0.863953
0.863744
0.864015
0.864382
0.864735
0.864390
0.864620
0.864535
0.865844
0.865460
0.865605
0.865669
0.865723
0.866680
0.866399
0.866357
0.866189
0.867239
0.866973
0.867097
0.867250
0.867071
0.867769
0.867245
0.867357
0.867268
0.868005
0.867851
0.867702
0.867630
0.867565
0.868207
0.867672
0.867423
0.867215
0.868117
0.868102
0.867933
0.867863
0.867513
0.868742
0.867686
0.868347
0.868323
0.868404
0.868946
0.867478
0.867426
0.867193
0.867948
0.867849
0.867642
0.867847
0.867869
0.868361
0.868121
0.868064
0.867704
0.868647
0.867934
0.867848
0.867974
0.867904
0.868590
0.867984
0.867900
0.867544
0.868413
0.867966
0.867653
0.867584
0.867288
0.868064
0.867798
0.867929
0.867646
0.868251
0.868024
0.867909
0.868034
0.867747
0.868638
0.868067
0.868116
0.868098
0.868743
0.868675
0.868492
0.868492
0.868005
0.869194
0.868768
0.868773
0.868818
0.869021
0.869312
0.869141
0.868284
0.868580
0.869489
0.868880
0.868738
0.868757
0.868800
0.869450
0.869096
0.868731
0.868227
0.869229
0.868792
0.868667
0.868559
0.868245
0.869126
0.868524
0.868623
0.868414
0.869261
0.869041
0.868762
0.868572
0.868967
0.869601
0.869092
0.868965
0.868827
0.869280
0.869394
0.869218
0.869292
0.868896
0.869688
0.869362
0.869369
0.868620
0.868976
0.869288
0.869174
0.869070
0.868335
0.869492
0.869082
0.868890
0.868719
0.868647
0.869333
0.868727
0.868731
0.868326
0.869379
0.868900
0.868571
0.868834
0.868785
0.869394
0.868756
0.868762
0.868502
0.869548
0.869156
0.868896
0.868757
0.868654
0.869642
0.868724
0.869019
0.868545
0.869567
0.869211
0.868914
0.868928
0.868592
0.869398
0.868788
0.868469
0.868608
0.869182
0.866894
0.865976
0.865539
0.865543
0.865688
0.866128
0.867269
0.867203
0.867450
0.868331
0.867494
0.866964
0.866851
0.867620
0.867404
0.868034
0.867907
0.868138
0.868676
0.868160
0.868295
0.867944
0.868803
0.868345
0.867965
0.867789
0.867168
0.868570
0.868067
0.867947
0.867574
0.868144
0.867081
0.867378
0.867483
0.867058
0.867901
0.866603
0.867860
0.866187
0.867254
0.866874
0.866553
0.866500
0.866190
0.867339
0.866164
0.865784
0.865291
0.865425
0.865577
0.864950
0.864745
0.864098
0.864246
0.863342
0.862604
0.861670
0.860686
0.860268
0.859208
0.858816
0.857421
0.858168
0.857471
0.857272
0.857353
0.857326
0.857652
0.857385
0.857883
0.856965
0.858315
0.857676
0.858117
0.857877
0.858736
0.859992
0.857257
0.858631
0.854771
0.856225
0.855702
0.855467
0.856766
0.856357
0.857135
0.855561
0.854866
0.853996
0.853405
0.852037
0.850261
0.848706
0.846219
0.845138
0.842633
0.840231
0.838444
0.836785
0.835470
0.834334
0.833548
0.832896
0.833891
0.833133
0.832890
0.833895
0.834340
0.835842
0.835680
0.835495
0.834767
0.835734
0.833531
0.832407
0.830920
0.828234
0.827632
0.825884
0.825019
0.822824
0.822599
0.821912
0.824353
0.825876
0.825810
0.826918
0.826907
0.828211
0.830474
0.833160
0.835504
0.837670
0.839851
0.842171
0.846149
0.847352
0.849516
0.851818
0.853432
0.855134
0.855501
0.856059
0.854731
0.854958
0.854756
0.854504
0.855956
0.855210
0.857881
0.858285
0.858610
0.858634
0.859811
0.859382
0.859659
0.859667
0.859825
0.860987
0.860536
0.860732
0.860411
0.861712
0.861781
0.862091
0.861949
0.862231
0.863410
0.862897
0.863155
0.863022
0.863596
0.863923
0.863310
0.863761
0.863810
0.865051
0.864779
0.864645
0.864658
0.864813
0.865255
0.864770
0.864866
0.864633
0.865690
0.864951
0.865021
0.864867
0.864716
0.865399
0.864916
0.864780
0.864589
0.865738
0.865302
0.865643
0.865676
0.865423
0.866384
0.866126
0.866188
0.866046
0.866961
0.866590
0.866551
0.866871
0.866969
0.867754
0.867757
0.866257
0.865415
0.866011
0.865971
0.865937
0.866189
0.867174
0.868446
0.868074
0.867842
0.867581
0.867743
0.868124
0.867621
0.868059
0.867637
0.868403
0.867668
0.867848
0.867946
0.867959
0.868220
0.867580
0.867729
0.867664
0.868757
0.868026
0.868117
0.867525
0.867803
0.869170
0.868319
0.868233
0.867897
0.868918
0.868629
0.868491
0.868459
0.868073
0.868706
0.868636
0.868682
0.868492
0.869098
0.868595
0.868405
0.868625
0.868363
0.869090
0.868524
0.868072
0.868205
0.868966
0.868662
0.868335
0.867892
0.867552
0.868795
0.868238
0.868021
0.867800
0.868028
0.868520
0.868235
0.868090
0.867718
0.868399
0.867924
0.867920
0.868261
0.867871
0.866696
0.867020
0.866475
0.867491
0.868586
0.867683
0.867661
0.868062
0.868005
0.868642
0.868105
0.867907
0.867499
0.868124
0.867696
0.867564
0.867537
0.867171
0.868189
0.867520
0.867371
0.867337
0.867516
0.867261
0.867081
0.866984
0.866573
0.867350
0.867173
0.866914
0.866820
0.867077
0.867077
0.867006
0.867035
0.866736
0.867807
0.866850
0.867099
0.867170
0.867180
0.867764
0.866964
0.867015
0.867094
0.868058
0.867630
0.867266
0.867174
0.867200
0.867738
0.867566
0.865761
0.866436
0.867698
0.866663
0.866862
0.866995
0.866530
0.867192
0.866560
0.866383
0.866198
0.866796
0.867178
0.865942
0.864937
0.864945
0.864525
0.865401
0.865325
0.864609
0.866358
0.866804
0.865770
0.866531
0.866162
0.867332
0.866742
0.866557
0.865175
0.867004
0.866922
0.867134
0.866293
0.865964
0.867240
0.866854
0.866820
0.866055
0.865645
0.866966
0.866382
0.866398
0.865955
0.866142
0.866188
0.865797
0.866233
0.865842
0.865711
0.865558
0.865489
0.865495
0.866433
0.865405
0.865133
0.865411
0.865269
0.866312
0.865260
0.864583
0.865121
0.865757
0.866044
0.865534
0.864473
0.864545
0.865144
0.865561
0.865529
0.864517
0.864792
0.865060
0.865184
0.865582
0.864211
0.864496
0.864390
0.864047
0.864913
0.865019
0.862752
0.862563
0.861195
0.861889
0.863644
0.861788
0.862392
0.862732
0.862973
0.864415
0.863369
0.862363
0.862550
0.863178
0.863605
0.863447
0.863013
0.862411
0.863568
0.863337
0.863656
0.863296
0.863380
0.863252
0.863112
0.863403
0.863569
0.864194
0.863250
0.863126
0.862868
0.863917
0.863872
0.863138
0.863169
0.862457
0.863826
0.863674
0.863234
0.862886
0.862688
0.863146
0.863496
0.863478
0.862694
0.864060
0.863189
0.863547
0.863832
0.863661
0.864151
0.863721
0.863617
0.864161
0.865396
0.864903
0.863679
0.864280
0.864279
0.865924
0.864841
0.864954
0.865138
0.865573
0.865759
0.866087
0.865754
0.865587
0.866300
0.865884
0.865796
0.864514
0.864612
0.864244
0.864473
0.864094
0.865948
0.866936
0.865854
0.865825
0.865387
0.866030
0.866641
0.866157
0.866151
0.865600
0.866388
0.866402
0.866361
0.865955
0.866055
0.866387
0.865843
0.866486
0.866240
0.867023
0.866430
0.865952
0.866203
0.866438
0.867134
0.866475
0.866275
0.865604
0.866931
0.866587
0.866427
0.866156
0.865807
0.866148
0.866157
0.866215
0.865797
0.866449
0.865754
0.865319
0.865668
0.865526
0.866250
0.865725
0.865313
0.865198
0.865670
0.865948
0.865462
0.865563
0.864924
0.865968
0.865612
0.865820
0.865675
0.865667
0.865690
0.865548
0.865749
0.865406
0.866758
0.864031
0.864028
0.864458
0.865046
0.866141
0.865635
0.865495
0.864857
0.866092
0.865620
0.865302
0.865014
0.864786
0.865484
0.865140
0.864961
0.864350
0.864985
0.864537
0.864391
0.864784
0.864603
0.865432
0.864580
0.864493
0.864470
0.865058
0.864893
0.864524
0.864480
0.864033
0.865153
0.864770
0.864474
0.864207
0.864251
0.864430
0.864364
0.864253
0.864089
0.864725
0.863862
0.863755
0.863938
0.863814
0.864474
0.863612
0.863416
0.862778
0.864153
0.863723
0.863184
0.863073
0.862367
0.863158
0.862713
0.862694
0.862203
0.862824
0.862150
0.861962
0.862163
0.862004
0.862221
0.862145
0.861642
0.860215
0.860758
0.860366
0.860174
0.859708
0.860723
0.862175
0.861326
0.861173
0.861000
0.860929
0.861319
0.861129
0.860803
0.860302
0.861101
0.860205
0.860332
0.860393
0.860104
0.860373
0.860054
0.859335
0.858223
0.859668
0.859012
0.858902
0.858707
0.858693
0.859499
0.858868
0.858393
0.857797
0.858522
0.858478
0.858281
0.857702
0.857627
0.858311
0.857706
0.858239
0.857532
0.857912
0.857537
0.857322
0.857490
0.857458
0.857762
0.857466
0.857058
0.856914
0.857575
0.857343
0.857088
0.856074
0.855973
0.857413
0.856807
0.856267
0.856429
0.856403
0.856966
0.856425
0.856128
0.855325
0.856582
0.855762
0.855801
0.856278
0.855470
0.855324
0.854583
0.854104
0.854760
0.855689
0.854945
0.854626
0.854579
0.854722
0.855745
0.854900
0.854815
0.854323
0.854741
0.855157
0.854771
0.854326
0.854424
0.855109
0.854542
0.854775
0.853961
0.854834
0.854002
0.853876
0.854113
0.853940
0.854523
0.854315
0.853826
0.853728
0.854215
0.854028
0.853879
0.853720
0.853382
0.854842
0.853836
0.853619
0.853912
0.853639
0.854371
0.854229
0.853723
0.853854
0.854579
0.854194
0.854539
0.854249
0.854199
0.854471
0.854248
0.854433
0.854751
0.855253
0.855200
0.854484
0.854640
0.855087
0.855654
0.855048
0.855070
0.854244
0.855682
0.855938
0.855419
0.855387
0.854648
0.855549
0.855789
0.855548
0.855286
0.855700
0.855417
0.855865
0.855703
0.855322
0.856417
0.855811
0.855503
0.856372
0.856408
0.856793
0.856431
0.855785
0.856133
0.857638
0.856398
0.856596
0.856323
0.856357
0.857723
0.857170
0.856935
0.856479
0.856876
0.857053
0.857148
0.856752
0.856869
0.856610
0.856736
0.857127
0.856769
0.857163
0.856910
0.856492
0.856788
0.856831
0.857319
0.857003
0.856856
0.856678
0.857712
0.857489
0.857318
0.857416
0.856772
0.858207
0.857964
0.857515
0.857675
0.857650
0.858107
0.858302
0.857929
0.857476
0.858833
0.857663
0.858396
0.858417
0.855778
0.856103
0.855798
0.855187
0.855131
0.858266
0.857677
0.857042
0.857742
0.857992
0.858683
0.857602
0.856360
0.858574
0.859656
0.859432
0.859815
0.859733
0.859092
0.859821
0.859278
0.859904
0.860341
0.860683
0.860761
0.860663
0.860416
0.860951
0.861968
0.860995
0.861335
0.860782
0.861212
0.862297
0.861936
0.861754
0.861882
0.862572
0.862094
0.862501
0.862321
0.862309
0.862980
0.862632
0.861883
0.862898
0.863049
0.863205
0.862994
0.862582
0.863014
0.863855
0.862877
0.863253
0.863138
0.864065
0.863950
0.863737
0.863608
0.863856
0.864553
0.864154
0.864702
0.864128
0.864693
0.864858
0.864753
0.865054
0.865005
0.865285
0.864992
0.865054
0.865247
0.866143
0.866118
0.865642
0.865192
0.863565
0.864615
0.864400
0.864432
0.863416
0.865500
0.866196
0.866159
0.866572
0.865540
0.866040
0.865977
0.865933
0.866420
0.866638
0.866586
0.865930
0.866389
0.866241
0.867769
0.867267
0.866618
0.866869
0.866870
0.867805
0.867988
0.867522
0.866812
0.868077
0.867714
0.867723
0.868389
0.867656
0.868483
0.868082
0.867981
0.868065
0.868869
0.868254
0.867746
0.868088
0.867738
0.868975
0.868658
0.868111
0.867953
0.868224
0.868285
0.868470
0.868293
0.867583
0.868811
0.868440
0.868566
0.868797
0.868666
0.868977
0.868615
0.868267
0.868460
0.869793
0.869120
0.868924
0.869053
0.868823
0.869945
0.870048
0.868726
0.867195
0.868010
0.869346
0.869845
0.869657
0.869479
0.870302
0.869640
0.869598
0.869623
0.870140
0.870048
0.868030
0.868853
0.868984
0.870475
0.869586
0.869505
0.869343
0.869721
0.869467
0.868368
0.868745
0.869139
0.869563
0.869836
0.869299
0.869839
0.870015
0.870227
0.869850
0.869855
0.869696
0.870644
0.869910
0.870042
0.869935
0.869787
0.870806
0.870274
0.870367
0.870050
0.870895
0.870367
0.870250
0.870117
0.870043
0.870764
0.870326
0.869612
0.869995
0.870628
0.870218
0.869949
0.869748
0.869524
0.870536
0.869957
0.869808
0.869899
0.870402
0.870054
0.869618
0.869853
0.869738
0.870816
0.869960
0.870475
0.869620
0.868531
0.869192
0.867754
0.868418
0.869106
0.870309
0.870404
0.870330
0.870352
0.870228
0.870818
0.870297
0.870206
0.869972
0.870820
0.869690
0.870014
0.869985
0.869969
0.870742
0.870278
0.870213
0.869513
0.870277
0.869963
0.869814
0.869802
0.869491
0.870336
0.869781
0.869697
0.869749
0.870215
0.870071
0.869823
0.870009
0.869743
0.870676
0.870264
0.870134
0.869976
0.870332
0.870337
0.870254
0.870125
0.869973
0.870964
0.870432
0.870292
0.870382
0.870135
0.870574
0.870110
0.870157
0.870215
0.869169
0.869881
0.869935
0.869929
0.869688
0.870401
0.869632
0.869768
0.869338
0.870332
0.870319
0.869845
0.868271
0.867918
0.868126
0.868034
0.867626
0.869197
0.870297
0.870039
0.869977
0.869937
0.869736
0.870503
0.870613
0.868698
0.868804
0.869350
0.869765
0.869455
0.868871
0.868374
0.868804
0.868031
0.868575
0.868168
0.868341
0.868105
0.867850
0.868089
0.868179
0.868109
0.867974
0.867355
0.867801
0.867373
0.868387
0.867431
0.867463
0.867290
0.868174
0.867952
0.867468
0.867545
0.867322
0.868621
0.867583
0.868109
0.867705
0.868069
0.867992
0.867028
0.867872
0.868853
0.869127
0.868342
0.868670
0.867674
0.868304
0.867980
0.867651
0.867302
0.868053
0.868434
0.867197
0.867026
0.867602
0.868165
0.869019
0.868618
0.867074
0.867796
0.868601
0.868357
0.868681
0.867536
0.868098
0.868257
0.867867
0.868735
0.867620
0.868321
0.867316
0.866911
0.866938
0.867182
0.868302
0.867746
0.867403
0.867316
0.867548
0.867828
0.867709
0.867665
0.867277
0.868202
0.867622
0.867522
0.867268
0.867630
0.867324
0.867287
0.866885
0.866868
0.867812
0.866973
0.866717
0.866647
0.866966
0.867082
0.866582
0.866352
0.866318
0.867394
0.866735
0.866707
0.866456
0.866331
0.867221
0.866870
0.866805
0.866616
0.867471
0.867059
0.867151
0.867007
0.866933
0.867314
0.866864
0.867112
0.866965
0.867888
0.867327
0.867029
0.867005
0.866876
0.867677
0.867184
0.866776
0.866590
0.867245
0.867226
0.866486
0.866775
0.866241
0.866990
0.866463
0.866455
0.866221
0.866621
0.866573
0.866345
0.866445
0.866251
0.867181
0.866267
0.865933
0.866143
0.866407
0.866717
0.866452
0.866011
0.865835
0.866947
0.866643
0.865907
0.865952
0.865901
0.866659
0.866113
0.866078
0.865741
0.866263
0.865695
0.865426
0.865492
0.865075
0.865233
0.864511
0.864210
0.863858
0.864316
0.863432
0.862786
0.862650
0.862458
0.863244
0.862415
0.862039
0.861677
0.862276
0.862083
0.861754
0.861598
0.861276
0.862354
0.862013
0.861564
0.862180
0.862365
0.862408
0.862399
0.860828
0.860834
0.861868
0.860448
0.859719
0.858157
0.856186
0.857230
0.855740
0.855321
0.854385
0.851163
0.850975
0.852243
0.851207
0.850197
0.851607
0.851840
0.852171
0.851988
0.853356
0.852410
0.852789
0.854173
0.855017
0.855319
0.854427
0.854115
0.853835
0.854581
0.854870
0.853978
0.853574
0.852891
0.853304
0.851845
0.850610
0.849674
0.849102
0.849053
0.848106
0.847387
0.846465
0.847192
0.845953
0.845695
0.845599
0.846136
0.846786
0.847380
0.848097
0.848337
0.850272
0.850481
0.850067
0.851246
0.852001
0.853198
0.853826
0.853752
0.854701
0.856076
0.856776
0.856490
0.856893
0.856786
0.858296
0.858111
0.857826
0.857835
0.858567
0.858549
0.858558
0.858399
0.859035
0.859300
0.859243
0.859695
0.859907
0.860398
0.860578
0.860706
0.860657
0.860925
0.862009
0.861467
0.862143
0.861953
0.862181
0.862966
0.862725
0.862604
0.862600
0.863534
0.863255
0.863544
0.863458
0.863690
0.865079
0.864058
0.864201
0.864180
0.865000
0.864915
0.864620
0.864699
0.864738
0.865351
0.865178
0.865532
0.864998
0.865797
0.865239
0.865316
0.864523
0.865057
0.865805
0.866383
0.866563
0.866654
0.867153
0.866818
0.866898
0.866293
0.866359
0.867209
0.866849
0.866868
0.866885
0.867218
0.867022
0.866737
0.866635
0.866349
0.866906
0.866047
0.865248
0.866504
0.866747
0.867640
0.867023
0.866940
0.867024
0.867811
0.867517
0.867358
0.867369
0.867264
0.868089
0.867603
0.867418
0.867218
0.868225
0.867952
0.867790
0.867674
0.867793
0.868454
0.867906
0.867660
0.867601
0.868430
0.868257
0.867378
0.867081
0.867299
0.868813
0.867729
0.867543
0.867606
0.865550
0.865598
0.865170
0.865295
0.864412
0.867251
0.867258
0.867491
0.867240
0.868261
0.868441
0.867637
0.869144
0.869123
0.870220
0.869532
0.869371
0.869715
0.868816
0.870549
0.869660
0.870385
0.869331
0.869654
0.868985
0.868960
0.869808
0.869629
0.870347
0.870026
0.869351
0.869271
0.870308
0.869851
0.869754
0.869729
0.869426
0.870219
0.869469
0.869491
0.869558
0.870210
0.870331
0.868514
0.869384
0.869418
0.870587
0.869913
0.869769
0.869695
0.870004
0.870396
0.869377
0.869862
0.869676
0.870304
0.869949
0.870014
0.870138
0.870085
0.870381
0.869848
0.870071
0.869740
0.870564
0.869889
0.869649
0.869689
0.869536
0.870509
0.869728
0.869392
0.868986
0.869791
0.869582
0.869422
0.869254
0.869263
0.869265
0.867597
0.868431
0.867718
0.869695
0.869529
0.869653
0.869486
0.869275
0.870041
0.869337
0.869322
0.869375
0.869955
0.869899
0.869308
0.869458
0.869191
0.870525
0.869750
0.869428
0.869275
0.869306
0.869747
0.869585
0.869353
0.868987
0.869716
0.869359
0.869479
0.869244
0.868773
0.869255
0.868665
0.868880
0.868656
0.869350
0.868815
0.868486
0.868685
0.868680
0.869226
0.868702
0.868667
0.868507
0.869484
0.869268
0.868978
0.868981
0.868689
0.869472
0.869266
0.869061
0.868514
0.869321
0.869380
0.869326
0.869330
0.868986
0.869744
0.869079
0.868952
0.869018
0.869005
0.869268
0.868717
0.868990
0.868284
0.870234
0.868132
0.866566
0.866793
0.867592
0.868924
0.868620
0.868623
0.868242
0.868973
0.868612
0.868636
0.868573
0.868353
0.868883
0.868337
0.868692
0.868397
0.869268
0.868729
0.868478
0.868583
0.868273
0.869324
0.868750
0.868586
0.868338
0.869020
0.869002
0.868646
0.868348
0.868092
0.869094
0.868443
0.868521
0.868196
0.868512
0.868465
0.867993
0.867943
0.867664
0.868410
0.868078
0.867705
0.867785
0.867811
0.868347
0.867889
0.867771
0.867535
0.868601
0.868037
0.867919
0.868092
0.867847
0.868515
0.868025
0.867908
0.867759
0.868595
0.868003
0.868093
0.867881
0.868180
0.868712
0.868304
0.867863
0.865874
0.867053
0.867138
0.867626
0.867510
0.867439
0.868423
0.867615
0.867474
0.866916
0.867351
0.867254
0.866920
0.867121
0.866595
0.867645
0.867125
0.866832
0.867014
0.866897
0.867141
0.866854
0.866659
0.866508
0.867683
0.866928
0.866773
0.866594
0.866597
0.867441
0.866631
0.866561
0.866241
0.867232
0.866902
0.866737
0.866401
0.866070
0.866761
0.866286
0.866383
0.865845
0.866413
0.866174
0.865722
0.865789
0.865533
0.865995
0.865377
0.865260
0.865034
0.865936
0.865496
0.865147
0.864966
0.864768
0.866159
0.865244
0.865046
0.865315
0.865136
0.865520
0.865620
0.865597
0.865072
0.865878
0.865251
0.865641
0.865687
0.863517
0.864882
0.864025
0.865114
0.865019
0.866230
0.865309
0.864953
0.865000
0.865029
0.866191
0.864536
0.864940
0.864363
0.865005
0.864403
0.864416
0.863696
0.863304
0.863887
0.863041
0.863236
0.862632
0.862659
0.861538
0.861632
0.861464
0.861630
0.862148
0.861366
0.861199
0.861044
0.861676
0.861728
0.861176
0.861084
0.860807
0.861921
0.861672
0.861473
0.861232
0.861293
0.861788
0.861354
0.861633
0.861122
0.862020
0.861024
0.861179
0.861635
0.861861
0.862461
0.862249
0.861579
0.861309
0.862581
0.862144
0.862070
0.862182
0.861883
0.862837
0.862646
0.862593
0.862480
0.863476
0.861108
0.861587
0.861515
0.862703
0.864021
0.862985
0.862921
0.863480
0.863770
0.863612
0.863519
0.863102
0.863149
0.864531
0.863954
0.863842
0.863325
0.863000
0.863805
0.863810
0.863624
0.863132
0.863579
0.862480
0.862587
0.863346
0.863099
0.863398
0.862210
0.862450
0.862898
0.863965
0.863212
0.862713
0.861664
0.862396
0.863912
0.863159
0.863026
0.862113
0.862570
0.863020
0.863351
0.863088
0.862646
0.863016
0.861639
0.863151
0.862831
0.863702
0.863124
0.861858
0.862034
0.862552
0.863501
0.862757
0.862042
0.861261
0.861766
0.863213
0.862230
0.862196
0.861045
0.861445
0.861581
0.862224
0.861877
0.861519
0.861706
0.859567
0.860403
0.859538
0.861899
0.861462
0.860509
0.860705
0.861398
0.862640
0.861877
0.861137
0.859885
0.861598
0.861953
0.861562
0.861056
0.860536
0.860827
0.861174
0.861903
0.861350
0.861851
0.860348
0.859908
0.860689
0.861213
0.861753
0.860462
0.859467
0.859600
0.860685
0.861269
0.860522
0.859623
0.858374
0.859913
0.860217
0.860591
0.860264
0.859172
0.858541
0.859479
0.860421
0.860330
0.860616
0.859064
0.858332
0.859506
0.860062
0.860325
0.859595
0.858380
0.857683
0.859984
0.860158
0.859697
0.859065
0.857586
0.858706
0.858994
0.859639
0.858846
0.858825
0.857239
0.857711
0.858765
0.858846
0.859242
0.858023
0.855136
0.855526
0.856838
0.857981
0.857920
0.856694
0.855806
0.857655
0.857853
0.857629
0.857230
0.855997
0.855963
0.856868
0.857542
0.857373
0.857701
0.855467
0.855410
0.856602
0.857248
0.857759
0.856507
0.854751
0.855029
0.857047
0.857297
0.856836
0.855479
0.853873
0.855336
0.856268
0.856602
0.855975
0.855417
0.853121
0.854529
0.856199
0.855799
0.856163
0.853404
0.852615
0.854112
0.856659
0.856050
0.855239
0.852442
0.852198
0.854995
0.856092
0.855405
0.854278
0.851978
0.852538
0.854483
0.855732
0.854895
0.854301
0.851078
0.851756
0.854360
0.855151
0.854801
0.851716
0.849806
0.849656
0.851117
0.852326
0.851753
0.849732
0.848199
0.849544
0.851644
0.852813
0.852019
0.849944
0.849264
0.849305
0.851662
0.852417
0.852299
0.849101
0.849356
0.848388
0.850878
0.850689
0.849581
0.847570
0.847728
0.847968
0.848686
0.848289
0.847451
0.847014
0.847110
0.846711
0.847831
0.847723
0.848646
0.848100
0.848081
0.848235
0.849543
0.850058
0.849517
0.849937
0.850125
0.851563
0.852111
0.852723
0.852885
0.853533
0.854394
0.854422
0.854906
0.854918
0.855930
0.855638
0.855622
0.856084
0.855789
0.857034
0.856609
0.856544
0.856569
0.857711
0.857592
0.857866
0.858127
0.858039
0.859057
0.858951
0.859269
0.859644
0.859910
0.859215
0.859068
0.859284
0.859779
0.861138
0.860730
0.860853
0.861053
0.861446
0.861905
0.861586
0.861821
0.861790
0.862893
0.862375
0.862479
0.862660
0.862652
0.863472
0.863066
0.863381
0.863333
0.864260
0.863866
0.864022
0.863903
0.864388
0.865391
0.864731
0.865008
0.864877
0.865925
0.865689
0.865351
0.865608
0.865634
0.866730
0.866283
0.866438
0.866209
0.867032
0.866926
0.866669
0.866933
0.866526
0.867475
0.867050
0.867168
0.866749
0.867683
0.867447
0.867123
0.866960
0.866872
0.867702
0.867221
0.867044
0.866964
0.867369
0.867809
0.867469
0.867517
0.867087
0.868111
0.867689
0.867499
0.867627
0.867551
0.868333
0.867850
0.867758
0.867450
0.868372
0.867971
0.867836
0.868037
0.867810
0.868546
0.868170
0.867909
0.867739
0.868477
0.868132
0.868241
0.867385
0.867416
0.868576
0.867919
0.867731
0.867621
0.867993
0.867220
0.867430
0.867397
0.867087
0.868120
0.867495
0.867354
0.867364
0.867469
0.867808
0.867429
0.867389
0.867309
0.868167
0.867234
0.867344
0.867355
0.867649
0.868353
0.867520
0.867252
0.866854
0.868221
0.867830
0.867732
0.867625
0.867214
0.867741
0.867114
0.867200
0.867161
0.867854
0.867189
0.866914
0.866995
0.866221
0.866619
0.865808
0.863714
0.863465
0.864096
0.863660
0.863857
0.864827
0.864905
0.864014
0.865045
0.865715
0.865490
0.864913
0.864519
0.863027
0.863302
0.864314
0.864867
0.864072
0.863822
0.862469
0.863045
0.862759
0.862446
0.862193
0.861278
0.862252
0.861623
0.861112
0.860718
0.860870
0.861295
0.860568
0.861711
0.861456
0.862291
0.862205
0.862085
0.861914
0.861026
0.863810
0.861679
0.861310
0.861551
0.862687
0.861334
0.860991
0.861836
0.861745
0.862554
0.861819
0.860761
0.860438
0.860656
0.861469
0.861377
0.861727
0.859756
0.860996
0.860341
0.860991
0.862005
0.862115
0.862269
0.861385
0.861083
0.860765
0.862120
0.861686
0.860283
0.860097
0.860064
0.860159
0.859491
0.858935
0.858356
0.859040
0.858139
0.858173
0.857432
0.857933
0.859212
0.858961
0.858966
0.859520
0.859912
0.860275
0.860792
0.860915
0.861231
0.862682
0.861852
0.861038
0.861160
0.861992
0.862197
0.862036
0.863277
0.861381
0.864718
0.864469
0.864840
0.864949
0.865340
0.865706
0.865490
0.865641
0.865206
0.866833
0.866388
0.866299
0.866024
0.865912
0.866675
0.866391
0.866332
0.866129
0.867112
0.866877
0.866931
0.867157
0.866922
0.867649
0.867164
0.867119
0.866945
0.868104
0.867737
0.867535
0.867410
0.867052
0.868044
0.867398
0.867453
0.867414
0.867987
0.867680
0.867591
0.867565
0.867280
0.868046
0.867261
0.867192
0.867248
0.867851
0.867169
0.865452
0.865299
0.864818
0.865003
0.866468
0.866801
0.866804
0.866733
0.867289
0.866845
0.866804
0.866526
0.867562
0.867050
0.867054
0.867084
0.866868
0.867602
0.867046
0.867123
0.867115
0.867849
0.867376
0.867100
0.866957
0.867062
0.867928
0.867445
0.867282
0.866842
0.867494
0.867509
0.867222
0.867136
0.866945
0.867655
0.866845
0.867040
0.866707
0.867175
0.866901
0.866454
0.866362
0.866089
0.866980
0.866417
0.866342
0.866190
0.866351
0.866559
0.866286
0.866112
0.865958
0.866948
0.866455
0.866279
0.866022
0.866039
0.866486
0.866136
0.866159
0.865681
0.866471
0.866075
0.865858
0.866328
0.866295
0.866206
0.864019
0.863761
0.863535
0.863290
0.864820
0.865411
0.865505
0.865308
0.866160
0.865473
0.865383
0.865030
0.865510
0.865486
0.865424
0.865351
0.865204
0.866150
0.865532
0.865660
0.865407
0.865657
0.865592
0.865158
0.865328
0.865194
0.866227
0.865380
0.865200
0.865041
0.865321
0.865763
0.865242
0.865003
0.864696
0.865706
0.865172
0.865075
0.864917
0.864589
0.865095
0.864658
0.864598
0.864177
0.865161
0.864580
0.864260
0.864334
0.863826
0.864500
0.863966
0.863785
0.863558
0.864328
0.864010
0.863662
0.863717
0.863854
0.864260
0.864021
0.864184
0.863830
0.864409
0.864955
0.864104
0.862188
0.862731
0.863664
0.863978
0.864327
0.864354
0.864468
0.864647
0.864360
0.864236
0.863979
0.865012
0.864091
0.864105
0.864006
0.863948
0.864511
0.864169
0.863900
0.863568
0.864314
0.863665
0.863780
0.863650
0.863436
0.864068
0.863751
0.863780
0.863478
0.864179
0.863729
0.863590
0.863624
0.863367
0.864276
0.863622
0.863636
0.863456
0.864025
0.863908
0.863560
0.863599
0.863536
0.864404
0.864256
0.863034
0.863559
0.863813
0.864255
0.863803
0.863800
0.863366
0.864497
0.863040
0.863664
0.863755
0.863963
0.864424
0.863431
0.863498
0.863156
0.864183
0.863863
0.863585
0.863416
0.863376
0.864123
0.864027
0.863664
0.862001
0.862433
0.862186
0.861493
0.863480
0.864046
0.864623
0.864044
0.864272
0.863863
0.863050
0.864124
0.864235
0.864443
0.864164
0.864949
0.864455
0.864249
0.864038
0.864624
0.864664
0.864226
0.863901
0.863715
0.864751
0.864121
0.864276
0.862871
0.863222
0.864081
0.863934
0.863847
0.863804
0.864538
0.863880
0.863816
0.864089
0.863867
0.864425
0.864093
0.864176
0.863825
0.864847
0.864224
0.864074
0.864280
0.864199
0.864664
0.864676
0.864021
0.863901
0.865118
0.864721
0.864533
0.864347
0.864134
0.864761
0.864240
0.864237
0.863988
0.864754
0.864429
0.863979
0.863876
0.863653
0.864946
0.863898
0.862523
0.862125
0.861670
0.862533
0.862845
0.863317
0.863635
0.864758
0.864332
0.863620
0.864089
0.864111
0.864813
0.864615
0.864525
0.863375
0.864684
0.864141
0.864252
0.864446
0.864523
0.865105
0.864443
0.864565
0.864225
0.865169
0.864680
0.864547
0.864133
0.863978
0.864838
0.864347
0.864044
0.863705
0.864193
0.863831
0.863695
0.863300
0.862380
0.863283
0.863086
0.862935
0.862404
0.862165
0.861903
0.861550
0.862060
0.860687
0.862047
0.861392
0.861335
0.860804
0.861050
0.861904
0.861881
0.860522
0.860999
0.861588
0.861139
0.861244
0.861214
0.860715
0.860986
0.860204
0.859865
0.859580
0.861011
0.859387
0.858044
0.858006
0.857914
0.858400
0.859392
0.860252
0.860146
0.860906
0.861055
0.861094
0.861196
0.861202
0.861934
0.861684
0.862310
0.862452
0.863223
0.863292
0.862777
0.863315
0.863145
0.864011
0.863235
0.862988
0.862994
0.863013
0.863287
0.862862
0.862989
0.862803
0.863972
0.863464
0.863442
0.863494
0.863630
0.864422
0.864083
0.864391
0.864463
0.864832
0.864977
0.865002
0.864774
0.864831
0.865899
0.865356
0.865468
0.865839
0.866644
0.866656
0.866387
0.866436
0.866301
0.867324
0.866745
0.866770
0.867006
0.867283
0.867100
0.866948
0.867172
0.867047
0.867994
0.867103
0.867019
0.867434
0.867797
0.866148
0.866347
0.865675
0.866693
0.867832
0.867456
0.867406
0.866997
0.867247
0.867632
0.867171
0.867025
0.866596
0.867347
0.867090
0.867068
0.866983
0.866751
0.867323
0.867092
0.866926
0.866949
0.867873
0.867299
0.867430
0.867394
0.867361
0.868288
0.867866
0.867618
0.867472
0.868583
0.867517
0.866545
0.867873
0.867836
0.869063
0.868137
0.867993
0.867821
0.868348
0.868151
0.867943
0.867932
0.867522
0.868614
0.868256
0.867929
0.867634
0.867555
0.867941
0.867459
0.867497
0.867302
0.868128
0.867754
0.867429
0.867265
0.867433
0.868181
0.867391
0.867273
0.867004
0.867843
0.868197
0.866513
0.865629
0.864971
0.866271
0.864884
0.867015
0.867009
0.867829
0.867183
0.867057
0.866880
0.866637
0.867511
0.866963
0.866478
0.866219
0.866752
0.866748
0.866417
0.866458
0.865700
0.866546
0.865805
0.865839
0.865718
0.865896
0.865819
0.865366
0.865741
0.865279
0.866067
0.865890
0.864993
0.865031
0.865676
0.866026
0.865601
0.865331
0.864893
0.865813
0.865601
0.865353
0.865256
0.864701
0.865496
0.865430
0.865427
0.864925
0.865424
0.864704
0.864512
0.865070
0.864797
0.865476
0.864155
0.864454
0.864500
0.865480
0.864728
0.864183
0.863745
0.863413
0.865021
0.864417
0.863872
0.863678
0.863927
0.864153
0.864348
0.864034
0.863938
0.862789
0.863007
0.862814
0.862949
0.863037
0.863045
0.862498
0.863454
0.863339
0.863014
0.862699
0.862232
0.863153
0.863444
0.864030
0.862350
0.862291
0.861769
0.864232
0.863303
0.862955
0.861465
0.861532
0.862911
0.863425
0.863050
0.861989
0.861799
0.861489
0.862658
0.862978
0.862476
0.862330
0.861327
0.861360
0.862944
0.863211
0.863019
0.861642
0.861318
0.861739
0.863971
0.863251
0.862543
0.861647
0.861759
0.862752
0.863239
0.863189
0.862168
0.862479
0.861983
0.862737
0.862942
0.862790
0.862641
0.861874
0.862028
0.862412
0.863174
0.862539
0.861632
0.861618
0.861068
0.861985
0.861992
0.860867
0.860952
0.861670
0.861918
0.862166
0.861592
0.861180
0.861998
0.861497
0.861731
0.861790
0.862176
0.861651
0.861563
0.861676
0.861797
0.862787
0.862328
0.860896
0.861412
0.861855
0.862684
0.862421
0.861983
0.861116
0.862018
0.861897
0.861899
0.861596
0.861656
0.861717
0.861197
0.861483
0.861401
0.862173
0.861287
0.860922
0.860784
0.860848
0.862018
0.861277
0.861096
0.860860
0.860686
0.861022
0.861289
0.861168
0.860727
0.861540
0.860862
0.861079
0.861108
0.861540
0.861230
0.861091
0.860768
0.860936
0.861976
0.861483
0.861216
0.861252
0.861180
0.861406
0.861517
0.859044
0.858167
0.858771
0.858443
0.858526
0.858012
0.860107
0.860485
0.859511
0.860558
0.859317
0.860136
0.859395
0.858908
0.860325
0.861021
0.861450
0.860527
0.860900
0.860656
0.861870
0.861001
0.860928
0.860770
0.860472
0.861278
0.860667
0.860643
0.860512
0.860485
0.860478
0.860224
0.860440
0.859987
0.860771
0.860291
0.859653
0.859411
0.860226
0.859982
0.859761
0.859613
0.858611
0.859675
0.859511
0.859149
0.859193
0.859481
0.859041
0.858687
0.859129
0.858876
0.860108
0.859583
0.858448
0.858460
0.859259
0.859768
0.859824
0.859559
0.858819
0.859597
0.859957
0.859528
0.859718
0.859346
0.859596
0.858464
0.859507
0.859087
0.859926
0.859166
0.858908
0.858427
0.858609
0.859107
0.858759
0.856991
0.856726
0.856577
0.856504
0.856723
0.855988
0.857413
0.858295
0.857519
0.857679
0.857320
0.857559
0.858077
0.857634
0.857932
0.857324
0.858486
0.858134
0.858247
0.858246
0.858645
0.859399
0.858830
0.859019
0.858899
0.859951
0.859838
0.859859
0.860073
0.860237
0.860977
0.860615
0.861031
0.860699
0.861971
0.861682
0.861334
0.861447
0.861649
0.862365
0.862049
0.862060
0.861746
0.862473
0.862371
0.862160
0.862434
0.862321
0.863245
0.862845
0.862731
0.862892
0.863458
0.863372
0.863286
0.863405
0.863100
0.864212
0.863908
0.863810
0.863708
0.864003
0.864398
0.864073
0.864156
0.863337
0.865396
0.864108
0.862906
0.862795
0.864149
0.864852
0.864404
0.864338
0.864086
0.865042
0.864376
0.864136
0.864170
0.863937
0.864735
0.864125
0.863900
0.863621
0.864382
0.864199
0.864189
0.864371
0.864052
0.864893
0.864666
0.864523
0.864443
0.865014
0.864862
0.864866
0.864945
0.864701
0.865658
0.864953
0.865145
0.865085
0.865265
0.865500
0.865140
0.864968
0.864986
0.866013
0.865396
0.865250
0.864859
0.865039
0.865698
0.865331
0.865160
0.864697
0.865654
0.864962
0.864804
0.864737
0.864654
0.865063
0.864587
0.864623
0.864251
0.865192
0.864961
0.864450
0.864748
0.864257
0.865242
0.865026
0.864882
0.864655
0.865226
0.865659
0.864497
0.862594
0.863686
0.864066
0.862681
0.863564
0.864345
0.865026
0.865214
0.864913
0.864990
0.864403
0.865243
0.864695
0.864528
0.864787
0.864649
0.865085
0.864589
0.864300
0.863935
0.864978
0.864466
0.864234
0.864231
0.864073
0.864885
0.864632
0.864330
0.864186
0.864957
0.864363
0.864327
0.864519
0.864375
0.865232
0.864617
0.864673
0.864368
0.865142
0.864838
0.864647
0.864645
0.864563
0.865385
0.864810
0.864809
0.864604
0.864923
0.864856
0.864543
0.864452
0.864360
0.865701
0.863621
0.864347
0.864341
0.864650
0.864710
0.864218
0.864072
0.863821
0.864736
0.864300
0.864301
0.864332
0.863590
0.864624
0.864649
0.862787
0.862522
0.863298
0.862667
0.861636
0.863983
0.864179
0.865100
0.864528
0.864118
0.864303
0.865048
0.864812
0.864589
0.864351
0.864185
0.865154
0.864517
0.864322
0.864102
0.864452
0.864249
0.864387
0.863901
0.863568
0.864336
0.863621
0.863703
0.863532
0.864072
0.862706
0.862894
0.863411
0.863295
0.864042
0.863536
0.863332
0.863386
0.863513
0.864064
0.863624
0.863472
0.863093
0.864106
0.863737
0.863793
0.863652
0.863082
0.864177
0.863435
0.864564
0.863140
0.863299
0.862631
0.862277
0.862321
0.862074
0.863030
0.862364
0.861524
0.861228
0.861703
0.861300
0.860724
0.860817
0.859885
0.860890
0.860360
0.860623
0.859991
0.860206
0.860009
0.859421
0.859892
0.859759
0.860248
0.859641
0.859742
0.859163
0.859119
0.859582
0.858085
0.859042
0.857705
0.858793
0.858511
0.858621
0.858208
0.857810
0.858761
0.857223
0.857762
0.857757
0.858935
0.859342
0.858212
0.857924
0.856895
0.857802
0.857126
0.856804
0.856874
0.857487
0.856784
0.856258
0.856439
0.855911
0.858924
0.857545
0.857208
0.857108
0.857027
0.857896
0.858517
0.857571
0.857198
0.857713
0.856891
0.858328
0.857880
0.857466
0.857921
0.856302
0.857447
0.857268
0.857152
0.854954
0.855246
0.856617
0.857628
0.858825
0.857518
0.856533
0.856932
0.857624
0.857756
0.858307
0.857207
0.856313
0.857580
0.856876
0.857819
0.857338
0.857350
0.856897
0.856907
0.857017
0.856926
0.857776
0.856397
0.856537
0.856512
0.857216
0.857990
0.856969
0.856429
0.856541
0.857040
0.856782
0.857298
0.856689
0.856603
0.857238
0.856378
0.856748
0.857056
0.857420
0.856466
0.856587
0.855964
0.856557
0.857298
0.856265
0.856439
0.855562
0.855626
0.856027
0.856034
0.855727
0.855705
0.856041
0.855298
0.855666
0.855451
0.856069
0.855672
0.855326
0.855160
0.855097
0.855862
0.855537
0.855576
0.855198
0.855826
0.855672
0.855623
0.855704
0.855431
0.856121
0.855660
0.855775
0.855644
0.856344
0.856316
0.855863
0.856075
0.855649
0.856628
0.856193
0.856012
0.855938
0.856119
0.856408
0.855913
0.855846
0.855446
0.856578
0.856023
0.855895
0.856113
0.855837
0.856668
0.855832
0.856310
0.856051
0.857208
0.856772
0.856630
0.856901
0.856812
0.857587
0.857224
0.857238
0.856926
0.857763
0.857739
0.857831
0.857773
0.857873
0.858669
0.858164
0.858191
0.858390
0.858960
0.858576
0.858448
0.858601
0.857804
0.859119
0.858821
0.858462
0.857788
0.858542
0.858420
0.856974
0.856932
0.856584
0.857630
0.857917
0.857205
0.856881
0.856457
0.856643
0.856763
0.858672
0.857092
0.857839
0.856655
0.857267
0.857345
0.857715
0.858920
0.857857
0.857342
0.857918
0.859252
0.859287
0.859201
0.858557
0.858514
0.859354
0.858862
0.859234
0.858710
0.858625
0.858794
0.858434
0.858558
0.858623
0.858747
0.857588
0.857822
0.857759
0.858086
0.858203
0.856848
0.857450
0.857143
0.858984
0.857919
0.858119
0.857491
0.857897
0.858787
0.858180
0.858832
0.857874
0.858223
0.858717
0.858132
0.858406
0.858558
0.858628
0.858163
0.858675
0.858995
0.860419
0.859950
0.859201
0.859398
0.859985
0.861883
0.861253
0.860538
0.859491
0.860335
0.860237
0.860400
0.860553
0.859796
0.860412
0.860102
0.860013
0.861008
0.862070
0.861208
0.860920
0.860842
0.860287
0.862139
0.861953
0.861794
0.862408
0.862527
0.862849
0.862324
0.861877
0.860560
0.862983
0.862395
0.862569
0.862167
0.861303
0.861725
0.861760
0.861688
0.861648
0.861977
0.861009
0.860996
0.859910
0.860382
0.861604
0.860757
0.859799
0.859531
0.859237
0.858833
0.859442
0.859414
0.858405
0.858842
0.857680
0.857229
0.857465
0.858229
0.857684
0.857040
0.856400
0.856351
0.856811
0.855298
0.856186
0.855799
0.855235
0.856102
0.854394
0.853536
0.854554
0.855519
0.854955
0.854497
0.853182
0.852477
0.853395
0.853694
0.853565
0.852720
0.852483
0.851145
0.850992
0.850945
0.851402
0.851637
0.850271
0.849842
0.848936
0.849013
0.849289
0.849475
0.849587
0.847174
0.846532
0.845789
0.846042
0.846049
0.848894
0.849246
0.847837
0.847821
0.847729
0.849221
0.849736
0.850450
0.850081
0.850731
0.850598
0.850064
0.850912
0.850289
0.852053
0.851203
0.849061
0.849069
0.848542
0.849445
0.851332
0.851778
0.850582
0.850841
0.850395
0.850289
0.851370
0.851570
0.851629
0.850496
0.851432
0.849338
0.851812
0.852048
0.851417
0.851190
0.851079
0.852092
0.852181
0.852340
0.851507
0.852384
0.852622
0.852075
0.852221
0.852001
0.852908
0.852739
0.852986
0.852897
0.853968
0.854214
0.851671
0.853046
0.853329
0.854725
0.853567
0.854021
0.853235
0.854028
0.854521
0.854351
0.854666
0.854247
0.854730
0.855094
0.855194
0.855653
0.855935
0.854535
0.854188
0.854632
0.855672
0.857152
0.856860
0.856509
0.856934
0.856953
0.857837
0.857735
0.857981
0.856082
0.858425
0.858139
0.858353
0.858452
0.857905
0.858867
0.858961
0.858938
0.858890
0.859851
0.859184
0.859231
0.859842
0.859654
0.860656
0.859910
0.859392
0.859880
0.860764
0.860990
0.860788
0.860537
0.860186
0.862013
0.861396
0.861574
0.861458
0.861294
0.862161
0.862311
0.862556
0.862513
0.863172
0.862187
0.862989
0.863154
0.863218
0.864114
0.862891
0.863104
0.863669
0.864708
0.864079
0.863855
0.863264
0.863677
0.864984
0.864355
0.864180
0.863691
0.864345
0.864404
0.864763
0.864658
0.864065
0.865183
0.862457
0.863666
0.863147
0.865261
0.865244
0.864479
0.865059
0.865309
0.866250
0.865396
0.865344
0.864961
0.865936
0.866359
0.865885
0.865862
0.865342
0.866293
0.866037
0.866159
0.865913
0.865843
0.866256
0.865958
0.866082
0.865573
0.866480
0.865836
0.865932
0.866044
0.866110
0.866646
0.866036
0.866126
0.865860
0.866902
0.866706
0.866302
0.866342
0.866445
0.867312
0.866984
0.867006
0.866642
0.867396
0.867425
0.867150
0.867362
0.867237
0.868160
0.867506
0.867593
0.867351
0.868059
0.868127
0.867745
0.867814
0.867684
0.869007
0.868661
0.868445
0.868359
0.868546
0.868804
0.868431
0.868378
0.868107
0.868992
0.868843
0.866420
0.866969
0.866080
0.868040
0.868154
0.866915
0.866787
0.867931
0.867625
0.867828
0.867734
0.867423
0.868038
0.867339
0.867499
0.867364
0.868131
0.867903
0.867627
0.867525
0.867541
0.868605
0.867661
0.867445
0.867066
0.867379
0.867695
0.867591
0.867455
0.867239
0.867860
0.867242
0.867199
0.866985
0.867150
0.867317
0.866613
0.866451
0.866266
0.867052
0.866414
0.866097
0.865936
0.866038
0.866157
0.865240
0.865337
0.865204
0.866299
0.865638
0.865635
0.864336
0.864468
0.865930
0.865545
0.865487
0.865449
0.865026
0.863876
0.864217
0.865228
0.865317
0.866382
0.865684
0.864881
0.863230
0.863948
0.865403
0.866202
0.866532
0.865170
0.865134
0.864719
0.865766
0.866207
0.866772
0.866184
0.864508
0.864393
0.864031
0.866261
0.865895
0.865617
0.865094
0.864982
0.865673
0.865163
0.865815
0.865468
0.866439
0.865716
0.865546
0.865691
0.865952
0.866826
0.866312
0.866390
0.865462
0.866390
0.866567
0.866782
0.866666
0.866662
0.867317
0.865909
0.866346
0.866531
0.867809
0.867376
0.867302
0.867071
0.865990
0.867845
0.866159
0.867457
0.867684
0.867968
0.867375
0.866351
0.866404
0.867150
0.868512
0.867917
0.868171
0.866934
0.866615
0.867580
0.867909
0.868400
0.868300
0.869019
0.867501
0.867007
0.868217
0.867317
0.868085
0.867054
0.868311
0.867355
0.868070
0.868682
0.868966
0.869029
0.868951
0.869368
0.867504
0.867900
0.868726
0.869550
0.869235
0.868797
0.868421
0.867060
0.868818
0.868708
0.868554
0.868499
0.868791
0.868481
0.868325
0.867842
0.867488
0.869348
0.868727
0.868937
0.868438
0.868393
0.869084
0.869055
0.868936
0.868892
0.869951
0.868947
0.868755
0.868448
0.869271
0.869870
0.869477
0.869555
0.868866
0.869890
0.869431
0.869531
0.869507
0.869258
0.869671
0.869320
0.869380
0.869290
0.869737
0.869123
0.868763
0.868902
0.868708
0.869626
0.868935
0.868782
0.868478
0.870045
0.868476
0.867161
0.867950
0.867431
0.869743
0.869576
0.869474
0.869538
0.869771
0.869862
0.869761
0.869703
0.869070
0.870162
0.869704
0.869853
0.869898
0.869792
0.870121
0.869774
0.869816
0.869435
0.870406
0.869642
0.869434
0.869543
0.869541
0.870009
0.869399
0.868998
0.868735
0.869855
0.869474
0.869220
0.869199
0.869000
0.869790
0.869308
0.868847
0.869048
0.869774
0.869671
0.869446
0.869619
0.869396
0.870248
0.869443
0.869412
0.869519
0.870086
0.870037
0.869754
0.869722
0.869366
0.870485
0.870015
0.869748
0.869481
0.869673
0.869839
0.869707
0.869718
0.869230
0.870212
0.869521
0.869257
0.869251
0.869182
0.869889
0.869512
0.867041
0.867652
0.868593
0.869380
0.869763
0.867696
0.868652
0.869717
0.869467
0.869561
0.869061
0.869840
0.869491
0.869368
0.869560
0.869157
0.870098
0.869572
0.869422
0.869256
0.870169
0.870011
0.869687
0.869537
0.869123
0.870206
0.869577
0.869543
0.869468
0.869569
0.869665
0.869610
0.869088
0.868980
0.870007
0.869033
0.868746
0.868984
0.869076
0.869727
0.869207
0.868993
0.868607
0.869823
0.869374
0.869316
0.869024
0.868811
0.869419
0.869356
0.869471
0.869161
0.869907
0.869190
0.868987
0.869253
0.869302
0.870185
0.869499
0.869086
0.868804
0.869810
0.869557
0.869292
0.869545
0.867001
0.868247
0.867255
0.868686
0.868943
0.869173
0.868741
0.868472
0.868840
0.868620
0.869530
0.868561
0.868316
0.868353
0.868855
0.869259
0.868699
0.868369
0.867937
0.869200
0.868952
0.869097
0.868892
0.868559
0.868862
0.868617
0.868888
0.868534
0.869320
0.868775
0.868418
0.868902
0.868609
0.869443
0.868639
0.868202
0.867851
0.868837
0.868434
0.868304
0.868143
0.867482
0.868345
0.867690
0.867687
0.867437
0.867692
0.867379
0.867179
0.867167
0.867262
0.868170
0.867148
0.866901
0.866944
0.867143
0.867528
0.867040
0.866840
0.866399
0.867329
0.866944
0.866948
0.866803
0.866413
0.866876
0.866311
0.866525
0.866793
0.865971
0.865052
0.864820
0.864369
0.865082
0.865978
0.865037
0.864781
0.864303
0.865086
0.865014
0.864659
0.864341
0.863910
0.864460
0.863752
0.863997
0.863919
0.864233
0.863792
0.863100
0.863053
0.863387
0.863909
0.863380
0.863273
0.862510
0.862883
0.863438
0.862936
0.862802
0.862417
0.862734
0.862193
0.862613
0.862527
0.862516
0.862527
0.861336
0.861485
0.861465
0.862349
0.861664
0.861090
0.860246
0.860584
0.861052
0.860681
0.860516
0.859591
0.859457
0.859534
0.859418
0.859617
0.859212
0.859194
0.857673
0.858390
0.858139
0.859213
0.858438
0.857241
0.855754
0.856655
0.857501
0.857176
0.857058
0.855362
0.854459
0.855877
0.855466
0.855355
0.854879
0.853952
0.852072
0.853447
0.853097
0.852871
0.852718
0.849996
0.849193
0.850373
0.850823
0.849575
0.848968
0.846467
0.846087
0.848064
0.846790
0.845895
0.844758
0.843481
0.842642
0.843452
0.842809
0.841985
0.841692
0.839249
0.839746
0.839782
0.839902
0.838909
0.837942
0.836439
0.836931
0.837683
0.836450
0.836058
0.835406
0.835307
0.836194
0.836328
0.835842
0.835434
0.836273
0.835065
0.836148
0.836585
0.836543
0.836992
0.836892
0.836139
0.837381
0.838554
0.836759
0.836565
0.834873
0.834305
0.836525
0.833736
0.832056
0.831679
0.831531
0.831773
0.832401
0.832798
0.831679
0.831990
0.831513
0.832231
0.832582
0.832086
0.829756
0.829337
0.830386
0.833327
0.833570
0.833443
0.832809
0.833536
0.836374
0.838254
0.838804
0.838410
0.838079
0.840251
0.842126
0.842696
0.843082
0.843205
0.843664
0.843736
0.844715
0.845242
0.846773
0.846322
0.846844
0.846565
0.847288
0.849031
0.847162
0.847536
0.848201
0.850441
0.850973
0.851475
0.852512
0.852948
0.853280
0.852915
0.852691
0.852757
0.854471
0.853537
0.853379
0.853426
0.853309
0.854637
0.854152
0.854607
0.853946
0.854399
0.854842
0.854997
0.855830
0.855488
0.855625
0.855846
0.856810
0.856561
0.857069
0.857197
0.856029
0.856957
0.857537
0.859282
0.856959
0.857599
0.857257
0.858606
0.859662
0.858899
0.858477
0.857039
0.858759
0.858309
0.858685
0.857750
0.856529
0.856189
0.857579
0.857413
0.857943
0.858549
0.856875
0.858334
0.861151
0.861405
0.862515
0.861499
0.861301
0.861389
0.862841
0.862211
0.861251
0.860466
0.860593
0.861861
0.861396
0.861679
0.860451
0.860138
0.860775
0.861618
0.861171
0.861444
0.861478
0.860184
0.861285
0.862022
0.861926
0.862067
0.861698
0.861194
0.861948
0.863162
0.862485
0.861956
0.861894
0.862483
0.863442
0.863464
0.863011
0.862049
0.863264
0.863071
0.863491
0.863756
0.862951
0.863144
0.862917
0.863124
0.864001
0.864909
0.862873
0.861072
0.861439
0.861423
0.862558
0.861810
0.862983
0.863088
0.863920
0.864232
0.864488
0.864387
0.863739
0.864511
0.864131
0.864500
0.864887
0.865431
0.864977
0.864676
0.864897
0.864692
0.866110
0.865670
0.865031
0.865073
0.865189
0.865615
0.865677
0.865790
0.864987
0.866177
0.865865
0.865594
0.866132
0.866481
0.866454
0.866203
0.866175
0.865539
0.866875
0.866786
0.865926
0.866159
0.866159
0.866463
0.866515
0.866916
0.866046
0.867042
0.866926
0.866468
0.867128
0.867323
0.867652
0.867204
0.867079
0.866889
0.868077
0.868000
0.867106
0.867420
0.866895
0.868210
0.868044
0.867772
0.867483
0.866516
0.865763
0.865322
0.865053
0.865560
0.867174
0.866903
0.866649
0.866656
0.867181
0.866854
0.865878
0.865982
0.865809
0.867039
0.867135
0.866048
0.865440
0.865566
0.866212
0.866241
0.866262
0.865036
0.865619
0.865575
0.865556
0.866053
0.866203
0.866325
0.865555
0.865735
0.865697
0.867124
0.866817
0.866036
0.865480
0.865579
0.866612
0.866429
0.866026
0.865390
0.864949
0.864891
0.864518
0.864556
0.863782
0.863873
0.862390
0.862345
0.862143
0.862524
0.862668
0.861890
0.861130
0.861101
0.862022
0.862120
0.861506
0.861381
0.861095
0.861991
0.861663
0.862015
0.861569
0.862160
0.861383
0.862001
0.861434
0.860126
0.861811
0.860437
0.861584
0.861893
0.862867
0.862733
0.862690
0.862428
0.862300
0.863435
0.863162
0.863158
0.863364
0.863590
0.863355
0.863440
0.863559
0.863578
0.864623
0.863982
0.863888
0.864365
0.864701
0.865273
0.864629
0.864750
0.864483
0.865948
0.865395
0.865461
0.865663
0.865408
0.865901
0.865688
0.865449
0.865421
0.866498
0.865788
0.865527
0.865896
0.865657
0.866306
0.866154
0.865569
0.865144
0.866407
0.866021
0.865508
0.865811
0.865409
0.866519
0.864846
0.865619
0.865209
0.865814
0.865611
0.865014
0.865430
0.865141
0.865972
0.865735
0.864843
0.865011
0.865780
0.865812
0.865492
0.865592
0.865602
0.864433
0.864820
0.863258
0.863658
0.864052
0.866054
0.865666
0.865930
0.865442
0.866338
0.865960
0.865672
0.865424
0.865417
0.865976
0.865331
0.865442
0.865217
0.865974
0.865274
0.865015
0.864880
0.864924
0.865608
0.865008
0.864935
0.864545
0.865458
0.865337
0.865111
0.864979
0.864756
0.866071
0.864635
0.864241
0.864877
0.865432
0.865490
0.865316
0.865151
0.865279
0.866176
0.865863
0.864735
0.865582
0.865479
0.866730
0.866218
0.865750
0.865528
0.866374
0.866051
0.866018
0.865834
0.865779
0.866547
0.866138
0.866104
0.865876
0.866589
0.866079
0.865987
0.866079
0.866132
0.866925
0.866987
0.865949
0.864903
0.865406
0.865148
0.865186
0.866227
0.867196
0.868418
0.868087
0.868076
0.868266
0.868837
0.868693
0.868792
0.868462
0.868629
0.870020
0.869468
0.869501
0.869551
0.869759
0.870012
0.869901
0.869819
0.869545
0.870403
0.870093
0.869872
0.869977
0.869957
0.870327
0.869758
0.869848
0.869628
0.870555
0.869849
0.869722
0.869780
0.869712
0.870423
0.869831
0.869858
0.869105
0.870532
0.869968
0.869783
0.869716
0.869387
0.870065
0.869600
0.869482
0.869252
0.869709
0.869423
0.869148
0.869095
0.868593
0.869479
0.868632
0.868300
0.868008
0.868154
0.868135
0.867478
0.867245
0.866985
0.868002
0.864916
0.865126
0.863928
0.864211
0.863841
0.864949
0.865299
0.864860
0.865435
0.865576
0.863904
0.864496
0.864607
0.864903
0.864329
0.864264
0.863988
0.865118
0.864143
0.863687
0.863592
0.863305
0.864050
0.863231
0.862925
0.862657
0.863359
0.863010
0.863181
0.862581
0.861915
0.862777
0.861848
0.862159
0.862131
0.861846
0.861785
0.860935
0.861311
0.861433
0.861585
0.860294
0.860313
0.860138
0.860714
0.861086
0.859931
0.859923
0.859665
0.860700
0.860394
0.859911
0.859413
0.859631
0.860214
0.860218
0.860080
0.859226
0.860349
0.859619
0.860007
0.860505
0.859528
0.860305
0.859914
0.860287
0.860023
0.858666
0.858446
0.858141
0.859433
0.859905
0.860775
0.859131
0.858861
0.858645
0.859404
0.859665
0.858371
0.858038
0.857991
0.859049
0.859135
0.858520
0.857596
0.858285
0.858485
0.858824
0.859194
0.857661
0.858653
0.858722
0.858944
0.859615
0.858793
0.858693
0.858831
0.859222
0.859491
0.860468
0.858687
0.859429
0.859584
0.860066
0.860811
0.859072
0.858920
0.859107
0.860401
0.860646
0.859540
0.858315
0.858824
0.860289
0.860369
0.860074
0.858124
0.858798
0.860160
0.860745
0.861384
0.860239
0.859447
0.860531
0.861563
0.862080
0.862339
0.861193
0.860330
0.861993
0.862479
0.863670
0.862363
0.860921
0.861554
0.863148
0.862336
0.862465
0.859950
0.859994
0.861558
0.863643
0.864282
0.863598
0.862118
0.862573
0.863447
0.863777
0.863903
0.863715
0.861934
0.862353
0.863335
0.863333
0.864036
0.862311
0.861649
0.862397
0.863833
0.863566
0.863028
0.862070
0.861299
0.863596
0.863746
0.863398
0.862797
0.862228
0.862581
0.863265
0.863462
0.862830
0.862867
0.861477
0.862432
0.863026
0.863242
0.862886
0.861368
0.861080
0.861798
0.863122
0.862371
0.861395
0.859950
0.860792
0.861902
0.861372
0.860817
0.859159
0.859399
0.860159
0.860149
0.860012
0.859264
0.858791
0.858341
0.859540
0.858996
0.859495
0.858063
0.857053
0.857081
0.856858
0.857848
0.856423
0.855433
0.855258
0.856929
0.857283
0.856143
0.854958
0.853809
0.855431
0.855424
0.855601
0.854558
0.853325
0.852934
0.853601
0.853841
0.854130
0.853437
0.851564
0.851736
0.852273
0.852948
0.853373
0.851191
0.850246
0.850964
0.852572
0.852830
0.852282
0.850658
0.849724
0.852070
0.852109
0.852821
0.851740
0.850859
0.849998
0.851617
0.852064
0.852525
0.852002
0.849375
0.849468
0.850077
0.851784
0.851903
0.849898
0.847833
0.848904
0.850226
0.850798
0.850497
0.848424
0.847536
0.848842
0.849439
0.850315
0.849293
0.848275
0.847124
0.847960
0.848879
0.849518
0.848355
0.846490
0.846601
0.847206
0.849190
0.848315
0.846473
0.845485
0.845718
0.845879
0.846387
0.844937
0.842769
0.843142
0.842836
0.843459
0.843825
0.841165
0.841503
0.840954
0.841379
0.841838
0.842137
0.840195
0.839990
0.840169
0.840828
0.842088
0.840667
0.840011
0.840429
0.841134
0.841860
0.841722
0.840520
0.840371
0.841812
0.841957
0.842740
0.841755
0.841861
0.842518
0.842381
0.843552
0.843222
0.843363
0.843223
0.843664
0.844167
0.845023
0.844221
0.843810
0.844519
0.844330
0.845850
0.844541
0.843526
0.843596
0.844218
0.844793
0.844681
0.842694
0.842859
0.841386
0.840271
0.839947
0.838639
0.839067
0.837115
0.838819
0.840009
0.839694
0.839931
0.839139
0.839046
0.838474
0.838782
0.841141
0.840569
0.840589
0.840095
0.840700
0.842095
0.841100
0.841700
0.842283
0.843551
0.844405
0.844086
0.843982
0.843828
0.844783
0.844454
0.845872
0.845749
0.847027
0.846509
0.846508
0.847645
0.847435
0.848422
0.848103
0.848009
0.848325
0.849560
0.849016
0.849314
0.849214
0.848727
0.850477
0.849121
0.848544
0.847562
0.849820
0.850209
0.850272
0.850489
0.849090
0.850673
0.850459
0.850987
0.850884
0.851428
0.851468
0.851401
0.851689
0.851535
0.852391
0.851890
0.851557
0.851998
0.852534
0.852838
0.852385
0.852398
0.852082
0.853466
0.852853
0.852857
0.852486
0.851236
0.851749
0.851331
0.851480
0.851700
0.852079
0.852760
0.853091
0.853345
0.853245
0.853818
0.853423
0.853605
0.853522
0.854661
0.854230
0.854120
0.854179
0.854068
0.855044
0.854792
0.854775
0.854486
0.855321
0.855283
0.855307
0.855413
0.855120
0.856023
0.855523
0.855464
0.855544
0.855762
0.855644
0.855488
0.855464
0.855229
0.856374
0.855454
0.855280
0.855226
0.855208
0.855614
0.855151
0.854775
0.854407
0.855387
0.854824
0.854734
0.854757
0.854253
0.854897
0.854502
0.854461
0.854344
0.855367
0.854545
0.854555
0.854908
0.854880
0.855673
0.855107
0.854646
0.854502
0.855567
0.855398
0.855640
0.855163
0.855196
0.856315
0.854899
0.853873
0.854164
0.854729
0.855361
0.854927
0.855626
0.854924
0.856007
0.854720
0.854679
0.854215
0.855196
0.855685
0.855123
0.854852
0.854751
0.855648
0.856038
0.856186
0.856048
0.855788
0.856354
0.855778
0.856026
0.856262
0.856922
0.856254
0.856127
0.855994
0.855904
0.857209
0.856196
0.856140
0.855864
0.856794
0.856470
0.856702
0.856478
0.856310
0.857343
0.856801
0.856724
0.856778
0.857489
0.857305
0.857154
0.856981
0.856870
0.857944
0.857534
0.857444
0.857515
0.857839
0.858006
0.857872
0.857981
0.857591
0.859099
0.858054
0.858491
0.858558
0.858268
0.858497
0.858460
0.858210
0.855741
0.856169
0.855361
0.854965
0.856549
0.856857
0.857541
0.857005
0.856680
0.856655
0.857640
0.856996
0.856749
0.856935
0.856592
0.857601
0.857126
0.856926
0.856424
0.857216
0.856797
0.856851
0.857041
0.856770
0.857483
0.857060
0.857077
0.857185
0.857694
0.857676
0.857292
0.857461
0.856946
0.857956
0.857402
0.857376
0.856868
0.856863
0.856616
0.856261
0.855888
0.855486
0.856062
0.854816
0.853757
0.853078
0.852329
0.852159
0.850493
0.849487
0.848169
0.849051
0.848411
0.848024
0.847895
0.847481
0.848331
0.846846
0.847442
0.847053
0.847713
0.846696
0.846241
0.846456
0.846466
0.847462
0.844601
0.843583
0.842649
0.842932
0.842616
0.843952
0.844149
0.843570
0.843962
0.842612
0.844539
0.844989
0.844730
0.845131
0.842497
0.838757
0.842931
0.845275
0.844046
0.843934
0.837685
0.833603
0.839504
0.841639
0.840560
0.840669
0.833034
0.834085
0.837390
0.837807
0.836746
0.838050
0.830462
0.838932
0.838634
0.836244
0.834816
0.835319
0.833117
0.843983
0.843072
0.836083
0.835400
0.835124
0.838217
0.847164
0.846487
0.838898
0.837471
0.838697
0.844623
0.849491
0.849522
0.843921
0.843241
0.843391
0.849425
0.851712
0.853183
0.848216
0.848203
0.848400
0.851814
0.853704
0.853791
0.851609
0.850934
0.853054
0.854248
0.855651
0.855301
0.853893
0.854732
0.854589
0.855874
0.856827
0.857817
0.856154
0.856758
0.857136
0.857944
0.860079
0.859794
0.858670
0.858408
0.859833
0.860737
0.860888
0.860040
0.859985
0.860670
0.860773
0.862005
0.860825
0.861924
0.860716
0.861101
0.861955
0.861282
0.862454
0.861104
0.860612
0.863034
0.862539
0.862372
0.862308
0.862349
0.861369
0.862529
0.862166
0.862137
0.862517
0.862395
0.862380
0.862054
0.863250
0.863239
0.864711
0.864159
0.862995
0.863649
0.864261
0.864306
0.864350
0.864177
0.862330
0.865023
0.864254
0.864041
0.864270
0.863348
0.864168
0.863773
0.862361
0.862555
0.863886
0.863745
0.863544
0.863721
0.863556
0.864100
0.863599
0.863311
0.863463
0.863888
0.864163
0.863727
0.863695
0.863376
0.864474
0.864178
0.863940
0.864028
0.864085
0.864608
0.864130
0.864459
0.864228
0.864989
0.864406
0.864179
0.864320
0.864490
0.865278
0.864705
0.864603
0.864168
0.865042
0.865002
0.864888
0.864725
0.864440
0.865141
0.864738
0.865086
0.864418
0.865170
0.864471
0.864289
0.864507
0.864376
0.865319
0.864703
0.864552
0.864282
0.864968
0.865012
0.864825
0.864835
0.864646
0.865498
0.864885
0.864950
0.864896
0.865094
0.865346
0.864847
0.864768
0.864708
0.865571
0.864945
0.865024
0.865079
0.864905
0.865563
0.865073
0.865167
0.864734
0.865487
0.864857
0.864937
0.864765
0.864542
0.865502
0.864778
0.864630
0.864376
0.865082
0.864832
0.864795
0.864524
0.864249
0.865185
0.864379
0.864632
0.864649
0.865093
0.864902
0.864609
0.864650
0.864720
0.865950
0.865225
0.864925
0.864952
0.865222
0.865706
0.865179
0.865165
0.865072
0.866166
0.865782
0.865510
0.865421
0.865239
0.865890
0.865369
0.865367
0.865110
0.865968
0.865097
0.865220
0.865366
0.864914
0.865504
0.864869
0.864732
0.864938
0.865397
0.864787
0.864810
0.863727
0.862479
0.862955
0.862156
0.861305
0.861841
0.863726
0.864468
0.864636
0.864620
0.865126
0.864055
0.863324
0.863983
0.864282
0.864384
0.864131
0.863631
0.864382
0.864041
0.865297
0.864767
0.864530
0.864583
0.865040
0.865282
0.864902
0.864392
0.864326
0.865293
0.864938
0.864698
0.864428
0.864236
0.864999
0.864657
0.864741
0.864555
0.864965
0.863902
0.864535
0.864617
0.864952
0.865571
0.864547
0.864431
0.864933
0.865072
0.865059
0.864702
0.864626
0.864770
0.865177
0.865302
0.864899
0.864526
0.865025
0.865023
0.864850
0.864872
0.864539
0.865090
0.864627
0.864730
0.864478
0.864766
0.864818
0.864193
0.864254
0.863727
0.864792
0.864367
0.864289
0.863964
0.864286
0.864876
0.864115
0.864221
0.864003
0.864880
0.864346
0.864258
0.864004
0.864127
0.865144
0.864597
0.864576
0.864180
0.865073
0.864416
0.864751
0.864843
0.864402
0.864990
0.864306
0.864678
0.864581
0.865008
0.864499
0.864648
0.863979
0.864558
0.865278
0.864573
0.864140
0.864194
0.864505
0.865345
0.865262
0.865043
0.864352
0.865323
0.864818
0.865229
0.864597
0.863798
0.864183
0.864383
0.864575
0.864562
0.865483
0.864738
0.864375
0.864240
0.864406
0.865101
0.864267
0.864250
0.863892
0.864826
0.864336
0.864124
0.863914
0.863658
0.864367
0.863646
0.863562
0.863287
0.864136
0.863221
0.863082
0.862889
0.862457
0.863270
0.862477
0.862528
0.862329
0.862479
0.862256
0.862061
0.862025
0.861719
0.862755
0.861925
0.861408
0.861347
0.861819
0.861795
0.862076
0.860557
0.858155
0.859213
0.858842
0.858712
0.859056
0.859473
0.860222
0.860267
0.860263
0.860893
0.861349
0.860189
0.860473
0.861096
0.861075
0.861658
0.861143
0.860316
0.859901
0.860763
0.860382
0.860269
0.860189
0.859755
0.860343
0.859368
0.859513
0.859683
0.860676
0.858954
0.859325
0.858834
0.859153
0.860211
0.859664
0.859481
0.859357
0.859031
0.859597
0.859475
0.859462
0.858868
0.859410
0.858539
0.859145
0.859178
0.859095
0.859687
0.859032
0.858262
0.858450
0.859298
0.858506
0.859509
0.857555
0.857823
0.858588
0.857963
0.857866
0.857794
0.858525
0.857770
0.857350
0.857309
0.857469
0.858268
0.857698
0.856965
0.856634
0.857666
0.857899
0.857432
0.857499
0.857441
0.857459
0.855018
0.855190
0.856481
0.857842
0.856116
0.855957
0.856035
0.855858
0.856943
0.856463
0.855541
0.854719
0.854486
0.855098
0.854755
0.854715
0.853509
0.853370
0.852804
0.852969
0.853167
0.852915
0.852977
0.851755
0.851179
0.851367
0.852230
0.851276
0.850644
0.848262
0.848191
0.849742
0.848928
0.848649
0.847895
0.847343
0.846314
0.846322
0.845301
0.844395
0.843906
0.841250
0.839587
0.839000
0.838035
0.836977
0.835692
0.835013
0.834739
0.836303
0.836465
0.837546
0.838282
0.838984
0.839007
0.838625
0.837367
0.837070
0.837101
0.835161
0.833277
0.832736
0.832011
0.831872
0.831310
0.831327
0.830610
0.833294
0.834553
0.833334
0.834494
0.832434
0.830214
0.824772
0.818680
0.812514
0.809212
0.805416
0.803463
0.803766
0.805082
0.808003
0.810912
0.813305
0.815880
0.821176
0.826602
0.831170
0.835821
0.839610
0.842412
0.842416
0.842767
0.842988
0.843673
0.843944
0.843659
0.843698
0.844017
0.845581
0.845422
0.845549
0.845162
0.845034
0.845610
0.845849
0.846338
0.846487
0.847129
0.846400
0.846605
0.846649
0.846241
0.846461
0.845281
0.844212
0.843699
0.844265
0.843751
0.843467
0.844162
0.843663
0.844734
0.844634
0.844848
0.845321
0.846295
0.846289
0.846839
0.847498
0.847757
0.849103
0.848886
0.850158
0.849178
0.850188
0.851234
0.852980
0.853558
0.853959
0.855523
0.855146
0.855353
0.855387
0.855515
0.855659
0.855045
0.855024
0.854477
0.855308
0.854424
0.853934
0.853763
0.853571
0.853866
0.853592
0.853660
0.852849
0.853844
0.853466
0.853215
0.853543
0.853426
0.853547
0.852947
0.853128
0.853086
0.854455
0.853894
0.852364
0.852904
0.853266
0.853121
0.854393
0.853420
0.850288
0.853857
0.854291
0.851239
0.854756
0.849756
0.850686
0.853724
0.854048
0.849917
0.854533
0.845985
0.850959
0.853504
0.852342
0.849351
0.851018
0.844742
0.851538
0.852839
0.851333
0.847441
0.846800
0.845868
0.851401
0.851377
0.848503
0.846682
0.843956
0.846484
0.848051
0.849047
0.846775
0.846481
0.845771
0.847911
0.848942
0.848327
0.847948
0.847163
0.847704
0.848865
0.849892
0.849287
0.848437
0.848030
0.848583
0.850489
0.849872
0.849387
0.848717
0.848587
0.849216
0.849053
0.847992
0.847150
0.846726
0.845516
0.845251
0.844263
0.843120
0.842214
0.839434
0.839455
0.838823
0.838527
0.836394
0.834134
0.832273
0.831021
0.830426
0.826955
0.825368
0.822952
0.822753
0.821356
0.819994
0.818752
0.817551
0.817056
0.815979
0.815372
0.814325
0.814282
0.813189
0.812552
0.812529
0.812131
0.812643
0.812054
0.812005
0.812120
0.813006
0.813246
0.812865
0.812814
0.813605
0.813633
0.812895
0.812611
0.814438
0.814991
0.815523
0.815771
0.815905
0.815283
0.816858
0.816636
0.816334
0.817330
0.817230
0.817656
0.818152
0.818596
0.818058
0.820508
0.819365
0.819281
0.820538
0.820395
0.820687
0.821714
0.820760
0.820645
0.822657
0.821897
0.821415
0.822715
0.821384
0.822409
0.823290
0.820737
0.821342
0.823669
0.821997
0.821813
0.822369
0.821092
0.821845
0.822434
0.821048
0.820594
0.821075
0.820296
0.819981
0.821171
0.819465
0.819988
0.819505
0.818468
0.818754
0.820174
0.819085
0.818286
0.817689
0.816708
0.818359
0.818940
0.817328
0.816655
0.816551
0.816952
0.816607
0.815248
0.813959
0.815286
0.814738
0.814604
0.815639
0.815564
0.815155
0.813625
0.813363
0.812834
0.814875
0.813936
0.812554
0.811707
0.812089
0.811366
0.812746
0.811610
0.810349
0.810487
0.810251
0.810371
0.811138
0.809582
0.809547
0.809122
0.808965
0.809436
0.809901
0.809247
0.808085
0.808620
0.807883
0.810044
0.809456
0.808181
0.807915
0.808201
0.808983
0.809814
0.809268
0.808059
0.809356
0.809156
0.809665
0.811055
0.809958
0.810299
0.810435
0.810671
0.811719
0.813711
0.812661
0.812297
0.813148
0.813397
0.815994
0.815935
0.815500
0.815791
0.817209
0.817773
0.819977
0.819958
0.819441
0.821100
0.821351
0.822239
0.822113
0.822567
0.823638
0.824958
0.825277
0.826256
0.828925
0.827718
0.827217
0.828164
0.828109
0.830323
0.830818
0.830018
0.829822
0.831238
0.830567
0.832231
0.832388
0.831522
0.832804
0.832286
0.832370
0.833609
0.833860
0.833380
0.833704
0.833240
0.833802
0.835580
0.834967
0.835003
0.835332
0.835947
0.836483
0.836923
0.837294
0.837393
0.838671
0.838594
0.839384
0.839731
0.840942
0.841336
0.841760
0.842351
0.843104
0.844203
0.845038
0.845292
0.846441
0.846978
0.848053
0.848501
0.849394
0.849493
0.851683
0.851682
0.851724
0.853034
0.853190
0.854216
0.854738
0.855055
0.855094
0.854797
0.854787
0.855714
0.857294
0.857285
0.857748
0.858557
0.857391
0.858387
0.859138
0.859092
0.858497
0.859230
0.858861
0.860329
0.859475
0.859353
0.859144
0.859936
0.859926
0.859999
0.860016
0.859444
0.860963
0.860026
0.860040
0.860202
0.860218
0.860462
0.860190
0.859900
0.860111
0.861104
0.860439
0.859996
0.860277
0.859969
0.860835
0.860544
0.860400
0.860231
0.861381
0.860880
0.861011
0.860844
0.860562
0.861667
0.861323
0.861122
0.861095
0.862023
0.861805
0.861542
0.861610
0.861268
0.862513
0.861757
0.861849
0.861549
0.862296
0.861989
0.861848
0.861812
0.861737
0.862479
0.861939
0.861784
0.861717
0.862038
0.861436
0.860555
0.860426
0.859989
0.861455
0.860871
0.860811
0.860668
0.860742
0.861098
0.860769
0.860810
0.860765
0.861059
0.860928
0.860767
0.860928
0.861045
0.861625
0.860890
0.860718
0.860600
0.861557
0.861289
0.861110
0.861124
0.860860
0.861785
0.861271
0.861274
0.861101
0.861589
0.861195
0.860996
0.861056
0.860888
0.861698
0.861158
0.860634
0.860803
0.861160
0.860937
0.860673
0.860450
0.860291
0.861182
0.860744
0.860555
0.860684
0.860732
0.861079
0.860718
0.860701
0.860464
0.861368
0.860864
0.860696
0.860861
0.860839
0.861427
0.861077
0.860912
0.860525
0.861415
0.861164
0.860910
0.861043
0.860668
0.861415
0.860769
0.860799
0.860546
0.861326
0.860797
0.860533
0.860398
0.860296
0.861169
0.860338
0.860301
0.859658
0.860451
0.860567
0.860207
0.860233
0.859706
0.860454
0.860130
0.859850
0.859954
0.860277
0.860282
0.859857
0.860162
0.860147
0.861098
0.860416
0.860155
0.860052
0.860204
0.860905
0.860541
0.860530
0.859944
0.860876
0.860420
0.860453
0.860371
0.860018
0.860588
0.859939
0.860070
0.860062
0.860631
0.860085
0.859538
0.859417
0.859327
0.859402
0.859738
0.859416
0.859135
0.859739
0.859975
0.859681
0.859830
0.859407
0.860262
0.858929
0.859621
0.859394
0.857824
0.857423
0.856463
0.856481
0.856197
0.859392
0.859433
0.859219
0.858154
0.859351
0.859489
0.859056
0.859258
0.857802
0.859012
0.859420
0.858690
0.859901
0.859993
0.859048
0.859331
0.859269
0.858155
0.860108
0.859695
0.858562
0.858614
0.859058
0.859774
0.859360
0.859174
0.858813
0.859255
0.858926
0.858617
0.858533
0.858097
0.858892
0.856846
0.856993
0.855718
0.856694
0.856691
0.856330
0.856137
0.856239
0.857300
0.856593
0.856431
0.856075
0.856314
0.856721
0.856340
0.856229
0.855566
0.856548
0.856211
0.855759
0.855933
0.855716
0.856107
0.855587
0.855749
0.855610
0.856394
0.855917
0.856528
0.856166
0.856473
0.856842
0.856795
0.855388
0.856562
0.859075
0.858952
0.859009
0.859260
0.859549
0.859781
0.858716
0.858775
0.859113
0.859143
0.861025
0.861645
0.861821
0.861649
0.862435
0.862143
0.861852
0.861608
0.861893
0.862112
0.861984
0.862137
0.861251
0.862585
0.861880
0.861964
0.861844
0.862227
0.862739
0.862030
0.861921
0.861878
0.862592
0.862431
0.861996
0.861703
0.861551
0.862346
0.861897
0.862055
0.861956
0.862677
0.862158
0.861827
0.861973
0.861846
0.862772
0.862115
0.861982
0.861672
0.862508
0.862253
0.862153
0.861712
0.861434
0.862197
0.861784
0.861736
0.862086
0.862360
0.862716
0.861769
0.861922
0.861923
0.863328
0.862715
0.862657
0.862246
0.862364
0.862771
0.862982
0.863307
0.861086
0.862292
0.860889
0.859578
0.860866
0.861609
0.863354
0.862615
0.862092
0.861641
0.863241
0.862716
0.862591
0.862529
0.862150
0.862867
0.862690
0.863054
0.862662
0.863265
0.862857
0.862738
0.863083
0.863001
0.863712
0.863068
0.862874
0.862803
0.863534
0.863217
0.862835
0.863024
0.863084
0.863788
0.863248
0.862984
0.863050
0.863481
0.864089
0.863554
0.863230
0.863408
0.864476
0.864317
0.864348
0.863983
0.863923
0.864722
0.864304
0.864839
0.864419
0.865359
0.864574
0.864875
0.864904
0.865074
0.865314
0.864664
0.864774
0.864027
0.865497
0.864891
0.864707
0.864685
0.863982
0.863984
0.863471
0.863434
0.863068
0.863909
0.861286
0.858747
0.858942
0.858461
0.859351
0.858747
0.859248
0.859480
0.860673
0.861329
0.861911
0.862604
0.862569
0.864792
0.864806
0.865070
0.865012
0.864984
0.865497
0.865463
0.865607
0.865646
0.866473
0.866063
0.865887
0.866106
0.866129
0.866638
0.865992
0.865953
0.865660
0.866546
0.865903
0.865664
0.865561
0.865492
0.866308
0.865671
0.865557
0.865325
0.866352
0.866238
0.865969
0.866191
0.865717
0.866646
0.866603
0.866595
0.866576
0.866960
0.866604
0.866390
0.866541
0.866490
0.867457
0.866637
0.866458
0.866290
0.866681
0.867295
0.866736
0.866299
0.866052
0.866737
0.866587
0.866742
0.866908
0.865048
0.864721
0.864312
0.865251
0.865802
0.866346
0.865723
0.865343
0.865390
0.865724
0.866306
0.865660
0.865387
0.864857
0.865874
0.865892
0.865433
0.865280
0.865089
0.865568
0.865005
0.864758
0.864545
0.864986
0.864373
0.863938
0.863667
0.863265
0.863945
0.863024
0.862515
0.862206
0.861853
0.862073
0.861689
0.861406
0.861071
0.862020
0.861006
0.861178
0.861033
0.861453
0.861738
0.861039
0.861232
0.861416
0.862766
0.862414
0.862431
0.862606
0.862806
0.863605
0.863252
0.863588
0.863335
0.864559
0.864108
0.863816
0.864056
0.863979
0.865345
0.865153
0.864277
0.864286
0.865539
0.865574
0.863833
0.863548
0.862488
0.862209
0.863214
0.863127
0.864297
0.863922
0.864006
0.863553
0.863829
0.863414
0.863277
0.861987
0.862017
0.862126
0.862140
0.862198
0.861099
0.860942
0.860626
0.861804
0.861226
0.860683
0.860688
0.860403
0.861210
0.860689
0.859682
0.858630
0.859274
0.860359
0.860757
0.861091
0.860486
0.862020
0.861022
0.861237
0.861992
0.860807
0.861146
0.861240
0.860493
0.860559
0.861444
0.860586
0.860952
0.859779
0.860417
0.860371
0.859859
0.860605
0.860007
0.860901
0.860729
0.860214
0.860586
0.861576
0.861934
0.860868
0.861243
0.860879
0.863006
0.862361
0.862620
0.862526
0.862023
0.863224
0.863022
0.863404
0.861585
0.862064
0.861292
0.860988
0.861246
0.861880
0.863562
0.862803
0.862898
0.862769
0.863344
0.863038
0.862542
0.863073
0.861363
0.862889
0.862389
0.862101
0.861844
0.862346
0.862411
0.862241
0.862049
0.861741
0.862568
0.862060
0.861897
0.861962
0.862688
0.862446
0.862165
0.862054
0.862349
0.863283
0.862526
0.862129
0.862035
0.862442
0.863341
0.862837
0.862653
0.862146
0.862935
0.863084
0.863020
0.862942
0.862464
0.862810
0.862597
0.862823
0.862672
0.863486
0.862862
0.862058
0.862250
0.862113
0.862927
0.862547
0.862291
0.861868
0.862485
0.862481
0.862270
0.862402
0.861980
0.862870
0.862690
0.861002
0.860360
0.860775
0.859955
0.861210
0.862460
0.861413
0.863121
0.862523
0.862369
0.862801
0.862994
0.862929
0.862825
0.862629
0.862479
0.863869
0.863021
0.862316
0.862349
0.862345
0.863165
0.862737
0.862857
0.861794
0.862398
0.862461
0.862077
0.862476
0.862415
0.862954
0.861708
0.861875
0.861922
0.862910
0.862678
0.862533
0.861847
0.861261
0.862623
0.862167
0.862421
0.862138
0.862256
0.861467
0.861708
0.862380
0.861008
0.862658
0.861891
0.861101
0.861098
0.861933
0.861784
0.861676
0.861507
0.860608
0.861382
0.861126
0.860943
0.860924
0.860692
0.860916
0.860041
0.859984
0.859833
0.860720
0.860705
0.859451
0.857936
0.857506
0.860275
0.859433
0.859483
0.859847
0.860458
0.859482
0.859509
0.859646
0.859116
0.860393
0.859607
0.858939
0.858793
0.859488
0.858989
0.859262
0.859532
0.858883
0.859348
0.858431
0.858148
0.858238
0.858887
0.858558
0.857682
0.857345
0.857546
0.857198
0.857363
0.857468
0.856775
0.856205
0.856760
0.856270
0.856439
0.856439
0.857089
0.855639
0.855538
0.855814
0.855893
0.856745
0.855803
0.854905
0.854724
0.855948
0.855526
0.855488
0.856041
0.853106
0.854803
0.854720
0.854763
0.854793
0.855631
0.854662
0.853848
0.854306
0.853938
0.854963
0.854548
0.854307
0.853177
0.852402
0.852523
0.851210
0.851880
0.851396
0.853006
0.853150
0.853177
0.853302
0.853150
0.853578
0.852907
0.853055
0.852278
0.853852
0.852948
0.853159
0.853288
0.853112
0.853522
0.853259
0.853050
0.852843
0.854085
0.853209
0.852759
0.852861
0.853127
0.853951
0.853822
0.853423
0.852610
0.853736
0.853227
0.853108
0.853547
0.853255
0.853450
0.853193
0.853055
0.852726
0.853656
0.853317
0.852463
0.852648
0.852355
0.853195
0.852987
0.853239
0.852349
0.852683
0.852617
0.852495
0.852791
0.852497
0.852960
0.852253
0.851818
0.852265
0.852397
0.852780
0.851861
0.851749
0.850770
0.852206
0.851672
0.851889
0.850399
0.849339
0.850098
0.849612
0.849909
0.849510
0.850127
0.849670
0.849127
0.849369
0.848805
0.849644
0.848927
0.849050
0.848165
0.849496
0.849056
0.848697
0.848911
0.848812
0.850065
0.849615
0.849491
0.849035
0.850081
0.850599
0.850584
0.850385
0.850281
0.850691
0.851030
0.851340
0.851408
0.851254
0.851855
0.851486
0.852355
0.851983
0.853056
0.852624
0.852157
0.852955
0.853460
0.853820
0.853737
0.854151
0.852882
0.855610
0.855024
0.854580
0.855098
0.854720
0.855720
0.856530
0.856233
0.855930
0.857129
0.856573
0.857115
0.857621
0.857319
0.858238
0.857815
0.857700
0.858093
0.858893
0.858420
0.858425
0.858346
0.858157
0.859498
0.859037
0.858855
0.858836
0.859232
0.859755
0.859591
0.859219
0.858409
0.860032
0.859559
0.859767
0.859835
0.859537
0.860368
0.859454
0.859625
0.859894
0.860713
0.859992
0.859764
0.859913
0.860220
0.861002
0.860314
0.860292
0.859365
0.861027
0.860770
0.860679
0.860596
0.860149
0.861142
0.860813
0.860805
0.860459
0.861126
0.860726
0.860627
0.860791
0.860597
0.861323
0.860581
0.860384
0.860490
0.860585
0.860751
0.860568
0.859023
0.859525
0.860955
0.859693
0.860015
0.859626
0.859743
0.860050
0.859513
0.859495
0.859060
0.859624
0.860258
0.857696
0.856482
0.857121
0.857284
0.856576
0.856041
0.857889
0.859135
0.859324
0.859520
0.859484
0.858415
0.858502
0.859311
0.858309
0.859258
0.860006
0.859631
0.859622
0.859734
0.859622
0.860367
0.859441
0.859249
0.858952
0.859751
0.859786
0.858952
0.858799
0.858270
0.859231
0.858684
0.858476
0.858278
0.858265
0.858425
0.858330
0.858242
0.857892
0.859204
0.857128
0.857855
0.858148
0.858092
0.858623
0.858243
0.858260
0.858149
0.858859
0.858238
0.858001
0.858095
0.858037
0.859020
0.858450
0.858157
0.857843
0.858907
0.858654
0.858226
0.858021
0.857501
0.858613
0.858366
0.858814
0.856979
0.858164
0.857691
0.858096
0.858315
0.857703
0.858343
0.857731
0.857766
0.857841
0.858412
0.858258
0.857725
0.857906
0.858485
0.858808
0.856541
0.856635
0.856357
0.855771
0.858915
0.858469
0.858311
0.858028
0.859489
0.858606
0.859068
0.858861
0.858380
0.859081
0.858940
0.859061
0.858676
0.859386
0.858721
0.858692
0.859044
0.858718
0.859806
0.858585
0.858697
0.858860
0.859594
0.859433
0.859374
0.859221
0.859250
0.860389
0.859768
0.860013
0.859582
0.859824
0.859051
0.858679
0.860271
0.860702
0.861682
0.861028
0.861331
0.861737
0.861755
0.862264
0.861899
0.861463
0.862228
0.863299
0.863019
0.862589
0.862319
0.862264
0.863459
0.862896
0.862680
0.862311
0.863331
0.862417
0.863123
0.862679
0.862629
0.863156
0.862250
0.862671
0.863212
0.862287
0.861179
0.861201
0.861925
0.863118
0.863985
0.863405
0.863053
0.862450
0.863591
0.863844
0.863498
0.863559
0.862992
0.863761
0.863856
0.863720
0.863711
0.863884
0.863580
0.863769
0.863948
0.863285
0.864449
0.863473
0.863218
0.863866
0.863489
0.864101
0.863484
0.863106
0.863093
0.863949
0.863345
0.863128
0.862634
0.862947
0.863944
0.863143
0.862934
0.862290
0.863556
0.863344
0.863217
0.863062
0.862501
0.863585
0.863508
0.863338
0.863174
0.863504
0.862769
0.863132
0.863110
0.863239
0.863879
0.862841
0.862908
0.863116
0.863623
0.863446
0.862590
0.862386
0.862520
0.863652
0.863595
0.861262
0.860084
0.860402
0.860175
0.859974
0.861392
0.860427
0.861857
0.860922
0.861226
0.860779
0.860263
0.861057
0.860399
0.860535
0.860298
0.860816
0.860193
0.860061
0.860274
0.860054
0.860326
0.859480
0.859724
0.859472
0.860088
0.859488
0.858625
0.859190
0.858855
0.859764
0.858543
0.857602
0.857699
0.857978
0.858471
0.857761
0.856720
0.856329
0.857043
0.857075
0.856528
0.856359
0.855542
0.855712
0.855333
0.855593
0.855332
0.855419
0.854889
0.854374
0.854712
0.854500
0.854415
0.854455
0.854259
0.853971
0.854459
0.854012
0.853473
0.854311
0.854652
0.855097
0.853469
0.853291
0.853910
0.855803
0.855530
0.853446
0.852655
0.851449
0.853818
0.854836
0.856234
0.855892
0.856096
0.855281
0.855699
0.855941
0.856322
0.857023
0.856698
0.856856
0.856397
0.857041
0.857332
0.857726
0.857913
0.857641
0.858424
0.857806
0.857636
0.858542
0.858976
0.859400
0.858787
0.858185
0.858385
0.860044
0.859731
0.859599
0.859132
0.858976
0.860055
0.859564
0.860339
0.859611
0.860518
0.860481
0.858633
0.859393
0.859893
0.860806
0.860465
0.860346
0.860006
0.859579
0.859192
0.859292
0.859560
0.859207
0.859629
0.859141
0.859262
0.859113
0.859678
0.859364
0.858555
0.858213
0.858611
0.859579
0.859682
0.858986
0.859371
0.858891
0.859225
0.858871
0.859059
0.858821
0.859711
0.859182
0.858862
0.858808
0.858636
0.860249
0.859544
0.859249
0.858870
0.860218
0.859632
0.859188
0.859170
0.859388
0.859191
0.858753
0.858008
0.858801
0.861388
0.859483
0.859665
0.859544
0.859140
0.860356
0.859179
0.859249
0.859004
0.860421
0.860428
0.859386
0.858516
0.860494
0.861151
0.861384
0.861380
0.859843
0.861026
0.861180
0.861268
0.861958
0.861099
0.860222
0.861251
0.861021
0.861657
0.861739
0.861063
0.860124
0.860294
0.859548
0.861075
0.860788
0.860161
0.860075
0.859992
0.861270
0.861120
0.860540
0.859768
0.860836
0.860772
0.861198
0.860342
0.860223
0.861048
0.860726
0.861130
0.861189
0.861841
0.861144
0.860972
0.861415
0.861255
0.862190
0.861189
0.861155
0.861262
0.862090
0.862262
0.861759
0.861551
0.861042
0.862329
0.861849
0.861976
0.861472
0.861660
0.861996
0.862112
0.861380
0.861412
0.862274
0.861447
0.861664
0.861862
0.861817
0.862384
0.861902
0.861788
0.861971
0.862886
0.862625
0.862135
0.862081
0.862055
0.863404
0.862870
0.862640
0.862340
0.863060
0.863149
0.863279
0.862773
0.862795
0.863475
0.862848
0.863377
0.863240
0.863810
0.863357
0.862954
0.863149
0.863118
0.864126
0.863518
0.863083
0.862809
0.863343
0.863656
0.863462
0.863257
0.862553
0.863771
0.863637
0.863288
0.863466
0.863423
0.863316
0.863597
0.863504
0.863553
0.864398
0.863966
0.864190
0.864090
0.863934
0.864571
0.864028
0.863969
0.864240
0.864965
0.864628
0.864283
0.864373
0.864508
0.865295
0.864704
0.864358
0.864131
0.865042
0.864996
0.864658
0.864484
0.864036
0.864676
0.864620
0.864434
0.864393
0.864468
0.864290
0.864413
0.864490
0.864446
0.865330
0.864442
0.864268
0.864397
0.864943
0.865164
0.862710
0.862234
0.862176
0.862961
0.861967
0.862905
0.863888
0.864660
0.864755
0.864797
0.862899
0.863262
0.864449
0.865171
0.863485
0.863456
0.863451
0.864164
0.864469
0.864713
0.864658
0.864716
0.864457
0.864257
0.864587
0.864419
0.865128
0.864353
0.864182
0.864262
0.864889
0.864925
0.864484
0.864018
0.863907
0.865194
0.865180
0.864668
0.864561
0.864421
0.865116
0.864792
0.864955
0.863944
0.864889
0.864916
0.864288
0.864815
0.864618
0.865018
0.864363
0.864531
0.864506
0.865069
0.864484
0.864309
0.864741
0.864869
0.864829
0.864334
0.863900
0.863729
0.864708
0.864942
0.863811
0.863783
0.863490
0.864562
0.864524
0.864296
0.864336
0.863873
0.864171
0.864223
0.864444
0.864375
0.864640
0.864184
0.864173
0.864325
0.864583
0.864765
0.864381
0.863867
0.864053
0.865056
0.864547
0.864242
0.864033
0.864202
0.864886
0.864289
0.864325
0.863897
0.864950
0.864603
0.863883
0.863975
0.863914
0.865040
0.863756
0.864061
0.863434
0.864061
0.863786
0.863836
0.864628
0.865179
0.864823
0.864702
0.864857
0.864774
0.865556
0.865430
0.865048
0.865009
0.864847
0.865718
0.865654
0.865496
0.865017
0.865625
0.865698
0.865715
0.865548
0.865207
0.866190
0.865540
0.865394
0.865636
0.865621
0.866070
0.865855
0.865094
0.865132
0.866226
0.865635
0.865594
0.865359
0.865390
0.866247
0.865853
0.865793
0.865617
0.866502
0.866007
0.866219
0.866250
0.866184
0.866887
0.866261
0.866391
0.866372
0.867116
0.866297
0.867178
0.865335
0.863606
0.865501
0.863964
0.864346
0.862945
0.865841
0.866294
0.865616
0.866742
0.866256
0.866638
0.866818
0.867583
0.867292
0.867777
0.868096
0.867736
0.867731
0.867167
0.868327
0.867788
0.867643
0.867836
0.867860
0.868374
0.868850
0.866433
0.867501
0.868977
0.868520
0.868514
0.868516
0.868470
0.869305
0.868853
0.868766
0.868689
0.869287
0.868856
0.868906
0.869206
0.869052
0.869843
0.869152
0.869091
0.868979
0.869722
0.869473
0.869016
0.868945
0.869640
0.868990
0.868993
0.868927
0.868783
0.869132
0.869234
0.869073
0.869022
0.868665
0.869659
0.869159
0.869170
0.869191
0.869226
0.869815
0.869509
0.869409
0.869095
0.870054
0.869627
0.869592
0.869503
0.869293
0.870017
0.870036
0.869385
0.868412
0.868646
0.868394
0.868921
0.869654
0.869547
0.870405
0.869797
0.869638
0.869059
0.870027
0.869895
0.869665
0.869527
0.868964
0.869731
0.869206
0.869365
0.869116
0.869588
0.869342
0.869179
0.869226
0.869069
0.870087
0.869416
0.869156
0.869249
0.869523
0.870001
0.869800
0.869577
0.869149
0.870408
0.869728
0.869667
0.869713
0.869658
0.870416
0.869884
0.869858
0.869435
0.870343
0.869915
0.869575
0.869624
0.869493
0.870132
0.869746
0.869607
0.869359
0.869636
0.869675
0.869259
0.869160
0.869260
0.869980
0.869581
0.869407
0.869200
0.869900
0.869959
0.869603
0.869488
0.869763
0.870289
0.867763
0.868533
0.868737
0.869803
0.870013
0.869905
0.869855
0.869790
0.870449
0.870269
0.869983
0.870111
0.869890
0.870488
0.870240
0.870032
0.869737
0.870592
0.870000
0.869909
0.869979
0.869919
0.870341
0.869620
0.869509
0.869309
0.870165
0.869839
0.869786
0.869604
0.869390
0.870252
0.869676
0.869657
0.869456
0.870132
0.869995
0.869923
0.869954
0.869885
0.870569
0.869977
0.869953
0.869955
0.870449
0.870340
0.869949
0.870278
0.869531
0.871044
0.870200
0.869799
0.869619
0.869798
0.870298
0.869887
0.869707
0.869277
0.870057
0.869569
0.869369
0.869482
0.869157
0.869560
0.869077
0.869200
0.869085
0.870458
0.869895
0.867614
0.868415
0.868008
0.870331
0.869892
0.869790
0.869540
0.870389
0.870199
0.869853
0.869855
0.869682
0.870667
0.870001
0.869846
0.869613
0.870245
0.870257
0.869988
0.869858
0.869322
0.870289
0.869585
0.869700
0.869415
0.869408
0.869396
0.869117
0.869119
0.868708
0.869560
0.868884
0.868844
0.868703
0.868744
0.869275
0.868654
0.868596
0.868140
0.869071
0.868806
0.868407
0.868363
0.868657
0.869221
0.868676
0.868436
0.868060
0.868953
0.868397
0.868384
0.868363
0.867942
0.868889
0.868289
0.868161
0.868011
0.868518
0.868054
0.867757
0.867879
0.867563
0.868395
0.867758
0.867389
0.867293
0.867326
0.867832
0.867255
0.864832
0.865484
0.866481
0.867079
0.867158
0.867164
0.867170
0.867425
0.867300
0.867382
0.867084
0.868019
0.867479
0.867416
0.867582
0.867503
0.868325
0.867843
0.867574
0.867356
0.868211
0.868136
0.868084
0.867917
0.867813
0.868475
0.867869
0.867956
0.867741
0.868433
0.868012
0.867748
0.867650
0.867391
0.868643
0.867561
0.867849
0.867411
0.867707
0.868214
0.867019
0.867647
0.867487
0.868114
0.867622
0.867654
0.867795
0.867952
0.868295
0.867875
0.867921
0.867810
0.868713
0.868194
0.868255
0.868239
0.868185
0.868855
0.868526
0.868328
0.868323
0.869262
0.868701
0.868570
0.868782
0.866837
0.868105
0.866988
0.868400
0.868468
0.868806
0.868435
0.868143
0.868242
0.868081
0.868731
0.868154
0.868095
0.867956
0.868627
0.868620
0.868084
0.868377
0.868160
0.869046
0.868532
0.868366
0.868272
0.868591
0.868866
0.868378
0.868235
0.867932
0.868989
0.868430
0.868395
0.868437
0.867757
0.868942
0.868288
0.868171
0.867941
0.868646
0.867857
0.867815
0.868079
0.866766
0.867957
0.867555
0.867506
0.866945
0.867925
0.867593
0.867225
0.867118
0.866848
0.867724
0.867166
0.867154
0.867251
0.867203
0.867335
0.866818
0.867003
0.867039
0.868078
0.867456
0.867316
0.867033
0.867236
0.867493
0.867398
0.867225
0.867397
0.866442
0.866008
0.865479
0.866892
0.867081
0.867465
0.866863
0.866568
0.866389
0.867381
0.867524
0.865298
0.866024
0.865852
0.866539
0.866181
0.866089
0.865709
0.866281
0.865672
0.865640
0.865976
0.865840
0.866299
0.865723
0.865789
0.865588
0.866644
0.866235
0.865798
0.865800
0.865527
0.866444
0.865918
0.866035
0.865836
0.866061
0.866100
0.865900
0.865824
0.865600
0.866502
0.865855
0.865607
0.865681
0.865754
0.866029
0.865859
0.866228
0.863920
0.866209
0.865560
0.865532
0.865404
0.865554
0.866137
0.865818
0.865717
0.865402
0.866328
0.866400
0.865186
0.865774
0.865771
0.866935
0.865511
0.864404
0.864632
0.866134
0.866218
0.866304
0.866172
0.866060
0.867057
0.866389
0.866496
0.866359
0.866971
0.866758
0.866635
0.866596
0.866137
0.866935
0.866395
0.866250
0.866212
0.866470
0.866555
0.865663
0.865840
0.865869
0.866535
0.865990
0.865909
0.865509
0.865604
0.866451
0.866116
0.866207
0.866035
0.866634
0.866105
0.866413
0.866562
0.866478
0.867167
0.866308
0.865932
0.866526
0.867554
0.867217
0.866744
0.866713
0.866054
0.867524
0.867046
0.867084
0.866734
0.867345
0.866365
0.866532
0.867001
0.866929
0.867748
0.866958
0.865881
0.865887
0.866931
0.867100
0.866764
0.866838
0.865855
0.866531
0.867046
0.866359
0.865200
0.865124
0.865709
0.866108
0.866812
0.867066
0.868225
0.867888
0.867448
0.866771
0.867249
0.868405
0.867945
0.867927
0.867593
0.868388
0.867696
0.868354
0.868238
0.868106
0.868494
0.867812
0.867682
0.867648
0.868450
0.868187
0.867709
0.867456
0.867009
0.867931
0.867382
0.867133
0.866970
0.867484
0.867102
0.866988
0.867057
0.866726
0.867615
0.866891
0.866739
0.866640
0.866818
0.867088
0.866858
0.866701
0.866299
0.867130
0.866921
0.866665
0.866503
0.866547
0.866770
0.866395
0.866369
0.866091
0.866862
0.866443
0.866119
0.866144
0.866109
0.866762
0.866365
0.866338
0.865906
0.866523
0.866048
0.866405
0.865443
0.864634
0.865573
0.864683
0.864949
0.865201
0.865818
0.865787
0.865035
0.865232
0.864829
0.866308
0.865770
0.865411
0.865544
0.865529
0.865532
0.865518
0.865664
0.865271
0.866326
0.865634
0.865341
0.865644
0.865662
0.865837
0.865437
0.865101
0.864516
0.865814
0.865150
0.864795
0.864932
0.864348
0.864775
0.864393
0.863991
0.863473
0.864386
0.863605
0.863394
0.863631
0.863286
0.863926
0.863410
0.862998
0.863125
0.864155
0.863705
0.863091
0.863224
0.862983
0.864560
0.864130
0.863906
0.863161
0.863773
0.863743
0.864272
0.864630
0.863953
0.864529
0.864100
0.864113
0.865011
0.865160
0.864980
0.864184
0.864260
0.864472
0.866123
0.865675
0.864784
0.864538
0.864514
0.865688
0.865653
0.865595
0.864787
0.865311
0.865114
0.865527
0.866131
0.865491
0.866018
0.865193
0.865451
0.865937
0.866565
0.866358
0.865608
0.865621
0.865627
0.866858
0.866657
0.866467
0.865933
0.866556
0.866318
0.866277
0.866434
0.866225
0.866789
0.866179
0.865920
0.866067
0.866389
0.866784
0.866118
0.865806
0.865325
0.866395
0.866005
0.865910
0.865587
0.865593
0.865983
0.865608
0.865839
0.865549
0.866259
0.865070
0.865390
0.865626
0.865626
0.866262
0.865661
0.865130
0.865585
0.864560
0.863050
0.862536
0.861837
0.863433
0.861902
0.863602
0.864261
0.863928
0.865331
0.864307
0.863658
0.863538
0.863447
0.863936
0.864321
0.864006
0.863248
0.864161
0.864305
0.863966
0.863937
0.863782
0.864647
0.863950
0.864106
0.864133
0.864055
0.865104
0.862777
0.863680
0.863831
0.864897
0.864227
0.864259
0.864092
0.864013
0.864729
0.864138
0.863655
0.864360
0.863598
0.863454
0.863383
0.864308
0.864268
0.863948
0.864026
0.863967
0.863751
0.864508
0.864029
0.863681
0.863857
0.862843
0.863920
0.863721
0.862871
0.862752
0.863404
0.863699
0.863367
0.863386
0.863129
0.864009
0.863512
0.863607
0.863384
0.864262
0.864149
0.863954
0.863934
0.863950
0.865129
0.864804
0.864486
0.864192
0.864020
0.865420
0.864437
0.864735
0.864558
0.864970
0.864478
0.864519
0.864781
0.864636
0.865305
0.864064
0.864163
0.864487
0.864919
0.864024
0.864409
0.863215
0.862249
0.863568
0.863829
0.863575
0.863234
0.862799
0.864523
0.864909
0.866019
0.863912
0.865781
0.864893
0.864632
0.864529
0.865604
0.865779
0.865172
0.864835
0.864238
0.865391
0.865200
0.865115
0.864779
0.864709
0.865018
0.864676
0.865036
0.864472
0.865405
0.864482
0.864345
0.864244
0.864015
0.865459
0.863127
0.864101
0.863531
0.864701
0.864114
0.863833
0.864030
0.864034
0.864568
0.863774
0.863809
0.863844
0.864951
0.864396
0.864532
0.862646
0.863035
0.863365
0.863498
0.862765
0.863367
0.864692
0.865332
0.865204
0.864654
0.863715
0.863897
0.864508
0.865630
0.865561
0.865648
0.865436
0.865443
0.865443
0.865480
0.866355
0.865401
0.865304
0.865327
0.865275
0.865877
0.865446
0.864798
0.864880
0.866211
0.865610
0.865583
0.865197
0.864754
0.866218
0.865695
0.865854
0.865634
0.866495
0.864547
0.864251
0.865662
0.866100
0.866924
0.865666
0.865936
0.866240
0.866753
0.866750
0.866464
0.865604
0.866340
0.867305
0.866669
0.866440
0.866053
0.865595
0.866576
0.866493
0.866578
0.865852
0.866356
0.865421
0.866193
0.866175
0.866668
0.866297
0.863864
0.864033
0.864280
0.865596
0.865617
0.866321
0.865692
0.866491
0.867614
0.866865
0.866815
0.866351
0.867059
0.867184
0.867093
0.867065
0.866651
0.867146
0.866335
0.866939
0.866661
0.867410
0.866893
0.866261
0.866959
0.866717
0.867479
0.867022
0.866416
0.866356
0.867274
0.867229
0.866561
0.866439
0.865890
0.867074
0.866882
0.866681
0.866589
0.866495
0.866860
0.866927
0.866973
0.866673
0.867582
0.866416
0.866922
0.867510
0.867186
0.867901
0.867121
0.866888
0.866906
0.868238
0.867624
0.867655
0.867407
0.867169
0.868344
0.867961
0.867766
0.867481
0.868110
0.867603
0.867790
0.868099
0.865700
0.867174
0.865835
0.867145
0.867409
0.867912
0.867901
0.867589
0.867583
0.867451
0.868413
0.867910
0.868080
0.867925
0.868295
0.868442
0.868037
0.867990
0.867893
0.869042
0.868701
0.868455
0.868340
0.868470
0.869247
0.868911
0.869014
0.868486
0.869424
0.869059
0.869083
0.869107
0.869012
0.869557
0.868898
0.868933
0.868673
0.869582
0.869297
0.868801
0.868958
0.868709
0.869384
0.868872
0.868785
0.868512
0.869249
0.869700
0.868087
0.868471
0.868650
0.869601
0.869020
0.869109
0.868942
0.869167
0.869572
0.869408
0.869393
0.869165
0.870114
0.869523
0.869651
0.869617
0.869669
0.870398
0.869874
0.869793
0.870245
0.868801
0.868958
0.867937
0.868156
0.867931
0.869765
0.869615
0.869869
0.869465
0.870250
0.869647
0.869367
0.869128
0.869064
0.870199
0.869620
0.869348
0.869124
0.869796
0.869513
0.869665
0.869610
0.869271
0.870089
0.869492
0.869478
0.869695
0.870103
0.869890
0.869756
0.869709
0.869294
0.870557
0.869518
0.869666
0.869631
0.869659
0.870014
0.869597
0.869370
0.869320
0.870133
0.869482
0.869185
0.869412
0.869066
0.870073
0.868402
0.868265
0.868707
0.869672
0.869060
0.869298
0.869064
0.868927
0.869658
0.869079
0.869284
0.868515
0.869525
0.869257
0.869342
0.869231
0.869088
0.870412
0.869954
0.868974
0.867639
0.868314
0.867538
0.868388
0.866973
0.868515
0.870027
0.869498
0.869183
0.869120
0.868984
0.869371
0.869303
0.869210
0.868796
0.870159
0.868495
0.868874
0.869107
0.869083
0.869586
0.869171
0.868970
0.868793
0.869959
0.869286
0.869303
0.869480
0.869077
0.869681
0.869708
0.869575
0.869727
0.870431
0.869891
0.869596
0.869634
0.869616
0.870448
0.870195
0.870190
0.869067
0.870322
0.870274
0.870097
0.870223
0.869766
0.870280
0.870033
0.869917
0.869877
0.870311
0.870381
0.869704
0.869862
0.869553
0.870349
0.869895
0.869579
0.869509
0.869659
0.870003
0.869550
0.869730
0.869372
0.870157
0.869716
0.869660
0.869606
0.870000
0.869029
0.868785
0.868245
0.868329
0.868278
0.870060
0.870084
0.870094
0.869817
0.870837
0.870331
0.870504
0.870063
0.870771
0.870628
0.870233
0.870267
0.870121
0.870745
0.870188
0.870442
0.869762
0.870477
0.870171
0.869800
0.869777
0.869578
0.870573
0.869856
0.869887
0.869484
0.869958
0.870234
0.870025
0.869677
0.869658
0.870494
0.869933
0.870008
0.869946
0.869923
0.870442
0.869872
0.869895
0.869852
0.870609
0.869961
0.870090
0.869849
0.869753
0.870330
0.869783
0.869595
0.869435
0.870183
0.869549
0.869427
0.869483
0.869195
0.869931
0.869110
0.868794
0.868799
0.869379
0.868995
0.869314
0.868367
0.866337
0.868217
0.867550
0.868542
0.868270
0.868750
0.868829
0.868796
0.868735
0.868323
0.869394
0.868486
0.868528
0.868748
0.868792
0.869161
0.868639
0.868555
0.868559
0.869706
0.869609
0.868994
0.868869
0.868657
0.869113
0.868751
0.868972
0.868526
0.869496
0.868877
0.868303
0.868258
0.868466
0.869281
0.868695
0.868417
0.867668
0.868629
0.868894
0.868890
0.869114
0.868431
0.868685
0.868419
0.868838
0.868849
0.869359
0.869044
0.868139
0.868272
0.868596
0.870050
0.869415
0.868783
0.867899
0.868289
0.869519
0.869351
0.869201
0.868413
0.868296
0.868219
0.868828
0.869141
0.869436
0.867637
0.866561
0.866337
0.866820
0.867194
0.867971
0.868159
0.867482
0.867841
0.869327
0.869210
0.869056
0.868282
0.868298
0.868229
0.868883
0.869219
0.869465
0.869806
0.868176
0.868798
0.869057
0.870270
0.870113
0.869052
0.868385
0.868825
0.870340
0.870184
0.870222
0.869201
0.868902
0.869749
0.869673
0.870141
0.869812
0.869955
0.869083
0.869759
0.869696
0.869823
0.870145
0.869015
0.868452
0.869156
0.870070
0.869486
0.869737
0.868838
0.868708
0.870187
0.869603
0.869712
0.869545
0.869958
0.869156
0.869746
0.869743
0.869565
0.870577
0.869737
0.869393
0.869589
0.870342
0.870186
0.870206
0.869828
0.869240
0.870745
0.870633
0.869411
0.868472
0.868783
0.868552
0.869312
0.869340
0.868884
0.869513
0.868679
0.868736
0.869197
0.868945
0.869110
0.868481
0.868574
0.868350
0.869127
0.868898
0.868489
0.868590
0.868699
0.869114
0.868977
0.868760
0.868509
0.869778
0.868871
0.868664
0.868952
0.868700
0.869823
0.869052
0.868834
0.868681
0.869257
0.869458
0.869253
0.868766
0.868411
0.868769
0.868807
0.869060
0.868637
0.869328
0.867970
0.867689
0.868524
0.868309
0.869164
0.868098
0.867501
0.867974
0.868672
0.868732
0.868549
0.867501
0.867613
0.869076
0.868573
0.868667
0.867797
0.867828
0.868878
0.868270
0.868999
0.867755
0.868393
0.868642
0.868093
0.868451
0.868481
0.868117
0.868490
0.868279
0.868323
0.868674
0.867467
0.867694
0.867932
0.868172
0.868751
0.867003
0.866801
0.867274
0.868226
0.867254
0.866755
0.866136
0.866739
0.868040
0.867612
0.866919
0.865837
0.866895
0.866711
0.867319
0.866687
0.865619
0.866768
0.866580
0.866993
0.866511
0.865950
0.866417
0.866131
0.866161
0.866155
0.866003
0.865713
0.865958
0.865967
0.866023
0.866681
0.865781
0.865847
0.865759
0.866513
0.865993
0.865949
0.865755
0.866016
0.866820
0.866034
0.865759
0.865669
0.866754
0.866497
0.866488
0.865895
0.865619
0.867321
0.865111
0.864043
0.863441
0.863827
0.864071
0.863701
0.866199
0.866541
0.867133
0.867376
0.866517
0.866098
0.867329
0.866887
0.868058
0.868683
0.868488
0.869351
0.869075
0.869022
0.868734
0.868651
0.869284
0.868828
0.868906
0.868531
0.869070
0.868590
0.868591
0.868280
0.868273
0.869238
0.868536
0.868643
0.868039
0.868891
0.868571
0.868885
0.868390
0.868422
0.869233
0.868639
0.868707
0.868767
0.869623
0.869067
0.868810
0.868836
0.868534
0.869609
0.868744
0.868640
0.868838
0.869028
0.869231
0.868677
0.868986
0.868462
0.869280
0.868804
0.868102
0.868524
0.869299
0.868067
0.868139
0.867716
0.867705
0.869228
0.868426
0.867827
0.867478
0.867261
0.868313
0.867970
0.867740
0.867519
0.866907
0.865908
0.865610
0.865127
0.864719
0.867282
0.866796
0.867046
0.866540
0.866768
0.866622
0.866349
0.866393
0.866228
0.866632
0.866037
0.866251
0.866106
0.866535
0.866475
0.866017
0.866336
0.866151
0.867670
0.866983
0.866559
0.866960
0.867111
0.867924
0.867902
0.867461
0.867426
0.869207
0.868558
0.868999
0.868695
0.868381
0.869372
0.869178
0.869893
0.869036
0.869378
0.869416
0.869025
0.870124
0.869344
0.869116
0.868842
0.869307
0.869326
0.870303
0.869304
0.868185
0.869772
0.869014
0.869939
0.868999
0.868756
0.869449
0.870196
0.870643
0.870235
0.870177
0.870579
0.871558
0.871176
0.871319
0.871417
0.870769
0.870451
0.870000
0.871388
0.871683
0.872528
0.871831
0.872257
0.872061
0.871857
0.872374
0.871903
0.871884
0.872009
0.872462
0.871726
0.871847
0.871657
0.871446
0.872331
0.871539
0.871305
0.871298
0.872038
0.871199
0.870988
0.871347
0.871037
0.871900
0.870651
0.869457
0.869965
0.871437
0.870774
0.870183
0.869713
0.869353
0.870686
0.870454
0.869687
0.869358
0.869782
0.869931
0.869834
0.869462
0.869092
0.869680
0.869296
0.869650
0.869346
0.869420
0.869395
0.868806
0.868931
0.868852
0.869620
0.868975
0.868653
0.868526
0.868724
0.869433
0.868635
0.868337
0.867943
0.868698
0.868491
0.868440
0.868167
0.868375
0.867848
0.866110
0.865799
0.865492
0.865729
0.867075
0.867537
0.867599
0.867372
0.868263
0.867444
0.867555
0.867689
0.868340
0.868353
0.867647
0.867618
0.867806
0.869171
0.868547
0.868114
0.867007
0.867974
0.868933
0.868759
0.868834
0.867504
0.868204
0.868844
0.869094
0.869120
0.868941
0.868518
0.868431
0.869095
0.869023
0.870070
0.868407
0.868189
0.869006
0.869033
0.870512
0.869203
0.868842
0.869180
0.869997
0.869874
0.869200
0.869327
0.869397
0.870633
0.870019
0.869864
0.869768
0.870416
0.870512
0.870586
0.870304
0.869782
0.870821
0.870619
0.870742
0.870684
0.870989
0.870878
0.870715
0.870983
0.871291
0.870904
0.869226
0.868475
0.868546
0.869260
0.871435
0.871022
0.870442
0.870163
0.871413
0.871147
0.870889
0.870649
0.870550
0.871344
0.870858
0.871163
0.870767
0.871495
0.871301
0.871248
0.871243
0.871180
0.871916
0.871320
0.871654
0.871323
0.871960
0.871755
0.871594
0.871678
0.871724
0.872610
0.871857
0.871505
0.871545
0.872514
0.872592
0.872014
0.871602
0.871306
0.872636
0.872105
0.872173
0.871624
0.871328
0.871777
0.871768
0.872157
0.870347
0.871687
0.870492
0.870555
0.870867
0.870942
0.870705
0.870560
0.870273
0.870676
0.871256
0.870358
0.870122
0.869784
0.869960
0.870954
0.870017
0.870128
0.869547
0.871301
0.870571
0.870429
0.870280
0.869541
0.871465
0.870427
0.870637
0.870201
0.869588
0.870685
0.870082
0.870664
0.870496
0.869575
0.869244
0.869823
0.870013
0.870022
0.869308
0.868863
0.868272
0.869725
0.871342
0.869938
0.869192
0.869442
0.870034
0.870992
0.870736
0.869699
0.868661
0.870559
0.871704
0.870988
0.871236
0.870576
0.871276
0.871084
0.870296
0.871177
0.871693
0.870789
0.870767
0.871991
0.871079
0.871513
0.870498
0.870604
0.870816
0.871366
0.869889
0.869313
0.869761
0.870554
0.871699
0.870911
0.870403
0.869890
0.870435
0.871141
0.871094
0.870811
0.870399
0.871034
0.870558
0.870931
0.871266
0.870680
0.871602
0.871158
0.871246
0.870806
0.871941
0.871358
0.871549
0.871692
0.871467
0.871653
0.871154
0.871571
0.871479
0.872437
0.871853
0.870786
0.870795
0.871397
0.872126
0.871776
0.871209
0.870482
0.870906
0.870892
0.871276
0.871081
0.870501
0.871197
0.870461
0.870734
0.870893
0.871179
0.870993
0.871063
0.870751
0.870456
0.871651
0.870888
0.871126
0.871221
0.870954
0.871053
0.870684
0.870986
0.871147
0.871707
0.870999
0.870215
0.870401
0.870981
0.871941
0.871233
0.870843
0.869420
0.870768
0.870894
0.871037
0.870698
0.870177
0.869765
0.869853
0.870049
0.870063
0.870771
0.870199
0.869312
0.869619
0.869433
0.870818
0.870396
0.869628
0.869331
0.869596
0.870029
0.870300
0.870308
0.870364
0.870782
0.869087
0.869802
0.869935
0.870678
0.870861
0.870290
0.869117
0.869265
0.870917
0.870743
0.870430
0.870290
0.868766
0.869747
0.869640
0.870229
0.870421
0.869782
0.868925
0.868239
0.869101
0.869666
0.870285
0.869600
0.869060
0.867725
0.869642
0.869954
0.869763
0.869217
0.868768
0.868319
0.868408
0.867026
0.866646
0.867279
0.866673
0.865027
0.867056
0.868394
0.869395
0.869222
0.868847
0.866073
0.867330
0.867912
0.868909
0.868211
0.866751
0.866744
0.866607
0.867928
0.868211
0.868212
0.868181
0.866817
0.867344
0.867475
0.868337
0.867375
0.867177
0.866732
0.866959
0.868010
0.867088
0.867044
0.866821
0.866711
0.866663
0.866837
0.866754
0.866778
0.867157
0.866439
0.866325
0.866382
0.866494
0.866327
0.866263
0.865175
0.864875
0.866197
0.866434
0.866475
0.865607
0.865881
0.866122
0.866009
0.866161
0.865643
0.866241
0.865676
0.865351
0.865638
0.866154
0.865502
0.864963
0.864734
0.865185
0.866385
0.865730
0.865194
0.865191
0.865400
0.866278
0.865906
0.865911
0.865264
0.866190
0.865933
0.866055
0.866150
0.865842
0.866730
0.866275
0.866103
0.865968
0.866727
0.866774
0.865828
0.866470
0.866002
0.866945
0.866590
0.866582
0.866532
0.867010
0.866461
0.866411
0.866715
0.866514
0.867431
0.866082
0.865951
0.865316
0.867050
0.867842
0.867437
0.866829
0.866787
0.867529
0.867666
0.867198
0.867356
0.867254
0.867687
0.867848
0.868031
0.867462
0.868382
0.867647
0.867693
0.867956
0.868044
0.868641
0.868215
0.868139
0.867855
0.868749
0.868440
0.868261
0.868365
0.867970
0.868675
0.867974
0.868185
0.868337
0.868367
0.868133
0.867704
0.867735
0.866829
0.868543
0.867895
0.867778
0.867565
0.867999
0.868545
0.868270
0.868165
0.867840
0.868464
0.868181
0.868483
0.868472
0.868641
0.868796
0.868540
0.868005
0.868081
0.869365
0.867025
0.866981
0.865764
0.865648
0.866066
0.864667
0.867007
0.867819
0.868666
0.867615
0.868306
0.868048
0.867895
0.869744
0.868983
0.868707
0.868860
0.870007
0.869647
0.869235
0.868068
0.868598
0.869876
0.869448
0.869257
0.869554
0.868873
0.869471
0.869109
0.869270
0.868977
0.870003
0.869595
0.869392
0.869059
0.869367
0.869727
0.869681
0.869421
0.868873
0.869779
0.869373
0.869587
0.869541
0.869585
0.869669
0.869178
0.869309
0.869267
0.870243
0.870143
0.868427
0.868948
0.869182
0.870086
0.869557
0.869399
0.869212
0.870173
0.869678
0.869706
0.869632
0.869517
0.870425
0.869858
0.869875
0.869793
0.870647
0.870368
0.870372
0.870049
0.869520
0.870597
0.870171
0.870638
0.870311
0.868379
0.868884
0.868576
0.870242
0.870183
0.870970
0.869843
0.869534
0.870115
0.870317
0.870653
0.870042
0.869140
0.869066
0.870632
0.869934
0.869553
0.869116
0.869255
0.870168
0.869890
0.869705
0.868723
0.870026
0.870329
0.869054
0.869606
0.868921
0.869933
0.870209
0.870352
0.869803
0.870183
0.869244
0.870196
0.870532
0.870217
0.870401
0.868911
0.870025
0.870717
0.871230
0.870774
0.869142
0.869643
0.870452
0.871450
0.870720
0.869677
0.869579
0.869575
0.870896
0.870295
0.870206
0.868921
0.870535
0.870631
0.870675
0.870131
0.869023
0.870533
0.870525
0.870845
0.870490
0.870247
0.869958
0.870637
0.870777
0.871218
0.869421
0.868314
0.868946
0.870464
0.871360
0.870710
0.869561
0.870528
0.870973
0.871639
0.870524
0.869542
0.870073
0.871269
0.871466
0.870577
0.869427
0.869723
0.871695
0.870632
0.870520
0.869455
0.869200
0.870772
0.870841
0.870682
0.869914
0.869700
0.870256
0.870859
0.870857
0.870401
0.870220
0.870100
0.870818
0.871012
0.871859
0.870489
0.870183
0.870682
0.871056
0.871842
0.870774
0.870087
0.870672
0.872003
0.871361
0.871500
0.870360
0.870551
0.871799
0.871089
0.871048
0.870077
0.870765
0.871082
0.871044
0.870661
0.869976
0.870510
0.870429
0.870651
0.870366
0.870476
0.870442
0.869948
0.868866
0.869045
0.870759
0.869625
0.870155
0.870703
0.870910
0.871197
0.870218
0.869748
0.870413
0.871595
0.870917
0.870505
0.869794
0.870174
0.871314
0.871049
0.870546
0.869622
0.870632
0.870565
0.870753
0.870467
0.869688
0.870262
0.870174
0.870415
0.870117
0.870286
0.869259
0.869785
0.869853
0.869682
0.870532
0.869129
0.869246
0.869747
0.870075
0.870180
0.869255
0.869304
0.869392
0.870670
0.870199
0.869598
0.869350
0.869799
0.870261
0.869959
0.869573
0.868863
0.870417
0.870063
0.870039
0.869875
0.869170
0.870067
0.869989
0.869941
0.869287
0.869911
0.869125
0.869770
0.869913
0.869405
0.869781
0.869069
0.868910
0.867078
0.868476
0.868773
0.868599
0.868968
0.868998
0.870261
0.869613
0.869005
0.868585
0.869870
0.869764
0.869595
0.869316
0.868780
0.870081
0.869732
0.869515
0.869461
0.869370
0.869820
0.869603
0.869772
0.869247
0.869902
0.869485
0.869513
0.869550
0.869375
0.869605
0.869102
0.869371
0.869101
0.869893
0.869389
0.868080
0.868282
0.868205
0.866929
0.868219
0.868718
0.867507
0.869669
0.869464
0.868528
0.868981
0.868002
0.869662
0.869390
0.869337
0.868898
0.869697
0.869634
0.869360
0.869580
0.869237
0.869875
0.869579
0.869457
0.869466
0.870042
0.869930
0.869526
0.869719
0.869323
0.870075
0.869558
0.869685
0.869274
0.867553
0.869144
0.867347
0.868973
0.868964
0.870084
0.869368
0.868965
0.868858
0.869210
0.869924
0.869306
0.869373
0.868757
0.869809
0.869650
0.869650
0.869439
0.869308
0.869824
0.869758
0.869943
0.869520
0.870075
0.869743
0.869623
0.869911
0.869906
0.870689
0.869867
0.869967
0.870048
0.870742
0.870506
0.870093
0.870056
0.870016
0.870823
0.870338
0.870393
0.870165
0.870277
0.870724
0.870315
0.870420
0.870205
0.871633
0.869428
0.870502
0.870647
0.870865
0.872102
0.870665
0.871111
0.871119
0.871899
0.871782
0.872052
0.871910
0.871816
0.872773
0.871866
0.872271
0.872439
0.873829
0.871322
0.870966
0.870881
0.872353
0.873905
0.872745
0.873021
0.872422
0.873262
0.873334
0.873285
0.873189
0.872179
0.872970
0.872823
0.873122
0.872588
0.872968
0.873096
0.872352
0.873138
0.872893
0.873635
0.873486
0.872703
0.872583
0.873671
0.873827
0.873725
0.873790
0.872736
0.874262
0.873988
0.873348
0.873777
0.873456
0.874045
0.873538
0.873786
0.873306
0.874695
0.873581
0.873121
0.873864
0.873092
0.874171
0.873781
0.873293
0.873558
0.874106
0.873257
0.873246
0.873107
0.872605
0.873966
0.872728
0.873019
0.872757
0.873598
0.872706
0.872647
0.872924
0.872474
0.873371
0.872625
0.872392
0.872477
0.872585
0.873211
0.871922
0.870435
0.870575
0.871915
0.872064
0.872005
0.872058
0.871842
0.872173
0.871941
0.871719
0.871330
0.872088
0.871478
0.871192
0.871395
0.871468
0.871966
0.871195
0.871047
0.870603
0.872153
0.871993
0.871153
0.871291
0.871050
0.872099
0.871675
0.872035
0.871703
0.872418
0.871941
0.872103
0.872428
0.872342
0.873533
0.872735
0.873183
0.872672
0.873599
0.873393
0.873151
0.873390
0.873235
0.874327
0.873750
0.873715
0.873474
0.873825
0.874419
0.874044
0.873846
0.873462
0.874779
0.874328
0.874226
0.874040
0.873558
0.874485
0.874310
0.874259
0.873914
0.874772
0.874437
0.874189
0.874674
0.872507
0.874419
0.871950
0.874317
0.874289
0.875193
0.875176
0.874825
0.875046
0.874896
0.875654
0.874901
0.874977
0.874850
0.875216
0.875490
0.875281
0.875087
0.875174
0.875952
0.875078
0.874977
0.874795
0.874723
0.875008
0.874686
0.874721
0.874575
0.874237
0.874099
0.874138
0.874161
0.874112
0.874664
0.874177
0.874205
0.873879
0.875072
0.874487
0.874887
0.872830
0.874244
0.875134
0.874566
0.874482
0.874274
0.875193
0.874815
0.874783
0.874680
0.874386
0.875269
0.874845
0.874934
0.874702
0.875261
0.875032
0.874812
0.874876
0.874504
0.875455
0.874791
0.874546
0.874677
0.874950
0.874943
0.874553
0.874385
0.874586
0.873907
0.873428
0.873061
0.873115
0.873659
0.874296
0.873835
0.873908
0.872522
0.874015
0.873631
0.873930
0.874060
0.873526
0.873808
0.873307
0.873521
0.873578
0.874209
0.873483
0.873116
0.872850
0.873064
0.873920
0.873069
0.872734
0.872309
0.872257
0.872152
0.872170
0.871957
0.871547
0.872263
0.871130
0.870744
0.870786
0.871301
0.871133
0.870863
0.870628
0.870081
0.871301
0.870951
0.870963
0.870851
0.871220
0.870475
0.870731
0.870975
0.870693
0.871460
0.870976
0.870661
0.870777
0.870758
0.871552
0.870741
0.870899
0.870006
0.871401
0.871267
0.871006
0.870684
0.870590
0.871234
0.870948
0.871219
0.870870
0.871402
0.871183
0.870883
0.871012
0.871012
0.871994
0.871249
0.871247
0.871432
0.871959
0.872239
0.872143
0.872090
0.872049
0.872760
0.871800
0.872571
0.872701
0.872893
0.873297
0.873201
0.872979
0.872967
0.873867
0.873485
0.873534
0.873604
0.873653
0.873498
0.873639
0.873632
0.873306
0.874174
0.873639
0.873376
0.873231
0.873187
0.873910
0.873407
0.873265
0.872738
0.873525
0.872988
0.872762
0.872762
0.872400
0.873247
0.872883
0.872818
0.872495
0.873421
0.872964
0.872875
0.872944
0.872843
0.873728
0.873299
0.873233
0.873439
0.873193
0.873696
0.872853
0.873290
0.870805
0.871149
0.872213
0.870895
0.870650
0.871370
0.873077
0.873169
0.873199
0.873526
0.874406
0.873423
0.873094
0.872730
0.873181
0.874583
0.873747
0.874329
0.872974
0.873232
0.872703
0.872916
0.872607
0.873291
0.874336
0.873634
0.873669
0.873497
0.874908
0.874853
0.874584
0.873563
0.873400
0.875167
0.874706
0.874814
0.874336
0.873994
0.874168
0.874937
0.873675
0.873183
0.875648
0.872355
0.872489
0.873887
0.873407
0.873781
0.873141
0.872004
0.872056
0.873420
0.873199
0.872931
0.872560
0.871479
0.872213
0.872434
0.873029
0.873303
0.874426
0.873221
0.873656
0.873893
0.873999
0.875058
0.874292
0.873713
0.874075
0.875033
0.875081
0.874653
0.873853
0.872695
0.874236
0.874390
0.876195
0.874214
0.874252
0.873950
0.874635
0.873218
0.875205
0.876836
0.875926
0.875866
0.876244
0.876575
0.876799
0.876286
0.875570
0.875769
0.877168
0.876551
0.876352
0.876499
0.876403
0.877119
0.876688
0.876762
0.876418
0.877423
0.876808
0.876855
0.876963
0.876923
0.877821
0.877269
0.877292
0.877133
0.877953
0.877542
0.877475
0.877373
0.877277
0.878053
0.877576
0.877421
0.877171
0.877947
0.877743
0.877481
0.877271
0.876958
0.878077
0.877309
0.877305
0.876918
0.877249
0.877387
0.876859
0.877156
0.876625
0.877469
0.877007
0.876923
0.876892
0.877194
0.877479
0.877078
0.877035
0.876821
0.877829
0.877225
0.877096
0.877593
0.875899
0.875793
0.875813
0.874947
0.875432
0.878115
0.876984
0.877445
0.877298
0.877314
0.878182
0.877569
0.877421
0.877089
0.878133
0.877755
0.877336
0.877538
0.877143
0.877755
0.877300
0.877132
0.876951
0.877523
0.877424
0.877262
0.877330
0.877036
0.877975
0.877354
0.877450
0.877327
0.877597
0.877858
0.877638
0.877629
0.877467
0.878417
0.877699
0.877855
0.877868
0.877909
0.878422
0.877977
0.877777
0.877823
0.878730
0.878333
0.878060
0.877946
0.877663
0.878578
0.878055
0.877905
0.877593
0.878450
0.877841
0.877786
0.877611
0.877348
0.878221
0.877501
0.877442
0.877413
0.878316
0.876969
0.877121
0.878074
0.877011
0.876911
0.875914
0.875877
0.875771
0.877709
0.878450
0.877395
0.877718
0.877598
0.878522
0.877986
0.878299
0.877202
0.877963
0.878468
0.878092
0.877958
0.877562
0.878474
0.878168
0.877923
0.877872
0.877659
0.878282
0.877664
0.877591
0.877340
0.878088
0.877574
0.877328
0.877421
0.877302
0.878059
0.877305
0.877298
0.877202
0.877927
0.877653
0.877582
0.877417
0.877236
0.878599
0.877825
0.877695
0.877450
0.878001
0.877997
0.877594
0.877646
0.877419
0.878401
0.877771
0.877847
0.877698
0.877821
0.877816
0.877643
0.877534
0.877367
0.878118
0.877526
0.877397
0.877622
0.877149
0.875595
0.875990
0.875476
0.876611
0.877870
0.877233
0.876898
0.876769
0.876924
0.877746
0.877074
0.876976
0.876659
0.877607
0.877258
0.877097
0.877208
0.876842
0.877544
0.877209
0.877030
0.876763
0.877438
0.877268
0.876970
0.877056
0.876688
0.877581
0.876963
0.876862
0.876649
0.877021
0.877199
0.876779
0.876713
0.876279
0.876967
0.876551
0.876020
0.876561
0.876188
0.876665
0.876303
0.876098
0.875775
0.876719
0.876153
0.875990
0.875427
0.875802
0.876547
0.876130
0.876048
0.875859
0.876685
0.876195
0.875860
0.875907
0.875790
0.876711
0.876070
0.875601
0.875579
0.876470
0.875988
0.875688
0.875683
0.875434
0.876189
0.873787
0.873374
0.873274
0.872746
0.874068
0.874284
0.874324
0.873967
0.874922
0.874180
0.873974
0.873562
0.873807
0.874323
0.873966
0.873535
0.872985
0.873858
0.873587
0.873531
0.873485
0.873200
0.873722
0.872828
0.872797
0.872852
0.873641
0.873039
0.872653
0.872265
0.872337
0.873144
0.872583
0.872811
0.872007
0.872329
0.872058
0.871876
0.871874
0.871481
0.872206
0.871362
0.871207
0.870984
0.871454
0.871290
0.870984
0.870765
0.870398
0.871384
0.870909
0.871143
0.869597
0.871163
0.870285
0.870547
0.870795
0.870600
0.871683
0.871097
0.871011
0.870880
0.870866
0.871622
0.871282
0.871216
0.871252
0.871751
0.869822
0.869751
0.869786
0.868511
0.871753
0.871667
0.871577
0.871371
0.872361
0.872059
0.872306
0.870991
0.871252
0.872306
0.871979
0.871897
0.871559
0.872322
0.872045
0.871930
0.871972
0.871913
0.872720
0.871989
0.871888
0.872173
0.872629
0.872989
0.872464
0.872297
0.872002
0.872979
0.872493
0.872347
0.872342
0.872505
0.872189
0.872287
0.872316
0.872069
0.873063
0.872496
0.872175
0.872113
0.872213
0.872947
0.872528
0.872436
0.872033
0.872943
0.872295
0.872171
0.872268
0.872056
0.872735
0.872278
0.872440
0.872055
0.872867
0.872603
0.872535
0.872441
0.872404
0.873355
0.872482
0.873269
0.872052
0.872495
0.871437
0.870922
0.870783
0.869754
0.873329
0.873023
0.872974
0.872955
0.872795
0.873036
0.873021
0.873088
0.872790
0.873789
0.872881
0.872310
0.872909
0.873156
0.873358
0.873165
0.872611
0.872000
0.873640
0.872974
0.872879
0.872794
0.872579
0.872700
0.872687
0.872892
0.872773
0.873749
0.873312
0.872701
0.871997
0.871757
0.871541
0.872696
0.873003
0.872760
0.873271
0.873450
0.873647
0.872823
0.872978
0.873696
0.873163
0.873156
0.873165
0.873475
0.873484
0.872851
0.872567
0.872737
0.873796
0.873178
0.872656
0.872295
0.872077
0.872830
0.872311
0.872343
0.871910
0.872744
0.872144
0.871916
0.872192
0.871421
0.870677
0.870142
0.869763
0.870993
0.872189
0.871908
0.871463
0.871144
0.870795
0.871571
0.870832
0.870712
0.870268
0.870781
0.870767
0.870372
0.870515
0.869948
0.870589
0.869987
0.869657
0.869614
0.870004
0.869927
0.869684
0.869567
0.869195
0.870067
0.869513
0.869291
0.869305
0.869588
0.869984
0.869612
0.869576
0.869476
0.870533
0.870065
0.870183
0.870242
0.870264
0.870804
0.870641
0.870835
0.870538
0.871479
0.871207
0.871208
0.871317
0.871826
0.871421
0.871357
0.871657
0.871418
0.872431
0.872093
0.871894
0.871944
0.871630
0.872478
0.872122
0.871997
0.871581
0.871997
0.872312
0.871459
0.869823
0.869507
0.870146
0.869246
0.870446
0.871391
0.871722
0.872014
0.871875
0.870732
0.870956
0.872292
0.872222
0.872459
0.872489
0.872370
0.873148
0.872960
0.873179
0.873061
0.874045
0.873659
0.873311
0.873918
0.874079
0.874805
0.874259
0.874354
0.874147
0.875113
0.874906
0.874723
0.874611
0.874719
0.874947
0.874504
0.874670
0.874473
0.874912
0.874816
0.874617
0.874659
0.874546
0.875305
0.874900
0.874763
0.874745
0.875073
0.875346
0.875080
0.874975
0.874647
0.875894
0.875229
0.875226
0.875011
0.875206
0.875570
0.875376
0.875155
0.875108
0.875956
0.875385
0.875304
0.875305
0.875510
0.875080
0.873858
0.873954
0.873545
0.875018
0.874491
0.874356
0.873907
0.873137
0.874922
0.874370
0.874269
0.873936
0.874788
0.874511
0.874268
0.874295
0.874413
0.874639
0.874435
0.874598
0.874678
0.875324
0.874889
0.874933
0.874979
0.874762
0.875745
0.875273
0.875281
0.875168
0.875487
0.875869
0.875537
0.875574
0.875282
0.876215
0.875743
0.875496
0.875575
0.875612
0.876330
0.876076
0.875266
0.875136
0.876117
0.875675
0.875438
0.875447
0.875411
0.876164
0.875655
0.875635
0.875580
0.876327
0.876065
0.876037
0.876011
0.875981
0.876721
0.876384
0.876319
0.876181
0.876696
0.876623
0.876354
0.876589
0.876456
0.876993
0.876511
0.876469
0.876579
0.876921
0.876935
0.876375
0.876385
0.876121
0.877075
0.876628
0.876527
0.876247
0.876156
0.876794
0.876263
0.876209
0.875881
0.876798
0.876220
0.876142
0.876206
0.876040
0.877192
0.876148
0.875528
0.875920
0.877029
0.876678
0.876603
0.876709
0.876430
0.877337
0.876730
0.876592
0.876458
0.877182
0.877067
0.876396
0.876783
0.876667
0.877389
0.876995
0.876828
0.876652
0.876869
0.877073
0.876644
0.876564
0.876849
0.876377
0.876345
0.876222
0.876231
0.876334
0.876684
0.876224
0.876191
0.876027
0.876984
0.876045
0.876239
0.876236
0.873561
0.873693
0.873315
0.873460
0.872492
0.874619
0.875576
0.875576
0.875686
0.876343
0.876235
0.875492
0.874209
0.876284
0.877824
0.877412
0.877197
0.877079
0.876982
0.877735
0.877063
0.876882
0.876819
0.877343
0.876985
0.876212
0.876366
0.876328
0.877101
0.876502
0.876390
0.876417
0.876495
0.876742
0.876449
0.876486
0.876545
0.876479
0.876379
0.876275
0.876489
0.876579
0.877090
0.876663
0.876377
0.876201
0.877293
0.876696
0.876532
0.876678
0.875632
0.877028
0.876644
0.876593
0.876188
0.877017
0.876438
0.876262
0.876244
0.876008
0.876857
0.876798
0.875033
0.875534
0.876120
0.876264
0.876020
0.875632
0.875319
0.876247
0.875663
0.875707
0.875775
0.876042
0.876120
0.875903
0.876475
0.874724
0.874682
0.873933
0.873283
0.874580
0.875745
0.876475
0.875927
0.875790
0.875963
0.876000
0.876003
0.875863
0.875700
0.875595
0.876228
0.875826
0.875773
0.875373
0.876088
0.875661
0.875582
0.875491
0.875117
0.875736
0.875096
0.874945
0.874624
0.875565
0.875350
0.875089
0.875033
0.874680
0.875551
0.874670
0.874854
0.875078
0.875357
0.875232
0.875024
0.875103
0.874901
0.875727
0.874985
0.874917
0.874773
0.874887
0.875247
0.874354
0.874711
0.874358
0.875635
0.874670
0.874497
0.874256
0.874042
0.874461
0.873936
0.873821
0.873759
0.873766
0.873293
0.872900
0.872919
0.872859
0.873477
0.872784
0.872968
0.871575
0.870889
0.870777
0.872001
0.872260
0.871932
0.872754
0.872034
0.871814
0.871497
0.871947
0.871898
0.871294
0.871327
0.871029
0.871848
0.871096
0.871074
0.870774
0.870995
0.871057
0.870724
0.870490
0.870097
0.871081
0.870329
0.870173
0.870221
0.870132
0.870622
0.870105
0.869766
0.869520
0.870641
0.870040
0.870169
0.870089
0.869803
0.870555
0.870478
0.870710
0.870646
0.871075
0.870780
0.870702
0.870875
0.871722
0.872653
0.871770
0.871527
0.871156
0.872020
0.872715
0.872791
0.872744
0.872105
0.872579
0.872028
0.873051
0.873452
0.873767
0.873465
0.872405
0.872111
0.873145
0.874969
0.872548
0.871908
0.870572
0.869946
0.873441
0.874235
0.874255
0.873923
0.873917
0.872915
0.873389
0.874498
0.874585
0.875043
0.874008
0.873228
0.873584
0.875260
0.874977
0.874706
0.874416
0.873317
0.874699
0.874898
0.874770
0.874751
0.875232
0.874024
0.874045
0.874764
0.874883
0.875639
0.875069
0.874006
0.873860
0.875039
0.875385
0.875158
0.875008
0.874019
0.874782
0.873982
0.875023
0.874904
0.875015
0.875015
0.873946
0.874112
0.874322
0.875294
0.874869
0.874879
0.873340
0.874054
0.875295
0.874880
0.874807
0.874389
0.875188
0.874556
0.874778
0.875051
0.875030
0.875693
0.875332
0.875154
0.875119
0.876676
0.873926
0.874168
0.873647
0.873201
0.874085
0.875174
0.876287
0.876512
0.876023
0.875924
0.875999
0.876150
0.876058
0.876909
0.876284
0.876133
0.875969
0.876445
0.876825
0.876402
0.876395
0.876029
0.877143
0.876843
0.876490
0.876052
0.874743
0.874993
0.875818
0.876332
0.876178
0.877409
0.877009
0.876186
0.876660
0.876428
0.877476
0.877092
0.876807
0.876377
0.877168
0.876645
0.876697
0.876754
0.876878
0.877420
0.876766
0.876569
0.876635
0.877507
0.877222
0.877108
0.877210
0.877064
0.878096
0.877712
0.877858
0.878048
0.878044
0.876833
0.876880
0.877374
0.877367
0.878099
0.877582
0.877675
0.877771
0.877602
0.877883
0.877117
0.877041
0.876768
0.878099
0.877410
0.877234
0.877278
0.877097
0.877656
0.877104
0.876962
0.877385
0.878092
0.876709
0.876393
0.876473
0.877031
0.877622
0.877590
0.876464
0.876743
0.877315
0.877479
0.876601
0.877219
0.877030
0.877476
0.876994
0.876664
0.876193
0.879152
0.878393
0.878171
0.877735
0.877525
0.877949
0.877438
0.877048
0.877130
0.877031
0.877264
0.877730
0.877037
0.876107
0.876601
0.878125
0.877591
0.878208
0.878034
0.877580
0.877241
0.877907
0.877255
0.878561
0.877596
0.876192
0.877573
0.877059
0.877976
0.877571
0.876784
0.876417
0.877093
0.876190
0.875548
0.876542
0.876752
0.877774
0.877231
0.877216
0.876990
0.877684
0.877528
0.877374
0.877242
0.876987
0.877972
0.877413
0.877268
0.877258
0.877442
0.877306
0.877039
0.876989
0.876702
0.877441
0.876889
0.876902
0.876711
0.876675
0.877008
0.876657
0.875738
0.876095
0.877041
0.876390
0.876377
0.876318
0.876339
0.877009
0.876577
0.876576
0.876265
0.877370
0.876836
0.876687
0.876743
0.876616
0.877329
0.876904
0.876832
0.876585
0.877371
0.877028
0.876817
0.876898
0.876631
0.877500
0.876840
0.876801
0.876614
0.877010
0.876938
0.876614
0.876731
0.876480
0.877214
0.876466
0.876189
0.876195
0.876381
0.876718
0.876359
0.876073
0.876054
0.876948
0.876439
0.876179
0.876378
0.875759
0.876745
0.876386
0.876393
0.876223
0.877207
0.876624
0.876505
0.876600
0.876530
0.877231
0.876693
0.876829
0.876511
0.877275
0.876712
0.876746
0.876788
0.876460
0.877277
0.876685
0.876597
0.876328
0.877091
0.876843
0.876253
0.876213
0.875887
0.876940
0.876368
0.876058
0.875956
0.876303
0.876492
0.876205
0.876217
0.876063
0.876817
0.876327
0.876334
0.876273
0.876385
0.876796
0.876519
0.876470
0.876059
0.877108
0.876585
0.876620
0.876229
0.875944
0.876833
0.876002
0.874345
0.873435
0.874017
0.873586
0.872785
0.874473
0.875230
0.876139
0.875288
0.876139
0.874125
0.874773
0.874658
0.874747
0.874249
0.873731
0.874583
0.874400
0.874522
0.875046
0.875472
0.875634
0.874932
0.875122
0.875159
0.876185
0.875723
0.875330
0.875252
0.875487
0.875966
0.875389
0.875514
0.875075
0.876330
0.875100
0.874943
0.875383
0.875378
0.875670
0.875282
0.875139
0.875061
0.874977
0.874731
0.875106
0.874653
0.873848
0.874781
0.874260
0.874358
0.874038
0.874788
0.874446
0.874272
0.874242
0.874053
0.874928
0.874440
0.874807
0.874097
0.875508
0.874899
0.874516
0.874451
0.874285
0.875182
0.874632
0.874577
0.874555
0.874578
0.874850
0.874658
0.874645
0.874645
0.875289
0.874975
0.874119
0.874764
0.874848
0.876167
0.875558
0.875593
0.875306
0.875789
0.875344
0.875216
0.875027
0.875245
0.875826
0.875244
0.875255
0.874969
0.875829
0.875334
0.875240
0.875334
0.875092
0.875998
0.875162
0.875379
0.875561
0.876209
0.876016
0.875624
0.875755
0.875453
0.876342
0.875978
0.875804
0.875784
0.876037
0.876312
0.875809
0.875735
0.875577
0.876508
0.875784
0.875636
0.875681
0.875818
0.876300
0.875201
0.875208
0.875042
0.875861
0.875458
0.875142
0.875208
0.875077
0.875809
0.875316
0.875402
0.875080
0.875986
0.875506
0.875593
0.875466
0.875463
0.876182
0.875738
0.875545
0.875271
0.876044
0.875748
0.875684
0.875888
0.875166
0.876275
0.875733
0.875816
0.875701
0.876056
0.875892
0.875604
0.875660
0.875255
0.876161
0.875680
0.875338
0.875128
0.875380
0.875590
0.875134
0.875178
0.874887
0.875795
0.875240
0.875166
0.875121
0.875286
0.875962
0.874982
0.875371
0.875160
0.875258
0.875264
0.876147
0.873674
0.872406
0.873231
0.872698
0.872085
0.872990
0.875393
0.874363
0.874214
0.875721
0.874553
0.875318
0.875968
0.876129
0.876005
0.876557
0.876488
0.876174
0.876623
0.874721
0.876362
0.876001
0.875914
0.875664
0.875969
0.876235
0.875804
0.875763
0.875507
0.876614
0.876011
0.875917
0.875914
0.875909
0.875803
0.874219
0.875530
0.875606
0.875990
0.875960
0.875989
0.875954
0.875971
0.877349
0.874959
0.875852
0.875966
0.876825
0.876374
0.876225
0.876075
0.875849
0.876638
0.876173
0.876127
0.875921
0.876212
0.875914
0.875677
0.875750
0.875345
0.876613
0.875683
0.874741
0.874570
0.874153
0.875573
0.875716
0.876007
0.875111
0.876404
0.875921
0.875817
0.875880
0.876143
0.876459
0.876021
0.876483
0.874873
0.875162
0.874535
0.875570
0.875908
0.876032
0.876903
0.876317
0.876176
0.875818
0.876766
0.876231
0.875875
0.876434
0.874674
0.876426
0.875843
0.875687
0.875280
0.876212
0.876110
0.875570
0.875544
0.875397
0.876096
0.875612
0.875629
0.875558
0.876173
0.876045
0.875744
0.875879
0.875596
0.876667
0.876022
0.875844
0.875757
0.876067
0.876346
0.876086
0.876087
0.875565
0.876617
0.876123
0.875975
0.875894
0.875911
0.876347
0.875836
0.875892
0.875399
0.876569
0.875964
0.875689
0.875472
0.875229
0.876039
0.875477
0.875371
0.875116
0.875964
0.875550
0.875415
0.875413
0.875271
0.876111
0.875577
0.875462
0.875875
0.875191
0.874218
0.874417
0.874951
0.875416
0.876372
0.875735
0.875778
0.875526
0.875853
0.875989
0.875779
0.875584
0.875725
0.876433
0.875553
0.875399
0.875338
0.875387
0.875795
0.875443
0.875351
0.874748
0.875714
0.874969
0.875065
0.874876
0.874766
0.875415
0.874760
0.874838
0.874534
0.875648
0.875289
0.875001
0.875148
0.874902
0.875653
0.875183
0.875083
0.875101
0.875750
0.875373
0.875149
0.875275
0.874883
0.875961
0.875345
0.875252
0.875092
0.875657
0.875679
0.875342
0.875190
0.874956
0.875822
0.875229
0.875160
0.875126
0.875208
0.874748
0.874731
0.874749
0.874630
0.875880
0.874929
0.872841
0.873649
0.873668
0.875205
0.874992
0.874894
0.874490
0.875539
0.875134
0.875172
0.875520
0.875136
0.875781
0.875237
0.875322
0.875059
0.875927
0.875501
0.875179
0.875380
0.875335
0.876265
0.875666
0.875493
0.875064
0.875785
0.875531
0.875412
0.875321
0.875061
0.876181
0.874928
0.875042
0.874882
0.875191
0.875160
0.874872
0.874918
0.874653
0.875625
0.874999
0.874963
0.874978
0.875090
0.875516
0.875114
0.875158
0.874660
0.875851
0.875332
0.875167
0.875131
0.875021
0.875655
0.875179
0.875110
0.874860
0.875788
0.875355
0.875041
0.875092
0.874791
0.875655
0.874969
0.874867
0.874544
0.875152
0.875427
0.874444
0.872531
0.873025
0.873529
0.874686
0.874331
0.874207
0.874553
0.874591
0.874177
0.874186
0.873941
0.875478
0.873631
0.874266
0.873961
0.874531
0.875151
0.874762
0.874591
0.874416
0.875414
0.874963
0.874853
0.874799
0.874807
0.875316
0.874857
0.874909
0.874435
0.875463
0.874875
0.874590
0.874569
0.874360
0.875124
0.874646
0.874492
0.874047
0.874581
0.874216
0.874118
0.874052
0.873848
0.874510
0.874091
0.873864
0.873713
0.874386
0.874180
0.873920
0.873851
0.873722
0.874561
0.873874
0.873761
0.873491
0.873660
0.873690
0.873183
0.873353
0.873033
0.874034
0.873206
0.873041
0.873550
0.871753
0.871927
0.871123
0.872418
0.872813
0.873716
0.873058
0.872956
0.872716
0.872126
0.872608
0.872247
0.872223
0.872306
0.873078
0.872395
0.872294
0.872309
0.871909
0.872517
0.872012
0.872307
0.871860
0.872819
0.872521
0.872756
0.871090
0.871499
0.872574
0.872007
0.872384
0.872414
0.872660
0.872675
0.872017
0.871804
0.871378
0.872514
0.871922
0.872211
0.871947
0.871738
0.871985
0.871481
0.871177
0.870982
0.872189
0.870690
0.871148
0.870723
0.870613
0.871115
0.870364
0.870207
0.869880
0.870852
0.870590
0.870184
0.870093
0.869923
0.869659
0.869578
0.869715
0.870222
0.870883
0.869872
0.869520
0.869413
0.869957
0.869378
0.867884
0.868523
0.868176
0.869319
0.869527
0.869305
0.869196
0.868584
0.869541
0.869409
0.868841
0.868690
0.868900
0.868982
0.868150
0.867800
0.867912
0.869271
0.867958
0.867696
0.867514
0.867661
0.868043
0.867779
0.868034
0.867023
0.867644
0.867209
0.867363
0.867313
0.867051
0.867809
0.867224
0.866708
0.866381
0.867598
0.867219
0.866573
0.866554
0.866467
0.867128
0.866536
0.866538
0.866299
0.866786
0.866598
0.866168
0.866227
0.865359
0.866278
0.865895
0.865959
0.865440
0.865564
0.865930
0.865039
0.865113
0.864762
0.865988
0.864980
0.864735
0.864946
0.864551
0.864801
0.864461
0.864606
0.864176
0.865327
0.864224
0.862550
0.862422
0.862751
0.864306
0.864354
0.863894
0.863781
0.864915
0.863420
0.863070
0.863060
0.863329
0.863925
0.863129
0.862926
0.862198
0.862530
0.861845
0.862048
0.862207
0.861622
0.862181
0.861278
0.860768
0.860337
0.860650
0.860719
0.860841
0.860311
0.859880
0.860837
0.859799
0.859495
0.859472
0.860005
0.860360
0.859578
0.859984
0.859728
0.860232
0.859539
0.859622
0.860078
0.859638
0.860492
0.860334
0.859745
0.859404
0.860337
0.860592
0.859960
0.860081
0.859828
0.860161
0.859376
0.860087
0.860383
0.860963
0.860304
0.859875
0.859457
0.858681
0.859919
0.859582
0.859746
0.857291
0.858751
0.858001
0.858592
0.859084
0.859136
0.860485
0.860104
0.860247
0.860290
0.860480
0.860984
0.860582
0.860974
0.860524
0.861542
0.861412
0.861232
0.861424
0.861300
0.862173
0.861625
0.861670
0.861747
0.862904
0.862432
0.861983
0.862150
0.862131
0.862943
0.862723
0.862595
0.862370
0.863084
0.862700
0.862656
0.862921
0.862823
0.863727
0.863236
0.863174
0.862955
0.864244
0.863063
0.863290
0.863639
0.863991
0.865130
0.864512
0.864164
0.864399
0.864592
0.864905
0.864801
0.864978
0.864608
0.865470
0.865049
0.865144
0.865099
0.865515
0.865654
0.865074
0.864940
0.864624
0.866104
0.865831
0.865819
0.865465
0.863974
0.864390
0.863928
0.864255
0.864708
0.865592
0.865169
0.864752
0.864627
0.864908
0.865827
0.865547
0.865302
0.865337
0.866024
0.865751
0.865545
0.865746
0.865545
0.866452
0.866213
0.866222
0.865725
0.866237
0.866156
0.865972
0.866430
0.866288
0.867332
0.866369
0.866286
0.866090
0.866264
0.866914
0.866681
0.866725
0.866088
0.866796
0.866477
0.865722
0.866416
0.866757
0.867413
0.866625
0.866525
0.866264
0.867292
0.867010
0.867515
0.866931
0.866877
0.867293
0.867127
0.867214
0.867152
0.868293
0.867889
0.867756
0.867595
0.867487
0.868335
0.867857
0.868148
0.868081
0.868706
0.868233
0.868007
0.867804
0.867615
0.868811
0.868395
0.868383
0.868115
0.868151
0.867903
0.867556
0.868008
0.867715
0.869012
0.868067
0.867749
0.867764
0.867903
0.868829
0.868602
0.868543
0.868276
0.868700
0.868179
0.868401
0.868764
0.868499
0.869335
0.868899
0.868657
0.868488
0.869226
0.869074
0.868895
0.868872
0.868847
0.869543
0.869048
0.868843
0.868492
0.869075
0.869039
0.869141
0.868763
0.868461
0.869086
0.868483
0.868416
0.868499
0.868956
0.868716
0.868158
0.868002
0.867980
0.869001
0.868675
0.868828
0.868358
0.868573
0.868532
0.868595
0.868784
0.868880
0.869856
0.868410
0.868528
0.866733
0.866277
0.866908
0.866296
0.866388
0.866727
0.867715
0.868263
0.868104
0.869208
0.868312
0.868908
0.868133
0.868096
0.867885
0.869411
0.869050
0.868957
0.868353
0.868681
0.869396
0.868974
0.868714
0.868471
0.868957
0.869322
0.868274
0.868559
0.868695
0.869617
0.868860
0.868106
0.868979
0.869263
0.869513
0.869218
0.868914
0.868755
0.869176
0.869083
0.869343
0.868217
0.868166
0.868731
0.869050
0.869610
0.868409
0.869207
0.868553
0.868491
0.868458
0.868278
0.868987
0.868585
0.868416
0.868459
0.868815
0.868169
0.868067
0.868089
0.867971
0.869064
0.868424
0.868371
0.868209
0.868466
0.868550
0.868448
0.868415
0.868360
0.869613
0.868679
0.868498
0.869098
0.869695
0.870953
0.869586
0.869807
0.868275
0.869747
0.868592
0.870206
0.870935
0.870908
0.871342
0.870803
0.870639
0.870022
0.871097
0.870692
0.870670
0.870824
0.871134
0.869790
0.869772
0.869981
0.870414
0.871475
0.870685
0.870271
0.870336
0.869961
0.870909
0.870597
0.870516
0.870507
0.871092
0.870851
0.870870
0.870650
0.870437
0.871478
0.870771
0.870832
0.870889
0.871256
0.871070
0.870675
0.870820
0.870858
0.871962
0.871288
0.871029
0.870677
0.870618
0.871294
0.870946
0.870942
0.870707
0.871320
0.870911
0.870562
0.870262
0.870296
0.871077
0.870516
0.870408
0.870383
0.871123
0.870432
0.870308
0.870418
0.870444
0.871137
0.870674
0.871042
0.869877
0.869454
0.869502
0.869011
0.869310
0.869147
0.871229
0.870881
0.870904
0.870566
0.871235
0.871411
0.871108
0.871340
0.870975
0.871609
0.870907
0.870691
0.870896
0.871091
0.871389
0.871018
0.870687
0.870151
0.871006
0.870729
0.870383
0.870526
0.870544
0.871093
0.870553
0.870511
0.870478
0.871581
0.870933
0.870877
0.871066
0.870885
0.871419
0.870873
0.870944
0.870579
0.871588
0.871229
0.871116
0.871089
0.870975
0.871452
0.871171
0.870992
0.870895
0.871654
0.871350
0.871037
0.871021
0.870731
0.871725
0.871077
0.870946
0.870838
0.871109
0.870945
0.870715
0.870560
0.870343
0.871490
0.871409
0.869481
0.869231
0.868859
0.869266
0.868977
0.869777
0.870132
0.871485
0.871514
0.871330
0.871150
0.870848
0.871520
0.871108
0.871226
0.871070
0.871937
0.871322
0.871179
0.871274
0.871192
0.872061
0.871468
0.871143
0.870849
0.871750
0.871412
0.871287
0.871274
0.870995
0.871543
0.871230
0.870920
0.870709
0.871246
0.870946
0.870847
0.870839
0.870699
0.871516
0.871051
0.870961
0.870916
0.870782
0.871452
0.871278
0.871213
0.870895
0.871838
0.871338
0.871305
0.871432
0.871233
0.871676
0.871167
0.871237
0.871095
0.872042
0.871547
0.871264
0.871057
0.871117
0.871677
0.871094
0.871060
0.871007
0.871739
0.869643
0.869732
0.868997
0.870290
0.871426
0.870443
0.870721
0.870566
0.871312
0.871000
0.870548
0.870541
0.870951
0.870739
0.870889
0.871049
0.870375
0.871082
0.871146
0.870996
0.871148
0.870844
0.871775
0.871258
0.871123
0.870932
0.870698
0.871698
0.871335
0.871094
0.870840
0.871773
0.871197
0.871044
0.871093
0.870942
0.871575
0.871177
0.870819
0.870383
0.871245
0.870706
0.870804
0.870815
0.870633
0.871447
0.870926
0.870595
0.870667
0.871553
0.871277
0.871192
0.871157
0.870751
0.871506
0.871031
0.871147
0.871049
0.871500
0.871402
0.871054
0.871071
0.870646
0.871900
0.871246
0.871274
0.870956
0.871534
0.871892
0.869871
0.869610
0.868821
0.869576
0.869775
0.868460
0.870127
0.870290
0.870938
0.870554
0.870497
0.870331
0.871153
0.870665
0.870281
0.870390
0.870501
0.871167
0.870981
0.870147
0.870176
0.871059
0.870799
0.870711
0.870972
0.871075
0.870149
0.870662
0.870611
0.870714
0.871438
0.871105
0.870710
0.871025
0.870684
0.871683
0.870982
0.870892
0.870786
0.871001
0.871243
0.870957
0.870783
0.870464
0.870665
0.870457
0.870396
0.870546
0.870348
0.870689
0.870162
0.870111
0.870048
0.871096
0.870598
0.870435
0.870084
0.869938
0.871077
0.870538
0.870876
0.870391
0.871022
0.870467
0.870299
0.870612
0.870379
0.869187
0.869586
0.868208
0.868556
0.869305
0.869591
0.870366
0.870450
0.869967
0.870837
0.870193
0.869987
0.869984
0.870386
0.870034
0.869609
0.869640
0.869424
0.870309
0.869599
0.869536
0.869609
0.869551
0.870004
0.869631
0.869538
0.869361
0.869650
0.869380
0.869602
0.869777
0.869626
0.870273
0.869418
0.869468
0.869321
0.870315
0.869728
0.869588
0.869359
0.869058
0.869935
0.869659
0.869682
0.869182
0.869817
0.869387
0.869026
0.868876
0.868861
0.869724
0.869394
0.867957
0.868049
0.868546
0.868794
0.868506
0.868357
0.868018
0.868846
0.868230
0.868089
0.867906
0.868108
0.868484
0.868633
0.867893
0.866157
0.867191
0.866432
0.866023
0.865481
0.867282
0.868410
0.867814
0.867833
0.867331
0.867887
0.867702
0.867362
0.867394
0.867169
0.867870
0.867058
0.866672
0.866391
0.867270
0.866950
0.866786
0.866553
0.866013
0.866471
0.865874
0.865846
0.865746
0.866445
0.865982
0.865902
0.865499
0.865245
0.866064
0.865755
0.865361
0.865532
0.865774
0.865780
0.865411
0.865383
0.865273
0.866172
0.865619
0.865368
0.865453
0.865445
0.865638
0.865312
0.865629
0.864762
0.866274
0.865561
0.865163
0.864893
0.864720
0.865553
0.865133
0.865076
0.864742
0.865321
0.864474
0.864264
0.864542
0.864296
0.865490
0.863513
0.862940
0.862641
0.863904
0.864648
0.864581
0.864637
0.864466
0.865439
0.864789
0.864362
0.864374
0.865217
0.865138
0.864952
0.864978
0.864477
0.865389
0.864968
0.864662
0.864870
0.865167
0.865460
0.865042
0.864943
0.864390
0.865495
0.865003
0.864969
0.865020
0.864916
0.865387
0.864550
0.864465
0.864298
0.865421
0.864946
0.864801
0.864732
0.864352
0.865275
0.864873
0.864980
0.864789
0.865572
0.865325
0.865143
0.864896
0.865211
0.866168
0.865459
0.865462
0.865335
0.865859
0.865698
0.865668
0.865631
0.865221
0.866166
0.865852
0.865828
0.865605
0.865605
0.865995
0.865793
0.865934
0.865574
0.866652
0.866335
0.864828
0.863944
0.863929
0.864456
0.863830
0.864118
0.865518
0.865532
0.865852
0.865779
0.866067
0.865936
0.866573
0.866097
0.866161
0.865880
0.866955
0.866658
0.866370
0.866493
0.866373
0.867155
0.866543
0.866683
0.866384
0.867178
0.867072
0.866883
0.866879
0.866465
0.867357
0.866869
0.866729
0.866765
0.867214
0.867319
0.866830
0.866603
0.866237
0.867496
0.866460
0.867015
0.866765
0.866510
0.867037
0.866756
0.866902
0.866603
0.867498
0.866990
0.866880
0.866809
0.866915
0.867349
0.867112
0.867223
0.866880
0.867873
0.867528
0.867269
0.867493
0.867382
0.868114
0.867239
0.867389
0.867364
0.868208
0.866714
0.866444
0.866116
0.866057
0.867138
0.866675
0.866650
0.866572
0.866273
0.866383
0.866212
0.866150
0.865138
0.866568
0.866117
0.866092
0.866011
0.866278
0.866764
0.866104
0.866135
0.865959
0.866914
0.866353
0.866367
0.866304
0.866337
0.866710
0.866272
0.866262
0.866073
0.866956
0.866663
0.866026
0.866199
0.866061
0.866876
0.866411
0.866258
0.865852
0.866599
0.866259
0.865982
0.866039
0.865806
0.866479
0.865675
0.865479
0.865341
0.866069
0.865698
0.865535
0.865498
0.865121
0.866181
0.865777
0.865700
0.865714
0.865819
0.866092
0.865869
0.866064
0.865858
0.866941
0.866386
0.866395
0.866094
0.865530
0.866844
0.866691
0.866526
0.865615
0.867149
0.866844
0.866807
0.866627
0.866636
0.867246
0.866579
0.866677
0.866427
0.867212
0.866952
0.866120
0.866311
0.866258
0.866953
0.866514
0.866286
0.866134
0.866828
0.866548
0.866531
0.866548
0.866250
0.866960
0.866480
0.866549
0.866435
0.867148
0.867113
0.866583
0.866598
0.866486
0.867370
0.866634
0.866635
0.867026
0.865940
0.866773
0.866790
0.866777
0.866355
0.867249
0.866832
0.866639
0.866629
0.866554
0.867276
0.866564
0.866343
0.865881
0.867062
0.866569
0.866244
0.866259
0.866292
0.867165
0.866222
0.866284
0.866615
0.864860
0.863358
0.865045
0.863611
0.862867
0.864565
0.866091
0.866379
0.865907
0.867558
0.866722
0.866126
0.866183
0.865428
0.867494
0.868073
0.868103
0.868072
0.868307
0.868459
0.868034
0.868177
0.867887
0.868431
0.868055
0.868170
0.868517
0.867023
0.867925
0.867669
0.868112
0.867756
0.868620
0.868053
0.867823
0.867648
0.867746
0.868698
0.868090
0.867995
0.867394
0.868678
0.868448
0.868266
0.868377
0.868157
0.868688
0.868327
0.868539
0.868182
0.868925
0.869291
0.867699
0.868311
0.868378
0.869427
0.868715
0.868444
0.868267
0.868917
0.868943
0.868532
0.868605
0.868376
0.869080
0.868223
0.868207
0.868143
0.868254
0.868652
0.868443
0.868359
0.867966
0.868983
0.868546
0.868342
0.868331
0.868260
0.869280
0.868942
0.868289
0.866624
0.867844
0.866967
0.866877
0.868313
0.868929
0.869573
0.869166
0.869039
0.868797
0.869976
0.869443
0.869797
0.869344
0.868990
0.869713
0.869247
0.869162
0.869031
0.869609
0.869597
0.869065
0.868846
0.868682
0.869738
0.869136
0.869046
0.869016
0.869182
0.869474
0.869064
0.869428
0.869247
0.870144
0.869654
0.869716
0.869567
0.869411
0.870139
0.869740
0.869717
0.869411
0.870693
0.869955
0.869806
0.870032
0.869569
0.870555
0.870191
0.869973
0.869845
0.870455
0.869824
0.869911
0.869955
0.869859
0.870651
0.870039
0.869917
0.869088
0.869911
0.869824
0.869806
0.869940
0.868113
0.869187
0.868455
0.869467
0.869600
0.870025
0.870253
0.869856
0.869959
0.869529
0.870906
0.870525
0.870284
0.870237
0.870115
0.870788
0.870270
0.870120
0.869965
0.871099
0.870532
0.870413
0.870520
0.870464
0.871000
0.870295
0.870203
0.870088
0.870960
0.870610
0.870677
0.870316
0.869854
0.870557
0.870149
0.870175
0.869874
0.870611
0.870295
0.870068
0.869860
0.869770
0.871046
0.870417
0.870371
0.870322
0.870379
0.870681
0.870438
0.870509
0.870065
0.871153
0.870651
0.870571
0.870388
0.870287
0.871080
0.870399
0.870705
0.870514
0.871283
0.870596
0.870283
0.870392
0.870319
0.871055
0.870464
0.870500
0.870582
0.869758
0.868406
0.868224
0.868310
0.868098
0.868850
0.869939
0.870010
0.869554
0.870330
0.870014
0.869916
0.870452
0.869235
0.870653
0.870002
0.870230
0.869499
0.870658
0.870533
0.870371
0.870341
0.869879
0.870926
0.870391
0.870373
0.869862
0.870413
0.870880
0.870449
0.870180
0.869921
0.870777
0.870343
0.870232
0.870162
0.870214
0.870531
0.869790
0.869601
0.869337
0.870250
0.869815
0.869631
0.869715
0.869554
0.870138
0.869586
0.869702
0.869461
0.870375
0.870138
0.869896
0.869923
0.869569
0.870419
0.870053
0.869762
0.869830
0.870507
0.870109
0.869741
0.869828
0.869707
0.870565
0.870012
0.870692
0.869818
0.868114
0.868450
0.867522
0.867392
0.868027
0.869943
0.869830
0.869407
0.869151
0.869262
0.869728
0.869256
0.869306
0.869094
0.869971
0.869164
0.869137
0.869265
0.869156
0.870211
0.868993
0.869210
0.868953
0.870377
0.869125
0.868493
0.868483
0.868606
0.869585
0.868652
0.868140
0.868421
0.869212
0.868250
0.868191
0.867819
0.867498
0.868757
0.868034
0.867628
0.868090
0.867913
0.868475
0.867729
0.867922
0.867125
0.868297
0.867458
0.867449
0.867327
0.867606
0.868241
0.867065
0.867605
0.867165
0.868472
0.867957
0.867922
0.867631
0.867419
0.868024
0.868852
0.869476
0.868014
0.869362
0.868905
0.868024
0.868161
0.867788
0.868602
0.868062
0.867936
0.867547
0.869306
0.868242
0.868707
0.868226
0.868149
0.869378
0.868402
0.868701
0.869860
0.869507
0.869549
0.869613
0.868500
0.869477
0.869963
0.869698
0.869695
0.869004
0.869334
0.869246
0.868402
0.869226
0.868943
0.870122
0.869737
0.869561
0.869874
0.869856
0.870424
0.870107
0.870231
0.869738
0.870561
0.870163
0.870071
0.870287
0.870399
0.870946
0.870336
0.870085
0.869774
0.870903
0.870480
0.870205
0.870365
0.870199
0.871035
0.869673
0.869530
0.869481
0.870294
0.870423
0.870281
0.870101
0.869827
0.870581
0.870121
0.870374
0.870243
0.870776
0.870711
0.870457
0.870397
0.870114
0.871283
0.870863
0.870748
0.870622
0.870788
0.871159
0.870655
0.870923
0.870355
0.871623
0.871015
0.870977
0.870838
0.870771
0.871348
0.870925
0.870966
0.870530
0.871593
0.871173
0.870737
0.870265
0.870125
0.871003
0.870701
0.870585
0.870480
0.871235
0.870824
0.870348
0.870521
0.870451
0.871388
0.870793
0.870817
0.870600
0.871126
0.871130
0.871186
0.871134
0.870832
0.871624
0.871257
0.871091
0.870949
0.871183
0.871528
0.871505
0.870997
0.871104
0.871849
0.871014
0.870829
0.870872
0.870916
0.871722
0.871162
0.871218
0.870052
0.870768
0.870132
0.870646
0.870809
0.870544
0.871298
0.870489
0.870470
0.870190
0.871347
0.871132
0.870885
0.870852
0.870736
0.871434
0.870872
0.870834
0.870797
0.871508
0.871312
0.871084
0.870964
0.870746
0.871813
0.870761
0.870827
0.870308
0.870777
0.868656
0.868182
0.867895
0.867741
0.868443
0.869784
0.870237
0.869809
0.870573
0.869983
0.868165
0.869085
0.869326
0.869952
0.869034
0.868617
0.869097
0.869024
0.870370
0.869973
0.870233
0.869337
0.870607
0.870543
0.870350
0.870300
0.870165
0.870849
0.870166
0.870425
0.870263
0.870799
0.870377
0.870219
0.870156
0.870259
0.871054
0.870556
0.870342
0.869639
0.870254
0.870522
0.870342
0.870032
0.869900
0.870529
0.869350
0.869501
0.869700
0.869422
0.869969
0.869506
0.869714
0.869223
0.870024
0.869305
0.869380
0.869472
0.869729
0.869997
0.869652
0.869634
0.869204
0.869969
0.869727
0.869750
0.869694
0.869612
0.870318
0.869604
0.869339
0.869237
0.870301
0.870064
0.869750
0.869470
0.869404
0.870320
0.869626
0.869364
0.869247
0.870141
0.870464
0.869909
0.869958
0.869197
0.869512
0.870066
0.870135
0.870111
0.870324
0.870450
0.870020
0.869910
0.869514
0.871155
0.869886
0.870357
0.870192
0.870495
0.870609
0.870404
0.870381
0.870281
0.871403
0.870861
0.870719
0.870907
0.870481
0.871226
0.870574
0.870938
0.870733
0.871448
0.871044
0.870891
0.870751
0.870224
0.871335
0.870965
0.871072
0.869877
0.870925
0.870500
0.870184
0.870334
0.870391
0.871338
0.870663
0.870504
0.870456
0.870947
0.870798
0.870605
0.871013
0.870780
0.871542
0.871062
0.870945
0.870756
0.870633
0.871320
0.871093
0.871064
0.870705
0.871868
0.871133
0.870863
0.870899
0.871271
0.872075
0.871124
0.871069
0.870734
0.871455
0.870937
0.871221
0.871259
0.870837
0.871008
0.870851
0.870795
0.870380
0.871062
0.871017
0.870979
0.870692
0.870617
0.871657
0.871083
0.870528
0.870162
0.871592
0.869020
0.868260
0.868417
0.868114
0.868101
0.869376
0.870407
0.870253
0.871264
0.870756
0.870485
0.870571
0.871397
0.872836
0.872264
0.872073
0.871861
0.871854
0.872387
0.871846
0.871673
0.871639
0.872979
0.869694
0.870852
0.871514
0.871340
0.871869
0.871218
0.871493
0.871159
0.871954
0.871499
0.871555
0.871431
0.870853
0.871884
0.871977
0.871668
0.871531
0.872210
0.871834
0.871366
0.871477
0.871447
0.872280
0.871547
0.871817
0.871239
0.871552
0.871726
0.871654
0.871710
0.871116
0.871837
0.871597
0.871677
0.871093
0.871282
0.871791
0.870993
0.870528
0.870577
0.871784
0.871022
0.870478
0.870523
0.870740
0.871067
0.870563
0.870734
0.870749
0.871315
0.870782
0.869220
0.869830
0.868967
0.871431
0.871273
0.871367
0.870628
0.871728
0.871695
0.871301
0.871123
0.870998
0.872251
0.871552
0.871313
0.871121
0.871756
0.871525
0.871227
0.871367
0.871195
0.872027
0.871376
0.871370
0.871239
0.871208
0.871455
0.871245
0.871572
0.870848
0.871637
0.871450
0.871405
0.871172
0.871301
0.872185
0.871546
0.871415
0.871056
0.872393
0.871759
0.871507
0.871615
0.871586
0.872200
0.871631
0.871710
0.871652
0.872535
0.871645
0.872011
0.872142
0.871608
0.872385
0.872030
0.872077
0.871652
0.872062
0.872126
0.872152
0.871785
0.871520
0.872626
0.871743
0.871469
0.871636
0.872076
0.871919
0.872194
0.870110
0.870302
0.871009
0.871450
0.872006
0.871617
0.871756
0.872292
0.872208
0.872097
0.871605
0.872648
0.872236
0.872005
0.871984
0.871969
0.872925
0.872323
0.871801
0.872114
0.872951
0.872499
0.871997
0.872318
0.872051
0.872681
0.871812
0.872249
0.871900
0.872343
0.871856
0.871890
0.871647
0.871191
0.872185
0.871881
0.871578
0.871232
0.871757
0.872099
0.871834
0.871466
0.871527
0.872644
0.871999
0.871834
0.871938
0.872041
0.872165
0.871578
0.871917
0.871708
0.872549
0.871901
0.872195
0.871964
0.871426
0.872269
0.872074
0.871953
0.871257
0.872521
0.872020
0.871730
0.871451
0.871505
0.872297
0.871558
0.871702
0.869298
0.870600
0.870269
0.870799
0.871430
0.871206
0.871802
0.871233
0.871623
0.871210
0.871541
0.871240
0.871490
0.871385
0.871285
0.872545
0.872040
0.871533
0.871210
0.871706
0.872136
0.871655
0.871518
0.871548
0.872434
0.871881
0.871471
0.871691
0.871780
0.871906
0.871608
0.871834
0.871370
0.871975
0.871466
0.871615
0.871249
0.870998
0.871840
0.871529
0.871113
0.870579
0.871919
0.871333
0.871035
0.871051
0.871190
0.872116
0.871333
0.871154
0.871212
0.871838
0.871404
0.871338
0.871563
0.871227
0.871848
0.871247
0.871391
0.870944
0.871268
0.871595
0.871524
0.871270
0.871052
0.871167
0.869619
0.869031
0.870370
0.870936
0.871325
0.870820
0.870593
0.870329
0.870652
0.870301
0.869978
0.870602
0.870325
0.870632
0.869982
0.870123
0.869676
0.870507
0.870194
0.870637
0.869786
0.869648
0.870702
0.870241
0.870257
0.869513
0.870789
0.870738
0.870564
0.870230
0.870486
0.871237
0.870625
0.870574
0.870852
0.871167
0.870896
0.870584
0.870836
0.870144
0.871085
0.870594
0.870887
0.870836
0.870883
0.871001
0.870441
0.870329
0.870002
0.871372
0.870878
0.870566
0.870564
0.870631
0.870993
0.870621
0.870675
0.870969
0.871679
0.871056
0.871157
0.871083
0.870673
0.871392
0.871232
0.871280
0.870652
0.872146
0.870678
0.869440
0.868727
0.870386
0.872012
0.871629
0.871296
0.870993
0.871300
0.870932
0.870376
0.871046
0.871067
0.871627
0.870932
0.869968
0.870291
0.870355
0.870781
0.871131
0.870901
0.870366
0.871459
0.871063
0.870716
0.870352
0.871145
0.871729
0.871122
0.871056
0.871139
0.872048
0.870946
0.871167
0.871785
0.871745
0.872028
0.871866
0.871773
0.871660
0.870366
0.872030
0.872068
0.871942
0.871586
0.872555
0.871615
0.871077
0.871307
0.872784
0.872192
0.871761
0.871177
0.871149
0.871794
0.870664
0.871799
0.871651
0.871741
0.871718
0.871703
0.871445
0.870732
0.872008
0.872847
0.871792
0.869750
0.870807
0.871646
0.871743
0.870911
0.872093
0.873324
0.872303
0.871819
0.872311
0.872337
0.871494
0.871707
0.873036
0.872352
0.872676
0.872169
0.872183
0.871834
0.871060
0.873066
0.873071
0.872476
0.871378
0.872141
0.871980
0.871281
0.871532
0.872208
0.873247
0.872110
0.871665
0.871801
0.872033
0.871788
0.872899
0.872297
0.872068
0.872611
0.872111
0.872537
0.872152
0.872708
0.873833
0.873519
0.872973
0.871949
0.873441
0.872916
0.872577
0.873364
0.873642
0.874273
0.872973
0.872564
0.872725
0.873171
0.873105
0.873886
0.873829
0.873367
0.873007
0.872658
0.872822
0.872686
0.874161
0.874016
0.873953
0.873346
0.870384
0.872440
0.872491
0.873358
0.873953
0.873966
0.874324
0.873533
0.873665
0.873745
0.874442
0.874034
0.874441
0.874494
0.874401
0.874089
0.874218
0.874254
0.874062
0.875079
0.874785
0.874642
0.874131
0.874102
0.874937
0.874579
0.874279
0.874470
0.875375
0.874584
0.873984
0.873964
0.874032
0.874710
0.874071
0.874522
0.874184
0.875045
0.874090
0.874399
0.874224
0.873930
0.875329
0.873814
0.874606
0.874417
0.874978
0.875100
0.874720
0.874606
0.874543
0.875697
0.875182
0.874949
0.874764
0.875185
0.875267
0.874660
0.875458
0.875090
0.875685
0.874881
0.874782
0.874546
0.875523
0.873750
0.873408
0.872717
0.874130
0.875161
0.874863
0.874482
0.874271
0.874267
0.875186
0.874898
0.874762
0.874311
0.875541
0.874862
0.874528
0.874863
0.875100
0.875837
0.875176
0.874875
0.874733
0.875612
0.875034
0.875112
0.875318
0.875331
0.875377
0.875219
0.875248
0.874757
0.875309
0.875434
0.875195
0.875341
0.874723
0.875934
0.875220
0.874472
0.874406
0.874937
0.875350
0.874754
0.874565
0.874395
0.875252
0.874269
0.874748
0.874753
0.874866
0.875148
0.875005
0.874824
0.874258
0.875420
0.875044
0.875492
0.875187
0.875033
0.875930
0.875111
0.874678
0.874878
0.875885
0.875625
0.875255
0.875438
0.875103
0.875849
0.874384
0.873964
0.874086
0.874299
0.874338
0.874406
0.874054
0.874124
0.874308
0.873628
0.874042
0.873670
0.874025
0.874087
0.873811
0.874029
0.873918
0.874830
0.874147
0.874041
0.874087
0.873797
0.874575
0.874549
0.874581
0.874290
0.874894
0.874360
0.874319
0.874227
0.874499
0.875285
0.874954
0.874571
0.874239
0.875174
0.874650
0.874685
0.874659
0.874622
0.875267
0.874490
0.874652
0.874342
0.874878
0.874946
0.873659
0.874339
0.874165
0.875253
0.874552
0.874136
0.873974
0.874714
0.874949
0.874547
0.874276
0.874515
0.874465
0.874343
0.874531
0.874833
0.875355
0.874884
0.874927
0.874937
0.874575
0.875427
0.875194
0.875302
0.875220
0.875211
0.875826
0.875209
0.875006
0.874633
0.875843
0.875478
0.875152
0.875196
0.874822
0.875533
0.875038
0.874614
0.874537
0.875478
0.874850
0.874799
0.874800
0.874339
0.875272
0.874937
0.874695
0.874810
0.875469
0.875287
0.874903
0.874910
0.874941
0.876040
0.875606
0.875325
0.875245
0.875462
0.875370
0.875139
0.875437
0.875554
0.875909
0.875264
0.875406
0.875410
0.875543
0.875872
0.875590
0.875438
0.874960
0.876072
0.875614
0.874981
0.874861
0.874864
0.875677
0.875174
0.875115
0.874822
0.875599
0.874779
0.874716
0.875638
0.873374
0.873018
0.871977
0.872871
0.872346
0.872096
0.874646
0.875027
0.874596
0.875059
0.875568
0.874643
0.874388
0.874659
0.875279
0.876173
0.875259
0.875261
0.874835
0.876036
0.875604
0.875753
0.875570
0.875738
0.875958
0.875763
0.875327
0.875152
0.874804
0.874796
0.875005
0.874946
0.874836
0.875412
0.875027
0.874565
0.875064
0.875634
0.874353
0.874552
0.873837
0.873760
0.874853
0.874727
0.874907
0.874524
0.875009
0.874645
0.874377
0.874417
0.874429
0.875375
0.874884
0.874613
0.874693
0.874926
0.874777
0.874466
0.874618
0.874414
0.875257
0.874748
0.874633
0.874380
0.874305
0.875083
0.874448
0.874681
0.874003
0.875477
0.873935
0.875067
0.875847
0.876220
0.877027
0.876845
0.875872
0.874012
0.875773
0.874757
0.874362
0.874221
0.876066
0.877060
0.876557
0.876529
0.876346
0.877084
0.876663
0.876859
0.876908
0.876830
0.877399
0.876849
0.876685
0.876234
0.877208
0.877081
0.876753
0.876575
0.876296
0.877169
0.876361
0.876186
0.876181
0.876497
0.876850
0.876278
0.876305
0.875897
0.876802
0.876334
0.876486
0.876637
0.876619
0.876950
0.876683
0.876420
0.876167
0.877446
0.877181
0.876806
0.876564
0.876545
0.877229
0.876613
0.876849
0.876758
0.877723
0.877152
0.876907
0.876963
0.876639
0.877204
0.876727
0.876790
0.876703
0.877250
0.877057
0.876770
0.876446
0.875930
0.876834
0.876778
0.877083
0.875627
0.874814
0.874777
0.873516
0.874891
0.876141
0.877298
0.876775
0.876184
0.876557
0.876911
0.877069
0.876679
0.876824
0.876835
0.877683
0.876912
0.877057
0.876997
0.876783
0.877346
0.877115
0.877603
0.876444
0.877874
0.877178
0.876981
0.876874
0.876597
0.877527
0.877069
0.876816
0.876405
0.877284
0.876794
0.876249
0.876275
0.876278
0.877278
0.876608
0.876484
0.876318
0.876752
0.876685
0.876740
0.876970
0.876657
0.877354
0.876843
0.876924
0.876704
0.876872
0.877144
0.877145
0.876906
0.876508
0.877625
0.877246
0.876686
0.876595
0.876749
0.877550
0.877091
0.876585
0.876343
0.877238
0.876623
0.876933
0.876043
0.874727
0.875196
0.873215
0.874989
0.876039
0.876904
0.876303
0.876216
0.876248
0.876095
0.876866
0.876508
0.876267
0.876213
0.875810
0.876557
0.876601
0.876769
0.876530
0.877234
0.876369
0.876373
0.876374
0.877088
0.877070
0.876649
0.876552
0.876453
0.877303
0.876741
0.876774
0.876811
0.876928
0.876983
0.876606
0.876650
0.876223
0.877026
0.876636
0.876415
0.876270
0.875983
0.876762
0.876296
0.876103
0.875834
0.876891
0.876477
0.876185
0.876172
0.876277
0.876987
0.876361
0.876182
0.876409
0.877271
0.876876
0.876296
0.876563
0.876260
0.877104
0.876784
0.877183
0.876324
0.874670
0.875188
0.876388
0.876662
0.876374
0.877168
0.876796
0.876604
0.876220
0.876607
0.877035
0.876207
0.875825
0.875803
0.877338
0.876125
0.876083
0.876332
0.876063
0.876662
0.876051
0.876434
0.876125
0.876947
0.876263
0.876184
0.876392
0.876252
0.876982
0.876910
0.877115
0.875363
0.876962
0.876907
0.876518
0.876454
0.876560
0.877643
0.877025
0.876520
0.876407
0.877438
0.876874
0.876723
0.876216
0.875877
0.875530
0.874761
0.876327
0.876800
0.876029
0.875990
0.876372
0.876651
0.876180
0.876477
0.876275
0.876279
0.876007
0.875736
0.876947
0.876771
0.876432
0.875641
0.877222
0.876746
0.876090
0.875874
0.876679
0.876203
0.875317
0.873628
0.875309
0.875991
0.874829
0.874935
0.876857
0.877004
0.877675
0.876834
0.876719
0.876217
0.876597
0.876320
0.876822
0.876868
0.876254
0.876959
0.876510
0.876396
0.875672
0.876303
0.876825
0.876665
0.876510
0.876197
0.877261
0.876445
0.875955
0.876549
0.877066
0.877442
0.876917
0.876992
0.876818
0.877571
0.876837
0.877239
0.877520
0.877320
0.877789
0.877432
0.877432
0.876966
0.877830
0.878096
0.876413
0.877266
0.877197
0.877900
0.877287
0.877043
0.876918
0.877989
0.877990
0.876553
0.876870
0.876589
0.877449
0.876894
0.876876
0.876957
0.877544
0.877407
0.876961
0.877560
0.876223
0.875708
0.875729
0.875531
0.876430
0.876144
0.877677
0.877171
0.877097
0.877130
0.878399
0.877753
0.877971
0.877453
0.876836
0.877842
0.877556
0.877391
0.877399
0.878261
0.877690
0.877449
0.877478
0.877194
0.877971
0.877470
0.877472
0.876271
0.877666
0.877320
0.877086
0.876910
0.876828
0.877720
0.877368
0.877212
0.877027
0.877599
0.877745
0.876562
0.876965
0.876967
0.878105
0.877622
0.877492
0.877216
0.877776
0.877648
0.877284
0.877430
0.877427
0.878346
0.877830
0.877455
0.877407
0.877387
0.877590
0.877458
0.877488
0.877110
0.877954
0.877305
0.877158
0.876973
0.876664
0.877321
0.877280
0.876970
0.875622
0.875729
0.875059
0.873699
0.876072
0.876487
0.877708
0.877181
0.877066
0.876629
0.877663
0.877109
0.876929
0.877092
0.876939
0.877845
0.877233
0.877095
0.876873
0.877300
0.877428
0.877126
0.877495
0.877172
0.877873
0.877303
0.877056
0.876888
0.877284
0.877472
0.877192
0.877318
0.876727
0.877739
0.876850
0.876578
0.876690
0.876508
0.877203
0.876814
0.876817
0.876547
0.877479
0.876721
0.876490
0.876705
0.876635
0.877690
0.877197
0.877147
0.876884
0.877581
0.877279
0.877102
0.877247
0.877208
0.877952
0.877451
0.877332
0.877086
0.878330
0.877370
0.877769
0.877540
0.877086
0.878075
0.877445
0.877795
0.875826
0.876393
0.876485
0.876278
0.876914
0.876693
0.877746
0.877006
0.876866
0.876719
0.876917
0.877498
0.877083
0.877193
0.876899
0.877663
0.877296
0.877305
0.877296
0.877308
0.877747
0.877285
0.877203
0.877072
0.878006
0.877388
0.877362
0.877274
0.877126
0.877907
0.877440
0.877311
0.877131
0.877683
0.877330
0.877180
0.877153
0.877084
0.877925
0.877225
0.877018
0.876798
0.877318
0.877221
0.876967
0.876920
0.876716
0.877566
0.877062
0.876959
0.876995
0.877122
0.877509
0.877163
0.877214
0.876988
0.877939
0.877788
0.877563
0.877439
0.877467
0.878127
0.877787
0.877761
0.877936
0.878115
0.876364
0.876301
0.875513
0.876264
0.876563
0.877637
0.877852
0.877483
0.878292
0.878175
0.877904
0.877751
0.877295
0.878081
0.877655
0.877524
0.877305
0.877956
0.877884
0.877460
0.877607
0.877218
0.878317
0.878004
0.877933
0.877735
0.877986
0.878193
0.878008
0.878124
0.877661
0.878502
0.878075
0.877995
0.878012
0.878085
0.878649
0.877126
0.877539
0.877503
0.878582
0.878066
0.877723
0.877687
0.877312
0.878116
0.877740
0.877497
0.876963
0.877818
0.877149
0.877295
0.877113
0.877253
0.877801
0.877032
0.876924
0.876870
0.877621
0.877215
0.877021
0.877032
0.876781
0.877806
0.877349
0.877361
0.877650
0.876990
0.876251
0.876080
0.876416
0.875990
0.877253
0.876729
0.876771
0.876582
0.876971
0.877098
0.876622
0.876449
0.876347
0.877166
0.876775
0.876511
0.876362
0.876238
0.876821
0.876090
0.876063
0.875620
0.876520
0.876012
0.875889
0.875907
0.875857
0.876503
0.875872
0.875800
0.875635
0.876563
0.876396
0.876161
0.875942
0.875733
0.876664
0.876237
0.876132
0.875875
0.876300
0.876205
0.876049
0.876139
0.875589
0.876240
0.875774
0.875788
0.875890
0.875798
0.875976
0.875598
0.875446
0.875004
0.875955
0.875483
0.875045
0.875010
0.874981
0.875391
0.874955
0.875091
0.874878
0.875771
0.875158
0.875065
0.875075
0.875075
0.875921
0.875223
0.875482
0.875023
0.875999
0.875468
0.875485
0.875293
0.875179
0.875788
0.875133
0.875144
0.875329
0.876181
0.875038
0.874730
0.874711
0.874759
0.875783
0.874765
0.875109
0.874548
0.874487
0.874521
0.874971
0.875264
0.874240
0.874313
0.873546
0.873495
0.874485
0.874937
0.875560
0.874085
0.873421
0.873104
0.875155
0.875031
0.874849
0.874286
0.873938
0.874523
0.874724
0.874996
0.874388
0.875185
0.874320
0.874185
0.874489
0.874465
0.875466
0.874310
0.874107
0.874086
0.875131
0.874891
0.874591
0.874652
0.873794
0.874416
0.874584
0.875251
0.872438
0.872560
0.871566
0.870640
0.871570
0.871352
0.874470
0.874290
0.872873
0.874375
0.874293
0.874270
0.873924
0.874656
0.873731
0.876199
0.876204
0.876340
0.876378
0.876195
0.876055
0.876235
0.876620
0.876337
0.877279
0.876571
0.876192
0.875996
0.876489
0.877292
0.876886
0.876397
0.876017
0.877115
0.876868
0.876356
0.876518
0.876021
0.877125
0.875325
0.875836
0.875621
0.876294
0.876210
0.875720
0.875654
0.875310
0.876184
0.875556
0.875574
0.875502
0.875890
0.875401
0.875764
0.875940
0.875467
0.876697
0.876037
0.875999
0.876194
0.876144
0.876438
0.876260
0.876715
0.875739
0.877206
0.876646
0.876074
0.876158
0.876318
0.877059
0.876613
0.876484
0.875559
0.877010
0.875861
0.875391
0.874678
0.874249
0.874305
0.873871
0.874330
0.874349
0.875359
0.876180
0.875354
0.875480
0.875305
0.877370
0.875756
0.876150
0.875567
0.876009
0.876197
0.876536
0.876588
0.876263
0.876620
0.875958
0.876018
0.876587
0.876840
0.876979
0.876522
0.875888
0.876009
0.877174
0.876566
0.876425
0.876241
0.876046
0.876659
0.876198
0.876150
0.875658
0.876625
0.875840
0.875733
0.875565
0.875436
0.876154
0.875750
0.875558
0.875080
0.876120
0.876008
0.875760
0.874731
0.874447
0.874444
0.874909
0.875707
0.875676
0.876012
0.876036
0.875614
0.875793
0.875595
0.876741
0.875246
0.875579
0.875576
0.875891
0.876001
0.875955
0.875297
0.873550
0.875300
0.874239
0.875272
0.875387
0.875251
0.875960
0.875467
0.875070
0.874913
0.875719
0.875548
0.875391
0.875320
0.875000
0.875787
0.875544
0.875663
0.874994
0.875813
0.875595
0.875881
0.876302
0.875754
0.876234
0.875924
0.875760
0.875910
0.876499
0.876299
0.876122
0.875976
0.876037
0.876910
0.876248
0.875945
0.875825
0.876203
0.876493
0.876160
0.876030
0.875691
0.876416
0.875931
0.875827
0.875758
0.875967
0.875982
0.875825
0.876049
0.875729
0.876771
0.875884
0.876024
0.876436
0.876271
0.876979
0.876387
0.876473
0.876295
0.877185
0.876779
0.876509
0.876474
0.877209
0.875612
0.875776
0.874829
0.874569
0.875600
0.875863
0.875636
0.876593
0.876113
0.877653
0.877121
0.876691
0.876446
0.876557
0.877141
0.876569
0.876324
0.876209
0.876339
0.876994
0.876828
0.876372
0.876480
0.876254
0.876523
0.876753
0.876213
0.877276
0.875779
0.876833
0.877123
0.876842
0.877504
0.876421
0.876818
0.877103
0.877668
0.877374
0.875716
0.877081
0.877322
0.877939
0.877430
0.876757
0.876968
0.878129
0.877306
0.877185
0.876618
0.876895
0.878196
0.877171
0.876995
0.876101
0.877033
0.877271
0.876795
0.876884
0.876029
0.877233
0.877126
0.876878
0.876776
0.876580
0.877187
0.877573
0.876902
0.874969
0.876006
0.875223
0.875909
0.875477
0.876821
0.877438
0.876914
0.877297
0.877121
0.878044
0.876521
0.876615
0.877341
0.877493
0.877953
0.877001
0.876548
0.876757
0.877957
0.877098
0.877076
0.876299
0.876616
0.877545
0.876825
0.876679
0.875971
0.876896
0.876807
0.876804
0.876588
0.876169
0.877035
0.877005
0.876875
0.876573
0.876985
0.876679
0.877084
0.877220
0.876580
0.877495
0.876439
0.877060
0.877133
0.877243
0.877538
0.875623
0.875676
0.876122
0.876986
0.876177
0.875787
0.875524
0.875626
0.876198
0.875134
0.875173
0.873585
0.875883
0.874832
0.874768
0.875022
0.873828
0.875440
0.875015
0.875077
0.874119
0.874767
0.874255
0.874781
0.874613
0.873885
0.874169
0.874552
0.875219
0.874426
0.874493
0.873924
0.874209
0.874388
0.874720
0.875164
0.873675
0.873825
0.874458
0.876241
0.875410
0.875825
0.874546
0.875269
0.875547
0.874984
0.874231
0.873725
0.874800
0.875239
0.874318
0.873617
0.872733
0.875151
0.875541
0.874489
0.874842
0.874396
0.874798
0.875356
0.874910
0.874970
0.875750
0.874205
0.875629
0.875418
0.875698
0.876340
0.875230
0.875064
0.874973
0.875094
0.874971
0.875238
0.875542
0.875504
0.875854
0.875281
0.875132
0.875651
0.875833
0.875753
0.875416
0.875129
0.875019
0.876094
0.875362
0.875390
0.874373
0.874863
0.875305
0.874711
0.875136
0.874355
0.875514
0.874925
0.874749
0.874760
0.874858
0.875546
0.875124
0.874917
0.874701
0.875591
0.875168
0.875174
0.875011
0.874768
0.875525
0.874855
0.874938
0.874746
0.875772
0.874828
0.875031
0.874932
0.874758
0.875548
0.874819
0.874683
0.874496
0.875064
0.874951
0.874571
0.874436
0.873836
0.874832
0.873964
0.873992
0.873832
0.873968
0.874336
0.874032
0.874091
0.873678
0.874482
0.874001
0.874049
0.874065
0.874037
0.874433
0.873958
0.874130
0.873665
0.874775
0.874149
0.873796
0.874028
0.873802
0.874848
0.874180
0.873786
0.873717
0.874443
0.874324
0.874125
0.873759
0.873336
0.874385
0.873738
0.874025
0.873612
0.873843
0.872876
0.873071
0.873592
0.873458
0.873815
0.872978
0.873081
0.873465
0.874105
0.874001
0.872879
0.873245
0.873314
0.874957
0.874503
0.873742
0.872958
0.873522
0.874796
0.874638
0.874472
0.872895
0.873911
0.874477
0.874727
0.874392
0.873721
0.873586
0.874063
0.874639
0.874386
0.874830
0.873709
0.873246
0.874030
0.873950
0.874125
0.870998
0.870789
0.870263
0.871189
0.871599
0.872158
0.872703
0.872195
0.873672
0.873340
0.873935
0.871670
0.871807
0.872601
0.872653
0.873284
0.873024
0.873312
0.872887
0.872915
0.873459
0.873913
0.874148
0.873415
0.873843
0.874068
0.874397
0.874116
0.873420
0.873700
0.873864
0.874420
0.873984
0.873410
0.873128
0.874470
0.873918
0.873757
0.873307
0.872482
0.873563
0.873380
0.873346
0.873101
0.873593
0.872678
0.872236
0.873070
0.872577
0.872794
0.872561
0.872963
0.873077
0.873717
0.873520
0.872902
0.873222
0.873181
0.873957
0.873291
0.872728
0.873235
0.873120
0.873475
0.873173
0.872771
0.872487
0.873634
0.873048
0.873011
0.872555
0.872096
0.873113
0.873364
0.872273
0.871955
0.872270
0.872191
0.871881
0.872293
0.871937
0.872195
0.871541
0.871900
0.871621
0.872546
0.871624
0.871546
0.871639
0.871612
0.872371
0.871925
0.871474
0.871274
0.872145
0.871910
0.871920
0.871272
0.870992
0.871949
0.871515
0.871155
0.870877
0.871965
0.872353
0.871953
0.871860
0.871426
0.871826
0.871553
0.871770
0.871421
0.871428
0.870947
0.870416
0.870907
0.870604
0.871408
0.870453
0.870277
0.870684
0.870552
0.870982
0.870421
0.870056
0.870085
0.871204
0.870644
0.870431
0.870018
0.869807
0.870969
0.870552
0.870118
0.869612
0.870229
0.870259
0.870486
0.869932
0.869545
0.870194
0.869481
0.870047
0.869732
0.869803
0.869424
0.869110
0.869392
0.869297
0.869761
0.868929
0.868356
0.868614
0.868948
0.869068
0.868494
0.868105
0.868009
0.869290
0.868444
0.868034
0.868639
0.865636
0.866876
0.865592
0.865216
0.864725
0.865318
0.866632
0.867431
0.867560
0.868049
0.868022
0.867408
0.868510
0.868734
0.869281
0.869098
0.868955
0.868877
0.868888
0.869552
0.869006
0.868770
0.867832
0.869150
0.868952
0.869166
0.867670
0.867761
0.869083
0.868663
0.868621
0.868331
0.868900
0.868869
0.868500
0.868718
0.868561
0.869440
0.868921
0.868353
0.869204
0.869159
0.869856
0.869329
0.869029
0.868808
0.870085
0.869384
0.869290
0.869344
0.869672
0.869601
0.869420
0.869489
0.869249
0.870258
0.869746
0.869627
0.869644
0.869452
0.870281
0.870032
0.869921
0.869377
0.869954
0.869885
0.869785
0.869880
0.869747
0.870773
0.870156
0.870116
0.870304
0.870722
0.870827
0.870882
0.870056
0.870620
0.871541
0.869501
0.870302
0.870200
0.871325
0.871957
0.871721
0.871754
0.871479
0.872416
0.871825
0.871626
0.872034
0.872059
0.872651
0.872067
0.872223
0.871885
0.872714
0.872192
0.872188
0.872210
0.872198
0.872115
0.871775
0.871863
0.871935
0.872875
0.872487
0.872195
0.872225
0.871841
0.872838
0.872678
0.872428
0.872566
0.872716
0.872850
0.872939
0.872872
0.872727
0.873519
0.872892
0.872988
0.872968
0.873209
0.873590
0.873423
0.872517
0.872703
0.873962
0.873470
0.873162
0.873117
0.873145
0.873851
0.873351
0.873250
0.872796
0.873722
0.873182
0.872669
0.872810
0.872665
0.873434
0.873292
0.870998
0.871539
0.872112
0.872735
0.872640
0.872800
0.872890
0.872843
0.872841
0.872937
0.873120
0.873719
0.873532
0.873120
0.873027
0.872954
0.873961
0.873348
0.873148
0.872752
0.872592
0.873861
0.873075
0.873494
0.872559
0.872781
0.873111
0.872995
0.873033
0.872431
0.872052
0.872525
0.872726
0.872151
0.871833
0.871052
0.871781
0.872630
0.872125
0.871460
0.871471
0.871269
0.872403
0.872728
0.871724
0.872304
0.871924
0.872381
0.872368
0.871982
0.872710
0.871677
0.872919
0.871677
0.872019
0.873022
0.872157
0.872877
0.871611
0.872054
0.872890
0.872632
0.872322
0.871455
0.871766
0.872519
0.873024
0.872442
0.872056
0.869496
0.871487
0.870670
0.871773
0.872009
0.871026
0.873178
0.872202
0.871892
0.872287
0.871269
0.873198
0.872337
0.871633
0.872480
0.872508
0.873273
0.873185
0.872042
0.872927
0.873225
0.872831
0.873230
0.871983
0.873947
0.873432
0.872823
0.873510
0.872504
0.873866
0.873681
0.872587
0.873308
0.873057
0.873199
0.873748
0.872694
0.873238
0.873105
0.872458
0.873559
0.872704
0.873008
0.872989
0.872216
0.873585
0.873175
0.873386
0.873151
0.872277
0.873798
0.874002
0.873525
0.873245
0.872445
0.873612
0.874764
0.873592
0.873333
0.872517
0.873642
0.874766
0.874119
0.873637
0.872252
0.874425
0.874553
0.873986
0.874063
0.870547
0.873351
0.872603
0.873893
0.873079
0.872632
0.873626
0.873330
0.873657
0.872731
0.872969
0.873268
0.873666
0.873366
0.873222
0.872284
0.872665
0.873518
0.873316
0.873563
0.872543
0.872566
0.873455
0.873562
0.873694
0.872682
0.872409
0.872942
0.873874
0.873169
0.872666
0.872161
0.872810
0.873390
0.872862
0.872396
0.871662
0.873020
0.872545
0.872155
0.872046
0.871874
0.872586
0.872012
0.871640
0.871266
0.871869
0.871783
0.871619
0.871517
0.871143
0.871856
0.871443
0.871287
0.871273
0.871660
0.871380
0.871254
0.871273
0.870876
0.871909
0.871263
0.870923
0.870920
0.871689
0.869675
0.869629
0.869167
0.870240
0.871233
0.870596
0.870538
0.870634
0.870492
0.870856
0.870010
0.869836
0.869872
0.870478
0.870112
0.869673
0.869219
0.869195
0.869640
0.869139
0.869259
0.868644
0.869310
0.869050
0.868872
0.869061
0.868806
0.869434
0.869174
0.868707
0.868969
0.869756
0.869574
0.869343
0.869362
0.868824
0.870249
0.869696
0.869328
0.869507
0.869386
0.869852
0.869579
0.869343
0.869133
0.870074
0.869324
0.869502
0.869366
0.869237
0.870169
0.868115
0.868869
0.869151
0.869316
0.868946
0.869194
0.869132
0.869206
0.869980
0.869586
0.869582
0.869330
0.870281
0.870069
0.870093
0.870262
0.870130
0.871754
0.869861
0.869595
0.869209
0.871117
0.871306
0.871506
0.871629
0.871398
0.872480
0.872333
0.871685
0.871834
0.872617
0.872795
0.872520
0.872692
0.872574
0.873587
0.873017
0.872871
0.872847
0.873103
0.873500
0.872500
0.872665
0.872499
0.873917
0.873056
0.873179
0.873199
0.873101
0.873877
0.873343
0.873476
0.873381
0.873950
0.873783
0.873846
0.873920
0.873887
0.874701
0.873737
0.873870
0.873908
0.874789
0.874243
0.874560
0.873706
0.873416
0.874664
0.874067
0.874078
0.874026
0.874201
0.874089
0.873514
0.873507
0.873356
0.873978
0.873194
0.872340
0.872239
0.872899
0.872613
0.872676
0.871316
0.869827
0.871057
0.870546
0.871223
0.871337
0.871069
0.872151
0.870106
0.870777
0.870387
0.871277
0.870702
0.870911
0.869836
0.869817
0.870523
0.870277
0.870429
0.870103
0.870200
0.870011
0.869884
0.870271
0.869994
0.870351
0.869886
0.869829
0.869921
0.870808
0.870374
0.869941
0.870088
0.868995
0.870704
0.870457
0.870388
0.870277
0.870788
0.871125
0.870911
0.871036
0.871063
0.872024
0.871844
0.871913
0.872293
0.872657
0.873235
0.873169
0.873333
0.873230
0.874439
0.874183
0.874205
0.874491
0.874719
0.875372
0.875241
0.875494
0.875052
0.876541
0.875882
0.875811
0.875932
0.875807
0.876786
0.876364
0.876595
0.875828
0.874427
0.875375
0.875013
0.876263
0.876083
0.877020
0.876607
0.876519
0.876343
0.876938
0.877011
0.876895
0.877158
0.876744
0.877760
0.877306
0.877135
0.877180
0.877271
0.877549
0.877105
0.877005
0.876799
0.877794
0.877210
0.876916
0.876672
0.876719
0.877410
0.876661
0.876431
0.875964
0.876981
0.876540
0.876607
0.876506
0.876099
0.876693
0.876148
0.876078
0.875821
0.876654
0.876052
0.875952
0.876053
0.875803
0.876461
0.875773
0.876001
0.875845
0.876238
0.875930
0.875961
0.875907
0.876307
0.876663
0.876021
0.876111
0.876047
0.876261
0.876374
0.876204
0.876195
0.875540
0.876963
0.876213
0.875978
0.875590
0.876012
0.875691
0.874880
0.874822
0.874287
0.875545
0.875266
0.874423
0.874352
0.874268
0.875013
0.874662
0.874659
0.874318
0.875047
0.874437
0.874194
0.874625
0.874661
0.875347
0.874740
0.874887
0.874839
0.875421
0.875004
0.874468
0.874606
0.874718
0.875741
0.875232
0.874974
0.874687
0.874856
0.875050
0.874604
0.874713
0.874324
0.875488
0.874923
0.874621
0.874271
0.874286
0.874531
0.874332
0.874225
0.873917
0.874895
0.873981
0.874082
0.873923
0.873370
0.874116
0.874090
0.874296
0.873878
0.874636
0.874115
0.873528
0.872858
0.873334
0.874818
0.874339
0.873986
0.873782
0.874419
0.873452
0.871953
0.873167
0.873346
0.874340
0.873458
0.873272
0.872676
0.872121
0.872406
0.873398
0.873182
0.872321
0.872692
0.872052
0.871539
0.871319
0.872317
0.873230
0.873210
0.871569
0.870029
0.871566
0.870255
0.871381
0.872573
0.872874
0.873444
0.871976
0.870947
0.870504
0.871528
0.871832
0.872309
0.872517
0.872661
0.872983
0.871359
0.870537
0.870211
0.872173
0.872779
0.872386
0.872549
0.871956
0.872173
0.871472
0.871241
0.871625
0.872813
0.872687
0.872778
0.872754
0.871472
0.871776
0.870586
0.871612
0.872136
0.872762
0.873023
0.872597
0.871854
0.871102
0.871639
0.872626
0.870782
0.869682
0.871084
0.870375
0.869880
0.868357
0.870054
0.872288
0.872565
0.873514
0.873444
0.872576
0.872694
0.871850
0.871642
0.871666
0.874146
0.874000
0.874192
0.874246
0.873212
0.873212
0.872313
0.872596
0.873643
0.874247
0.873711
0.873421
0.872744
0.872151
0.872457
0.872093
0.872980
0.873407
0.874124
0.874307
0.873081
0.872922
0.870320
0.870596
0.871148
0.873476
0.874740
0.874067
0.873208
0.871921
0.872198
0.871762
0.873747
0.873877
0.874078
0.874296
0.872468
0.872312
0.872089
0.872362
0.872983
0.874378
0.874258
0.873990
0.872065
0.871608
0.873519
0.873179
0.873867
0.872452
0.873670
0.873743
0.871775
0.871385
0.872527
0.873733
0.873762
0.873926
0.873677
0.874754
0.872051
0.870755
0.872735
0.873553
0.875182
0.874634
0.874494
0.874558
0.873204
0.871617
0.873199
0.874277
0.874484
0.875133
0.874457
0.874556
0.872849
0.870646
0.872135
0.873954
0.876001
0.875373
0.877066
0.876730
0.875079
0.872912
0.873284
0.875333
0.876051
0.876151
0.876329
0.877113
0.875534
0.873125
0.874081
0.875025
0.876933
0.876437
0.876535
0.876416
0.876675
0.874475
0.874825
0.875770
0.876488
0.877303
0.876881
0.876979
0.875816
0.874348
0.872998
0.874753
0.876824
0.876477
0.877581
0.877125
0.876672
0.874920
0.875195
0.875839
0.876592
0.876460
0.876166
0.877157
0.876429
0.873838
0.872924
0.872834
0.874252
0.873634
0.875232
0.875754
0.876731
0.875160
0.874631
0.874921
0.875326
0.876229
0.875857
0.876189
0.875816
0.875307
0.874785
0.874632
0.875886
0.875539
0.876152
0.875944
0.875506
0.874150
0.875190
0.875063
0.875692
0.875009
0.874615
0.875880
0.874897
0.873631
0.873950
0.874473
0.874885
0.873799
0.873980
0.873852
0.874106
0.872840
0.873523
0.873870
0.873379
0.873497
0.873186
0.873603
0.872362
0.873411
0.873786
0.873333
0.873115
0.872658
0.873743
0.872979
0.871879
0.872683
0.874055
0.872734
0.872426
0.872532
0.872639
0.872903
0.871836
0.872821
0.872440
0.872033
0.872385
0.871819
0.870429
0.869439
0.870238
0.869263
0.871072
0.870607
0.871170
0.871655
0.870970
0.870450
0.870622
0.872089
0.870514
0.870185
0.870396
0.870917
0.871100
0.869871
0.870377
0.870262
0.870963
0.870603
0.870312
0.870335
0.869842
0.870247
0.870329
0.870451
0.869431
0.870386
0.870080
0.870201
0.869955
0.869438
0.870044
0.869561
0.869218
0.868925
0.869848
0.869724
0.869202
0.868679
0.868050
0.869082
0.868563
0.868450
0.868254
0.868865
0.868953
0.868499
0.868275
0.868234
0.869328
0.868688
0.868574
0.868788
0.868926
0.869198
0.868666
0.868608
0.868131
0.869178
0.868613
0.868936
0.869051
0.868573
0.869162
0.869049
0.866764
0.867375
0.868161
0.869025
0.869120
0.868914
0.868610
0.869405
0.868950
0.868796
0.868340
0.869493
0.868989
0.868930
0.868264
0.868518
0.869256
0.868636
0.868585
0.868644
0.869244
0.869053
0.868846
0.868899
0.868642
0.869498
0.868788
0.869117
0.869430
0.869607
0.869513
0.869007
0.869092
0.868925
0.870013
0.869814
0.868793
0.869273
0.869269
0.869738
0.869380
0.869130
0.868764
0.869594
0.869322
0.869225
0.868979
0.868837
0.869335
0.868603
0.868497
0.868325
0.869341
0.868852
0.868555
0.868812
0.868645
0.869390
0.868782
0.869331
0.869181
0.869821
0.869452
0.869533
0.869693
0.869099
0.870071
0.869702
0.869865
0.868136
0.868244
0.867945
0.866756
0.869020
0.868529
0.869998
0.869457
0.869353
0.869578
0.868978
0.869228
0.868799
0.868773
0.868706
0.869241
0.868489
0.868431
0.868180
0.867569
0.868322
0.867979
0.867775
0.867563
0.868435
0.867913
0.867685
0.867381
0.867304
0.868526
0.867656
0.867667
0.867764
0.868481
0.867990
0.867659
0.867631
0.867966
0.868892
0.868227
0.868465
0.868032
0.868366
0.868437
0.868107
0.868564
0.868443
0.869306
0.868599
0.868328
0.868188
0.868676
0.869172
0.868735
0.869158
0.867357
0.868602
0.868639
0.868410
0.868570
0.868878
0.869681
0.869343
0.869740
0.868276
0.868300
0.867395
0.867876
0.867311
0.868862
0.870397
0.870526
0.870190
0.869633
0.870333
0.870143
0.870320
0.870259
0.870307
0.871400
0.869904
0.870038
0.870262
0.871097
0.871052
0.870534
0.870415
0.870542
0.871328
0.870815
0.871152
0.870445
0.870908
0.870779
0.870852
0.871264
0.870640
0.871034
0.871126
0.871326
0.871332
0.871637
0.871590
0.871146
0.871628
0.870581
0.872410
0.872115
0.871466
0.871881
0.872104
0.872487
0.872350
0.872114
0.871744
0.873032
0.872480
0.872629
0.872509
0.872000
0.872747
0.872673
0.872260
0.872397
0.872985
0.872393
0.872497
0.872418
0.871722
0.872959
0.872054
0.872310
0.872009
0.870690
0.871212
0.870256
0.869064
0.871627
0.873030
0.872216
0.872474
0.872445
0.872959
0.872234
0.872325
0.872750
0.872570
0.873340
0.872894
0.873095
0.872749
0.872676
0.873158
0.872970
0.873404
0.872388
0.873552
0.873336
0.872898
0.872700
0.872909
0.873478
0.873107
0.872786
0.872515
0.873832
0.873327
0.872585
0.872654
0.872194
0.873113
0.872960
0.872925
0.872805
0.873333
0.872695
0.872670
0.873169
0.872604
0.873969
0.873217
0.873219
0.873474
0.873849
0.873958
0.873877
0.873564
0.873398
0.874953
0.874153
0.874245
0.873979
0.873708
0.874625
0.874562
0.874020
0.874651
0.875081
0.874397
0.874356
0.874516
0.872753
0.873621
0.872808
0.874443
0.873061
0.874421
0.874070
0.873967
0.874062
0.874085
0.874642
0.874377
0.874212
0.873831
0.874738
0.874689
0.875221
0.873456
0.872599
0.874821
0.874978
0.874606
0.874630
0.874875
0.874866
0.874659
0.874550
0.874656
0.875888
0.874371
0.874633
0.874711
0.874886
0.874949
0.874626
0.874503
0.874403
0.875178
0.874957
0.874975
0.874065
0.873454
0.874852
0.874398
0.874388
0.873885
0.874658
0.874306
0.873694
0.873336
0.874090
0.874705
0.873848
0.874001
0.873794
0.874528
0.873464
0.873681
0.874285
0.873593
0.874224
0.873951
0.873790
0.873185
0.872787
0.873548
0.873504
0.873545
0.873640
0.873181
0.871667
0.870383
0.870036
0.870837
0.872437
0.872102
0.872511
0.872235
0.873058
0.870764
0.871452
0.871757
0.871451
0.871982
0.871592
0.871157
0.870216
0.871184
0.870925
0.870941
0.870913
0.870546
0.871422
0.870730
0.870181
0.870262
0.870984
0.870439
0.870489
0.870588
0.870283
0.871058
0.870264
0.870480
0.870639
0.871270
0.871049
0.870970
0.870483
0.870730
0.871927
0.871060
0.871168
0.870869
0.871409
0.871962
0.871444
0.871249
0.871533
0.871642
0.871940
0.871871
0.871875
0.872127
0.872248
0.871997
0.872640
0.872140
0.873262
0.872338
0.872217
0.873019
0.873547
0.874419
0.872979
0.872037
0.871589
0.873363
0.873560
0.873269
0.873730
0.872852
0.873320
0.873935
0.874026
0.873361
0.874329
0.873373
0.873398
0.873916
0.873681
0.874309
0.873919
0.873382
0.873349
0.874236
0.874032
0.873762
0.873765
0.873173
0.874795
0.874436
0.873652
0.873355
0.873889
0.874388
0.874798
0.874292
0.874209
0.875047
0.873629
0.873697
0.874870
0.874801
0.875066
0.874676
0.874606
0.874409
0.875253
0.874053
0.874926
0.874674
0.874735
0.876114
0.875303
0.874372
0.874528
0.875184
0.875723
0.875567
0.875232
0.874895
0.875483
0.875000
0.875415
0.875601
0.875469
0.874465
0.874574
0.874817
0.874832
0.875615
0.875412
0.876109
0.875502
0.876361
0.876779
0.876500
0.876738
0.876316
0.877534
0.877304
0.876929
0.876380
0.876880
0.877648
0.877561
0.877524
0.877056
0.878023
0.877380
0.876890
0.877578
0.877338
0.878050
0.877510
0.877394
0.876896
0.877740
0.877168
0.876629
0.876018
0.876631
0.877955
0.877168
0.876998
0.876758
0.877299
0.877094
0.877507
0.877081
0.877134
0.877400
0.876510
0.877103
0.876524
0.876771
0.877250
0.876871
0.876698
0.877044
0.877265
0.876678
0.877050
0.876022
0.877279
0.877541
0.876492
0.877050
0.876370
0.877099
0.877600
0.876504
0.876461
0.877483
0.875325
0.874850
0.873845
0.872687
0.874152
0.872954
0.875710
0.876660
0.875711
0.877457
0.876295
0.876151
0.875989
0.876698
0.876548
0.876310
0.877841
0.878333
0.879315
0.878213
0.878710
0.878587
0.879132
0.879490
0.878859
0.879067
0.879044
0.879007
0.879292
0.879186
0.879266
0.879557
0.879707
0.879087
0.878890
0.878617
0.879640
0.879027
0.879187
0.877910
0.878081
0.878883
0.878497
0.878735
0.878283
0.879046
0.878607
0.878537
0.878620
0.878643
0.879391
0.878921
0.878439
0.878940
0.880015
0.879415
0.879158
0.879000
0.878870
0.879831
0.879335
0.879446
0.879041
0.879772
0.878747
0.878825
0.879034
0.878857
0.879584
0.879031
0.879046
0.878945
0.879138
0.879109
0.878659
0.878970
0.878367
0.877519
0.877052
0.877176
0.876373
0.876457
0.877792
0.878049
0.878040
0.877622
0.878873
0.878383
0.878534
0.877151
0.877503
0.878520
0.878274
0.877528
0.877171
0.878320
0.877824
0.877647
0.878074
0.877899
0.878350
0.876285
0.875531
0.877079
0.878215
0.878286
0.877489
0.876875
0.876507
0.876555
0.876044
0.876370
0.876390
0.876494
0.875935
0.876378
0.876108
0.874844
0.875420
0.875209
0.875762
0.875846
0.875805
0.875980
0.875338
0.874548
0.874438
0.876130
0.875539
0.875038
0.874474
0.874128
0.874736
0.873760
0.873420
0.873065
0.873774
0.872970
0.872493
0.872515
0.871868
0.871829
0.870950
0.871554
0.871841
0.871069
0.869900
0.869623
0.870877
0.869930
0.871181
0.871347
0.871497
0.871396
0.872069
0.872279
0.872104
0.871332
0.872132
0.873919
0.873369
0.873160
0.872931
0.873482
0.873252
0.873008
0.874485
0.874630
0.875232
0.873693
0.873809
0.873629
0.873660
0.874589
0.874927
0.875036
0.873690
0.874253
0.874393
0.873736
0.873301
0.873437
0.874408
0.873754
0.872823
0.872594
0.873648
0.872707
0.872161
0.871869
0.871871
0.872494
0.871661
0.871234
0.871098
0.871972
0.871504
0.871211
0.871368
0.871423
0.872352
0.871803
0.872042
0.872381
0.872287
0.872512
0.872836
0.872873
0.872305
0.873541
0.873424
0.871764
0.870863
0.871544
0.871845
0.872134
0.872824
0.873201
0.875105
0.874127
0.873240
0.873339
0.873609
0.874007
0.873113
0.873614
0.873739
0.874276
0.873790
0.873135
0.873816
0.872939
0.874012
0.873865
0.874079
0.873754
0.874267
0.874093
0.874028
0.873777
0.873870
0.874704
0.874426
0.874600
0.874131
0.874650
0.874742
0.874406
0.874155
0.874431
0.875177
0.874994
0.873533
0.874246
0.874607
0.874664
0.873947
0.874202
0.873871
0.874680
0.874093
0.874078
0.873799
0.873559
0.873863
0.873911
0.873916
0.873448
0.874072
0.873727
0.873461
0.873651
0.873562
0.874636
0.874217
0.873864
0.874124
0.873837
0.872576
0.871518
0.872945
0.872999
0.872954
0.873452
0.873833
0.873803
0.874392
0.874080
0.874131
0.873815
0.873563
0.874255
0.873860
0.874004
0.873449
0.873582
0.873737
0.873470
0.873551
0.872918
0.873801
0.873163
0.872787
0.872688
0.873137
0.873565
0.873148
0.872776
0.872514
0.873491
0.873074
0.872803
0.872885
0.872846
0.873494
0.873089
0.873145
0.872867
0.873638
0.872966
0.872998
0.873309
0.873074
0.873398
0.872991
0.872867
0.872651
0.873513
0.873455
0.872511
0.871862
0.871313
0.872576
0.872126
0.871359
0.871555
0.872077
0.871983
0.871274
0.870427
0.870310
0.870604
0.869681
0.869709
0.870045
0.870296
0.870695
0.870100
0.869818
0.869665
0.870897
0.869997
0.870478
0.870314
0.870104
0.871173
0.870691
0.870332
0.871094
0.871431
0.871563
0.871018
0.870954
0.870591
0.871525
0.871428
0.871130
0.871111
0.871238
0.869985
0.872309
0.871341
0.872497
0.873268
0.871258
0.871219
0.871183
0.871194
0.870982
0.870829
0.870554
0.870684
0.871724
0.870209
0.870408
0.871840
0.871611
0.872518
0.872301
0.870228
0.871361
0.872558
0.872719
0.872310
0.870992
0.871273
0.872403
0.872032
0.872403
0.871685
0.872174
0.870902
0.870515
0.870870
0.870723
0.871731
0.871128
0.871217
0.870988
0.871496
0.871032
0.870851
0.870541
0.870431
0.870772
0.870417
0.870131
0.869512
0.870616
0.870572
0.870059
0.869936
0.869673
0.870646
0.870125
0.869879
0.869886
0.870476
0.870463
0.870325
0.870413
0.870464
0.871128
0.870301
0.870434
0.870833
0.870934
0.871231
0.871087
0.870677
0.870426
0.871463
0.871165
0.871021
0.870718
0.870754
0.871508
0.871256
0.870963
0.870399
0.871482
0.871217
0.870214
0.870693
0.870614
0.871577
0.870303
0.870573
0.870861
0.871739
0.871171
0.870904
0.870911
0.870970
0.871470
0.870976
0.871260
0.871155
0.871564
0.871643
0.871384
0.871318
0.870849
0.871544
0.871556
0.871586
0.871193
0.871246
0.871846
0.871199
0.871272
0.870733
0.871727
0.871134
0.870879
0.871119
0.871122
0.871392
0.870706
0.869977
0.870366
0.871660
0.870899
0.870680
0.870523
0.870159
0.871105
0.870292
0.870810
0.870790
0.871121
0.871003
0.871119
0.870992
0.870758
0.870801
0.870426
0.870976
0.870628
0.871311
0.870999
0.869759
0.870001
0.870259
0.871195
0.870979
0.870113
0.869531
0.870563
0.870538
0.869935
0.869963
0.869052
0.870152
0.869892
0.869691
0.869772
0.868807
0.867930
0.868567
0.869628
0.867758
0.867726
0.866451
0.865311
0.866076
0.867790
0.869287
0.869201
0.867960
0.867819
0.870640
0.868574
0.868469
0.867813
0.867526
0.869045
0.868481
0.868447
0.868484
0.869130
0.868972
0.868790
0.869078
0.869334
0.870139
0.868706
0.869373
0.869370
0.869485
0.869488
0.868514
0.868579
0.869240
0.869671
0.868820
0.869030
0.867711
0.868400
0.868832
0.868695
0.868962
0.868346
0.869042
0.869160
0.867859
0.868699
0.868105
0.868505
0.868961
0.868366
0.868395
0.869395
0.868127
0.868397
0.867964
0.867946
0.869069
0.868711
0.868060
0.868120
0.868857
0.868160
0.868024
0.867465
0.867954
0.868069
0.868054
0.867976
0.867562
0.867552
0.867314
0.866469
0.866862
0.867072
0.867848
0.866882
0.866598
0.867007
0.865941
0.866053
0.864985
0.864518
0.864844
0.866452
0.865446
0.864894
0.864170
0.863661
0.864806
0.864581
0.865238
0.864059
0.865336
0.864864
0.864826
0.864877
0.864287
0.865706
0.865703
0.866073
0.865252
0.865844
0.865360
0.865754
0.865473
0.865608
0.866073
0.865453
0.865466
0.865541
0.866216
0.865475
0.864931
0.865783
0.866328
0.867364
0.866491
0.865910
0.866243
0.867356
0.867557
0.866973
0.867154
0.867373
0.868943
0.868701
0.868514
0.867975
0.867742
0.869197
0.869359
0.869671
0.869622
0.870421
0.869002
0.868347
0.869248
0.870113
0.870851
0.870434
0.870127
0.869946
0.870950
0.870166
0.869762
0.870090
0.869839
0.870737
0.870154
0.870143
0.869950
0.870289
0.870155
0.870439
0.870510
0.870364
0.870850
0.870226
0.869714
0.870616
0.869339
0.868596
0.868347
0.868309
0.867548
0.870430
0.870461
0.870422
0.870700
0.871198
0.872102
0.871300
0.871124
0.872302
0.873349
0.872620
0.872907
0.872991
0.872841
0.873530
0.872990
0.872847
0.872647
0.872582
0.872539
0.872875
0.872924
0.872799
0.873511
0.872241
0.872708
0.872562
0.873695
0.873255
0.873056
0.873233
0.871918
0.873936
0.872940
0.873390
0.872793
0.873291
0.873120
0.872769
0.872617
0.872480
0.873202
0.872890
0.872293
0.872235
0.872729
0.872883
0.872469
0.872349
0.871694
0.872765
0.872310
0.872246
0.872226
0.872211
0.872413
0.871294
0.871636
0.871670
0.872769
0.872184
0.872084
0.871777
0.871535
0.872548
0.872254
0.872419
0.872456
0.872834
0.871512
0.872053
0.872327
0.872604
0.873806
0.871872
0.871322
0.870543
0.872747
0.872819
0.873106
0.872887
0.872614
0.873485
0.873139
0.872760
0.872533
0.873286
0.873275
0.872788
0.872576
0.872661
0.873218
0.872487
0.872138
0.872183
0.872339
0.872936
0.872356
0.872169
0.871869
0.872791
0.872127
0.872106
0.872309
0.872166
0.872707
0.872269
0.872433
0.871846
0.872789
0.872272
0.872061
0.871975
0.871692
0.872456
0.872087
0.871800
0.871686
0.872216
0.872121
0.871760
0.871734
0.871517
0.872590
0.871825
0.871754
0.871622
0.872207
0.872067
0.871686
0.871565
0.871373
0.872180
0.871630
0.871486
0.871557
0.872111
0.871953
0.871788
0.871814
0.871596
0.872459
0.872456
0.871428
0.870187
0.870707
0.872343
0.872581
0.872435
0.872501
0.873373
0.872580
0.872442
0.872325
0.872195
0.873252
0.872502
0.872738
0.871429
0.872803
0.872126
0.872178
0.872208
0.872007
0.872708
0.871678
0.871509
0.871455
0.872389
0.871949
0.871760
0.871236
0.871162
0.872136
0.871779
0.871841
0.871699
0.871931
0.872031
0.871897
0.872075
0.872217
0.873140
0.872421
0.872242
0.871987
0.872149
0.872908
0.872600
0.872565
0.871929
0.872753
0.872406
0.872710
0.872368
0.872337
0.872913
0.872589
0.871786
0.871348
0.871545
0.871335
0.872263
0.872015
0.871881
0.872841
0.872005
0.872338
0.871978
0.870950
0.871176
0.870387
0.871899
0.871982
0.872729
0.872046
0.871893
0.872083
0.871863
0.872166
0.872366
0.872582
0.872487
0.872717
0.872290
0.872477
0.872226
0.872380
0.872635
0.872239
0.872259
0.871987
0.872986
0.872318
0.871938
0.871797
0.871807
0.872591
0.872079
0.871841
0.871755
0.872527
0.871926
0.871046
0.871197
0.871579
0.872422
0.871791
0.871586
0.871315
0.871961
0.871718
0.871583
0.871801
0.871599
0.872250
0.871822
0.871732
0.871474
0.872170
0.872017
0.871721
0.871974
0.871626
0.872550
0.871837
0.871619
0.871709
0.872109
0.872462
0.871999
0.871727
0.871639
0.872521
0.871785
0.871831
0.871915
0.872427
0.871099
0.870403
0.870141
0.871065
0.872524
0.872028
0.872511
0.872062
0.871875
0.872580
0.872381
0.872074
0.871639
0.872735
0.872453
0.872286
0.872456
0.872313
0.873336
0.872362
0.872177
0.872290
0.873265
0.872749
0.872678
0.872686
0.872915
0.873447
0.873289
0.872247
0.872634
0.873090
0.873265
0.873132
0.873267
0.872548
0.873468
0.873124
0.872985
0.872556
0.872701
0.873275
0.873142
0.872651
0.872229
0.873637
0.872816
0.872781
0.872782
0.873124
0.873892
0.872689
0.872650
0.873180
0.873658
0.873083
0.873107
0.873416
0.873222
0.873823
0.871624
0.873082
0.872520
0.873438
0.873823
0.871941
0.871447
0.870603
0.872810
0.873829
0.872710
0.872288
0.872754
0.873317
0.872877
0.872074
0.871572
0.873446
0.872508
0.872161
0.871843
0.872802
0.872889
0.871796
0.871982
0.872775
0.873287
0.872396
0.872094
0.873020
0.872881
0.872985
0.872494
0.873578
0.872910
0.873536
0.872774
0.873231
0.873357
0.872823
0.873590
0.874085
0.873818
0.873149
0.873312
0.873797
0.873819
0.873344
0.872838
0.874554
0.873588
0.873539
0.872787
0.873669
0.873608
0.872988
0.872762
0.873418
0.874094
0.873224
0.872652
0.873453
0.872461
0.873154
0.872845
0.873827
0.873488
0.874522
0.872769
0.873795
0.873778
0.874106
0.873855
0.874670
0.873078
0.871971
0.872334
0.873285
0.873882
0.874107
0.873120
0.874502
0.874059
0.873981
0.873206
0.874258
0.873868
0.873712
0.873374
0.873945
0.874587
0.873725
0.873084
0.872677
0.873976
0.873691
0.873199
0.873593
0.873278
0.873834
0.873044
0.873122
0.873173
0.873776
0.873687
0.873158
0.873106
0.873126
0.873863
0.873621
0.873615
0.873642
0.873834
0.874309
0.873853
0.873625
0.873112
0.874254
0.873621
0.873533
0.873713
0.873745
0.874254
0.873360
0.873156
0.873057
0.874137
0.873413
0.873436
0.873281
0.872998
0.873165
0.873025
0.872930
0.873111
0.873445
0.873334
0.873044
0.873362
0.872658
0.871624
0.871979
0.872056
0.872766
0.873896
0.873609
0.873172
0.872877
0.872791
0.873911
0.873211
0.873335
0.873398
0.873599
0.873592
0.872884
0.873305
0.872884
0.873739
0.873116
0.872967
0.873048
0.872678
0.873473
0.872938
0.872805
0.872480
0.873455
0.872662
0.872440
0.872252
0.872416
0.873168
0.872382
0.872378
0.872483
0.873150
0.872605
0.872359
0.872542
0.872288
0.873095
0.872775
0.872972
0.872614
0.872977
0.872877
0.872818
0.872769
0.872347
0.873484
0.872989
0.872694
0.872367
0.873298
0.872822
0.872917
0.872651
0.872400
0.873426
0.872588
0.872357
0.872379
0.872430
0.872479
0.871837
0.872104
0.872048
0.872655
0.869935
0.870613
0.870767
0.871540
0.872356
0.872075
0.871984
0.871745
0.872492
0.872061
0.872039
0.871848
0.871720
0.872633
0.871764
0.871598
0.871379
0.872064
0.871860
0.871465
0.871687
0.871466
0.871939
0.871248
0.871256
0.870909
0.871432
0.871200
0.870962
0.870878
0.870596
0.871189
0.870460
0.870070
0.869948
0.870273
0.870468
0.869967
0.869795
0.869437
0.870401
0.869864
0.869640
0.869615
0.869591
0.870166
0.869632
0.869376
0.869483
0.870053
0.869913
0.869636
0.869860
0.869626
0.870079
0.869440
0.869545
0.869197
0.870118
0.869808
0.869764
0.869606
0.869263
0.870005
0.869324
0.869362
0.869110
0.870212
0.869498
0.868127
0.868023
0.867357
0.868617
0.868189
0.868263
0.868191
0.868641
0.868804
0.868349
0.868186
0.867931
0.868997
0.868562
0.868632
0.868723
0.868835
0.869288
0.868523
0.868508
0.868282
0.869325
0.868829
0.868783
0.868911
0.868630
0.869132
0.868501
0.868634
0.868246
0.869161
0.868703
0.868598
0.868589
0.868188
0.868911
0.868412
0.868071
0.867807
0.868759
0.867660
0.868009
0.867731
0.867733
0.868592
0.867741
0.867895
0.867752
0.868345
0.868328
0.867795
0.867816
0.867582
0.868719
0.868253
0.868266
0.868171
0.868409
0.868564
0.868229
0.868316
0.867921
0.869048
0.868353
0.868435
0.868683
0.868569
0.868447
0.868390
0.868114
0.867982
0.868924
0.868526
0.868803
0.868604
0.868148
0.869013
0.868092
0.867881
0.867895
0.868892
0.868713
0.868543
0.868450
0.868364
0.869223
0.868615
0.868641
0.868733
0.869759
0.869006
0.869278
0.869367
0.869251
0.869930
0.869463
0.869727
0.869737
0.870109
0.870211
0.869828
0.870163
0.869678
0.870666
0.870414
0.870546
0.870426
0.870267
0.870582
0.870256
0.870355
0.870001
0.871101
0.870273
0.870484
0.869377
0.869268
0.870506
0.870184
0.869930
0.869754
0.870814
0.870417
0.869995
0.869828
0.869835
0.870861
0.870456
0.870540
0.870575
0.872055
0.869025
0.867980
0.868233
0.868233
0.868860
0.869316
0.870674
0.870917
0.871102
0.871046
0.870922
0.870848
0.870125
0.871415
0.870677
0.871382
0.871084
0.871195
0.871723
0.871328
0.871178
0.870890
0.871022
0.871146
0.870695
0.870531
0.870832
0.871290
0.870585
0.870504
0.869980
0.871779
0.871121
0.870149
0.870329
0.870628
0.871270
0.870964
0.870496
0.868881
0.870168
0.869597
0.870267
0.869889
0.868901
0.869678
0.869746
0.870291
0.869951
0.869887
0.869651
0.869549
0.869643
0.868912
0.870067
0.869280
0.869305
0.869252
0.869792
0.869878
0.869039
0.868101
0.868079
0.869566
0.869235
0.869268
0.868599
0.869697
0.869542
0.868230
0.868641
0.869106
0.868539
0.869662
0.870188
0.871231
0.871116
0.869176
0.869490
0.869147
0.869551
0.870292
0.870467
0.870975
0.870816
0.870329
0.871084
0.870733
0.870533
0.870608
0.871251
0.870932
0.871189
0.869121
0.869681
0.871091
0.870504
0.870246
0.869913
0.870683
0.870833
0.870180
0.870087
0.870408
0.871001
0.869331
0.869294
0.868729
0.870432
0.870805
0.870408
0.870593
0.870405
0.871450
0.870717
0.870653
0.870507
0.870144
0.871043
0.871027
0.870944
0.870199
0.871093
0.870741
0.870616
0.870617
0.870079
0.870979
0.870269
0.870333
0.869911
0.870212
0.867994
0.868058
0.868879
0.868895
0.869709
0.869166
0.869031
0.868773
0.869184
0.868721
0.868068
0.868765
0.867672
0.866967
0.866715
0.865842
0.865704
0.866547
0.867400
0.867330
0.867772
0.865267
0.866758
0.866687
0.866802
0.866336
0.865958
0.865945
0.865948
0.865344
0.865848
0.866432
0.865688
0.865241
0.864841
0.864875
0.866147
0.865163
0.864843
0.864455
0.865355
0.864663
0.864607
0.864816
0.864414
0.865347
0.864843
0.864860
0.864778
0.866033
0.865354
0.865619
0.865760
0.865818
0.866759
0.866516
0.866926
0.866243
0.866485
0.867013
0.867066
0.866849
0.866552
0.867627
0.867857
0.866671
0.866296
0.866902
0.867988
0.866901
0.866206
0.866314
0.868476
0.866737
0.866144
0.866237
0.866669
0.866829
0.866114
0.867121
0.866241
0.865240
0.863789
0.863643
0.865560
0.866482
0.867148
0.867105
0.868108
0.866719
0.866523
0.866452
0.868010
0.867710
0.866887
0.868637
0.868750
0.868697
0.866865
0.866911
0.868076
0.867869
0.867689
0.868344
0.869500
0.869051
0.868065
0.866461
0.867803
0.868618
0.868171
0.868567
0.868250
0.869133
0.867916
0.867065
0.867652
0.868175
0.868544
0.868189
0.868291
0.868225
0.869198
0.868214
0.867808
0.868556
0.868438
0.869318
0.868765
0.869089
0.868728
0.869225
0.868726
0.868820
0.869088
0.868809
0.869483
0.868902
0.869092
0.868555
0.869099
0.869119
0.869006
0.868673
0.868555
0.869420
0.869442
0.868470
0.866525
0.866997
0.868182
0.868195
0.868007
0.868209
0.868840
0.868791
0.868042
0.867756
0.868056
0.868757
0.868251
0.868448
0.867944
0.868914
0.868036
0.867868
0.868101
0.868546
0.869172
0.868248
0.868102
0.868095
0.869073
0.868635
0.868487
0.868448
0.868168
0.868842
0.868652
0.868021
0.868000
0.868540
0.868270
0.868078
0.868300
0.868099
0.868914
0.868175
0.868155
0.867318
0.867724
0.868033
0.868035
0.868047
0.867565
0.868389
0.868005
0.867651
0.867921
0.868265
0.868528
0.868164
0.868015
0.867661
0.868930
0.868603
0.868064
0.868022
0.868005
0.868688
0.868413
0.868138
0.868133
0.868829
0.868226
0.868273
0.868792
0.866573
0.867179
0.866201
0.865837
0.866736
0.868712
0.868383
0.868144
0.867852
0.867720
0.868309
0.867731
0.867691
0.867460
0.868238
0.868286
0.867957
0.867737
0.867624
0.868556
0.868095
0.868213
0.867968
0.868238
0.868644
0.868330
0.868323
0.868137
0.869050
0.868344
0.868472
0.868625
0.868663
0.869381
0.868612
0.868333
0.868158
0.869377
0.868697
0.868756
0.868645
0.868237
0.868897
0.868677
0.868378
0.868108
0.868914
0.868253
0.868154
0.868313
0.867839
0.868590
0.868204
0.868132
0.867981
0.868855
0.869008
0.866892
0.867980
0.868343
0.868611
0.869055
0.868646
0.868797
0.869029
0.869048
0.869264
0.867739
0.866888
0.867373
0.866905
0.867344
0.868297
0.868880
0.869051
0.868620
0.868698
0.868662
0.869805
0.869123
0.868791
0.868787
0.868572
0.869319
0.868808
0.868112
0.868304
0.869185
0.868872
0.868778
0.868710
0.868339
0.869225
0.868754
0.868825
0.868711
0.869513
0.868886
0.868840
0.868853
0.868890
0.869750
0.869384
0.869330
0.869142
0.869536
0.869532
0.869064
0.869188
0.869184
0.870073
0.869303
0.869195
0.869169
0.869257
0.869681
0.869249
0.869251
0.868806
0.869711
0.869162
0.869069
0.868821
0.868621
0.869080
0.868837
0.869122
0.868804
0.869637
